"dataset_id","scientific_name","common_name","site_name","colony_name","lat_colony","lon_colony","device","bird_id","track_id","original_track_id","age","sex","breed_stage","breed_status","date_gmt","time_gmt","latitude","longitude","argos_quality","equinox"
1387,"Diomedea exulans","Wandering Albatross","South Georgia (Islas Georgias del Sur)","Bird Island (SGSSI (IGSISS))",-54,-38.03,"GPS",5097229,82198,"EOMN0040_20090509150300","adult","male","post-guard","breeding","2009-05-15","06:03:00",-53.77678,-40.03534,NA,NA
1387,"Diomedea exulans","Wandering Albatross","South Georgia (Islas Georgias del Sur)","Bird Island (SGSSI (IGSISS))",-54,-38.03,"GPS",5097229,82198,"EOMN0040_20090509150300","adult","male","post-guard","breeding","2009-05-13","03:07:00",-53.25231,-54.31745,NA,NA
1387,"Diomedea exulans","Wandering Albatross","South Georgia (Islas Georgias del Sur)","Bird Island (SGSSI (IGSISS))",-54,-38.03,"GPS",5097229,82198,"EOMN0040_20090509150300","adult","male","post-guard","breeding","2009-05-10","20:48:00",-53.20239,-42.14438,NA,NA
1387,"Diomedea exulans","Wandering Albatross","South Georgia (Islas Georgias del Sur)","Bird Island (SGSSI (IGSISS))",-54,-38.03,"GPS",5097229,82198,"EOMN0040_20090509150300","adult","male","post-guard","breeding","2009-05-09","23:31:00",-53.6464,-40.9963,NA,NA
1387,"Diomedea exulans","Wandering Albatross","South Georgia (Islas Georgias del Sur)","Bird Island (SGSSI (IGSISS))",-54,-38.03,"GPS",5097229,82198,"EOMN0040_20090509150300","adult","male","post-guard","breeding","2009-05-14","20:11:00",-53.76038,-41.01416,NA,NA
1387,"Diomedea exulans","Wandering Albatross","South Georgia (Islas Georgias del Sur)","Bird Island (SGSSI (IGSISS))",-54,-38.03,"GPS",5097229,82198,"EOMN0040_20090509150300","adult","male","post-guard","breeding","2009-05-13","23:40:00",-54.41264,-55.08385,NA,NA
1387,"Diomedea exulans","Wandering Albatross","South Georgia (Islas Georgias del Sur)","Bird Island (SGSSI (IGSISS))",-54,-38.03,"GPS",5097229,82198,"EOMN0040_20090509150300","adult","male","post-guard","breeding","2009-05-13","04:34:00",-53.71101,-55.14433,NA,NA
1387,"Diomedea exulans","Wandering Albatross","South Georgia (Islas Georgias del Sur)","Bird Island (SGSSI (IGSISS))",-54,-38.03,"GPS",5097229,82198,"EOMN0040_20090509150300","adult","male","post-guard","breeding","2009-05-12","16:50:00",-52.88795,-53.54408,NA,NA
1387,"Diomedea exulans","Wandering Albatross","South Georgia (Islas Georgias del Sur)","Bird Island (SGSSI (IGSISS))",-54,-38.03,"GPS",5097229,82198,"EOMN0040_20090509150300","adult","male","post-guard","breeding","2009-05-14","18:29:00",-53.82712,-42.47684,NA,NA
1387,"Diomedea exulans","Wandering Albatross","South Georgia (Islas Georgias del Sur)","Bird Island (SGSSI (IGSISS))",-54,-38.03,"GPS",5097229,82198,"EOMN0040_20090509150300","adult","male","post-guard","breeding","2009-05-10","09:31:00",-53.83683,-40.58393,NA,NA
1387,"Diomedea exulans","Wandering Albatross","South Georgia (Islas Georgias del Sur)","Bird Island (SGSSI (IGSISS))",-54,-38.03,"GPS",5097229,82198,"EOMN0040_20090509150300","adult","male","post-guard","breeding","2009-05-12","18:56:00",-53.28148,-54.29293,NA,NA
1387,"Diomedea exulans","Wandering Albatross","South Georgia (Islas Georgias del Sur)","Bird Island (SGSSI (IGSISS))",-54,-38.03,"GPS",5097229,82198,"EOMN0040_20090509150300","adult","male","post-guard","breeding","2009-05-11","15:48:00",-50.49456,-49.53878,NA,NA
1387,"Diomedea exulans","Wandering Albatross","South Georgia (Islas Georgias del Sur)","Bird Island (SGSSI (IGSISS))",-54,-38.03,"GPS",5097229,82198,"EOMN0040_20090509150300","adult","male","post-guard","breeding","2009-05-11","18:12:00",-50.48132,-49.56061,NA,NA
1387,"Diomedea exulans","Wandering Albatross","South Georgia (Islas Georgias del Sur)","Bird Island (SGSSI (IGSISS))",-54,-38.03,"GPS",5097229,82198,"EOMN0040_20090509150300","adult","male","post-guard","breeding","2009-05-11","13:04:00",-50.7208,-49.07312,NA,NA
1387,"Diomedea exulans","Wandering Albatross","South Georgia (Islas Georgias del Sur)","Bird Island (SGSSI (IGSISS))",-54,-38.03,"GPS",5097229,82198,"EOMN0040_20090509150300","adult","male","post-guard","breeding","2009-05-14","04:50:00",-54.90967,-52.50382,NA,NA
1387,"Diomedea exulans","Wandering Albatross","South Georgia (Islas Georgias del Sur)","Bird Island (SGSSI (IGSISS))",-54,-38.03,"GPS",5097229,82198,"EOMN0040_20090509150300","adult","male","post-guard","breeding","2009-05-14","05:52:00",-54.97441,-52.06874,NA,NA
1387,"Diomedea exulans","Wandering Albatross","South Georgia (Islas Georgias del Sur)","Bird Island (SGSSI (IGSISS))",-54,-38.03,"GPS",5097229,82198,"EOMN0040_20090509150300","adult","male","post-guard","breeding","2009-05-14","07:35:00",-54.94808,-52.06638,NA,NA
1387,"Diomedea exulans","Wandering Albatross","South Georgia (Islas Georgias del Sur)","Bird Island (SGSSI (IGSISS))",-54,-38.03,"GPS",5097229,82198,"EOMN0040_20090509150300","adult","male","post-guard","breeding","2009-05-14","13:03:00",-54.98297,-47.65607,NA,NA
1387,"Diomedea exulans","Wandering Albatross","South Georgia (Islas Georgias del Sur)","Bird Island (SGSSI (IGSISS))",-54,-38.03,"GPS",5097229,82198,"EOMN0040_20090509150300","adult","male","post-guard","breeding","2009-05-11","02:23:00",-53.25495,-42.98894,NA,NA
1387,"Diomedea exulans","Wandering Albatross","South Georgia (Islas Georgias del Sur)","Bird Island (SGSSI (IGSISS))",-54,-38.03,"GPS",5097229,82198,"EOMN0040_20090509150300","adult","male","post-guard","breeding","2009-05-09","18:40:00",-53.65699,-38.96985,NA,NA
1387,"Diomedea exulans","Wandering Albatross","South Georgia (Islas Georgias del Sur)","Bird Island (SGSSI (IGSISS))",-54,-38.03,"GPS",5097229,82198,"EOMN0040_20090509150300","adult","male","post-guard","breeding","2009-05-09","19:44:00",-53.7188,-40.13416,NA,NA
1387,"Diomedea exulans","Wandering Albatross","South Georgia (Islas Georgias del Sur)","Bird Island (SGSSI (IGSISS))",-54,-38.03,"GPS",5097229,82198,"EOMN0040_20090509150300","adult","male","post-guard","breeding","2009-05-10","11:53:00",-53.64981,-40.55237,NA,NA
1387,"Diomedea exulans","Wandering Albatross","South Georgia (Islas Georgias del Sur)","Bird Island (SGSSI (IGSISS))",-54,-38.03,"GPS",5097229,82198,"EOMN0040_20090509150300","adult","male","post-guard","breeding","2009-05-14","02:48:00",-54.54563,-54.58626,NA,NA
1387,"Diomedea exulans","Wandering Albatross","South Georgia (Islas Georgias del Sur)","Bird Island (SGSSI (IGSISS))",-54,-38.03,"GPS",5097229,82198,"EOMN0040_20090509150300","adult","male","post-guard","breeding","2009-05-10","21:50:00",-53.47857,-42.29918,NA,NA
1387,"Diomedea exulans","Wandering Albatross","South Georgia (Islas Georgias del Sur)","Bird Island (SGSSI (IGSISS))",-54,-38.03,"GPS",5097229,82198,"EOMN0040_20090509150300","adult","male","post-guard","breeding","2009-05-10","11:13:00",-53.77835,-40.58094,NA,NA
1387,"Diomedea exulans","Wandering Albatross","South Georgia (Islas Georgias del Sur)","Bird Island (SGSSI (IGSISS))",-54,-38.03,"GPS",5097229,82198,"EOMN0040_20090509150300","adult","male","post-guard","breeding","2009-05-09","20:27:00",-53.67869,-40.73581,NA,NA
1387,"Diomedea exulans","Wandering Albatross","South Georgia (Islas Georgias del Sur)","Bird Island (SGSSI (IGSISS))",-54,-38.03,"GPS",5097229,82198,"EOMN0040_20090509150300","adult","male","post-guard","breeding","2009-05-12","21:20:00",-53.2243,-54.38182,NA,NA
1387,"Diomedea exulans","Wandering Albatross","South Georgia (Islas Georgias del Sur)","Bird Island (SGSSI (IGSISS))",-54,-38.03,"GPS",5097229,82198,"EOMN0040_20090509150300","adult","male","post-guard","breeding","2009-05-13","12:05:00",-54.48641,-55.07006,NA,NA
1387,"Diomedea exulans","Wandering Albatross","South Georgia (Islas Georgias del Sur)","Bird Island (SGSSI (IGSISS))",-54,-38.03,"GPS",5097229,82198,"EOMN0040_20090509150300","adult","male","post-guard","breeding","2009-05-11","16:08:00",-50.49265,-49.54337,NA,NA
1387,"Diomedea exulans","Wandering Albatross","South Georgia (Islas Georgias del Sur)","Bird Island (SGSSI (IGSISS))",-54,-38.03,"GPS",5097229,82198,"EOMN0040_20090509150300","adult","male","post-guard","breeding","2009-05-12","04:03:00",-50.38503,-49.63611,NA,NA
1387,"Diomedea exulans","Wandering Albatross","South Georgia (Islas Georgias del Sur)","Bird Island (SGSSI (IGSISS))",-54,-38.03,"GPS",5097229,82198,"EOMN0040_20090509150300","adult","male","post-guard","breeding","2009-05-11","10:20:00",-51.26013,-48.06061,NA,NA
1387,"Diomedea exulans","Wandering Albatross","South Georgia (Islas Georgias del Sur)","Bird Island (SGSSI (IGSISS))",-54,-38.03,"GPS",5097229,82198,"EOMN0040_20090509150300","adult","male","post-guard","breeding","2009-05-14","08:16:00",-54.94709,-51.9254,NA,NA
1387,"Diomedea exulans","Wandering Albatross","South Georgia (Islas Georgias del Sur)","Bird Island (SGSSI (IGSISS))",-54,-38.03,"GPS",5097229,82198,"EOMN0040_20090509150300","adult","male","post-guard","breeding","2009-05-14","18:50:00",-53.75148,-42.16506,NA,NA
1387,"Diomedea exulans","Wandering Albatross","South Georgia (Islas Georgias del Sur)","Bird Island (SGSSI (IGSISS))",-54,-38.03,"GPS",5097229,82198,"EOMN0040_20090509150300","adult","male","post-guard","breeding","2009-05-14","15:26:00",-54.22647,-45.68987,NA,NA
1387,"Diomedea exulans","Wandering Albatross","South Georgia (Islas Georgias del Sur)","Bird Island (SGSSI (IGSISS))",-54,-38.03,"GPS",5097229,82198,"EOMN0040_20090509150300","adult","male","post-guard","breeding","2009-05-10","00:12:00",-53.65296,-40.99062,NA,NA
1387,"Diomedea exulans","Wandering Albatross","South Georgia (Islas Georgias del Sur)","Bird Island (SGSSI (IGSISS))",-54,-38.03,"GPS",5097229,82198,"EOMN0040_20090509150300","adult","male","post-guard","breeding","2009-05-10","02:17:00",-53.60206,-40.81809,NA,NA
1387,"Diomedea exulans","Wandering Albatross","South Georgia (Islas Georgias del Sur)","Bird Island (SGSSI (IGSISS))",-54,-38.03,"GPS",5097229,82198,"EOMN0040_20090509150300","adult","male","post-guard","breeding","2009-05-13","10:02:00",-54.46761,-55.01498,NA,NA
1387,"Diomedea exulans","Wandering Albatross","South Georgia (Islas Georgias del Sur)","Bird Island (SGSSI (IGSISS))",-54,-38.03,"GPS",5097229,82198,"EOMN0040_20090509150300","adult","male","post-guard","breeding","2009-05-11","20:14:00",-50.46597,-49.56343,NA,NA
1387,"Diomedea exulans","Wandering Albatross","South Georgia (Islas Georgias del Sur)","Bird Island (SGSSI (IGSISS))",-54,-38.03,"GPS",5097229,82198,"EOMN0040_20090509150300","adult","male","post-guard","breeding","2009-05-15","04:20:00",-53.71682,-40.89193,NA,NA
1387,"Diomedea exulans","Wandering Albatross","South Georgia (Islas Georgias del Sur)","Bird Island (SGSSI (IGSISS))",-54,-38.03,"GPS",5097229,82198,"EOMN0040_20090509150300","adult","male","post-guard","breeding","2009-05-10","04:45:00",-53.65828,-40.88691,NA,NA
1387,"Diomedea exulans","Wandering Albatross","South Georgia (Islas Georgias del Sur)","Bird Island (SGSSI (IGSISS))",-54,-38.03,"GPS",5097229,82198,"EOMN0040_20090509150300","adult","male","post-guard","breeding","2009-05-10","03:00:00",-53.76663,-41.20081,NA,NA
1387,"Diomedea exulans","Wandering Albatross","South Georgia (Islas Georgias del Sur)","Bird Island (SGSSI (IGSISS))",-54,-38.03,"GPS",5097229,82198,"EOMN0040_20090509150300","adult","male","post-guard","breeding","2009-05-13","07:59:00",-54.41974,-55.31261,NA,NA
1387,"Diomedea exulans","Wandering Albatross","South Georgia (Islas Georgias del Sur)","Bird Island (SGSSI (IGSISS))",-54,-38.03,"GPS",5097229,82198,"EOMN0040_20090509150300","adult","male","post-guard","breeding","2009-05-13","04:09:00",-53.56449,-54.94617,NA,NA
1387,"Diomedea exulans","Wandering Albatross","South Georgia (Islas Georgias del Sur)","Bird Island (SGSSI (IGSISS))",-54,-38.03,"GPS",5097229,82198,"EOMN0040_20090509150300","adult","male","post-guard","breeding","2009-05-12","08:07:00",-50.24771,-50.12954,NA,NA
1387,"Diomedea exulans","Wandering Albatross","South Georgia (Islas Georgias del Sur)","Bird Island (SGSSI (IGSISS))",-54,-38.03,"GPS",5097229,82198,"EOMN0040_20090509150300","adult","male","post-guard","breeding","2009-05-12","12:03:00",-51.11375,-51.57333,NA,NA
1387,"Diomedea exulans","Wandering Albatross","South Georgia (Islas Georgias del Sur)","Bird Island (SGSSI (IGSISS))",-54,-38.03,"GPS",5097229,82198,"EOMN0040_20090509150300","adult","male","post-guard","breeding","2009-05-13","22:19:00",-54.42692,-55.11429,NA,NA
1387,"Diomedea exulans","Wandering Albatross","South Georgia (Islas Georgias del Sur)","Bird Island (SGSSI (IGSISS))",-54,-38.03,"GPS",5097229,82198,"EOMN0040_20090509150300","adult","male","post-guard","breeding","2009-05-14","01:47:00",-54.38091,-55.0409,NA,NA
1387,"Diomedea exulans","Wandering Albatross","South Georgia (Islas Georgias del Sur)","Bird Island (SGSSI (IGSISS))",-54,-38.03,"GPS",5097229,82198,"EOMN0040_20090509150300","adult","male","post-guard","breeding","2009-05-12","15:48:00",-52.48182,-53.2697,NA,NA
1387,"Diomedea exulans","Wandering Albatross","South Georgia (Islas Georgias del Sur)","Bird Island (SGSSI (IGSISS))",-54,-38.03,"GPS",5097229,82198,"EOMN0040_20090509150300","adult","male","post-guard","breeding","2009-05-11","04:05:00",-52.84991,-43.88491,NA,NA
1387,"Diomedea exulans","Wandering Albatross","South Georgia (Islas Georgias del Sur)","Bird Island (SGSSI (IGSISS))",-54,-38.03,"GPS",5097229,82198,"EOMN0040_20090509150300","adult","male","post-guard","breeding","2009-05-10","23:36:00",-53.21745,-42.67984,NA,NA
1387,"Diomedea exulans","Wandering Albatross","South Georgia (Islas Georgias del Sur)","Bird Island (SGSSI (IGSISS))",-54,-38.03,"GPS",5097229,82198,"EOMN0040_20090509150300","adult","male","post-guard","breeding","2009-05-15","00:16:00",-53.73683,-40.88119,NA,NA
1387,"Diomedea exulans","Wandering Albatross","South Georgia (Islas Georgias del Sur)","Bird Island (SGSSI (IGSISS))",-54,-38.03,"GPS",5097229,82198,"EOMN0040_20090509150300","adult","male","post-guard","breeding","2009-05-13","18:34:00",-54.45166,-55.18479,NA,NA
1387,"Diomedea exulans","Wandering Albatross","South Georgia (Islas Georgias del Sur)","Bird Island (SGSSI (IGSISS))",-54,-38.03,"GPS",5097229,82198,"EOMN0040_20090509150300","adult","male","post-guard","breeding","2009-05-14","02:28:00",-54.45282,-54.84983,NA,NA
1387,"Diomedea exulans","Wandering Albatross","South Georgia (Islas Georgias del Sur)","Bird Island (SGSSI (IGSISS))",-54,-38.03,"GPS",5097229,82198,"EOMN0040_20090509150300","adult","male","post-guard","breeding","2009-05-11","21:57:00",-50.44942,-49.56422,NA,NA
1387,"Diomedea exulans","Wandering Albatross","South Georgia (Islas Georgias del Sur)","Bird Island (SGSSI (IGSISS))",-54,-38.03,"GPS",5097229,82198,"EOMN0040_20090509150300","adult","male","post-guard","breeding","2009-05-12","06:46:00",-50.25949,-50.13925,NA,NA
1387,"Diomedea exulans","Wandering Albatross","South Georgia (Islas Georgias del Sur)","Bird Island (SGSSI (IGSISS))",-54,-38.03,"GPS",5097229,82198,"EOMN0040_20090509150300","adult","male","post-guard","breeding","2009-05-12","13:04:00",-51.48711,-52.16169,NA,NA
1387,"Diomedea exulans","Wandering Albatross","South Georgia (Islas Georgias del Sur)","Bird Island (SGSSI (IGSISS))",-54,-38.03,"GPS",5097229,82198,"EOMN0040_20090509150300","adult","male","post-guard","breeding","2009-05-14","10:21:00",-55.16991,-50.47742,NA,NA
1387,"Diomedea exulans","Wandering Albatross","South Georgia (Islas Georgias del Sur)","Bird Island (SGSSI (IGSISS))",-54,-38.03,"GPS",5097229,82198,"EOMN0040_20090509150300","adult","male","post-guard","breeding","2009-05-10","23:13:00",-53.20842,-42.67138,NA,NA
1387,"Diomedea exulans","Wandering Albatross","South Georgia (Islas Georgias del Sur)","Bird Island (SGSSI (IGSISS))",-54,-38.03,"GPS",5097229,82198,"EOMN0040_20090509150300","adult","male","post-guard","breeding","2009-05-09","16:57:00",-53.47911,-37.72425,NA,NA
1387,"Diomedea exulans","Wandering Albatross","South Georgia (Islas Georgias del Sur)","Bird Island (SGSSI (IGSISS))",-54,-38.03,"GPS",5097229,82198,"EOMN0040_20090509150300","adult","male","post-guard","breeding","2009-05-15","07:45:00",-53.89984,-38.77672,NA,NA
1387,"Diomedea exulans","Wandering Albatross","South Georgia (Islas Georgias del Sur)","Bird Island (SGSSI (IGSISS))",-54,-38.03,"GPS",5097229,82198,"EOMN0040_20090509150300","adult","male","post-guard","breeding","2009-05-09","20:47:00",-53.63681,-40.99228,NA,NA
1387,"Diomedea exulans","Wandering Albatross","South Georgia (Islas Georgias del Sur)","Bird Island (SGSSI (IGSISS))",-54,-38.03,"GPS",5097229,82198,"EOMN0040_20090509150300","adult","male","post-guard","breeding","2009-05-13","06:16:00",-54.02458,-55.36674,NA,NA
1387,"Diomedea exulans","Wandering Albatross","South Georgia (Islas Georgias del Sur)","Bird Island (SGSSI (IGSISS))",-54,-38.03,"GPS",5097229,82198,"EOMN0040_20090509150300","adult","male","post-guard","breeding","2009-05-11","18:32:00",-50.47938,-49.56147,NA,NA
1387,"Diomedea exulans","Wandering Albatross","South Georgia (Islas Georgias del Sur)","Bird Island (SGSSI (IGSISS))",-54,-38.03,"GPS",5097229,82198,"EOMN0040_20090509150300","adult","male","post-guard","breeding","2009-05-12","12:44:00",-51.36851,-51.95085,NA,NA
1387,"Diomedea exulans","Wandering Albatross","South Georgia (Islas Georgias del Sur)","Bird Island (SGSSI (IGSISS))",-54,-38.03,"GPS",5097229,82198,"EOMN0040_20090509150300","adult","male","post-guard","breeding","2009-05-14","17:49:00",-54.00489,-43.03576,NA,NA
1387,"Diomedea exulans","Wandering Albatross","South Georgia (Islas Georgias del Sur)","Bird Island (SGSSI (IGSISS))",-54,-38.03,"GPS",5097229,82198,"EOMN0040_20090509150300","adult","male","post-guard","breeding","2009-05-14","20:32:00",-53.76202,-40.84075,NA,NA
1387,"Diomedea exulans","Wandering Albatross","South Georgia (Islas Georgias del Sur)","Bird Island (SGSSI (IGSISS))",-54,-38.03,"GPS",5097229,82198,"EOMN0040_20090509150300","adult","male","post-guard","breeding","2009-05-10","17:04:00",-53.53509,-41.28722,NA,NA
1387,"Diomedea exulans","Wandering Albatross","South Georgia (Islas Georgias del Sur)","Bird Island (SGSSI (IGSISS))",-54,-38.03,"GPS",5097229,82198,"EOMN0040_20090509150300","adult","male","post-guard","breeding","2009-05-14","19:11:00",-53.72483,-41.8451,NA,NA
1387,"Diomedea exulans","Wandering Albatross","South Georgia (Islas Georgias del Sur)","Bird Island (SGSSI (IGSISS))",-54,-38.03,"GPS",5097229,82198,"EOMN0040_20090509150300","adult","male","post-guard","breeding","2009-05-13","11:03:00",-54.45491,-54.98935,NA,NA
1387,"Diomedea exulans","Wandering Albatross","South Georgia (Islas Georgias del Sur)","Bird Island (SGSSI (IGSISS))",-54,-38.03,"GPS",5097229,82198,"EOMN0040_20090509150300","adult","male","post-guard","breeding","2009-05-11","20:56:00",-50.45958,-49.56385,NA,NA
1387,"Diomedea exulans","Wandering Albatross","South Georgia (Islas Georgias del Sur)","Bird Island (SGSSI (IGSISS))",-54,-38.03,"GPS",5097229,82198,"EOMN0040_20090509150300","adult","male","post-guard","breeding","2009-05-11","11:41:00",-51.02042,-48.78229,NA,NA
1387,"Diomedea exulans","Wandering Albatross","South Georgia (Islas Georgias del Sur)","Bird Island (SGSSI (IGSISS))",-54,-38.03,"GPS",5097229,82198,"EOMN0040_20090509150300","adult","male","post-guard","breeding","2009-05-14","03:49:00",-54.75888,-53.57135,NA,NA
1387,"Diomedea exulans","Wandering Albatross","South Georgia (Islas Georgias del Sur)","Bird Island (SGSSI (IGSISS))",-54,-38.03,"GPS",5097229,82198,"EOMN0040_20090509150300","adult","male","post-guard","breeding","2009-05-14","05:32:00",-54.9801,-52.07039,NA,NA
1387,"Diomedea exulans","Wandering Albatross","South Georgia (Islas Georgias del Sur)","Bird Island (SGSSI (IGSISS))",-54,-38.03,"GPS",5097229,82198,"EOMN0040_20090509150300","adult","male","post-guard","breeding","2009-05-10","05:06:00",-53.76996,-40.92191,NA,NA
1387,"Diomedea exulans","Wandering Albatross","South Georgia (Islas Georgias del Sur)","Bird Island (SGSSI (IGSISS))",-54,-38.03,"GPS",5097229,82198,"EOMN0040_20090509150300","adult","male","post-guard","breeding","2009-05-12","22:22:00",-53.2226,-54.36889,NA,NA
1387,"Diomedea exulans","Wandering Albatross","South Georgia (Islas Georgias del Sur)","Bird Island (SGSSI (IGSISS))",-54,-38.03,"GPS",5097229,82198,"EOMN0040_20090509150300","adult","male","post-guard","breeding","2009-05-12","05:04:00",-50.21437,-49.9363,NA,NA
1387,"Diomedea exulans","Wandering Albatross","South Georgia (Islas Georgias del Sur)","Bird Island (SGSSI (IGSISS))",-54,-38.03,"GPS",5097229,82198,"EOMN0040_20090509150300","adult","male","post-guard","breeding","2009-05-12","09:56:00",-50.5213,-50.43331,NA,NA
1387,"Diomedea exulans","Wandering Albatross","South Georgia (Islas Georgias del Sur)","Bird Island (SGSSI (IGSISS))",-54,-38.03,"GPS",5097229,82198,"EOMN0040_20090509150300","adult","male","post-guard","breeding","2009-05-12","11:43:00",-51.0119,-51.39311,NA,NA
1387,"Diomedea exulans","Wandering Albatross","South Georgia (Islas Georgias del Sur)","Bird Island (SGSSI (IGSISS))",-54,-38.03,"GPS",5097229,82198,"EOMN0040_20090509150300","adult","male","post-guard","breeding","2009-05-14","14:04:00",-54.43173,-46.88998,NA,NA
1387,"Diomedea exulans","Wandering Albatross","South Georgia (Islas Georgias del Sur)","Bird Island (SGSSI (IGSISS))",-54,-38.03,"GPS",5097229,82198,"EOMN0040_20090509150300","adult","male","post-guard","breeding","2009-05-14","19:31:00",-53.71746,-41.54447,NA,NA
1387,"Diomedea exulans","Wandering Albatross","South Georgia (Islas Georgias del Sur)","Bird Island (SGSSI (IGSISS))",-54,-38.03,"GPS",5097229,82198,"EOMN0040_20090509150300","adult","male","post-guard","breeding","2009-05-13","02:27:00",-53.23674,-54.31388,NA,NA
1387,"Diomedea exulans","Wandering Albatross","South Georgia (Islas Georgias del Sur)","Bird Island (SGSSI (IGSISS))",-54,-38.03,"GPS",5097229,82198,"EOMN0040_20090509150300","adult","male","post-guard","breeding","2009-05-13","17:10:00",-54.46353,-55.19909,NA,NA
1387,"Diomedea exulans","Wandering Albatross","South Georgia (Islas Georgias del Sur)","Bird Island (SGSSI (IGSISS))",-54,-38.03,"GPS",5097229,82198,"EOMN0040_20090509150300","adult","male","post-guard","breeding","2009-05-15","07:04:00",-53.85515,-39.2937,NA,NA
1387,"Diomedea exulans","Wandering Albatross","South Georgia (Islas Georgias del Sur)","Bird Island (SGSSI (IGSISS))",-54,-38.03,"GPS",5097229,82198,"EOMN0040_20090509150300","adult","male","post-guard","breeding","2009-05-14","23:35:00",-53.74033,-40.87638,NA,NA
1387,"Diomedea exulans","Wandering Albatross","South Georgia (Islas Georgias del Sur)","Bird Island (SGSSI (IGSISS))",-54,-38.03,"GPS",5097229,82198,"EOMN0040_20090509150300","adult","male","post-guard","breeding","2009-05-10","20:07:00",-53.32479,-41.97631,NA,NA
1387,"Diomedea exulans","Wandering Albatross","South Georgia (Islas Georgias del Sur)","Bird Island (SGSSI (IGSISS))",-54,-38.03,"GPS",5097229,82198,"EOMN0040_20090509150300","adult","male","post-guard","breeding","2009-05-10","16:22:00",-53.5594,-41.12086,NA,NA
1387,"Diomedea exulans","Wandering Albatross","South Georgia (Islas Georgias del Sur)","Bird Island (SGSSI (IGSISS))",-54,-38.03,"GPS",5097229,82198,"EOMN0040_20090509150300","adult","male","post-guard","breeding","2009-05-12","17:55:00",-53.30646,-53.89072,NA,NA
1387,"Diomedea exulans","Wandering Albatross","South Georgia (Islas Georgias del Sur)","Bird Island (SGSSI (IGSISS))",-54,-38.03,"GPS",5097229,82198,"EOMN0040_20090509150300","adult","male","post-guard","breeding","2009-05-13","20:38:00",-54.43824,-55.15053,NA,NA
1387,"Diomedea exulans","Wandering Albatross","South Georgia (Islas Georgias del Sur)","Bird Island (SGSSI (IGSISS))",-54,-38.03,"GPS",5097229,82198,"EOMN0040_20090509150300","adult","male","post-guard","breeding","2009-05-13","06:56:00",-54.22685,-55.49873,NA,NA
1387,"Diomedea exulans","Wandering Albatross","South Georgia (Islas Georgias del Sur)","Bird Island (SGSSI (IGSISS))",-54,-38.03,"GPS",5097229,82198,"EOMN0040_20090509150300","adult","male","post-guard","breeding","2009-05-12","05:45:00",-50.27204,-50.14915,NA,NA
1387,"Diomedea exulans","Wandering Albatross","South Georgia (Islas Georgias del Sur)","Bird Island (SGSSI (IGSISS))",-54,-38.03,"GPS",5097229,82198,"EOMN0040_20090509150300","adult","male","post-guard","breeding","2009-05-10","10:53:00",-53.81017,-40.56345,NA,NA
1387,"Diomedea exulans","Wandering Albatross","South Georgia (Islas Georgias del Sur)","Bird Island (SGSSI (IGSISS))",-54,-38.03,"GPS",5097229,82198,"EOMN0040_20090509150300","adult","male","post-guard","breeding","2009-05-09","23:10:00",-53.66178,-41.00239,NA,NA
1387,"Diomedea exulans","Wandering Albatross","South Georgia (Islas Georgias del Sur)","Bird Island (SGSSI (IGSISS))",-54,-38.03,"GPS",5097229,82198,"EOMN0040_20090509150300","adult","male","post-guard","breeding","2009-05-13","01:06:00",-53.23781,-54.33954,NA,NA
1387,"Diomedea exulans","Wandering Albatross","South Georgia (Islas Georgias del Sur)","Bird Island (SGSSI (IGSISS))",-54,-38.03,"GPS",5097229,82198,"EOMN0040_20090509150300","adult","male","post-guard","breeding","2009-05-09","17:59:00",-53.66751,-38.37789,NA,NA
1387,"Diomedea exulans","Wandering Albatross","South Georgia (Islas Georgias del Sur)","Bird Island (SGSSI (IGSISS))",-54,-38.03,"GPS",5097229,82198,"EOMN0040_20090509150300","adult","male","post-guard","breeding","2009-05-15","05:02:00",-53.75878,-40.69976,NA,NA
1387,"Diomedea exulans","Wandering Albatross","South Georgia (Islas Georgias del Sur)","Bird Island (SGSSI (IGSISS))",-54,-38.03,"GPS",5097229,82198,"EOMN0040_20090509150300","adult","male","post-guard","breeding","2009-05-10","19:26:00",-53.36591,-41.79331,NA,NA
1387,"Diomedea exulans","Wandering Albatross","South Georgia (Islas Georgias del Sur)","Bird Island (SGSSI (IGSISS))",-54,-38.03,"GPS",5097229,82198,"EOMN0040_20090509150300","adult","male","post-guard","breeding","2009-05-13","02:47:00",-53.23591,-54.30819,NA,NA
1387,"Diomedea exulans","Wandering Albatross","South Georgia (Islas Georgias del Sur)","Bird Island (SGSSI (IGSISS))",-54,-38.03,"GPS",5097229,82198,"EOMN0040_20090509150300","adult","male","post-guard","breeding","2009-05-13","16:30:00",-54.46563,-55.20054,NA,NA
1387,"Diomedea exulans","Wandering Albatross","South Georgia (Islas Georgias del Sur)","Bird Island (SGSSI (IGSISS))",-54,-38.03,"GPS",5097229,82198,"EOMN0040_20090509150300","adult","male","post-guard","breeding","2009-05-13","19:57:00",-54.44253,-55.16341,NA,NA
1387,"Diomedea exulans","Wandering Albatross","South Georgia (Islas Georgias del Sur)","Bird Island (SGSSI (IGSISS))",-54,-38.03,"GPS",5097229,82198,"EOMN0040_20090509150300","adult","male","post-guard","breeding","2009-05-12","09:15:00",-50.29527,-50.17897,NA,NA
1387,"Diomedea exulans","Wandering Albatross","South Georgia (Islas Georgias del Sur)","Bird Island (SGSSI (IGSISS))",-54,-38.03,"GPS",5097229,82198,"EOMN0040_20090509150300","adult","male","post-guard","breeding","2009-05-14","11:01:00",-55.23772,-49.80958,NA,NA
1387,"Diomedea exulans","Wandering Albatross","South Georgia (Islas Georgias del Sur)","Bird Island (SGSSI (IGSISS))",-54,-38.03,"GPS",5097229,82198,"EOMN0040_20090509150300","adult","male","post-guard","breeding","2009-05-09","19:02:00",-53.68876,-39.34661,NA,NA
1387,"Diomedea exulans","Wandering Albatross","South Georgia (Islas Georgias del Sur)","Bird Island (SGSSI (IGSISS))",-54,-38.03,"GPS",5097229,82198,"EOMN0040_20090509150300","adult","male","post-guard","breeding","2009-05-15","02:18:00",-53.72699,-40.88947,NA,NA
1387,"Diomedea exulans","Wandering Albatross","South Georgia (Islas Georgias del Sur)","Bird Island (SGSSI (IGSISS))",-54,-38.03,"GPS",5097229,82198,"EOMN0040_20090509150300","adult","male","post-guard","breeding","2009-05-15","04:41:00",-53.71731,-40.88922,NA,NA
1387,"Diomedea exulans","Wandering Albatross","South Georgia (Islas Georgias del Sur)","Bird Island (SGSSI (IGSISS))",-54,-38.03,"GPS",5097229,82198,"EOMN0040_20090509150300","adult","male","post-guard","breeding","2009-05-15","05:22:00",-53.82194,-40.54764,NA,NA
1387,"Diomedea exulans","Wandering Albatross","South Georgia (Islas Georgias del Sur)","Bird Island (SGSSI (IGSISS))",-54,-38.03,"GPS",5097229,82198,"EOMN0040_20090509150300","adult","male","post-guard","breeding","2009-05-10","12:14:00",-53.66418,-40.55712,NA,NA
1387,"Diomedea exulans","Wandering Albatross","South Georgia (Islas Georgias del Sur)","Bird Island (SGSSI (IGSISS))",-54,-38.03,"GPS",5097229,82198,"EOMN0040_20090509150300","adult","male","post-guard","breeding","2009-05-10","18:45:00",-53.34212,-41.616,NA,NA
1387,"Diomedea exulans","Wandering Albatross","South Georgia (Islas Georgias del Sur)","Bird Island (SGSSI (IGSISS))",-54,-38.03,"GPS",5097229,82198,"EOMN0040_20090509150300","adult","male","post-guard","breeding","2009-05-10","04:24:00",-53.57594,-40.77217,NA,NA
1387,"Diomedea exulans","Wandering Albatross","South Georgia (Islas Georgias del Sur)","Bird Island (SGSSI (IGSISS))",-54,-38.03,"GPS",5097229,82198,"EOMN0040_20090509150300","adult","male","post-guard","breeding","2009-05-13","17:32:00",-54.46075,-55.19546,NA,NA
1387,"Diomedea exulans","Wandering Albatross","South Georgia (Islas Georgias del Sur)","Bird Island (SGSSI (IGSISS))",-54,-38.03,"GPS",5097229,82198,"EOMN0040_20090509150300","adult","male","post-guard","breeding","2009-05-13","04:54:00",-53.74955,-55.17635,NA,NA
1387,"Diomedea exulans","Wandering Albatross","South Georgia (Islas Georgias del Sur)","Bird Island (SGSSI (IGSISS))",-54,-38.03,"GPS",5097229,82198,"EOMN0040_20090509150300","adult","male","post-guard","breeding","2009-05-14","16:48:00",-54.15888,-44.1105,NA,NA
1387,"Diomedea exulans","Wandering Albatross","South Georgia (Islas Georgias del Sur)","Bird Island (SGSSI (IGSISS))",-54,-38.03,"GPS",5097229,82198,"EOMN0040_20090509150300","adult","male","post-guard","breeding","2009-05-15","01:37:00",-53.73011,-40.88752,NA,NA
1387,"Diomedea exulans","Wandering Albatross","South Georgia (Islas Georgias del Sur)","Bird Island (SGSSI (IGSISS))",-54,-38.03,"GPS",5097229,82198,"EOMN0040_20090509150300","adult","male","post-guard","breeding","2009-05-13","01:46:00",-53.23325,-54.32402,NA,NA
1387,"Diomedea exulans","Wandering Albatross","South Georgia (Islas Georgias del Sur)","Bird Island (SGSSI (IGSISS))",-54,-38.03,"GPS",5097229,82198,"EOMN0040_20090509150300","adult","male","post-guard","breeding","2009-05-13","14:07:00",-54.46915,-55.0404,NA,NA
1387,"Diomedea exulans","Wandering Albatross","South Georgia (Islas Georgias del Sur)","Bird Island (SGSSI (IGSISS))",-54,-38.03,"GPS",5097229,82198,"EOMN0040_20090509150300","adult","male","post-guard","breeding","2009-05-13","18:55:00",-54.44872,-55.17961,NA,NA
1387,"Diomedea exulans","Wandering Albatross","South Georgia (Islas Georgias del Sur)","Bird Island (SGSSI (IGSISS))",-54,-38.03,"GPS",5097229,82198,"EOMN0040_20090509150300","adult","male","post-guard","breeding","2009-05-13","20:58:00",-54.4362,-55.14327,NA,NA
1387,"Diomedea exulans","Wandering Albatross","South Georgia (Islas Georgias del Sur)","Bird Island (SGSSI (IGSISS))",-54,-38.03,"GPS",5097229,82198,"EOMN0040_20090509150300","adult","male","post-guard","breeding","2009-05-11","21:36:00",-50.45299,-49.56414,NA,NA
1387,"Diomedea exulans","Wandering Albatross","South Georgia (Islas Georgias del Sur)","Bird Island (SGSSI (IGSISS))",-54,-38.03,"GPS",5097229,82198,"EOMN0040_20090509150300","adult","male","post-guard","breeding","2009-05-11","06:10:00",-52.28479,-45.26453,NA,NA
1387,"Diomedea exulans","Wandering Albatross","South Georgia (Islas Georgias del Sur)","Bird Island (SGSSI (IGSISS))",-54,-38.03,"GPS",5097229,82198,"EOMN0040_20090509150300","adult","male","post-guard","breeding","2009-05-10","14:17:00",-53.65327,-40.7277,NA,NA
1387,"Diomedea exulans","Wandering Albatross","South Georgia (Islas Georgias del Sur)","Bird Island (SGSSI (IGSISS))",-54,-38.03,"GPS",5097229,82198,"EOMN0040_20090509150300","adult","male","post-guard","breeding","2009-05-13","17:52:00",-54.45777,-55.19227,NA,NA
1387,"Diomedea exulans","Wandering Albatross","South Georgia (Islas Georgias del Sur)","Bird Island (SGSSI (IGSISS))",-54,-38.03,"GPS",5097229,82198,"EOMN0040_20090509150300","adult","male","post-guard","breeding","2009-05-13","18:14:00",-54.45479,-55.18854,NA,NA
1387,"Diomedea exulans","Wandering Albatross","South Georgia (Islas Georgias del Sur)","Bird Island (SGSSI (IGSISS))",-54,-38.03,"GPS",5097229,82198,"EOMN0040_20090509150300","adult","male","post-guard","breeding","2009-05-14","04:09:00",-54.81994,-53.22266,NA,NA
1387,"Diomedea exulans","Wandering Albatross","South Georgia (Islas Georgias del Sur)","Bird Island (SGSSI (IGSISS))",-54,-38.03,"GPS",5097229,82198,"EOMN0040_20090509150300","adult","male","post-guard","breeding","2009-05-14","07:15:00",-54.95261,-52.0667,NA,NA
1387,"Diomedea exulans","Wandering Albatross","South Georgia (Islas Georgias del Sur)","Bird Island (SGSSI (IGSISS))",-54,-38.03,"GPS",5097229,82198,"EOMN0040_20090509150300","adult","male","post-guard","breeding","2009-05-10","23:56:00",-53.21496,-42.67412,NA,NA
1387,"Diomedea exulans","Wandering Albatross","South Georgia (Islas Georgias del Sur)","Bird Island (SGSSI (IGSISS))",-54,-38.03,"GPS",5097229,82198,"EOMN0040_20090509150300","adult","male","post-guard","breeding","2009-05-10","07:08:00",-53.80226,-40.69894,NA,NA
1387,"Diomedea exulans","Wandering Albatross","South Georgia (Islas Georgias del Sur)","Bird Island (SGSSI (IGSISS))",-54,-38.03,"GPS",5097229,82198,"EOMN0040_20090509150300","adult","male","post-guard","breeding","2009-05-10","01:57:00",-53.64199,-40.99068,NA,NA
1387,"Diomedea exulans","Wandering Albatross","South Georgia (Islas Georgias del Sur)","Bird Island (SGSSI (IGSISS))",-54,-38.03,"GPS",5097229,82198,"EOMN0040_20090509150300","adult","male","post-guard","breeding","2009-05-10","00:55:00",-53.61328,-41.12762,NA,NA
1387,"Diomedea exulans","Wandering Albatross","South Georgia (Islas Georgias del Sur)","Bird Island (SGSSI (IGSISS))",-54,-38.03,"GPS",5097229,82198,"EOMN0040_20090509150300","adult","male","post-guard","breeding","2009-05-12","21:41:00",-53.2236,-54.37734,NA,NA
1387,"Diomedea exulans","Wandering Albatross","South Georgia (Islas Georgias del Sur)","Bird Island (SGSSI (IGSISS))",-54,-38.03,"GPS",5097229,82198,"EOMN0040_20090509150300","adult","male","post-guard","breeding","2009-05-13","05:35:00",-53.76871,-55.19232,NA,NA
1387,"Diomedea exulans","Wandering Albatross","South Georgia (Islas Georgias del Sur)","Bird Island (SGSSI (IGSISS))",-54,-38.03,"GPS",5097229,82198,"EOMN0040_20090509150300","adult","male","post-guard","breeding","2009-05-11","23:59:00",-50.42909,-49.56701,NA,NA
1387,"Diomedea exulans","Wandering Albatross","South Georgia (Islas Georgias del Sur)","Bird Island (SGSSI (IGSISS))",-54,-38.03,"GPS",5097229,82198,"EOMN0040_20090509150300","adult","male","post-guard","breeding","2009-05-11","06:34:00",-52.16108,-45.57254,NA,NA
1387,"Diomedea exulans","Wandering Albatross","South Georgia (Islas Georgias del Sur)","Bird Island (SGSSI (IGSISS))",-54,-38.03,"GPS",5097229,82198,"EOMN0040_20090509150300","adult","male","post-guard","breeding","2009-05-12","07:47:00",-50.25119,-50.13262,NA,NA
1387,"Diomedea exulans","Wandering Albatross","South Georgia (Islas Georgias del Sur)","Bird Island (SGSSI (IGSISS))",-54,-38.03,"GPS",5097229,82198,"EOMN0040_20090509150300","adult","male","post-guard","breeding","2009-05-12","11:19:00",-50.89681,-51.16962,NA,NA
1387,"Diomedea exulans","Wandering Albatross","South Georgia (Islas Georgias del Sur)","Bird Island (SGSSI (IGSISS))",-54,-38.03,"GPS",5097229,82198,"EOMN0040_20090509150300","adult","male","post-guard","breeding","2009-05-11","08:59:00",-51.54971,-47.18797,NA,NA
1387,"Diomedea exulans","Wandering Albatross","South Georgia (Islas Georgias del Sur)","Bird Island (SGSSI (IGSISS))",-54,-38.03,"GPS",5097229,82198,"EOMN0040_20090509150300","adult","male","post-guard","breeding","2009-05-11","09:19:00",-51.48711,-47.40728,NA,NA
1387,"Diomedea exulans","Wandering Albatross","South Georgia (Islas Georgias del Sur)","Bird Island (SGSSI (IGSISS))",-54,-38.03,"GPS",5097229,82198,"EOMN0040_20090509150300","adult","male","post-guard","breeding","2009-05-11","10:40:00",-51.16723,-48.28263,NA,NA
1387,"Diomedea exulans","Wandering Albatross","South Georgia (Islas Georgias del Sur)","Bird Island (SGSSI (IGSISS))",-54,-38.03,"GPS",5097229,82198,"EOMN0040_20090509150300","adult","male","post-guard","breeding","2009-05-14","09:19:00",-55.08557,-50.93885,NA,NA
1387,"Diomedea exulans","Wandering Albatross","South Georgia (Islas Georgias del Sur)","Bird Island (SGSSI (IGSISS))",-54,-38.03,"GPS",5097229,82198,"EOMN0040_20090509150300","adult","male","post-guard","breeding","2009-05-10","10:32:00",-53.82314,-40.54796,NA,NA
1387,"Diomedea exulans","Wandering Albatross","South Georgia (Islas Georgias del Sur)","Bird Island (SGSSI (IGSISS))",-54,-38.03,"GPS",5097229,82198,"EOMN0040_20090509150300","adult","male","post-guard","breeding","2009-05-10","03:44:00",-53.69425,-40.99099,NA,NA
1387,"Diomedea exulans","Wandering Albatross","South Georgia (Islas Georgias del Sur)","Bird Island (SGSSI (IGSISS))",-54,-38.03,"GPS",5097229,82198,"EOMN0040_20090509150300","adult","male","post-guard","breeding","2009-05-12","20:59:00",-53.2334,-54.39699,NA,NA
1387,"Diomedea exulans","Wandering Albatross","South Georgia (Islas Georgias del Sur)","Bird Island (SGSSI (IGSISS))",-54,-38.03,"GPS",5097229,82198,"EOMN0040_20090509150300","adult","male","post-guard","breeding","2009-05-13","07:17:00",-54.37112,-55.45448,NA,NA
1387,"Diomedea exulans","Wandering Albatross","South Georgia (Islas Georgias del Sur)","Bird Island (SGSSI (IGSISS))",-54,-38.03,"GPS",5097229,82198,"EOMN0040_20090509150300","adult","male","post-guard","breeding","2009-05-13","08:40:00",-54.41766,-55.29683,NA,NA
1387,"Diomedea exulans","Wandering Albatross","South Georgia (Islas Georgias del Sur)","Bird Island (SGSSI (IGSISS))",-54,-38.03,"GPS",5097229,82198,"EOMN0040_20090509150300","adult","male","post-guard","breeding","2009-05-13","09:01:00",-54.41463,-55.28727,NA,NA
1387,"Diomedea exulans","Wandering Albatross","South Georgia (Islas Georgias del Sur)","Bird Island (SGSSI (IGSISS))",-54,-38.03,"GPS",5097229,82198,"EOMN0040_20090509150300","adult","male","post-guard","breeding","2009-05-13","13:26:00",-54.475,-55.04993,NA,NA
1387,"Diomedea exulans","Wandering Albatross","South Georgia (Islas Georgias del Sur)","Bird Island (SGSSI (IGSISS))",-54,-38.03,"GPS",5097229,82198,"EOMN0040_20090509150300","adult","male","post-guard","breeding","2009-05-12","04:44:00",-50.30207,-49.84994,NA,NA
1387,"Diomedea exulans","Wandering Albatross","South Georgia (Islas Georgias del Sur)","Bird Island (SGSSI (IGSISS))",-54,-38.03,"GPS",5097229,82198,"EOMN0040_20090509150300","adult","male","post-guard","breeding","2009-05-14","03:29:00",-54.71096,-53.92037,NA,NA
1387,"Diomedea exulans","Wandering Albatross","South Georgia (Islas Georgias del Sur)","Bird Island (SGSSI (IGSISS))",-54,-38.03,"GPS",5097229,82198,"EOMN0040_20090509150300","adult","male","post-guard","breeding","2009-05-14","12:22:00",-55.21151,-48.38392,NA,NA
1387,"Diomedea exulans","Wandering Albatross","South Georgia (Islas Georgias del Sur)","Bird Island (SGSSI (IGSISS))",-54,-38.03,"GPS",5097229,82198,"EOMN0040_20090509150300","adult","male","post-guard","breeding","2009-05-14","01:27:00",-54.387,-55.04663,NA,NA
1387,"Diomedea exulans","Wandering Albatross","South Georgia (Islas Georgias del Sur)","Bird Island (SGSSI (IGSISS))",-54,-38.03,"GPS",5097229,82198,"EOMN0040_20090509150300","adult","male","post-guard","breeding","2009-05-11","17:29:00",-50.48534,-49.56766,NA,NA
1387,"Diomedea exulans","Wandering Albatross","South Georgia (Islas Georgias del Sur)","Bird Island (SGSSI (IGSISS))",-54,-38.03,"GPS",5097229,82198,"EOMN0040_20090509150300","adult","male","post-guard","breeding","2009-05-12","03:02:00",-50.38405,-49.59203,NA,NA
1387,"Diomedea exulans","Wandering Albatross","South Georgia (Islas Georgias del Sur)","Bird Island (SGSSI (IGSISS))",-54,-38.03,"GPS",5097229,82198,"EOMN0040_20090509150300","adult","male","post-guard","breeding","2009-05-12","07:06:00",-50.25708,-50.13721,NA,NA
1387,"Diomedea exulans","Wandering Albatross","South Georgia (Islas Georgias del Sur)","Bird Island (SGSSI (IGSISS))",-54,-38.03,"GPS",5097229,82198,"EOMN0040_20090509150300","adult","male","post-guard","breeding","2009-05-14","05:11:00",-54.96441,-52.16459,NA,NA
1387,"Diomedea exulans","Wandering Albatross","South Georgia (Islas Georgias del Sur)","Bird Island (SGSSI (IGSISS))",-54,-38.03,"GPS",5097229,82198,"EOMN0040_20090509150300","adult","male","post-guard","breeding","2009-05-10","22:11:00",-53.4406,-42.40236,NA,NA
1387,"Diomedea exulans","Wandering Albatross","South Georgia (Islas Georgias del Sur)","Bird Island (SGSSI (IGSISS))",-54,-38.03,"GPS",5097229,82198,"EOMN0040_20090509150300","adult","male","post-guard","breeding","2009-05-11","05:09:00",-52.5735,-44.53549,NA,NA
1387,"Diomedea exulans","Wandering Albatross","South Georgia (Islas Georgias del Sur)","Bird Island (SGSSI (IGSISS))",-54,-38.03,"GPS",5097229,82198,"EOMN0040_20090509150300","adult","male","post-guard","breeding","2009-05-10","06:48:00",-53.80046,-40.72025,NA,NA
1387,"Diomedea exulans","Wandering Albatross","South Georgia (Islas Georgias del Sur)","Bird Island (SGSSI (IGSISS))",-54,-38.03,"GPS",5097229,82198,"EOMN0040_20090509150300","adult","male","post-guard","breeding","2009-05-14","20:53:00",-53.75905,-40.84424,NA,NA
1387,"Diomedea exulans","Wandering Albatross","South Georgia (Islas Georgias del Sur)","Bird Island (SGSSI (IGSISS))",-54,-38.03,"GPS",5097229,82198,"EOMN0040_20090509150300","adult","male","post-guard","breeding","2009-05-09","22:49:00",-53.67922,-41.03215,NA,NA
1387,"Diomedea exulans","Wandering Albatross","South Georgia (Islas Georgias del Sur)","Bird Island (SGSSI (IGSISS))",-54,-38.03,"GPS",5097229,82198,"EOMN0040_20090509150300","adult","male","post-guard","breeding","2009-05-12","10:17:00",-50.61223,-50.58437,NA,NA
1387,"Diomedea exulans","Wandering Albatross","South Georgia (Islas Georgias del Sur)","Bird Island (SGSSI (IGSISS))",-54,-38.03,"GPS",5097229,82198,"EOMN0040_20090509150300","adult","male","post-guard","breeding","2009-05-14","10:00:00",-55.11024,-50.84377,NA,NA
1387,"Diomedea exulans","Wandering Albatross","South Georgia (Islas Georgias del Sur)","Bird Island (SGSSI (IGSISS))",-54,-38.03,"GPS",5097229,82198,"EOMN0040_20090509150300","adult","male","post-guard","breeding","2009-05-14","16:27:00",-54.16557,-44.50113,NA,NA
1387,"Diomedea exulans","Wandering Albatross","South Georgia (Islas Georgias del Sur)","Bird Island (SGSSI (IGSISS))",-54,-38.03,"GPS",5097229,82198,"EOMN0040_20090509150300","adult","male","post-guard","breeding","2009-05-15","01:17:00",-53.73167,-40.88683,NA,NA
1387,"Diomedea exulans","Wandering Albatross","South Georgia (Islas Georgias del Sur)","Bird Island (SGSSI (IGSISS))",-54,-38.03,"GPS",5097229,82198,"EOMN0040_20090509150300","adult","male","post-guard","breeding","2009-05-10","13:56:00",-53.63058,-40.66071,NA,NA
1387,"Diomedea exulans","Wandering Albatross","South Georgia (Islas Georgias del Sur)","Bird Island (SGSSI (IGSISS))",-54,-38.03,"GPS",5097229,82198,"EOMN0040_20090509150300","adult","male","post-guard","breeding","2009-05-10","17:44:00",-53.36835,-41.35524,NA,NA
1387,"Diomedea exulans","Wandering Albatross","South Georgia (Islas Georgias del Sur)","Bird Island (SGSSI (IGSISS))",-54,-38.03,"GPS",5097229,82198,"EOMN0040_20090509150300","adult","male","post-guard","breeding","2009-05-13","00:46:00",-53.23867,-54.34483,NA,NA
1387,"Diomedea exulans","Wandering Albatross","South Georgia (Islas Georgias del Sur)","Bird Island (SGSSI (IGSISS))",-54,-38.03,"GPS",5097229,82198,"EOMN0040_20090509150300","adult","male","post-guard","breeding","2009-05-13","21:59:00",-54.42972,-55.12156,NA,NA
1387,"Diomedea exulans","Wandering Albatross","South Georgia (Islas Georgias del Sur)","Bird Island (SGSSI (IGSISS))",-54,-38.03,"GPS",5097229,82198,"EOMN0040_20090509150300","adult","male","post-guard","breeding","2009-05-14","06:55:00",-54.95745,-52.06712,NA,NA
1387,"Diomedea exulans","Wandering Albatross","South Georgia (Islas Georgias del Sur)","Bird Island (SGSSI (IGSISS))",-54,-38.03,"GPS",5097229,82198,"EOMN0040_20090509150300","adult","male","post-guard","breeding","2009-05-14","10:41:00",-55.21448,-50.19374,NA,NA
1387,"Diomedea exulans","Wandering Albatross","South Georgia (Islas Georgias del Sur)","Bird Island (SGSSI (IGSISS))",-54,-38.03,"GPS",5097229,82198,"EOMN0040_20090509150300","adult","male","post-guard","breeding","2009-05-14","11:22:00",-55.27956,-49.49005,NA,NA
1387,"Diomedea exulans","Wandering Albatross","South Georgia (Islas Georgias del Sur)","Bird Island (SGSSI (IGSISS))",-54,-38.03,"GPS",5097229,82198,"EOMN0040_20090509150300","adult","male","post-guard","breeding","2009-05-15","01:57:00",-53.72873,-40.8882,NA,NA
1387,"Diomedea exulans","Wandering Albatross","South Georgia (Islas Georgias del Sur)","Bird Island (SGSSI (IGSISS))",-54,-38.03,"GPS",5097229,82198,"EOMN0040_20090509150300","adult","male","post-guard","breeding","2009-05-10","12:34:00",-53.6589,-40.54966,NA,NA
1387,"Diomedea exulans","Wandering Albatross","South Georgia (Islas Georgias del Sur)","Bird Island (SGSSI (IGSISS))",-54,-38.03,"GPS",5097229,82198,"EOMN0040_20090509150300","adult","male","post-guard","breeding","2009-05-11","13:44:00",-50.53938,-49.35471,NA,NA
1387,"Diomedea exulans","Wandering Albatross","South Georgia (Islas Georgias del Sur)","Bird Island (SGSSI (IGSISS))",-54,-38.03,"GPS",5097229,82198,"EOMN0040_20090509150300","adult","male","post-guard","breeding","2009-05-13","13:46:00",-54.4721,-55.04476,NA,NA
1387,"Diomedea exulans","Wandering Albatross","South Georgia (Islas Georgias del Sur)","Bird Island (SGSSI (IGSISS))",-54,-38.03,"GPS",5097229,82198,"EOMN0040_20090509150300","adult","male","post-guard","breeding","2009-05-11","03:24:00",-53.0347,-43.50353,NA,NA
1387,"Diomedea exulans","Wandering Albatross","South Georgia (Islas Georgias del Sur)","Bird Island (SGSSI (IGSISS))",-54,-38.03,"GPS",5097229,82198,"EOMN0040_20090509150300","adult","male","post-guard","breeding","2009-05-10","06:28:00",-53.7958,-40.73606,NA,NA
1387,"Diomedea exulans","Wandering Albatross","South Georgia (Islas Georgias del Sur)","Bird Island (SGSSI (IGSISS))",-54,-38.03,"GPS",5097229,82198,"EOMN0040_20090509150300","adult","male","post-guard","breeding","2009-05-12","18:15:00",-53.35598,-54.01783,NA,NA
1387,"Diomedea exulans","Wandering Albatross","South Georgia (Islas Georgias del Sur)","Bird Island (SGSSI (IGSISS))",-54,-38.03,"GPS",5097229,82198,"EOMN0040_20090509150300","adult","male","post-guard","breeding","2009-05-12","23:04:00",-53.23105,-54.36182,NA,NA
1387,"Diomedea exulans","Wandering Albatross","South Georgia (Islas Georgias del Sur)","Bird Island (SGSSI (IGSISS))",-54,-38.03,"GPS",5097229,82198,"EOMN0040_20090509150300","adult","male","post-guard","breeding","2009-05-13","09:21:00",-54.42647,-55.15978,NA,NA
1387,"Diomedea exulans","Wandering Albatross","South Georgia (Islas Georgias del Sur)","Bird Island (SGSSI (IGSISS))",-54,-38.03,"GPS",5097229,82198,"EOMN0040_20090509150300","adult","male","post-guard","breeding","2009-05-14","14:46:00",-54.27218,-46.30643,NA,NA
1387,"Diomedea exulans","Wandering Albatross","South Georgia (Islas Georgias del Sur)","Bird Island (SGSSI (IGSISS))",-54,-38.03,"GPS",5097229,82198,"EOMN0040_20090509150300","adult","male","post-guard","breeding","2009-05-15","03:19:00",-53.72215,-40.89259,NA,NA
1387,"Diomedea exulans","Wandering Albatross","South Georgia (Islas Georgias del Sur)","Bird Island (SGSSI (IGSISS))",-54,-38.03,"GPS",5097229,82198,"EOMN0040_20090509150300","adult","male","post-guard","breeding","2009-05-10","04:04:00",-53.62591,-40.86907,NA,NA
1387,"Diomedea exulans","Wandering Albatross","South Georgia (Islas Georgias del Sur)","Bird Island (SGSSI (IGSISS))",-54,-38.03,"GPS",5097229,82198,"EOMN0040_20090509150300","adult","male","post-guard","breeding","2009-05-12","23:44:00",-53.23168,-54.35376,NA,NA
1387,"Diomedea exulans","Wandering Albatross","South Georgia (Islas Georgias del Sur)","Bird Island (SGSSI (IGSISS))",-54,-38.03,"GPS",5097229,82198,"EOMN0040_20090509150300","adult","male","post-guard","breeding","2009-05-12","02:42:00",-50.38759,-49.58659,NA,NA
1387,"Diomedea exulans","Wandering Albatross","South Georgia (Islas Georgias del Sur)","Bird Island (SGSSI (IGSISS))",-54,-38.03,"GPS",5097229,82198,"EOMN0040_20090509150300","adult","male","post-guard","breeding","2009-05-14","17:08:00",-54.10352,-43.73355,NA,NA
1387,"Diomedea exulans","Wandering Albatross","South Georgia (Islas Georgias del Sur)","Bird Island (SGSSI (IGSISS))",-54,-38.03,"GPS",5097229,82198,"EOMN0040_20090509150300","adult","male","post-guard","breeding","2009-05-09","18:19:00",-53.63769,-38.66665,NA,NA
1387,"Diomedea exulans","Wandering Albatross","South Georgia (Islas Georgias del Sur)","Bird Island (SGSSI (IGSISS))",-54,-38.03,"GPS",5097229,82198,"EOMN0040_20090509150300","adult","male","post-guard","breeding","2009-05-15","07:25:00",-53.90407,-39.05335,NA,NA
1387,"Diomedea exulans","Wandering Albatross","South Georgia (Islas Georgias del Sur)","Bird Island (SGSSI (IGSISS))",-54,-38.03,"GPS",5097229,82198,"EOMN0040_20090509150300","adult","male","post-guard","breeding","2009-05-10","05:27:00",-53.76261,-40.76708,NA,NA
1387,"Diomedea exulans","Wandering Albatross","South Georgia (Islas Georgias del Sur)","Bird Island (SGSSI (IGSISS))",-54,-38.03,"GPS",5097229,82198,"EOMN0040_20090509150300","adult","male","post-guard","breeding","2009-05-14","22:14:00",-53.74838,-40.86116,NA,NA
1387,"Diomedea exulans","Wandering Albatross","South Georgia (Islas Georgias del Sur)","Bird Island (SGSSI (IGSISS))",-54,-38.03,"GPS",5097229,82198,"EOMN0040_20090509150300","adult","male","post-guard","breeding","2009-05-10","15:41:00",-53.63058,-40.99915,NA,NA
1387,"Diomedea exulans","Wandering Albatross","South Georgia (Islas Georgias del Sur)","Bird Island (SGSSI (IGSISS))",-54,-38.03,"GPS",5097229,82198,"EOMN0040_20090509150300","adult","male","post-guard","breeding","2009-05-13","02:07:00",-53.23349,-54.32046,NA,NA
1387,"Diomedea exulans","Wandering Albatross","South Georgia (Islas Georgias del Sur)","Bird Island (SGSSI (IGSISS))",-54,-38.03,"GPS",5097229,82198,"EOMN0040_20090509150300","adult","male","post-guard","breeding","2009-05-14","02:08:00",-54.37474,-55.03465,NA,NA
1387,"Diomedea exulans","Wandering Albatross","South Georgia (Islas Georgias del Sur)","Bird Island (SGSSI (IGSISS))",-54,-38.03,"GPS",5097229,82198,"EOMN0040_20090509150300","adult","male","post-guard","breeding","2009-05-12","16:08:00",-52.62515,-53.34804,NA,NA
1387,"Diomedea exulans","Wandering Albatross","South Georgia (Islas Georgias del Sur)","Bird Island (SGSSI (IGSISS))",-54,-38.03,"GPS",5097229,82198,"EOMN0040_20090509150300","adult","male","post-guard","breeding","2009-05-10","08:29:00",-53.80427,-40.62382,NA,NA
1387,"Diomedea exulans","Wandering Albatross","South Georgia (Islas Georgias del Sur)","Bird Island (SGSSI (IGSISS))",-54,-38.03,"GPS",5097229,82198,"EOMN0040_20090509150300","adult","male","post-guard","breeding","2009-05-14","22:34:00",-53.74616,-40.86524,NA,NA
1387,"Diomedea exulans","Wandering Albatross","South Georgia (Islas Georgias del Sur)","Bird Island (SGSSI (IGSISS))",-54,-38.03,"GPS",5097229,82198,"EOMN0040_20090509150300","adult","male","post-guard","breeding","2009-05-09","21:07:00",-53.62569,-41.05092,NA,NA
1387,"Diomedea exulans","Wandering Albatross","South Georgia (Islas Georgias del Sur)","Bird Island (SGSSI (IGSISS))",-54,-38.03,"GPS",5097229,82198,"EOMN0040_20090509150300","adult","male","post-guard","breeding","2009-05-10","01:36:00",-53.5407,-40.9696,NA,NA
1387,"Diomedea exulans","Wandering Albatross","South Georgia (Islas Georgias del Sur)","Bird Island (SGSSI (IGSISS))",-54,-38.03,"GPS",5097229,82198,"EOMN0040_20090509150300","adult","male","post-guard","breeding","2009-05-13","03:49:00",-53.46134,-54.71814,NA,NA
1387,"Diomedea exulans","Wandering Albatross","South Georgia (Islas Georgias del Sur)","Bird Island (SGSSI (IGSISS))",-54,-38.03,"GPS",5097229,82198,"EOMN0040_20090509150300","adult","male","post-guard","breeding","2009-05-12","14:06:00",-51.92585,-52.83582,NA,NA
1387,"Diomedea exulans","Wandering Albatross","South Georgia (Islas Georgias del Sur)","Bird Island (SGSSI (IGSISS))",-54,-38.03,"GPS",5097229,82198,"EOMN0040_20090509150300","adult","male","post-guard","breeding","2009-05-11","19:14:00",-50.47465,-49.56321,NA,NA
1387,"Diomedea exulans","Wandering Albatross","South Georgia (Islas Georgias del Sur)","Bird Island (SGSSI (IGSISS))",-54,-38.03,"GPS",5097229,82198,"EOMN0040_20090509150300","adult","male","post-guard","breeding","2009-05-09","22:08:00",-53.69584,-41.07265,NA,NA
1387,"Diomedea exulans","Wandering Albatross","South Georgia (Islas Georgias del Sur)","Bird Island (SGSSI (IGSISS))",-54,-38.03,"GPS",5097229,82198,"EOMN0040_20090509150300","adult","male","post-guard","breeding","2009-05-12","14:26:00",-52.05803,-53.03472,NA,NA
1387,"Diomedea exulans","Wandering Albatross","South Georgia (Islas Georgias del Sur)","Bird Island (SGSSI (IGSISS))",-54,-38.03,"GPS",5097229,82198,"EOMN0040_20090509150300","adult","male","post-guard","breeding","2009-05-11","14:47:00",-50.50047,-49.52239,NA,NA
1387,"Diomedea exulans","Wandering Albatross","South Georgia (Islas Georgias del Sur)","Bird Island (SGSSI (IGSISS))",-54,-38.03,"GPS",5097229,82198,"EOMN0040_20090509150300","adult","male","post-guard","breeding","2009-05-11","07:14:00",-51.93655,-46.08604,NA,NA
1387,"Diomedea exulans","Wandering Albatross","South Georgia (Islas Georgias del Sur)","Bird Island (SGSSI (IGSISS))",-54,-38.03,"GPS",5097229,82198,"EOMN0040_20090509150300","adult","male","post-guard","breeding","2009-05-11","00:57:00",-53.20954,-42.6269,NA,NA
1387,"Diomedea exulans","Wandering Albatross","South Georgia (Islas Georgias del Sur)","Bird Island (SGSSI (IGSISS))",-54,-38.03,"GPS",5097229,82198,"EOMN0040_20090509150300","adult","male","post-guard","breeding","2009-05-10","02:37:00",-53.69812,-41.00179,NA,NA
1387,"Diomedea exulans","Wandering Albatross","South Georgia (Islas Georgias del Sur)","Bird Island (SGSSI (IGSISS))",-54,-38.03,"GPS",5097229,82198,"EOMN0040_20090509150300","adult","male","post-guard","breeding","2009-05-10","19:05:00",-53.32951,-41.71105,NA,NA
1387,"Diomedea exulans","Wandering Albatross","South Georgia (Islas Georgias del Sur)","Bird Island (SGSSI (IGSISS))",-54,-38.03,"GPS",5097229,82198,"EOMN0040_20090509150300","adult","male","post-guard","breeding","2009-05-13","19:36:00",-54.44476,-55.16943,NA,NA
1387,"Diomedea exulans","Wandering Albatross","South Georgia (Islas Georgias del Sur)","Bird Island (SGSSI (IGSISS))",-54,-38.03,"GPS",5097229,82198,"EOMN0040_20090509150300","adult","male","post-guard","breeding","2009-05-12","05:24:00",-50.23156,-50.05632,NA,NA
1387,"Diomedea exulans","Wandering Albatross","South Georgia (Islas Georgias del Sur)","Bird Island (SGSSI (IGSISS))",-54,-38.03,"GPS",5097229,82198,"EOMN0040_20090509150300","adult","male","post-guard","breeding","2009-05-12","07:27:00",-50.25453,-50.13522,NA,NA
1387,"Diomedea exulans","Wandering Albatross","South Georgia (Islas Georgias del Sur)","Bird Island (SGSSI (IGSISS))",-54,-38.03,"GPS",5097229,82198,"EOMN0040_20090509150300","adult","male","post-guard","breeding","2009-05-10","19:46:00",-53.28466,-41.88515,NA,NA
1387,"Diomedea exulans","Wandering Albatross","South Georgia (Islas Georgias del Sur)","Bird Island (SGSSI (IGSISS))",-54,-38.03,"GPS",5097229,82198,"EOMN0040_20090509150300","adult","male","post-guard","breeding","2009-05-12","13:24:00",-51.62194,-52.38029,NA,NA
1387,"Diomedea exulans","Wandering Albatross","South Georgia (Islas Georgias del Sur)","Bird Island (SGSSI (IGSISS))",-54,-38.03,"GPS",5097229,82198,"EOMN0040_20090509150300","adult","male","post-guard","breeding","2009-05-13","12:26:00",-54.48344,-55.06487,NA,NA
1387,"Diomedea exulans","Wandering Albatross","South Georgia (Islas Georgias del Sur)","Bird Island (SGSSI (IGSISS))",-54,-38.03,"GPS",5097229,82198,"EOMN0040_20090509150300","adult","male","post-guard","breeding","2009-05-11","15:27:00",-50.49637,-49.53369,NA,NA
1387,"Diomedea exulans","Wandering Albatross","South Georgia (Islas Georgias del Sur)","Bird Island (SGSSI (IGSISS))",-54,-38.03,"GPS",5097229,82198,"EOMN0040_20090509150300","adult","male","post-guard","breeding","2009-05-11","07:55:00",-51.73162,-46.56166,NA,NA
1387,"Diomedea exulans","Wandering Albatross","South Georgia (Islas Georgias del Sur)","Bird Island (SGSSI (IGSISS))",-54,-38.03,"GPS",5097229,82198,"EOMN0040_20090509150300","adult","male","post-guard","breeding","2009-05-10","07:48:00",-53.8055,-40.66198,NA,NA
1387,"Diomedea exulans","Wandering Albatross","South Georgia (Islas Georgias del Sur)","Bird Island (SGSSI (IGSISS))",-54,-38.03,"GPS",5097229,82198,"EOMN0040_20090509150300","adult","male","post-guard","breeding","2009-05-13","08:19:00",-54.41894,-55.30608,NA,NA
1387,"Diomedea exulans","Wandering Albatross","South Georgia (Islas Georgias del Sur)","Bird Island (SGSSI (IGSISS))",-54,-38.03,"GPS",5097229,82198,"EOMN0040_20090509150300","adult","male","post-guard","breeding","2009-05-12","01:01:00",-50.41269,-49.57165,NA,NA
1387,"Diomedea exulans","Wandering Albatross","South Georgia (Islas Georgias del Sur)","Bird Island (SGSSI (IGSISS))",-54,-38.03,"GPS",5097229,82198,"EOMN0040_20090509150300","adult","male","post-guard","breeding","2009-05-12","10:58:00",-50.80624,-50.95683,NA,NA
1387,"Diomedea exulans","Wandering Albatross","South Georgia (Islas Georgias del Sur)","Bird Island (SGSSI (IGSISS))",-54,-38.03,"GPS",5097229,82198,"EOMN0040_20090509150300","adult","male","post-guard","breeding","2009-05-11","08:38:00",-51.60983,-46.96448,NA,NA
1387,"Diomedea exulans","Wandering Albatross","South Georgia (Islas Georgias del Sur)","Bird Island (SGSSI (IGSISS))",-54,-38.03,"GPS",5097229,82198,"EOMN0040_20090509150300","adult","male","post-guard","breeding","2009-05-15","08:06:00",-53.92237,-38.533,NA,NA
1387,"Diomedea exulans","Wandering Albatross","South Georgia (Islas Georgias del Sur)","Bird Island (SGSSI (IGSISS))",-54,-38.03,"GPS",5097229,82198,"EOMN0040_20090509150300","adult","male","post-guard","breeding","2009-05-15","06:23:00",-53.80419,-39.77152,NA,NA
1387,"Diomedea exulans","Wandering Albatross","South Georgia (Islas Georgias del Sur)","Bird Island (SGSSI (IGSISS))",-54,-38.03,"GPS",5097229,82198,"EOMN0040_20090509150300","adult","male","post-guard","breeding","2009-05-14","22:55:00",-53.74421,-40.86872,NA,NA
1387,"Diomedea exulans","Wandering Albatross","South Georgia (Islas Georgias del Sur)","Bird Island (SGSSI (IGSISS))",-54,-38.03,"GPS",5097229,82198,"EOMN0040_20090509150300","adult","male","post-guard","breeding","2009-05-12","04:23:00",-50.37782,-49.74875,NA,NA
1387,"Diomedea exulans","Wandering Albatross","South Georgia (Islas Georgias del Sur)","Bird Island (SGSSI (IGSISS))",-54,-38.03,"GPS",5097229,82198,"EOMN0040_20090509150300","adult","male","post-guard","breeding","2009-05-11","15:07:00",-50.50968,-49.54091,NA,NA
1387,"Diomedea exulans","Wandering Albatross","South Georgia (Islas Georgias del Sur)","Bird Island (SGSSI (IGSISS))",-54,-38.03,"GPS",5097229,82198,"EOMN0040_20090509150300","adult","male","post-guard","breeding","2009-05-14","06:34:00",-54.96294,-52.06726,NA,NA
1387,"Diomedea exulans","Wandering Albatross","South Georgia (Islas Georgias del Sur)","Bird Island (SGSSI (IGSISS))",-54,-38.03,"GPS",5097229,82198,"EOMN0040_20090509150300","adult","male","post-guard","breeding","2009-05-14","16:07:00",-54.17229,-44.89562,NA,NA
1387,"Diomedea exulans","Wandering Albatross","South Georgia (Islas Georgias del Sur)","Bird Island (SGSSI (IGSISS))",-54,-38.03,"GPS",5097229,82198,"EOMN0040_20090509150300","adult","male","post-guard","breeding","2009-05-11","06:54:00",-52.05921,-45.82301,NA,NA
1387,"Diomedea exulans","Wandering Albatross","South Georgia (Islas Georgias del Sur)","Bird Island (SGSSI (IGSISS))",-54,-38.03,"GPS",5097229,82198,"EOMN0040_20090509150300","adult","male","post-guard","breeding","2009-05-09","19:24:00",-53.72283,-39.75869,NA,NA
1387,"Diomedea exulans","Wandering Albatross","South Georgia (Islas Georgias del Sur)","Bird Island (SGSSI (IGSISS))",-54,-38.03,"GPS",5097229,82198,"EOMN0040_20090509150300","adult","male","post-guard","breeding","2009-05-14","21:13:00",-53.75699,-40.84721,NA,NA
1387,"Diomedea exulans","Wandering Albatross","South Georgia (Islas Georgias del Sur)","Bird Island (SGSSI (IGSISS))",-54,-38.03,"GPS",5097229,82198,"EOMN0040_20090509150300","adult","male","post-guard","breeding","2009-05-12","19:38:00",-53.23232,-54.41392,NA,NA
1387,"Diomedea exulans","Wandering Albatross","South Georgia (Islas Georgias del Sur)","Bird Island (SGSSI (IGSISS))",-54,-38.03,"GPS",5097229,82198,"EOMN0040_20090509150300","adult","male","post-guard","breeding","2009-05-12","20:38:00",-53.22898,-54.4005,NA,NA
1387,"Diomedea exulans","Wandering Albatross","South Georgia (Islas Georgias del Sur)","Bird Island (SGSSI (IGSISS))",-54,-38.03,"GPS",5097229,82198,"EOMN0040_20090509150300","adult","male","post-guard","breeding","2009-05-11","18:53:00",-50.47709,-49.56226,NA,NA
1387,"Diomedea exulans","Wandering Albatross","South Georgia (Islas Georgias del Sur)","Bird Island (SGSSI (IGSISS))",-54,-38.03,"GPS",5097229,82198,"EOMN0040_20090509150300","adult","male","post-guard","breeding","2009-05-14","18:09:00",-53.90517,-42.7748,NA,NA
1387,"Diomedea exulans","Wandering Albatross","South Georgia (Islas Georgias del Sur)","Bird Island (SGSSI (IGSISS))",-54,-38.03,"GPS",5097229,82198,"EOMN0040_20090509150300","adult","male","post-guard","breeding","2009-05-15","08:47:00",-54.00192,-38.11428,NA,NA
1387,"Diomedea exulans","Wandering Albatross","South Georgia (Islas Georgias del Sur)","Bird Island (SGSSI (IGSISS))",-54,-38.03,"GPS",5097229,82198,"EOMN0040_20090509150300","adult","male","post-guard","breeding","2009-05-12","15:08:00",-52.21861,-53.12374,NA,NA
1387,"Diomedea exulans","Wandering Albatross","South Georgia (Islas Georgias del Sur)","Bird Island (SGSSI (IGSISS))",-54,-38.03,"GPS",5097229,82198,"EOMN0040_20090509150300","adult","male","post-guard","breeding","2009-05-11","17:51:00",-50.48411,-49.55998,NA,NA
1387,"Diomedea exulans","Wandering Albatross","South Georgia (Islas Georgias del Sur)","Bird Island (SGSSI (IGSISS))",-54,-38.03,"GPS",5097229,82198,"EOMN0040_20090509150300","adult","male","post-guard","breeding","2009-05-12","08:32:00",-50.24434,-50.12512,NA,NA
1387,"Diomedea exulans","Wandering Albatross","South Georgia (Islas Georgias del Sur)","Bird Island (SGSSI (IGSISS))",-54,-38.03,"GPS",5097229,82198,"EOMN0040_20090509150300","adult","male","post-guard","breeding","2009-05-13","11:44:00",-54.47922,-55.06146,NA,NA
1387,"Diomedea exulans","Wandering Albatross","South Georgia (Islas Georgias del Sur)","Bird Island (SGSSI (IGSISS))",-54,-38.03,"GPS",5097229,82198,"EOMN0040_20090509150300","adult","male","post-guard","breeding","2009-05-12","02:01:00",-50.39721,-49.57869,NA,NA
1387,"Diomedea exulans","Wandering Albatross","South Georgia (Islas Georgias del Sur)","Bird Island (SGSSI (IGSISS))",-54,-38.03,"GPS",5097229,82198,"EOMN0040_20090509150300","adult","male","post-guard","breeding","2009-05-11","09:59:00",-51.35285,-47.83367,NA,NA
1387,"Diomedea exulans","Wandering Albatross","South Georgia (Islas Georgias del Sur)","Bird Island (SGSSI (IGSISS))",-54,-38.03,"GPS",5097229,82198,"EOMN0040_20090509150300","adult","male","post-guard","breeding","2009-05-11","11:01:00",-51.0714,-48.50214,NA,NA
1387,"Diomedea exulans","Wandering Albatross","South Georgia (Islas Georgias del Sur)","Bird Island (SGSSI (IGSISS))",-54,-38.03,"GPS",5097229,82198,"EOMN0040_20090509150300","adult","male","post-guard","breeding","2009-05-14","14:25:00",-54.31947,-46.64052,NA,NA
1387,"Diomedea exulans","Wandering Albatross","South Georgia (Islas Georgias del Sur)","Bird Island (SGSSI (IGSISS))",-54,-38.03,"GPS",5097229,82198,"EOMN0040_20090509150300","adult","male","post-guard","breeding","2009-05-09","17:39:00",-53.55107,-38.24902,NA,NA
1387,"Diomedea exulans","Wandering Albatross","South Georgia (Islas Georgias del Sur)","Bird Island (SGSSI (IGSISS))",-54,-38.03,"GPS",5097229,82198,"EOMN0040_20090509150300","adult","male","post-guard","breeding","2009-05-09","22:29:00",-53.68865,-41.03987,NA,NA
1387,"Diomedea exulans","Wandering Albatross","South Georgia (Islas Georgias del Sur)","Bird Island (SGSSI (IGSISS))",-54,-38.03,"GPS",5097229,82198,"EOMN0040_20090509150300","adult","male","post-guard","breeding","2009-05-14","19:51:00",-53.75844,-41.25843,NA,NA
1387,"Diomedea exulans","Wandering Albatross","South Georgia (Islas Georgias del Sur)","Bird Island (SGSSI (IGSISS))",-54,-38.03,"GPS",5097229,82198,"EOMN0040_20090509150300","adult","male","post-guard","breeding","2009-05-13","16:50:00",-54.46799,-55.19839,NA,NA
1387,"Diomedea exulans","Wandering Albatross","South Georgia (Islas Georgias del Sur)","Bird Island (SGSSI (IGSISS))",-54,-38.03,"GPS",5097229,82198,"EOMN0040_20090509150300","adult","male","post-guard","breeding","2009-05-12","00:20:00",-50.42396,-49.56894,NA,NA
1387,"Diomedea exulans","Wandering Albatross","South Georgia (Islas Georgias del Sur)","Bird Island (SGSSI (IGSISS))",-54,-38.03,"GPS",5097229,82198,"EOMN0040_20090509150300","adult","male","post-guard","breeding","2009-05-11","09:39:00",-51.42783,-47.61877,NA,NA
1387,"Diomedea exulans","Wandering Albatross","South Georgia (Islas Georgias del Sur)","Bird Island (SGSSI (IGSISS))",-54,-38.03,"GPS",5097229,82198,"EOMN0040_20090509150300","adult","male","post-guard","breeding","2009-05-14","23:56:00",-53.73859,-40.87872,NA,NA
1387,"Diomedea exulans","Wandering Albatross","South Georgia (Islas Georgias del Sur)","Bird Island (SGSSI (IGSISS))",-54,-38.03,"GPS",5097229,82198,"EOMN0040_20090509150300","adult","male","post-guard","breeding","2009-05-15","00:57:00",-53.73349,-40.88508,NA,NA
1387,"Diomedea exulans","Wandering Albatross","South Georgia (Islas Georgias del Sur)","Bird Island (SGSSI (IGSISS))",-54,-38.03,"GPS",5097229,82198,"EOMN0040_20090509150300","adult","male","post-guard","breeding","2009-05-10","17:24:00",-53.48962,-41.30071,NA,NA
1387,"Diomedea exulans","Wandering Albatross","South Georgia (Islas Georgias del Sur)","Bird Island (SGSSI (IGSISS))",-54,-38.03,"GPS",5097229,82198,"EOMN0040_20090509150300","adult","male","post-guard","breeding","2009-05-10","01:16:00",-53.57176,-41.09265,NA,NA
1387,"Diomedea exulans","Wandering Albatross","South Georgia (Islas Georgias del Sur)","Bird Island (SGSSI (IGSISS))",-54,-38.03,"GPS",5097229,82198,"EOMN0040_20090509150300","adult","male","post-guard","breeding","2009-05-11","17:09:00",-50.48733,-49.5549,NA,NA
1387,"Diomedea exulans","Wandering Albatross","South Georgia (Islas Georgias del Sur)","Bird Island (SGSSI (IGSISS))",-54,-38.03,"GPS",5097229,82198,"EOMN0040_20090509150300","adult","male","post-guard","breeding","2009-05-11","12:02:00",-51.00765,-48.79018,NA,NA
1387,"Diomedea exulans","Wandering Albatross","South Georgia (Islas Georgias del Sur)","Bird Island (SGSSI (IGSISS))",-54,-38.03,"GPS",5097229,82198,"EOMN0040_20090509150300","adult","male","post-guard","breeding","2009-05-10","15:20:00",-53.58939,-40.93712,NA,NA
1387,"Diomedea exulans","Wandering Albatross","South Georgia (Islas Georgias del Sur)","Bird Island (SGSSI (IGSISS))",-54,-38.03,"GPS",5097229,82198,"EOMN0040_20090509150300","adult","male","post-guard","breeding","2009-05-13","22:40:00",-54.42365,-55.10738,NA,NA
1387,"Diomedea exulans","Wandering Albatross","South Georgia (Islas Georgias del Sur)","Bird Island (SGSSI (IGSISS))",-54,-38.03,"GPS",5097229,82198,"EOMN0040_20090509150300","adult","male","post-guard","breeding","2009-05-11","19:34:00",-50.47425,-49.56586,NA,NA
1387,"Diomedea exulans","Wandering Albatross","South Georgia (Islas Georgias del Sur)","Bird Island (SGSSI (IGSISS))",-54,-38.03,"GPS",5097229,82198,"EOMN0040_20090509150300","adult","male","post-guard","breeding","2009-05-11","14:26:00",-50.50428,-49.51712,NA,NA
1387,"Diomedea exulans","Wandering Albatross","South Georgia (Islas Georgias del Sur)","Bird Island (SGSSI (IGSISS))",-54,-38.03,"GPS",5097229,82198,"EOMN0040_20090509150300","adult","male","post-guard","breeding","2009-05-11","03:04:00",-53.14234,-43.34065,NA,NA
1387,"Diomedea exulans","Wandering Albatross","South Georgia (Islas Georgias del Sur)","Bird Island (SGSSI (IGSISS))",-54,-38.03,"GPS",5097229,82198,"EOMN0040_20090509150300","adult","male","post-guard","breeding","2009-05-12","12:23:00",-51.23425,-51.76096,NA,NA
1387,"Diomedea exulans","Wandering Albatross","South Georgia (Islas Georgias del Sur)","Bird Island (SGSSI (IGSISS))",-54,-38.03,"GPS",5097229,82198,"EOMN0040_20090509150300","adult","male","post-guard","breeding","2009-05-14","03:09:00",-54.63652,-54.27051,NA,NA
1387,"Diomedea exulans","Wandering Albatross","South Georgia (Islas Georgias del Sur)","Bird Island (SGSSI (IGSISS))",-54,-38.03,"GPS",5097229,82198,"EOMN0040_20090509150300","adult","male","post-guard","breeding","2009-05-14","06:13:00",-54.96861,-52.068,NA,NA
1387,"Diomedea exulans","Wandering Albatross","South Georgia (Islas Georgias del Sur)","Bird Island (SGSSI (IGSISS))",-54,-38.03,"GPS",5097229,82198,"EOMN0040_20090509150300","adult","male","post-guard","breeding","2009-05-14","08:39:00",-54.98495,-51.57368,NA,NA
1387,"Diomedea exulans","Wandering Albatross","South Georgia (Islas Georgias del Sur)","Bird Island (SGSSI (IGSISS))",-54,-38.03,"GPS",5097229,82198,"EOMN0040_20090509150300","adult","male","post-guard","breeding","2009-05-09","16:37:00",-53.52135,-37.74898,NA,NA
1387,"Diomedea exulans","Wandering Albatross","South Georgia (Islas Georgias del Sur)","Bird Island (SGSSI (IGSISS))",-54,-38.03,"GPS",5097229,82198,"EOMN0040_20090509150300","adult","male","post-guard","breeding","2009-05-15","06:44:00",-53.83843,-39.52633,NA,NA
1387,"Diomedea exulans","Wandering Albatross","South Georgia (Islas Georgias del Sur)","Bird Island (SGSSI (IGSISS))",-54,-38.03,"GPS",5097229,82198,"EOMN0040_20090509150300","adult","male","post-guard","breeding","2009-05-10","07:28:00",-53.80316,-40.67715,NA,NA
1387,"Diomedea exulans","Wandering Albatross","South Georgia (Islas Georgias del Sur)","Bird Island (SGSSI (IGSISS))",-54,-38.03,"GPS",5097229,82198,"EOMN0040_20090509150300","adult","male","post-guard","breeding","2009-05-13","07:39:00",-54.4199,-55.31279,NA,NA
1387,"Diomedea exulans","Wandering Albatross","South Georgia (Islas Georgias del Sur)","Bird Island (SGSSI (IGSISS))",-54,-38.03,"GPS",5097229,82198,"EOMN0040_20090509150300","adult","male","post-guard","breeding","2009-05-13","10:43:00",-54.45938,-54.99727,NA,NA
1387,"Diomedea exulans","Wandering Albatross","South Georgia (Islas Georgias del Sur)","Bird Island (SGSSI (IGSISS))",-54,-38.03,"GPS",5097229,82198,"EOMN0040_20090509150300","adult","male","post-guard","breeding","2009-05-11","19:54:00",-50.46849,-49.56308,NA,NA
1387,"Diomedea exulans","Wandering Albatross","South Georgia (Islas Georgias del Sur)","Bird Island (SGSSI (IGSISS))",-54,-38.03,"GPS",5097229,82198,"EOMN0040_20090509150300","adult","male","post-guard","breeding","2009-05-09","17:19:00",-53.50521,-37.98705,NA,NA
1387,"Diomedea exulans","Wandering Albatross","South Georgia (Islas Georgias del Sur)","Bird Island (SGSSI (IGSISS))",-54,-38.03,"GPS",5097229,82198,"EOMN0040_20090509150300","adult","male","post-guard","breeding","2009-05-10","18:05:00",-53.38276,-41.43494,NA,NA
1387,"Diomedea exulans","Wandering Albatross","South Georgia (Islas Georgias del Sur)","Bird Island (SGSSI (IGSISS))",-54,-38.03,"GPS",5097229,82198,"EOMN0040_20090509150300","adult","male","post-guard","breeding","2009-05-10","14:38:00",-53.63923,-40.79015,NA,NA
1387,"Diomedea exulans","Wandering Albatross","South Georgia (Islas Georgias del Sur)","Bird Island (SGSSI (IGSISS))",-54,-38.03,"GPS",5097229,82198,"EOMN0040_20090509150300","adult","male","post-guard","breeding","2009-05-11","22:38:00",-50.44772,-49.56817,NA,NA
1387,"Diomedea exulans","Wandering Albatross","South Georgia (Islas Georgias del Sur)","Bird Island (SGSSI (IGSISS))",-54,-38.03,"GPS",5097229,82198,"EOMN0040_20090509150300","adult","male","post-guard","breeding","2009-05-12","03:23:00",-50.37837,-49.59749,NA,NA
1387,"Diomedea exulans","Wandering Albatross","South Georgia (Islas Georgias del Sur)","Bird Island (SGSSI (IGSISS))",-54,-38.03,"GPS",5097229,82198,"EOMN0040_20090509150300","adult","male","post-guard","breeding","2009-05-12","06:26:00",-50.26309,-50.14201,NA,NA
1387,"Diomedea exulans","Wandering Albatross","South Georgia (Islas Georgias del Sur)","Bird Island (SGSSI (IGSISS))",-54,-38.03,"GPS",5097229,82198,"EOMN0040_20090509150300","adult","male","post-guard","breeding","2009-05-10","21:09:00",-53.26071,-42.2231,NA,NA
1387,"Diomedea exulans","Wandering Albatross","South Georgia (Islas Georgias del Sur)","Bird Island (SGSSI (IGSISS))",-54,-38.03,"GPS",5097229,82198,"EOMN0040_20090509150300","adult","male","post-guard","breeding","2009-05-10","06:07:00",-53.77247,-40.74463,NA,NA
1387,"Diomedea exulans","Wandering Albatross","South Georgia (Islas Georgias del Sur)","Bird Island (SGSSI (IGSISS))",-54,-38.03,"GPS",5097229,82198,"EOMN0040_20090509150300","adult","male","post-guard","breeding","2009-05-14","21:53:00",-53.7511,-40.8564,NA,NA
1387,"Diomedea exulans","Wandering Albatross","South Georgia (Islas Georgias del Sur)","Bird Island (SGSSI (IGSISS))",-54,-38.03,"GPS",5097229,82198,"EOMN0040_20090509150300","adult","male","post-guard","breeding","2009-05-13","00:25:00",-53.23936,-54.34978,NA,NA
1387,"Diomedea exulans","Wandering Albatross","South Georgia (Islas Georgias del Sur)","Bird Island (SGSSI (IGSISS))",-54,-38.03,"GPS",5097229,82198,"EOMN0040_20090509150300","adult","male","post-guard","breeding","2009-05-13","14:27:00",-54.46699,-55.03595,NA,NA
1387,"Diomedea exulans","Wandering Albatross","South Georgia (Islas Georgias del Sur)","Bird Island (SGSSI (IGSISS))",-54,-38.03,"GPS",5097229,82198,"EOMN0040_20090509150300","adult","male","post-guard","breeding","2009-05-12","01:21:00",-50.40767,-49.57344,NA,NA
1387,"Diomedea exulans","Wandering Albatross","South Georgia (Islas Georgias del Sur)","Bird Island (SGSSI (IGSISS))",-54,-38.03,"GPS",5097229,82198,"EOMN0040_20090509150300","adult","male","post-guard","breeding","2009-05-12","06:05:00",-50.26694,-50.14486,NA,NA
1387,"Diomedea exulans","Wandering Albatross","South Georgia (Islas Georgias del Sur)","Bird Island (SGSSI (IGSISS))",-54,-38.03,"GPS",5097229,82198,"EOMN0040_20090509150300","adult","male","post-guard","breeding","2009-05-11","11:21:00",-51.05327,-48.70891,NA,NA
1387,"Diomedea exulans","Wandering Albatross","South Georgia (Islas Georgias del Sur)","Bird Island (SGSSI (IGSISS))",-54,-38.03,"GPS",5097229,82198,"EOMN0040_20090509150300","adult","male","post-guard","breeding","2009-05-14","12:43:00",-55.13583,-47.98172,NA,NA
1387,"Diomedea exulans","Wandering Albatross","South Georgia (Islas Georgias del Sur)","Bird Island (SGSSI (IGSISS))",-54,-38.03,"GPS",5097229,82198,"EOMN0040_20090509150300","adult","male","post-guard","breeding","2009-05-15","08:27:00",-53.93894,-38.28567,NA,NA
1387,"Diomedea exulans","Wandering Albatross","South Georgia (Islas Georgias del Sur)","Bird Island (SGSSI (IGSISS))",-54,-38.03,"GPS",5097229,82198,"EOMN0040_20090509150300","adult","male","post-guard","breeding","2009-05-14","23:15:00",-53.74235,-40.87317,NA,NA
1387,"Diomedea exulans","Wandering Albatross","South Georgia (Islas Georgias del Sur)","Bird Island (SGSSI (IGSISS))",-54,-38.03,"GPS",5097229,82198,"EOMN0040_20090509150300","adult","male","post-guard","breeding","2009-05-12","22:01:00",-53.22328,-54.37305,NA,NA
1387,"Diomedea exulans","Wandering Albatross","South Georgia (Islas Georgias del Sur)","Bird Island (SGSSI (IGSISS))",-54,-38.03,"GPS",5097229,82198,"EOMN0040_20090509150300","adult","male","post-guard","breeding","2009-05-13","01:26:00",-53.23235,-54.32787,NA,NA
1387,"Diomedea exulans","Wandering Albatross","South Georgia (Islas Georgias del Sur)","Bird Island (SGSSI (IGSISS))",-54,-38.03,"GPS",5097229,82198,"EOMN0040_20090509150300","adult","male","post-guard","breeding","2009-05-13","15:08:00",-54.46137,-55.029,NA,NA
1387,"Diomedea exulans","Wandering Albatross","South Georgia (Islas Georgias del Sur)","Bird Island (SGSSI (IGSISS))",-54,-38.03,"GPS",5097229,82198,"EOMN0040_20090509150300","adult","male","post-guard","breeding","2009-05-09","15:36:00",-53.82638,-38.03212,NA,NA
1387,"Diomedea exulans","Wandering Albatross","South Georgia (Islas Georgias del Sur)","Bird Island (SGSSI (IGSISS))",-54,-38.03,"GPS",5097229,82198,"EOMN0040_20090509150300","adult","male","post-guard","breeding","2009-05-15","02:38:00",-53.72563,-40.89082,NA,NA
1387,"Diomedea exulans","Wandering Albatross","South Georgia (Islas Georgias del Sur)","Bird Island (SGSSI (IGSISS))",-54,-38.03,"GPS",5097229,82198,"EOMN0040_20090509150300","adult","male","post-guard","breeding","2009-05-10","20:27:00",-53.26661,-42.0508,NA,NA
1387,"Diomedea exulans","Wandering Albatross","South Georgia (Islas Georgias del Sur)","Bird Island (SGSSI (IGSISS))",-54,-38.03,"GPS",5097229,82198,"EOMN0040_20090509150300","adult","male","post-guard","breeding","2009-05-12","17:13:00",-53.03365,-53.66312,NA,NA
1387,"Diomedea exulans","Wandering Albatross","South Georgia (Islas Georgias del Sur)","Bird Island (SGSSI (IGSISS))",-54,-38.03,"GPS",5097229,82198,"EOMN0040_20090509150300","adult","male","post-guard","breeding","2009-05-12","02:22:00",-50.39234,-49.5823,NA,NA
1387,"Diomedea exulans","Wandering Albatross","South Georgia (Islas Georgias del Sur)","Bird Island (SGSSI (IGSISS))",-54,-38.03,"GPS",5097229,82198,"EOMN0040_20090509150300","adult","male","post-guard","breeding","2009-05-12","03:43:00",-50.37368,-49.56565,NA,NA
1387,"Diomedea exulans","Wandering Albatross","South Georgia (Islas Georgias del Sur)","Bird Island (SGSSI (IGSISS))",-54,-38.03,"GPS",5097229,82198,"EOMN0040_20090509150300","adult","male","post-guard","breeding","2009-05-12","10:37:00",-50.7108,-50.75199,NA,NA
1387,"Diomedea exulans","Wandering Albatross","South Georgia (Islas Georgias del Sur)","Bird Island (SGSSI (IGSISS))",-54,-38.03,"GPS",5097229,82198,"EOMN0040_20090509150300","adult","male","post-guard","breeding","2009-05-11","07:34:00",-51.80262,-45.91253,NA,NA
1387,"Diomedea exulans","Wandering Albatross","South Georgia (Islas Georgias del Sur)","Bird Island (SGSSI (IGSISS))",-54,-38.03,"GPS",5097229,82198,"EOMN0040_20090509150300","adult","male","post-guard","breeding","2009-05-15","03:40:00",-53.72037,-40.89202,NA,NA
1387,"Diomedea exulans","Wandering Albatross","South Georgia (Islas Georgias del Sur)","Bird Island (SGSSI (IGSISS))",-54,-38.03,"GPS",5097229,82198,"EOMN0040_20090509150300","adult","male","post-guard","breeding","2009-05-15","04:00:00",-53.71863,-40.89122,NA,NA
1387,"Diomedea exulans","Wandering Albatross","South Georgia (Islas Georgias del Sur)","Bird Island (SGSSI (IGSISS))",-54,-38.03,"GPS",5097229,82198,"EOMN0040_20090509150300","adult","male","post-guard","breeding","2009-05-12","17:33:00",-53.17091,-53.76394,NA,NA
1387,"Diomedea exulans","Wandering Albatross","South Georgia (Islas Georgias del Sur)","Bird Island (SGSSI (IGSISS))",-54,-38.03,"GPS",5097229,82198,"EOMN0040_20090509150300","adult","male","post-guard","breeding","2009-05-13","16:10:00",-54.46395,-55.19883,NA,NA
1387,"Diomedea exulans","Wandering Albatross","South Georgia (Islas Georgias del Sur)","Bird Island (SGSSI (IGSISS))",-54,-38.03,"GPS",5097229,82198,"EOMN0040_20090509150300","adult","male","post-guard","breeding","2009-05-11","13:24:00",-50.59023,-49.21723,NA,NA
1387,"Diomedea exulans","Wandering Albatross","South Georgia (Islas Georgias del Sur)","Bird Island (SGSSI (IGSISS))",-54,-38.03,"GPS",5097229,82198,"EOMN0040_20090509150300","adult","male","post-guard","breeding","2009-05-10","22:53:00",-53.24693,-42.6326,NA,NA
1387,"Diomedea exulans","Wandering Albatross","South Georgia (Islas Georgias del Sur)","Bird Island (SGSSI (IGSISS))",-54,-38.03,"GPS",5097229,82198,"EOMN0040_20090509150300","adult","male","post-guard","breeding","2009-05-12","19:17:00",-53.23282,-54.42197,NA,NA
1387,"Diomedea exulans","Wandering Albatross","South Georgia (Islas Georgias del Sur)","Bird Island (SGSSI (IGSISS))",-54,-38.03,"GPS",5097229,82198,"EOMN0040_20090509150300","adult","male","post-guard","breeding","2009-05-13","23:00:00",-54.42043,-55.09877,NA,NA
1387,"Diomedea exulans","Wandering Albatross","South Georgia (Islas Georgias del Sur)","Bird Island (SGSSI (IGSISS))",-54,-38.03,"GPS",5097229,82198,"EOMN0040_20090509150300","adult","male","post-guard","breeding","2009-05-13","06:36:00",-54.13012,-55.44649,NA,NA
1387,"Diomedea exulans","Wandering Albatross","South Georgia (Islas Georgias del Sur)","Bird Island (SGSSI (IGSISS))",-54,-38.03,"GPS",5097229,82198,"EOMN0040_20090509150300","adult","male","post-guard","breeding","2009-05-11","23:39:00",-50.4337,-49.56665,NA,NA
1387,"Diomedea exulans","Wandering Albatross","South Georgia (Islas Georgias del Sur)","Bird Island (SGSSI (IGSISS))",-54,-38.03,"GPS",5097229,82198,"EOMN0040_20090509150300","adult","male","post-guard","breeding","2009-05-11","12:23:00",-50.96227,-48.80739,NA,NA
1387,"Diomedea exulans","Wandering Albatross","South Georgia (Islas Georgias del Sur)","Bird Island (SGSSI (IGSISS))",-54,-38.03,"GPS",5097229,82198,"EOMN0040_20090509150300","adult","male","post-guard","breeding","2009-05-11","01:38:00",-53.2105,-42.72557,NA,NA
1387,"Diomedea exulans","Wandering Albatross","South Georgia (Islas Georgias del Sur)","Bird Island (SGSSI (IGSISS))",-54,-38.03,"GPS",5097229,82198,"EOMN0040_20090509150300","adult","male","post-guard","breeding","2009-05-10","09:51:00",-53.84474,-40.58205,NA,NA
1387,"Diomedea exulans","Wandering Albatross","South Georgia (Islas Georgias del Sur)","Bird Island (SGSSI (IGSISS))",-54,-38.03,"GPS",5097229,82198,"EOMN0040_20090509150300","adult","male","post-guard","breeding","2009-05-14","17:28:00",-54.06381,-43.38478,NA,NA
1387,"Diomedea exulans","Wandering Albatross","South Georgia (Islas Georgias del Sur)","Bird Island (SGSSI (IGSISS))",-54,-38.03,"GPS",5097229,82198,"EOMN0040_20090509150300","adult","male","post-guard","breeding","2009-05-12","22:42:00",-53.23112,-54.36691,NA,NA
1387,"Diomedea exulans","Wandering Albatross","South Georgia (Islas Georgias del Sur)","Bird Island (SGSSI (IGSISS))",-54,-38.03,"GPS",5097229,82198,"EOMN0040_20090509150300","adult","male","post-guard","breeding","2009-05-13","15:49:00",-54.47069,-55.10472,NA,NA
1387,"Diomedea exulans","Wandering Albatross","South Georgia (Islas Georgias del Sur)","Bird Island (SGSSI (IGSISS))",-54,-38.03,"GPS",5097229,82198,"EOMN0040_20090509150300","adult","male","post-guard","breeding","2009-05-14","15:46:00",-54.19462,-45.28904,NA,NA
1387,"Diomedea exulans","Wandering Albatross","South Georgia (Islas Georgias del Sur)","Bird Island (SGSSI (IGSISS))",-54,-38.03,"GPS",5097229,82198,"EOMN0040_20090509150300","adult","male","post-guard","breeding","2009-05-11","00:37:00",-53.20734,-42.63481,NA,NA
1387,"Diomedea exulans","Wandering Albatross","South Georgia (Islas Georgias del Sur)","Bird Island (SGSSI (IGSISS))",-54,-38.03,"GPS",5097229,82198,"EOMN0040_20090509150300","adult","male","post-guard","breeding","2009-05-15","05:42:00",-53.80922,-40.30494,NA,NA
1387,"Diomedea exulans","Wandering Albatross","South Georgia (Islas Georgias del Sur)","Bird Island (SGSSI (IGSISS))",-54,-38.03,"GPS",5097229,82198,"EOMN0040_20090509150300","adult","male","post-guard","breeding","2009-05-10","08:50:00",-53.83557,-40.61511,NA,NA
1387,"Diomedea exulans","Wandering Albatross","South Georgia (Islas Georgias del Sur)","Bird Island (SGSSI (IGSISS))",-54,-38.03,"GPS",5097229,82198,"EOMN0040_20090509150300","adult","male","post-guard","breeding","2009-05-15","00:36:00",-53.7352,-40.883,NA,NA
1387,"Diomedea exulans","Wandering Albatross","South Georgia (Islas Georgias del Sur)","Bird Island (SGSSI (IGSISS))",-54,-38.03,"GPS",5097229,82198,"EOMN0040_20090509150300","adult","male","post-guard","breeding","2009-05-10","18:25:00",-53.39502,-41.52222,NA,NA
1387,"Diomedea exulans","Wandering Albatross","South Georgia (Islas Georgias del Sur)","Bird Island (SGSSI (IGSISS))",-54,-38.03,"GPS",5097229,82198,"EOMN0040_20090509150300","adult","male","post-guard","breeding","2009-05-10","15:00:00",-53.62695,-40.87254,NA,NA
1387,"Diomedea exulans","Wandering Albatross","South Georgia (Islas Georgias del Sur)","Bird Island (SGSSI (IGSISS))",-54,-38.03,"GPS",5097229,82198,"EOMN0040_20090509150300","adult","male","post-guard","breeding","2009-05-12","13:45:00",-51.76595,-52.60507,NA,NA
1387,"Diomedea exulans","Wandering Albatross","South Georgia (Islas Georgias del Sur)","Bird Island (SGSSI (IGSISS))",-54,-38.03,"GPS",5097229,82198,"EOMN0040_20090509150300","adult","male","post-guard","breeding","2009-05-13","13:06:00",-54.47779,-55.05515,NA,NA
1387,"Diomedea exulans","Wandering Albatross","South Georgia (Islas Georgias del Sur)","Bird Island (SGSSI (IGSISS))",-54,-38.03,"GPS",5097229,82198,"EOMN0040_20090509150300","adult","male","post-guard","breeding","2009-05-12","14:47:00",-52.10551,-53.07876,NA,NA
1387,"Diomedea exulans","Wandering Albatross","South Georgia (Islas Georgias del Sur)","Bird Island (SGSSI (IGSISS))",-54,-38.03,"GPS",5097229,82198,"EOMN0040_20090509150300","adult","male","post-guard","breeding","2009-05-14","13:44:00",-54.59445,-47.18204,NA,NA
1387,"Diomedea exulans","Wandering Albatross","South Georgia (Islas Georgias del Sur)","Bird Island (SGSSI (IGSISS))",-54,-38.03,"GPS",5097229,82198,"EOMN0040_20090509150300","adult","male","post-guard","breeding","2009-05-11","01:17:00",-53.17171,-42.69286,NA,NA
1387,"Diomedea exulans","Wandering Albatross","South Georgia (Islas Georgias del Sur)","Bird Island (SGSSI (IGSISS))",-54,-38.03,"GPS",5097229,82198,"EOMN0040_20090509150300","adult","male","post-guard","breeding","2009-05-13","09:41:00",-54.46693,-55.0749,NA,NA
1387,"Diomedea exulans","Wandering Albatross","South Georgia (Islas Georgias del Sur)","Bird Island (SGSSI (IGSISS))",-54,-38.03,"GPS",5097229,82198,"EOMN0040_20090509150300","adult","male","post-guard","breeding","2009-05-13","23:20:00",-54.41642,-55.09142,NA,NA
1387,"Diomedea exulans","Wandering Albatross","South Georgia (Islas Georgias del Sur)","Bird Island (SGSSI (IGSISS))",-54,-38.03,"GPS",5097229,82198,"EOMN0040_20090509150300","adult","male","post-guard","breeding","2009-05-14","00:22:00",-54.40331,-55.06777,NA,NA
1387,"Diomedea exulans","Wandering Albatross","South Georgia (Islas Georgias del Sur)","Bird Island (SGSSI (IGSISS))",-54,-38.03,"GPS",5097229,82198,"EOMN0040_20090509150300","adult","male","post-guard","breeding","2009-05-11","04:46:00",-52.66176,-44.29595,NA,NA
1387,"Diomedea exulans","Wandering Albatross","South Georgia (Islas Georgias del Sur)","Bird Island (SGSSI (IGSISS))",-54,-38.03,"GPS",5097229,82198,"EOMN0040_20090509150300","adult","male","post-guard","breeding","2009-05-10","08:08:00",-53.80582,-40.64397,NA,NA
1387,"Diomedea exulans","Wandering Albatross","South Georgia (Islas Georgias del Sur)","Bird Island (SGSSI (IGSISS))",-54,-38.03,"GPS",5097229,82198,"EOMN0040_20090509150300","adult","male","post-guard","breeding","2009-05-13","21:39:00",-54.43221,-55.12871,NA,NA
1387,"Diomedea exulans","Wandering Albatross","South Georgia (Islas Georgias del Sur)","Bird Island (SGSSI (IGSISS))",-54,-38.03,"GPS",5097229,82198,"EOMN0040_20090509150300","adult","male","post-guard","breeding","2009-05-14","00:01:00",-54.40831,-55.07605,NA,NA
1387,"Diomedea exulans","Wandering Albatross","South Georgia (Islas Georgias del Sur)","Bird Island (SGSSI (IGSISS))",-54,-38.03,"GPS",5097229,82198,"EOMN0040_20090509150300","adult","male","post-guard","breeding","2009-05-13","05:55:00",-53.89083,-55.31939,NA,NA
1387,"Diomedea exulans","Wandering Albatross","South Georgia (Islas Georgias del Sur)","Bird Island (SGSSI (IGSISS))",-54,-38.03,"GPS",5097229,82198,"EOMN0040_20090509150300","adult","male","post-guard","breeding","2009-05-12","15:28:00",-52.35003,-53.18169,NA,NA
1387,"Diomedea exulans","Wandering Albatross","South Georgia (Islas Georgias del Sur)","Bird Island (SGSSI (IGSISS))",-54,-38.03,"GPS",5097229,82198,"EOMN0040_20090509150300","adult","male","post-guard","breeding","2009-05-11","04:26:00",-52.75716,-44.091,NA,NA
1387,"Diomedea exulans","Wandering Albatross","South Georgia (Islas Georgias del Sur)","Bird Island (SGSSI (IGSISS))",-54,-38.03,"GPS",5097229,82198,"EOMN0040_20090509150300","adult","male","post-guard","breeding","2009-05-14","13:24:00",-54.7766,-47.43908,NA,NA
1387,"Diomedea exulans","Wandering Albatross","South Georgia (Islas Georgias del Sur)","Bird Island (SGSSI (IGSISS))",-54,-38.03,"GPS",5097229,82198,"EOMN0040_20090509150300","adult","male","post-guard","breeding","2009-05-10","13:36:00",-53.57078,-40.60571,NA,NA
1387,"Diomedea exulans","Wandering Albatross","South Georgia (Islas Georgias del Sur)","Bird Island (SGSSI (IGSISS))",-54,-38.03,"GPS",5097229,82198,"EOMN0040_20090509150300","adult","male","post-guard","breeding","2009-05-12","23:24:00",-53.23103,-54.35746,NA,NA
1387,"Diomedea exulans","Wandering Albatross","South Georgia (Islas Georgias del Sur)","Bird Island (SGSSI (IGSISS))",-54,-38.03,"GPS",5097229,82198,"EOMN0040_20090509150300","adult","male","post-guard","breeding","2009-05-13","21:18:00",-54.43454,-55.13584,NA,NA
1387,"Diomedea exulans","Wandering Albatross","South Georgia (Islas Georgias del Sur)","Bird Island (SGSSI (IGSISS))",-54,-38.03,"GPS",5097229,82198,"EOMN0040_20090509150300","adult","male","post-guard","breeding","2009-05-14","07:56:00",-54.94335,-52.06539,NA,NA
1387,"Diomedea exulans","Wandering Albatross","South Georgia (Islas Georgias del Sur)","Bird Island (SGSSI (IGSISS))",-54,-38.03,"GPS",5097229,82198,"EOMN0040_20090509150300","adult","male","post-guard","breeding","2009-05-14","12:02:00",-55.26537,-48.77295,NA,NA
1387,"Diomedea exulans","Wandering Albatross","South Georgia (Islas Georgias del Sur)","Bird Island (SGSSI (IGSISS))",-54,-38.03,"GPS",5097229,82198,"EOMN0040_20090509150300","adult","male","post-guard","breeding","2009-05-13","19:16:00",-54.44674,-55.17497,NA,NA
1387,"Diomedea exulans","Wandering Albatross","South Georgia (Islas Georgias del Sur)","Bird Island (SGSSI (IGSISS))",-54,-38.03,"GPS",5097229,82198,"EOMN0040_20090509150300","adult","male","post-guard","breeding","2009-05-11","21:16:00",-50.45602,-49.56404,NA,NA
1387,"Diomedea exulans","Wandering Albatross","South Georgia (Islas Georgias del Sur)","Bird Island (SGSSI (IGSISS))",-54,-38.03,"GPS",5097229,82198,"EOMN0040_20090509150300","adult","male","post-guard","breeding","2009-05-11","14:05:00",-50.50862,-49.49123,NA,NA
1387,"Diomedea exulans","Wandering Albatross","South Georgia (Islas Georgias del Sur)","Bird Island (SGSSI (IGSISS))",-54,-38.03,"GPS",5097229,82198,"EOMN0040_20090509150300","adult","male","post-guard","breeding","2009-05-11","05:29:00",-52.47847,-44.76668,NA,NA
1387,"Diomedea exulans","Wandering Albatross","South Georgia (Islas Georgias del Sur)","Bird Island (SGSSI (IGSISS))",-54,-38.03,"GPS",5097229,82198,"EOMN0040_20090509150300","adult","male","post-guard","breeding","2009-05-10","11:33:00",-53.72012,-40.57323,NA,NA
1387,"Diomedea exulans","Wandering Albatross","South Georgia (Islas Georgias del Sur)","Bird Island (SGSSI (IGSISS))",-54,-38.03,"GPS",5097229,82198,"EOMN0040_20090509150300","adult","male","post-guard","breeding","2009-05-15","02:58:00",-53.72399,-40.89208,NA,NA
1387,"Diomedea exulans","Wandering Albatross","South Georgia (Islas Georgias del Sur)","Bird Island (SGSSI (IGSISS))",-54,-38.03,"GPS",5097229,82198,"EOMN0040_20090509150300","adult","male","post-guard","breeding","2009-05-09","21:48:00",-53.63367,-41.05726,NA,NA
1387,"Diomedea exulans","Wandering Albatross","South Georgia (Islas Georgias del Sur)","Bird Island (SGSSI (IGSISS))",-54,-38.03,"GPS",5097229,82198,"EOMN0040_20090509150300","adult","male","post-guard","breeding","2009-05-13","00:05:00",-53.23985,-54.35508,NA,NA
1387,"Diomedea exulans","Wandering Albatross","South Georgia (Islas Georgias del Sur)","Bird Island (SGSSI (IGSISS))",-54,-38.03,"GPS",5097229,82198,"EOMN0040_20090509150300","adult","male","post-guard","breeding","2009-05-11","22:17:00",-50.45173,-49.56873,NA,NA
1387,"Diomedea exulans","Wandering Albatross","South Georgia (Islas Georgias del Sur)","Bird Island (SGSSI (IGSISS))",-54,-38.03,"GPS",5097229,82198,"EOMN0040_20090509150300","adult","male","post-guard","breeding","2009-05-12","09:36:00",-50.41568,-50.28543,NA,NA
1387,"Diomedea exulans","Wandering Albatross","South Georgia (Islas Georgias del Sur)","Bird Island (SGSSI (IGSISS))",-54,-38.03,"GPS",5097229,82198,"EOMN0040_20090509150300","adult","male","post-guard","breeding","2009-05-11","05:49:00",-52.38481,-45.01443,NA,NA
1387,"Diomedea exulans","Wandering Albatross","South Georgia (Islas Georgias del Sur)","Bird Island (SGSSI (IGSISS))",-54,-38.03,"GPS",5097229,82198,"EOMN0040_20090509150300","adult","male","post-guard","breeding","2009-05-14","15:06:00",-54.25406,-45.9836,NA,NA
1387,"Diomedea exulans","Wandering Albatross","South Georgia (Islas Georgias del Sur)","Bird Island (SGSSI (IGSISS))",-54,-38.03,"GPS",5097229,82198,"EOMN0040_20090509150300","adult","male","post-guard","breeding","2009-05-11","02:44:00",-53.22305,-43.15693,NA,NA
1387,"Diomedea exulans","Wandering Albatross","South Georgia (Islas Georgias del Sur)","Bird Island (SGSSI (IGSISS))",-54,-38.03,"GPS",5097229,82198,"EOMN0040_20090509150300","adult","male","post-guard","breeding","2009-05-09","15:56:00",-53.71467,-37.92621,NA,NA
1387,"Diomedea exulans","Wandering Albatross","South Georgia (Islas Georgias del Sur)","Bird Island (SGSSI (IGSISS))",-54,-38.03,"GPS",5097229,82198,"EOMN0040_20090509150300","adult","male","post-guard","breeding","2009-05-14","21:33:00",-53.75367,-40.85187,NA,NA
1387,"Diomedea exulans","Wandering Albatross","South Georgia (Islas Georgias del Sur)","Bird Island (SGSSI (IGSISS))",-54,-38.03,"GPS",5097229,82198,"EOMN0040_20090509150300","adult","male","post-guard","breeding","2009-05-10","03:21:00",-53.76865,-41.20216,NA,NA
1387,"Diomedea exulans","Wandering Albatross","South Georgia (Islas Georgias del Sur)","Bird Island (SGSSI (IGSISS))",-54,-38.03,"GPS",5097229,82198,"EOMN0040_20090509150300","adult","male","post-guard","breeding","2009-05-10","16:44:00",-53.59073,-41.21899,NA,NA
1387,"Diomedea exulans","Wandering Albatross","South Georgia (Islas Georgias del Sur)","Bird Island (SGSSI (IGSISS))",-54,-38.03,"GPS",5097229,82198,"EOMN0040_20090509150300","adult","male","post-guard","breeding","2009-05-12","20:18:00",-53.23191,-54.40735,NA,NA
1387,"Diomedea exulans","Wandering Albatross","South Georgia (Islas Georgias del Sur)","Bird Island (SGSSI (IGSISS))",-54,-38.03,"GPS",5097229,82198,"EOMN0040_20090509150300","adult","male","post-guard","breeding","2009-05-13","10:23:00",-54.46359,-55.00608,NA,NA
1387,"Diomedea exulans","Wandering Albatross","South Georgia (Islas Georgias del Sur)","Bird Island (SGSSI (IGSISS))",-54,-38.03,"GPS",5097229,82198,"EOMN0040_20090509150300","adult","male","post-guard","breeding","2009-05-13","11:23:00",-54.45544,-54.99351,NA,NA
1387,"Diomedea exulans","Wandering Albatross","South Georgia (Islas Georgias del Sur)","Bird Island (SGSSI (IGSISS))",-54,-38.03,"GPS",5097229,82198,"EOMN0040_20090509150300","adult","male","post-guard","breeding","2009-05-11","16:49:00",-50.4877,-49.55011,NA,NA
1387,"Diomedea exulans","Wandering Albatross","South Georgia (Islas Georgias del Sur)","Bird Island (SGSSI (IGSISS))",-54,-38.03,"GPS",5097229,82198,"EOMN0040_20090509150300","adult","male","post-guard","breeding","2009-05-11","22:58:00",-50.44333,-49.56766,NA,NA
1387,"Diomedea exulans","Wandering Albatross","South Georgia (Islas Georgias del Sur)","Bird Island (SGSSI (IGSISS))",-54,-38.03,"GPS",5097229,82198,"EOMN0040_20090509150300","adult","male","post-guard","breeding","2009-05-14","04:29:00",-54.86941,-52.86674,NA,NA
1387,"Diomedea exulans","Wandering Albatross","South Georgia (Islas Georgias del Sur)","Bird Island (SGSSI (IGSISS))",-54,-38.03,"GPS",5097229,82198,"EOMN0040_20090509150300","adult","male","post-guard","breeding","2009-05-14","08:59:00",-55.02722,-51.24753,NA,NA
1387,"Diomedea exulans","Wandering Albatross","South Georgia (Islas Georgias del Sur)","Bird Island (SGSSI (IGSISS))",-54,-38.03,"GPS",5097229,82198,"EOMN0040_20090509150300","adult","male","post-guard","breeding","2009-05-11","03:45:00",-52.94643,-43.68913,NA,NA
1387,"Diomedea exulans","Wandering Albatross","South Georgia (Islas Georgias del Sur)","Bird Island (SGSSI (IGSISS))",-54,-38.03,"GPS",5097229,82198,"EOMN0040_20090509150300","adult","male","post-guard","breeding","2009-05-11","02:01:00",-53.21514,-42.84089,NA,NA
1387,"Diomedea exulans","Wandering Albatross","South Georgia (Islas Georgias del Sur)","Bird Island (SGSSI (IGSISS))",-54,-38.03,"GPS",5097229,82198,"EOMN0040_20090509150300","adult","male","post-guard","breeding","2009-05-09","21:28:00",-53.62983,-41.05453,NA,NA
1387,"Diomedea exulans","Wandering Albatross","South Georgia (Islas Georgias del Sur)","Bird Island (SGSSI (IGSISS))",-54,-38.03,"GPS",5097229,82198,"EOMN0040_20090509150300","adult","male","post-guard","breeding","2009-05-12","16:29:00",-52.75308,-53.4472,NA,NA
1387,"Diomedea exulans","Wandering Albatross","South Georgia (Islas Georgias del Sur)","Bird Island (SGSSI (IGSISS))",-54,-38.03,"GPS",5097229,82198,"EOMN0040_20090509150300","adult","male","post-guard","breeding","2009-05-10","22:32:00",-53.36507,-42.52439,NA,NA
1387,"Diomedea exulans","Wandering Albatross","South Georgia (Islas Georgias del Sur)","Bird Island (SGSSI (IGSISS))",-54,-38.03,"GPS",5097229,82198,"EOMN0040_20090509150300","adult","male","post-guard","breeding","2009-05-10","21:30:00",-53.36677,-42.2682,NA,NA
1387,"Diomedea exulans","Wandering Albatross","South Georgia (Islas Georgias del Sur)","Bird Island (SGSSI (IGSISS))",-54,-38.03,"GPS",5097229,82198,"EOMN0040_20090509150300","adult","male","post-guard","breeding","2009-05-10","16:01:00",-53.62364,-41.05256,NA,NA
1387,"Diomedea exulans","Wandering Albatross","South Georgia (Islas Georgias del Sur)","Bird Island (SGSSI (IGSISS))",-54,-38.03,"GPS",5097229,82198,"EOMN0040_20090509150300","adult","male","post-guard","breeding","2009-05-10","00:33:00",-53.61275,-40.97284,NA,NA
1387,"Diomedea exulans","Wandering Albatross","South Georgia (Islas Georgias del Sur)","Bird Island (SGSSI (IGSISS))",-54,-38.03,"GPS",5097229,82198,"EOMN0040_20090509150300","adult","male","post-guard","breeding","2009-05-11","23:19:00",-50.43843,-49.56699,NA,NA
1387,"Diomedea exulans","Wandering Albatross","South Georgia (Islas Georgias del Sur)","Bird Island (SGSSI (IGSISS))",-54,-38.03,"GPS",5097229,82198,"EOMN0040_20090509150300","adult","male","post-guard","breeding","2009-05-12","00:41:00",-50.41801,-49.57052,NA,NA
1387,"Diomedea exulans","Wandering Albatross","South Georgia (Islas Georgias del Sur)","Bird Island (SGSSI (IGSISS))",-54,-38.03,"GPS",5097229,82198,"EOMN0040_20090509150300","adult","male","post-guard","breeding","2009-05-12","01:41:00",-50.40296,-49.57556,NA,NA
1387,"Diomedea exulans","Wandering Albatross","South Georgia (Islas Georgias del Sur)","Bird Island (SGSSI (IGSISS))",-54,-38.03,"GPS",5097229,82198,"EOMN0040_20090509150300","adult","male","post-guard","breeding","2009-05-12","08:55:00",-50.24065,-50.11989,NA,NA
1387,"Diomedea exulans","Wandering Albatross","South Georgia (Islas Georgias del Sur)","Bird Island (SGSSI (IGSISS))",-54,-38.03,"GPS",5097229,82198,"EOMN0040_20090509150300","adult","male","post-guard","breeding","2009-05-11","08:18:00",-51.63927,-46.87184,NA,NA
1387,"Diomedea exulans","Wandering Albatross","South Georgia (Islas Georgias del Sur)","Bird Island (SGSSI (IGSISS))",-54,-38.03,"GPS",5097229,82198,"EOMN0040_20090509150300","adult","male","post-guard","breeding","2009-05-09","15:15:00",-53.94557,-38.08812,NA,NA
1387,"Diomedea exulans","Wandering Albatross","South Georgia (Islas Georgias del Sur)","Bird Island (SGSSI (IGSISS))",-54,-38.03,"GPS",5097229,82198,"EOMN0040_20090509150300","adult","male","post-guard","breeding","2009-05-10","05:47:00",-53.76716,-40.75721,NA,NA
1387,"Diomedea exulans","Wandering Albatross","South Georgia (Islas Georgias del Sur)","Bird Island (SGSSI (IGSISS))",-54,-38.03,"GPS",5097229,82198,"EOMN0040_20090509150300","adult","male","post-guard","breeding","2009-05-10","10:12:00",-53.82293,-40.5445,NA,NA
1387,"Diomedea exulans","Wandering Albatross","South Georgia (Islas Georgias del Sur)","Bird Island (SGSSI (IGSISS))",-54,-38.03,"GPS",5097229,82198,"EOMN0040_20090509150300","adult","male","post-guard","breeding","2009-05-10","12:55:00",-53.65396,-40.54304,NA,NA
1387,"Diomedea exulans","Wandering Albatross","South Georgia (Islas Georgias del Sur)","Bird Island (SGSSI (IGSISS))",-54,-38.03,"GPS",5097229,82198,"EOMN0040_20090509150300","adult","male","post-guard","breeding","2009-05-14","00:45:00",-54.39827,-55.05967,NA,NA
1387,"Diomedea exulans","Wandering Albatross","South Georgia (Islas Georgias del Sur)","Bird Island (SGSSI (IGSISS))",-54,-38.03,"GPS",5097229,82198,"EOMN0040_20090509150300","adult","male","post-guard","breeding","2009-05-11","20:35:00",-50.46291,-49.56366,NA,NA
1387,"Diomedea exulans","Wandering Albatross","South Georgia (Islas Georgias del Sur)","Bird Island (SGSSI (IGSISS))",-54,-38.03,"GPS",5097229,82198,"EOMN0040_20090509150300","adult","male","post-guard","breeding","2009-05-11","12:43:00",-50.84862,-48.94308,NA,NA
1387,"Diomedea exulans","Wandering Albatross","South Georgia (Islas Georgias del Sur)","Bird Island (SGSSI (IGSISS))",-54,-38.03,"GPS",5097229,82198,"EOMN0040_20090509150300","adult","male","post-guard","breeding","2009-05-14","11:42:00",-55.27589,-49.12189,NA,NA
1387,"Diomedea exulans","Wandering Albatross","South Georgia (Islas Georgias del Sur)","Bird Island (SGSSI (IGSISS))",-54,-38.03,"GPS",5097229,82198,"EOMN0040_20090509150300","adult","male","post-guard","breeding","2009-05-11","00:16:00",-53.20991,-42.63669,NA,NA
1387,"Diomedea exulans","Wandering Albatross","South Georgia (Islas Georgias del Sur)","Bird Island (SGSSI (IGSISS))",-54,-38.03,"GPS",5097229,82198,"EOMN0040_20090509150300","adult","male","post-guard","breeding","2009-05-09","20:06:00",-53.70197,-40.43761,NA,NA
1387,"Diomedea exulans","Wandering Albatross","South Georgia (Islas Georgias del Sur)","Bird Island (SGSSI (IGSISS))",-54,-38.03,"GPS",5097229,82198,"EOMN0040_20090509150300","adult","male","post-guard","breeding","2009-05-10","09:10:00",-53.83512,-40.59922,NA,NA
1387,"Diomedea exulans","Wandering Albatross","South Georgia (Islas Georgias del Sur)","Bird Island (SGSSI (IGSISS))",-54,-38.03,"GPS",5097229,82198,"EOMN0040_20090509150300","adult","male","post-guard","breeding","2009-05-10","13:15:00",-53.59338,-40.55895,NA,NA
1387,"Diomedea exulans","Wandering Albatross","South Georgia (Islas Georgias del Sur)","Bird Island (SGSSI (IGSISS))",-54,-38.03,"GPS",5097229,82198,"EOMN0040_20090509150300","adult","male","post-guard","breeding","2009-05-09","23:51:00",-53.6497,-40.99349,NA,NA
1387,"Diomedea exulans","Wandering Albatross","South Georgia (Islas Georgias del Sur)","Bird Island (SGSSI (IGSISS))",-54,-38.03,"GPS",5097229,82198,"EOMN0040_20090509150300","adult","male","post-guard","breeding","2009-05-13","14:47:00",-54.46435,-55.03262,NA,NA
1387,"Diomedea exulans","Wandering Albatross","South Georgia (Islas Georgias del Sur)","Bird Island (SGSSI (IGSISS))",-54,-38.03,"GPS",5097229,82198,"EOMN0040_20090509150300","adult","male","post-guard","breeding","2009-05-14","01:06:00",-54.39351,-55.05332,NA,NA
1387,"Diomedea exulans","Wandering Albatross","South Georgia (Islas Georgias del Sur)","Bird Island (SGSSI (IGSISS))",-54,-38.03,"GPS",5097229,82198,"EOMN0040_20090509150300","adult","male","post-guard","breeding","2009-05-13","05:15:00",-53.74983,-55.17382,NA,NA
1387,"Diomedea exulans","Wandering Albatross","South Georgia (Islas Georgias del Sur)","Bird Island (SGSSI (IGSISS))",-54,-38.03,"GPS",5097229,82198,"EOMN0040_20090509150300","adult","male","post-guard","breeding","2009-05-11","16:29:00",-50.49028,-49.5467,NA,NA
1387,"Diomedea exulans","Wandering Albatross","South Georgia (Islas Georgias del Sur)","Bird Island (SGSSI (IGSISS))",-54,-38.03,"GPS",5097229,82198,"EOMN0040_20090509150300","adult","male","post-guard","breeding","2009-05-14","09:40:00",-55.09215,-50.92951,NA,NA
1387,"Diomedea exulans","Wandering Albatross","South Georgia (Islas Georgias del Sur)","Bird Island (SGSSI (IGSISS))",-54,-38.03,"GPS",5097229,82198,"EOMN0040_20090509150300","adult","male","post-guard","breeding","2009-05-09","16:16:00",-53.6048,-37.89782,NA,NA
1387,"Diomedea exulans","Wandering Albatross","South Georgia (Islas Georgias del Sur)","Bird Island (SGSSI (IGSISS))",-54,-38.03,"GPS",5097229,82198,"EOMN0040_20090509150300","adult","male","post-guard","breeding","2009-05-12","18:35:00",-53.32382,-54.14501,NA,NA
1387,"Diomedea exulans","Wandering Albatross","South Georgia (Islas Georgias del Sur)","Bird Island (SGSSI (IGSISS))",-54,-38.03,"GPS",5097229,82198,"EOMN0040_20090509150300","adult","male","post-guard","breeding","2009-05-12","19:58:00",-53.22749,-54.40568,NA,NA
1387,"Diomedea exulans","Wandering Albatross","South Georgia (Islas Georgias del Sur)","Bird Island (SGSSI (IGSISS))",-54,-38.03,"GPS",5097229,82198,"EOMN0040_20090509150300","adult","male","post-guard","breeding","2009-05-13","03:28:00",-53.35647,-54.51075,NA,NA
1387,"Diomedea exulans","Wandering Albatross","South Georgia (Islas Georgias del Sur)","Bird Island (SGSSI (IGSISS))",-54,-38.03,"GPS",5097229,82198,"EOMN0040_20090509150300","adult","male","post-guard","breeding","2009-05-13","12:46:00",-54.48058,-55.05987,NA,NA
1387,"Diomedea exulans","Wandering Albatross","South Georgia (Islas Georgias del Sur)","Bird Island (SGSSI (IGSISS))",-54,-38.03,"GPS",5097229,82198,"EOMN0040_20090509150300","adult","male","post-guard","breeding","2009-05-13","15:29:00",-54.45887,-55.02557,NA,NA
1387,"Diomedea exulans","Wandering Albatross","South Georgia (Islas Georgias del Sur)","Bird Island (SGSSI (IGSISS))",-54,-38.03,"GPS",5097229,82198,"EOMN0040_20090509150300","adult","male","post-guard","breeding","2009-05-13","20:17:00",-54.44012,-55.1571,NA,NA
1387,"Diomedea exulans","Wandering Albatross","South Georgia (Islas Georgias del Sur)","Bird Island (SGSSI (IGSISS))",-54,-38.03,"GPS",5097229,82199,"IGOT0100_20120227184500","adult","male","incubation","breeding","2012-02-28","20:42:00",-49.83356,-47.73651,NA,NA
1387,"Diomedea exulans","Wandering Albatross","South Georgia (Islas Georgias del Sur)","Bird Island (SGSSI (IGSISS))",-54,-38.03,"GPS",5097229,82199,"IGOT0100_20120227184500","adult","male","incubation","breeding","2012-03-03","10:14:00",-53.94111,-38.76156,NA,NA
1387,"Diomedea exulans","Wandering Albatross","South Georgia (Islas Georgias del Sur)","Bird Island (SGSSI (IGSISS))",-54,-38.03,"GPS",5097229,82199,"IGOT0100_20120227184500","adult","male","incubation","breeding","2012-03-03","10:41:00",-53.90421,-38.59928,NA,NA
1387,"Diomedea exulans","Wandering Albatross","South Georgia (Islas Georgias del Sur)","Bird Island (SGSSI (IGSISS))",-54,-38.03,"GPS",5097229,82199,"IGOT0100_20120227184500","adult","male","incubation","breeding","2012-03-02","00:58:00",-50.2002,-50.17015,NA,NA
1387,"Diomedea exulans","Wandering Albatross","South Georgia (Islas Georgias del Sur)","Bird Island (SGSSI (IGSISS))",-54,-38.03,"GPS",5097229,82199,"IGOT0100_20120227184500","adult","male","incubation","breeding","2012-03-02","07:59:00",-50.36324,-50.15847,NA,NA
1387,"Diomedea exulans","Wandering Albatross","South Georgia (Islas Georgias del Sur)","Bird Island (SGSSI (IGSISS))",-54,-38.03,"GPS",5097229,82199,"IGOT0100_20120227184500","adult","male","incubation","breeding","2012-03-02","10:03:00",-51.08984,-49.01973,NA,NA
1387,"Diomedea exulans","Wandering Albatross","South Georgia (Islas Georgias del Sur)","Bird Island (SGSSI (IGSISS))",-54,-38.03,"GPS",5097229,82199,"IGOT0100_20120227184500","adult","male","incubation","breeding","2012-02-29","15:07:00",-48.83746,-50.04308,NA,NA
1387,"Diomedea exulans","Wandering Albatross","South Georgia (Islas Georgias del Sur)","Bird Island (SGSSI (IGSISS))",-54,-38.03,"GPS",5097229,82199,"IGOT0100_20120227184500","adult","male","incubation","breeding","2012-03-02","21:24:00",-54.09891,-42.01798,NA,NA
1387,"Diomedea exulans","Wandering Albatross","South Georgia (Islas Georgias del Sur)","Bird Island (SGSSI (IGSISS))",-54,-38.03,"GPS",5097229,82199,"IGOT0100_20120227184500","adult","male","incubation","breeding","2012-02-29","17:10:00",-48.84487,-50.10572,NA,NA
1387,"Diomedea exulans","Wandering Albatross","South Georgia (Islas Georgias del Sur)","Bird Island (SGSSI (IGSISS))",-54,-38.03,"GPS",5097229,82199,"IGOT0100_20120227184500","adult","male","incubation","breeding","2012-02-29","22:04:00",-48.91021,-50.19725,NA,NA
1387,"Diomedea exulans","Wandering Albatross","South Georgia (Islas Georgias del Sur)","Bird Island (SGSSI (IGSISS))",-54,-38.03,"GPS",5097229,82199,"IGOT0100_20120227184500","adult","male","incubation","breeding","2012-03-01","09:23:00",-49.06163,-50.67316,NA,NA
1387,"Diomedea exulans","Wandering Albatross","South Georgia (Islas Georgias del Sur)","Bird Island (SGSSI (IGSISS))",-54,-38.03,"GPS",5097229,82199,"IGOT0100_20120227184500","adult","male","incubation","breeding","2012-02-28","19:28:00",-50.19115,-47.16778,NA,NA
1387,"Diomedea exulans","Wandering Albatross","South Georgia (Islas Georgias del Sur)","Bird Island (SGSSI (IGSISS))",-54,-38.03,"GPS",5097229,82199,"IGOT0100_20120227184500","adult","male","incubation","breeding","2012-03-02","04:46:00",-50.23754,-50.23665,NA,NA
1387,"Diomedea exulans","Wandering Albatross","South Georgia (Islas Georgias del Sur)","Bird Island (SGSSI (IGSISS))",-54,-38.03,"GPS",5097229,82199,"IGOT0100_20120227184500","adult","male","incubation","breeding","2012-03-01","15:30:00",-49.19101,-50.99547,NA,NA
1387,"Diomedea exulans","Wandering Albatross","South Georgia (Islas Georgias del Sur)","Bird Island (SGSSI (IGSISS))",-54,-38.03,"GPS",5097229,82199,"IGOT0100_20120227184500","adult","male","incubation","breeding","2012-03-01","17:13:00",-49.1885,-51.22464,NA,NA
1387,"Diomedea exulans","Wandering Albatross","South Georgia (Islas Georgias del Sur)","Bird Island (SGSSI (IGSISS))",-54,-38.03,"GPS",5097229,82199,"IGOT0100_20120227184500","adult","male","incubation","breeding","2012-02-28","15:10:00",-50.82993,-46.07029,NA,NA
1387,"Diomedea exulans","Wandering Albatross","South Georgia (Islas Georgias del Sur)","Bird Island (SGSSI (IGSISS))",-54,-38.03,"GPS",5097229,82199,"IGOT0100_20120227184500","adult","male","incubation","breeding","2012-02-29","21:40:00",-48.904,-50.19425,NA,NA
1387,"Diomedea exulans","Wandering Albatross","South Georgia (Islas Georgias del Sur)","Bird Island (SGSSI (IGSISS))",-54,-38.03,"GPS",5097229,82199,"IGOT0100_20120227184500","adult","male","incubation","breeding","2012-02-28","10:58:00",-51.97462,-43.52426,NA,NA
1387,"Diomedea exulans","Wandering Albatross","South Georgia (Islas Georgias del Sur)","Bird Island (SGSSI (IGSISS))",-54,-38.03,"GPS",5097229,82199,"IGOT0100_20120227184500","adult","male","incubation","breeding","2012-02-27","21:56:00",-53.04036,-38.87965,NA,NA
1387,"Diomedea exulans","Wandering Albatross","South Georgia (Islas Georgias del Sur)","Bird Island (SGSSI (IGSISS))",-54,-38.03,"GPS",5097229,82199,"IGOT0100_20120227184500","adult","male","incubation","breeding","2012-03-03","14:23:00",-53.90116,-38.38875,NA,NA
1387,"Diomedea exulans","Wandering Albatross","South Georgia (Islas Georgias del Sur)","Bird Island (SGSSI (IGSISS))",-54,-38.03,"GPS",5097229,82199,"IGOT0100_20120227184500","adult","male","incubation","breeding","2012-03-03","13:07:00",-53.89615,-38.49659,NA,NA
1387,"Diomedea exulans","Wandering Albatross","South Georgia (Islas Georgias del Sur)","Bird Island (SGSSI (IGSISS))",-54,-38.03,"GPS",5097229,82199,"IGOT0100_20120227184500","adult","male","incubation","breeding","2012-02-28","00:40:00",-52.6835,-39.21738,NA,NA
1387,"Diomedea exulans","Wandering Albatross","South Georgia (Islas Georgias del Sur)","Bird Island (SGSSI (IGSISS))",-54,-38.03,"GPS",5097229,82199,"IGOT0100_20120227184500","adult","male","incubation","breeding","2012-03-01","20:47:00",-49.61139,-51.15882,NA,NA
1387,"Diomedea exulans","Wandering Albatross","South Georgia (Islas Georgias del Sur)","Bird Island (SGSSI (IGSISS))",-54,-38.03,"GPS",5097229,82199,"IGOT0100_20120227184500","adult","male","incubation","breeding","2012-03-02","12:14:00",-51.98379,-47.83487,NA,NA
1387,"Diomedea exulans","Wandering Albatross","South Georgia (Islas Georgias del Sur)","Bird Island (SGSSI (IGSISS))",-54,-38.03,"GPS",5097229,82199,"IGOT0100_20120227184500","adult","male","incubation","breeding","2012-03-03","08:35:00",-54.04257,-39.72195,NA,NA
1387,"Diomedea exulans","Wandering Albatross","South Georgia (Islas Georgias del Sur)","Bird Island (SGSSI (IGSISS))",-54,-38.03,"GPS",5097229,82199,"IGOT0100_20120227184500","adult","male","incubation","breeding","2012-02-28","05:06:00",-52.67195,-39.26512,NA,NA
1387,"Diomedea exulans","Wandering Albatross","South Georgia (Islas Georgias del Sur)","Bird Island (SGSSI (IGSISS))",-54,-38.03,"GPS",5097229,82199,"IGOT0100_20120227184500","adult","male","incubation","breeding","2012-02-28","09:03:00",-52.39668,-42.02259,NA,NA
1387,"Diomedea exulans","Wandering Albatross","South Georgia (Islas Georgias del Sur)","Bird Island (SGSSI (IGSISS))",-54,-38.03,"GPS",5097229,82199,"IGOT0100_20120227184500","adult","male","incubation","breeding","2012-02-29","01:54:00",-49.16659,-49.37663,NA,NA
1387,"Diomedea exulans","Wandering Albatross","South Georgia (Islas Georgias del Sur)","Bird Island (SGSSI (IGSISS))",-54,-38.03,"GPS",5097229,82199,"IGOT0100_20120227184500","adult","male","incubation","breeding","2012-03-02","05:35:00",-50.24765,-50.24598,NA,NA
1387,"Diomedea exulans","Wandering Albatross","South Georgia (Islas Georgias del Sur)","Bird Island (SGSSI (IGSISS))",-54,-38.03,"GPS",5097229,82199,"IGOT0100_20120227184500","adult","male","incubation","breeding","2012-02-29","23:48:00",-48.93327,-50.2082,NA,NA
1387,"Diomedea exulans","Wandering Albatross","South Georgia (Islas Georgias del Sur)","Bird Island (SGSSI (IGSISS))",-54,-38.03,"GPS",5097229,82199,"IGOT0100_20120227184500","adult","male","incubation","breeding","2012-02-28","12:21:00",-51.48772,-44.68231,NA,NA
1387,"Diomedea exulans","Wandering Albatross","South Georgia (Islas Georgias del Sur)","Bird Island (SGSSI (IGSISS))",-54,-38.03,"GPS",5097229,82199,"IGOT0100_20120227184500","adult","male","incubation","breeding","2012-03-03","00:50:00",-54.09814,-40.73341,NA,NA
1387,"Diomedea exulans","Wandering Albatross","South Georgia (Islas Georgias del Sur)","Bird Island (SGSSI (IGSISS))",-54,-38.03,"GPS",5097229,82199,"IGOT0100_20120227184500","adult","male","incubation","breeding","2012-02-29","03:27:00",-49.17311,-49.37356,NA,NA
1387,"Diomedea exulans","Wandering Albatross","South Georgia (Islas Georgias del Sur)","Bird Island (SGSSI (IGSISS))",-54,-38.03,"GPS",5097229,82199,"IGOT0100_20120227184500","adult","male","incubation","breeding","2012-03-02","07:13:00",-50.26764,-50.25935,NA,NA
1387,"Diomedea exulans","Wandering Albatross","South Georgia (Islas Georgias del Sur)","Bird Island (SGSSI (IGSISS))",-54,-38.03,"GPS",5097229,82199,"IGOT0100_20120227184500","adult","male","incubation","breeding","2012-02-29","21:16:00",-48.89806,-50.18831,NA,NA
1387,"Diomedea exulans","Wandering Albatross","South Georgia (Islas Georgias del Sur)","Bird Island (SGSSI (IGSISS))",-54,-38.03,"GPS",5097229,82199,"IGOT0100_20120227184500","adult","male","incubation","breeding","2012-03-01","04:21:00",-48.95771,-50.22951,NA,NA
1387,"Diomedea exulans","Wandering Albatross","South Georgia (Islas Georgias del Sur)","Bird Island (SGSSI (IGSISS))",-54,-38.03,"GPS",5097229,82199,"IGOT0100_20120227184500","adult","male","incubation","breeding","2012-03-02","18:21:00",-53.45413,-44.20061,NA,NA
1387,"Diomedea exulans","Wandering Albatross","South Georgia (Islas Georgias del Sur)","Bird Island (SGSSI (IGSISS))",-54,-38.03,"GPS",5097229,82199,"IGOT0100_20120227184500","adult","male","incubation","breeding","2012-02-28","03:18:00",-52.67534,-39.24089,NA,NA
1387,"Diomedea exulans","Wandering Albatross","South Georgia (Islas Georgias del Sur)","Bird Island (SGSSI (IGSISS))",-54,-38.03,"GPS",5097229,82199,"IGOT0100_20120227184500","adult","male","incubation","breeding","2012-02-29","04:17:00",-49.17779,-49.36813,NA,NA
1387,"Diomedea exulans","Wandering Albatross","South Georgia (Islas Georgias del Sur)","Bird Island (SGSSI (IGSISS))",-54,-38.03,"GPS",5097229,82199,"IGOT0100_20120227184500","adult","male","incubation","breeding","2012-03-02","00:34:00",-50.19805,-50.16244,NA,NA
1387,"Diomedea exulans","Wandering Albatross","South Georgia (Islas Georgias del Sur)","Bird Island (SGSSI (IGSISS))",-54,-38.03,"GPS",5097229,82199,"IGOT0100_20120227184500","adult","male","incubation","breeding","2012-03-02","10:33:00",-51.30636,-48.77237,NA,NA
1387,"Diomedea exulans","Wandering Albatross","South Georgia (Islas Georgias del Sur)","Bird Island (SGSSI (IGSISS))",-54,-38.03,"GPS",5097229,82199,"IGOT0100_20120227184500","adult","male","incubation","breeding","2012-02-29","11:36:00",-48.83248,-49.97649,NA,NA
1387,"Diomedea exulans","Wandering Albatross","South Georgia (Islas Georgias del Sur)","Bird Island (SGSSI (IGSISS))",-54,-38.03,"GPS",5097229,82199,"IGOT0100_20120227184500","adult","male","incubation","breeding","2012-02-29","18:55:00",-48.86311,-50.15154,NA,NA
1387,"Diomedea exulans","Wandering Albatross","South Georgia (Islas Georgias del Sur)","Bird Island (SGSSI (IGSISS))",-54,-38.03,"GPS",5097229,82199,"IGOT0100_20120227184500","adult","male","incubation","breeding","2012-03-02","17:57:00",-53.34723,-44.51488,NA,NA
1387,"Diomedea exulans","Wandering Albatross","South Georgia (Islas Georgias del Sur)","Bird Island (SGSSI (IGSISS))",-54,-38.03,"GPS",5097229,82199,"IGOT0100_20120227184500","adult","male","incubation","breeding","2012-03-02","15:23:00",-52.82657,-46.08053,NA,NA
1387,"Diomedea exulans","Wandering Albatross","South Georgia (Islas Georgias del Sur)","Bird Island (SGSSI (IGSISS))",-54,-38.03,"GPS",5097229,82199,"IGOT0100_20120227184500","adult","male","incubation","breeding","2012-02-27","20:31:00",-53.60205,-38.44647,NA,NA
1387,"Diomedea exulans","Wandering Albatross","South Georgia (Islas Georgias del Sur)","Bird Island (SGSSI (IGSISS))",-54,-38.03,"GPS",5097229,82199,"IGOT0100_20120227184500","adult","male","incubation","breeding","2012-03-03","06:53:00",-54.117,-40.66429,NA,NA
1387,"Diomedea exulans","Wandering Albatross","South Georgia (Islas Georgias del Sur)","Bird Island (SGSSI (IGSISS))",-54,-38.03,"GPS",5097229,82199,"IGOT0100_20120227184500","adult","male","incubation","breeding","2012-02-29","20:41:00",-48.89045,-50.18094,NA,NA
1387,"Diomedea exulans","Wandering Albatross","South Georgia (Islas Georgias del Sur)","Bird Island (SGSSI (IGSISS))",-54,-38.03,"GPS",5097229,82199,"IGOT0100_20120227184500","adult","male","incubation","breeding","2012-03-02","13:20:00",-52.3827,-47.1891,NA,NA
1387,"Diomedea exulans","Wandering Albatross","South Georgia (Islas Georgias del Sur)","Bird Island (SGSSI (IGSISS))",-54,-38.03,"GPS",5097229,82199,"IGOT0100_20120227184500","adult","male","incubation","breeding","2012-03-02","14:57:00",-52.72167,-46.34894,NA,NA
1387,"Diomedea exulans","Wandering Albatross","South Georgia (Islas Georgias del Sur)","Bird Island (SGSSI (IGSISS))",-54,-38.03,"GPS",5097229,82199,"IGOT0100_20120227184500","adult","male","incubation","breeding","2012-02-28","16:01:00",-50.59594,-46.35006,NA,NA
1387,"Diomedea exulans","Wandering Albatross","South Georgia (Islas Georgias del Sur)","Bird Island (SGSSI (IGSISS))",-54,-38.03,"GPS",5097229,82199,"IGOT0100_20120227184500","adult","male","incubation","breeding","2012-03-02","23:37:00",-54.09948,-40.90378,NA,NA
1387,"Diomedea exulans","Wandering Albatross","South Georgia (Islas Georgias del Sur)","Bird Island (SGSSI (IGSISS))",-54,-38.03,"GPS",5097229,82199,"IGOT0100_20120227184500","adult","male","incubation","breeding","2012-02-29","10:56:00",-48.83007,-49.97172,NA,NA
1387,"Diomedea exulans","Wandering Albatross","South Georgia (Islas Georgias del Sur)","Bird Island (SGSSI (IGSISS))",-54,-38.03,"GPS",5097229,82199,"IGOT0100_20120227184500","adult","male","incubation","breeding","2012-02-28","06:52:00",-52.75283,-39.56797,NA,NA
1387,"Diomedea exulans","Wandering Albatross","South Georgia (Islas Georgias del Sur)","Bird Island (SGSSI (IGSISS))",-54,-38.03,"GPS",5097229,82199,"IGOT0100_20120227184500","adult","male","incubation","breeding","2012-03-03","00:25:00",-54.10155,-40.79337,NA,NA
1387,"Diomedea exulans","Wandering Albatross","South Georgia (Islas Georgias del Sur)","Bird Island (SGSSI (IGSISS))",-54,-38.03,"GPS",5097229,82199,"IGOT0100_20120227184500","adult","male","incubation","breeding","2012-03-01","00:27:00",-48.93823,-50.2096,NA,NA
1387,"Diomedea exulans","Wandering Albatross","South Georgia (Islas Georgias del Sur)","Bird Island (SGSSI (IGSISS))",-54,-38.03,"GPS",5097229,82199,"IGOT0100_20120227184500","adult","male","incubation","breeding","2012-02-28","20:17:00",-49.94745,-47.54459,NA,NA
1387,"Diomedea exulans","Wandering Albatross","South Georgia (Islas Georgias del Sur)","Bird Island (SGSSI (IGSISS))",-54,-38.03,"GPS",5097229,82199,"IGOT0100_20120227184500","adult","male","incubation","breeding","2012-02-28","10:08:00",-52.13497,-43.03156,NA,NA
1387,"Diomedea exulans","Wandering Albatross","South Georgia (Islas Georgias del Sur)","Bird Island (SGSSI (IGSISS))",-54,-38.03,"GPS",5097229,82199,"IGOT0100_20120227184500","adult","male","incubation","breeding","2012-03-01","06:02:00",-48.95781,-50.2507,NA,NA
1387,"Diomedea exulans","Wandering Albatross","South Georgia (Islas Georgias del Sur)","Bird Island (SGSSI (IGSISS))",-54,-38.03,"GPS",5097229,82199,"IGOT0100_20120227184500","adult","male","incubation","breeding","2012-02-29","06:31:00",-49.1838,-49.34194,NA,NA
1387,"Diomedea exulans","Wandering Albatross","South Georgia (Islas Georgias del Sur)","Bird Island (SGSSI (IGSISS))",-54,-38.03,"GPS",5097229,82199,"IGOT0100_20120227184500","adult","male","incubation","breeding","2012-03-01","10:33:00",-49.13915,-50.89113,NA,NA
1387,"Diomedea exulans","Wandering Albatross","South Georgia (Islas Georgias del Sur)","Bird Island (SGSSI (IGSISS))",-54,-38.03,"GPS",5097229,82199,"IGOT0100_20120227184500","adult","male","incubation","breeding","2012-03-01","08:05:00",-48.96536,-50.2929,NA,NA
1387,"Diomedea exulans","Wandering Albatross","South Georgia (Islas Georgias del Sur)","Bird Island (SGSSI (IGSISS))",-54,-38.03,"GPS",5097229,82199,"IGOT0100_20120227184500","adult","male","incubation","breeding","2012-03-01","08:54:00",-48.97902,-50.48272,NA,NA
1387,"Diomedea exulans","Wandering Albatross","South Georgia (Islas Georgias del Sur)","Bird Island (SGSSI (IGSISS))",-54,-38.03,"GPS",5097229,82199,"IGOT0100_20120227184500","adult","male","incubation","breeding","2012-02-28","14:12:00",-51.01007,-45.54574,NA,NA
1387,"Diomedea exulans","Wandering Albatross","South Georgia (Islas Georgias del Sur)","Bird Island (SGSSI (IGSISS))",-54,-38.03,"GPS",5097229,82199,"IGOT0100_20120227184500","adult","male","incubation","breeding","2012-02-27","22:54:00",-52.68124,-39.20078,NA,NA
1387,"Diomedea exulans","Wandering Albatross","South Georgia (Islas Georgias del Sur)","Bird Island (SGSSI (IGSISS))",-54,-38.03,"GPS",5097229,82199,"IGOT0100_20120227184500","adult","male","incubation","breeding","2012-03-03","04:16:00",-54.10731,-40.70654,NA,NA
1387,"Diomedea exulans","Wandering Albatross","South Georgia (Islas Georgias del Sur)","Bird Island (SGSSI (IGSISS))",-54,-38.03,"GPS",5097229,82199,"IGOT0100_20120227184500","adult","male","incubation","breeding","2012-02-28","19:53:00",-50.08045,-47.36967,NA,NA
1387,"Diomedea exulans","Wandering Albatross","South Georgia (Islas Georgias del Sur)","Bird Island (SGSSI (IGSISS))",-54,-38.03,"GPS",5097229,82199,"IGOT0100_20120227184500","adult","male","incubation","breeding","2012-02-28","22:23:00",-49.51194,-48.62628,NA,NA
1387,"Diomedea exulans","Wandering Albatross","South Georgia (Islas Georgias del Sur)","Bird Island (SGSSI (IGSISS))",-54,-38.03,"GPS",5097229,82199,"IGOT0100_20120227184500","adult","male","incubation","breeding","2012-02-28","22:48:00",-49.35851,-48.79191,NA,NA
1387,"Diomedea exulans","Wandering Albatross","South Georgia (Islas Georgias del Sur)","Bird Island (SGSSI (IGSISS))",-54,-38.03,"GPS",5097229,82199,"IGOT0100_20120227184500","adult","male","incubation","breeding","2012-03-01","12:39:00",-49.15935,-50.94812,NA,NA
1387,"Diomedea exulans","Wandering Albatross","South Georgia (Islas Georgias del Sur)","Bird Island (SGSSI (IGSISS))",-54,-38.03,"GPS",5097229,82199,"IGOT0100_20120227184500","adult","male","incubation","breeding","2012-03-02","06:22:00",-50.25736,-50.25323,NA,NA
1387,"Diomedea exulans","Wandering Albatross","South Georgia (Islas Georgias del Sur)","Bird Island (SGSSI (IGSISS))",-54,-38.03,"GPS",5097229,82199,"IGOT0100_20120227184500","adult","male","incubation","breeding","2012-02-29","22:28:00",-48.91578,-50.20056,NA,NA
1387,"Diomedea exulans","Wandering Albatross","South Georgia (Islas Georgias del Sur)","Bird Island (SGSSI (IGSISS))",-54,-38.03,"GPS",5097229,82199,"IGOT0100_20120227184500","adult","male","incubation","breeding","2012-03-03","09:49:00",-53.95155,-38.8475,NA,NA
1387,"Diomedea exulans","Wandering Albatross","South Georgia (Islas Georgias del Sur)","Bird Island (SGSSI (IGSISS))",-54,-38.03,"GPS",5097229,82199,"IGOT0100_20120227184500","adult","male","incubation","breeding","2012-02-28","21:40:00",-49.71284,-48.33407,NA,NA
1387,"Diomedea exulans","Wandering Albatross","South Georgia (Islas Georgias del Sur)","Bird Island (SGSSI (IGSISS))",-54,-38.03,"GPS",5097229,82199,"IGOT0100_20120227184500","adult","male","incubation","breeding","2012-03-01","01:56:00",-48.9488,-50.21446,NA,NA
1387,"Diomedea exulans","Wandering Albatross","South Georgia (Islas Georgias del Sur)","Bird Island (SGSSI (IGSISS))",-54,-38.03,"GPS",5097229,82199,"IGOT0100_20120227184500","adult","male","incubation","breeding","2012-02-28","11:31:00",-51.81381,-43.99984,NA,NA
1387,"Diomedea exulans","Wandering Albatross","South Georgia (Islas Georgias del Sur)","Bird Island (SGSSI (IGSISS))",-54,-38.03,"GPS",5097229,82199,"IGOT0100_20120227184500","adult","male","incubation","breeding","2012-03-02","16:35:00",-53.10076,-45.41432,NA,NA
1387,"Diomedea exulans","Wandering Albatross","South Georgia (Islas Georgias del Sur)","Bird Island (SGSSI (IGSISS))",-54,-38.03,"GPS",5097229,82199,"IGOT0100_20120227184500","adult","male","incubation","breeding","2012-02-29","00:37:00",-49.16599,-49.3756,NA,NA
1387,"Diomedea exulans","Wandering Albatross","South Georgia (Islas Georgias del Sur)","Bird Island (SGSSI (IGSISS))",-54,-38.03,"GPS",5097229,82199,"IGOT0100_20120227184500","adult","male","incubation","breeding","2012-02-28","06:02:00",-52.67135,-39.27716,NA,NA
1387,"Diomedea exulans","Wandering Albatross","South Georgia (Islas Georgias del Sur)","Bird Island (SGSSI (IGSISS))",-54,-38.03,"GPS",5097229,82199,"IGOT0100_20120227184500","adult","male","incubation","breeding","2012-02-29","09:47:00",-48.82638,-49.96515,NA,NA
1387,"Diomedea exulans","Wandering Albatross","South Georgia (Islas Georgias del Sur)","Bird Island (SGSSI (IGSISS))",-54,-38.03,"GPS",5097229,82199,"IGOT0100_20120227184500","adult","male","incubation","breeding","2012-03-02","07:35:00",-50.27218,-50.26296,NA,NA
1387,"Diomedea exulans","Wandering Albatross","South Georgia (Islas Georgias del Sur)","Bird Island (SGSSI (IGSISS))",-54,-38.03,"GPS",5097229,82199,"IGOT0100_20120227184500","adult","male","incubation","breeding","2012-02-29","20:15:00",-48.88371,-50.17437,NA,NA
1387,"Diomedea exulans","Wandering Albatross","South Georgia (Islas Georgias del Sur)","Bird Island (SGSSI (IGSISS))",-54,-38.03,"GPS",5097229,82199,"IGOT0100_20120227184500","adult","male","incubation","breeding","2012-03-03","12:19:00",-53.88871,-38.49138,NA,NA
1387,"Diomedea exulans","Wandering Albatross","South Georgia (Islas Georgias del Sur)","Bird Island (SGSSI (IGSISS))",-54,-38.03,"GPS",5097229,82199,"IGOT0100_20120227184500","adult","male","incubation","breeding","2012-02-28","23:13:00",-49.25753,-49.00598,NA,NA
1387,"Diomedea exulans","Wandering Albatross","South Georgia (Islas Georgias del Sur)","Bird Island (SGSSI (IGSISS))",-54,-38.03,"GPS",5097229,82199,"IGOT0100_20120227184500","adult","male","incubation","breeding","2012-02-28","06:27:00",-52.67208,-39.28349,NA,NA
1387,"Diomedea exulans","Wandering Albatross","South Georgia (Islas Georgias del Sur)","Bird Island (SGSSI (IGSISS))",-54,-38.03,"GPS",5097229,82199,"IGOT0100_20120227184500","adult","male","incubation","breeding","2012-02-28","08:26:00",-52.51268,-41.40216,NA,NA
1387,"Diomedea exulans","Wandering Albatross","South Georgia (Islas Georgias del Sur)","Bird Island (SGSSI (IGSISS))",-54,-38.03,"GPS",5097229,82199,"IGOT0100_20120227184500","adult","male","incubation","breeding","2012-03-02","22:42:00",-54.1115,-40.99995,NA,NA
1387,"Diomedea exulans","Wandering Albatross","South Georgia (Islas Georgias del Sur)","Bird Island (SGSSI (IGSISS))",-54,-38.03,"GPS",5097229,82199,"IGOT0100_20120227184500","adult","male","incubation","breeding","2012-03-01","10:11:00",-49.13674,-50.88164,NA,NA
1387,"Diomedea exulans","Wandering Albatross","South Georgia (Islas Georgias del Sur)","Bird Island (SGSSI (IGSISS))",-54,-38.03,"GPS",5097229,82199,"IGOT0100_20120227184500","adult","male","incubation","breeding","2012-03-01","16:23:00",-49.18224,-51.21486,NA,NA
1387,"Diomedea exulans","Wandering Albatross","South Georgia (Islas Georgias del Sur)","Bird Island (SGSSI (IGSISS))",-54,-38.03,"GPS",5097229,82199,"IGOT0100_20120227184500","adult","male","incubation","breeding","2012-03-02","01:45:00",-50.20546,-50.18559,NA,NA
1387,"Diomedea exulans","Wandering Albatross","South Georgia (Islas Georgias del Sur)","Bird Island (SGSSI (IGSISS))",-54,-38.03,"GPS",5097229,82199,"IGOT0100_20120227184500","adult","male","incubation","breeding","2012-03-01","07:16:00",-48.95985,-50.27374,NA,NA
1387,"Diomedea exulans","Wandering Albatross","South Georgia (Islas Georgias del Sur)","Bird Island (SGSSI (IGSISS))",-54,-38.03,"GPS",5097229,82199,"IGOT0100_20120227184500","adult","male","incubation","breeding","2012-03-03","11:07:00",-53.88054,-38.47926,NA,NA
1387,"Diomedea exulans","Wandering Albatross","South Georgia (Islas Georgias del Sur)","Bird Island (SGSSI (IGSISS))",-54,-38.03,"GPS",5097229,82199,"IGOT0100_20120227184500","adult","male","incubation","breeding","2012-03-03","09:24:00",-54.01309,-39.0969,NA,NA
1387,"Diomedea exulans","Wandering Albatross","South Georgia (Islas Georgias del Sur)","Bird Island (SGSSI (IGSISS))",-54,-38.03,"GPS",5097229,82199,"IGOT0100_20120227184500","adult","male","incubation","breeding","2012-02-29","08:07:00",-49.06782,-49.57632,NA,NA
1387,"Diomedea exulans","Wandering Albatross","South Georgia (Islas Georgias del Sur)","Bird Island (SGSSI (IGSISS))",-54,-38.03,"GPS",5097229,82199,"IGOT0100_20120227184500","adult","male","incubation","breeding","2012-03-02","05:11:00",-50.24262,-50.24191,NA,NA
1387,"Diomedea exulans","Wandering Albatross","South Georgia (Islas Georgias del Sur)","Bird Island (SGSSI (IGSISS))",-54,-38.03,"GPS",5097229,82199,"IGOT0100_20120227184500","adult","male","incubation","breeding","2012-02-29","16:20:00",-48.84114,-50.07745,NA,NA
1387,"Diomedea exulans","Wandering Albatross","South Georgia (Islas Georgias del Sur)","Bird Island (SGSSI (IGSISS))",-54,-38.03,"GPS",5097229,82199,"IGOT0100_20120227184500","adult","male","incubation","breeding","2012-03-02","06:50:00",-50.26292,-50.25691,NA,NA
1387,"Diomedea exulans","Wandering Albatross","South Georgia (Islas Georgias del Sur)","Bird Island (SGSSI (IGSISS))",-54,-38.03,"GPS",5097229,82199,"IGOT0100_20120227184500","adult","male","incubation","breeding","2012-03-02","05:58:00",-50.25262,-50.24878,NA,NA
1387,"Diomedea exulans","Wandering Albatross","South Georgia (Islas Georgias del Sur)","Bird Island (SGSSI (IGSISS))",-54,-38.03,"GPS",5097229,82199,"IGOT0100_20120227184500","adult","male","incubation","breeding","2012-02-29","19:44:00",-48.87539,-50.16555,NA,NA
1387,"Diomedea exulans","Wandering Albatross","South Georgia (Islas Georgias del Sur)","Bird Island (SGSSI (IGSISS))",-54,-38.03,"GPS",5097229,82199,"IGOT0100_20120227184500","adult","male","incubation","breeding","2012-03-03","03:06:00",-54.10274,-40.71359,NA,NA
1387,"Diomedea exulans","Wandering Albatross","South Georgia (Islas Georgias del Sur)","Bird Island (SGSSI (IGSISS))",-54,-38.03,"GPS",5097229,82199,"IGOT0100_20120227184500","adult","male","incubation","breeding","2012-02-29","01:02:00",-49.16591,-49.37691,NA,NA
1387,"Diomedea exulans","Wandering Albatross","South Georgia (Islas Georgias del Sur)","Bird Island (SGSSI (IGSISS))",-54,-38.03,"GPS",5097229,82199,"IGOT0100_20120227184500","adult","male","incubation","breeding","2012-02-28","15:36:00",-50.62796,-46.29384,NA,NA
1387,"Diomedea exulans","Wandering Albatross","South Georgia (Islas Georgias del Sur)","Bird Island (SGSSI (IGSISS))",-54,-38.03,"GPS",5097229,82199,"IGOT0100_20120227184500","adult","male","incubation","breeding","2012-02-29","14:07:00",-48.83505,-50.01945,NA,NA
1387,"Diomedea exulans","Wandering Albatross","South Georgia (Islas Georgias del Sur)","Bird Island (SGSSI (IGSISS))",-54,-38.03,"GPS",5097229,82199,"IGOT0100_20120227184500","adult","male","incubation","breeding","2012-03-01","03:20:00",-48.95583,-50.22,NA,NA
1387,"Diomedea exulans","Wandering Albatross","South Georgia (Islas Georgias del Sur)","Bird Island (SGSSI (IGSISS))",-54,-38.03,"GPS",5097229,82199,"IGOT0100_20120227184500","adult","male","incubation","breeding","2012-03-03","06:20:00",-54.11583,-40.68323,NA,NA
1387,"Diomedea exulans","Wandering Albatross","South Georgia (Islas Georgias del Sur)","Bird Island (SGSSI (IGSISS))",-54,-38.03,"GPS",5097229,82199,"IGOT0100_20120227184500","adult","male","incubation","breeding","2012-02-28","16:56:00",-50.58987,-46.34542,NA,NA
1387,"Diomedea exulans","Wandering Albatross","South Georgia (Islas Georgias del Sur)","Bird Island (SGSSI (IGSISS))",-54,-38.03,"GPS",5097229,82199,"IGOT0100_20120227184500","adult","male","incubation","breeding","2012-03-01","10:57:00",-49.1414,-50.90364,NA,NA
1387,"Diomedea exulans","Wandering Albatross","South Georgia (Islas Georgias del Sur)","Bird Island (SGSSI (IGSISS))",-54,-38.03,"GPS",5097229,82199,"IGOT0100_20120227184500","adult","male","incubation","breeding","2012-03-01","03:47:00",-48.95704,-50.22292,NA,NA
1387,"Diomedea exulans","Wandering Albatross","South Georgia (Islas Georgias del Sur)","Bird Island (SGSSI (IGSISS))",-54,-38.03,"GPS",5097229,82199,"IGOT0100_20120227184500","adult","male","incubation","breeding","2012-02-29","02:20:00",-49.16766,-49.37609,NA,NA
1387,"Diomedea exulans","Wandering Albatross","South Georgia (Islas Georgias del Sur)","Bird Island (SGSSI (IGSISS))",-54,-38.03,"GPS",5097229,82199,"IGOT0100_20120227184500","adult","male","incubation","breeding","2012-03-01","11:25:00",-49.14547,-50.91725,NA,NA
1387,"Diomedea exulans","Wandering Albatross","South Georgia (Islas Georgias del Sur)","Bird Island (SGSSI (IGSISS))",-54,-38.03,"GPS",5097229,82199,"IGOT0100_20120227184500","adult","male","incubation","breeding","2012-03-01","12:14:00",-49.15456,-50.93831,NA,NA
1387,"Diomedea exulans","Wandering Albatross","South Georgia (Islas Georgias del Sur)","Bird Island (SGSSI (IGSISS))",-54,-38.03,"GPS",5097229,82199,"IGOT0100_20120227184500","adult","male","incubation","breeding","2012-03-02","08:49:00",-50.69237,-49.71513,NA,NA
1387,"Diomedea exulans","Wandering Albatross","South Georgia (Islas Georgias del Sur)","Bird Island (SGSSI (IGSISS))",-54,-38.03,"GPS",5097229,82199,"IGOT0100_20120227184500","adult","male","incubation","breeding","2012-03-02","16:56:00",-53.1917,-45.15249,NA,NA
1387,"Diomedea exulans","Wandering Albatross","South Georgia (Islas Georgias del Sur)","Bird Island (SGSSI (IGSISS))",-54,-38.03,"GPS",5097229,82199,"IGOT0100_20120227184500","adult","male","incubation","breeding","2012-03-03","14:57:00",-53.90849,-38.26451,NA,NA
1387,"Diomedea exulans","Wandering Albatross","South Georgia (Islas Georgias del Sur)","Bird Island (SGSSI (IGSISS))",-54,-38.03,"GPS",5097229,82199,"IGOT0100_20120227184500","adult","male","incubation","breeding","2012-03-03","01:15:00",-54.0986,-40.73019,NA,NA
1387,"Diomedea exulans","Wandering Albatross","South Georgia (Islas Georgias del Sur)","Bird Island (SGSSI (IGSISS))",-54,-38.03,"GPS",5097229,82199,"IGOT0100_20120227184500","adult","male","incubation","breeding","2012-03-03","04:41:00",-54.10904,-40.7035,NA,NA
1387,"Diomedea exulans","Wandering Albatross","South Georgia (Islas Georgias del Sur)","Bird Island (SGSSI (IGSISS))",-54,-38.03,"GPS",5097229,82199,"IGOT0100_20120227184500","adult","male","incubation","breeding","2012-02-28","23:38:00",-49.1791,-49.24427,NA,NA
1387,"Diomedea exulans","Wandering Albatross","South Georgia (Islas Georgias del Sur)","Bird Island (SGSSI (IGSISS))",-54,-38.03,"GPS",5097229,82199,"IGOT0100_20120227184500","adult","male","incubation","breeding","2012-03-01","19:01:00",-49.16793,-51.39518,NA,NA
1387,"Diomedea exulans","Wandering Albatross","South Georgia (Islas Georgias del Sur)","Bird Island (SGSSI (IGSISS))",-54,-38.03,"GPS",5097229,82199,"IGOT0100_20120227184500","adult","male","incubation","breeding","2012-03-02","12:39:00",-52.14194,-47.60812,NA,NA
1387,"Diomedea exulans","Wandering Albatross","South Georgia (Islas Georgias del Sur)","Bird Island (SGSSI (IGSISS))",-54,-38.03,"GPS",5097229,82199,"IGOT0100_20120227184500","adult","male","incubation","breeding","2012-02-29","18:00:00",-48.8518,-50.13016,NA,NA
1387,"Diomedea exulans","Wandering Albatross","South Georgia (Islas Georgias del Sur)","Bird Island (SGSSI (IGSISS))",-54,-38.03,"GPS",5097229,82199,"IGOT0100_20120227184500","adult","male","incubation","breeding","2012-02-28","13:22:00",-51.25674,-45.18555,NA,NA
1387,"Diomedea exulans","Wandering Albatross","South Georgia (Islas Georgias del Sur)","Bird Island (SGSSI (IGSISS))",-54,-38.03,"GPS",5097229,82199,"IGOT0100_20120227184500","adult","male","incubation","breeding","2012-02-28","13:47:00",-51.17237,-45.28485,NA,NA
1387,"Diomedea exulans","Wandering Albatross","South Georgia (Islas Georgias del Sur)","Bird Island (SGSSI (IGSISS))",-54,-38.03,"GPS",5097229,82199,"IGOT0100_20120227184500","adult","male","incubation","breeding","2012-03-03","12:43:00",-53.89255,-38.49389,NA,NA
1387,"Diomedea exulans","Wandering Albatross","South Georgia (Islas Georgias del Sur)","Bird Island (SGSSI (IGSISS))",-54,-38.03,"GPS",5097229,82199,"IGOT0100_20120227184500","adult","male","incubation","breeding","2012-03-03","02:44:00",-54.10143,-40.71675,NA,NA
1387,"Diomedea exulans","Wandering Albatross","South Georgia (Islas Georgias del Sur)","Bird Island (SGSSI (IGSISS))",-54,-38.03,"GPS",5097229,82199,"IGOT0100_20120227184500","adult","male","incubation","breeding","2012-02-29","07:13:00",-49.18323,-49.33384,NA,NA
1387,"Diomedea exulans","Wandering Albatross","South Georgia (Islas Georgias del Sur)","Bird Island (SGSSI (IGSISS))",-54,-38.03,"GPS",5097229,82199,"IGOT0100_20120227184500","adult","male","incubation","breeding","2012-03-01","00:53:00",-48.9415,-50.21129,NA,NA
1387,"Diomedea exulans","Wandering Albatross","South Georgia (Islas Georgias del Sur)","Bird Island (SGSSI (IGSISS))",-54,-38.03,"GPS",5097229,82199,"IGOT0100_20120227184500","adult","male","incubation","breeding","2012-03-02","19:32:00",-53.66969,-43.61181,NA,NA
1387,"Diomedea exulans","Wandering Albatross","South Georgia (Islas Georgias del Sur)","Bird Island (SGSSI (IGSISS))",-54,-38.03,"GPS",5097229,82199,"IGOT0100_20120227184500","adult","male","incubation","breeding","2012-02-27","19:11:00",-53.99138,-38.09665,NA,NA
1387,"Diomedea exulans","Wandering Albatross","South Georgia (Islas Georgias del Sur)","Bird Island (SGSSI (IGSISS))",-54,-38.03,"GPS",5097229,82199,"IGOT0100_20120227184500","adult","male","incubation","breeding","2012-03-02","02:20:00",-50.21067,-50.19685,NA,NA
1387,"Diomedea exulans","Wandering Albatross","South Georgia (Islas Georgias del Sur)","Bird Island (SGSSI (IGSISS))",-54,-38.03,"GPS",5097229,82199,"IGOT0100_20120227184500","adult","male","incubation","breeding","2012-03-01","04:46:00",-48.95836,-50.2348,NA,NA
1387,"Diomedea exulans","Wandering Albatross","South Georgia (Islas Georgias del Sur)","Bird Island (SGSSI (IGSISS))",-54,-38.03,"GPS",5097229,82199,"IGOT0100_20120227184500","adult","male","incubation","breeding","2012-02-28","10:32:00",-52.08357,-43.19506,NA,NA
1387,"Diomedea exulans","Wandering Albatross","South Georgia (Islas Georgias del Sur)","Bird Island (SGSSI (IGSISS))",-54,-38.03,"GPS",5097229,82199,"IGOT0100_20120227184500","adult","male","incubation","breeding","2012-02-28","18:03:00",-50.56356,-46.36221,NA,NA
1387,"Diomedea exulans","Wandering Albatross","South Georgia (Islas Georgias del Sur)","Bird Island (SGSSI (IGSISS))",-54,-38.03,"GPS",5097229,82199,"IGOT0100_20120227184500","adult","male","incubation","breeding","2012-02-28","02:52:00",-52.67629,-39.2354,NA,NA
1387,"Diomedea exulans","Wandering Albatross","South Georgia (Islas Georgias del Sur)","Bird Island (SGSSI (IGSISS))",-54,-38.03,"GPS",5097229,82199,"IGOT0100_20120227184500","adult","male","incubation","breeding","2012-03-01","02:58:00",-48.95417,-50.2182,NA,NA
1387,"Diomedea exulans","Wandering Albatross","South Georgia (Islas Georgias del Sur)","Bird Island (SGSSI (IGSISS))",-54,-38.03,"GPS",5097229,82199,"IGOT0100_20120227184500","adult","male","incubation","breeding","2012-02-29","12:25:00",-48.83197,-49.98672,NA,NA
1387,"Diomedea exulans","Wandering Albatross","South Georgia (Islas Georgias del Sur)","Bird Island (SGSSI (IGSISS))",-54,-38.03,"GPS",5097229,82199,"IGOT0100_20120227184500","adult","male","incubation","breeding","2012-03-03","11:34:00",-53.88301,-38.48828,NA,NA
1387,"Diomedea exulans","Wandering Albatross","South Georgia (Islas Georgias del Sur)","Bird Island (SGSSI (IGSISS))",-54,-38.03,"GPS",5097229,82199,"IGOT0100_20120227184500","adult","male","incubation","breeding","2012-03-03","02:06:00",-54.0998,-40.72269,NA,NA
1387,"Diomedea exulans","Wandering Albatross","South Georgia (Islas Georgias del Sur)","Bird Island (SGSSI (IGSISS))",-54,-38.03,"GPS",5097229,82199,"IGOT0100_20120227184500","adult","male","incubation","breeding","2012-03-01","14:20:00",-49.17825,-50.97763,NA,NA
1387,"Diomedea exulans","Wandering Albatross","South Georgia (Islas Georgias del Sur)","Bird Island (SGSSI (IGSISS))",-54,-38.03,"GPS",5097229,82199,"IGOT0100_20120227184500","adult","male","incubation","breeding","2012-03-02","15:47:00",-52.94671,-45.7966,NA,NA
1387,"Diomedea exulans","Wandering Albatross","South Georgia (Islas Georgias del Sur)","Bird Island (SGSSI (IGSISS))",-54,-38.03,"GPS",5097229,82199,"IGOT0100_20120227184500","adult","male","incubation","breeding","2012-02-27","18:46:00",-54.00747,-38.06544,NA,NA
1387,"Diomedea exulans","Wandering Albatross","South Georgia (Islas Georgias del Sur)","Bird Island (SGSSI (IGSISS))",-54,-38.03,"GPS",5097229,82199,"IGOT0100_20120227184500","adult","male","incubation","breeding","2012-02-29","13:15:00",-48.83341,-49.99948,NA,NA
1387,"Diomedea exulans","Wandering Albatross","South Georgia (Islas Georgias del Sur)","Bird Island (SGSSI (IGSISS))",-54,-38.03,"GPS",5097229,82199,"IGOT0100_20120227184500","adult","male","incubation","breeding","2012-03-02","21:51:00",-54.12673,-41.63818,NA,NA
1387,"Diomedea exulans","Wandering Albatross","South Georgia (Islas Georgias del Sur)","Bird Island (SGSSI (IGSISS))",-54,-38.03,"GPS",5097229,82199,"IGOT0100_20120227184500","adult","male","incubation","breeding","2012-02-28","11:56:00",-51.67536,-44.36238,NA,NA
1387,"Diomedea exulans","Wandering Albatross","South Georgia (Islas Georgias del Sur)","Bird Island (SGSSI (IGSISS))",-54,-38.03,"GPS",5097229,82199,"IGOT0100_20120227184500","adult","male","incubation","breeding","2012-02-28","12:57:00",-51.23758,-45.07971,NA,NA
1387,"Diomedea exulans","Wandering Albatross","South Georgia (Islas Georgias del Sur)","Bird Island (SGSSI (IGSISS))",-54,-38.03,"GPS",5097229,82199,"IGOT0100_20120227184500","adult","male","incubation","breeding","2012-02-27","22:23:00",-52.855,-39.04012,NA,NA
1387,"Diomedea exulans","Wandering Albatross","South Georgia (Islas Georgias del Sur)","Bird Island (SGSSI (IGSISS))",-54,-38.03,"GPS",5097229,82199,"IGOT0100_20120227184500","adult","male","incubation","breeding","2012-02-28","00:17:00",-52.68265,-39.21523,NA,NA
1387,"Diomedea exulans","Wandering Albatross","South Georgia (Islas Georgias del Sur)","Bird Island (SGSSI (IGSISS))",-54,-38.03,"GPS",5097229,82199,"IGOT0100_20120227184500","adult","male","incubation","breeding","2012-03-02","09:38:00",-50.9692,-49.24848,NA,NA
1387,"Diomedea exulans","Wandering Albatross","South Georgia (Islas Georgias del Sur)","Bird Island (SGSSI (IGSISS))",-54,-38.03,"GPS",5097229,82199,"IGOT0100_20120227184500","adult","male","incubation","breeding","2012-03-01","23:31:00",-50.19411,-50.14384,NA,NA
1387,"Diomedea exulans","Wandering Albatross","South Georgia (Islas Georgias del Sur)","Bird Island (SGSSI (IGSISS))",-54,-38.03,"GPS",5097229,82199,"IGOT0100_20120227184500","adult","male","incubation","breeding","2012-02-28","09:43:00",-52.24171,-42.71789,NA,NA
1387,"Diomedea exulans","Wandering Albatross","South Georgia (Islas Georgias del Sur)","Bird Island (SGSSI (IGSISS))",-54,-38.03,"GPS",5097229,82199,"IGOT0100_20120227184500","adult","male","incubation","breeding","2012-02-28","02:16:00",-52.67935,-39.22961,NA,NA
1387,"Diomedea exulans","Wandering Albatross","South Georgia (Islas Georgias del Sur)","Bird Island (SGSSI (IGSISS))",-54,-38.03,"GPS",5097229,82199,"IGOT0100_20120227184500","adult","male","incubation","breeding","2012-02-27","23:20:00",-52.68162,-39.20536,NA,NA
1387,"Diomedea exulans","Wandering Albatross","South Georgia (Islas Georgias del Sur)","Bird Island (SGSSI (IGSISS))",-54,-38.03,"GPS",5097229,82199,"IGOT0100_20120227184500","adult","male","incubation","breeding","2012-03-03","05:06:00",-54.11099,-40.69999,NA,NA
1387,"Diomedea exulans","Wandering Albatross","South Georgia (Islas Georgias del Sur)","Bird Island (SGSSI (IGSISS))",-54,-38.03,"GPS",5097229,82199,"IGOT0100_20120227184500","adult","male","incubation","breeding","2012-02-29","03:51:00",-49.17515,-49.37116,NA,NA
1387,"Diomedea exulans","Wandering Albatross","South Georgia (Islas Georgias del Sur)","Bird Island (SGSSI (IGSISS))",-54,-38.03,"GPS",5097229,82199,"IGOT0100_20120227184500","adult","male","incubation","breeding","2012-03-01","21:37:00",-49.85176,-50.81508,NA,NA
1387,"Diomedea exulans","Wandering Albatross","South Georgia (Islas Georgias del Sur)","Bird Island (SGSSI (IGSISS))",-54,-38.03,"GPS",5097229,82199,"IGOT0100_20120227184500","adult","male","incubation","breeding","2012-03-02","03:32:00",-50.22327,-50.21803,NA,NA
1387,"Diomedea exulans","Wandering Albatross","South Georgia (Islas Georgias del Sur)","Bird Island (SGSSI (IGSISS))",-54,-38.03,"GPS",5097229,82199,"IGOT0100_20120227184500","adult","male","incubation","breeding","2012-02-27","21:31:00",-53.20636,-38.74011,NA,NA
1387,"Diomedea exulans","Wandering Albatross","South Georgia (Islas Georgias del Sur)","Bird Island (SGSSI (IGSISS))",-54,-38.03,"GPS",5097229,82199,"IGOT0100_20120227184500","adult","male","incubation","breeding","2012-03-03","09:00:00",-54.04478,-39.38834,NA,NA
1387,"Diomedea exulans","Wandering Albatross","South Georgia (Islas Georgias del Sur)","Bird Island (SGSSI (IGSISS))",-54,-38.03,"GPS",5097229,82199,"IGOT0100_20120227184500","adult","male","incubation","breeding","2012-02-28","04:18:00",-52.67463,-39.2538,NA,NA
1387,"Diomedea exulans","Wandering Albatross","South Georgia (Islas Georgias del Sur)","Bird Island (SGSSI (IGSISS))",-54,-38.03,"GPS",5097229,82199,"IGOT0100_20120227184500","adult","male","incubation","breeding","2012-03-02","03:07:00",-50.21849,-50.21051,NA,NA
1387,"Diomedea exulans","Wandering Albatross","South Georgia (Islas Georgias del Sur)","Bird Island (SGSSI (IGSISS))",-54,-38.03,"GPS",5097229,82199,"IGOT0100_20120227184500","adult","male","incubation","breeding","2012-02-28","16:26:00",-50.59155,-46.34497,NA,NA
1387,"Diomedea exulans","Wandering Albatross","South Georgia (Islas Georgias del Sur)","Bird Island (SGSSI (IGSISS))",-54,-38.03,"GPS",5097229,82199,"IGOT0100_20120227184500","adult","male","incubation","breeding","2012-02-29","14:42:00",-48.83731,-50.03325,NA,NA
1387,"Diomedea exulans","Wandering Albatross","South Georgia (Islas Georgias del Sur)","Bird Island (SGSSI (IGSISS))",-54,-38.03,"GPS",5097229,82199,"IGOT0100_20120227184500","adult","male","incubation","breeding","2012-02-29","15:55:00",-48.83972,-50.06466,NA,NA
1387,"Diomedea exulans","Wandering Albatross","South Georgia (Islas Georgias del Sur)","Bird Island (SGSSI (IGSISS))",-54,-38.03,"GPS",5097229,82199,"IGOT0100_20120227184500","adult","male","incubation","breeding","2012-02-29","17:35:00",-48.84751,-50.11848,NA,NA
1387,"Diomedea exulans","Wandering Albatross","South Georgia (Islas Georgias del Sur)","Bird Island (SGSSI (IGSISS))",-54,-38.03,"GPS",5097229,82199,"IGOT0100_20120227184500","adult","male","incubation","breeding","2012-02-27","20:00:00",-53.80712,-38.25138,NA,NA
1387,"Diomedea exulans","Wandering Albatross","South Georgia (Islas Georgias del Sur)","Bird Island (SGSSI (IGSISS))",-54,-38.03,"GPS",5097229,82199,"IGOT0100_20120227184500","adult","male","incubation","breeding","2012-02-28","18:27:00",-50.43589,-46.59322,NA,NA
1387,"Diomedea exulans","Wandering Albatross","South Georgia (Islas Georgias del Sur)","Bird Island (SGSSI (IGSISS))",-54,-38.03,"GPS",5097229,82199,"IGOT0100_20120227184500","adult","male","incubation","breeding","2012-02-29","05:48:00",-49.1836,-49.35097,NA,NA
1387,"Diomedea exulans","Wandering Albatross","South Georgia (Islas Georgias del Sur)","Bird Island (SGSSI (IGSISS))",-54,-38.03,"GPS",5097229,82199,"IGOT0100_20120227184500","adult","male","incubation","breeding","2012-03-01","13:28:00",-49.16916,-50.96627,NA,NA
1387,"Diomedea exulans","Wandering Albatross","South Georgia (Islas Georgias del Sur)","Bird Island (SGSSI (IGSISS))",-54,-38.03,"GPS",5097229,82199,"IGOT0100_20120227184500","adult","male","incubation","breeding","2012-03-03","13:56:00",-53.89919,-38.38428,NA,NA
1387,"Diomedea exulans","Wandering Albatross","South Georgia (Islas Georgias del Sur)","Bird Island (SGSSI (IGSISS))",-54,-38.03,"GPS",5097229,82199,"IGOT0100_20120227184500","adult","male","incubation","breeding","2012-03-01","13:04:00",-49.1643,-50.95781,NA,NA
1387,"Diomedea exulans","Wandering Albatross","South Georgia (Islas Georgias del Sur)","Bird Island (SGSSI (IGSISS))",-54,-38.03,"GPS",5097229,82199,"IGOT0100_20120227184500","adult","male","incubation","breeding","2012-03-01","09:48:00",-49.13485,-50.8699,NA,NA
1387,"Diomedea exulans","Wandering Albatross","South Georgia (Islas Georgias del Sur)","Bird Island (SGSSI (IGSISS))",-54,-38.03,"GPS",5097229,82199,"IGOT0100_20120227184500","adult","male","incubation","breeding","2012-02-29","22:51:00",-48.92186,-50.20466,NA,NA
1387,"Diomedea exulans","Wandering Albatross","South Georgia (Islas Georgias del Sur)","Bird Island (SGSSI (IGSISS))",-54,-38.03,"GPS",5097229,82199,"IGOT0100_20120227184500","adult","male","incubation","breeding","2012-02-29","23:18:00",-48.92722,-50.20729,NA,NA
1387,"Diomedea exulans","Wandering Albatross","South Georgia (Islas Georgias del Sur)","Bird Island (SGSSI (IGSISS))",-54,-38.03,"GPS",5097229,82199,"IGOT0100_20120227184500","adult","male","incubation","breeding","2012-02-28","14:45:00",-50.94981,-45.81679,NA,NA
1387,"Diomedea exulans","Wandering Albatross","South Georgia (Islas Georgias del Sur)","Bird Island (SGSSI (IGSISS))",-54,-38.03,"GPS",5097229,82199,"IGOT0100_20120227184500","adult","male","incubation","breeding","2012-03-03","13:31:00",-53.8935,-38.44634,NA,NA
1387,"Diomedea exulans","Wandering Albatross","South Georgia (Islas Georgias del Sur)","Bird Island (SGSSI (IGSISS))",-54,-38.03,"GPS",5097229,82199,"IGOT0100_20120227184500","adult","male","incubation","breeding","2012-03-02","09:14:00",-50.82759,-49.47493,NA,NA
1387,"Diomedea exulans","Wandering Albatross","South Georgia (Islas Georgias del Sur)","Bird Island (SGSSI (IGSISS))",-54,-38.03,"GPS",5097229,82199,"IGOT0100_20120227184500","adult","male","incubation","breeding","2012-02-28","01:27:00",-52.68181,-39.22413,NA,NA
1387,"Diomedea exulans","Wandering Albatross","South Georgia (Islas Georgias del Sur)","Bird Island (SGSSI (IGSISS))",-54,-38.03,"GPS",5097229,82199,"IGOT0100_20120227184500","adult","male","incubation","breeding","2012-02-29","00:05:00",-49.167,-49.37366,NA,NA
1387,"Diomedea exulans","Wandering Albatross","South Georgia (Islas Georgias del Sur)","Bird Island (SGSSI (IGSISS))",-54,-38.03,"GPS",5097229,82199,"IGOT0100_20120227184500","adult","male","incubation","breeding","2012-02-29","04:50:00",-49.18019,-49.3631,NA,NA
1387,"Diomedea exulans","Wandering Albatross","South Georgia (Islas Georgias del Sur)","Bird Island (SGSSI (IGSISS))",-54,-38.03,"GPS",5097229,82199,"IGOT0100_20120227184500","adult","male","incubation","breeding","2012-03-02","16:11:00",-53.00243,-45.6735,NA,NA
1387,"Diomedea exulans","Wandering Albatross","South Georgia (Islas Georgias del Sur)","Bird Island (SGSSI (IGSISS))",-54,-38.03,"GPS",5097229,82199,"IGOT0100_20120227184500","adult","male","incubation","breeding","2012-03-02","04:22:00",-50.23323,-50.23124,NA,NA
1387,"Diomedea exulans","Wandering Albatross","South Georgia (Islas Georgias del Sur)","Bird Island (SGSSI (IGSISS))",-54,-38.03,"GPS",5097229,82199,"IGOT0100_20120227184500","adult","male","incubation","breeding","2012-03-01","07:40:00",-48.96177,-50.28297,NA,NA
1387,"Diomedea exulans","Wandering Albatross","South Georgia (Islas Georgias del Sur)","Bird Island (SGSSI (IGSISS))",-54,-38.03,"GPS",5097229,82199,"IGOT0100_20120227184500","adult","male","incubation","breeding","2012-02-28","19:03:00",-50.28906,-46.93183,NA,NA
1387,"Diomedea exulans","Wandering Albatross","South Georgia (Islas Georgias del Sur)","Bird Island (SGSSI (IGSISS))",-54,-38.03,"GPS",5097229,82199,"IGOT0100_20120227184500","adult","male","incubation","breeding","2012-03-01","18:07:00",-49.15835,-51.37275,NA,NA
1387,"Diomedea exulans","Wandering Albatross","South Georgia (Islas Georgias del Sur)","Bird Island (SGSSI (IGSISS))",-54,-38.03,"GPS",5097229,82199,"IGOT0100_20120227184500","adult","male","incubation","breeding","2012-03-01","06:51:00",-48.95869,-50.26545,NA,NA
1387,"Diomedea exulans","Wandering Albatross","South Georgia (Islas Georgias del Sur)","Bird Island (SGSSI (IGSISS))",-54,-38.03,"GPS",5097229,82199,"IGOT0100_20120227184500","adult","male","incubation","breeding","2012-03-02","18:46:00",-53.56576,-43.88903,NA,NA
1387,"Diomedea exulans","Wandering Albatross","South Georgia (Islas Georgias del Sur)","Bird Island (SGSSI (IGSISS))",-54,-38.03,"GPS",5097229,82199,"IGOT0100_20120227184500","adult","male","incubation","breeding","2012-02-28","07:16:00",-52.74663,-40.01683,NA,NA
1387,"Diomedea exulans","Wandering Albatross","South Georgia (Islas Georgias del Sur)","Bird Island (SGSSI (IGSISS))",-54,-38.03,"GPS",5097229,82199,"IGOT0100_20120227184500","adult","male","incubation","breeding","2012-03-02","03:58:00",-50.22811,-50.22522,NA,NA
1387,"Diomedea exulans","Wandering Albatross","South Georgia (Islas Georgias del Sur)","Bird Island (SGSSI (IGSISS))",-54,-38.03,"GPS",5097229,82199,"IGOT0100_20120227184500","adult","male","incubation","breeding","2012-02-29","13:41:00",-48.83424,-50.00925,NA,NA
1387,"Diomedea exulans","Wandering Albatross","South Georgia (Islas Georgias del Sur)","Bird Island (SGSSI (IGSISS))",-54,-38.03,"GPS",5097229,82199,"IGOT0100_20120227184500","adult","male","incubation","breeding","2012-03-01","19:57:00",-49.37048,-51.28975,NA,NA
1387,"Diomedea exulans","Wandering Albatross","South Georgia (Islas Georgias del Sur)","Bird Island (SGSSI (IGSISS))",-54,-38.03,"GPS",5097229,82199,"IGOT0100_20120227184500","adult","male","incubation","breeding","2012-03-01","05:36:00",-48.95826,-50.24421,NA,NA
1387,"Diomedea exulans","Wandering Albatross","South Georgia (Islas Georgias del Sur)","Bird Island (SGSSI (IGSISS))",-54,-38.03,"GPS",5097229,82199,"IGOT0100_20120227184500","adult","male","incubation","breeding","2012-02-28","01:51:00",-52.68063,-39.22641,NA,NA
1387,"Diomedea exulans","Wandering Albatross","South Georgia (Islas Georgias del Sur)","Bird Island (SGSSI (IGSISS))",-54,-38.03,"GPS",5097229,82199,"IGOT0100_20120227184500","adult","male","incubation","breeding","2012-02-29","05:16:00",-49.18225,-49.35863,NA,NA
1387,"Diomedea exulans","Wandering Albatross","South Georgia (Islas Georgias del Sur)","Bird Island (SGSSI (IGSISS))",-54,-38.03,"GPS",5097229,82199,"IGOT0100_20120227184500","adult","male","incubation","breeding","2012-02-29","16:45:00",-48.84317,-50.09158,NA,NA
1387,"Diomedea exulans","Wandering Albatross","South Georgia (Islas Georgias del Sur)","Bird Island (SGSSI (IGSISS))",-54,-38.03,"GPS",5097229,82199,"IGOT0100_20120227184500","adult","male","incubation","breeding","2012-02-28","01:02:00",-52.68228,-39.22091,NA,NA
1387,"Diomedea exulans","Wandering Albatross","South Georgia (Islas Georgias del Sur)","Bird Island (SGSSI (IGSISS))",-54,-38.03,"GPS",5097229,82199,"IGOT0100_20120227184500","adult","male","incubation","breeding","2012-02-29","09:01:00",-48.82418,-49.96158,NA,NA
1387,"Diomedea exulans","Wandering Albatross","South Georgia (Islas Georgias del Sur)","Bird Island (SGSSI (IGSISS))",-54,-38.03,"GPS",5097229,82199,"IGOT0100_20120227184500","adult","male","incubation","breeding","2012-03-01","14:47:00",-49.18315,-50.98522,NA,NA
1387,"Diomedea exulans","Wandering Albatross","South Georgia (Islas Georgias del Sur)","Bird Island (SGSSI (IGSISS))",-54,-38.03,"GPS",5097229,82199,"IGOT0100_20120227184500","adult","male","incubation","breeding","2012-02-29","15:31:00",-48.83878,-50.0535,NA,NA
1387,"Diomedea exulans","Wandering Albatross","South Georgia (Islas Georgias del Sur)","Bird Island (SGSSI (IGSISS))",-54,-38.03,"GPS",5097229,82199,"IGOT0100_20120227184500","adult","male","incubation","breeding","2012-02-29","19:19:00",-48.86834,-50.15838,NA,NA
1387,"Diomedea exulans","Wandering Albatross","South Georgia (Islas Georgias del Sur)","Bird Island (SGSSI (IGSISS))",-54,-38.03,"GPS",5097229,82199,"IGOT0100_20120227184500","adult","male","incubation","breeding","2012-03-01","02:22:00",-48.95119,-50.21616,NA,NA
1387,"Diomedea exulans","Wandering Albatross","South Georgia (Islas Georgias del Sur)","Bird Island (SGSSI (IGSISS))",-54,-38.03,"GPS",5097229,82199,"IGOT0100_20120227184500","adult","male","incubation","breeding","2012-02-29","02:49:00",-49.16959,-49.37533,NA,NA
1387,"Diomedea exulans","Wandering Albatross","South Georgia (Islas Georgias del Sur)","Bird Island (SGSSI (IGSISS))",-54,-38.03,"GPS",5097229,82199,"IGOT0100_20120227184500","adult","male","incubation","breeding","2012-03-01","13:54:00",-49.17461,-50.97407,NA,NA
1387,"Diomedea exulans","Wandering Albatross","South Georgia (Islas Georgias del Sur)","Bird Island (SGSSI (IGSISS))",-54,-38.03,"GPS",5097229,82199,"IGOT0100_20120227184500","adult","male","incubation","breeding","2012-03-02","08:24:00",-50.53145,-49.92712,NA,NA
1387,"Diomedea exulans","Wandering Albatross","South Georgia (Islas Georgias del Sur)","Bird Island (SGSSI (IGSISS))",-54,-38.03,"GPS",5097229,82199,"IGOT0100_20120227184500","adult","male","incubation","breeding","2012-03-02","11:18:00",-51.61675,-48.35245,NA,NA
1387,"Diomedea exulans","Wandering Albatross","South Georgia (Islas Georgias del Sur)","Bird Island (SGSSI (IGSISS))",-54,-38.03,"GPS",5097229,82199,"IGOT0100_20120227184500","adult","male","incubation","breeding","2012-03-01","08:31:00",-48.96386,-50.37883,NA,NA
1387,"Diomedea exulans","Wandering Albatross","South Georgia (Islas Georgias del Sur)","Bird Island (SGSSI (IGSISS))",-54,-38.03,"GPS",5097229,82199,"IGOT0100_20120227184500","adult","male","incubation","breeding","2012-03-02","20:25:00",-53.90217,-42.87279,NA,NA
1387,"Diomedea exulans","Wandering Albatross","South Georgia (Islas Georgias del Sur)","Bird Island (SGSSI (IGSISS))",-54,-38.03,"GPS",5097229,82199,"IGOT0100_20120227184500","adult","male","incubation","breeding","2012-02-28","21:08:00",-49.80039,-48.01451,NA,NA
1387,"Diomedea exulans","Wandering Albatross","South Georgia (Islas Georgias del Sur)","Bird Island (SGSSI (IGSISS))",-54,-38.03,"GPS",5097229,82199,"IGOT0100_20120227184500","adult","male","incubation","breeding","2012-03-03","05:31:00",-54.11278,-40.69434,NA,NA
1387,"Diomedea exulans","Wandering Albatross","South Georgia (Islas Georgias del Sur)","Bird Island (SGSSI (IGSISS))",-54,-38.03,"GPS",5097229,82199,"IGOT0100_20120227184500","adult","male","incubation","breeding","2012-02-29","18:29:00",-48.85724,-50.14349,NA,NA
1387,"Diomedea exulans","Wandering Albatross","South Georgia (Islas Georgias del Sur)","Bird Island (SGSSI (IGSISS))",-54,-38.03,"GPS",5097229,82199,"IGOT0100_20120227184500","adult","male","incubation","breeding","2012-03-03","01:40:00",-54.09925,-40.72695,NA,NA
1387,"Diomedea exulans","Wandering Albatross","South Georgia (Islas Georgias del Sur)","Bird Island (SGSSI (IGSISS))",-54,-38.03,"GPS",5097229,82199,"IGOT0100_20120227184500","adult","male","incubation","breeding","2012-03-03","03:28:00",-54.10411,-40.7107,NA,NA
1387,"Diomedea exulans","Wandering Albatross","South Georgia (Islas Georgias del Sur)","Bird Island (SGSSI (IGSISS))",-54,-38.03,"GPS",5097229,82199,"IGOT0100_20120227184500","adult","male","incubation","breeding","2012-03-03","07:18:00",-54.08829,-40.3982,NA,NA
1387,"Diomedea exulans","Wandering Albatross","South Georgia (Islas Georgias del Sur)","Bird Island (SGSSI (IGSISS))",-54,-38.03,"GPS",5097229,82199,"IGOT0100_20120227184500","adult","male","incubation","breeding","2012-03-03","11:57:00",-53.88582,-38.48898,NA,NA
1387,"Diomedea exulans","Wandering Albatross","South Georgia (Islas Georgias del Sur)","Bird Island (SGSSI (IGSISS))",-54,-38.03,"GPS",5097229,82199,"IGOT0100_20120227184500","adult","male","incubation","breeding","2012-02-29","01:26:00",-49.16598,-49.37751,NA,NA
1387,"Diomedea exulans","Wandering Albatross","South Georgia (Islas Georgias del Sur)","Bird Island (SGSSI (IGSISS))",-54,-38.03,"GPS",5097229,82199,"IGOT0100_20120227184500","adult","male","incubation","breeding","2012-03-01","22:29:00",-50.05167,-50.43668,NA,NA
1387,"Diomedea exulans","Wandering Albatross","South Georgia (Islas Georgias del Sur)","Bird Island (SGSSI (IGSISS))",-54,-38.03,"GPS",5097229,82199,"IGOT0100_20120227184500","adult","male","incubation","breeding","2012-03-01","06:28:00",-48.95849,-50.25766,NA,NA
1387,"Diomedea exulans","Wandering Albatross","South Georgia (Islas Georgias del Sur)","Bird Island (SGSSI (IGSISS))",-54,-38.03,"GPS",5097229,82199,"IGOT0100_20120227184500","adult","male","incubation","breeding","2012-02-27","19:35:00",-53.97329,-38.1189,NA,NA
1387,"Diomedea exulans","Wandering Albatross","South Georgia (Islas Georgias del Sur)","Bird Island (SGSSI (IGSISS))",-54,-38.03,"GPS",5097229,82199,"IGOT0100_20120227184500","adult","male","incubation","breeding","2012-03-03","07:43:00",-54.07436,-40.10318,NA,NA
1387,"Diomedea exulans","Wandering Albatross","South Georgia (Islas Georgias del Sur)","Bird Island (SGSSI (IGSISS))",-54,-38.03,"GPS",5097229,82199,"IGOT0100_20120227184500","adult","male","incubation","breeding","2012-03-03","08:08:00",-54.06789,-40.04108,NA,NA
1387,"Diomedea exulans","Wandering Albatross","South Georgia (Islas Georgias del Sur)","Bird Island (SGSSI (IGSISS))",-54,-38.03,"GPS",5097229,82199,"IGOT0100_20120227184500","adult","male","incubation","breeding","2012-02-28","17:26:00",-50.58177,-46.3384,NA,NA
1387,"Diomedea exulans","Wandering Albatross","South Georgia (Islas Georgias del Sur)","Bird Island (SGSSI (IGSISS))",-54,-38.03,"GPS",5097229,82199,"IGOT0100_20120227184500","adult","male","incubation","breeding","2012-03-02","01:22:00",-50.20222,-50.17816,NA,NA
1387,"Diomedea exulans","Wandering Albatross","South Georgia (Islas Georgias del Sur)","Bird Island (SGSSI (IGSISS))",-54,-38.03,"GPS",5097229,82199,"IGOT0100_20120227184500","adult","male","incubation","breeding","2012-03-02","02:44:00",-50.21462,-50.20367,NA,NA
1387,"Diomedea exulans","Wandering Albatross","South Georgia (Islas Georgias del Sur)","Bird Island (SGSSI (IGSISS))",-54,-38.03,"GPS",5097229,82199,"IGOT0100_20120227184500","adult","male","incubation","breeding","2012-03-01","01:22:00",-48.94507,-50.21308,NA,NA
1387,"Diomedea exulans","Wandering Albatross","South Georgia (Islas Georgias del Sur)","Bird Island (SGSSI (IGSISS))",-54,-38.03,"GPS",5097229,82199,"IGOT0100_20120227184500","adult","male","incubation","breeding","2012-03-01","05:11:00",-48.95895,-50.23908,NA,NA
1387,"Diomedea exulans","Wandering Albatross","South Georgia (Islas Georgias del Sur)","Bird Island (SGSSI (IGSISS))",-54,-38.03,"GPS",5097229,82199,"IGOT0100_20120227184500","adult","male","incubation","breeding","2012-02-28","03:52:00",-52.67459,-39.24783,NA,NA
1387,"Diomedea exulans","Wandering Albatross","South Georgia (Islas Georgias del Sur)","Bird Island (SGSSI (IGSISS))",-54,-38.03,"GPS",5097229,82199,"IGOT0100_20120227184500","adult","male","incubation","breeding","2012-02-28","07:51:00",-52.64382,-40.71966,NA,NA
1387,"Diomedea exulans","Wandering Albatross","South Georgia (Islas Georgias del Sur)","Bird Island (SGSSI (IGSISS))",-54,-38.03,"GPS",5097229,82199,"IGOT0100_20120227184500","adult","male","incubation","breeding","2012-02-29","10:31:00",-48.82897,-49.96946,NA,NA
1387,"Diomedea exulans","Wandering Albatross","South Georgia (Islas Georgias del Sur)","Bird Island (SGSSI (IGSISS))",-54,-38.03,"GPS",5097229,82199,"IGOT0100_20120227184500","adult","male","incubation","breeding","2012-03-02","14:06:00",-52.50335,-46.93474,NA,NA
1387,"Diomedea exulans","Wandering Albatross","South Georgia (Islas Georgias del Sur)","Bird Island (SGSSI (IGSISS))",-54,-38.03,"GPS",5097229,82199,"IGOT0100_20120227184500","adult","male","incubation","breeding","2012-03-03","03:52:00",-54.10553,-40.70839,NA,NA
1387,"Diomedea exulans","Wandering Albatross","South Georgia (Islas Georgias del Sur)","Bird Island (SGSSI (IGSISS))",-54,-38.03,"GPS",5097229,82199,"IGOT0100_20120227184500","adult","male","incubation","breeding","2012-03-03","05:55:00",-54.11444,-40.68869,NA,NA
1387,"Diomedea exulans","Wandering Albatross","South Georgia (Islas Georgias del Sur)","Bird Island (SGSSI (IGSISS))",-54,-38.03,"GPS",5097229,82199,"IGOT0100_20120227184500","adult","male","incubation","breeding","2012-03-01","11:50:00",-49.14972,-50.92827,NA,NA
1387,"Diomedea exulans","Wandering Albatross","South Georgia (Islas Georgias del Sur)","Bird Island (SGSSI (IGSISS))",-54,-38.03,"GPS",5097229,82199,"IGOT0100_20120227184500","adult","male","incubation","breeding","2012-02-27","21:06:00",-53.36095,-38.60936,NA,NA
1387,"Diomedea exulans","Wandering Albatross","South Georgia (Islas Georgias del Sur)","Bird Island (SGSSI (IGSISS))",-54,-38.03,"GPS",5098594,82200,"IGOT0095_20120216173500","adult","female","incubation","breeding","2012-02-28","00:33:00",-59.07034,-63.15825,NA,NA
1387,"Diomedea exulans","Wandering Albatross","South Georgia (Islas Georgias del Sur)","Bird Island (SGSSI (IGSISS))",-54,-38.03,"GPS",5098594,82200,"IGOT0095_20120216173500","adult","female","incubation","breeding","2012-03-03","12:44:00",-56.462,-56.86852,NA,NA
1387,"Diomedea exulans","Wandering Albatross","South Georgia (Islas Georgias del Sur)","Bird Island (SGSSI (IGSISS))",-54,-38.03,"GPS",5098594,82200,"IGOT0095_20120216173500","adult","female","incubation","breeding","2012-02-29","14:39:00",-59.32106,-66.53206,NA,NA
1387,"Diomedea exulans","Wandering Albatross","South Georgia (Islas Georgias del Sur)","Bird Island (SGSSI (IGSISS))",-54,-38.03,"GPS",5098594,82200,"IGOT0095_20120216173500","adult","female","incubation","breeding","2012-02-19","16:12:00",-54.29295,-52.08938,NA,NA
1387,"Diomedea exulans","Wandering Albatross","South Georgia (Islas Georgias del Sur)","Bird Island (SGSSI (IGSISS))",-54,-38.03,"GPS",5098594,82200,"IGOT0095_20120216173500","adult","female","incubation","breeding","2012-03-04","22:15:00",-55.3659,-54.48138,NA,NA
1387,"Diomedea exulans","Wandering Albatross","South Georgia (Islas Georgias del Sur)","Bird Island (SGSSI (IGSISS))",-54,-38.03,"GPS",5098594,82200,"IGOT0095_20120216173500","adult","female","incubation","breeding","2012-02-23","14:24:00",-61.04026,-66.08656,NA,NA
1387,"Diomedea exulans","Wandering Albatross","South Georgia (Islas Georgias del Sur)","Bird Island (SGSSI (IGSISS))",-54,-38.03,"GPS",5098594,82200,"IGOT0095_20120216173500","adult","female","incubation","breeding","2012-02-26","07:59:00",-61.84786,-65.11492,NA,NA
1387,"Diomedea exulans","Wandering Albatross","South Georgia (Islas Georgias del Sur)","Bird Island (SGSSI (IGSISS))",-54,-38.03,"GPS",5098594,82200,"IGOT0095_20120216173500","adult","female","incubation","breeding","2012-02-22","23:58:00",-58.81277,-59.95643,NA,NA
1387,"Diomedea exulans","Wandering Albatross","South Georgia (Islas Georgias del Sur)","Bird Island (SGSSI (IGSISS))",-54,-38.03,"GPS",5098594,82200,"IGOT0095_20120216173500","adult","female","incubation","breeding","2012-02-27","04:30:00",-59.45328,-61.15175,NA,NA
1387,"Diomedea exulans","Wandering Albatross","South Georgia (Islas Georgias del Sur)","Bird Island (SGSSI (IGSISS))",-54,-38.03,"GPS",5098594,82200,"IGOT0095_20120216173500","adult","female","incubation","breeding","2012-02-29","04:55:00",-63.499,-67.11882,NA,NA
1387,"Diomedea exulans","Wandering Albatross","South Georgia (Islas Georgias del Sur)","Bird Island (SGSSI (IGSISS))",-54,-38.03,"GPS",5098594,82200,"IGOT0095_20120216173500","adult","female","incubation","breeding","2012-02-25","14:22:00",-62.00322,-66.69913,NA,NA
1387,"Diomedea exulans","Wandering Albatross","South Georgia (Islas Georgias del Sur)","Bird Island (SGSSI (IGSISS))",-54,-38.03,"GPS",5098594,82200,"IGOT0095_20120216173500","adult","female","incubation","breeding","2012-02-22","01:02:00",-56.58286,-59.83377,NA,NA
1387,"Diomedea exulans","Wandering Albatross","South Georgia (Islas Georgias del Sur)","Bird Island (SGSSI (IGSISS))",-54,-38.03,"GPS",5098594,82200,"IGOT0095_20120216173500","adult","female","incubation","breeding","2012-02-21","04:35:00",-54.8732,-61.23575,NA,NA
1387,"Diomedea exulans","Wandering Albatross","South Georgia (Islas Georgias del Sur)","Bird Island (SGSSI (IGSISS))",-54,-38.03,"GPS",5098594,82200,"IGOT0095_20120216173500","adult","female","incubation","breeding","2012-02-21","14:40:00",-54.69768,-61.99919,NA,NA
1387,"Diomedea exulans","Wandering Albatross","South Georgia (Islas Georgias del Sur)","Bird Island (SGSSI (IGSISS))",-54,-38.03,"GPS",5098594,82200,"IGOT0095_20120216173500","adult","female","incubation","breeding","2012-02-17","22:22:00",-53.13884,-46.4823,NA,NA
1387,"Diomedea exulans","Wandering Albatross","South Georgia (Islas Georgias del Sur)","Bird Island (SGSSI (IGSISS))",-54,-38.03,"GPS",5098594,82200,"IGOT0095_20120216173500","adult","female","incubation","breeding","2012-03-06","17:16:00",-54.57235,-47.27568,NA,NA
1387,"Diomedea exulans","Wandering Albatross","South Georgia (Islas Georgias del Sur)","Bird Island (SGSSI (IGSISS))",-54,-38.03,"GPS",5098594,82200,"IGOT0095_20120216173500","adult","female","incubation","breeding","2012-02-20","01:36:00",-53.94131,-53.66751,NA,NA
1387,"Diomedea exulans","Wandering Albatross","South Georgia (Islas Georgias del Sur)","Bird Island (SGSSI (IGSISS))",-54,-38.03,"GPS",5098594,82200,"IGOT0095_20120216173500","adult","female","incubation","breeding","2012-02-20","12:38:00",-54.53609,-55.45501,NA,NA
1387,"Diomedea exulans","Wandering Albatross","South Georgia (Islas Georgias del Sur)","Bird Island (SGSSI (IGSISS))",-54,-38.03,"GPS",5098594,82200,"IGOT0095_20120216173500","adult","female","incubation","breeding","2012-03-06","05:45:00",-53.95871,-52.62386,NA,NA
1387,"Diomedea exulans","Wandering Albatross","South Georgia (Islas Georgias del Sur)","Bird Island (SGSSI (IGSISS))",-54,-38.03,"GPS",5098594,82200,"IGOT0095_20120216173500","adult","female","incubation","breeding","2012-02-27","13:07:00",-58.63903,-62.45573,NA,NA
1387,"Diomedea exulans","Wandering Albatross","South Georgia (Islas Georgias del Sur)","Bird Island (SGSSI (IGSISS))",-54,-38.03,"GPS",5098594,82200,"IGOT0095_20120216173500","adult","female","incubation","breeding","2012-02-28","02:59:00",-59.17441,-63.05811,NA,NA
1387,"Diomedea exulans","Wandering Albatross","South Georgia (Islas Georgias del Sur)","Bird Island (SGSSI (IGSISS))",-54,-38.03,"GPS",5098594,82200,"IGOT0095_20120216173500","adult","female","incubation","breeding","2012-03-03","16:47:00",-56.33627,-54.39582,NA,NA
1387,"Diomedea exulans","Wandering Albatross","South Georgia (Islas Georgias del Sur)","Bird Island (SGSSI (IGSISS))",-54,-38.03,"GPS",5098594,82200,"IGOT0095_20120216173500","adult","female","incubation","breeding","2012-03-04","13:43:00",-55.66082,-52.27194,NA,NA
1387,"Diomedea exulans","Wandering Albatross","South Georgia (Islas Georgias del Sur)","Bird Island (SGSSI (IGSISS))",-54,-38.03,"GPS",5098594,82200,"IGOT0095_20120216173500","adult","female","incubation","breeding","2012-02-18","15:23:00",-54.05594,-49.13496,NA,NA
1387,"Diomedea exulans","Wandering Albatross","South Georgia (Islas Georgias del Sur)","Bird Island (SGSSI (IGSISS))",-54,-38.03,"GPS",5098594,82200,"IGOT0095_20120216173500","adult","female","incubation","breeding","2012-02-19","10:01:00",-54.20076,-51.21887,NA,NA
1387,"Diomedea exulans","Wandering Albatross","South Georgia (Islas Georgias del Sur)","Bird Island (SGSSI (IGSISS))",-54,-38.03,"GPS",5098594,82200,"IGOT0095_20120216173500","adult","female","incubation","breeding","2012-02-19","17:58:00",-53.96431,-52.24416,NA,NA
1387,"Diomedea exulans","Wandering Albatross","South Georgia (Islas Georgias del Sur)","Bird Island (SGSSI (IGSISS))",-54,-38.03,"GPS",5098594,82200,"IGOT0095_20120216173500","adult","female","incubation","breeding","2012-02-29","06:06:00",-63.05139,-66.90698,NA,NA
1387,"Diomedea exulans","Wandering Albatross","South Georgia (Islas Georgias del Sur)","Bird Island (SGSSI (IGSISS))",-54,-38.03,"GPS",5098594,82200,"IGOT0095_20120216173500","adult","female","incubation","breeding","2012-02-24","21:03:00",-62.08728,-67.19247,NA,NA
1387,"Diomedea exulans","Wandering Albatross","South Georgia (Islas Georgias del Sur)","Bird Island (SGSSI (IGSISS))",-54,-38.03,"GPS",5098594,82200,"IGOT0095_20120216173500","adult","female","incubation","breeding","2012-02-25","21:54:00",-62.13807,-65.46723,NA,NA
1387,"Diomedea exulans","Wandering Albatross","South Georgia (Islas Georgias del Sur)","Bird Island (SGSSI (IGSISS))",-54,-38.03,"GPS",5098594,82200,"IGOT0095_20120216173500","adult","female","incubation","breeding","2012-03-03","06:31:00",-56.60753,-59.50435,NA,NA
1387,"Diomedea exulans","Wandering Albatross","South Georgia (Islas Georgias del Sur)","Bird Island (SGSSI (IGSISS))",-54,-38.03,"GPS",5098594,82200,"IGOT0095_20120216173500","adult","female","incubation","breeding","2012-02-21","00:58:00",-54.83157,-61.08489,NA,NA
1387,"Diomedea exulans","Wandering Albatross","South Georgia (Islas Georgias del Sur)","Bird Island (SGSSI (IGSISS))",-54,-38.03,"GPS",5098594,82200,"IGOT0095_20120216173500","adult","female","incubation","breeding","2012-03-05","08:30:00",-54.86494,-55.49974,NA,NA
1387,"Diomedea exulans","Wandering Albatross","South Georgia (Islas Georgias del Sur)","Bird Island (SGSSI (IGSISS))",-54,-38.03,"GPS",5098594,82200,"IGOT0095_20120216173500","adult","female","incubation","breeding","2012-02-27","23:41:00",-58.9144,-63.29458,NA,NA
1387,"Diomedea exulans","Wandering Albatross","South Georgia (Islas Georgias del Sur)","Bird Island (SGSSI (IGSISS))",-54,-38.03,"GPS",5098594,82200,"IGOT0095_20120216173500","adult","female","incubation","breeding","2012-03-03","15:22:00",-56.48272,-55.12817,NA,NA
1387,"Diomedea exulans","Wandering Albatross","South Georgia (Islas Georgias del Sur)","Bird Island (SGSSI (IGSISS))",-54,-38.03,"GPS",5098594,82200,"IGOT0095_20120216173500","adult","female","incubation","breeding","2012-03-04","17:58:00",-55.52043,-53.98884,NA,NA
1387,"Diomedea exulans","Wandering Albatross","South Georgia (Islas Georgias del Sur)","Bird Island (SGSSI (IGSISS))",-54,-38.03,"GPS",5098594,82200,"IGOT0095_20120216173500","adult","female","incubation","breeding","2012-03-06","10:28:00",-54.11825,-51.75766,NA,NA
1387,"Diomedea exulans","Wandering Albatross","South Georgia (Islas Georgias del Sur)","Bird Island (SGSSI (IGSISS))",-54,-38.03,"GPS",5098594,82200,"IGOT0095_20120216173500","adult","female","incubation","breeding","2012-02-29","11:04:00",-60.9045,-66.70225,NA,NA
1387,"Diomedea exulans","Wandering Albatross","South Georgia (Islas Georgias del Sur)","Bird Island (SGSSI (IGSISS))",-54,-38.03,"GPS",5098594,82200,"IGOT0095_20120216173500","adult","female","incubation","breeding","2012-02-29","03:51:00",-63.95993,-67.26436,NA,NA
1387,"Diomedea exulans","Wandering Albatross","South Georgia (Islas Georgias del Sur)","Bird Island (SGSSI (IGSISS))",-54,-38.03,"GPS",5098594,82200,"IGOT0095_20120216173500","adult","female","incubation","breeding","2012-02-24","18:56:00",-62.03954,-67.13997,NA,NA
1387,"Diomedea exulans","Wandering Albatross","South Georgia (Islas Georgias del Sur)","Bird Island (SGSSI (IGSISS))",-54,-38.03,"GPS",5098594,82200,"IGOT0095_20120216173500","adult","female","incubation","breeding","2012-02-21","06:52:00",-54.85045,-61.32142,NA,NA
1387,"Diomedea exulans","Wandering Albatross","South Georgia (Islas Georgias del Sur)","Bird Island (SGSSI (IGSISS))",-54,-38.03,"GPS",5098594,82200,"IGOT0095_20120216173500","adult","female","incubation","breeding","2012-03-02","10:10:00",-57.31674,-66.83202,NA,NA
1387,"Diomedea exulans","Wandering Albatross","South Georgia (Islas Georgias del Sur)","Bird Island (SGSSI (IGSISS))",-54,-38.03,"GPS",5098594,82200,"IGOT0095_20120216173500","adult","female","incubation","breeding","2012-03-01","17:31:00",-57.30718,-66.79597,NA,NA
1387,"Diomedea exulans","Wandering Albatross","South Georgia (Islas Georgias del Sur)","Bird Island (SGSSI (IGSISS))",-54,-38.03,"GPS",5098594,82200,"IGOT0095_20120216173500","adult","female","incubation","breeding","2012-03-02","20:40:00",-56.17931,-62.19599,NA,NA
1387,"Diomedea exulans","Wandering Albatross","South Georgia (Islas Georgias del Sur)","Bird Island (SGSSI (IGSISS))",-54,-38.03,"GPS",5098594,82200,"IGOT0095_20120216173500","adult","female","incubation","breeding","2012-02-18","12:05:00",-53.70921,-47.88895,NA,NA
1387,"Diomedea exulans","Wandering Albatross","South Georgia (Islas Georgias del Sur)","Bird Island (SGSSI (IGSISS))",-54,-38.03,"GPS",5098594,82200,"IGOT0095_20120216173500","adult","female","incubation","breeding","2012-03-06","17:41:00",-54.64495,-46.90868,NA,NA
1387,"Diomedea exulans","Wandering Albatross","South Georgia (Islas Georgias del Sur)","Bird Island (SGSSI (IGSISS))",-54,-38.03,"GPS",5098594,82200,"IGOT0095_20120216173500","adult","female","incubation","breeding","2012-02-16","18:01:00",-53.99301,-38.07063,NA,NA
1387,"Diomedea exulans","Wandering Albatross","South Georgia (Islas Georgias del Sur)","Bird Island (SGSSI (IGSISS))",-54,-38.03,"GPS",5098594,82200,"IGOT0095_20120216173500","adult","female","incubation","breeding","2012-03-06","01:40:00",-53.97109,-52.60931,NA,NA
1387,"Diomedea exulans","Wandering Albatross","South Georgia (Islas Georgias del Sur)","Bird Island (SGSSI (IGSISS))",-54,-38.03,"GPS",5098594,82200,"IGOT0095_20120216173500","adult","female","incubation","breeding","2012-02-18","19:29:00",-53.95836,-50.23151,NA,NA
1387,"Diomedea exulans","Wandering Albatross","South Georgia (Islas Georgias del Sur)","Bird Island (SGSSI (IGSISS))",-54,-38.03,"GPS",5098594,82200,"IGOT0095_20120216173500","adult","female","incubation","breeding","2012-02-23","00:37:00",-58.93919,-60.50199,NA,NA
1387,"Diomedea exulans","Wandering Albatross","South Georgia (Islas Georgias del Sur)","Bird Island (SGSSI (IGSISS))",-54,-38.03,"GPS",5098594,82200,"IGOT0095_20120216173500","adult","female","incubation","breeding","2012-02-24","23:28:00",-62.17645,-67.32397,NA,NA
1387,"Diomedea exulans","Wandering Albatross","South Georgia (Islas Georgias del Sur)","Bird Island (SGSSI (IGSISS))",-54,-38.03,"GPS",5098594,82200,"IGOT0095_20120216173500","adult","female","incubation","breeding","2012-02-25","17:43:00",-62.13319,-66.36794,NA,NA
1387,"Diomedea exulans","Wandering Albatross","South Georgia (Islas Georgias del Sur)","Bird Island (SGSSI (IGSISS))",-54,-38.03,"GPS",5098594,82200,"IGOT0095_20120216173500","adult","female","incubation","breeding","2012-03-03","08:07:00",-56.60798,-59.51561,NA,NA
1387,"Diomedea exulans","Wandering Albatross","South Georgia (Islas Georgias del Sur)","Bird Island (SGSSI (IGSISS))",-54,-38.03,"GPS",5098594,82200,"IGOT0095_20120216173500","adult","female","incubation","breeding","2012-03-06","22:51:00",-55.5309,-42.04133,NA,NA
1387,"Diomedea exulans","Wandering Albatross","South Georgia (Islas Georgias del Sur)","Bird Island (SGSSI (IGSISS))",-54,-38.03,"GPS",5098594,82200,"IGOT0095_20120216173500","adult","female","incubation","breeding","2012-02-18","10:49:00",-53.51021,-47.50832,NA,NA
1387,"Diomedea exulans","Wandering Albatross","South Georgia (Islas Georgias del Sur)","Bird Island (SGSSI (IGSISS))",-54,-38.03,"GPS",5098594,82200,"IGOT0095_20120216173500","adult","female","incubation","breeding","2012-02-18","01:13:00",-52.89841,-46.87616,NA,NA
1387,"Diomedea exulans","Wandering Albatross","South Georgia (Islas Georgias del Sur)","Bird Island (SGSSI (IGSISS))",-54,-38.03,"GPS",5098594,82200,"IGOT0095_20120216173500","adult","female","incubation","breeding","2012-02-18","05:34:00",-52.92091,-46.83414,NA,NA
1387,"Diomedea exulans","Wandering Albatross","South Georgia (Islas Georgias del Sur)","Bird Island (SGSSI (IGSISS))",-54,-38.03,"GPS",5098594,82200,"IGOT0095_20120216173500","adult","female","incubation","breeding","2012-03-07","05:29:00",-53.90523,-39.37032,NA,NA
1387,"Diomedea exulans","Wandering Albatross","South Georgia (Islas Georgias del Sur)","Bird Island (SGSSI (IGSISS))",-54,-38.03,"GPS",5098594,82200,"IGOT0095_20120216173500","adult","female","incubation","breeding","2012-02-20","20:43:00",-55.01559,-59.46298,NA,NA
1387,"Diomedea exulans","Wandering Albatross","South Georgia (Islas Georgias del Sur)","Bird Island (SGSSI (IGSISS))",-54,-38.03,"GPS",5098594,82200,"IGOT0095_20120216173500","adult","female","incubation","breeding","2012-03-05","11:26:00",-54.20851,-55.10845,NA,NA
1387,"Diomedea exulans","Wandering Albatross","South Georgia (Islas Georgias del Sur)","Bird Island (SGSSI (IGSISS))",-54,-38.03,"GPS",5098594,82200,"IGOT0095_20120216173500","adult","female","incubation","breeding","2012-02-20","00:39:00",-53.94527,-53.65465,NA,NA
1387,"Diomedea exulans","Wandering Albatross","South Georgia (Islas Georgias del Sur)","Bird Island (SGSSI (IGSISS))",-54,-38.03,"GPS",5098594,82200,"IGOT0095_20120216173500","adult","female","incubation","breeding","2012-02-22","20:12:00",-57.59126,-59.71127,NA,NA
1387,"Diomedea exulans","Wandering Albatross","South Georgia (Islas Georgias del Sur)","Bird Island (SGSSI (IGSISS))",-54,-38.03,"GPS",5098594,82200,"IGOT0095_20120216173500","adult","female","incubation","breeding","2012-02-27","11:31:00",-58.93767,-61.72082,NA,NA
1387,"Diomedea exulans","Wandering Albatross","South Georgia (Islas Georgias del Sur)","Bird Island (SGSSI (IGSISS))",-54,-38.03,"GPS",5098594,82200,"IGOT0095_20120216173500","adult","female","incubation","breeding","2012-02-27","17:08:00",-58.45838,-63.18725,NA,NA
1387,"Diomedea exulans","Wandering Albatross","South Georgia (Islas Georgias del Sur)","Bird Island (SGSSI (IGSISS))",-54,-38.03,"GPS",5098594,82200,"IGOT0095_20120216173500","adult","female","incubation","breeding","2012-02-27","21:23:00",-58.5726,-63.26507,NA,NA
1387,"Diomedea exulans","Wandering Albatross","South Georgia (Islas Georgias del Sur)","Bird Island (SGSSI (IGSISS))",-54,-38.03,"GPS",5098594,82200,"IGOT0095_20120216173500","adult","female","incubation","breeding","2012-03-03","22:14:00",-56.00664,-53.3017,NA,NA
1387,"Diomedea exulans","Wandering Albatross","South Georgia (Islas Georgias del Sur)","Bird Island (SGSSI (IGSISS))",-54,-38.03,"GPS",5098594,82200,"IGOT0095_20120216173500","adult","female","incubation","breeding","2012-03-03","23:26:00",-55.9392,-53.05323,NA,NA
1387,"Diomedea exulans","Wandering Albatross","South Georgia (Islas Georgias del Sur)","Bird Island (SGSSI (IGSISS))",-54,-38.03,"GPS",5098594,82200,"IGOT0095_20120216173500","adult","female","incubation","breeding","2012-02-18","20:19:00",-53.89337,-50.36153,NA,NA
1387,"Diomedea exulans","Wandering Albatross","South Georgia (Islas Georgias del Sur)","Bird Island (SGSSI (IGSISS))",-54,-38.03,"GPS",5098594,82200,"IGOT0095_20120216173500","adult","female","incubation","breeding","2012-02-18","21:46:00",-53.69152,-50.68946,NA,NA
1387,"Diomedea exulans","Wandering Albatross","South Georgia (Islas Georgias del Sur)","Bird Island (SGSSI (IGSISS))",-54,-38.03,"GPS",5098594,82200,"IGOT0095_20120216173500","adult","female","incubation","breeding","2012-02-23","06:48:00",-59.05923,-61.01329,NA,NA
1387,"Diomedea exulans","Wandering Albatross","South Georgia (Islas Georgias del Sur)","Bird Island (SGSSI (IGSISS))",-54,-38.03,"GPS",5098594,82200,"IGOT0095_20120216173500","adult","female","incubation","breeding","2012-02-27","08:10:00",-59.58152,-61.33856,NA,NA
1387,"Diomedea exulans","Wandering Albatross","South Georgia (Islas Georgias del Sur)","Bird Island (SGSSI (IGSISS))",-54,-38.03,"GPS",5098594,82200,"IGOT0095_20120216173500","adult","female","incubation","breeding","2012-02-26","20:30:00",-60.79836,-61.49128,NA,NA
1387,"Diomedea exulans","Wandering Albatross","South Georgia (Islas Georgias del Sur)","Bird Island (SGSSI (IGSISS))",-54,-38.03,"GPS",5098594,82200,"IGOT0095_20120216173500","adult","female","incubation","breeding","2012-02-25","05:33:00",-62.22913,-67.36114,NA,NA
1387,"Diomedea exulans","Wandering Albatross","South Georgia (Islas Georgias del Sur)","Bird Island (SGSSI (IGSISS))",-54,-38.03,"GPS",5098594,82200,"IGOT0095_20120216173500","adult","female","incubation","breeding","2012-03-02","01:25:00",-57.37794,-66.89963,NA,NA
1387,"Diomedea exulans","Wandering Albatross","South Georgia (Islas Georgias del Sur)","Bird Island (SGSSI (IGSISS))",-54,-38.03,"GPS",5098594,82200,"IGOT0095_20120216173500","adult","female","incubation","breeding","2012-03-02","12:22:00",-57.02554,-66.93395,NA,NA
1387,"Diomedea exulans","Wandering Albatross","South Georgia (Islas Georgias del Sur)","Bird Island (SGSSI (IGSISS))",-54,-38.03,"GPS",5098594,82200,"IGOT0095_20120216173500","adult","female","incubation","breeding","2012-02-17","20:19:00",-53.57801,-46.03884,NA,NA
1387,"Diomedea exulans","Wandering Albatross","South Georgia (Islas Georgias del Sur)","Bird Island (SGSSI (IGSISS))",-54,-38.03,"GPS",5098594,82200,"IGOT0095_20120216173500","adult","female","incubation","breeding","2012-02-18","01:38:00",-52.90038,-46.87691,NA,NA
1387,"Diomedea exulans","Wandering Albatross","South Georgia (Islas Georgias del Sur)","Bird Island (SGSSI (IGSISS))",-54,-38.03,"GPS",5098594,82200,"IGOT0095_20120216173500","adult","female","incubation","breeding","2012-02-17","06:57:00",-52.43966,-39.25899,NA,NA
1387,"Diomedea exulans","Wandering Albatross","South Georgia (Islas Georgias del Sur)","Bird Island (SGSSI (IGSISS))",-54,-38.03,"GPS",5098594,82200,"IGOT0095_20120216173500","adult","female","incubation","breeding","2012-02-20","08:38:00",-54.15951,-53.91991,NA,NA
1387,"Diomedea exulans","Wandering Albatross","South Georgia (Islas Georgias del Sur)","Bird Island (SGSSI (IGSISS))",-54,-38.03,"GPS",5098594,82200,"IGOT0095_20120216173500","adult","female","incubation","breeding","2012-02-29","11:28:00",-60.72379,-66.70778,NA,NA
1387,"Diomedea exulans","Wandering Albatross","South Georgia (Islas Georgias del Sur)","Bird Island (SGSSI (IGSISS))",-54,-38.03,"GPS",5098594,82200,"IGOT0095_20120216173500","adult","female","incubation","breeding","2012-02-28","16:43:00",-62.51168,-64.63728,NA,NA
1387,"Diomedea exulans","Wandering Albatross","South Georgia (Islas Georgias del Sur)","Bird Island (SGSSI (IGSISS))",-54,-38.03,"GPS",5098594,82200,"IGOT0095_20120216173500","adult","female","incubation","breeding","2012-03-02","03:53:00",-57.37418,-66.89771,NA,NA
1387,"Diomedea exulans","Wandering Albatross","South Georgia (Islas Georgias del Sur)","Bird Island (SGSSI (IGSISS))",-54,-38.03,"GPS",5098594,82200,"IGOT0095_20120216173500","adult","female","incubation","breeding","2012-03-01","01:33:00",-57.33538,-66.85097,NA,NA
1387,"Diomedea exulans","Wandering Albatross","South Georgia (Islas Georgias del Sur)","Bird Island (SGSSI (IGSISS))",-54,-38.03,"GPS",5098594,82200,"IGOT0095_20120216173500","adult","female","incubation","breeding","2012-03-01","16:17:00",-57.29192,-66.7777,NA,NA
1387,"Diomedea exulans","Wandering Albatross","South Georgia (Islas Georgias del Sur)","Bird Island (SGSSI (IGSISS))",-54,-38.03,"GPS",5098594,82200,"IGOT0095_20120216173500","adult","female","incubation","breeding","2012-03-06","20:02:00",-55.24624,-44.81344,NA,NA
1387,"Diomedea exulans","Wandering Albatross","South Georgia (Islas Georgias del Sur)","Bird Island (SGSSI (IGSISS))",-54,-38.03,"GPS",5098594,82200,"IGOT0095_20120216173500","adult","female","incubation","breeding","2012-03-06","20:35:00",-55.36963,-44.35813,NA,NA
1387,"Diomedea exulans","Wandering Albatross","South Georgia (Islas Georgias del Sur)","Bird Island (SGSSI (IGSISS))",-54,-38.03,"GPS",5098594,82200,"IGOT0095_20120216173500","adult","female","incubation","breeding","2012-02-16","17:35:00",-54.00734,-38.06435,NA,NA
1387,"Diomedea exulans","Wandering Albatross","South Georgia (Islas Georgias del Sur)","Bird Island (SGSSI (IGSISS))",-54,-38.03,"GPS",5098594,82200,"IGOT0095_20120216173500","adult","female","incubation","breeding","2012-03-05","23:37:00",-53.97867,-52.62627,NA,NA
1387,"Diomedea exulans","Wandering Albatross","South Georgia (Islas Georgias del Sur)","Bird Island (SGSSI (IGSISS))",-54,-38.03,"GPS",5098594,82200,"IGOT0095_20120216173500","adult","female","incubation","breeding","2012-03-03","09:46:00",-56.44738,-58.51738,NA,NA
1387,"Diomedea exulans","Wandering Albatross","South Georgia (Islas Georgias del Sur)","Bird Island (SGSSI (IGSISS))",-54,-38.03,"GPS",5098594,82200,"IGOT0095_20120216173500","adult","female","incubation","breeding","2012-02-18","13:47:00",-53.96804,-48.51946,NA,NA
1387,"Diomedea exulans","Wandering Albatross","South Georgia (Islas Georgias del Sur)","Bird Island (SGSSI (IGSISS))",-54,-38.03,"GPS",5098594,82200,"IGOT0095_20120216173500","adult","female","incubation","breeding","2012-02-19","06:00:00",-53.56724,-50.98715,NA,NA
1387,"Diomedea exulans","Wandering Albatross","South Georgia (Islas Georgias del Sur)","Bird Island (SGSSI (IGSISS))",-54,-38.03,"GPS",5098594,82200,"IGOT0095_20120216173500","adult","female","incubation","breeding","2012-03-05","15:31:00",-53.78441,-52.6788,NA,NA
1387,"Diomedea exulans","Wandering Albatross","South Georgia (Islas Georgias del Sur)","Bird Island (SGSSI (IGSISS))",-54,-38.03,"GPS",5098594,82200,"IGOT0095_20120216173500","adult","female","incubation","breeding","2012-03-05","18:27:00",-53.98502,-52.67265,NA,NA
1387,"Diomedea exulans","Wandering Albatross","South Georgia (Islas Georgias del Sur)","Bird Island (SGSSI (IGSISS))",-54,-38.03,"GPS",5098594,82200,"IGOT0095_20120216173500","adult","female","incubation","breeding","2012-03-05","22:48:00",-53.98369,-52.64023,NA,NA
1387,"Diomedea exulans","Wandering Albatross","South Georgia (Islas Georgias del Sur)","Bird Island (SGSSI (IGSISS))",-54,-38.03,"GPS",5098594,82200,"IGOT0095_20120216173500","adult","female","incubation","breeding","2012-02-24","03:10:00",-61.61125,-66.86963,NA,NA
1387,"Diomedea exulans","Wandering Albatross","South Georgia (Islas Georgias del Sur)","Bird Island (SGSSI (IGSISS))",-54,-38.03,"GPS",5098594,82200,"IGOT0095_20120216173500","adult","female","incubation","breeding","2012-02-28","07:08:00",-59.42229,-63.41826,NA,NA
1387,"Diomedea exulans","Wandering Albatross","South Georgia (Islas Georgias del Sur)","Bird Island (SGSSI (IGSISS))",-54,-38.03,"GPS",5098594,82200,"IGOT0095_20120216173500","adult","female","incubation","breeding","2012-02-28","23:17:00",-65.09246,-66.59541,NA,NA
1387,"Diomedea exulans","Wandering Albatross","South Georgia (Islas Georgias del Sur)","Bird Island (SGSSI (IGSISS))",-54,-38.03,"GPS",5098594,82200,"IGOT0095_20120216173500","adult","female","incubation","breeding","2012-02-29","00:06:00",-65.40475,-66.7509,NA,NA
1387,"Diomedea exulans","Wandering Albatross","South Georgia (Islas Georgias del Sur)","Bird Island (SGSSI (IGSISS))",-54,-38.03,"GPS",5098594,82200,"IGOT0095_20120216173500","adult","female","incubation","breeding","2012-02-28","17:38:00",-62.8257,-64.76269,NA,NA
1387,"Diomedea exulans","Wandering Albatross","South Georgia (Islas Georgias del Sur)","Bird Island (SGSSI (IGSISS))",-54,-38.03,"GPS",5098594,82200,"IGOT0095_20120216173500","adult","female","incubation","breeding","2012-02-25","00:17:00",-62.20064,-67.35024,NA,NA
1387,"Diomedea exulans","Wandering Albatross","South Georgia (Islas Georgias del Sur)","Bird Island (SGSSI (IGSISS))",-54,-38.03,"GPS",5098594,82200,"IGOT0095_20120216173500","adult","female","incubation","breeding","2012-02-25","06:50:00",-62.22425,-67.36182,NA,NA
1387,"Diomedea exulans","Wandering Albatross","South Georgia (Islas Georgias del Sur)","Bird Island (SGSSI (IGSISS))",-54,-38.03,"GPS",5098594,82200,"IGOT0095_20120216173500","adult","female","incubation","breeding","2012-03-03","01:20:00",-56.61932,-59.50984,NA,NA
1387,"Diomedea exulans","Wandering Albatross","South Georgia (Islas Georgias del Sur)","Bird Island (SGSSI (IGSISS))",-54,-38.03,"GPS",5098594,82200,"IGOT0095_20120216173500","adult","female","incubation","breeding","2012-02-21","06:16:00",-54.85106,-61.3382,NA,NA
1387,"Diomedea exulans","Wandering Albatross","South Georgia (Islas Georgias del Sur)","Bird Island (SGSSI (IGSISS))",-54,-38.03,"GPS",5098594,82200,"IGOT0095_20120216173500","adult","female","incubation","breeding","2012-03-01","12:27:00",-57.18482,-66.8627,NA,NA
1387,"Diomedea exulans","Wandering Albatross","South Georgia (Islas Georgias del Sur)","Bird Island (SGSSI (IGSISS))",-54,-38.03,"GPS",5098594,82200,"IGOT0095_20120216173500","adult","female","incubation","breeding","2012-02-21","12:01:00",-54.61283,-61.86698,NA,NA
1387,"Diomedea exulans","Wandering Albatross","South Georgia (Islas Georgias del Sur)","Bird Island (SGSSI (IGSISS))",-54,-38.03,"GPS",5098594,82200,"IGOT0095_20120216173500","adult","female","incubation","breeding","2012-03-05","11:51:00",-54.10563,-55.14212,NA,NA
1387,"Diomedea exulans","Wandering Albatross","South Georgia (Islas Georgias del Sur)","Bird Island (SGSSI (IGSISS))",-54,-38.03,"GPS",5098594,82200,"IGOT0095_20120216173500","adult","female","incubation","breeding","2012-02-20","14:41:00",-54.88942,-56.30943,NA,NA
1387,"Diomedea exulans","Wandering Albatross","South Georgia (Islas Georgias del Sur)","Bird Island (SGSSI (IGSISS))",-54,-38.03,"GPS",5098594,82200,"IGOT0095_20120216173500","adult","female","incubation","breeding","2012-02-22","22:15:00",-58.15983,-59.58121,NA,NA
1387,"Diomedea exulans","Wandering Albatross","South Georgia (Islas Georgias del Sur)","Bird Island (SGSSI (IGSISS))",-54,-38.03,"GPS",5098594,82200,"IGOT0095_20120216173500","adult","female","incubation","breeding","2012-03-04","10:27:00",-55.67434,-52.59802,NA,NA
1387,"Diomedea exulans","Wandering Albatross","South Georgia (Islas Georgias del Sur)","Bird Island (SGSSI (IGSISS))",-54,-38.03,"GPS",5098594,82200,"IGOT0095_20120216173500","adult","female","incubation","breeding","2012-02-18","17:39:00",-53.98193,-49.95182,NA,NA
1387,"Diomedea exulans","Wandering Albatross","South Georgia (Islas Georgias del Sur)","Bird Island (SGSSI (IGSISS))",-54,-38.03,"GPS",5098594,82200,"IGOT0095_20120216173500","adult","female","incubation","breeding","2012-03-05","16:48:00",-53.99,-52.62756,NA,NA
1387,"Diomedea exulans","Wandering Albatross","South Georgia (Islas Georgias del Sur)","Bird Island (SGSSI (IGSISS))",-54,-38.03,"GPS",5098594,82200,"IGOT0095_20120216173500","adult","female","incubation","breeding","2012-02-23","21:56:00",-61.70174,-67.50566,NA,NA
1387,"Diomedea exulans","Wandering Albatross","South Georgia (Islas Georgias del Sur)","Bird Island (SGSSI (IGSISS))",-54,-38.03,"GPS",5098594,82200,"IGOT0095_20120216173500","adult","female","incubation","breeding","2012-02-26","10:40:00",-62.59896,-63.76632,NA,NA
1387,"Diomedea exulans","Wandering Albatross","South Georgia (Islas Georgias del Sur)","Bird Island (SGSSI (IGSISS))",-54,-38.03,"GPS",5098594,82200,"IGOT0095_20120216173500","adult","female","incubation","breeding","2012-03-01","13:52:00",-57.27175,-66.77853,NA,NA
1387,"Diomedea exulans","Wandering Albatross","South Georgia (Islas Georgias del Sur)","Bird Island (SGSSI (IGSISS))",-54,-38.03,"GPS",5098594,82200,"IGOT0095_20120216173500","adult","female","incubation","breeding","2012-03-02","13:07:00",-56.77702,-66.5643,NA,NA
1387,"Diomedea exulans","Wandering Albatross","South Georgia (Islas Georgias del Sur)","Bird Island (SGSSI (IGSISS))",-54,-38.03,"GPS",5098594,82200,"IGOT0095_20120216173500","adult","female","incubation","breeding","2012-02-18","02:46:00",-52.90698,-46.87194,NA,NA
1387,"Diomedea exulans","Wandering Albatross","South Georgia (Islas Georgias del Sur)","Bird Island (SGSSI (IGSISS))",-54,-38.03,"GPS",5098594,82200,"IGOT0095_20120216173500","adult","female","incubation","breeding","2012-02-17","13:30:00",-53.03904,-43.01698,NA,NA
1387,"Diomedea exulans","Wandering Albatross","South Georgia (Islas Georgias del Sur)","Bird Island (SGSSI (IGSISS))",-54,-38.03,"GPS",5098594,82200,"IGOT0095_20120216173500","adult","female","incubation","breeding","2012-02-20","16:58:00",-54.9916,-57.43435,NA,NA
1387,"Diomedea exulans","Wandering Albatross","South Georgia (Islas Georgias del Sur)","Bird Island (SGSSI (IGSISS))",-54,-38.03,"GPS",5098594,82200,"IGOT0095_20120216173500","adult","female","incubation","breeding","2012-03-03","10:11:00",-56.47006,-58.35205,NA,NA
1387,"Diomedea exulans","Wandering Albatross","South Georgia (Islas Georgias del Sur)","Bird Island (SGSSI (IGSISS))",-54,-38.03,"GPS",5098594,82200,"IGOT0095_20120216173500","adult","female","incubation","breeding","2012-03-04","02:10:00",-55.97374,-53.05706,NA,NA
1387,"Diomedea exulans","Wandering Albatross","South Georgia (Islas Georgias del Sur)","Bird Island (SGSSI (IGSISS))",-54,-38.03,"GPS",5098594,82200,"IGOT0095_20120216173500","adult","female","incubation","breeding","2012-03-04","08:49:00",-55.92704,-52.7265,NA,NA
1387,"Diomedea exulans","Wandering Albatross","South Georgia (Islas Georgias del Sur)","Bird Island (SGSSI (IGSISS))",-54,-38.03,"GPS",5098594,82200,"IGOT0095_20120216173500","adult","female","incubation","breeding","2012-03-04","19:53:00",-55.46475,-54.13839,NA,NA
1387,"Diomedea exulans","Wandering Albatross","South Georgia (Islas Georgias del Sur)","Bird Island (SGSSI (IGSISS))",-54,-38.03,"GPS",5098594,82200,"IGOT0095_20120216173500","adult","female","incubation","breeding","2012-02-18","22:52:00",-53.56753,-51.04139,NA,NA
1387,"Diomedea exulans","Wandering Albatross","South Georgia (Islas Georgias del Sur)","Bird Island (SGSSI (IGSISS))",-54,-38.03,"GPS",5098594,82200,"IGOT0095_20120216173500","adult","female","incubation","breeding","2012-02-19","05:35:00",-53.56403,-50.99007,NA,NA
1387,"Diomedea exulans","Wandering Albatross","South Georgia (Islas Georgias del Sur)","Bird Island (SGSSI (IGSISS))",-54,-38.03,"GPS",5098594,82200,"IGOT0095_20120216173500","adult","female","incubation","breeding","2012-02-19","06:51:00",-53.60154,-50.98671,NA,NA
1387,"Diomedea exulans","Wandering Albatross","South Georgia (Islas Georgias del Sur)","Bird Island (SGSSI (IGSISS))",-54,-38.03,"GPS",5098594,82200,"IGOT0095_20120216173500","adult","female","incubation","breeding","2012-03-06","08:18:00",-53.97616,-52.6338,NA,NA
1387,"Diomedea exulans","Wandering Albatross","South Georgia (Islas Georgias del Sur)","Bird Island (SGSSI (IGSISS))",-54,-38.03,"GPS",5098594,82200,"IGOT0095_20120216173500","adult","female","incubation","breeding","2012-02-26","00:50:00",-61.8487,-65.24201,NA,NA
1387,"Diomedea exulans","Wandering Albatross","South Georgia (Islas Georgias del Sur)","Bird Island (SGSSI (IGSISS))",-54,-38.03,"GPS",5098594,82200,"IGOT0095_20120216173500","adult","female","incubation","breeding","2012-02-27","09:52:00",-59.42502,-61.73229,NA,NA
1387,"Diomedea exulans","Wandering Albatross","South Georgia (Islas Georgias del Sur)","Bird Island (SGSSI (IGSISS))",-54,-38.03,"GPS",5098594,82200,"IGOT0095_20120216173500","adult","female","incubation","breeding","2012-02-24","15:26:00",-61.9413,-66.65412,NA,NA
1387,"Diomedea exulans","Wandering Albatross","South Georgia (Islas Georgias del Sur)","Bird Island (SGSSI (IGSISS))",-54,-38.03,"GPS",5098594,82200,"IGOT0095_20120216173500","adult","female","incubation","breeding","2012-02-24","18:00:00",-62.06482,-66.99548,NA,NA
1387,"Diomedea exulans","Wandering Albatross","South Georgia (Islas Georgias del Sur)","Bird Island (SGSSI (IGSISS))",-54,-38.03,"GPS",5098594,82200,"IGOT0095_20120216173500","adult","female","incubation","breeding","2012-02-24","21:32:00",-62.11608,-67.24957,NA,NA
1387,"Diomedea exulans","Wandering Albatross","South Georgia (Islas Georgias del Sur)","Bird Island (SGSSI (IGSISS))",-54,-38.03,"GPS",5098594,82200,"IGOT0095_20120216173500","adult","female","incubation","breeding","2012-02-25","09:43:00",-62.09154,-68.39014,NA,NA
1387,"Diomedea exulans","Wandering Albatross","South Georgia (Islas Georgias del Sur)","Bird Island (SGSSI (IGSISS))",-54,-38.03,"GPS",5098594,82200,"IGOT0095_20120216173500","adult","female","incubation","breeding","2012-02-21","02:14:00",-54.93203,-60.97861,NA,NA
1387,"Diomedea exulans","Wandering Albatross","South Georgia (Islas Georgias del Sur)","Bird Island (SGSSI (IGSISS))",-54,-38.03,"GPS",5098594,82200,"IGOT0095_20120216173500","adult","female","incubation","breeding","2012-02-29","22:40:00",-57.21242,-66.90988,NA,NA
1387,"Diomedea exulans","Wandering Albatross","South Georgia (Islas Georgias del Sur)","Bird Island (SGSSI (IGSISS))",-54,-38.03,"GPS",5098594,82200,"IGOT0095_20120216173500","adult","female","incubation","breeding","2012-02-18","05:09:00",-52.91967,-46.84157,NA,NA
1387,"Diomedea exulans","Wandering Albatross","South Georgia (Islas Georgias del Sur)","Bird Island (SGSSI (IGSISS))",-54,-38.03,"GPS",5098594,82200,"IGOT0095_20120216173500","adult","female","incubation","breeding","2012-02-16","19:42:00",-53.80505,-38.10106,NA,NA
1387,"Diomedea exulans","Wandering Albatross","South Georgia (Islas Georgias del Sur)","Bird Island (SGSSI (IGSISS))",-54,-38.03,"GPS",5098594,82200,"IGOT0095_20120216173500","adult","female","incubation","breeding","2012-02-17","12:34:00",-52.80082,-42.36526,NA,NA
1387,"Diomedea exulans","Wandering Albatross","South Georgia (Islas Georgias del Sur)","Bird Island (SGSSI (IGSISS))",-54,-38.03,"GPS",5098594,82200,"IGOT0095_20120216173500","adult","female","incubation","breeding","2012-02-17","09:41:00",-52.13538,-40.88822,NA,NA
1387,"Diomedea exulans","Wandering Albatross","South Georgia (Islas Georgias del Sur)","Bird Island (SGSSI (IGSISS))",-54,-38.03,"GPS",5098594,82200,"IGOT0095_20120216173500","adult","female","incubation","breeding","2012-02-22","11:48:00",-56.89681,-59.16182,NA,NA
1387,"Diomedea exulans","Wandering Albatross","South Georgia (Islas Georgias del Sur)","Bird Island (SGSSI (IGSISS))",-54,-38.03,"GPS",5098594,82200,"IGOT0095_20120216173500","adult","female","incubation","breeding","2012-02-20","07:24:00",-54.0823,-53.37197,NA,NA
1387,"Diomedea exulans","Wandering Albatross","South Georgia (Islas Georgias del Sur)","Bird Island (SGSSI (IGSISS))",-54,-38.03,"GPS",5098594,82200,"IGOT0095_20120216173500","adult","female","incubation","breeding","2012-03-05","01:31:00",-55.40905,-54.78107,NA,NA
1387,"Diomedea exulans","Wandering Albatross","South Georgia (Islas Georgias del Sur)","Bird Island (SGSSI (IGSISS))",-54,-38.03,"GPS",5098594,82200,"IGOT0095_20120216173500","adult","female","incubation","breeding","2012-02-22","23:29:00",-58.75164,-59.52182,NA,NA
1387,"Diomedea exulans","Wandering Albatross","South Georgia (Islas Georgias del Sur)","Bird Island (SGSSI (IGSISS))",-54,-38.03,"GPS",5098594,82200,"IGOT0095_20120216173500","adult","female","incubation","breeding","2012-02-23","11:13:00",-60.16548,-64.60846,NA,NA
1387,"Diomedea exulans","Wandering Albatross","South Georgia (Islas Georgias del Sur)","Bird Island (SGSSI (IGSISS))",-54,-38.03,"GPS",5098594,82200,"IGOT0095_20120216173500","adult","female","incubation","breeding","2012-02-23","15:33:00",-61.20555,-66.33798,NA,NA
1387,"Diomedea exulans","Wandering Albatross","South Georgia (Islas Georgias del Sur)","Bird Island (SGSSI (IGSISS))",-54,-38.03,"GPS",5098594,82200,"IGOT0095_20120216173500","adult","female","incubation","breeding","2012-02-24","10:16:00",-61.69134,-66.23003,NA,NA
1387,"Diomedea exulans","Wandering Albatross","South Georgia (Islas Georgias del Sur)","Bird Island (SGSSI (IGSISS))",-54,-38.03,"GPS",5098594,82200,"IGOT0095_20120216173500","adult","female","incubation","breeding","2012-02-24","14:52:00",-61.95115,-66.62367,NA,NA
1387,"Diomedea exulans","Wandering Albatross","South Georgia (Islas Georgias del Sur)","Bird Island (SGSSI (IGSISS))",-54,-38.03,"GPS",5098594,82200,"IGOT0095_20120216173500","adult","female","incubation","breeding","2012-02-28","19:04:00",-63.41266,-65.15061,NA,NA
1387,"Diomedea exulans","Wandering Albatross","South Georgia (Islas Georgias del Sur)","Bird Island (SGSSI (IGSISS))",-54,-38.03,"GPS",5098594,82200,"IGOT0095_20120216173500","adult","female","incubation","breeding","2012-02-22","08:58:00",-56.82273,-59.3415,NA,NA
1387,"Diomedea exulans","Wandering Albatross","South Georgia (Islas Georgias del Sur)","Bird Island (SGSSI (IGSISS))",-54,-38.03,"GPS",5098594,82200,"IGOT0095_20120216173500","adult","female","incubation","breeding","2012-03-03","03:01:00",-56.61985,-59.5021,NA,NA
1387,"Diomedea exulans","Wandering Albatross","South Georgia (Islas Georgias del Sur)","Bird Island (SGSSI (IGSISS))",-54,-38.03,"GPS",5098594,82200,"IGOT0095_20120216173500","adult","female","incubation","breeding","2012-03-03","06:01:00",-56.60939,-59.50142,NA,NA
1387,"Diomedea exulans","Wandering Albatross","South Georgia (Islas Georgias del Sur)","Bird Island (SGSSI (IGSISS))",-54,-38.03,"GPS",5098594,82200,"IGOT0095_20120216173500","adult","female","incubation","breeding","2012-03-02","17:51:00",-56.15703,-63.67137,NA,NA
1387,"Diomedea exulans","Wandering Albatross","South Georgia (Islas Georgias del Sur)","Bird Island (SGSSI (IGSISS))",-54,-38.03,"GPS",5098594,82200,"IGOT0095_20120216173500","adult","female","incubation","breeding","2012-02-20","23:44:00",-55.03363,-60.53998,NA,NA
1387,"Diomedea exulans","Wandering Albatross","South Georgia (Islas Georgias del Sur)","Bird Island (SGSSI (IGSISS))",-54,-38.03,"GPS",5098594,82200,"IGOT0095_20120216173500","adult","female","incubation","breeding","2012-02-17","10:18:00",-52.20693,-41.22572,NA,NA
1387,"Diomedea exulans","Wandering Albatross","South Georgia (Islas Georgias del Sur)","Bird Island (SGSSI (IGSISS))",-54,-38.03,"GPS",5098594,82200,"IGOT0095_20120216173500","adult","female","incubation","breeding","2012-03-07","08:15:00",-53.78333,-38.38733,NA,NA
1387,"Diomedea exulans","Wandering Albatross","South Georgia (Islas Georgias del Sur)","Bird Island (SGSSI (IGSISS))",-54,-38.03,"GPS",5098594,82200,"IGOT0095_20120216173500","adult","female","incubation","breeding","2012-03-07","02:25:00",-54.17033,-40.98975,NA,NA
1387,"Diomedea exulans","Wandering Albatross","South Georgia (Islas Georgias del Sur)","Bird Island (SGSSI (IGSISS))",-54,-38.03,"GPS",5098594,82200,"IGOT0095_20120216173500","adult","female","incubation","breeding","2012-02-20","16:09:00",-55.11144,-56.9759,NA,NA
1387,"Diomedea exulans","Wandering Albatross","South Georgia (Islas Georgias del Sur)","Bird Island (SGSSI (IGSISS))",-54,-38.03,"GPS",5098594,82200,"IGOT0095_20120216173500","adult","female","incubation","breeding","2012-02-28","00:59:00",-59.13432,-63.10384,NA,NA
1387,"Diomedea exulans","Wandering Albatross","South Georgia (Islas Georgias del Sur)","Bird Island (SGSSI (IGSISS))",-54,-38.03,"GPS",5098594,82200,"IGOT0095_20120216173500","adult","female","incubation","breeding","2012-03-04","12:33:00",-55.62678,-52.23817,NA,NA
1387,"Diomedea exulans","Wandering Albatross","South Georgia (Islas Georgias del Sur)","Bird Island (SGSSI (IGSISS))",-54,-38.03,"GPS",5098594,82200,"IGOT0095_20120216173500","adult","female","incubation","breeding","2012-02-18","23:51:00",-53.56346,-51.03339,NA,NA
1387,"Diomedea exulans","Wandering Albatross","South Georgia (Islas Georgias del Sur)","Bird Island (SGSSI (IGSISS))",-54,-38.03,"GPS",5098594,82200,"IGOT0095_20120216173500","adult","female","incubation","breeding","2012-03-05","04:42:00",-55.41908,-54.77979,NA,NA
1387,"Diomedea exulans","Wandering Albatross","South Georgia (Islas Georgias del Sur)","Bird Island (SGSSI (IGSISS))",-54,-38.03,"GPS",5098594,82200,"IGOT0095_20120216173500","adult","female","incubation","breeding","2012-02-23","13:59:00",-60.93001,-65.83926,NA,NA
1387,"Diomedea exulans","Wandering Albatross","South Georgia (Islas Georgias del Sur)","Bird Island (SGSSI (IGSISS))",-54,-38.03,"GPS",5098594,82200,"IGOT0095_20120216173500","adult","female","incubation","breeding","2012-02-24","01:07:00",-61.61774,-66.94067,NA,NA
1387,"Diomedea exulans","Wandering Albatross","South Georgia (Islas Georgias del Sur)","Bird Island (SGSSI (IGSISS))",-54,-38.03,"GPS",5098594,82200,"IGOT0095_20120216173500","adult","female","incubation","breeding","2012-02-24","07:07:00",-61.60427,-66.74077,NA,NA
1387,"Diomedea exulans","Wandering Albatross","South Georgia (Islas Georgias del Sur)","Bird Island (SGSSI (IGSISS))",-54,-38.03,"GPS",5098594,82200,"IGOT0095_20120216173500","adult","female","incubation","breeding","2012-02-23","07:37:00",-59.21599,-61.5885,NA,NA
1387,"Diomedea exulans","Wandering Albatross","South Georgia (Islas Georgias del Sur)","Bird Island (SGSSI (IGSISS))",-54,-38.03,"GPS",5098594,82200,"IGOT0095_20120216173500","adult","female","incubation","breeding","2012-02-27","06:06:00",-59.45249,-61.16682,NA,NA
1387,"Diomedea exulans","Wandering Albatross","South Georgia (Islas Georgias del Sur)","Bird Island (SGSSI (IGSISS))",-54,-38.03,"GPS",5098594,82200,"IGOT0095_20120216173500","adult","female","incubation","breeding","2012-02-25","05:08:00",-62.23121,-67.36041,NA,NA
1387,"Diomedea exulans","Wandering Albatross","South Georgia (Islas Georgias del Sur)","Bird Island (SGSSI (IGSISS))",-54,-38.03,"GPS",5098594,82200,"IGOT0095_20120216173500","adult","female","incubation","breeding","2012-02-26","15:12:00",-62.62055,-62.50734,NA,NA
1387,"Diomedea exulans","Wandering Albatross","South Georgia (Islas Georgias del Sur)","Bird Island (SGSSI (IGSISS))",-54,-38.03,"GPS",5098594,82200,"IGOT0095_20120216173500","adult","female","incubation","breeding","2012-02-22","04:23:00",-56.56196,-59.84712,NA,NA
1387,"Diomedea exulans","Wandering Albatross","South Georgia (Islas Georgias del Sur)","Bird Island (SGSSI (IGSISS))",-54,-38.03,"GPS",5098594,82200,"IGOT0095_20120216173500","adult","female","incubation","breeding","2012-03-02","04:42:00",-57.34507,-66.70243,NA,NA
1387,"Diomedea exulans","Wandering Albatross","South Georgia (Islas Georgias del Sur)","Bird Island (SGSSI (IGSISS))",-54,-38.03,"GPS",5098594,82200,"IGOT0095_20120216173500","adult","female","incubation","breeding","2012-03-02","05:33:00",-57.29987,-66.69587,NA,NA
1387,"Diomedea exulans","Wandering Albatross","South Georgia (Islas Georgias del Sur)","Bird Island (SGSSI (IGSISS))",-54,-38.03,"GPS",5098594,82200,"IGOT0095_20120216173500","adult","female","incubation","breeding","2012-03-01","04:09:00",-57.29062,-66.75821,NA,NA
1387,"Diomedea exulans","Wandering Albatross","South Georgia (Islas Georgias del Sur)","Bird Island (SGSSI (IGSISS))",-54,-38.03,"GPS",5098594,82200,"IGOT0095_20120216173500","adult","female","incubation","breeding","2012-03-01","05:49:00",-57.29286,-66.73074,NA,NA
1387,"Diomedea exulans","Wandering Albatross","South Georgia (Islas Georgias del Sur)","Bird Island (SGSSI (IGSISS))",-54,-38.03,"GPS",5098594,82200,"IGOT0095_20120216173500","adult","female","incubation","breeding","2012-03-01","16:40:00",-57.29542,-66.77491,NA,NA
1387,"Diomedea exulans","Wandering Albatross","South Georgia (Islas Georgias del Sur)","Bird Island (SGSSI (IGSISS))",-54,-38.03,"GPS",5098594,82200,"IGOT0095_20120216173500","adult","female","incubation","breeding","2012-02-20","21:34:00",-55.1318,-59.74754,NA,NA
1387,"Diomedea exulans","Wandering Albatross","South Georgia (Islas Georgias del Sur)","Bird Island (SGSSI (IGSISS))",-54,-38.03,"GPS",5098594,82200,"IGOT0095_20120216173500","adult","female","incubation","breeding","2012-02-22","16:35:00",-56.84155,-59.10194,NA,NA
1387,"Diomedea exulans","Wandering Albatross","South Georgia (Islas Georgias del Sur)","Bird Island (SGSSI (IGSISS))",-54,-38.03,"GPS",5098594,82200,"IGOT0095_20120216173500","adult","female","incubation","breeding","2012-02-20","05:42:00",-54.01261,-53.37455,NA,NA
1387,"Diomedea exulans","Wandering Albatross","South Georgia (Islas Georgias del Sur)","Bird Island (SGSSI (IGSISS))",-54,-38.03,"GPS",5098594,82200,"IGOT0095_20120216173500","adult","female","incubation","breeding","2012-03-04","11:43:00",-55.60454,-52.214,NA,NA
1387,"Diomedea exulans","Wandering Albatross","South Georgia (Islas Georgias del Sur)","Bird Island (SGSSI (IGSISS))",-54,-38.03,"GPS",5098594,82200,"IGOT0095_20120216173500","adult","female","incubation","breeding","2012-02-29","13:13:00",-60.00899,-66.7357,NA,NA
1387,"Diomedea exulans","Wandering Albatross","South Georgia (Islas Georgias del Sur)","Bird Island (SGSSI (IGSISS))",-54,-38.03,"GPS",5098594,82200,"IGOT0095_20120216173500","adult","female","incubation","breeding","2012-03-06","11:17:00",-54.13401,-51.33636,NA,NA
1387,"Diomedea exulans","Wandering Albatross","South Georgia (Islas Georgias del Sur)","Bird Island (SGSSI (IGSISS))",-54,-38.03,"GPS",5098594,82200,"IGOT0095_20120216173500","adult","female","incubation","breeding","2012-02-23","09:46:00",-59.83064,-63.44972,NA,NA
1387,"Diomedea exulans","Wandering Albatross","South Georgia (Islas Georgias del Sur)","Bird Island (SGSSI (IGSISS))",-54,-38.03,"GPS",5098594,82200,"IGOT0095_20120216173500","adult","female","incubation","breeding","2012-02-28","06:45:00",-59.42882,-63.40024,NA,NA
1387,"Diomedea exulans","Wandering Albatross","South Georgia (Islas Georgias del Sur)","Bird Island (SGSSI (IGSISS))",-54,-38.03,"GPS",5098594,82200,"IGOT0095_20120216173500","adult","female","incubation","breeding","2012-02-29","03:25:00",-64.16096,-67.31263,NA,NA
1387,"Diomedea exulans","Wandering Albatross","South Georgia (Islas Georgias del Sur)","Bird Island (SGSSI (IGSISS))",-54,-38.03,"GPS",5098594,82200,"IGOT0095_20120216173500","adult","female","incubation","breeding","2012-02-25","07:14:00",-62.22343,-67.36227,NA,NA
1387,"Diomedea exulans","Wandering Albatross","South Georgia (Islas Georgias del Sur)","Bird Island (SGSSI (IGSISS))",-54,-38.03,"GPS",5098594,82200,"IGOT0095_20120216173500","adult","female","incubation","breeding","2012-02-25","11:49:00",-62.00438,-66.8688,NA,NA
1387,"Diomedea exulans","Wandering Albatross","South Georgia (Islas Georgias del Sur)","Bird Island (SGSSI (IGSISS))",-54,-38.03,"GPS",5098594,82200,"IGOT0095_20120216173500","adult","female","incubation","breeding","2012-02-22","08:33:00",-56.82347,-59.34612,NA,NA
1387,"Diomedea exulans","Wandering Albatross","South Georgia (Islas Georgias del Sur)","Bird Island (SGSSI (IGSISS))",-54,-38.03,"GPS",5098594,82200,"IGOT0095_20120216173500","adult","female","incubation","breeding","2012-02-21","05:49:00",-54.84946,-61.32786,NA,NA
1387,"Diomedea exulans","Wandering Albatross","South Georgia (Islas Georgias del Sur)","Bird Island (SGSSI (IGSISS))",-54,-38.03,"GPS",5098594,82200,"IGOT0095_20120216173500","adult","female","incubation","breeding","2012-02-17","18:41:00",-53.63794,-45.52658,NA,NA
1387,"Diomedea exulans","Wandering Albatross","South Georgia (Islas Georgias del Sur)","Bird Island (SGSSI (IGSISS))",-54,-38.03,"GPS",5098594,82200,"IGOT0095_20120216173500","adult","female","incubation","breeding","2012-02-17","23:11:00",-52.93889,-46.77811,NA,NA
1387,"Diomedea exulans","Wandering Albatross","South Georgia (Islas Georgias del Sur)","Bird Island (SGSSI (IGSISS))",-54,-38.03,"GPS",5098594,82200,"IGOT0095_20120216173500","adult","female","incubation","breeding","2012-02-17","10:42:00",-52.30349,-41.45999,NA,NA
1387,"Diomedea exulans","Wandering Albatross","South Georgia (Islas Georgias del Sur)","Bird Island (SGSSI (IGSISS))",-54,-38.03,"GPS",5098594,82200,"IGOT0095_20120216173500","adult","female","incubation","breeding","2012-03-05","11:01:00",-54.3044,-54.89139,NA,NA
1387,"Diomedea exulans","Wandering Albatross","South Georgia (Islas Georgias del Sur)","Bird Island (SGSSI (IGSISS))",-54,-38.03,"GPS",5098594,82200,"IGOT0095_20120216173500","adult","female","incubation","breeding","2012-03-05","08:03:00",-55.00744,-55.31292,NA,NA
1387,"Diomedea exulans","Wandering Albatross","South Georgia (Islas Georgias del Sur)","Bird Island (SGSSI (IGSISS))",-54,-38.03,"GPS",5098594,82200,"IGOT0095_20120216173500","adult","female","incubation","breeding","2012-03-03","09:22:00",-56.4758,-58.76973,NA,NA
1387,"Diomedea exulans","Wandering Albatross","South Georgia (Islas Georgias del Sur)","Bird Island (SGSSI (IGSISS))",-54,-38.03,"GPS",5098594,82200,"IGOT0095_20120216173500","adult","female","incubation","breeding","2012-03-03","16:22:00",-56.37905,-54.59572,NA,NA
1387,"Diomedea exulans","Wandering Albatross","South Georgia (Islas Georgias del Sur)","Bird Island (SGSSI (IGSISS))",-54,-38.03,"GPS",5098594,82200,"IGOT0095_20120216173500","adult","female","incubation","breeding","2012-03-05","17:13:00",-53.98794,-52.64283,NA,NA
1387,"Diomedea exulans","Wandering Albatross","South Georgia (Islas Georgias del Sur)","Bird Island (SGSSI (IGSISS))",-54,-38.03,"GPS",5098594,82200,"IGOT0095_20120216173500","adult","female","incubation","breeding","2012-03-05","19:29:00",-53.98346,-52.6897,NA,NA
1387,"Diomedea exulans","Wandering Albatross","South Georgia (Islas Georgias del Sur)","Bird Island (SGSSI (IGSISS))",-54,-38.03,"GPS",5098594,82200,"IGOT0095_20120216173500","adult","female","incubation","breeding","2012-03-06","16:20:00",-54.46757,-48.12534,NA,NA
1387,"Diomedea exulans","Wandering Albatross","South Georgia (Islas Georgias del Sur)","Bird Island (SGSSI (IGSISS))",-54,-38.03,"GPS",5098594,82200,"IGOT0095_20120216173500","adult","female","incubation","breeding","2012-02-24","12:27:00",-61.85793,-66.69556,NA,NA
1387,"Diomedea exulans","Wandering Albatross","South Georgia (Islas Georgias del Sur)","Bird Island (SGSSI (IGSISS))",-54,-38.03,"GPS",5098594,82200,"IGOT0095_20120216173500","adult","female","incubation","breeding","2012-02-27","07:46:00",-59.50271,-61.22731,NA,NA
1387,"Diomedea exulans","Wandering Albatross","South Georgia (Islas Georgias del Sur)","Bird Island (SGSSI (IGSISS))",-54,-38.03,"GPS",5098594,82200,"IGOT0095_20120216173500","adult","female","incubation","breeding","2012-02-25","11:22:00",-61.93224,-67.1987,NA,NA
1387,"Diomedea exulans","Wandering Albatross","South Georgia (Islas Georgias del Sur)","Bird Island (SGSSI (IGSISS))",-54,-38.03,"GPS",5098594,82200,"IGOT0095_20120216173500","adult","female","incubation","breeding","2012-02-17","19:54:00",-53.59866,-46.04193,NA,NA
1387,"Diomedea exulans","Wandering Albatross","South Georgia (Islas Georgias del Sur)","Bird Island (SGSSI (IGSISS))",-54,-38.03,"GPS",5098594,82200,"IGOT0095_20120216173500","adult","female","incubation","breeding","2012-02-18","09:01:00",-53.5389,-47.12632,NA,NA
1387,"Diomedea exulans","Wandering Albatross","South Georgia (Islas Georgias del Sur)","Bird Island (SGSSI (IGSISS))",-54,-38.03,"GPS",5098594,82200,"IGOT0095_20120216173500","adult","female","incubation","breeding","2012-02-18","09:59:00",-53.4657,-47.23843,NA,NA
1387,"Diomedea exulans","Wandering Albatross","South Georgia (Islas Georgias del Sur)","Bird Island (SGSSI (IGSISS))",-54,-38.03,"GPS",5098594,82200,"IGOT0095_20120216173500","adult","female","incubation","breeding","2012-03-07","03:15:00",-53.94854,-40.69232,NA,NA
1387,"Diomedea exulans","Wandering Albatross","South Georgia (Islas Georgias del Sur)","Bird Island (SGSSI (IGSISS))",-54,-38.03,"GPS",5098594,82200,"IGOT0095_20120216173500","adult","female","incubation","breeding","2012-03-07","00:10:00",-55.32826,-41.39354,NA,NA
1387,"Diomedea exulans","Wandering Albatross","South Georgia (Islas Georgias del Sur)","Bird Island (SGSSI (IGSISS))",-54,-38.03,"GPS",5098594,82200,"IGOT0095_20120216173500","adult","female","incubation","breeding","2012-02-20","02:26:00",-53.94041,-53.67588,NA,NA
1387,"Diomedea exulans","Wandering Albatross","South Georgia (Islas Georgias del Sur)","Bird Island (SGSSI (IGSISS))",-54,-38.03,"GPS",5098594,82200,"IGOT0095_20120216173500","adult","female","incubation","breeding","2012-03-05","08:55:00",-54.71598,-55.57978,NA,NA
1387,"Diomedea exulans","Wandering Albatross","South Georgia (Islas Georgias del Sur)","Bird Island (SGSSI (IGSISS))",-54,-38.03,"GPS",5098594,82200,"IGOT0095_20120216173500","adult","female","incubation","breeding","2012-03-04","05:09:00",-56.01173,-53.06536,NA,NA
1387,"Diomedea exulans","Wandering Albatross","South Georgia (Islas Georgias del Sur)","Bird Island (SGSSI (IGSISS))",-54,-38.03,"GPS",5098594,82200,"IGOT0095_20120216173500","adult","female","incubation","breeding","2012-03-04","06:44:00",-56.03285,-53.06781,NA,NA
1387,"Diomedea exulans","Wandering Albatross","South Georgia (Islas Georgias del Sur)","Bird Island (SGSSI (IGSISS))",-54,-38.03,"GPS",5098594,82200,"IGOT0095_20120216173500","adult","female","incubation","breeding","2012-03-04","10:52:00",-55.61315,-52.34542,NA,NA
1387,"Diomedea exulans","Wandering Albatross","South Georgia (Islas Georgias del Sur)","Bird Island (SGSSI (IGSISS))",-54,-38.03,"GPS",5098594,82200,"IGOT0095_20120216173500","adult","female","incubation","breeding","2012-02-18","19:53:00",-53.97296,-50.22666,NA,NA
1387,"Diomedea exulans","Wandering Albatross","South Georgia (Islas Georgias del Sur)","Bird Island (SGSSI (IGSISS))",-54,-38.03,"GPS",5098594,82200,"IGOT0095_20120216173500","adult","female","incubation","breeding","2012-02-19","14:06:00",-54.34833,-51.71418,NA,NA
1387,"Diomedea exulans","Wandering Albatross","South Georgia (Islas Georgias del Sur)","Bird Island (SGSSI (IGSISS))",-54,-38.03,"GPS",5098594,82200,"IGOT0095_20120216173500","adult","female","incubation","breeding","2012-03-05","06:23:00",-55.41124,-54.77301,NA,NA
1387,"Diomedea exulans","Wandering Albatross","South Georgia (Islas Georgias del Sur)","Bird Island (SGSSI (IGSISS))",-54,-38.03,"GPS",5098594,82200,"IGOT0095_20120216173500","adult","female","incubation","breeding","2012-03-06","10:03:00",-54.14426,-51.99299,NA,NA
1387,"Diomedea exulans","Wandering Albatross","South Georgia (Islas Georgias del Sur)","Bird Island (SGSSI (IGSISS))",-54,-38.03,"GPS",5098594,82200,"IGOT0095_20120216173500","adult","female","incubation","breeding","2012-02-23","23:09:00",-61.69111,-67.11261,NA,NA
1387,"Diomedea exulans","Wandering Albatross","South Georgia (Islas Georgias del Sur)","Bird Island (SGSSI (IGSISS))",-54,-38.03,"GPS",5098594,82200,"IGOT0095_20120216173500","adult","female","incubation","breeding","2012-02-23","05:33:00",-59.07204,-61.00902,NA,NA
1387,"Diomedea exulans","Wandering Albatross","South Georgia (Islas Georgias del Sur)","Bird Island (SGSSI (IGSISS))",-54,-38.03,"GPS",5098594,82200,"IGOT0095_20120216173500","adult","female","incubation","breeding","2012-02-27","01:08:00",-59.45059,-61.12906,NA,NA
1387,"Diomedea exulans","Wandering Albatross","South Georgia (Islas Georgias del Sur)","Bird Island (SGSSI (IGSISS))",-54,-38.03,"GPS",5098594,82200,"IGOT0095_20120216173500","adult","female","incubation","breeding","2012-02-27","11:06:00",-59.04216,-61.5762,NA,NA
1387,"Diomedea exulans","Wandering Albatross","South Georgia (Islas Georgias del Sur)","Bird Island (SGSSI (IGSISS))",-54,-38.03,"GPS",5098594,82200,"IGOT0095_20120216173500","adult","female","incubation","breeding","2012-02-26","18:34:00",-61.49269,-61.82515,NA,NA
1387,"Diomedea exulans","Wandering Albatross","South Georgia (Islas Georgias del Sur)","Bird Island (SGSSI (IGSISS))",-54,-38.03,"GPS",5098594,82200,"IGOT0095_20120216173500","adult","female","incubation","breeding","2012-02-29","01:21:00",-64.96241,-67.20974,NA,NA
1387,"Diomedea exulans","Wandering Albatross","South Georgia (Islas Georgias del Sur)","Bird Island (SGSSI (IGSISS))",-54,-38.03,"GPS",5098594,82200,"IGOT0095_20120216173500","adult","female","incubation","breeding","2012-02-21","18:26:00",-55.20054,-61.36738,NA,NA
1387,"Diomedea exulans","Wandering Albatross","South Georgia (Islas Georgias del Sur)","Bird Island (SGSSI (IGSISS))",-54,-38.03,"GPS",5098594,82200,"IGOT0095_20120216173500","adult","female","incubation","breeding","2012-03-01","21:03:00",-57.34582,-66.7408,NA,NA
1387,"Diomedea exulans","Wandering Albatross","South Georgia (Islas Georgias del Sur)","Bird Island (SGSSI (IGSISS))",-54,-38.03,"GPS",5098594,82200,"IGOT0095_20120216173500","adult","female","incubation","breeding","2012-02-29","17:09:00",-58.20633,-66.16955,NA,NA
1387,"Diomedea exulans","Wandering Albatross","South Georgia (Islas Georgias del Sur)","Bird Island (SGSSI (IGSISS))",-54,-38.03,"GPS",5098594,82200,"IGOT0095_20120216173500","adult","female","incubation","breeding","2012-03-07","01:13:00",-54.72598,-41.24401,NA,NA
1387,"Diomedea exulans","Wandering Albatross","South Georgia (Islas Georgias del Sur)","Bird Island (SGSSI (IGSISS))",-54,-38.03,"GPS",5098594,82200,"IGOT0095_20120216173500","adult","female","incubation","breeding","2012-03-06","22:27:00",-55.63895,-42.26203,NA,NA
1387,"Diomedea exulans","Wandering Albatross","South Georgia (Islas Georgias del Sur)","Bird Island (SGSSI (IGSISS))",-54,-38.03,"GPS",5098594,82200,"IGOT0095_20120216173500","adult","female","incubation","breeding","2012-03-07","04:04:00",-53.53804,-40.268,NA,NA
1387,"Diomedea exulans","Wandering Albatross","South Georgia (Islas Georgias del Sur)","Bird Island (SGSSI (IGSISS))",-54,-38.03,"GPS",5098594,82200,"IGOT0095_20120216173500","adult","female","incubation","breeding","2012-02-22","11:20:00",-56.90046,-59.1694,NA,NA
1387,"Diomedea exulans","Wandering Albatross","South Georgia (Islas Georgias del Sur)","Bird Island (SGSSI (IGSISS))",-54,-38.03,"GPS",5098594,82200,"IGOT0095_20120216173500","adult","female","incubation","breeding","2012-02-22","14:52:00",-56.86507,-59.11423,NA,NA
1387,"Diomedea exulans","Wandering Albatross","South Georgia (Islas Georgias del Sur)","Bird Island (SGSSI (IGSISS))",-54,-38.03,"GPS",5098594,82200,"IGOT0095_20120216173500","adult","female","incubation","breeding","2012-02-22","19:14:00",-57.21442,-59.55159,NA,NA
1387,"Diomedea exulans","Wandering Albatross","South Georgia (Islas Georgias del Sur)","Bird Island (SGSSI (IGSISS))",-54,-38.03,"GPS",5098594,82200,"IGOT0095_20120216173500","adult","female","incubation","breeding","2012-02-22","20:38:00",-57.68116,-59.68442,NA,NA
1387,"Diomedea exulans","Wandering Albatross","South Georgia (Islas Georgias del Sur)","Bird Island (SGSSI (IGSISS))",-54,-38.03,"GPS",5098594,82200,"IGOT0095_20120216173500","adult","female","incubation","breeding","2012-02-27","12:45:00",-58.68534,-62.19966,NA,NA
1387,"Diomedea exulans","Wandering Albatross","South Georgia (Islas Georgias del Sur)","Bird Island (SGSSI (IGSISS))",-54,-38.03,"GPS",5098594,82200,"IGOT0095_20120216173500","adult","female","incubation","breeding","2012-03-03","23:03:00",-55.93452,-53.05432,NA,NA
1387,"Diomedea exulans","Wandering Albatross","South Georgia (Islas Georgias del Sur)","Bird Island (SGSSI (IGSISS))",-54,-38.03,"GPS",5098594,82200,"IGOT0095_20120216173500","adult","female","incubation","breeding","2012-03-04","13:19:00",-55.64905,-52.26076,NA,NA
1387,"Diomedea exulans","Wandering Albatross","South Georgia (Islas Georgias del Sur)","Bird Island (SGSSI (IGSISS))",-54,-38.03,"GPS",5098594,82200,"IGOT0095_20120216173500","adult","female","incubation","breeding","2012-03-05","21:58:00",-53.98609,-52.65621,NA,NA
1387,"Diomedea exulans","Wandering Albatross","South Georgia (Islas Georgias del Sur)","Bird Island (SGSSI (IGSISS))",-54,-38.03,"GPS",5098594,82200,"IGOT0095_20120216173500","adult","female","incubation","breeding","2012-02-24","06:20:00",-61.59832,-66.81385,NA,NA
1387,"Diomedea exulans","Wandering Albatross","South Georgia (Islas Georgias del Sur)","Bird Island (SGSSI (IGSISS))",-54,-38.03,"GPS",5098594,82200,"IGOT0095_20120216173500","adult","female","incubation","breeding","2012-02-28","15:04:00",-61.64233,-64.29817,NA,NA
1387,"Diomedea exulans","Wandering Albatross","South Georgia (Islas Georgias del Sur)","Bird Island (SGSSI (IGSISS))",-54,-38.03,"GPS",5098594,82200,"IGOT0095_20120216173500","adult","female","incubation","breeding","2012-02-26","12:39:00",-62.82006,-62.78112,NA,NA
1387,"Diomedea exulans","Wandering Albatross","South Georgia (Islas Georgias del Sur)","Bird Island (SGSSI (IGSISS))",-54,-38.03,"GPS",5098594,82200,"IGOT0095_20120216173500","adult","female","incubation","breeding","2012-02-21","23:25:00",-56.60581,-59.82918,NA,NA
1387,"Diomedea exulans","Wandering Albatross","South Georgia (Islas Georgias del Sur)","Bird Island (SGSSI (IGSISS))",-54,-38.03,"GPS",5098594,82200,"IGOT0095_20120216173500","adult","female","incubation","breeding","2012-02-21","22:26:00",-56.43019,-60.26571,NA,NA
1387,"Diomedea exulans","Wandering Albatross","South Georgia (Islas Georgias del Sur)","Bird Island (SGSSI (IGSISS))",-54,-38.03,"GPS",5098594,82200,"IGOT0095_20120216173500","adult","female","incubation","breeding","2012-03-01","22:37:00",-57.33574,-66.87919,NA,NA
1387,"Diomedea exulans","Wandering Albatross","South Georgia (Islas Georgias del Sur)","Bird Island (SGSSI (IGSISS))",-54,-38.03,"GPS",5098594,82200,"IGOT0095_20120216173500","adult","female","incubation","breeding","2012-03-02","11:13:00",-57.3346,-67.20819,NA,NA
1387,"Diomedea exulans","Wandering Albatross","South Georgia (Islas Georgias del Sur)","Bird Island (SGSSI (IGSISS))",-54,-38.03,"GPS",5098594,82200,"IGOT0095_20120216173500","adult","female","incubation","breeding","2012-02-18","00:48:00",-52.89719,-46.8747,NA,NA
1387,"Diomedea exulans","Wandering Albatross","South Georgia (Islas Georgias del Sur)","Bird Island (SGSSI (IGSISS))",-54,-38.03,"GPS",5098594,82200,"IGOT0095_20120216173500","adult","female","incubation","breeding","2012-02-17","15:27:00",-53.42164,-44.14355,NA,NA
1387,"Diomedea exulans","Wandering Albatross","South Georgia (Islas Georgias del Sur)","Bird Island (SGSSI (IGSISS))",-54,-38.03,"GPS",5098594,82200,"IGOT0095_20120216173500","adult","female","incubation","breeding","2012-02-20","10:21:00",-54.30387,-54.68474,NA,NA
1387,"Diomedea exulans","Wandering Albatross","South Georgia (Islas Georgias del Sur)","Bird Island (SGSSI (IGSISS))",-54,-38.03,"GPS",5098594,82200,"IGOT0095_20120216173500","adult","female","incubation","breeding","2012-02-28","05:55:00",-59.19541,-63.10116,NA,NA
1387,"Diomedea exulans","Wandering Albatross","South Georgia (Islas Georgias del Sur)","Bird Island (SGSSI (IGSISS))",-54,-38.03,"GPS",5098594,82200,"IGOT0095_20120216173500","adult","female","incubation","breeding","2012-03-04","07:08:00",-56.03841,-53.06824,NA,NA
1387,"Diomedea exulans","Wandering Albatross","South Georgia (Islas Georgias del Sur)","Bird Island (SGSSI (IGSISS))",-54,-38.03,"GPS",5098594,82200,"IGOT0095_20120216173500","adult","female","incubation","breeding","2012-02-29","15:14:00",-59.10108,-66.55234,NA,NA
1387,"Diomedea exulans","Wandering Albatross","South Georgia (Islas Georgias del Sur)","Bird Island (SGSSI (IGSISS))",-54,-38.03,"GPS",5098594,82200,"IGOT0095_20120216173500","adult","female","incubation","breeding","2012-02-19","08:45:00",-53.96601,-51.1104,NA,NA
1387,"Diomedea exulans","Wandering Albatross","South Georgia (Islas Georgias del Sur)","Bird Island (SGSSI (IGSISS))",-54,-38.03,"GPS",5098594,82200,"IGOT0095_20120216173500","adult","female","incubation","breeding","2012-02-22","23:04:00",-58.48361,-59.46766,NA,NA
1387,"Diomedea exulans","Wandering Albatross","South Georgia (Islas Georgias del Sur)","Bird Island (SGSSI (IGSISS))",-54,-38.03,"GPS",5098594,82200,"IGOT0095_20120216173500","adult","female","incubation","breeding","2012-02-23","22:21:00",-61.69948,-67.30043,NA,NA
1387,"Diomedea exulans","Wandering Albatross","South Georgia (Islas Georgias del Sur)","Bird Island (SGSSI (IGSISS))",-54,-38.03,"GPS",5098594,82200,"IGOT0095_20120216173500","adult","female","incubation","breeding","2012-02-25","02:53:00",-62.24541,-67.35699,NA,NA
1387,"Diomedea exulans","Wandering Albatross","South Georgia (Islas Georgias del Sur)","Bird Island (SGSSI (IGSISS))",-54,-38.03,"GPS",5098594,82200,"IGOT0095_20120216173500","adult","female","incubation","breeding","2012-02-25","13:33:00",-61.98799,-66.72771,NA,NA
1387,"Diomedea exulans","Wandering Albatross","South Georgia (Islas Georgias del Sur)","Bird Island (SGSSI (IGSISS))",-54,-38.03,"GPS",5098594,82200,"IGOT0095_20120216173500","adult","female","incubation","breeding","2012-02-25","13:58:00",-62.02096,-66.74702,NA,NA
1387,"Diomedea exulans","Wandering Albatross","South Georgia (Islas Georgias del Sur)","Bird Island (SGSSI (IGSISS))",-54,-38.03,"GPS",5098594,82200,"IGOT0095_20120216173500","adult","female","incubation","breeding","2012-03-02","00:24:00",-57.38019,-66.90152,NA,NA
1387,"Diomedea exulans","Wandering Albatross","South Georgia (Islas Georgias del Sur)","Bird Island (SGSSI (IGSISS))",-54,-38.03,"GPS",5098594,82200,"IGOT0095_20120216173500","adult","female","incubation","breeding","2012-02-21","01:23:00",-54.89521,-61.04902,NA,NA
1387,"Diomedea exulans","Wandering Albatross","South Georgia (Islas Georgias del Sur)","Bird Island (SGSSI (IGSISS))",-54,-38.03,"GPS",5098594,82200,"IGOT0095_20120216173500","adult","female","incubation","breeding","2012-02-17","04:23:00",-52.72213,-38.93853,NA,NA
1387,"Diomedea exulans","Wandering Albatross","South Georgia (Islas Georgias del Sur)","Bird Island (SGSSI (IGSISS))",-54,-38.03,"GPS",5098594,82200,"IGOT0095_20120216173500","adult","female","incubation","breeding","2012-02-20","10:57:00",-54.34756,-54.92937,NA,NA
1387,"Diomedea exulans","Wandering Albatross","South Georgia (Islas Georgias del Sur)","Bird Island (SGSSI (IGSISS))",-54,-38.03,"GPS",5098594,82200,"IGOT0095_20120216173500","adult","female","incubation","breeding","2012-02-27","15:32:00",-58.43925,-63.13323,NA,NA
1387,"Diomedea exulans","Wandering Albatross","South Georgia (Islas Georgias del Sur)","Bird Island (SGSSI (IGSISS))",-54,-38.03,"GPS",5098594,82200,"IGOT0095_20120216173500","adult","female","incubation","breeding","2012-02-19","10:43:00",-54.24853,-51.28046,NA,NA
1387,"Diomedea exulans","Wandering Albatross","South Georgia (Islas Georgias del Sur)","Bird Island (SGSSI (IGSISS))",-54,-38.03,"GPS",5098594,82200,"IGOT0095_20120216173500","adult","female","incubation","breeding","2012-03-06","14:40:00",-54.27548,-49.31372,NA,NA
1387,"Diomedea exulans","Wandering Albatross","South Georgia (Islas Georgias del Sur)","Bird Island (SGSSI (IGSISS))",-54,-38.03,"GPS",5098594,82200,"IGOT0095_20120216173500","adult","female","incubation","breeding","2012-02-28","13:14:00",-61.41732,-64.10895,NA,NA
1387,"Diomedea exulans","Wandering Albatross","South Georgia (Islas Georgias del Sur)","Bird Island (SGSSI (IGSISS))",-54,-38.03,"GPS",5098594,82200,"IGOT0095_20120216173500","adult","female","incubation","breeding","2012-02-21","21:10:00",-56.06848,-61.00332,NA,NA
1387,"Diomedea exulans","Wandering Albatross","South Georgia (Islas Georgias del Sur)","Bird Island (SGSSI (IGSISS))",-54,-38.03,"GPS",5098594,82200,"IGOT0095_20120216173500","adult","female","incubation","breeding","2012-03-02","20:15:00",-56.20909,-62.28125,NA,NA
1387,"Diomedea exulans","Wandering Albatross","South Georgia (Islas Georgias del Sur)","Bird Island (SGSSI (IGSISS))",-54,-38.03,"GPS",5098594,82200,"IGOT0095_20120216173500","adult","female","incubation","breeding","2012-02-18","00:01:00",-52.89646,-46.86869,NA,NA
1387,"Diomedea exulans","Wandering Albatross","South Georgia (Islas Georgias del Sur)","Bird Island (SGSSI (IGSISS))",-54,-38.03,"GPS",5098594,82200,"IGOT0095_20120216173500","adult","female","incubation","breeding","2012-03-07","04:39:00",-53.71521,-39.8605,NA,NA
1387,"Diomedea exulans","Wandering Albatross","South Georgia (Islas Georgias del Sur)","Bird Island (SGSSI (IGSISS))",-54,-38.03,"GPS",5098594,82200,"IGOT0095_20120216173500","adult","female","incubation","breeding","2012-03-05","07:37:00",-55.15714,-55.10728,NA,NA
1387,"Diomedea exulans","Wandering Albatross","South Georgia (Islas Georgias del Sur)","Bird Island (SGSSI (IGSISS))",-54,-38.03,"GPS",5098594,82200,"IGOT0095_20120216173500","adult","female","incubation","breeding","2012-03-06","00:24:00",-53.97495,-52.61857,NA,NA
1387,"Diomedea exulans","Wandering Albatross","South Georgia (Islas Georgias del Sur)","Bird Island (SGSSI (IGSISS))",-54,-38.03,"GPS",5098594,82200,"IGOT0095_20120216173500","adult","female","incubation","breeding","2012-03-04","06:20:00",-56.02752,-53.06831,NA,NA
1387,"Diomedea exulans","Wandering Albatross","South Georgia (Islas Georgias del Sur)","Bird Island (SGSSI (IGSISS))",-54,-38.03,"GPS",5098594,82200,"IGOT0095_20120216173500","adult","female","incubation","breeding","2012-02-19","17:33:00",-54.03553,-52.19197,NA,NA
1387,"Diomedea exulans","Wandering Albatross","South Georgia (Islas Georgias del Sur)","Bird Island (SGSSI (IGSISS))",-54,-38.03,"GPS",5098594,82200,"IGOT0095_20120216173500","adult","female","incubation","breeding","2012-02-27","09:02:00",-59.54261,-61.57172,NA,NA
1387,"Diomedea exulans","Wandering Albatross","South Georgia (Islas Georgias del Sur)","Bird Island (SGSSI (IGSISS))",-54,-38.03,"GPS",5098594,82200,"IGOT0095_20120216173500","adult","female","incubation","breeding","2012-02-29","00:56:00",-65.14603,-67.10011,NA,NA
1387,"Diomedea exulans","Wandering Albatross","South Georgia (Islas Georgias del Sur)","Bird Island (SGSSI (IGSISS))",-54,-38.03,"GPS",5098594,82200,"IGOT0095_20120216173500","adult","female","incubation","breeding","2012-02-29","08:36:00",-62.0664,-66.82682,NA,NA
1387,"Diomedea exulans","Wandering Albatross","South Georgia (Islas Georgias del Sur)","Bird Island (SGSSI (IGSISS))",-54,-38.03,"GPS",5098594,82200,"IGOT0095_20120216173500","adult","female","incubation","breeding","2012-02-24","15:57:00",-61.96161,-66.72722,NA,NA
1387,"Diomedea exulans","Wandering Albatross","South Georgia (Islas Georgias del Sur)","Bird Island (SGSSI (IGSISS))",-54,-38.03,"GPS",5098594,82200,"IGOT0095_20120216173500","adult","female","incubation","breeding","2012-02-24","16:59:00",-62.02202,-66.87626,NA,NA
1387,"Diomedea exulans","Wandering Albatross","South Georgia (Islas Georgias del Sur)","Bird Island (SGSSI (IGSISS))",-54,-38.03,"GPS",5098594,82200,"IGOT0095_20120216173500","adult","female","incubation","breeding","2012-02-24","18:25:00",-62.04308,-67.07429,NA,NA
1387,"Diomedea exulans","Wandering Albatross","South Georgia (Islas Georgias del Sur)","Bird Island (SGSSI (IGSISS))",-54,-38.03,"GPS",5098594,82200,"IGOT0095_20120216173500","adult","female","incubation","breeding","2012-02-25","23:14:00",-61.96005,-65.30302,NA,NA
1387,"Diomedea exulans","Wandering Albatross","South Georgia (Islas Georgias del Sur)","Bird Island (SGSSI (IGSISS))",-54,-38.03,"GPS",5098594,82200,"IGOT0095_20120216173500","adult","female","incubation","breeding","2012-03-03","00:25:00",-56.57024,-59.64756,NA,NA
1387,"Diomedea exulans","Wandering Albatross","South Georgia (Islas Georgias del Sur)","Bird Island (SGSSI (IGSISS))",-54,-38.03,"GPS",5098594,82200,"IGOT0095_20120216173500","adult","female","incubation","breeding","2012-03-01","06:17:00",-57.29237,-66.72513,NA,NA
1387,"Diomedea exulans","Wandering Albatross","South Georgia (Islas Georgias del Sur)","Bird Island (SGSSI (IGSISS))",-54,-38.03,"GPS",5098594,82200,"IGOT0095_20120216173500","adult","female","incubation","breeding","2012-02-29","17:35:00",-58.02279,-66.07381,NA,NA
1387,"Diomedea exulans","Wandering Albatross","South Georgia (Islas Georgias del Sur)","Bird Island (SGSSI (IGSISS))",-54,-38.03,"GPS",5098594,82200,"IGOT0095_20120216173500","adult","female","incubation","breeding","2012-02-21","18:01:00",-55.11431,-61.50715,NA,NA
1387,"Diomedea exulans","Wandering Albatross","South Georgia (Islas Georgias del Sur)","Bird Island (SGSSI (IGSISS))",-54,-38.03,"GPS",5098594,82200,"IGOT0095_20120216173500","adult","female","incubation","breeding","2012-03-06","22:02:00",-55.65562,-42.65743,NA,NA
1387,"Diomedea exulans","Wandering Albatross","South Georgia (Islas Georgias del Sur)","Bird Island (SGSSI (IGSISS))",-54,-38.03,"GPS",5098594,82200,"IGOT0095_20120216173500","adult","female","incubation","breeding","2012-02-20","02:51:00",-53.94233,-53.68242,NA,NA
1387,"Diomedea exulans","Wandering Albatross","South Georgia (Islas Georgias del Sur)","Bird Island (SGSSI (IGSISS))",-54,-38.03,"GPS",5098594,82200,"IGOT0095_20120216173500","adult","female","incubation","breeding","2012-02-22","14:03:00",-56.87602,-59.12632,NA,NA
1387,"Diomedea exulans","Wandering Albatross","South Georgia (Islas Georgias del Sur)","Bird Island (SGSSI (IGSISS))",-54,-38.03,"GPS",5098594,82200,"IGOT0095_20120216173500","adult","female","incubation","breeding","2012-02-27","17:33:00",-58.46274,-63.1944,NA,NA
1387,"Diomedea exulans","Wandering Albatross","South Georgia (Islas Georgias del Sur)","Bird Island (SGSSI (IGSISS))",-54,-38.03,"GPS",5098594,82200,"IGOT0095_20120216173500","adult","female","incubation","breeding","2012-03-03","18:56:00",-56.05593,-53.36388,NA,NA
1387,"Diomedea exulans","Wandering Albatross","South Georgia (Islas Georgias del Sur)","Bird Island (SGSSI (IGSISS))",-54,-38.03,"GPS",5098594,82200,"IGOT0095_20120216173500","adult","female","incubation","breeding","2012-03-04","01:21:00",-55.96344,-53.05687,NA,NA
1387,"Diomedea exulans","Wandering Albatross","South Georgia (Islas Georgias del Sur)","Bird Island (SGSSI (IGSISS))",-54,-38.03,"GPS",5098594,82200,"IGOT0095_20120216173500","adult","female","incubation","breeding","2012-03-04","10:02:00",-55.74863,-52.79599,NA,NA
1387,"Diomedea exulans","Wandering Albatross","South Georgia (Islas Georgias del Sur)","Bird Island (SGSSI (IGSISS))",-54,-38.03,"GPS",5098594,82200,"IGOT0095_20120216173500","adult","female","incubation","breeding","2012-02-19","15:04:00",-54.24333,-51.84153,NA,NA
1387,"Diomedea exulans","Wandering Albatross","South Georgia (Islas Georgias del Sur)","Bird Island (SGSSI (IGSISS))",-54,-38.03,"GPS",5098594,82200,"IGOT0095_20120216173500","adult","female","incubation","breeding","2012-02-23","17:29:00",-61.8016,-66.68357,NA,NA
1387,"Diomedea exulans","Wandering Albatross","South Georgia (Islas Georgias del Sur)","Bird Island (SGSSI (IGSISS))",-54,-38.03,"GPS",5098594,82200,"IGOT0095_20120216173500","adult","female","incubation","breeding","2012-02-28","13:38:00",-61.43777,-64.14619,NA,NA
1387,"Diomedea exulans","Wandering Albatross","South Georgia (Islas Georgias del Sur)","Bird Island (SGSSI (IGSISS))",-54,-38.03,"GPS",5098594,82200,"IGOT0095_20120216173500","adult","female","incubation","breeding","2012-02-28","22:53:00",-64.91373,-66.45324,NA,NA
1387,"Diomedea exulans","Wandering Albatross","South Georgia (Islas Georgias del Sur)","Bird Island (SGSSI (IGSISS))",-54,-38.03,"GPS",5098594,82200,"IGOT0095_20120216173500","adult","female","incubation","breeding","2012-02-29","07:45:00",-62.35757,-66.76265,NA,NA
1387,"Diomedea exulans","Wandering Albatross","South Georgia (Islas Georgias del Sur)","Bird Island (SGSSI (IGSISS))",-54,-38.03,"GPS",5098594,82200,"IGOT0095_20120216173500","adult","female","incubation","breeding","2012-02-28","19:56:00",-63.81587,-65.36776,NA,NA
1387,"Diomedea exulans","Wandering Albatross","South Georgia (Islas Georgias del Sur)","Bird Island (SGSSI (IGSISS))",-54,-38.03,"GPS",5098594,82200,"IGOT0095_20120216173500","adult","female","incubation","breeding","2012-03-02","08:04:00",-57.26949,-66.73281,NA,NA
1387,"Diomedea exulans","Wandering Albatross","South Georgia (Islas Georgias del Sur)","Bird Island (SGSSI (IGSISS))",-54,-38.03,"GPS",5098594,82200,"IGOT0095_20120216173500","adult","female","incubation","breeding","2012-02-29","23:54:00",-57.30513,-66.92615,NA,NA
1387,"Diomedea exulans","Wandering Albatross","South Georgia (Islas Georgias del Sur)","Bird Island (SGSSI (IGSISS))",-54,-38.03,"GPS",5098594,82200,"IGOT0095_20120216173500","adult","female","incubation","breeding","2012-03-01","10:28:00",-57.29937,-66.82916,NA,NA
1387,"Diomedea exulans","Wandering Albatross","South Georgia (Islas Georgias del Sur)","Bird Island (SGSSI (IGSISS))",-54,-38.03,"GPS",5098594,82200,"IGOT0095_20120216173500","adult","female","incubation","breeding","2012-03-01","18:38:00",-57.33212,-66.83445,NA,NA
1387,"Diomedea exulans","Wandering Albatross","South Georgia (Islas Georgias del Sur)","Bird Island (SGSSI (IGSISS))",-54,-38.03,"GPS",5098594,82200,"IGOT0095_20120216173500","adult","female","incubation","breeding","2012-03-04","12:08:00",-55.61541,-52.22549,NA,NA
1387,"Diomedea exulans","Wandering Albatross","South Georgia (Islas Georgias del Sur)","Bird Island (SGSSI (IGSISS))",-54,-38.03,"GPS",5098594,82200,"IGOT0095_20120216173500","adult","female","incubation","breeding","2012-03-05","03:51:00",-55.41873,-54.78062,NA,NA
1387,"Diomedea exulans","Wandering Albatross","South Georgia (Islas Georgias del Sur)","Bird Island (SGSSI (IGSISS))",-54,-38.03,"GPS",5098594,82200,"IGOT0095_20120216173500","adult","female","incubation","breeding","2012-02-27","02:52:00",-59.45197,-61.14133,NA,NA
1387,"Diomedea exulans","Wandering Albatross","South Georgia (Islas Georgias del Sur)","Bird Island (SGSSI (IGSISS))",-54,-38.03,"GPS",5098594,82200,"IGOT0095_20120216173500","adult","female","incubation","breeding","2012-02-26","09:14:00",-62.11097,-64.64772,NA,NA
1387,"Diomedea exulans","Wandering Albatross","South Georgia (Islas Georgias del Sur)","Bird Island (SGSSI (IGSISS))",-54,-38.03,"GPS",5098594,82200,"IGOT0095_20120216173500","adult","female","incubation","breeding","2012-02-24","13:39:00",-61.92287,-66.70578,NA,NA
1387,"Diomedea exulans","Wandering Albatross","South Georgia (Islas Georgias del Sur)","Bird Island (SGSSI (IGSISS))",-54,-38.03,"GPS",5098594,82200,"IGOT0095_20120216173500","adult","female","incubation","breeding","2012-02-28","20:55:00",-64.27171,-65.62386,NA,NA
1387,"Diomedea exulans","Wandering Albatross","South Georgia (Islas Georgias del Sur)","Bird Island (SGSSI (IGSISS))",-54,-38.03,"GPS",5098594,82200,"IGOT0095_20120216173500","adult","female","incubation","breeding","2012-02-22","02:12:00",-56.57135,-59.84139,NA,NA
1387,"Diomedea exulans","Wandering Albatross","South Georgia (Islas Georgias del Sur)","Bird Island (SGSSI (IGSISS))",-54,-38.03,"GPS",5098594,82200,"IGOT0095_20120216173500","adult","female","incubation","breeding","2012-03-02","05:07:00",-57.32098,-66.72559,NA,NA
1387,"Diomedea exulans","Wandering Albatross","South Georgia (Islas Georgias del Sur)","Bird Island (SGSSI (IGSISS))",-54,-38.03,"GPS",5098594,82200,"IGOT0095_20120216173500","adult","female","incubation","breeding","2012-03-02","06:05:00",-57.30038,-66.69985,NA,NA
1387,"Diomedea exulans","Wandering Albatross","South Georgia (Islas Georgias del Sur)","Bird Island (SGSSI (IGSISS))",-54,-38.03,"GPS",5098594,82200,"IGOT0095_20120216173500","adult","female","incubation","breeding","2012-02-18","03:30:00",-52.91135,-46.86532,NA,NA
1387,"Diomedea exulans","Wandering Albatross","South Georgia (Islas Georgias del Sur)","Bird Island (SGSSI (IGSISS))",-54,-38.03,"GPS",5098594,82200,"IGOT0095_20120216173500","adult","female","incubation","breeding","2012-02-18","06:21:00",-52.92267,-46.82021,NA,NA
1387,"Diomedea exulans","Wandering Albatross","South Georgia (Islas Georgias del Sur)","Bird Island (SGSSI (IGSISS))",-54,-38.03,"GPS",5098594,82200,"IGOT0095_20120216173500","adult","female","incubation","breeding","2012-02-22","17:55:00",-56.88094,-59.13978,NA,NA
1387,"Diomedea exulans","Wandering Albatross","South Georgia (Islas Georgias del Sur)","Bird Island (SGSSI (IGSISS))",-54,-38.03,"GPS",5098594,82200,"IGOT0095_20120216173500","adult","female","incubation","breeding","2012-02-19","23:17:00",-53.98431,-53.51612,NA,NA
1387,"Diomedea exulans","Wandering Albatross","South Georgia (Islas Georgias del Sur)","Bird Island (SGSSI (IGSISS))",-54,-38.03,"GPS",5098594,82200,"IGOT0095_20120216173500","adult","female","incubation","breeding","2012-02-24","00:43:00",-61.61704,-66.97966,NA,NA
1387,"Diomedea exulans","Wandering Albatross","South Georgia (Islas Georgias del Sur)","Bird Island (SGSSI (IGSISS))",-54,-38.03,"GPS",5098594,82200,"IGOT0095_20120216173500","adult","female","incubation","breeding","2012-02-27","03:36:00",-59.45219,-61.14782,NA,NA
1387,"Diomedea exulans","Wandering Albatross","South Georgia (Islas Georgias del Sur)","Bird Island (SGSSI (IGSISS))",-54,-38.03,"GPS",5098594,82200,"IGOT0095_20120216173500","adult","female","incubation","breeding","2012-02-29","04:16:00",-63.75303,-67.2192,NA,NA
1387,"Diomedea exulans","Wandering Albatross","South Georgia (Islas Georgias del Sur)","Bird Island (SGSSI (IGSISS))",-54,-38.03,"GPS",5098594,82200,"IGOT0095_20120216173500","adult","female","incubation","breeding","2012-02-22","10:32:00",-56.84801,-59.26844,NA,NA
1387,"Diomedea exulans","Wandering Albatross","South Georgia (Islas Georgias del Sur)","Bird Island (SGSSI (IGSISS))",-54,-38.03,"GPS",5098594,82200,"IGOT0095_20120216173500","adult","female","incubation","breeding","2012-03-03","02:36:00",-56.6211,-59.50308,NA,NA
1387,"Diomedea exulans","Wandering Albatross","South Georgia (Islas Georgias del Sur)","Bird Island (SGSSI (IGSISS))",-54,-38.03,"GPS",5098594,82200,"IGOT0095_20120216173500","adult","female","incubation","breeding","2012-03-03","08:31:00",-56.58341,-59.35802,NA,NA
1387,"Diomedea exulans","Wandering Albatross","South Georgia (Islas Georgias del Sur)","Bird Island (SGSSI (IGSISS))",-54,-38.03,"GPS",5098594,82200,"IGOT0095_20120216173500","adult","female","incubation","breeding","2012-03-02","22:23:00",-56.39183,-60.94813,NA,NA
1387,"Diomedea exulans","Wandering Albatross","South Georgia (Islas Georgias del Sur)","Bird Island (SGSSI (IGSISS))",-54,-38.03,"GPS",5098594,82200,"IGOT0095_20120216173500","adult","female","incubation","breeding","2012-03-02","02:14:00",-57.3772,-66.89734,NA,NA
1387,"Diomedea exulans","Wandering Albatross","South Georgia (Islas Georgias del Sur)","Bird Island (SGSSI (IGSISS))",-54,-38.03,"GPS",5098594,82200,"IGOT0095_20120216173500","adult","female","incubation","breeding","2012-03-01","11:31:00",-57.3001,-67.08579,NA,NA
1387,"Diomedea exulans","Wandering Albatross","South Georgia (Islas Georgias del Sur)","Bird Island (SGSSI (IGSISS))",-54,-38.03,"GPS",5098594,82200,"IGOT0095_20120216173500","adult","female","incubation","breeding","2012-03-01","15:07:00",-57.28252,-66.78275,NA,NA
1387,"Diomedea exulans","Wandering Albatross","South Georgia (Islas Georgias del Sur)","Bird Island (SGSSI (IGSISS))",-54,-38.03,"GPS",5098594,82200,"IGOT0095_20120216173500","adult","female","incubation","breeding","2012-03-01","18:02:00",-57.30942,-66.79213,NA,NA
1387,"Diomedea exulans","Wandering Albatross","South Georgia (Islas Georgias del Sur)","Bird Island (SGSSI (IGSISS))",-54,-38.03,"GPS",5098594,82200,"IGOT0095_20120216173500","adult","female","incubation","breeding","2012-02-29","18:45:00",-57.50881,-65.89555,NA,NA
1387,"Diomedea exulans","Wandering Albatross","South Georgia (Islas Georgias del Sur)","Bird Island (SGSSI (IGSISS))",-54,-38.03,"GPS",5098594,82200,"IGOT0095_20120216173500","adult","female","incubation","breeding","2012-02-17","04:48:00",-52.72145,-38.93906,NA,NA
1387,"Diomedea exulans","Wandering Albatross","South Georgia (Islas Georgias del Sur)","Bird Island (SGSSI (IGSISS))",-54,-38.03,"GPS",5098594,82200,"IGOT0095_20120216173500","adult","female","incubation","breeding","2012-03-05","13:27:00",-53.93284,-53.97946,NA,NA
1387,"Diomedea exulans","Wandering Albatross","South Georgia (Islas Georgias del Sur)","Bird Island (SGSSI (IGSISS))",-54,-38.03,"GPS",5098594,82200,"IGOT0095_20120216173500","adult","female","incubation","breeding","2012-02-22","16:59:00",-56.83791,-59.10208,NA,NA
1387,"Diomedea exulans","Wandering Albatross","South Georgia (Islas Georgias del Sur)","Bird Island (SGSSI (IGSISS))",-54,-38.03,"GPS",5098594,82200,"IGOT0095_20120216173500","adult","female","incubation","breeding","2012-02-27","22:03:00",-58.59106,-63.27728,NA,NA
1387,"Diomedea exulans","Wandering Albatross","South Georgia (Islas Georgias del Sur)","Bird Island (SGSSI (IGSISS))",-54,-38.03,"GPS",5098594,82200,"IGOT0095_20120216173500","adult","female","incubation","breeding","2012-02-20","03:53:00",-53.99606,-53.3652,NA,NA
1387,"Diomedea exulans","Wandering Albatross","South Georgia (Islas Georgias del Sur)","Bird Island (SGSSI (IGSISS))",-54,-38.03,"GPS",5098594,82200,"IGOT0095_20120216173500","adult","female","incubation","breeding","2012-02-28","05:31:00",-59.19613,-63.10045,NA,NA
1387,"Diomedea exulans","Wandering Albatross","South Georgia (Islas Georgias del Sur)","Bird Island (SGSSI (IGSISS))",-54,-38.03,"GPS",5098594,82200,"IGOT0095_20120216173500","adult","female","incubation","breeding","2012-03-04","05:56:00",-56.02225,-53.06814,NA,NA
1387,"Diomedea exulans","Wandering Albatross","South Georgia (Islas Georgias del Sur)","Bird Island (SGSSI (IGSISS))",-54,-38.03,"GPS",5098594,82200,"IGOT0095_20120216173500","adult","female","incubation","breeding","2012-02-19","11:08:00",-54.27195,-51.36736,NA,NA
1387,"Diomedea exulans","Wandering Albatross","South Georgia (Islas Georgias del Sur)","Bird Island (SGSSI (IGSISS))",-54,-38.03,"GPS",5098594,82200,"IGOT0095_20120216173500","adult","female","incubation","breeding","2012-03-04","23:52:00",-55.39923,-54.77333,NA,NA
1387,"Diomedea exulans","Wandering Albatross","South Georgia (Islas Georgias del Sur)","Bird Island (SGSSI (IGSISS))",-54,-38.03,"GPS",5098594,82200,"IGOT0095_20120216173500","adult","female","incubation","breeding","2012-03-05","18:53:00",-53.98358,-52.68376,NA,NA
1387,"Diomedea exulans","Wandering Albatross","South Georgia (Islas Georgias del Sur)","Bird Island (SGSSI (IGSISS))",-54,-38.03,"GPS",5098594,82200,"IGOT0095_20120216173500","adult","female","incubation","breeding","2012-02-28","12:49:00",-61.39036,-64.18871,NA,NA
1387,"Diomedea exulans","Wandering Albatross","South Georgia (Islas Georgias del Sur)","Bird Island (SGSSI (IGSISS))",-54,-38.03,"GPS",5098594,82200,"IGOT0095_20120216173500","adult","female","incubation","breeding","2012-02-26","05:25:00",-61.84818,-65.17248,NA,NA
1387,"Diomedea exulans","Wandering Albatross","South Georgia (Islas Georgias del Sur)","Bird Island (SGSSI (IGSISS))",-54,-38.03,"GPS",5098594,82200,"IGOT0095_20120216173500","adult","female","incubation","breeding","2012-02-27","00:13:00",-59.61733,-60.75737,NA,NA
1387,"Diomedea exulans","Wandering Albatross","South Georgia (Islas Georgias del Sur)","Bird Island (SGSSI (IGSISS))",-54,-38.03,"GPS",5098594,82200,"IGOT0095_20120216173500","adult","female","incubation","breeding","2012-03-03","03:32:00",-56.61858,-59.50139,NA,NA
1387,"Diomedea exulans","Wandering Albatross","South Georgia (Islas Georgias del Sur)","Bird Island (SGSSI (IGSISS))",-54,-38.03,"GPS",5098594,82200,"IGOT0095_20120216173500","adult","female","incubation","breeding","2012-03-02","01:50:00",-57.37742,-66.89817,NA,NA
1387,"Diomedea exulans","Wandering Albatross","South Georgia (Islas Georgias del Sur)","Bird Island (SGSSI (IGSISS))",-54,-38.03,"GPS",5098594,82200,"IGOT0095_20120216173500","adult","female","incubation","breeding","2012-02-21","07:17:00",-54.84801,-61.30981,NA,NA
1387,"Diomedea exulans","Wandering Albatross","South Georgia (Islas Georgias del Sur)","Bird Island (SGSSI (IGSISS))",-54,-38.03,"GPS",5098594,82200,"IGOT0095_20120216173500","adult","female","incubation","breeding","2012-03-06","21:28:00",-55.56931,-43.33469,NA,NA
1387,"Diomedea exulans","Wandering Albatross","South Georgia (Islas Georgias del Sur)","Bird Island (SGSSI (IGSISS))",-54,-38.03,"GPS",5098594,82200,"IGOT0095_20120216173500","adult","female","incubation","breeding","2012-02-17","05:13:00",-52.71979,-38.93956,NA,NA
1387,"Diomedea exulans","Wandering Albatross","South Georgia (Islas Georgias del Sur)","Bird Island (SGSSI (IGSISS))",-54,-38.03,"GPS",5098594,82200,"IGOT0095_20120216173500","adult","female","incubation","breeding","2012-02-17","05:38:00",-52.71823,-38.93986,NA,NA
1387,"Diomedea exulans","Wandering Albatross","South Georgia (Islas Georgias del Sur)","Bird Island (SGSSI (IGSISS))",-54,-38.03,"GPS",5098594,82200,"IGOT0095_20120216173500","adult","female","incubation","breeding","2012-02-20","13:16:00",-54.61427,-55.73077,NA,NA
1387,"Diomedea exulans","Wandering Albatross","South Georgia (Islas Georgias del Sur)","Bird Island (SGSSI (IGSISS))",-54,-38.03,"GPS",5098594,82200,"IGOT0095_20120216173500","adult","female","incubation","breeding","2012-02-22","12:14:00",-56.89359,-59.15482,NA,NA
1387,"Diomedea exulans","Wandering Albatross","South Georgia (Islas Georgias del Sur)","Bird Island (SGSSI (IGSISS))",-54,-38.03,"GPS",5098594,82200,"IGOT0095_20120216173500","adult","female","incubation","breeding","2012-02-22","13:39:00",-56.87994,-59.13318,NA,NA
1387,"Diomedea exulans","Wandering Albatross","South Georgia (Islas Georgias del Sur)","Bird Island (SGSSI (IGSISS))",-54,-38.03,"GPS",5098594,82200,"IGOT0095_20120216173500","adult","female","incubation","breeding","2012-02-27","12:20:00",-58.74911,-61.94769,NA,NA
1387,"Diomedea exulans","Wandering Albatross","South Georgia (Islas Georgias del Sur)","Bird Island (SGSSI (IGSISS))",-54,-38.03,"GPS",5098594,82200,"IGOT0095_20120216173500","adult","female","incubation","breeding","2012-03-04","07:57:00",-56.0496,-53.07054,NA,NA
1387,"Diomedea exulans","Wandering Albatross","South Georgia (Islas Georgias del Sur)","Bird Island (SGSSI (IGSISS))",-54,-38.03,"GPS",5098594,82200,"IGOT0095_20120216173500","adult","female","incubation","breeding","2012-02-19","11:34:00",-54.22364,-51.41311,NA,NA
1387,"Diomedea exulans","Wandering Albatross","South Georgia (Islas Georgias del Sur)","Bird Island (SGSSI (IGSISS))",-54,-38.03,"GPS",5098594,82200,"IGOT0095_20120216173500","adult","female","incubation","breeding","2012-02-19","17:08:00",-54.16009,-52.18572,NA,NA
1387,"Diomedea exulans","Wandering Albatross","South Georgia (Islas Georgias del Sur)","Bird Island (SGSSI (IGSISS))",-54,-38.03,"GPS",5098594,82200,"IGOT0095_20120216173500","adult","female","incubation","breeding","2012-03-06","13:50:00",-54.20545,-49.92903,NA,NA
1387,"Diomedea exulans","Wandering Albatross","South Georgia (Islas Georgias del Sur)","Bird Island (SGSSI (IGSISS))",-54,-38.03,"GPS",5098594,82200,"IGOT0095_20120216173500","adult","female","incubation","breeding","2012-02-26","02:51:00",-61.84729,-65.20791,NA,NA
1387,"Diomedea exulans","Wandering Albatross","South Georgia (Islas Georgias del Sur)","Bird Island (SGSSI (IGSISS))",-54,-38.03,"GPS",5098594,82200,"IGOT0095_20120216173500","adult","female","incubation","breeding","2012-02-27","03:14:00",-59.45226,-61.14476,NA,NA
1387,"Diomedea exulans","Wandering Albatross","South Georgia (Islas Georgias del Sur)","Bird Island (SGSSI (IGSISS))",-54,-38.03,"GPS",5098594,82200,"IGOT0095_20120216173500","adult","female","incubation","breeding","2012-02-25","15:13:00",-62.04956,-66.64639,NA,NA
1387,"Diomedea exulans","Wandering Albatross","South Georgia (Islas Georgias del Sur)","Bird Island (SGSSI (IGSISS))",-54,-38.03,"GPS",5098594,82200,"IGOT0095_20120216173500","adult","female","incubation","breeding","2012-02-26","12:01:00",-62.91236,-62.84243,NA,NA
1387,"Diomedea exulans","Wandering Albatross","South Georgia (Islas Georgias del Sur)","Bird Island (SGSSI (IGSISS))",-54,-38.03,"GPS",5098594,82200,"IGOT0095_20120216173500","adult","female","incubation","breeding","2012-02-22","02:37:00",-56.56856,-59.84353,NA,NA
1387,"Diomedea exulans","Wandering Albatross","South Georgia (Islas Georgias del Sur)","Bird Island (SGSSI (IGSISS))",-54,-38.03,"GPS",5098594,82200,"IGOT0095_20120216173500","adult","female","incubation","breeding","2012-03-02","23:11:00",-56.36083,-60.63354,NA,NA
1387,"Diomedea exulans","Wandering Albatross","South Georgia (Islas Georgias del Sur)","Bird Island (SGSSI (IGSISS))",-54,-38.03,"GPS",5098594,82200,"IGOT0095_20120216173500","adult","female","incubation","breeding","2012-03-02","15:29:00",-56.39024,-65.0586,NA,NA
1387,"Diomedea exulans","Wandering Albatross","South Georgia (Islas Georgias del Sur)","Bird Island (SGSSI (IGSISS))",-54,-38.03,"GPS",5098594,82200,"IGOT0095_20120216173500","adult","female","incubation","breeding","2012-03-06","18:30:00",-54.82056,-46.12808,NA,NA
1387,"Diomedea exulans","Wandering Albatross","South Georgia (Islas Georgias del Sur)","Bird Island (SGSSI (IGSISS))",-54,-38.03,"GPS",5098594,82200,"IGOT0095_20120216173500","adult","female","incubation","breeding","2012-02-17","15:53:00",-53.5496,-44.27944,NA,NA
1387,"Diomedea exulans","Wandering Albatross","South Georgia (Islas Georgias del Sur)","Bird Island (SGSSI (IGSISS))",-54,-38.03,"GPS",5098594,82200,"IGOT0095_20120216173500","adult","female","incubation","breeding","2012-02-16","18:41:00",-53.96884,-38.06303,NA,NA
1387,"Diomedea exulans","Wandering Albatross","South Georgia (Islas Georgias del Sur)","Bird Island (SGSSI (IGSISS))",-54,-38.03,"GPS",5098594,82200,"IGOT0095_20120216173500","adult","female","incubation","breeding","2012-02-22","16:11:00",-56.84697,-59.10361,NA,NA
1387,"Diomedea exulans","Wandering Albatross","South Georgia (Islas Georgias del Sur)","Bird Island (SGSSI (IGSISS))",-54,-38.03,"GPS",5098594,82200,"IGOT0095_20120216173500","adult","female","incubation","breeding","2012-02-20","03:27:00",-53.96673,-53.55117,NA,NA
1387,"Diomedea exulans","Wandering Albatross","South Georgia (Islas Georgias del Sur)","Bird Island (SGSSI (IGSISS))",-54,-38.03,"GPS",5098594,82200,"IGOT0095_20120216173500","adult","female","incubation","breeding","2012-03-03","23:56:00",-55.94542,-53.05338,NA,NA
1387,"Diomedea exulans","Wandering Albatross","South Georgia (Islas Georgias del Sur)","Bird Island (SGSSI (IGSISS))",-54,-38.03,"GPS",5098594,82200,"IGOT0095_20120216173500","adult","female","incubation","breeding","2012-02-19","01:16:00",-53.55879,-51.02378,NA,NA
1387,"Diomedea exulans","Wandering Albatross","South Georgia (Islas Georgias del Sur)","Bird Island (SGSSI (IGSISS))",-54,-38.03,"GPS",5098594,82200,"IGOT0095_20120216173500","adult","female","incubation","breeding","2012-02-19","15:45:00",-54.22259,-51.94964,NA,NA
1387,"Diomedea exulans","Wandering Albatross","South Georgia (Islas Georgias del Sur)","Bird Island (SGSSI (IGSISS))",-54,-38.03,"GPS",5098594,82200,"IGOT0095_20120216173500","adult","female","incubation","breeding","2012-03-06","13:26:00",-54.17626,-50.22722,NA,NA
1387,"Diomedea exulans","Wandering Albatross","South Georgia (Islas Georgias del Sur)","Bird Island (SGSSI (IGSISS))",-54,-38.03,"GPS",5098594,82200,"IGOT0095_20120216173500","adult","female","incubation","breeding","2012-02-23","08:48:00",-59.572,-62.64389,NA,NA
1387,"Diomedea exulans","Wandering Albatross","South Georgia (Islas Georgias del Sur)","Bird Island (SGSSI (IGSISS))",-54,-38.03,"GPS",5098594,82200,"IGOT0095_20120216173500","adult","female","incubation","breeding","2012-02-27","01:34:00",-59.45013,-61.13248,NA,NA
1387,"Diomedea exulans","Wandering Albatross","South Georgia (Islas Georgias del Sur)","Bird Island (SGSSI (IGSISS))",-54,-38.03,"GPS",5098594,82200,"IGOT0095_20120216173500","adult","female","incubation","breeding","2012-02-27","01:59:00",-59.45094,-61.13507,NA,NA
1387,"Diomedea exulans","Wandering Albatross","South Georgia (Islas Georgias del Sur)","Bird Island (SGSSI (IGSISS))",-54,-38.03,"GPS",5098594,82200,"IGOT0095_20120216173500","adult","female","incubation","breeding","2012-02-28","07:57:00",-59.46062,-63.44983,NA,NA
1387,"Diomedea exulans","Wandering Albatross","South Georgia (Islas Georgias del Sur)","Bird Island (SGSSI (IGSISS))",-54,-38.03,"GPS",5098594,82200,"IGOT0095_20120216173500","adult","female","incubation","breeding","2012-02-29","05:41:00",-63.25866,-66.96259,NA,NA
1387,"Diomedea exulans","Wandering Albatross","South Georgia (Islas Georgias del Sur)","Bird Island (SGSSI (IGSISS))",-54,-38.03,"GPS",5098594,82200,"IGOT0095_20120216173500","adult","female","incubation","breeding","2012-02-24","22:02:00",-62.13443,-67.24281,NA,NA
1387,"Diomedea exulans","Wandering Albatross","South Georgia (Islas Georgias del Sur)","Bird Island (SGSSI (IGSISS))",-54,-38.03,"GPS",5098594,82200,"IGOT0095_20120216173500","adult","female","incubation","breeding","2012-02-25","10:56:00",-61.91219,-67.54387,NA,NA
1387,"Diomedea exulans","Wandering Albatross","South Georgia (Islas Georgias del Sur)","Bird Island (SGSSI (IGSISS))",-54,-38.03,"GPS",5098594,82200,"IGOT0095_20120216173500","adult","female","incubation","breeding","2012-02-25","12:15:00",-61.91058,-66.74435,NA,NA
1387,"Diomedea exulans","Wandering Albatross","South Georgia (Islas Georgias del Sur)","Bird Island (SGSSI (IGSISS))",-54,-38.03,"GPS",5098594,82200,"IGOT0095_20120216173500","adult","female","incubation","breeding","2012-02-25","19:47:00",-62.30012,-66.2121,NA,NA
1387,"Diomedea exulans","Wandering Albatross","South Georgia (Islas Georgias del Sur)","Bird Island (SGSSI (IGSISS))",-54,-38.03,"GPS",5098594,82200,"IGOT0095_20120216173500","adult","female","incubation","breeding","2012-02-22","03:58:00",-56.56335,-59.84603,NA,NA
1387,"Diomedea exulans","Wandering Albatross","South Georgia (Islas Georgias del Sur)","Bird Island (SGSSI (IGSISS))",-54,-38.03,"GPS",5098594,82200,"IGOT0095_20120216173500","adult","female","incubation","breeding","2012-03-03","05:36:00",-56.61139,-59.49879,NA,NA
1387,"Diomedea exulans","Wandering Albatross","South Georgia (Islas Georgias del Sur)","Bird Island (SGSSI (IGSISS))",-54,-38.03,"GPS",5098594,82200,"IGOT0095_20120216173500","adult","female","incubation","breeding","2012-03-01","03:15:00",-57.28742,-66.74376,NA,NA
1387,"Diomedea exulans","Wandering Albatross","South Georgia (Islas Georgias del Sur)","Bird Island (SGSSI (IGSISS))",-54,-38.03,"GPS",5098594,82200,"IGOT0095_20120216173500","adult","female","incubation","breeding","2012-03-02","08:54:00",-57.22819,-67.11074,NA,NA
1387,"Diomedea exulans","Wandering Albatross","South Georgia (Islas Georgias del Sur)","Bird Island (SGSSI (IGSISS))",-54,-38.03,"GPS",5098594,82200,"IGOT0095_20120216173500","adult","female","incubation","breeding","2012-03-02","21:15:00",-56.31855,-61.82345,NA,NA
1387,"Diomedea exulans","Wandering Albatross","South Georgia (Islas Georgias del Sur)","Bird Island (SGSSI (IGSISS))",-54,-38.03,"GPS",5098594,82200,"IGOT0095_20120216173500","adult","female","incubation","breeding","2012-02-20","06:16:00",-54.06712,-53.27247,NA,NA
1387,"Diomedea exulans","Wandering Albatross","South Georgia (Islas Georgias del Sur)","Bird Island (SGSSI (IGSISS))",-54,-38.03,"GPS",5098594,82200,"IGOT0095_20120216173500","adult","female","incubation","breeding","2012-02-28","01:49:00",-59.18179,-63.06118,NA,NA
1387,"Diomedea exulans","Wandering Albatross","South Georgia (Islas Georgias del Sur)","Bird Island (SGSSI (IGSISS))",-54,-38.03,"GPS",5098594,82200,"IGOT0095_20120216173500","adult","female","incubation","breeding","2012-03-06","15:05:00",-54.30535,-48.98037,NA,NA
1387,"Diomedea exulans","Wandering Albatross","South Georgia (Islas Georgias del Sur)","Bird Island (SGSSI (IGSISS))",-54,-38.03,"GPS",5098594,82200,"IGOT0095_20120216173500","adult","female","incubation","breeding","2012-02-26","22:28:00",-60.1641,-60.98975,NA,NA
1387,"Diomedea exulans","Wandering Albatross","South Georgia (Islas Georgias del Sur)","Bird Island (SGSSI (IGSISS))",-54,-38.03,"GPS",5098594,82200,"IGOT0095_20120216173500","adult","female","incubation","breeding","2012-02-25","08:30:00",-62.35218,-67.71223,NA,NA
1387,"Diomedea exulans","Wandering Albatross","South Georgia (Islas Georgias del Sur)","Bird Island (SGSSI (IGSISS))",-54,-38.03,"GPS",5098594,82200,"IGOT0095_20120216173500","adult","female","incubation","breeding","2012-02-25","21:30:00",-62.22725,-65.6512,NA,NA
1387,"Diomedea exulans","Wandering Albatross","South Georgia (Islas Georgias del Sur)","Bird Island (SGSSI (IGSISS))",-54,-38.03,"GPS",5098594,82200,"IGOT0095_20120216173500","adult","female","incubation","breeding","2012-02-25","22:18:00",-61.96245,-65.32336,NA,NA
1387,"Diomedea exulans","Wandering Albatross","South Georgia (Islas Georgias del Sur)","Bird Island (SGSSI (IGSISS))",-54,-38.03,"GPS",5098594,82200,"IGOT0095_20120216173500","adult","female","incubation","breeding","2012-03-03","04:21:00",-56.61665,-59.5002,NA,NA
1387,"Diomedea exulans","Wandering Albatross","South Georgia (Islas Georgias del Sur)","Bird Island (SGSSI (IGSISS))",-54,-38.03,"GPS",5098594,82200,"IGOT0095_20120216173500","adult","female","incubation","breeding","2012-03-02","07:15:00",-57.26676,-66.73454,NA,NA
1387,"Diomedea exulans","Wandering Albatross","South Georgia (Islas Georgias del Sur)","Bird Island (SGSSI (IGSISS))",-54,-38.03,"GPS",5098594,82200,"IGOT0095_20120216173500","adult","female","incubation","breeding","2012-02-21","09:48:00",-54.88959,-61.56016,NA,NA
1387,"Diomedea exulans","Wandering Albatross","South Georgia (Islas Georgias del Sur)","Bird Island (SGSSI (IGSISS))",-54,-38.03,"GPS",5098594,82200,"IGOT0095_20120216173500","adult","female","incubation","breeding","2012-02-17","17:20:00",-53.77123,-44.76272,NA,NA
1387,"Diomedea exulans","Wandering Albatross","South Georgia (Islas Georgias del Sur)","Bird Island (SGSSI (IGSISS))",-54,-38.03,"GPS",5098594,82200,"IGOT0095_20120216173500","adult","female","incubation","breeding","2012-02-16","21:01:00",-53.44458,-38.30366,NA,NA
1387,"Diomedea exulans","Wandering Albatross","South Georgia (Islas Georgias del Sur)","Bird Island (SGSSI (IGSISS))",-54,-38.03,"GPS",5098594,82200,"IGOT0095_20120216173500","adult","female","incubation","breeding","2012-02-20","09:55:00",-54.23786,-54.58178,NA,NA
1387,"Diomedea exulans","Wandering Albatross","South Georgia (Islas Georgias del Sur)","Bird Island (SGSSI (IGSISS))",-54,-38.03,"GPS",5098594,82200,"IGOT0095_20120216173500","adult","female","incubation","breeding","2012-02-28","00:07:00",-58.99418,-63.22749,NA,NA
1387,"Diomedea exulans","Wandering Albatross","South Georgia (Islas Georgias del Sur)","Bird Island (SGSSI (IGSISS))",-54,-38.03,"GPS",5098594,82200,"IGOT0095_20120216173500","adult","female","incubation","breeding","2012-03-03","11:09:00",-56.52875,-57.81226,NA,NA
1387,"Diomedea exulans","Wandering Albatross","South Georgia (Islas Georgias del Sur)","Bird Island (SGSSI (IGSISS))",-54,-38.03,"GPS",5098594,82200,"IGOT0095_20120216173500","adult","female","incubation","breeding","2012-02-19","07:28:00",-53.76301,-50.99552,NA,NA
1387,"Diomedea exulans","Wandering Albatross","South Georgia (Islas Georgias del Sur)","Bird Island (SGSSI (IGSISS))",-54,-38.03,"GPS",5098594,82200,"IGOT0095_20120216173500","adult","female","incubation","breeding","2012-02-19","12:14:00",-54.26123,-51.53114,NA,NA
1387,"Diomedea exulans","Wandering Albatross","South Georgia (Islas Georgias del Sur)","Bird Island (SGSSI (IGSISS))",-54,-38.03,"GPS",5098594,82200,"IGOT0095_20120216173500","adult","female","incubation","breeding","2012-03-05","04:16:00",-55.41913,-54.78017,NA,NA
1387,"Diomedea exulans","Wandering Albatross","South Georgia (Islas Georgias del Sur)","Bird Island (SGSSI (IGSISS))",-54,-38.03,"GPS",5098594,82200,"IGOT0095_20120216173500","adult","female","incubation","breeding","2012-03-06","09:13:00",-54.12315,-52.39369,NA,NA
1387,"Diomedea exulans","Wandering Albatross","South Georgia (Islas Georgias del Sur)","Bird Island (SGSSI (IGSISS))",-54,-38.03,"GPS",5098594,82200,"IGOT0095_20120216173500","adult","female","incubation","breeding","2012-02-26","08:49:00",-61.99267,-64.73881,NA,NA
1387,"Diomedea exulans","Wandering Albatross","South Georgia (Islas Georgias del Sur)","Bird Island (SGSSI (IGSISS))",-54,-38.03,"GPS",5098594,82200,"IGOT0095_20120216173500","adult","female","incubation","breeding","2012-02-25","14:47:00",-62.0028,-66.68986,NA,NA
1387,"Diomedea exulans","Wandering Albatross","South Georgia (Islas Georgias del Sur)","Bird Island (SGSSI (IGSISS))",-54,-38.03,"GPS",5098594,82200,"IGOT0095_20120216173500","adult","female","incubation","breeding","2012-02-25","23:39:00",-61.94638,-65.29803,NA,NA
1387,"Diomedea exulans","Wandering Albatross","South Georgia (Islas Georgias del Sur)","Bird Island (SGSSI (IGSISS))",-54,-38.03,"GPS",5098594,82200,"IGOT0095_20120216173500","adult","female","incubation","breeding","2012-02-22","01:27:00",-56.57807,-59.8369,NA,NA
1387,"Diomedea exulans","Wandering Albatross","South Georgia (Islas Georgias del Sur)","Bird Island (SGSSI (IGSISS))",-54,-38.03,"GPS",5098594,82200,"IGOT0095_20120216173500","adult","female","incubation","breeding","2012-03-01","19:26:00",-57.33618,-66.82304,NA,NA
1387,"Diomedea exulans","Wandering Albatross","South Georgia (Islas Georgias del Sur)","Bird Island (SGSSI (IGSISS))",-54,-38.03,"GPS",5098594,82200,"IGOT0095_20120216173500","adult","female","incubation","breeding","2012-02-29","23:30:00",-57.34485,-67.007,NA,NA
1387,"Diomedea exulans","Wandering Albatross","South Georgia (Islas Georgias del Sur)","Bird Island (SGSSI (IGSISS))",-54,-38.03,"GPS",5098594,82200,"IGOT0095_20120216173500","adult","female","incubation","breeding","2012-02-17","21:57:00",-53.27521,-46.36442,NA,NA
1387,"Diomedea exulans","Wandering Albatross","South Georgia (Islas Georgias del Sur)","Bird Island (SGSSI (IGSISS))",-54,-38.03,"GPS",5098594,82200,"IGOT0095_20120216173500","adult","female","incubation","breeding","2012-02-16","23:28:00",-52.92161,-38.86311,NA,NA
1387,"Diomedea exulans","Wandering Albatross","South Georgia (Islas Georgias del Sur)","Bird Island (SGSSI (IGSISS))",-54,-38.03,"GPS",5098594,82200,"IGOT0095_20120216173500","adult","female","incubation","breeding","2012-02-17","06:04:00",-52.71435,-38.95301,NA,NA
1387,"Diomedea exulans","Wandering Albatross","South Georgia (Islas Georgias del Sur)","Bird Island (SGSSI (IGSISS))",-54,-38.03,"GPS",5098594,82200,"IGOT0095_20120216173500","adult","female","incubation","breeding","2012-02-16","20:36:00",-53.55284,-38.22049,NA,NA
1387,"Diomedea exulans","Wandering Albatross","South Georgia (Islas Georgias del Sur)","Bird Island (SGSSI (IGSISS))",-54,-38.03,"GPS",5098594,82200,"IGOT0095_20120216173500","adult","female","incubation","breeding","2012-02-17","03:08:00",-52.72657,-38.9361,NA,NA
1387,"Diomedea exulans","Wandering Albatross","South Georgia (Islas Georgias del Sur)","Bird Island (SGSSI (IGSISS))",-54,-38.03,"GPS",5098594,82200,"IGOT0095_20120216173500","adult","female","incubation","breeding","2012-02-20","18:18:00",-54.99498,-58.10816,NA,NA
1387,"Diomedea exulans","Wandering Albatross","South Georgia (Islas Georgias del Sur)","Bird Island (SGSSI (IGSISS))",-54,-38.03,"GPS",5098594,82200,"IGOT0095_20120216173500","adult","female","incubation","breeding","2012-03-06","06:31:00",-53.96024,-52.6296,NA,NA
1387,"Diomedea exulans","Wandering Albatross","South Georgia (Islas Georgias del Sur)","Bird Island (SGSSI (IGSISS))",-54,-38.03,"GPS",5098594,82200,"IGOT0095_20120216173500","adult","female","incubation","breeding","2012-02-27","22:51:00",-58.69795,-63.37608,NA,NA
1387,"Diomedea exulans","Wandering Albatross","South Georgia (Islas Georgias del Sur)","Bird Island (SGSSI (IGSISS))",-54,-38.03,"GPS",5098594,82200,"IGOT0095_20120216173500","adult","female","incubation","breeding","2012-03-03","21:18:00",-56.01247,-53.30028,NA,NA
1387,"Diomedea exulans","Wandering Albatross","South Georgia (Islas Georgias del Sur)","Bird Island (SGSSI (IGSISS))",-54,-38.03,"GPS",5098594,82200,"IGOT0095_20120216173500","adult","female","incubation","breeding","2012-02-19","02:06:00",-53.55738,-51.02004,NA,NA
1387,"Diomedea exulans","Wandering Albatross","South Georgia (Islas Georgias del Sur)","Bird Island (SGSSI (IGSISS))",-54,-38.03,"GPS",5098594,82200,"IGOT0095_20120216173500","adult","female","incubation","breeding","2012-02-19","04:20:00",-53.55966,-51.00411,NA,NA
1387,"Diomedea exulans","Wandering Albatross","South Georgia (Islas Georgias del Sur)","Bird Island (SGSSI (IGSISS))",-54,-38.03,"GPS",5098594,82200,"IGOT0095_20120216173500","adult","female","incubation","breeding","2012-02-19","04:45:00",-53.56132,-51.0005,NA,NA
1387,"Diomedea exulans","Wandering Albatross","South Georgia (Islas Georgias del Sur)","Bird Island (SGSSI (IGSISS))",-54,-38.03,"GPS",5098594,82200,"IGOT0095_20120216173500","adult","female","incubation","breeding","2012-02-24","02:28:00",-61.61522,-66.88107,NA,NA
1387,"Diomedea exulans","Wandering Albatross","South Georgia (Islas Georgias del Sur)","Bird Island (SGSSI (IGSISS))",-54,-38.03,"GPS",5098594,82200,"IGOT0095_20120216173500","adult","female","incubation","breeding","2012-02-26","04:16:00",-61.84821,-65.18922,NA,NA
1387,"Diomedea exulans","Wandering Albatross","South Georgia (Islas Georgias del Sur)","Bird Island (SGSSI (IGSISS))",-54,-38.03,"GPS",5098594,82200,"IGOT0095_20120216173500","adult","female","incubation","breeding","2012-02-27","06:31:00",-59.45448,-61.16658,NA,NA
1387,"Diomedea exulans","Wandering Albatross","South Georgia (Islas Georgias del Sur)","Bird Island (SGSSI (IGSISS))",-54,-38.03,"GPS",5098594,82200,"IGOT0095_20120216173500","adult","female","incubation","breeding","2012-02-26","13:57:00",-62.77032,-62.71008,NA,NA
1387,"Diomedea exulans","Wandering Albatross","South Georgia (Islas Georgias del Sur)","Bird Island (SGSSI (IGSISS))",-54,-38.03,"GPS",5098594,82200,"IGOT0095_20120216173500","adult","female","incubation","breeding","2012-02-18","11:40:00",-53.6465,-47.76063,NA,NA
1387,"Diomedea exulans","Wandering Albatross","South Georgia (Islas Georgias del Sur)","Bird Island (SGSSI (IGSISS))",-54,-38.03,"GPS",5098594,82200,"IGOT0095_20120216173500","adult","female","incubation","breeding","2012-02-17","02:09:00",-52.73042,-38.93379,NA,NA
1387,"Diomedea exulans","Wandering Albatross","South Georgia (Islas Georgias del Sur)","Bird Island (SGSSI (IGSISS))",-54,-38.03,"GPS",5098594,82200,"IGOT0095_20120216173500","adult","female","incubation","breeding","2012-02-19","03:55:00",-53.55876,-51.00763,NA,NA
1387,"Diomedea exulans","Wandering Albatross","South Georgia (Islas Georgias del Sur)","Bird Island (SGSSI (IGSISS))",-54,-38.03,"GPS",5098594,82200,"IGOT0095_20120216173500","adult","female","incubation","breeding","2012-02-28","12:02:00",-61.1718,-64.07169,NA,NA
1387,"Diomedea exulans","Wandering Albatross","South Georgia (Islas Georgias del Sur)","Bird Island (SGSSI (IGSISS))",-54,-38.03,"GPS",5098594,82200,"IGOT0095_20120216173500","adult","female","incubation","breeding","2012-02-26","15:37:00",-62.44678,-62.42538,NA,NA
1387,"Diomedea exulans","Wandering Albatross","South Georgia (Islas Georgias del Sur)","Bird Island (SGSSI (IGSISS))",-54,-38.03,"GPS",5098594,82200,"IGOT0095_20120216173500","adult","female","incubation","breeding","2012-02-28","22:24:00",-64.82894,-66.25264,NA,NA
1387,"Diomedea exulans","Wandering Albatross","South Georgia (Islas Georgias del Sur)","Bird Island (SGSSI (IGSISS))",-54,-38.03,"GPS",5098594,82200,"IGOT0095_20120216173500","adult","female","incubation","breeding","2012-03-01","20:15:00",-57.33842,-66.80996,NA,NA
1387,"Diomedea exulans","Wandering Albatross","South Georgia (Islas Georgias del Sur)","Bird Island (SGSSI (IGSISS))",-54,-38.03,"GPS",5098594,82200,"IGOT0095_20120216173500","adult","female","incubation","breeding","2012-03-01","01:58:00",-57.33578,-66.84872,NA,NA
1387,"Diomedea exulans","Wandering Albatross","South Georgia (Islas Georgias del Sur)","Bird Island (SGSSI (IGSISS))",-54,-38.03,"GPS",5098594,82200,"IGOT0095_20120216173500","adult","female","incubation","breeding","2012-03-06","18:06:00",-54.71951,-46.52491,NA,NA
1387,"Diomedea exulans","Wandering Albatross","South Georgia (Islas Georgias del Sur)","Bird Island (SGSSI (IGSISS))",-54,-38.03,"GPS",5098594,82200,"IGOT0095_20120216173500","adult","female","incubation","breeding","2012-02-20","21:09:00",-55.1258,-59.55699,NA,NA
1387,"Diomedea exulans","Wandering Albatross","South Georgia (Islas Georgias del Sur)","Bird Island (SGSSI (IGSISS))",-54,-38.03,"GPS",5098594,82200,"IGOT0095_20120216173500","adult","female","incubation","breeding","2012-03-05","23:13:00",-53.98148,-52.63176,NA,NA
1387,"Diomedea exulans","Wandering Albatross","South Georgia (Islas Georgias del Sur)","Bird Island (SGSSI (IGSISS))",-54,-38.03,"GPS",5098594,82200,"IGOT0095_20120216173500","adult","female","incubation","breeding","2012-03-06","05:20:00",-53.95805,-52.61976,NA,NA
1387,"Diomedea exulans","Wandering Albatross","South Georgia (Islas Georgias del Sur)","Bird Island (SGSSI (IGSISS))",-54,-38.03,"GPS",5098594,82200,"IGOT0095_20120216173500","adult","female","incubation","breeding","2012-02-29","15:54:00",-58.78901,-66.47157,NA,NA
1387,"Diomedea exulans","Wandering Albatross","South Georgia (Islas Georgias del Sur)","Bird Island (SGSSI (IGSISS))",-54,-38.03,"GPS",5098594,82200,"IGOT0095_20120216173500","adult","female","incubation","breeding","2012-02-19","05:10:00",-53.56277,-50.99611,NA,NA
1387,"Diomedea exulans","Wandering Albatross","South Georgia (Islas Georgias del Sur)","Bird Island (SGSSI (IGSISS))",-54,-38.03,"GPS",5098594,82200,"IGOT0095_20120216173500","adult","female","incubation","breeding","2012-03-06","12:07:00",-54.17289,-51.08751,NA,NA
1387,"Diomedea exulans","Wandering Albatross","South Georgia (Islas Georgias del Sur)","Bird Island (SGSSI (IGSISS))",-54,-38.03,"GPS",5098594,82200,"IGOT0095_20120216173500","adult","female","incubation","breeding","2012-02-23","17:01:00",-61.63132,-66.6968,NA,NA
1387,"Diomedea exulans","Wandering Albatross","South Georgia (Islas Georgias del Sur)","Bird Island (SGSSI (IGSISS))",-54,-38.03,"GPS",5098594,82200,"IGOT0095_20120216173500","adult","female","incubation","breeding","2012-02-23","08:25:00",-59.4594,-62.3625,NA,NA
1387,"Diomedea exulans","Wandering Albatross","South Georgia (Islas Georgias del Sur)","Bird Island (SGSSI (IGSISS))",-54,-38.03,"GPS",5098594,82200,"IGOT0095_20120216173500","adult","female","incubation","breeding","2012-02-27","04:01:00",-59.45219,-61.15009,NA,NA
1387,"Diomedea exulans","Wandering Albatross","South Georgia (Islas Georgias del Sur)","Bird Island (SGSSI (IGSISS))",-54,-38.03,"GPS",5098594,82200,"IGOT0095_20120216173500","adult","female","incubation","breeding","2012-02-27","10:41:00",-59.17294,-61.64743,NA,NA
1387,"Diomedea exulans","Wandering Albatross","South Georgia (Islas Georgias del Sur)","Bird Island (SGSSI (IGSISS))",-54,-38.03,"GPS",5098594,82200,"IGOT0095_20120216173500","adult","female","incubation","breeding","2012-02-22","10:07:00",-56.84998,-59.27534,NA,NA
1387,"Diomedea exulans","Wandering Albatross","South Georgia (Islas Georgias del Sur)","Bird Island (SGSSI (IGSISS))",-54,-38.03,"GPS",5098594,82200,"IGOT0095_20120216173500","adult","female","incubation","breeding","2012-03-02","06:50:00",-57.26537,-66.7357,NA,NA
1387,"Diomedea exulans","Wandering Albatross","South Georgia (Islas Georgias del Sur)","Bird Island (SGSSI (IGSISS))",-54,-38.03,"GPS",5098594,82200,"IGOT0095_20120216173500","adult","female","incubation","breeding","2012-02-29","22:09:00",-57.29521,-67.14034,NA,NA
1387,"Diomedea exulans","Wandering Albatross","South Georgia (Islas Georgias del Sur)","Bird Island (SGSSI (IGSISS))",-54,-38.03,"GPS",5098594,82200,"IGOT0095_20120216173500","adult","female","incubation","breeding","2012-03-06","19:29:00",-55.07516,-45.26015,NA,NA
1387,"Diomedea exulans","Wandering Albatross","South Georgia (Islas Georgias del Sur)","Bird Island (SGSSI (IGSISS))",-54,-38.03,"GPS",5098594,82200,"IGOT0095_20120216173500","adult","female","incubation","breeding","2012-02-17","16:55:00",-53.76432,-44.6657,NA,NA
1387,"Diomedea exulans","Wandering Albatross","South Georgia (Islas Georgias del Sur)","Bird Island (SGSSI (IGSISS))",-54,-38.03,"GPS",5098594,82200,"IGOT0095_20120216173500","adult","female","incubation","breeding","2012-02-20","09:27:00",-54.20142,-54.34049,NA,NA
1387,"Diomedea exulans","Wandering Albatross","South Georgia (Islas Georgias del Sur)","Bird Island (SGSSI (IGSISS))",-54,-38.03,"GPS",5098594,82200,"IGOT0095_20120216173500","adult","female","incubation","breeding","2012-02-27","20:42:00",-58.54541,-63.25727,NA,NA
1387,"Diomedea exulans","Wandering Albatross","South Georgia (Islas Georgias del Sur)","Bird Island (SGSSI (IGSISS))",-54,-38.03,"GPS",5098594,82200,"IGOT0095_20120216173500","adult","female","incubation","breeding","2012-03-03","17:18:00",-56.2616,-54.04216,NA,NA
1387,"Diomedea exulans","Wandering Albatross","South Georgia (Islas Georgias del Sur)","Bird Island (SGSSI (IGSISS))",-54,-38.03,"GPS",5098594,82200,"IGOT0095_20120216173500","adult","female","incubation","breeding","2012-03-04","00:34:00",-55.9531,-53.05493,NA,NA
1387,"Diomedea exulans","Wandering Albatross","South Georgia (Islas Georgias del Sur)","Bird Island (SGSSI (IGSISS))",-54,-38.03,"GPS",5098594,82200,"IGOT0095_20120216173500","adult","female","incubation","breeding","2012-02-19","12:39:00",-54.29198,-51.61384,NA,NA
1387,"Diomedea exulans","Wandering Albatross","South Georgia (Islas Georgias del Sur)","Bird Island (SGSSI (IGSISS))",-54,-38.03,"GPS",5098594,82200,"IGOT0095_20120216173500","adult","female","incubation","breeding","2012-02-19","21:39:00",-53.84399,-53.10971,NA,NA
1387,"Diomedea exulans","Wandering Albatross","South Georgia (Islas Georgias del Sur)","Bird Island (SGSSI (IGSISS))",-54,-38.03,"GPS",5098594,82200,"IGOT0095_20120216173500","adult","female","incubation","breeding","2012-03-05","05:59:00",-55.4141,-54.77469,NA,NA
1387,"Diomedea exulans","Wandering Albatross","South Georgia (Islas Georgias del Sur)","Bird Island (SGSSI (IGSISS))",-54,-38.03,"GPS",5098594,82200,"IGOT0095_20120216173500","adult","female","incubation","breeding","2012-03-06","15:30:00",-54.36862,-48.66847,NA,NA
1387,"Diomedea exulans","Wandering Albatross","South Georgia (Islas Georgias del Sur)","Bird Island (SGSSI (IGSISS))",-54,-38.03,"GPS",5098594,82200,"IGOT0095_20120216173500","adult","female","incubation","breeding","2012-02-24","03:35:00",-61.6088,-66.86365,NA,NA
1387,"Diomedea exulans","Wandering Albatross","South Georgia (Islas Georgias del Sur)","Bird Island (SGSSI (IGSISS))",-54,-38.03,"GPS",5098594,82200,"IGOT0095_20120216173500","adult","female","incubation","breeding","2012-02-26","08:24:00",-61.84493,-64.98286,NA,NA
1387,"Diomedea exulans","Wandering Albatross","South Georgia (Islas Georgias del Sur)","Bird Island (SGSSI (IGSISS))",-54,-38.03,"GPS",5098594,82200,"IGOT0095_20120216173500","adult","female","incubation","breeding","2012-02-23","02:15:00",-59.09159,-61.02995,NA,NA
1387,"Diomedea exulans","Wandering Albatross","South Georgia (Islas Georgias del Sur)","Bird Island (SGSSI (IGSISS))",-54,-38.03,"GPS",5098594,82200,"IGOT0095_20120216173500","adult","female","incubation","breeding","2012-02-23","09:11:00",-59.68881,-62.95017,NA,NA
1387,"Diomedea exulans","Wandering Albatross","South Georgia (Islas Georgias del Sur)","Bird Island (SGSSI (IGSISS))",-54,-38.03,"GPS",5098594,82200,"IGOT0095_20120216173500","adult","female","incubation","breeding","2012-02-23","17:54:00",-61.902,-66.78552,NA,NA
1387,"Diomedea exulans","Wandering Albatross","South Georgia (Islas Georgias del Sur)","Bird Island (SGSSI (IGSISS))",-54,-38.03,"GPS",5098594,82200,"IGOT0095_20120216173500","adult","female","incubation","breeding","2012-03-01","07:52:00",-57.29019,-66.71336,NA,NA
1387,"Diomedea exulans","Wandering Albatross","South Georgia (Islas Georgias del Sur)","Bird Island (SGSSI (IGSISS))",-54,-38.03,"GPS",5098594,82200,"IGOT0095_20120216173500","adult","female","incubation","breeding","2012-03-01","09:58:00",-57.27786,-66.93348,NA,NA
1387,"Diomedea exulans","Wandering Albatross","South Georgia (Islas Georgias del Sur)","Bird Island (SGSSI (IGSISS))",-54,-38.03,"GPS",5098594,82200,"IGOT0095_20120216173500","adult","female","incubation","breeding","2012-03-02","19:16:00",-56.17968,-62.61603,NA,NA
1387,"Diomedea exulans","Wandering Albatross","South Georgia (Islas Georgias del Sur)","Bird Island (SGSSI (IGSISS))",-54,-38.03,"GPS",5098594,82200,"IGOT0095_20120216173500","adult","female","incubation","breeding","2012-02-29","19:10:00",-57.35829,-65.95842,NA,NA
1387,"Diomedea exulans","Wandering Albatross","South Georgia (Islas Georgias del Sur)","Bird Island (SGSSI (IGSISS))",-54,-38.03,"GPS",5098594,82200,"IGOT0095_20120216173500","adult","female","incubation","breeding","2012-02-20","20:18:00",-55.00908,-59.19309,NA,NA
1387,"Diomedea exulans","Wandering Albatross","South Georgia (Islas Georgias del Sur)","Bird Island (SGSSI (IGSISS))",-54,-38.03,"GPS",5098594,82200,"IGOT0095_20120216173500","adult","female","incubation","breeding","2012-02-18","21:16:00",-53.81995,-50.49426,NA,NA
1387,"Diomedea exulans","Wandering Albatross","South Georgia (Islas Georgias del Sur)","Bird Island (SGSSI (IGSISS))",-54,-38.03,"GPS",5098594,82200,"IGOT0095_20120216173500","adult","female","incubation","breeding","2012-02-23","14:50:00",-61.17707,-66.30299,NA,NA
1387,"Diomedea exulans","Wandering Albatross","South Georgia (Islas Georgias del Sur)","Bird Island (SGSSI (IGSISS))",-54,-38.03,"GPS",5098594,82200,"IGOT0095_20120216173500","adult","female","incubation","breeding","2012-02-24","09:21:00",-61.6615,-66.48216,NA,NA
1387,"Diomedea exulans","Wandering Albatross","South Georgia (Islas Georgias del Sur)","Bird Island (SGSSI (IGSISS))",-54,-38.03,"GPS",5098594,82200,"IGOT0095_20120216173500","adult","female","incubation","breeding","2012-02-26","02:26:00",-61.84805,-65.21506,NA,NA
1387,"Diomedea exulans","Wandering Albatross","South Georgia (Islas Georgias del Sur)","Bird Island (SGSSI (IGSISS))",-54,-38.03,"GPS",5098594,82200,"IGOT0095_20120216173500","adult","female","incubation","breeding","2012-02-26","19:45:00",-61.05568,-61.63103,NA,NA
1387,"Diomedea exulans","Wandering Albatross","South Georgia (Islas Georgias del Sur)","Bird Island (SGSSI (IGSISS))",-54,-38.03,"GPS",5098594,82200,"IGOT0095_20120216173500","adult","female","incubation","breeding","2012-02-28","19:30:00",-63.61065,-65.2717,NA,NA
1387,"Diomedea exulans","Wandering Albatross","South Georgia (Islas Georgias del Sur)","Bird Island (SGSSI (IGSISS))",-54,-38.03,"GPS",5098594,82200,"IGOT0095_20120216173500","adult","female","incubation","breeding","2012-02-21","00:33:00",-54.88381,-60.90541,NA,NA
1387,"Diomedea exulans","Wandering Albatross","South Georgia (Islas Georgias del Sur)","Bird Island (SGSSI (IGSISS))",-54,-38.03,"GPS",5098594,82200,"IGOT0095_20120216173500","adult","female","incubation","breeding","2012-02-21","20:07:00",-55.66419,-61.41565,NA,NA
1387,"Diomedea exulans","Wandering Albatross","South Georgia (Islas Georgias del Sur)","Bird Island (SGSSI (IGSISS))",-54,-38.03,"GPS",5098594,82200,"IGOT0095_20120216173500","adult","female","incubation","breeding","2012-03-02","16:12:00",-56.22854,-64.71096,NA,NA
1387,"Diomedea exulans","Wandering Albatross","South Georgia (Islas Georgias del Sur)","Bird Island (SGSSI (IGSISS))",-54,-38.03,"GPS",5098594,82200,"IGOT0095_20120216173500","adult","female","incubation","breeding","2012-02-18","08:35:00",-53.46975,-47.07654,NA,NA
1387,"Diomedea exulans","Wandering Albatross","South Georgia (Islas Georgias del Sur)","Bird Island (SGSSI (IGSISS))",-54,-38.03,"GPS",5098594,82200,"IGOT0095_20120216173500","adult","female","incubation","breeding","2012-02-18","04:19:00",-52.91534,-46.85492,NA,NA
1387,"Diomedea exulans","Wandering Albatross","South Georgia (Islas Georgias del Sur)","Bird Island (SGSSI (IGSISS))",-54,-38.03,"GPS",5098594,82200,"IGOT0095_20120216173500","adult","female","incubation","breeding","2012-02-22","12:41:00",-56.88986,-59.14785,NA,NA
1387,"Diomedea exulans","Wandering Albatross","South Georgia (Islas Georgias del Sur)","Bird Island (SGSSI (IGSISS))",-54,-38.03,"GPS",5098594,82200,"IGOT0095_20120216173500","adult","female","incubation","breeding","2012-03-03","11:52:00",-56.42324,-57.39909,NA,NA
1387,"Diomedea exulans","Wandering Albatross","South Georgia (Islas Georgias del Sur)","Bird Island (SGSSI (IGSISS))",-54,-38.03,"GPS",5098594,82200,"IGOT0095_20120216173500","adult","female","incubation","breeding","2012-03-03","13:40:00",-56.51528,-56.25939,NA,NA
1387,"Diomedea exulans","Wandering Albatross","South Georgia (Islas Georgias del Sur)","Bird Island (SGSSI (IGSISS))",-54,-38.03,"GPS",5098594,82200,"IGOT0095_20120216173500","adult","female","incubation","breeding","2012-03-04","02:40:00",-55.9798,-53.05812,NA,NA
1387,"Diomedea exulans","Wandering Albatross","South Georgia (Islas Georgias del Sur)","Bird Island (SGSSI (IGSISS))",-54,-38.03,"GPS",5098594,82200,"IGOT0095_20120216173500","adult","female","incubation","breeding","2012-02-29","14:02:00",-59.60039,-66.56668,NA,NA
1387,"Diomedea exulans","Wandering Albatross","South Georgia (Islas Georgias del Sur)","Bird Island (SGSSI (IGSISS))",-54,-38.03,"GPS",5098594,82200,"IGOT0095_20120216173500","adult","female","incubation","breeding","2012-02-18","14:35:00",-54.08008,-48.75023,NA,NA
1387,"Diomedea exulans","Wandering Albatross","South Georgia (Islas Georgias del Sur)","Bird Island (SGSSI (IGSISS))",-54,-38.03,"GPS",5098594,82200,"IGOT0095_20120216173500","adult","female","incubation","breeding","2012-03-05","02:55:00",-55.41636,-54.78246,NA,NA
1387,"Diomedea exulans","Wandering Albatross","South Georgia (Islas Georgias del Sur)","Bird Island (SGSSI (IGSISS))",-54,-38.03,"GPS",5098594,82200,"IGOT0095_20120216173500","adult","female","incubation","breeding","2012-03-05","05:34:00",-55.41692,-54.77658,NA,NA
1387,"Diomedea exulans","Wandering Albatross","South Georgia (Islas Georgias del Sur)","Bird Island (SGSSI (IGSISS))",-54,-38.03,"GPS",5098594,82200,"IGOT0095_20120216173500","adult","female","incubation","breeding","2012-02-23","03:16:00",-59.08748,-61.02323,NA,NA
1387,"Diomedea exulans","Wandering Albatross","South Georgia (Islas Georgias del Sur)","Bird Island (SGSSI (IGSISS))",-54,-38.03,"GPS",5098594,82200,"IGOT0095_20120216173500","adult","female","incubation","breeding","2012-03-01","04:59:00",-57.29292,-66.74514,NA,NA
1387,"Diomedea exulans","Wandering Albatross","South Georgia (Islas Georgias del Sur)","Bird Island (SGSSI (IGSISS))",-54,-38.03,"GPS",5098594,82200,"IGOT0095_20120216173500","adult","female","incubation","breeding","2012-02-17","20:44:00",-53.58825,-46.06839,NA,NA
1387,"Diomedea exulans","Wandering Albatross","South Georgia (Islas Georgias del Sur)","Bird Island (SGSSI (IGSISS))",-54,-38.03,"GPS",5098594,82200,"IGOT0095_20120216173500","adult","female","incubation","breeding","2012-03-06","23:41:00",-55.33919,-41.91985,NA,NA
1387,"Diomedea exulans","Wandering Albatross","South Georgia (Islas Georgias del Sur)","Bird Island (SGSSI (IGSISS))",-54,-38.03,"GPS",5098594,82200,"IGOT0095_20120216173500","adult","female","incubation","breeding","2012-02-27","20:08:00",-58.53567,-63.24367,NA,NA
1387,"Diomedea exulans","Wandering Albatross","South Georgia (Islas Georgias del Sur)","Bird Island (SGSSI (IGSISS))",-54,-38.03,"GPS",5098594,82200,"IGOT0095_20120216173500","adult","female","incubation","breeding","2012-03-04","03:34:00",-55.9909,-53.06009,NA,NA
1387,"Diomedea exulans","Wandering Albatross","South Georgia (Islas Georgias del Sur)","Bird Island (SGSSI (IGSISS))",-54,-38.03,"GPS",5098594,82200,"IGOT0095_20120216173500","adult","female","incubation","breeding","2012-03-04","04:21:00",-56.0013,-53.06171,NA,NA
1387,"Diomedea exulans","Wandering Albatross","South Georgia (Islas Georgias del Sur)","Bird Island (SGSSI (IGSISS))",-54,-38.03,"GPS",5098594,82200,"IGOT0095_20120216173500","adult","female","incubation","breeding","2012-03-04","17:08:00",-55.57984,-53.34369,NA,NA
1387,"Diomedea exulans","Wandering Albatross","South Georgia (Islas Georgias del Sur)","Bird Island (SGSSI (IGSISS))",-54,-38.03,"GPS",5098594,82200,"IGOT0095_20120216173500","adult","female","incubation","breeding","2012-03-04","20:18:00",-55.43897,-54.15732,NA,NA
1387,"Diomedea exulans","Wandering Albatross","South Georgia (Islas Georgias del Sur)","Bird Island (SGSSI (IGSISS))",-54,-38.03,"GPS",5098594,82200,"IGOT0095_20120216173500","adult","female","incubation","breeding","2012-02-19","06:25:00",-53.5692,-50.98345,NA,NA
1387,"Diomedea exulans","Wandering Albatross","South Georgia (Islas Georgias del Sur)","Bird Island (SGSSI (IGSISS))",-54,-38.03,"GPS",5098594,82200,"IGOT0095_20120216173500","adult","female","incubation","breeding","2012-02-26","00:04:00",-61.85131,-65.25684,NA,NA
1387,"Diomedea exulans","Wandering Albatross","South Georgia (Islas Georgias del Sur)","Bird Island (SGSSI (IGSISS))",-54,-38.03,"GPS",5098594,82200,"IGOT0095_20120216173500","adult","female","incubation","breeding","2012-02-23","05:57:00",-59.06862,-61.009,NA,NA
1387,"Diomedea exulans","Wandering Albatross","South Georgia (Islas Georgias del Sur)","Bird Island (SGSSI (IGSISS))",-54,-38.03,"GPS",5098594,82200,"IGOT0095_20120216173500","adult","female","incubation","breeding","2012-02-27","09:28:00",-59.4737,-61.64103,NA,NA
1387,"Diomedea exulans","Wandering Albatross","South Georgia (Islas Georgias del Sur)","Bird Island (SGSSI (IGSISS))",-54,-38.03,"GPS",5098594,82200,"IGOT0095_20120216173500","adult","female","incubation","breeding","2012-02-27","10:17:00",-59.29956,-61.7437,NA,NA
1387,"Diomedea exulans","Wandering Albatross","South Georgia (Islas Georgias del Sur)","Bird Island (SGSSI (IGSISS))",-54,-38.03,"GPS",5098594,82200,"IGOT0095_20120216173500","adult","female","incubation","breeding","2012-02-25","01:34:00",-62.27445,-67.41529,NA,NA
1387,"Diomedea exulans","Wandering Albatross","South Georgia (Islas Georgias del Sur)","Bird Island (SGSSI (IGSISS))",-54,-38.03,"GPS",5098594,82200,"IGOT0095_20120216173500","adult","female","incubation","breeding","2012-02-25","17:11:00",-62.11795,-66.43359,NA,NA
1387,"Diomedea exulans","Wandering Albatross","South Georgia (Islas Georgias del Sur)","Bird Island (SGSSI (IGSISS))",-54,-38.03,"GPS",5098594,82200,"IGOT0095_20120216173500","adult","female","incubation","breeding","2012-02-26","13:18:00",-62.80424,-62.75941,NA,NA
1387,"Diomedea exulans","Wandering Albatross","South Georgia (Islas Georgias del Sur)","Bird Island (SGSSI (IGSISS))",-54,-38.03,"GPS",5098594,82200,"IGOT0095_20120216173500","adult","female","incubation","breeding","2012-02-22","04:49:00",-56.56186,-59.84756,NA,NA
1387,"Diomedea exulans","Wandering Albatross","South Georgia (Islas Georgias del Sur)","Bird Island (SGSSI (IGSISS))",-54,-38.03,"GPS",5098594,82200,"IGOT0095_20120216173500","adult","female","incubation","breeding","2012-02-22","07:17:00",-56.57744,-59.75845,NA,NA
1387,"Diomedea exulans","Wandering Albatross","South Georgia (Islas Georgias del Sur)","Bird Island (SGSSI (IGSISS))",-54,-38.03,"GPS",5098594,82200,"IGOT0095_20120216173500","adult","female","incubation","breeding","2012-03-01","15:30:00",-57.28582,-66.78227,NA,NA
1387,"Diomedea exulans","Wandering Albatross","South Georgia (Islas Georgias del Sur)","Bird Island (SGSSI (IGSISS))",-54,-38.03,"GPS",5098594,82200,"IGOT0095_20120216173500","adult","female","incubation","breeding","2012-03-05","10:12:00",-54.51813,-55.02551,NA,NA
1387,"Diomedea exulans","Wandering Albatross","South Georgia (Islas Georgias del Sur)","Bird Island (SGSSI (IGSISS))",-54,-38.03,"GPS",5098594,82200,"IGOT0095_20120216173500","adult","female","incubation","breeding","2012-02-22","22:39:00",-58.29901,-59.588,NA,NA
1387,"Diomedea exulans","Wandering Albatross","South Georgia (Islas Georgias del Sur)","Bird Island (SGSSI (IGSISS))",-54,-38.03,"GPS",5098594,82200,"IGOT0095_20120216173500","adult","female","incubation","breeding","2012-02-27","13:56:00",-58.49427,-62.87365,NA,NA
1387,"Diomedea exulans","Wandering Albatross","South Georgia (Islas Georgias del Sur)","Bird Island (SGSSI (IGSISS))",-54,-38.03,"GPS",5098594,82200,"IGOT0095_20120216173500","adult","female","incubation","breeding","2012-02-28","01:24:00",-59.18493,-63.0624,NA,NA
1387,"Diomedea exulans","Wandering Albatross","South Georgia (Islas Georgias del Sur)","Bird Island (SGSSI (IGSISS))",-54,-38.03,"GPS",5098594,82200,"IGOT0095_20120216173500","adult","female","incubation","breeding","2012-03-03","15:48:00",-56.46842,-54.96936,NA,NA
1387,"Diomedea exulans","Wandering Albatross","South Georgia (Islas Georgias del Sur)","Bird Island (SGSSI (IGSISS))",-54,-38.03,"GPS",5098594,82200,"IGOT0095_20120216173500","adult","female","incubation","breeding","2012-03-04","11:18:00",-55.59376,-52.20439,NA,NA
1387,"Diomedea exulans","Wandering Albatross","South Georgia (Islas Georgias del Sur)","Bird Island (SGSSI (IGSISS))",-54,-38.03,"GPS",5098594,82200,"IGOT0095_20120216173500","adult","female","incubation","breeding","2012-02-18","12:55:00",-53.84018,-48.1755,NA,NA
1387,"Diomedea exulans","Wandering Albatross","South Georgia (Islas Georgias del Sur)","Bird Island (SGSSI (IGSISS))",-54,-38.03,"GPS",5098594,82200,"IGOT0095_20120216173500","adult","female","incubation","breeding","2012-02-18","20:51:00",-53.87078,-50.38921,NA,NA
1387,"Diomedea exulans","Wandering Albatross","South Georgia (Islas Georgias del Sur)","Bird Island (SGSSI (IGSISS))",-54,-38.03,"GPS",5098594,82200,"IGOT0095_20120216173500","adult","female","incubation","breeding","2012-02-19","14:30:00",-54.32431,-51.79149,NA,NA
1387,"Diomedea exulans","Wandering Albatross","South Georgia (Islas Georgias del Sur)","Bird Island (SGSSI (IGSISS))",-54,-38.03,"GPS",5098594,82200,"IGOT0095_20120216173500","adult","female","incubation","breeding","2012-03-05","00:40:00",-55.40383,-54.7775,NA,NA
1387,"Diomedea exulans","Wandering Albatross","South Georgia (Islas Georgias del Sur)","Bird Island (SGSSI (IGSISS))",-54,-38.03,"GPS",5098594,82200,"IGOT0095_20120216173500","adult","female","incubation","breeding","2012-03-06","08:41:00",-54.05848,-52.51348,NA,NA
1387,"Diomedea exulans","Wandering Albatross","South Georgia (Islas Georgias del Sur)","Bird Island (SGSSI (IGSISS))",-54,-38.03,"GPS",5098594,82200,"IGOT0095_20120216173500","adult","female","incubation","breeding","2012-02-26","01:23:00",-61.84864,-65.23257,NA,NA
1387,"Diomedea exulans","Wandering Albatross","South Georgia (Islas Georgias del Sur)","Bird Island (SGSSI (IGSISS))",-54,-38.03,"GPS",5098594,82200,"IGOT0095_20120216173500","adult","female","incubation","breeding","2012-02-23","01:49:00",-59.09334,-61.03213,NA,NA
1387,"Diomedea exulans","Wandering Albatross","South Georgia (Islas Georgias del Sur)","Bird Island (SGSSI (IGSISS))",-54,-38.03,"GPS",5098594,82200,"IGOT0095_20120216173500","adult","female","incubation","breeding","2012-02-26","22:03:00",-60.26811,-61.09044,NA,NA
1387,"Diomedea exulans","Wandering Albatross","South Georgia (Islas Georgias del Sur)","Bird Island (SGSSI (IGSISS))",-54,-38.03,"GPS",5098594,82200,"IGOT0095_20120216173500","adult","female","incubation","breeding","2012-02-28","07:32:00",-59.42065,-63.4161,NA,NA
1387,"Diomedea exulans","Wandering Albatross","South Georgia (Islas Georgias del Sur)","Bird Island (SGSSI (IGSISS))",-54,-38.03,"GPS",5098594,82200,"IGOT0095_20120216173500","adult","female","incubation","breeding","2012-02-28","23:41:00",-65.2701,-66.6757,NA,NA
1387,"Diomedea exulans","Wandering Albatross","South Georgia (Islas Georgias del Sur)","Bird Island (SGSSI (IGSISS))",-54,-38.03,"GPS",5098594,82200,"IGOT0095_20120216173500","adult","female","incubation","breeding","2012-02-25","12:41:00",-61.93297,-66.72713,NA,NA
1387,"Diomedea exulans","Wandering Albatross","South Georgia (Islas Georgias del Sur)","Bird Island (SGSSI (IGSISS))",-54,-38.03,"GPS",5098594,82200,"IGOT0095_20120216173500","adult","female","incubation","breeding","2012-02-22","09:21:00",-56.82065,-59.33844,NA,NA
1387,"Diomedea exulans","Wandering Albatross","South Georgia (Islas Georgias del Sur)","Bird Island (SGSSI (IGSISS))",-54,-38.03,"GPS",5098594,82200,"IGOT0095_20120216173500","adult","female","incubation","breeding","2012-03-01","04:34:00",-57.29228,-66.7524,NA,NA
1387,"Diomedea exulans","Wandering Albatross","South Georgia (Islas Georgias del Sur)","Bird Island (SGSSI (IGSISS))",-54,-38.03,"GPS",5098594,82200,"IGOT0095_20120216173500","adult","female","incubation","breeding","2012-03-01","20:39:00",-57.33971,-66.80376,NA,NA
1387,"Diomedea exulans","Wandering Albatross","South Georgia (Islas Georgias del Sur)","Bird Island (SGSSI (IGSISS))",-54,-38.03,"GPS",5098594,82200,"IGOT0095_20120216173500","adult","female","incubation","breeding","2012-03-01","23:02:00",-57.37152,-66.78892,NA,NA
1387,"Diomedea exulans","Wandering Albatross","South Georgia (Islas Georgias del Sur)","Bird Island (SGSSI (IGSISS))",-54,-38.03,"GPS",5098594,82200,"IGOT0095_20120216173500","adult","female","incubation","breeding","2012-03-01","13:03:00",-57.14923,-66.98038,NA,NA
1387,"Diomedea exulans","Wandering Albatross","South Georgia (Islas Georgias del Sur)","Bird Island (SGSSI (IGSISS))",-54,-38.03,"GPS",5098594,82200,"IGOT0095_20120216173500","adult","female","incubation","breeding","2012-02-18","03:55:00",-52.91303,-46.85992,NA,NA
1387,"Diomedea exulans","Wandering Albatross","South Georgia (Islas Georgias del Sur)","Bird Island (SGSSI (IGSISS))",-54,-38.03,"GPS",5098594,82200,"IGOT0095_20120216173500","adult","female","incubation","breeding","2012-03-07","03:39:00",-53.75517,-40.48765,NA,NA
1387,"Diomedea exulans","Wandering Albatross","South Georgia (Islas Georgias del Sur)","Bird Island (SGSSI (IGSISS))",-54,-38.03,"GPS",5098594,82200,"IGOT0095_20120216173500","adult","female","incubation","breeding","2012-03-04","05:32:00",-56.01692,-53.0669,NA,NA
1387,"Diomedea exulans","Wandering Albatross","South Georgia (Islas Georgias del Sur)","Bird Island (SGSSI (IGSISS))",-54,-38.03,"GPS",5098594,82200,"IGOT0095_20120216173500","adult","female","incubation","breeding","2012-03-04","17:33:00",-55.55597,-53.67081,NA,NA
1387,"Diomedea exulans","Wandering Albatross","South Georgia (Islas Georgias del Sur)","Bird Island (SGSSI (IGSISS))",-54,-38.03,"GPS",5098594,82200,"IGOT0095_20120216173500","adult","female","incubation","breeding","2012-02-18","13:22:00",-53.92999,-48.33948,NA,NA
1387,"Diomedea exulans","Wandering Albatross","South Georgia (Islas Georgias del Sur)","Bird Island (SGSSI (IGSISS))",-54,-38.03,"GPS",5098594,82200,"IGOT0095_20120216173500","adult","female","incubation","breeding","2012-02-18","22:27:00",-53.58287,-51.00963,NA,NA
1387,"Diomedea exulans","Wandering Albatross","South Georgia (Islas Georgias del Sur)","Bird Island (SGSSI (IGSISS))",-54,-38.03,"GPS",5098594,82200,"IGOT0095_20120216173500","adult","female","incubation","breeding","2012-02-19","01:41:00",-53.55706,-51.02193,NA,NA
1387,"Diomedea exulans","Wandering Albatross","South Georgia (Islas Georgias del Sur)","Bird Island (SGSSI (IGSISS))",-54,-38.03,"GPS",5098594,82200,"IGOT0095_20120216173500","adult","female","incubation","breeding","2012-02-23","12:00:00",-60.43039,-65.08343,NA,NA
1387,"Diomedea exulans","Wandering Albatross","South Georgia (Islas Georgias del Sur)","Bird Island (SGSSI (IGSISS))",-54,-38.03,"GPS",5098594,82200,"IGOT0095_20120216173500","adult","female","incubation","breeding","2012-02-24","08:08:00",-61.66795,-66.71553,NA,NA
1387,"Diomedea exulans","Wandering Albatross","South Georgia (Islas Georgias del Sur)","Bird Island (SGSSI (IGSISS))",-54,-38.03,"GPS",5098594,82200,"IGOT0095_20120216173500","adult","female","incubation","breeding","2012-02-24","12:01:00",-61.86062,-66.64027,NA,NA
1387,"Diomedea exulans","Wandering Albatross","South Georgia (Islas Georgias del Sur)","Bird Island (SGSSI (IGSISS))",-54,-38.03,"GPS",5098594,82200,"IGOT0095_20120216173500","adult","female","incubation","breeding","2012-02-24","12:51:00",-61.87489,-66.66554,NA,NA
1387,"Diomedea exulans","Wandering Albatross","South Georgia (Islas Georgias del Sur)","Bird Island (SGSSI (IGSISS))",-54,-38.03,"GPS",5098594,82200,"IGOT0095_20120216173500","adult","female","incubation","breeding","2012-02-27","06:56:00",-59.45548,-61.16536,NA,NA
1387,"Diomedea exulans","Wandering Albatross","South Georgia (Islas Georgias del Sur)","Bird Island (SGSSI (IGSISS))",-54,-38.03,"GPS",5098594,82200,"IGOT0095_20120216173500","adult","female","incubation","breeding","2012-02-25","08:04:00",-62.36457,-67.61327,NA,NA
1387,"Diomedea exulans","Wandering Albatross","South Georgia (Islas Georgias del Sur)","Bird Island (SGSSI (IGSISS))",-54,-38.03,"GPS",5098594,82200,"IGOT0095_20120216173500","adult","female","incubation","breeding","2012-02-22","00:13:00",-56.59312,-59.83137,NA,NA
1387,"Diomedea exulans","Wandering Albatross","South Georgia (Islas Georgias del Sur)","Bird Island (SGSSI (IGSISS))",-54,-38.03,"GPS",5098594,82200,"IGOT0095_20120216173500","adult","female","incubation","breeding","2012-03-01","21:35:00",-57.34707,-66.7374,NA,NA
1387,"Diomedea exulans","Wandering Albatross","South Georgia (Islas Georgias del Sur)","Bird Island (SGSSI (IGSISS))",-54,-38.03,"GPS",5098594,82200,"IGOT0095_20120216173500","adult","female","incubation","breeding","2012-02-21","11:06:00",-54.63767,-61.85316,NA,NA
1387,"Diomedea exulans","Wandering Albatross","South Georgia (Islas Georgias del Sur)","Bird Island (SGSSI (IGSISS))",-54,-38.03,"GPS",5098594,82200,"IGOT0095_20120216173500","adult","female","incubation","breeding","2012-02-18","04:44:00",-52.91751,-46.84907,NA,NA
1387,"Diomedea exulans","Wandering Albatross","South Georgia (Islas Georgias del Sur)","Bird Island (SGSSI (IGSISS))",-54,-38.03,"GPS",5098594,82200,"IGOT0095_20120216173500","adult","female","incubation","breeding","2012-02-20","17:52:00",-54.91419,-57.92355,NA,NA
1387,"Diomedea exulans","Wandering Albatross","South Georgia (Islas Georgias del Sur)","Bird Island (SGSSI (IGSISS))",-54,-38.03,"GPS",5098594,82200,"IGOT0095_20120216173500","adult","female","incubation","breeding","2012-02-22","15:18:00",-56.85846,-59.10982,NA,NA
1387,"Diomedea exulans","Wandering Albatross","South Georgia (Islas Georgias del Sur)","Bird Island (SGSSI (IGSISS))",-54,-38.03,"GPS",5098594,82200,"IGOT0095_20120216173500","adult","female","incubation","breeding","2012-02-27","13:31:00",-58.56281,-62.6723,NA,NA
1387,"Diomedea exulans","Wandering Albatross","South Georgia (Islas Georgias del Sur)","Bird Island (SGSSI (IGSISS))",-54,-38.03,"GPS",5098594,82200,"IGOT0095_20120216173500","adult","female","incubation","breeding","2012-02-20","07:49:00",-54.08641,-53.58275,NA,NA
1387,"Diomedea exulans","Wandering Albatross","South Georgia (Islas Georgias del Sur)","Bird Island (SGSSI (IGSISS))",-54,-38.03,"GPS",5098594,82200,"IGOT0095_20120216173500","adult","female","incubation","breeding","2012-02-28","02:12:00",-59.17921,-63.06099,NA,NA
1387,"Diomedea exulans","Wandering Albatross","South Georgia (Islas Georgias del Sur)","Bird Island (SGSSI (IGSISS))",-54,-38.03,"GPS",5098594,82200,"IGOT0095_20120216173500","adult","female","incubation","breeding","2012-03-03","19:53:00",-56.01979,-53.30699,NA,NA
1387,"Diomedea exulans","Wandering Albatross","South Georgia (Islas Georgias del Sur)","Bird Island (SGSSI (IGSISS))",-54,-38.03,"GPS",5098594,82200,"IGOT0095_20120216173500","adult","female","incubation","breeding","2012-03-04","21:20:00",-55.40916,-54.16788,NA,NA
1387,"Diomedea exulans","Wandering Albatross","South Georgia (Islas Georgias del Sur)","Bird Island (SGSSI (IGSISS))",-54,-38.03,"GPS",5098594,82200,"IGOT0095_20120216173500","adult","female","incubation","breeding","2012-03-05","17:38:00",-53.98648,-52.65554,NA,NA
1387,"Diomedea exulans","Wandering Albatross","South Georgia (Islas Georgias del Sur)","Bird Island (SGSSI (IGSISS))",-54,-38.03,"GPS",5098594,82200,"IGOT0095_20120216173500","adult","female","incubation","breeding","2012-03-05","20:25:00",-53.98506,-52.68359,NA,NA
1387,"Diomedea exulans","Wandering Albatross","South Georgia (Islas Georgias del Sur)","Bird Island (SGSSI (IGSISS))",-54,-38.03,"GPS",5098594,82200,"IGOT0095_20120216173500","adult","female","incubation","breeding","2012-02-26","16:42:00",-62.09741,-62.22504,NA,NA
1387,"Diomedea exulans","Wandering Albatross","South Georgia (Islas Georgias del Sur)","Bird Island (SGSSI (IGSISS))",-54,-38.03,"GPS",5098594,82200,"IGOT0095_20120216173500","adult","female","incubation","breeding","2012-02-29","01:45:00",-64.80354,-67.2838,NA,NA
1387,"Diomedea exulans","Wandering Albatross","South Georgia (Islas Georgias del Sur)","Bird Island (SGSSI (IGSISS))",-54,-38.03,"GPS",5098594,82200,"IGOT0095_20120216173500","adult","female","incubation","breeding","2012-02-25","13:07:00",-61.92485,-66.7659,NA,NA
1387,"Diomedea exulans","Wandering Albatross","South Georgia (Islas Georgias del Sur)","Bird Island (SGSSI (IGSISS))",-54,-38.03,"GPS",5098594,82200,"IGOT0095_20120216173500","adult","female","incubation","breeding","2012-02-26","11:31:00",-62.86691,-63.11877,NA,NA
1387,"Diomedea exulans","Wandering Albatross","South Georgia (Islas Georgias del Sur)","Bird Island (SGSSI (IGSISS))",-54,-38.03,"GPS",5098594,82200,"IGOT0095_20120216173500","adult","female","incubation","breeding","2012-03-02","08:29:00",-57.25477,-66.92904,NA,NA
1387,"Diomedea exulans","Wandering Albatross","South Georgia (Islas Georgias del Sur)","Bird Island (SGSSI (IGSISS))",-54,-38.03,"GPS",5098594,82200,"IGOT0095_20120216173500","adult","female","incubation","breeding","2012-03-01","09:08:00",-57.23896,-66.92076,NA,NA
1387,"Diomedea exulans","Wandering Albatross","South Georgia (Islas Georgias del Sur)","Bird Island (SGSSI (IGSISS))",-54,-38.03,"GPS",5098594,82200,"IGOT0095_20120216173500","adult","female","incubation","breeding","2012-02-21","15:30:00",-54.71977,-62.12217,NA,NA
1387,"Diomedea exulans","Wandering Albatross","South Georgia (Islas Georgias del Sur)","Bird Island (SGSSI (IGSISS))",-54,-38.03,"GPS",5098594,82200,"IGOT0095_20120216173500","adult","female","incubation","breeding","2012-03-06","18:55:00",-54.93331,-45.76545,NA,NA
1387,"Diomedea exulans","Wandering Albatross","South Georgia (Islas Georgias del Sur)","Bird Island (SGSSI (IGSISS))",-54,-38.03,"GPS",5098594,82200,"IGOT0095_20120216173500","adult","female","incubation","breeding","2012-02-17","16:18:00",-53.68233,-44.40887,NA,NA
1387,"Diomedea exulans","Wandering Albatross","South Georgia (Islas Georgias del Sur)","Bird Island (SGSSI (IGSISS))",-54,-38.03,"GPS",5098594,82200,"IGOT0095_20120216173500","adult","female","incubation","breeding","2012-03-07","02:50:00",-54.13237,-40.92386,NA,NA
1387,"Diomedea exulans","Wandering Albatross","South Georgia (Islas Georgias del Sur)","Bird Island (SGSSI (IGSISS))",-54,-38.03,"GPS",5098594,82200,"IGOT0095_20120216173500","adult","female","incubation","breeding","2012-03-06","01:14:00",-53.97201,-52.61205,NA,NA
1387,"Diomedea exulans","Wandering Albatross","South Georgia (Islas Georgias del Sur)","Bird Island (SGSSI (IGSISS))",-54,-38.03,"GPS",5098594,82200,"IGOT0095_20120216173500","adult","female","incubation","breeding","2012-03-04","00:57:00",-55.95798,-53.05626,NA,NA
1387,"Diomedea exulans","Wandering Albatross","South Georgia (Islas Georgias del Sur)","Bird Island (SGSSI (IGSISS))",-54,-38.03,"GPS",5098594,82200,"IGOT0095_20120216173500","adult","female","incubation","breeding","2012-03-05","06:46:00",-55.4077,-54.77148,NA,NA
1387,"Diomedea exulans","Wandering Albatross","South Georgia (Islas Georgias del Sur)","Bird Island (SGSSI (IGSISS))",-54,-38.03,"GPS",5098594,82200,"IGOT0095_20120216173500","adult","female","incubation","breeding","2012-02-23","23:34:00",-61.66548,-67.08427,NA,NA
1387,"Diomedea exulans","Wandering Albatross","South Georgia (Islas Georgias del Sur)","Bird Island (SGSSI (IGSISS))",-54,-38.03,"GPS",5098594,82200,"IGOT0095_20120216173500","adult","female","incubation","breeding","2012-02-28","15:28:00",-61.87253,-64.44395,NA,NA
1387,"Diomedea exulans","Wandering Albatross","South Georgia (Islas Georgias del Sur)","Bird Island (SGSSI (IGSISS))",-54,-38.03,"GPS",5098594,82200,"IGOT0095_20120216173500","adult","female","incubation","breeding","2012-02-26","17:27:00",-61.90561,-62.02085,NA,NA
1387,"Diomedea exulans","Wandering Albatross","South Georgia (Islas Georgias del Sur)","Bird Island (SGSSI (IGSISS))",-54,-38.03,"GPS",5098594,82200,"IGOT0095_20120216173500","adult","female","incubation","breeding","2012-03-03","07:19:00",-56.60673,-59.50919,NA,NA
1387,"Diomedea exulans","Wandering Albatross","South Georgia (Islas Georgias del Sur)","Bird Island (SGSSI (IGSISS))",-54,-38.03,"GPS",5098594,82200,"IGOT0095_20120216173500","adult","female","incubation","breeding","2012-02-21","09:20:00",-54.96475,-61.46447,NA,NA
1387,"Diomedea exulans","Wandering Albatross","South Georgia (Islas Georgias del Sur)","Bird Island (SGSSI (IGSISS))",-54,-38.03,"GPS",5098594,82200,"IGOT0095_20120216173500","adult","female","incubation","breeding","2012-03-01","06:40:00",-57.29257,-66.72217,NA,NA
1387,"Diomedea exulans","Wandering Albatross","South Georgia (Islas Georgias del Sur)","Bird Island (SGSSI (IGSISS))",-54,-38.03,"GPS",5098594,82200,"IGOT0095_20120216173500","adult","female","incubation","breeding","2012-02-29","23:05:00",-57.26845,-66.8002,NA,NA
1387,"Diomedea exulans","Wandering Albatross","South Georgia (Islas Georgias del Sur)","Bird Island (SGSSI (IGSISS))",-54,-38.03,"GPS",5098594,82200,"IGOT0095_20120216173500","adult","female","incubation","breeding","2012-03-01","11:57:00",-57.27007,-66.97984,NA,NA
1387,"Diomedea exulans","Wandering Albatross","South Georgia (Islas Georgias del Sur)","Bird Island (SGSSI (IGSISS))",-54,-38.03,"GPS",5098594,82200,"IGOT0095_20120216173500","adult","female","incubation","breeding","2012-03-02","14:05:00",-56.61791,-65.94922,NA,NA
1387,"Diomedea exulans","Wandering Albatross","South Georgia (Islas Georgias del Sur)","Bird Island (SGSSI (IGSISS))",-54,-38.03,"GPS",5098594,82200,"IGOT0095_20120216173500","adult","female","incubation","breeding","2012-02-18","06:57:00",-52.9211,-46.80866,NA,NA
1387,"Diomedea exulans","Wandering Albatross","South Georgia (Islas Georgias del Sur)","Bird Island (SGSSI (IGSISS))",-54,-38.03,"GPS",5098594,82200,"IGOT0095_20120216173500","adult","female","incubation","breeding","2012-03-05","23:59:00",-53.9768,-52.6224,NA,NA
1387,"Diomedea exulans","Wandering Albatross","South Georgia (Islas Georgias del Sur)","Bird Island (SGSSI (IGSISS))",-54,-38.03,"GPS",5098594,82200,"IGOT0095_20120216173500","adult","female","incubation","breeding","2012-02-27","18:44:00",-58.5087,-63.24725,NA,NA
1387,"Diomedea exulans","Wandering Albatross","South Georgia (Islas Georgias del Sur)","Bird Island (SGSSI (IGSISS))",-54,-38.03,"GPS",5098594,82200,"IGOT0095_20120216173500","adult","female","incubation","breeding","2012-03-03","20:28:00",-56.01648,-53.30359,NA,NA
1387,"Diomedea exulans","Wandering Albatross","South Georgia (Islas Georgias del Sur)","Bird Island (SGSSI (IGSISS))",-54,-38.03,"GPS",5098594,82200,"IGOT0095_20120216173500","adult","female","incubation","breeding","2012-03-04","16:13:00",-55.62708,-52.78046,NA,NA
1387,"Diomedea exulans","Wandering Albatross","South Georgia (Islas Georgias del Sur)","Bird Island (SGSSI (IGSISS))",-54,-38.03,"GPS",5098594,82200,"IGOT0095_20120216173500","adult","female","incubation","breeding","2012-02-18","18:10:00",-53.98924,-50.20786,NA,NA
1387,"Diomedea exulans","Wandering Albatross","South Georgia (Islas Georgias del Sur)","Bird Island (SGSSI (IGSISS))",-54,-38.03,"GPS",5098594,82200,"IGOT0095_20120216173500","adult","female","incubation","breeding","2012-02-19","07:54:00",-53.89217,-51.01633,NA,NA
1387,"Diomedea exulans","Wandering Albatross","South Georgia (Islas Georgias del Sur)","Bird Island (SGSSI (IGSISS))",-54,-38.03,"GPS",5098594,82200,"IGOT0095_20120216173500","adult","female","incubation","breeding","2012-03-04","23:07:00",-55.3962,-54.76998,NA,NA
1387,"Diomedea exulans","Wandering Albatross","South Georgia (Islas Georgias del Sur)","Bird Island (SGSSI (IGSISS))",-54,-38.03,"GPS",5098594,82200,"IGOT0095_20120216173500","adult","female","incubation","breeding","2012-03-05","14:18:00",-53.88737,-53.47713,NA,NA
1387,"Diomedea exulans","Wandering Albatross","South Georgia (Islas Georgias del Sur)","Bird Island (SGSSI (IGSISS))",-54,-38.03,"GPS",5098594,82200,"IGOT0095_20120216173500","adult","female","incubation","breeding","2012-03-05","21:33:00",-53.98663,-52.66394,NA,NA
1387,"Diomedea exulans","Wandering Albatross","South Georgia (Islas Georgias del Sur)","Bird Island (SGSSI (IGSISS))",-54,-38.03,"GPS",5098594,82200,"IGOT0095_20120216173500","adult","female","incubation","breeding","2012-03-06","13:01:00",-54.15484,-50.52511,NA,NA
1387,"Diomedea exulans","Wandering Albatross","South Georgia (Islas Georgias del Sur)","Bird Island (SGSSI (IGSISS))",-54,-38.03,"GPS",5098594,82200,"IGOT0095_20120216173500","adult","female","incubation","breeding","2012-02-24","04:21:00",-61.60467,-66.85516,NA,NA
1387,"Diomedea exulans","Wandering Albatross","South Georgia (Islas Georgias del Sur)","Bird Island (SGSSI (IGSISS))",-54,-38.03,"GPS",5098594,82200,"IGOT0095_20120216173500","adult","female","incubation","breeding","2012-02-24","07:31:00",-61.63271,-66.62972,NA,NA
1387,"Diomedea exulans","Wandering Albatross","South Georgia (Islas Georgias del Sur)","Bird Island (SGSSI (IGSISS))",-54,-38.03,"GPS",5098594,82200,"IGOT0095_20120216173500","adult","female","incubation","breeding","2012-02-29","03:00:00",-64.34895,-67.3389,NA,NA
1387,"Diomedea exulans","Wandering Albatross","South Georgia (Islas Georgias del Sur)","Bird Island (SGSSI (IGSISS))",-54,-38.03,"GPS",5098594,82200,"IGOT0095_20120216173500","adult","female","incubation","breeding","2012-02-24","19:38:00",-62.05688,-67.17531,NA,NA
1387,"Diomedea exulans","Wandering Albatross","South Georgia (Islas Georgias del Sur)","Bird Island (SGSSI (IGSISS))",-54,-38.03,"GPS",5098594,82200,"IGOT0095_20120216173500","adult","female","incubation","breeding","2012-02-25","15:44:00",-62.05948,-66.55505,NA,NA
1387,"Diomedea exulans","Wandering Albatross","South Georgia (Islas Georgias del Sur)","Bird Island (SGSSI (IGSISS))",-54,-38.03,"GPS",5098594,82200,"IGOT0095_20120216173500","adult","female","incubation","breeding","2012-02-25","19:22:00",-62.24127,-66.26926,NA,NA
1387,"Diomedea exulans","Wandering Albatross","South Georgia (Islas Georgias del Sur)","Bird Island (SGSSI (IGSISS))",-54,-38.03,"GPS",5098594,82200,"IGOT0095_20120216173500","adult","female","incubation","breeding","2012-02-22","08:08:00",-56.79191,-59.36854,NA,NA
1387,"Diomedea exulans","Wandering Albatross","South Georgia (Islas Georgias del Sur)","Bird Island (SGSSI (IGSISS))",-54,-38.03,"GPS",5098594,82200,"IGOT0095_20120216173500","adult","female","incubation","breeding","2012-03-02","23:36:00",-56.41585,-60.33905,NA,NA
1387,"Diomedea exulans","Wandering Albatross","South Georgia (Islas Georgias del Sur)","Bird Island (SGSSI (IGSISS))",-54,-38.03,"GPS",5098594,82200,"IGOT0095_20120216173500","adult","female","incubation","breeding","2012-03-01","07:05:00",-57.29227,-66.71948,NA,NA
1387,"Diomedea exulans","Wandering Albatross","South Georgia (Islas Georgias del Sur)","Bird Island (SGSSI (IGSISS))",-54,-38.03,"GPS",5098594,82200,"IGOT0095_20120216173500","adult","female","incubation","breeding","2012-03-01","14:40:00",-57.27856,-66.7827,NA,NA
1387,"Diomedea exulans","Wandering Albatross","South Georgia (Islas Georgias del Sur)","Bird Island (SGSSI (IGSISS))",-54,-38.03,"GPS",5098594,82200,"IGOT0095_20120216173500","adult","female","incubation","breeding","2012-02-29","20:04:00",-57.28583,-66.45031,NA,NA
1387,"Diomedea exulans","Wandering Albatross","South Georgia (Islas Georgias del Sur)","Bird Island (SGSSI (IGSISS))",-54,-38.03,"GPS",5098594,82200,"IGOT0095_20120216173500","adult","female","incubation","breeding","2012-02-20","15:44:00",-55.06371,-56.74941,NA,NA
1387,"Diomedea exulans","Wandering Albatross","South Georgia (Islas Georgias del Sur)","Bird Island (SGSSI (IGSISS))",-54,-38.03,"GPS",5098594,82200,"IGOT0095_20120216173500","adult","female","incubation","breeding","2012-02-27","11:55:00",-58.8663,-61.79287,NA,NA
1387,"Diomedea exulans","Wandering Albatross","South Georgia (Islas Georgias del Sur)","Bird Island (SGSSI (IGSISS))",-54,-38.03,"GPS",5098594,82200,"IGOT0095_20120216173500","adult","female","incubation","breeding","2012-02-20","04:54:00",-54.01133,-53.35946,NA,NA
1387,"Diomedea exulans","Wandering Albatross","South Georgia (Islas Georgias del Sur)","Bird Island (SGSSI (IGSISS))",-54,-38.03,"GPS",5098594,82200,"IGOT0095_20120216173500","adult","female","incubation","breeding","2012-03-03","12:16:00",-56.41443,-57.16568,NA,NA
1387,"Diomedea exulans","Wandering Albatross","South Georgia (Islas Georgias del Sur)","Bird Island (SGSSI (IGSISS))",-54,-38.03,"GPS",5098594,82200,"IGOT0095_20120216173500","adult","female","incubation","breeding","2012-03-04","15:24:00",-55.64977,-52.42155,NA,NA
1387,"Diomedea exulans","Wandering Albatross","South Georgia (Islas Georgias del Sur)","Bird Island (SGSSI (IGSISS))",-54,-38.03,"GPS",5098594,82200,"IGOT0095_20120216173500","adult","female","incubation","breeding","2012-02-29","13:37:00",-59.80751,-66.65765,NA,NA
1387,"Diomedea exulans","Wandering Albatross","South Georgia (Islas Georgias del Sur)","Bird Island (SGSSI (IGSISS))",-54,-38.03,"GPS",5098594,82200,"IGOT0095_20120216173500","adult","female","incubation","breeding","2012-02-28","14:39:00",-61.43661,-64.1353,NA,NA
1387,"Diomedea exulans","Wandering Albatross","South Georgia (Islas Georgias del Sur)","Bird Island (SGSSI (IGSISS))",-54,-38.03,"GPS",5098594,82200,"IGOT0095_20120216173500","adult","female","incubation","breeding","2012-02-26","16:05:00",-62.29458,-62.35149,NA,NA
1387,"Diomedea exulans","Wandering Albatross","South Georgia (Islas Georgias del Sur)","Bird Island (SGSSI (IGSISS))",-54,-38.03,"GPS",5098594,82200,"IGOT0095_20120216173500","adult","female","incubation","breeding","2012-02-25","04:41:00",-62.23347,-67.35974,NA,NA
1387,"Diomedea exulans","Wandering Albatross","South Georgia (Islas Georgias del Sur)","Bird Island (SGSSI (IGSISS))",-54,-38.03,"GPS",5098594,82200,"IGOT0095_20120216173500","adult","female","incubation","breeding","2012-02-21","00:09:00",-54.97476,-60.71239,NA,NA
1387,"Diomedea exulans","Wandering Albatross","South Georgia (Islas Georgias del Sur)","Bird Island (SGSSI (IGSISS))",-54,-38.03,"GPS",5098594,82200,"IGOT0095_20120216173500","adult","female","incubation","breeding","2012-02-22","09:44:00",-56.81953,-59.33499,NA,NA
1387,"Diomedea exulans","Wandering Albatross","South Georgia (Islas Georgias del Sur)","Bird Island (SGSSI (IGSISS))",-54,-38.03,"GPS",5098594,82200,"IGOT0095_20120216173500","adult","female","incubation","breeding","2012-02-21","21:35:00",-56.21046,-60.80681,NA,NA
1387,"Diomedea exulans","Wandering Albatross","South Georgia (Islas Georgias del Sur)","Bird Island (SGSSI (IGSISS))",-54,-38.03,"GPS",5098594,82200,"IGOT0095_20120216173500","adult","female","incubation","breeding","2012-03-02","03:02:00",-57.37566,-66.89707,NA,NA
1387,"Diomedea exulans","Wandering Albatross","South Georgia (Islas Georgias del Sur)","Bird Island (SGSSI (IGSISS))",-54,-38.03,"GPS",5098594,82200,"IGOT0095_20120216173500","adult","female","incubation","breeding","2012-03-02","10:48:00",-57.31266,-66.98254,NA,NA
1387,"Diomedea exulans","Wandering Albatross","South Georgia (Islas Georgias del Sur)","Bird Island (SGSSI (IGSISS))",-54,-38.03,"GPS",5098594,82200,"IGOT0095_20120216173500","adult","female","incubation","breeding","2012-02-21","07:42:00",-54.90678,-61.31013,NA,NA
1387,"Diomedea exulans","Wandering Albatross","South Georgia (Islas Georgias del Sur)","Bird Island (SGSSI (IGSISS))",-54,-38.03,"GPS",5098594,82200,"IGOT0095_20120216173500","adult","female","incubation","breeding","2012-02-18","02:24:00",-52.90511,-46.87397,NA,NA
1387,"Diomedea exulans","Wandering Albatross","South Georgia (Islas Georgias del Sur)","Bird Island (SGSSI (IGSISS))",-54,-38.03,"GPS",5098594,82200,"IGOT0095_20120216173500","adult","female","incubation","breeding","2012-02-17","14:51:00",-53.33947,-43.89757,NA,NA
1387,"Diomedea exulans","Wandering Albatross","South Georgia (Islas Georgias del Sur)","Bird Island (SGSSI (IGSISS))",-54,-38.03,"GPS",5098594,82200,"IGOT0095_20120216173500","adult","female","incubation","breeding","2012-02-16","22:26:00",-53.09532,-38.61001,NA,NA
1387,"Diomedea exulans","Wandering Albatross","South Georgia (Islas Georgias del Sur)","Bird Island (SGSSI (IGSISS))",-54,-38.03,"GPS",5098594,82200,"IGOT0095_20120216173500","adult","female","incubation","breeding","2012-02-17","01:44:00",-52.73244,-38.93229,NA,NA
1387,"Diomedea exulans","Wandering Albatross","South Georgia (Islas Georgias del Sur)","Bird Island (SGSSI (IGSISS))",-54,-38.03,"GPS",5098594,82200,"IGOT0095_20120216173500","adult","female","incubation","breeding","2012-03-07","01:43:00",-54.48119,-41.16542,NA,NA
1387,"Diomedea exulans","Wandering Albatross","South Georgia (Islas Georgias del Sur)","Bird Island (SGSSI (IGSISS))",-54,-38.03,"GPS",5098594,82200,"IGOT0095_20120216173500","adult","female","incubation","breeding","2012-02-22","17:25:00",-56.83362,-59.10206,NA,NA
1387,"Diomedea exulans","Wandering Albatross","South Georgia (Islas Georgias del Sur)","Bird Island (SGSSI (IGSISS))",-54,-38.03,"GPS",5098594,82200,"IGOT0095_20120216173500","adult","female","incubation","breeding","2012-02-22","21:04:00",-57.86466,-59.62748,NA,NA
1387,"Diomedea exulans","Wandering Albatross","South Georgia (Islas Georgias del Sur)","Bird Island (SGSSI (IGSISS))",-54,-38.03,"GPS",5098594,82200,"IGOT0095_20120216173500","adult","female","incubation","breeding","2012-03-06","07:05:00",-53.96112,-52.63309,NA,NA
1387,"Diomedea exulans","Wandering Albatross","South Georgia (Islas Georgias del Sur)","Bird Island (SGSSI (IGSISS))",-54,-38.03,"GPS",5098594,82200,"IGOT0095_20120216173500","adult","female","incubation","breeding","2012-02-18","14:58:00",-54.11794,-48.90232,NA,NA
1387,"Diomedea exulans","Wandering Albatross","South Georgia (Islas Georgias del Sur)","Bird Island (SGSSI (IGSISS))",-54,-38.03,"GPS",5098594,82200,"IGOT0095_20120216173500","adult","female","incubation","breeding","2012-02-19","00:54:00",-53.56008,-51.02613,NA,NA
1387,"Diomedea exulans","Wandering Albatross","South Georgia (Islas Georgias del Sur)","Bird Island (SGSSI (IGSISS))",-54,-38.03,"GPS",5098594,82200,"IGOT0095_20120216173500","adult","female","incubation","breeding","2012-02-19","21:13:00",-53.90617,-52.99766,NA,NA
1387,"Diomedea exulans","Wandering Albatross","South Georgia (Islas Georgias del Sur)","Bird Island (SGSSI (IGSISS))",-54,-38.03,"GPS",5098594,82200,"IGOT0095_20120216173500","adult","female","incubation","breeding","2012-03-05","01:06:00",-55.40657,-54.77928,NA,NA
1387,"Diomedea exulans","Wandering Albatross","South Georgia (Islas Georgias del Sur)","Bird Island (SGSSI (IGSISS))",-54,-38.03,"GPS",5098594,82200,"IGOT0095_20120216173500","adult","female","incubation","breeding","2012-02-28","14:03:00",-61.43779,-64.14477,NA,NA
1387,"Diomedea exulans","Wandering Albatross","South Georgia (Islas Georgias del Sur)","Bird Island (SGSSI (IGSISS))",-54,-38.03,"GPS",5098594,82200,"IGOT0095_20120216173500","adult","female","incubation","breeding","2012-02-25","05:57:00",-62.22768,-67.36196,NA,NA
1387,"Diomedea exulans","Wandering Albatross","South Georgia (Islas Georgias del Sur)","Bird Island (SGSSI (IGSISS))",-54,-38.03,"GPS",5098594,82200,"IGOT0095_20120216173500","adult","female","incubation","breeding","2012-02-22","03:28:00",-56.5648,-59.84498,NA,NA
1387,"Diomedea exulans","Wandering Albatross","South Georgia (Islas Georgias del Sur)","Bird Island (SGSSI (IGSISS))",-54,-38.03,"GPS",5098594,82200,"IGOT0095_20120216173500","adult","female","incubation","breeding","2012-03-01","02:23:00",-57.30916,-66.79848,NA,NA
1387,"Diomedea exulans","Wandering Albatross","South Georgia (Islas Georgias del Sur)","Bird Island (SGSSI (IGSISS))",-54,-38.03,"GPS",5098594,82200,"IGOT0095_20120216173500","adult","female","incubation","breeding","2012-02-18","09:33:00",-53.47349,-47.17445,NA,NA
1387,"Diomedea exulans","Wandering Albatross","South Georgia (Islas Georgias del Sur)","Bird Island (SGSSI (IGSISS))",-54,-38.03,"GPS",5098594,82200,"IGOT0095_20120216173500","adult","female","incubation","breeding","2012-02-18","03:08:00",-52.90969,-46.86931,NA,NA
1387,"Diomedea exulans","Wandering Albatross","South Georgia (Islas Georgias del Sur)","Bird Island (SGSSI (IGSISS))",-54,-38.03,"GPS",5098594,82200,"IGOT0095_20120216173500","adult","female","incubation","breeding","2012-02-17","07:28:00",-52.31373,-39.52071,NA,NA
1387,"Diomedea exulans","Wandering Albatross","South Georgia (Islas Georgias del Sur)","Bird Island (SGSSI (IGSISS))",-54,-38.03,"GPS",5098594,82200,"IGOT0095_20120216173500","adult","female","incubation","breeding","2012-02-17","03:33:00",-52.72494,-38.93721,NA,NA
1387,"Diomedea exulans","Wandering Albatross","South Georgia (Islas Georgias del Sur)","Bird Island (SGSSI (IGSISS))",-54,-38.03,"GPS",5098594,82200,"IGOT0095_20120216173500","adult","female","incubation","breeding","2012-02-19","23:54:00",-53.95277,-53.64684,NA,NA
1387,"Diomedea exulans","Wandering Albatross","South Georgia (Islas Georgias del Sur)","Bird Island (SGSSI (IGSISS))",-54,-38.03,"GPS",5098594,82200,"IGOT0095_20120216173500","adult","female","incubation","breeding","2012-02-22","15:46:00",-56.85213,-59.1058,NA,NA
1387,"Diomedea exulans","Wandering Albatross","South Georgia (Islas Georgias del Sur)","Bird Island (SGSSI (IGSISS))",-54,-38.03,"GPS",5098594,82200,"IGOT0095_20120216173500","adult","female","incubation","breeding","2012-02-19","03:27:00",-53.55726,-51.01199,NA,NA
1387,"Diomedea exulans","Wandering Albatross","South Georgia (Islas Georgias del Sur)","Bird Island (SGSSI (IGSISS))",-54,-38.03,"GPS",5098594,82200,"IGOT0095_20120216173500","adult","female","incubation","breeding","2012-02-23","13:01:00",-60.70972,-65.38664,NA,NA
1387,"Diomedea exulans","Wandering Albatross","South Georgia (Islas Georgias del Sur)","Bird Island (SGSSI (IGSISS))",-54,-38.03,"GPS",5098594,82200,"IGOT0095_20120216173500","adult","female","incubation","breeding","2012-02-23","02:51:00",-59.08952,-61.02454,NA,NA
1387,"Diomedea exulans","Wandering Albatross","South Georgia (Islas Georgias del Sur)","Bird Island (SGSSI (IGSISS))",-54,-38.03,"GPS",5098594,82200,"IGOT0095_20120216173500","adult","female","incubation","breeding","2012-02-27","05:41:00",-59.45623,-61.15334,NA,NA
1387,"Diomedea exulans","Wandering Albatross","South Georgia (Islas Georgias del Sur)","Bird Island (SGSSI (IGSISS))",-54,-38.03,"GPS",5098594,82200,"IGOT0095_20120216173500","adult","female","incubation","breeding","2012-02-25","00:46:00",-62.22891,-67.36974,NA,NA
1387,"Diomedea exulans","Wandering Albatross","South Georgia (Islas Georgias del Sur)","Bird Island (SGSSI (IGSISS))",-54,-38.03,"GPS",5098594,82200,"IGOT0095_20120216173500","adult","female","incubation","breeding","2012-02-25","10:07:00",-61.99376,-68.14631,NA,NA
1387,"Diomedea exulans","Wandering Albatross","South Georgia (Islas Georgias del Sur)","Bird Island (SGSSI (IGSISS))",-54,-38.03,"GPS",5098594,82200,"IGOT0095_20120216173500","adult","female","incubation","breeding","2012-02-25","20:35:00",-62.49099,-65.83701,NA,NA
1387,"Diomedea exulans","Wandering Albatross","South Georgia (Islas Georgias del Sur)","Bird Island (SGSSI (IGSISS))",-54,-38.03,"GPS",5098594,82200,"IGOT0095_20120216173500","adult","female","incubation","breeding","2012-03-01","19:02:00",-57.3345,-66.82903,NA,NA
1387,"Diomedea exulans","Wandering Albatross","South Georgia (Islas Georgias del Sur)","Bird Island (SGSSI (IGSISS))",-54,-38.03,"GPS",5098594,82200,"IGOT0095_20120216173500","adult","female","incubation","breeding","2012-03-01","19:50:00",-57.33733,-66.81651,NA,NA
1387,"Diomedea exulans","Wandering Albatross","South Georgia (Islas Georgias del Sur)","Bird Island (SGSSI (IGSISS))",-54,-38.03,"GPS",5098594,82200,"IGOT0095_20120216173500","adult","female","incubation","breeding","2012-02-21","13:25:00",-54.63663,-61.84704,NA,NA
1387,"Diomedea exulans","Wandering Albatross","South Georgia (Islas Georgias del Sur)","Bird Island (SGSSI (IGSISS))",-54,-38.03,"GPS",5098594,82200,"IGOT0095_20120216173500","adult","female","incubation","breeding","2012-02-21","13:51:00",-54.6989,-61.79826,NA,NA
1387,"Diomedea exulans","Wandering Albatross","South Georgia (Islas Georgias del Sur)","Bird Island (SGSSI (IGSISS))",-54,-38.03,"GPS",5098594,82200,"IGOT0095_20120216173500","adult","female","incubation","breeding","2012-02-21","10:21:00",-54.70117,-61.67336,NA,NA
1387,"Diomedea exulans","Wandering Albatross","South Georgia (Islas Georgias del Sur)","Bird Island (SGSSI (IGSISS))",-54,-38.03,"GPS",5098594,82200,"IGOT0095_20120216173500","adult","female","incubation","breeding","2012-02-18","08:11:00",-53.35939,-47.01269,NA,NA
1387,"Diomedea exulans","Wandering Albatross","South Georgia (Islas Georgias del Sur)","Bird Island (SGSSI (IGSISS))",-54,-38.03,"GPS",5098594,82200,"IGOT0095_20120216173500","adult","female","incubation","breeding","2012-02-17","08:45:00",-52.23893,-40.21011,NA,NA
1387,"Diomedea exulans","Wandering Albatross","South Georgia (Islas Georgias del Sur)","Bird Island (SGSSI (IGSISS))",-54,-38.03,"GPS",5098594,82200,"IGOT0095_20120216173500","adult","female","incubation","breeding","2012-02-20","15:06:00",-54.93283,-56.53182,NA,NA
1387,"Diomedea exulans","Wandering Albatross","South Georgia (Islas Georgias del Sur)","Bird Island (SGSSI (IGSISS))",-54,-38.03,"GPS",5098594,82200,"IGOT0095_20120216173500","adult","female","incubation","breeding","2012-02-27","23:16:00",-58.83569,-63.36381,NA,NA
1387,"Diomedea exulans","Wandering Albatross","South Georgia (Islas Georgias del Sur)","Bird Island (SGSSI (IGSISS))",-54,-38.03,"GPS",5098594,82200,"IGOT0095_20120216173500","adult","female","incubation","breeding","2012-03-03","22:39:00",-55.94041,-53.13837,NA,NA
1387,"Diomedea exulans","Wandering Albatross","South Georgia (Islas Georgias del Sur)","Bird Island (SGSSI (IGSISS))",-54,-38.03,"GPS",5098594,82200,"IGOT0095_20120216173500","adult","female","incubation","breeding","2012-02-18","14:12:00",-53.98693,-48.62737,NA,NA
1387,"Diomedea exulans","Wandering Albatross","South Georgia (Islas Georgias del Sur)","Bird Island (SGSSI (IGSISS))",-54,-38.03,"GPS",5098594,82200,"IGOT0095_20120216173500","adult","female","incubation","breeding","2012-02-19","19:43:00",-53.79213,-52.68971,NA,NA
1387,"Diomedea exulans","Wandering Albatross","South Georgia (Islas Georgias del Sur)","Bird Island (SGSSI (IGSISS))",-54,-38.03,"GPS",5098594,82200,"IGOT0095_20120216173500","adult","female","incubation","breeding","2012-02-23","04:44:00",-59.07857,-61.01097,NA,NA
1387,"Diomedea exulans","Wandering Albatross","South Georgia (Islas Georgias del Sur)","Bird Island (SGSSI (IGSISS))",-54,-38.03,"GPS",5098594,82200,"IGOT0095_20120216173500","adult","female","incubation","breeding","2012-02-27","04:54:00",-59.45374,-61.15306,NA,NA
1387,"Diomedea exulans","Wandering Albatross","South Georgia (Islas Georgias del Sur)","Bird Island (SGSSI (IGSISS))",-54,-38.03,"GPS",5098594,82200,"IGOT0095_20120216173500","adult","female","incubation","breeding","2012-02-25","01:58:00",-62.24788,-67.43112,NA,NA
1387,"Diomedea exulans","Wandering Albatross","South Georgia (Islas Georgias del Sur)","Bird Island (SGSSI (IGSISS))",-54,-38.03,"GPS",5098594,82200,"IGOT0095_20120216173500","adult","female","incubation","breeding","2012-03-01","23:27:00",-57.38196,-66.90578,NA,NA
1387,"Diomedea exulans","Wandering Albatross","South Georgia (Islas Georgias del Sur)","Bird Island (SGSSI (IGSISS))",-54,-38.03,"GPS",5098594,82200,"IGOT0095_20120216173500","adult","female","incubation","breeding","2012-02-29","21:44:00",-57.23692,-66.98672,NA,NA
1387,"Diomedea exulans","Wandering Albatross","South Georgia (Islas Georgias del Sur)","Bird Island (SGSSI (IGSISS))",-54,-38.03,"GPS",5098594,82200,"IGOT0095_20120216173500","adult","female","incubation","breeding","2012-02-20","16:33:00",-55.10466,-57.23685,NA,NA
1387,"Diomedea exulans","Wandering Albatross","South Georgia (Islas Georgias del Sur)","Bird Island (SGSSI (IGSISS))",-54,-38.03,"GPS",5098594,82200,"IGOT0095_20120216173500","adult","female","incubation","breeding","2012-02-28","11:19:00",-60.83504,-63.871,NA,NA
1387,"Diomedea exulans","Wandering Albatross","South Georgia (Islas Georgias del Sur)","Bird Island (SGSSI (IGSISS))",-54,-38.03,"GPS",5098594,82200,"IGOT0095_20120216173500","adult","female","incubation","breeding","2012-02-26","07:09:00",-61.84842,-65.1389,NA,NA
1387,"Diomedea exulans","Wandering Albatross","South Georgia (Islas Georgias del Sur)","Bird Island (SGSSI (IGSISS))",-54,-38.03,"GPS",5098594,82200,"IGOT0095_20120216173500","adult","female","incubation","breeding","2012-02-25","01:10:00",-62.28666,-67.43417,NA,NA
1387,"Diomedea exulans","Wandering Albatross","South Georgia (Islas Georgias del Sur)","Bird Island (SGSSI (IGSISS))",-54,-38.03,"GPS",5098594,82200,"IGOT0095_20120216173500","adult","female","incubation","breeding","2012-02-21","04:10:00",-54.88252,-61.12801,NA,NA
1387,"Diomedea exulans","Wandering Albatross","South Georgia (Islas Georgias del Sur)","Bird Island (SGSSI (IGSISS))",-54,-38.03,"GPS",5098594,82200,"IGOT0095_20120216173500","adult","female","incubation","breeding","2012-02-18","12:29:00",-53.78411,-48.02719,NA,NA
1387,"Diomedea exulans","Wandering Albatross","South Georgia (Islas Georgias del Sur)","Bird Island (SGSSI (IGSISS))",-54,-38.03,"GPS",5098594,82200,"IGOT0095_20120216173500","adult","female","incubation","breeding","2012-02-16","23:53:00",-52.79716,-38.92417,NA,NA
1387,"Diomedea exulans","Wandering Albatross","South Georgia (Islas Georgias del Sur)","Bird Island (SGSSI (IGSISS))",-54,-38.03,"GPS",5098594,82200,"IGOT0095_20120216173500","adult","female","incubation","breeding","2012-03-05","12:17:00",-54.06614,-54.84009,NA,NA
1387,"Diomedea exulans","Wandering Albatross","South Georgia (Islas Georgias del Sur)","Bird Island (SGSSI (IGSISS))",-54,-38.03,"GPS",5098594,82200,"IGOT0095_20120216173500","adult","female","incubation","breeding","2012-02-22","14:28:00",-56.87122,-59.11949,NA,NA
1387,"Diomedea exulans","Wandering Albatross","South Georgia (Islas Georgias del Sur)","Bird Island (SGSSI (IGSISS))",-54,-38.03,"GPS",5098594,82200,"IGOT0095_20120216173500","adult","female","incubation","breeding","2012-03-03","14:33:00",-56.51458,-55.65497,NA,NA
1387,"Diomedea exulans","Wandering Albatross","South Georgia (Islas Georgias del Sur)","Bird Island (SGSSI (IGSISS))",-54,-38.03,"GPS",5098594,82200,"IGOT0095_20120216173500","adult","female","incubation","breeding","2012-03-04","19:28:00",-55.46876,-54.13552,NA,NA
1387,"Diomedea exulans","Wandering Albatross","South Georgia (Islas Georgias del Sur)","Bird Island (SGSSI (IGSISS))",-54,-38.03,"GPS",5098594,82200,"IGOT0095_20120216173500","adult","female","incubation","breeding","2012-02-19","02:37:00",-53.55735,-51.01741,NA,NA
1387,"Diomedea exulans","Wandering Albatross","South Georgia (Islas Georgias del Sur)","Bird Island (SGSSI (IGSISS))",-54,-38.03,"GPS",5098594,82200,"IGOT0095_20120216173500","adult","female","incubation","breeding","2012-02-24","00:05:00",-61.61055,-67.01228,NA,NA
1387,"Diomedea exulans","Wandering Albatross","South Georgia (Islas Georgias del Sur)","Bird Island (SGSSI (IGSISS))",-54,-38.03,"GPS",5098594,82200,"IGOT0095_20120216173500","adult","female","incubation","breeding","2012-02-24","05:37:00",-61.60151,-66.83288,NA,NA
1387,"Diomedea exulans","Wandering Albatross","South Georgia (Islas Georgias del Sur)","Bird Island (SGSSI (IGSISS))",-54,-38.03,"GPS",5098594,82200,"IGOT0095_20120216173500","adult","female","incubation","breeding","2012-02-26","04:40:00",-61.84805,-65.18374,NA,NA
1387,"Diomedea exulans","Wandering Albatross","South Georgia (Islas Georgias del Sur)","Bird Island (SGSSI (IGSISS))",-54,-38.03,"GPS",5098594,82200,"IGOT0095_20120216173500","adult","female","incubation","breeding","2012-02-28","08:29:00",-59.67018,-63.61448,NA,NA
1387,"Diomedea exulans","Wandering Albatross","South Georgia (Islas Georgias del Sur)","Bird Island (SGSSI (IGSISS))",-54,-38.03,"GPS",5098594,82200,"IGOT0095_20120216173500","adult","female","incubation","breeding","2012-02-25","16:46:00",-62.10717,-66.43087,NA,NA
1387,"Diomedea exulans","Wandering Albatross","South Georgia (Islas Georgias del Sur)","Bird Island (SGSSI (IGSISS))",-54,-38.03,"GPS",5098594,82200,"IGOT0095_20120216173500","adult","female","incubation","breeding","2012-02-22","07:42:00",-56.67595,-59.56795,NA,NA
1387,"Diomedea exulans","Wandering Albatross","South Georgia (Islas Georgias del Sur)","Bird Island (SGSSI (IGSISS))",-54,-38.03,"GPS",5098594,82200,"IGOT0095_20120216173500","adult","female","incubation","breeding","2012-03-02","21:57:00",-56.37878,-61.27469,NA,NA
1387,"Diomedea exulans","Wandering Albatross","South Georgia (Islas Georgias del Sur)","Bird Island (SGSSI (IGSISS))",-54,-38.03,"GPS",5098594,82200,"IGOT0095_20120216173500","adult","female","incubation","breeding","2012-03-01","15:52:00",-57.28829,-66.7807,NA,NA
1387,"Diomedea exulans","Wandering Albatross","South Georgia (Islas Georgias del Sur)","Bird Island (SGSSI (IGSISS))",-54,-38.03,"GPS",5098594,82200,"IGOT0095_20120216173500","adult","female","incubation","breeding","2012-03-02","19:41:00",-56.19172,-62.50161,NA,NA
1387,"Diomedea exulans","Wandering Albatross","South Georgia (Islas Georgias del Sur)","Bird Island (SGSSI (IGSISS))",-54,-38.03,"GPS",5098594,82200,"IGOT0095_20120216173500","adult","female","incubation","breeding","2012-02-17","06:32:00",-52.58003,-39.10764,NA,NA
1387,"Diomedea exulans","Wandering Albatross","South Georgia (Islas Georgias del Sur)","Bird Island (SGSSI (IGSISS))",-54,-38.03,"GPS",5098594,82200,"IGOT0095_20120216173500","adult","female","incubation","breeding","2012-03-06","03:50:00",-53.9609,-52.60798,NA,NA
1387,"Diomedea exulans","Wandering Albatross","South Georgia (Islas Georgias del Sur)","Bird Island (SGSSI (IGSISS))",-54,-38.03,"GPS",5098594,82200,"IGOT0095_20120216173500","adult","female","incubation","breeding","2012-02-27","19:45:00",-58.52586,-63.24403,NA,NA
1387,"Diomedea exulans","Wandering Albatross","South Georgia (Islas Georgias del Sur)","Bird Island (SGSSI (IGSISS))",-54,-38.03,"GPS",5098594,82200,"IGOT0095_20120216173500","adult","female","incubation","breeding","2012-03-03","14:59:00",-56.48461,-55.38569,NA,NA
1387,"Diomedea exulans","Wandering Albatross","South Georgia (Islas Georgias del Sur)","Bird Island (SGSSI (IGSISS))",-54,-38.03,"GPS",5098594,82200,"IGOT0095_20120216173500","adult","female","incubation","breeding","2012-03-05","00:15:00",-55.40096,-54.7755,NA,NA
1387,"Diomedea exulans","Wandering Albatross","South Georgia (Islas Georgias del Sur)","Bird Island (SGSSI (IGSISS))",-54,-38.03,"GPS",5098594,82200,"IGOT0095_20120216173500","adult","female","incubation","breeding","2012-03-05","02:31:00",-55.41452,-54.78339,NA,NA
1387,"Diomedea exulans","Wandering Albatross","South Georgia (Islas Georgias del Sur)","Bird Island (SGSSI (IGSISS))",-54,-38.03,"GPS",5098594,82200,"IGOT0095_20120216173500","adult","female","incubation","breeding","2012-03-05","07:12:00",-55.31773,-54.88073,NA,NA
1387,"Diomedea exulans","Wandering Albatross","South Georgia (Islas Georgias del Sur)","Bird Island (SGSSI (IGSISS))",-54,-38.03,"GPS",5098594,82200,"IGOT0095_20120216173500","adult","female","incubation","breeding","2012-03-05","14:42:00",-53.85221,-53.22174,NA,NA
1387,"Diomedea exulans","Wandering Albatross","South Georgia (Islas Georgias del Sur)","Bird Island (SGSSI (IGSISS))",-54,-38.03,"GPS",5098594,82200,"IGOT0095_20120216173500","adult","female","incubation","breeding","2012-02-23","22:45:00",-61.68858,-67.30415,NA,NA
1387,"Diomedea exulans","Wandering Albatross","South Georgia (Islas Georgias del Sur)","Bird Island (SGSSI (IGSISS))",-54,-38.03,"GPS",5098594,82200,"IGOT0095_20120216173500","adult","female","incubation","breeding","2012-02-24","08:56:00",-61.6085,-66.7747,NA,NA
1387,"Diomedea exulans","Wandering Albatross","South Georgia (Islas Georgias del Sur)","Bird Island (SGSSI (IGSISS))",-54,-38.03,"GPS",5098594,82200,"IGOT0095_20120216173500","adult","female","incubation","breeding","2012-02-26","03:17:00",-61.84724,-65.202,NA,NA
1387,"Diomedea exulans","Wandering Albatross","South Georgia (Islas Georgias del Sur)","Bird Island (SGSSI (IGSISS))",-54,-38.03,"GPS",5098594,82200,"IGOT0095_20120216173500","adult","female","incubation","breeding","2012-02-22","06:29:00",-56.55933,-59.83201,NA,NA
1387,"Diomedea exulans","Wandering Albatross","South Georgia (Islas Georgias del Sur)","Bird Island (SGSSI (IGSISS))",-54,-38.03,"GPS",5098594,82200,"IGOT0095_20120216173500","adult","female","incubation","breeding","2012-03-02","22:47:00",-56.36146,-60.65599,NA,NA
1387,"Diomedea exulans","Wandering Albatross","South Georgia (Islas Georgias del Sur)","Bird Island (SGSSI (IGSISS))",-54,-38.03,"GPS",5098594,82200,"IGOT0095_20120216173500","adult","female","incubation","breeding","2012-03-01","08:43:00",-57.29738,-66.68066,NA,NA
1387,"Diomedea exulans","Wandering Albatross","South Georgia (Islas Georgias del Sur)","Bird Island (SGSSI (IGSISS))",-54,-38.03,"GPS",5098594,82200,"IGOT0095_20120216173500","adult","female","incubation","breeding","2012-03-05","09:46:00",-54.59768,-55.11625,NA,NA
1387,"Diomedea exulans","Wandering Albatross","South Georgia (Islas Georgias del Sur)","Bird Island (SGSSI (IGSISS))",-54,-38.03,"GPS",5098594,82200,"IGOT0095_20120216173500","adult","female","incubation","breeding","2012-03-04","01:45:00",-55.96874,-53.05674,NA,NA
1387,"Diomedea exulans","Wandering Albatross","South Georgia (Islas Georgias del Sur)","Bird Island (SGSSI (IGSISS))",-54,-38.03,"GPS",5098594,82200,"IGOT0095_20120216173500","adult","female","incubation","breeding","2012-03-04","03:57:00",-55.99603,-53.06073,NA,NA
1387,"Diomedea exulans","Wandering Albatross","South Georgia (Islas Georgias del Sur)","Bird Island (SGSSI (IGSISS))",-54,-38.03,"GPS",5098594,82200,"IGOT0095_20120216173500","adult","female","incubation","breeding","2012-03-04","14:59:00",-55.69887,-52.30859,NA,NA
1387,"Diomedea exulans","Wandering Albatross","South Georgia (Islas Georgias del Sur)","Bird Island (SGSSI (IGSISS))",-54,-38.03,"GPS",5098594,82200,"IGOT0095_20120216173500","adult","female","incubation","breeding","2012-02-23","16:36:00",-61.48419,-66.57572,NA,NA
1387,"Diomedea exulans","Wandering Albatross","South Georgia (Islas Georgias del Sur)","Bird Island (SGSSI (IGSISS))",-54,-38.03,"GPS",5098594,82200,"IGOT0095_20120216173500","adult","female","incubation","breeding","2012-02-23","07:12:00",-59.10949,-61.20616,NA,NA
1387,"Diomedea exulans","Wandering Albatross","South Georgia (Islas Georgias del Sur)","Bird Island (SGSSI (IGSISS))",-54,-38.03,"GPS",5098594,82200,"IGOT0095_20120216173500","adult","female","incubation","breeding","2012-02-24","17:24:00",-62.03272,-66.96503,NA,NA
1387,"Diomedea exulans","Wandering Albatross","South Georgia (Islas Georgias del Sur)","Bird Island (SGSSI (IGSISS))",-54,-38.03,"GPS",5098594,82200,"IGOT0095_20120216173500","adult","female","incubation","breeding","2012-03-03","07:43:00",-56.60729,-59.5125,NA,NA
1387,"Diomedea exulans","Wandering Albatross","South Georgia (Islas Georgias del Sur)","Bird Island (SGSSI (IGSISS))",-54,-38.03,"GPS",5098594,82200,"IGOT0095_20120216173500","adult","female","incubation","breeding","2012-03-02","07:40:00",-57.2683,-66.73296,NA,NA
1387,"Diomedea exulans","Wandering Albatross","South Georgia (Islas Georgias del Sur)","Bird Island (SGSSI (IGSISS))",-54,-38.03,"GPS",5098594,82200,"IGOT0095_20120216173500","adult","female","incubation","breeding","2012-02-29","20:30:00",-57.23446,-66.75424,NA,NA
1387,"Diomedea exulans","Wandering Albatross","South Georgia (Islas Georgias del Sur)","Bird Island (SGSSI (IGSISS))",-54,-38.03,"GPS",5098594,82200,"IGOT0095_20120216173500","adult","female","incubation","breeding","2012-03-01","22:12:00",-57.33688,-66.88068,NA,NA
1387,"Diomedea exulans","Wandering Albatross","South Georgia (Islas Georgias del Sur)","Bird Island (SGSSI (IGSISS))",-54,-38.03,"GPS",5098594,82200,"IGOT0095_20120216173500","adult","female","incubation","breeding","2012-02-21","03:36:00",-54.93073,-60.94789,NA,NA
1387,"Diomedea exulans","Wandering Albatross","South Georgia (Islas Georgias del Sur)","Bird Island (SGSSI (IGSISS))",-54,-38.03,"GPS",5098594,82200,"IGOT0095_20120216173500","adult","female","incubation","breeding","2012-02-17","19:06:00",-53.62672,-45.74047,NA,NA
1387,"Diomedea exulans","Wandering Albatross","South Georgia (Islas Georgias del Sur)","Bird Island (SGSSI (IGSISS))",-54,-38.03,"GPS",5098594,82200,"IGOT0095_20120216173500","adult","female","incubation","breeding","2012-03-06","23:16:00",-55.32602,-41.99956,NA,NA
1387,"Diomedea exulans","Wandering Albatross","South Georgia (Islas Georgias del Sur)","Bird Island (SGSSI (IGSISS))",-54,-38.03,"GPS",5098594,82200,"IGOT0095_20120216173500","adult","female","incubation","breeding","2012-03-06","04:33:00",-53.95813,-52.61219,NA,NA
1387,"Diomedea exulans","Wandering Albatross","South Georgia (Islas Georgias del Sur)","Bird Island (SGSSI (IGSISS))",-54,-38.03,"GPS",5098594,82200,"IGOT0095_20120216173500","adult","female","incubation","breeding","2012-02-20","05:16:00",-54.01188,-53.3583,NA,NA
1387,"Diomedea exulans","Wandering Albatross","South Georgia (Islas Georgias del Sur)","Bird Island (SGSSI (IGSISS))",-54,-38.03,"GPS",5098594,82200,"IGOT0095_20120216173500","adult","female","incubation","breeding","2012-02-20","08:13:00",-54.1404,-53.71486,NA,NA
1387,"Diomedea exulans","Wandering Albatross","South Georgia (Islas Georgias del Sur)","Bird Island (SGSSI (IGSISS))",-54,-38.03,"GPS",5098594,82200,"IGOT0095_20120216173500","adult","female","incubation","breeding","2012-03-05","22:23:00",-53.98495,-52.64825,NA,NA
1387,"Diomedea exulans","Wandering Albatross","South Georgia (Islas Georgias del Sur)","Bird Island (SGSSI (IGSISS))",-54,-38.03,"GPS",5098594,82200,"IGOT0095_20120216173500","adult","female","incubation","breeding","2012-02-23","21:32:00",-61.71135,-67.39693,NA,NA
1387,"Diomedea exulans","Wandering Albatross","South Georgia (Islas Georgias del Sur)","Bird Island (SGSSI (IGSISS))",-54,-38.03,"GPS",5098594,82200,"IGOT0095_20120216173500","adult","female","incubation","breeding","2012-02-28","09:08:00",-59.98542,-63.67247,NA,NA
1387,"Diomedea exulans","Wandering Albatross","South Georgia (Islas Georgias del Sur)","Bird Island (SGSSI (IGSISS))",-54,-38.03,"GPS",5098594,82200,"IGOT0095_20120216173500","adult","female","incubation","breeding","2012-02-26","09:39:00",-62.24862,-64.38359,NA,NA
1387,"Diomedea exulans","Wandering Albatross","South Georgia (Islas Georgias del Sur)","Bird Island (SGSSI (IGSISS))",-54,-38.03,"GPS",5098594,82200,"IGOT0095_20120216173500","adult","female","incubation","breeding","2012-02-25","09:19:00",-62.23535,-68.32159,NA,NA
1387,"Diomedea exulans","Wandering Albatross","South Georgia (Islas Georgias del Sur)","Bird Island (SGSSI (IGSISS))",-54,-38.03,"GPS",5098594,82200,"IGOT0095_20120216173500","adult","female","incubation","breeding","2012-03-02","18:50:00",-56.14465,-62.95262,NA,NA
1387,"Diomedea exulans","Wandering Albatross","South Georgia (Islas Georgias del Sur)","Bird Island (SGSSI (IGSISS))",-54,-38.03,"GPS",5098594,82200,"IGOT0095_20120216173500","adult","female","incubation","breeding","2012-02-18","05:58:00",-52.92204,-46.82741,NA,NA
1387,"Diomedea exulans","Wandering Albatross","South Georgia (Islas Georgias del Sur)","Bird Island (SGSSI (IGSISS))",-54,-38.03,"GPS",5098594,82200,"IGOT0095_20120216173500","adult","female","incubation","breeding","2012-02-20","11:55:00",-54.39402,-55.37585,NA,NA
1387,"Diomedea exulans","Wandering Albatross","South Georgia (Islas Georgias del Sur)","Bird Island (SGSSI (IGSISS))",-54,-38.03,"GPS",5098594,82200,"IGOT0095_20120216173500","adult","female","incubation","breeding","2012-03-05","10:38:00",-54.43191,-54.75451,NA,NA
1387,"Diomedea exulans","Wandering Albatross","South Georgia (Islas Georgias del Sur)","Bird Island (SGSSI (IGSISS))",-54,-38.03,"GPS",5098594,82200,"IGOT0095_20120216173500","adult","female","incubation","breeding","2012-03-06","03:15:00",-53.96444,-52.60644,NA,NA
1387,"Diomedea exulans","Wandering Albatross","South Georgia (Islas Georgias del Sur)","Bird Island (SGSSI (IGSISS))",-54,-38.03,"GPS",5098594,82200,"IGOT0095_20120216173500","adult","female","incubation","breeding","2012-02-27","14:21:00",-58.42609,-63.04638,NA,NA
1387,"Diomedea exulans","Wandering Albatross","South Georgia (Islas Georgias del Sur)","Bird Island (SGSSI (IGSISS))",-54,-38.03,"GPS",5098594,82200,"IGOT0095_20120216173500","adult","female","incubation","breeding","2012-02-28","03:49:00",-59.20375,-63.10273,NA,NA
1387,"Diomedea exulans","Wandering Albatross","South Georgia (Islas Georgias del Sur)","Bird Island (SGSSI (IGSISS))",-54,-38.03,"GPS",5098594,82200,"IGOT0095_20120216173500","adult","female","incubation","breeding","2012-02-28","04:41:00",-59.19871,-63.10137,NA,NA
1387,"Diomedea exulans","Wandering Albatross","South Georgia (Islas Georgias del Sur)","Bird Island (SGSSI (IGSISS))",-54,-38.03,"GPS",5098594,82200,"IGOT0095_20120216173500","adult","female","incubation","breeding","2012-03-03","14:05:00",-56.53849,-55.96903,NA,NA
1387,"Diomedea exulans","Wandering Albatross","South Georgia (Islas Georgias del Sur)","Bird Island (SGSSI (IGSISS))",-54,-38.03,"GPS",5098594,82200,"IGOT0095_20120216173500","adult","female","incubation","breeding","2012-03-03","18:13:00",-56.13942,-53.50162,NA,NA
1387,"Diomedea exulans","Wandering Albatross","South Georgia (Islas Georgias del Sur)","Bird Island (SGSSI (IGSISS))",-54,-38.03,"GPS",5098594,82200,"IGOT0095_20120216173500","adult","female","incubation","breeding","2012-03-04","16:39:00",-55.61226,-53.09005,NA,NA
1387,"Diomedea exulans","Wandering Albatross","South Georgia (Islas Georgias del Sur)","Bird Island (SGSSI (IGSISS))",-54,-38.03,"GPS",5098594,82200,"IGOT0095_20120216173500","adult","female","incubation","breeding","2012-03-04","18:24:00",-55.44775,-54.11102,NA,NA
1387,"Diomedea exulans","Wandering Albatross","South Georgia (Islas Georgias del Sur)","Bird Island (SGSSI (IGSISS))",-54,-38.03,"GPS",5098594,82200,"IGOT0095_20120216173500","adult","female","incubation","breeding","2012-03-05","20:50:00",-53.98603,-52.67638,NA,NA
1387,"Diomedea exulans","Wandering Albatross","South Georgia (Islas Georgias del Sur)","Bird Island (SGSSI (IGSISS))",-54,-38.03,"GPS",5098594,82200,"IGOT0095_20120216173500","adult","female","incubation","breeding","2012-02-26","00:28:00",-61.85007,-65.24974,NA,NA
1387,"Diomedea exulans","Wandering Albatross","South Georgia (Islas Georgias del Sur)","Bird Island (SGSSI (IGSISS))",-54,-38.03,"GPS",5098594,82200,"IGOT0095_20120216173500","adult","female","incubation","breeding","2012-02-23","08:01:00",-59.33956,-62.00214,NA,NA
1387,"Diomedea exulans","Wandering Albatross","South Georgia (Islas Georgias del Sur)","Bird Island (SGSSI (IGSISS))",-54,-38.03,"GPS",5098594,82200,"IGOT0095_20120216173500","adult","female","incubation","breeding","2012-02-26","22:53:00",-60.02618,-60.87124,NA,NA
1387,"Diomedea exulans","Wandering Albatross","South Georgia (Islas Georgias del Sur)","Bird Island (SGSSI (IGSISS))",-54,-38.03,"GPS",5098594,82200,"IGOT0095_20120216173500","adult","female","incubation","breeding","2012-02-26","10:06:00",-62.40993,-64.14574,NA,NA
1387,"Diomedea exulans","Wandering Albatross","South Georgia (Islas Georgias del Sur)","Bird Island (SGSSI (IGSISS))",-54,-38.03,"GPS",5098594,82200,"IGOT0095_20120216173500","adult","female","incubation","breeding","2012-02-25","18:43:00",-62.17757,-66.33224,NA,NA
1387,"Diomedea exulans","Wandering Albatross","South Georgia (Islas Georgias del Sur)","Bird Island (SGSSI (IGSISS))",-54,-38.03,"GPS",5098594,82200,"IGOT0095_20120216173500","adult","female","incubation","breeding","2012-02-21","19:13:00",-55.31251,-61.53544,NA,NA
1387,"Diomedea exulans","Wandering Albatross","South Georgia (Islas Georgias del Sur)","Bird Island (SGSSI (IGSISS))",-54,-38.03,"GPS",5098594,82200,"IGOT0095_20120216173500","adult","female","incubation","breeding","2012-03-02","09:44:00",-57.30694,-66.90243,NA,NA
1387,"Diomedea exulans","Wandering Albatross","South Georgia (Islas Georgias del Sur)","Bird Island (SGSSI (IGSISS))",-54,-38.03,"GPS",5098594,82200,"IGOT0095_20120216173500","adult","female","incubation","breeding","2012-03-01","00:54:00",-57.27318,-66.91133,NA,NA
1387,"Diomedea exulans","Wandering Albatross","South Georgia (Islas Georgias del Sur)","Bird Island (SGSSI (IGSISS))",-54,-38.03,"GPS",5098594,82200,"IGOT0095_20120216173500","adult","female","incubation","breeding","2012-02-21","16:10:00",-54.72053,-62.11136,NA,NA
1387,"Diomedea exulans","Wandering Albatross","South Georgia (Islas Georgias del Sur)","Bird Island (SGSSI (IGSISS))",-54,-38.03,"GPS",5098594,82200,"IGOT0095_20120216173500","adult","female","incubation","breeding","2012-02-21","05:24:00",-54.87262,-61.24953,NA,NA
1387,"Diomedea exulans","Wandering Albatross","South Georgia (Islas Georgias del Sur)","Bird Island (SGSSI (IGSISS))",-54,-38.03,"GPS",5098594,82200,"IGOT0095_20120216173500","adult","female","incubation","breeding","2012-02-17","11:32:00",-52.54881,-41.86517,NA,NA
1387,"Diomedea exulans","Wandering Albatross","South Georgia (Islas Georgias del Sur)","Bird Island (SGSSI (IGSISS))",-54,-38.03,"GPS",5098594,82200,"IGOT0095_20120216173500","adult","female","incubation","breeding","2012-03-05","12:40:00",-54.02628,-54.57376,NA,NA
1387,"Diomedea exulans","Wandering Albatross","South Georgia (Islas Georgias del Sur)","Bird Island (SGSSI (IGSISS))",-54,-38.03,"GPS",5098594,82200,"IGOT0095_20120216173500","adult","female","incubation","breeding","2012-03-06","06:08:00",-53.95959,-52.62691,NA,NA
1387,"Diomedea exulans","Wandering Albatross","South Georgia (Islas Georgias del Sur)","Bird Island (SGSSI (IGSISS))",-54,-38.03,"GPS",5098594,82200,"IGOT0095_20120216173500","adult","female","incubation","breeding","2012-03-04","03:04:00",-55.98476,-53.05915,NA,NA
1387,"Diomedea exulans","Wandering Albatross","South Georgia (Islas Georgias del Sur)","Bird Island (SGSSI (IGSISS))",-54,-38.03,"GPS",5098594,82200,"IGOT0095_20120216173500","adult","female","incubation","breeding","2012-02-29","16:19:00",-58.58632,-66.38646,NA,NA
1387,"Diomedea exulans","Wandering Albatross","South Georgia (Islas Georgias del Sur)","Bird Island (SGSSI (IGSISS))",-54,-38.03,"GPS",5098594,82200,"IGOT0095_20120216173500","adult","female","incubation","breeding","2012-02-18","16:50:00",-53.95604,-49.79751,NA,NA
1387,"Diomedea exulans","Wandering Albatross","South Georgia (Islas Georgias del Sur)","Bird Island (SGSSI (IGSISS))",-54,-38.03,"GPS",5098594,82200,"IGOT0095_20120216173500","adult","female","incubation","breeding","2012-02-18","17:14:00",-53.962,-49.79964,NA,NA
1387,"Diomedea exulans","Wandering Albatross","South Georgia (Islas Georgias del Sur)","Bird Island (SGSSI (IGSISS))",-54,-38.03,"GPS",5098594,82200,"IGOT0095_20120216173500","adult","female","incubation","breeding","2012-03-06","15:54:00",-54.43409,-48.37766,NA,NA
1387,"Diomedea exulans","Wandering Albatross","South Georgia (Islas Georgias del Sur)","Bird Island (SGSSI (IGSISS))",-54,-38.03,"GPS",5098594,82200,"IGOT0095_20120216173500","adult","female","incubation","breeding","2012-02-26","03:52:00",-61.84784,-65.19488,NA,NA
1387,"Diomedea exulans","Wandering Albatross","South Georgia (Islas Georgias del Sur)","Bird Island (SGSSI (IGSISS))",-54,-38.03,"GPS",5098594,82200,"IGOT0095_20120216173500","adult","female","incubation","breeding","2012-02-24","16:35:00",-62.00723,-66.79115,NA,NA
1387,"Diomedea exulans","Wandering Albatross","South Georgia (Islas Georgias del Sur)","Bird Island (SGSSI (IGSISS))",-54,-38.03,"GPS",5098594,82200,"IGOT0095_20120216173500","adult","female","incubation","breeding","2012-02-25","16:21:00",-62.0795,-66.46756,NA,NA
1387,"Diomedea exulans","Wandering Albatross","South Georgia (Islas Georgias del Sur)","Bird Island (SGSSI (IGSISS))",-54,-38.03,"GPS",5098594,82200,"IGOT0095_20120216173500","adult","female","incubation","breeding","2012-02-28","17:11:00",-62.63152,-64.69298,NA,NA
1387,"Diomedea exulans","Wandering Albatross","South Georgia (Islas Georgias del Sur)","Bird Island (SGSSI (IGSISS))",-54,-38.03,"GPS",5098594,82200,"IGOT0095_20120216173500","adult","female","incubation","breeding","2012-03-02","11:44:00",-57.22759,-67.12424,NA,NA
1387,"Diomedea exulans","Wandering Albatross","South Georgia (Islas Georgias del Sur)","Bird Island (SGSSI (IGSISS))",-54,-38.03,"GPS",5098594,82200,"IGOT0095_20120216173500","adult","female","incubation","breeding","2012-03-01","00:20:00",-57.18952,-66.87011,NA,NA
1387,"Diomedea exulans","Wandering Albatross","South Georgia (Islas Georgias del Sur)","Bird Island (SGSSI (IGSISS))",-54,-38.03,"GPS",5098594,82200,"IGOT0095_20120216173500","adult","female","incubation","breeding","2012-03-06","21:00:00",-55.49046,-43.87892,NA,NA
1387,"Diomedea exulans","Wandering Albatross","South Georgia (Islas Georgias del Sur)","Bird Island (SGSSI (IGSISS))",-54,-38.03,"GPS",5098594,82200,"IGOT0095_20120216173500","adult","female","incubation","breeding","2012-02-18","11:15:00",-53.57888,-47.63589,NA,NA
1387,"Diomedea exulans","Wandering Albatross","South Georgia (Islas Georgias del Sur)","Bird Island (SGSSI (IGSISS))",-54,-38.03,"GPS",5098594,82200,"IGOT0095_20120216173500","adult","female","incubation","breeding","2012-03-07","06:33:00",-53.92012,-39.33189,NA,NA
1387,"Diomedea exulans","Wandering Albatross","South Georgia (Islas Georgias del Sur)","Bird Island (SGSSI (IGSISS))",-54,-38.03,"GPS",5098594,82200,"IGOT0095_20120216173500","adult","female","incubation","breeding","2012-03-06","02:11:00",-53.96909,-52.60759,NA,NA
1387,"Diomedea exulans","Wandering Albatross","South Georgia (Islas Georgias del Sur)","Bird Island (SGSSI (IGSISS))",-54,-38.03,"GPS",5098594,82200,"IGOT0095_20120216173500","adult","female","incubation","breeding","2012-03-03","17:43:00",-56.2139,-53.73544,NA,NA
1387,"Diomedea exulans","Wandering Albatross","South Georgia (Islas Georgias del Sur)","Bird Island (SGSSI (IGSISS))",-54,-38.03,"GPS",5098594,82200,"IGOT0095_20120216173500","adult","female","incubation","breeding","2012-03-04","19:03:00",-55.46514,-54.1235,NA,NA
1387,"Diomedea exulans","Wandering Albatross","South Georgia (Islas Georgias del Sur)","Bird Island (SGSSI (IGSISS))",-54,-38.03,"GPS",5098594,82200,"IGOT0095_20120216173500","adult","female","incubation","breeding","2012-02-18","18:46:00",-53.96146,-50.23854,NA,NA
1387,"Diomedea exulans","Wandering Albatross","South Georgia (Islas Georgias del Sur)","Bird Island (SGSSI (IGSISS))",-54,-38.03,"GPS",5098594,82200,"IGOT0095_20120216173500","adult","female","incubation","breeding","2012-03-05","16:21:00",-53.98056,-52.61457,NA,NA
1387,"Diomedea exulans","Wandering Albatross","South Georgia (Islas Georgias del Sur)","Bird Island (SGSSI (IGSISS))",-54,-38.03,"GPS",5098594,82200,"IGOT0095_20120216173500","adult","female","incubation","breeding","2012-03-06","11:42:00",-54.16955,-51.11811,NA,NA
1387,"Diomedea exulans","Wandering Albatross","South Georgia (Islas Georgias del Sur)","Bird Island (SGSSI (IGSISS))",-54,-38.03,"GPS",5098594,82200,"IGOT0095_20120216173500","adult","female","incubation","breeding","2012-02-23","20:13:00",-61.83639,-67.63852,NA,NA
1387,"Diomedea exulans","Wandering Albatross","South Georgia (Islas Georgias del Sur)","Bird Island (SGSSI (IGSISS))",-54,-38.03,"GPS",5098594,82200,"IGOT0095_20120216173500","adult","female","incubation","breeding","2012-02-26","06:10:00",-61.84898,-65.16048,NA,NA
1387,"Diomedea exulans","Wandering Albatross","South Georgia (Islas Georgias del Sur)","Bird Island (SGSSI (IGSISS))",-54,-38.03,"GPS",5098594,82200,"IGOT0095_20120216173500","adult","female","incubation","breeding","2012-02-27","02:28:00",-59.45193,-61.13835,NA,NA
1387,"Diomedea exulans","Wandering Albatross","South Georgia (Islas Georgias del Sur)","Bird Island (SGSSI (IGSISS))",-54,-38.03,"GPS",5098594,82200,"IGOT0095_20120216173500","adult","female","incubation","breeding","2012-02-28","18:16:00",-63.09711,-64.9434,NA,NA
1387,"Diomedea exulans","Wandering Albatross","South Georgia (Islas Georgias del Sur)","Bird Island (SGSSI (IGSISS))",-54,-38.03,"GPS",5098594,82200,"IGOT0095_20120216173500","adult","female","incubation","breeding","2012-02-29","06:52:00",-62.70512,-66.86534,NA,NA
1387,"Diomedea exulans","Wandering Albatross","South Georgia (Islas Georgias del Sur)","Bird Island (SGSSI (IGSISS))",-54,-38.03,"GPS",5098594,82200,"IGOT0095_20120216173500","adult","female","incubation","breeding","2012-03-03","02:10:00",-56.62175,-59.50572,NA,NA
1387,"Diomedea exulans","Wandering Albatross","South Georgia (Islas Georgias del Sur)","Bird Island (SGSSI (IGSISS))",-54,-38.03,"GPS",5098594,82200,"IGOT0095_20120216173500","adult","female","incubation","breeding","2012-03-02","02:38:00",-57.37653,-66.89702,NA,NA
1387,"Diomedea exulans","Wandering Albatross","South Georgia (Islas Georgias del Sur)","Bird Island (SGSSI (IGSISS))",-54,-38.03,"GPS",5098594,82200,"IGOT0095_20120216173500","adult","female","incubation","breeding","2012-02-20","23:20:00",-55.08944,-60.29103,NA,NA
1387,"Diomedea exulans","Wandering Albatross","South Georgia (Islas Georgias del Sur)","Bird Island (SGSSI (IGSISS))",-54,-38.03,"GPS",5098594,82200,"IGOT0095_20120216173500","adult","female","incubation","breeding","2012-02-21","05:00:00",-54.87523,-61.24295,NA,NA
1387,"Diomedea exulans","Wandering Albatross","South Georgia (Islas Georgias del Sur)","Bird Island (SGSSI (IGSISS))",-54,-38.03,"GPS",5098594,82200,"IGOT0095_20120216173500","adult","female","incubation","breeding","2012-02-17","23:36:00",-52.89688,-46.86673,NA,NA
1387,"Diomedea exulans","Wandering Albatross","South Georgia (Islas Georgias del Sur)","Bird Island (SGSSI (IGSISS))",-54,-38.03,"GPS",5098594,82200,"IGOT0095_20120216173500","adult","female","incubation","breeding","2012-02-17","13:54:00",-53.18966,-43.2645,NA,NA
1387,"Diomedea exulans","Wandering Albatross","South Georgia (Islas Georgias del Sur)","Bird Island (SGSSI (IGSISS))",-54,-38.03,"GPS",5098594,82200,"IGOT0095_20120216173500","adult","female","incubation","breeding","2012-02-17","00:33:00",-52.73963,-38.93497,NA,NA
1387,"Diomedea exulans","Wandering Albatross","South Georgia (Islas Georgias del Sur)","Bird Island (SGSSI (IGSISS))",-54,-38.03,"GPS",5098594,82200,"IGOT0095_20120216173500","adult","female","incubation","breeding","2012-02-20","02:02:00",-53.94031,-53.67158,NA,NA
1387,"Diomedea exulans","Wandering Albatross","South Georgia (Islas Georgias del Sur)","Bird Island (SGSSI (IGSISS))",-54,-38.03,"GPS",5098594,82200,"IGOT0095_20120216173500","adult","female","incubation","breeding","2012-02-20","19:53:00",-55.04855,-58.90818,NA,NA
1387,"Diomedea exulans","Wandering Albatross","South Georgia (Islas Georgias del Sur)","Bird Island (SGSSI (IGSISS))",-54,-38.03,"GPS",5098594,82200,"IGOT0095_20120216173500","adult","female","incubation","breeding","2012-03-04","09:13:00",-55.83841,-52.60127,NA,NA
1387,"Diomedea exulans","Wandering Albatross","South Georgia (Islas Georgias del Sur)","Bird Island (SGSSI (IGSISS))",-54,-38.03,"GPS",5098594,82200,"IGOT0095_20120216173500","adult","female","incubation","breeding","2012-03-04","12:57:00",-55.63791,-52.25076,NA,NA
1387,"Diomedea exulans","Wandering Albatross","South Georgia (Islas Georgias del Sur)","Bird Island (SGSSI (IGSISS))",-54,-38.03,"GPS",5098594,82200,"IGOT0095_20120216173500","adult","female","incubation","breeding","2012-02-19","08:19:00",-53.89828,-51.07558,NA,NA
1387,"Diomedea exulans","Wandering Albatross","South Georgia (Islas Georgias del Sur)","Bird Island (SGSSI (IGSISS))",-54,-38.03,"GPS",5098594,82200,"IGOT0095_20120216173500","adult","female","incubation","breeding","2012-02-19","18:53:00",-53.82859,-52.49677,NA,NA
1387,"Diomedea exulans","Wandering Albatross","South Georgia (Islas Georgias del Sur)","Bird Island (SGSSI (IGSISS))",-54,-38.03,"GPS",5098594,82200,"IGOT0095_20120216173500","adult","female","incubation","breeding","2012-02-24","01:56:00",-61.61212,-66.94093,NA,NA
1387,"Diomedea exulans","Wandering Albatross","South Georgia (Islas Georgias del Sur)","Bird Island (SGSSI (IGSISS))",-54,-38.03,"GPS",5098594,82200,"IGOT0095_20120216173500","adult","female","incubation","breeding","2012-02-26","14:22:00",-62.75995,-62.65274,NA,NA
1387,"Diomedea exulans","Wandering Albatross","South Georgia (Islas Georgias del Sur)","Bird Island (SGSSI (IGSISS))",-54,-38.03,"GPS",5098594,82200,"IGOT0095_20120216173500","adult","female","incubation","breeding","2012-02-29","21:03:00",-57.2891,-66.90165,NA,NA
1387,"Diomedea exulans","Wandering Albatross","South Georgia (Islas Georgias del Sur)","Bird Island (SGSSI (IGSISS))",-54,-38.03,"GPS",5098594,82200,"IGOT0095_20120216173500","adult","female","incubation","breeding","2012-03-01","13:28:00",-57.17825,-66.99248,NA,NA
1387,"Diomedea exulans","Wandering Albatross","South Georgia (Islas Georgias del Sur)","Bird Island (SGSSI (IGSISS))",-54,-38.03,"GPS",5098594,82200,"IGOT0095_20120216173500","adult","female","incubation","breeding","2012-02-21","13:00:00",-54.60677,-61.87194,NA,NA
1387,"Diomedea exulans","Wandering Albatross","South Georgia (Islas Georgias del Sur)","Bird Island (SGSSI (IGSISS))",-54,-38.03,"GPS",5098594,82200,"IGOT0095_20120216173500","adult","female","incubation","breeding","2012-02-17","22:47:00",-53.03265,-46.62873,NA,NA
1387,"Diomedea exulans","Wandering Albatross","South Georgia (Islas Georgias del Sur)","Bird Island (SGSSI (IGSISS))",-54,-38.03,"GPS",5098594,82200,"IGOT0095_20120216173500","adult","female","incubation","breeding","2012-02-18","02:01:00",-52.90261,-46.87592,NA,NA
1387,"Diomedea exulans","Wandering Albatross","South Georgia (Islas Georgias del Sur)","Bird Island (SGSSI (IGSISS))",-54,-38.03,"GPS",5098594,82200,"IGOT0095_20120216173500","adult","female","incubation","breeding","2012-02-17","09:10:00",-52.20542,-40.47873,NA,NA
1387,"Diomedea exulans","Wandering Albatross","South Georgia (Islas Georgias del Sur)","Bird Island (SGSSI (IGSISS))",-54,-38.03,"GPS",5098594,82200,"IGOT0095_20120216173500","adult","female","incubation","breeding","2012-02-22","21:50:00",-58.01126,-59.58832,NA,NA
1387,"Diomedea exulans","Wandering Albatross","South Georgia (Islas Georgias del Sur)","Bird Island (SGSSI (IGSISS))",-54,-38.03,"GPS",5098594,82200,"IGOT0095_20120216173500","adult","female","incubation","breeding","2012-02-27","17:57:00",-58.47589,-63.21575,NA,NA
1387,"Diomedea exulans","Wandering Albatross","South Georgia (Islas Georgias del Sur)","Bird Island (SGSSI (IGSISS))",-54,-38.03,"GPS",5098594,82200,"IGOT0095_20120216173500","adult","female","incubation","breeding","2012-02-27","18:21:00",-58.49653,-63.24218,NA,NA
1387,"Diomedea exulans","Wandering Albatross","South Georgia (Islas Georgias del Sur)","Bird Island (SGSSI (IGSISS))",-54,-38.03,"GPS",5098594,82200,"IGOT0095_20120216173500","adult","female","incubation","breeding","2012-02-20","06:59:00",-54.07865,-53.22918,NA,NA
1387,"Diomedea exulans","Wandering Albatross","South Georgia (Islas Georgias del Sur)","Bird Island (SGSSI (IGSISS))",-54,-38.03,"GPS",5098594,82200,"IGOT0095_20120216173500","adult","female","incubation","breeding","2012-03-03","19:21:00",-56.02269,-53.30947,NA,NA
1387,"Diomedea exulans","Wandering Albatross","South Georgia (Islas Georgias del Sur)","Bird Island (SGSSI (IGSISS))",-54,-38.03,"GPS",5098594,82200,"IGOT0095_20120216173500","adult","female","incubation","breeding","2012-02-19","20:09:00",-53.83267,-52.78737,NA,NA
1387,"Diomedea exulans","Wandering Albatross","South Georgia (Islas Georgias del Sur)","Bird Island (SGSSI (IGSISS))",-54,-38.03,"GPS",5098594,82200,"IGOT0095_20120216173500","adult","female","incubation","breeding","2012-02-19","20:48:00",-53.86803,-52.92683,NA,NA
1387,"Diomedea exulans","Wandering Albatross","South Georgia (Islas Georgias del Sur)","Bird Island (SGSSI (IGSISS))",-54,-38.03,"GPS",5098594,82200,"IGOT0095_20120216173500","adult","female","incubation","breeding","2012-03-06","09:38:00",-54.13736,-52.24887,NA,NA
1387,"Diomedea exulans","Wandering Albatross","South Georgia (Islas Georgias del Sur)","Bird Island (SGSSI (IGSISS))",-54,-38.03,"GPS",5098594,82200,"IGOT0095_20120216173500","adult","female","incubation","breeding","2012-03-06","12:36:00",-54.16616,-50.82305,NA,NA
1387,"Diomedea exulans","Wandering Albatross","South Georgia (Islas Georgias del Sur)","Bird Island (SGSSI (IGSISS))",-54,-38.03,"GPS",5098594,82200,"IGOT0095_20120216173500","adult","female","incubation","breeding","2012-02-23","10:48:00",-60.04769,-64.30981,NA,NA
1387,"Diomedea exulans","Wandering Albatross","South Georgia (Islas Georgias del Sur)","Bird Island (SGSSI (IGSISS))",-54,-38.03,"GPS",5098594,82200,"IGOT0095_20120216173500","adult","female","incubation","breeding","2012-02-23","20:50:00",-61.77248,-67.5869,NA,NA
1387,"Diomedea exulans","Wandering Albatross","South Georgia (Islas Georgias del Sur)","Bird Island (SGSSI (IGSISS))",-54,-38.03,"GPS",5098594,82200,"IGOT0095_20120216173500","adult","female","incubation","breeding","2012-02-24","23:04:00",-62.15641,-67.3211,NA,NA
1387,"Diomedea exulans","Wandering Albatross","South Georgia (Islas Georgias del Sur)","Bird Island (SGSSI (IGSISS))",-54,-38.03,"GPS",5098594,82200,"IGOT0095_20120216173500","adult","female","incubation","breeding","2012-02-25","04:18:00",-62.23518,-67.35832,NA,NA
1387,"Diomedea exulans","Wandering Albatross","South Georgia (Islas Georgias del Sur)","Bird Island (SGSSI (IGSISS))",-54,-38.03,"GPS",5098594,82200,"IGOT0095_20120216173500","adult","female","incubation","breeding","2012-02-25","08:54:00",-62.322,-68.02505,NA,NA
1387,"Diomedea exulans","Wandering Albatross","South Georgia (Islas Georgias del Sur)","Bird Island (SGSSI (IGSISS))",-54,-38.03,"GPS",5098594,82200,"IGOT0095_20120216173500","adult","female","incubation","breeding","2012-02-25","22:43:00",-61.96019,-65.31629,NA,NA
1387,"Diomedea exulans","Wandering Albatross","South Georgia (Islas Georgias del Sur)","Bird Island (SGSSI (IGSISS))",-54,-38.03,"GPS",5098594,82200,"IGOT0095_20120216173500","adult","female","incubation","breeding","2012-02-22","03:02:00",-56.56664,-59.84454,NA,NA
1387,"Diomedea exulans","Wandering Albatross","South Georgia (Islas Georgias del Sur)","Bird Island (SGSSI (IGSISS))",-54,-38.03,"GPS",5098594,82200,"IGOT0095_20120216173500","adult","female","incubation","breeding","2012-02-22","05:13:00",-56.56166,-59.84559,NA,NA
1387,"Diomedea exulans","Wandering Albatross","South Georgia (Islas Georgias del Sur)","Bird Island (SGSSI (IGSISS))",-54,-38.03,"GPS",5098594,82200,"IGOT0095_20120216173500","adult","female","incubation","breeding","2012-02-22","06:04:00",-56.55992,-59.84044,NA,NA
1387,"Diomedea exulans","Wandering Albatross","South Georgia (Islas Georgias del Sur)","Bird Island (SGSSI (IGSISS))",-54,-38.03,"GPS",5098594,82200,"IGOT0095_20120216173500","adult","female","incubation","breeding","2012-03-02","09:19:00",-57.30233,-67.12616,NA,NA
1387,"Diomedea exulans","Wandering Albatross","South Georgia (Islas Georgias del Sur)","Bird Island (SGSSI (IGSISS))",-54,-38.03,"GPS",5098594,82200,"IGOT0095_20120216173500","adult","female","incubation","breeding","2012-03-01","14:18:00",-57.27545,-66.7809,NA,NA
1387,"Diomedea exulans","Wandering Albatross","South Georgia (Islas Georgias del Sur)","Bird Island (SGSSI (IGSISS))",-54,-38.03,"GPS",5098594,82200,"IGOT0095_20120216173500","adult","female","incubation","breeding","2012-02-21","03:11:00",-54.93405,-60.94772,NA,NA
1387,"Diomedea exulans","Wandering Albatross","South Georgia (Islas Georgias del Sur)","Bird Island (SGSSI (IGSISS))",-54,-38.03,"GPS",5098594,82200,"IGOT0095_20120216173500","adult","female","incubation","breeding","2012-02-17","21:33:00",-53.38902,-46.24913,NA,NA
1387,"Diomedea exulans","Wandering Albatross","South Georgia (Islas Georgias del Sur)","Bird Island (SGSSI (IGSISS))",-54,-38.03,"GPS",5098594,82200,"IGOT0095_20120216173500","adult","female","incubation","breeding","2012-03-07","05:04:00",-53.80315,-39.64949,NA,NA
1387,"Diomedea exulans","Wandering Albatross","South Georgia (Islas Georgias del Sur)","Bird Island (SGSSI (IGSISS))",-54,-38.03,"GPS",5098594,82200,"IGOT0095_20120216173500","adult","female","incubation","breeding","2012-02-17","11:07:00",-52.41134,-41.67969,NA,NA
1387,"Diomedea exulans","Wandering Albatross","South Georgia (Islas Georgias del Sur)","Bird Island (SGSSI (IGSISS))",-54,-38.03,"GPS",5098594,82200,"IGOT0095_20120216173500","adult","female","incubation","breeding","2012-02-20","17:23:00",-54.88885,-57.67202,NA,NA
1387,"Diomedea exulans","Wandering Albatross","South Georgia (Islas Georgias del Sur)","Bird Island (SGSSI (IGSISS))",-54,-38.03,"GPS",5098594,82200,"IGOT0095_20120216173500","adult","female","incubation","breeding","2012-02-22","18:22:00",-56.95119,-59.24224,NA,NA
1387,"Diomedea exulans","Wandering Albatross","South Georgia (Islas Georgias del Sur)","Bird Island (SGSSI (IGSISS))",-54,-38.03,"GPS",5098594,82200,"IGOT0095_20120216173500","adult","female","incubation","breeding","2012-03-04","09:38:00",-55.76118,-52.64065,NA,NA
1387,"Diomedea exulans","Wandering Albatross","South Georgia (Islas Georgias del Sur)","Bird Island (SGSSI (IGSISS))",-54,-38.03,"GPS",5098594,82200,"IGOT0095_20120216173500","adult","female","incubation","breeding","2012-02-18","15:48:00",-53.99408,-49.36513,NA,NA
1387,"Diomedea exulans","Wandering Albatross","South Georgia (Islas Georgias del Sur)","Bird Island (SGSSI (IGSISS))",-54,-38.03,"GPS",5098594,82200,"IGOT0095_20120216173500","adult","female","incubation","breeding","2012-02-18","23:17:00",-53.56565,-51.03771,NA,NA
1387,"Diomedea exulans","Wandering Albatross","South Georgia (Islas Georgias del Sur)","Bird Island (SGSSI (IGSISS))",-54,-38.03,"GPS",5098594,82200,"IGOT0095_20120216173500","adult","female","incubation","breeding","2012-02-19","09:35:00",-54.17872,-51.12719,NA,NA
1387,"Diomedea exulans","Wandering Albatross","South Georgia (Islas Georgias del Sur)","Bird Island (SGSSI (IGSISS))",-54,-38.03,"GPS",5098594,82200,"IGOT0095_20120216173500","adult","female","incubation","breeding","2012-02-29","09:26:00",-61.65655,-66.79034,NA,NA
1387,"Diomedea exulans","Wandering Albatross","South Georgia (Islas Georgias del Sur)","Bird Island (SGSSI (IGSISS))",-54,-38.03,"GPS",5098594,82200,"IGOT0095_20120216173500","adult","female","incubation","breeding","2012-02-29","11:53:00",-60.53986,-66.69546,NA,NA
1387,"Diomedea exulans","Wandering Albatross","South Georgia (Islas Georgias del Sur)","Bird Island (SGSSI (IGSISS))",-54,-38.03,"GPS",5098594,82200,"IGOT0095_20120216173500","adult","female","incubation","breeding","2012-02-26","23:18:00",-59.89745,-60.78568,NA,NA
1387,"Diomedea exulans","Wandering Albatross","South Georgia (Islas Georgias del Sur)","Bird Island (SGSSI (IGSISS))",-54,-38.03,"GPS",5098594,82200,"IGOT0095_20120216173500","adult","female","incubation","breeding","2012-02-28","21:59:00",-64.68313,-66.0491,NA,NA
1387,"Diomedea exulans","Wandering Albatross","South Georgia (Islas Georgias del Sur)","Bird Island (SGSSI (IGSISS))",-54,-38.03,"GPS",5098594,82200,"IGOT0095_20120216173500","adult","female","incubation","breeding","2012-02-22","05:38:00",-56.56112,-59.84403,NA,NA
1387,"Diomedea exulans","Wandering Albatross","South Georgia (Islas Georgias del Sur)","Bird Island (SGSSI (IGSISS))",-54,-38.03,"GPS",5098594,82200,"IGOT0095_20120216173500","adult","female","incubation","breeding","2012-02-21","02:46:00",-54.9336,-60.96169,NA,NA
1387,"Diomedea exulans","Wandering Albatross","South Georgia (Islas Georgias del Sur)","Bird Island (SGSSI (IGSISS))",-54,-38.03,"GPS",5098594,82200,"IGOT0095_20120216173500","adult","female","incubation","breeding","2012-02-20","14:06:00",-54.78227,-56.08148,NA,NA
1387,"Diomedea exulans","Wandering Albatross","South Georgia (Islas Georgias del Sur)","Bird Island (SGSSI (IGSISS))",-54,-38.03,"GPS",5098594,82200,"IGOT0095_20120216173500","adult","female","incubation","breeding","2012-03-05","13:02:00",-53.98563,-54.30951,NA,NA
1387,"Diomedea exulans","Wandering Albatross","South Georgia (Islas Georgias del Sur)","Bird Island (SGSSI (IGSISS))",-54,-38.03,"GPS",5098594,82200,"IGOT0095_20120216173500","adult","female","incubation","breeding","2012-02-22","10:57:00",-56.90287,-59.17629,NA,NA
1387,"Diomedea exulans","Wandering Albatross","South Georgia (Islas Georgias del Sur)","Bird Island (SGSSI (IGSISS))",-54,-38.03,"GPS",5098594,82200,"IGOT0095_20120216173500","adult","female","incubation","breeding","2012-02-28","04:15:00",-59.20129,-63.10231,NA,NA
1387,"Diomedea exulans","Wandering Albatross","South Georgia (Islas Georgias del Sur)","Bird Island (SGSSI (IGSISS))",-54,-38.03,"GPS",5098594,82200,"IGOT0095_20120216173500","adult","female","incubation","breeding","2012-03-03","13:15:00",-56.49787,-56.54319,NA,NA
1387,"Diomedea exulans","Wandering Albatross","South Georgia (Islas Georgias del Sur)","Bird Island (SGSSI (IGSISS))",-54,-38.03,"GPS",5098594,82200,"IGOT0095_20120216173500","adult","female","incubation","breeding","2012-03-04","07:32:00",-56.04396,-53.06891,NA,NA
1387,"Diomedea exulans","Wandering Albatross","South Georgia (Islas Georgias del Sur)","Bird Island (SGSSI (IGSISS))",-54,-38.03,"GPS",5098594,82200,"IGOT0095_20120216173500","adult","female","incubation","breeding","2012-03-05","15:56:00",-53.81101,-52.68051,NA,NA
1387,"Diomedea exulans","Wandering Albatross","South Georgia (Islas Georgias del Sur)","Bird Island (SGSSI (IGSISS))",-54,-38.03,"GPS",5098594,82200,"IGOT0095_20120216173500","adult","female","incubation","breeding","2012-02-24","01:32:00",-61.62087,-66.93705,NA,NA
1387,"Diomedea exulans","Wandering Albatross","South Georgia (Islas Georgias del Sur)","Bird Island (SGSSI (IGSISS))",-54,-38.03,"GPS",5098594,82200,"IGOT0095_20120216173500","adult","female","incubation","breeding","2012-02-24","11:36:00",-61.84829,-66.62216,NA,NA
1387,"Diomedea exulans","Wandering Albatross","South Georgia (Islas Georgias del Sur)","Bird Island (SGSSI (IGSISS))",-54,-38.03,"GPS",5098594,82200,"IGOT0095_20120216173500","adult","female","incubation","breeding","2012-02-28","10:54:00",-60.63803,-63.79453,NA,NA
1387,"Diomedea exulans","Wandering Albatross","South Georgia (Islas Georgias del Sur)","Bird Island (SGSSI (IGSISS))",-54,-38.03,"GPS",5098594,82200,"IGOT0095_20120216173500","adult","female","incubation","breeding","2012-02-27","05:16:00",-59.45519,-61.15266,NA,NA
1387,"Diomedea exulans","Wandering Albatross","South Georgia (Islas Georgias del Sur)","Bird Island (SGSSI (IGSISS))",-54,-38.03,"GPS",5098594,82200,"IGOT0095_20120216173500","adult","female","incubation","breeding","2012-02-29","00:30:00",-65.29168,-66.93657,NA,NA
1387,"Diomedea exulans","Wandering Albatross","South Georgia (Islas Georgias del Sur)","Bird Island (SGSSI (IGSISS))",-54,-38.03,"GPS",5098594,82200,"IGOT0095_20120216173500","adult","female","incubation","breeding","2012-02-28","15:53:00",-62.08816,-64.52731,NA,NA
1387,"Diomedea exulans","Wandering Albatross","South Georgia (Islas Georgias del Sur)","Bird Island (SGSSI (IGSISS))",-54,-38.03,"GPS",5098594,82200,"IGOT0095_20120216173500","adult","female","incubation","breeding","2012-02-21","08:55:00",-54.87602,-61.44234,NA,NA
1387,"Diomedea exulans","Wandering Albatross","South Georgia (Islas Georgias del Sur)","Bird Island (SGSSI (IGSISS))",-54,-38.03,"GPS",5098594,82200,"IGOT0095_20120216173500","adult","female","incubation","breeding","2012-03-07","08:39:00",-53.88694,-38.07618,NA,NA
1387,"Diomedea exulans","Wandering Albatross","South Georgia (Islas Georgias del Sur)","Bird Island (SGSSI (IGSISS))",-54,-38.03,"GPS",5098594,82200,"IGOT0095_20120216173500","adult","female","incubation","breeding","2012-02-27","14:46:00",-58.43021,-63.08997,NA,NA
1387,"Diomedea exulans","Wandering Albatross","South Georgia (Islas Georgias del Sur)","Bird Island (SGSSI (IGSISS))",-54,-38.03,"GPS",5098594,82200,"IGOT0095_20120216173500","adult","female","incubation","breeding","2012-02-27","16:43:00",-58.44591,-63.17408,NA,NA
1387,"Diomedea exulans","Wandering Albatross","South Georgia (Islas Georgias del Sur)","Bird Island (SGSSI (IGSISS))",-54,-38.03,"GPS",5098594,82200,"IGOT0095_20120216173500","adult","female","incubation","breeding","2012-02-27","19:12:00",-58.52042,-63.26569,NA,NA
1387,"Diomedea exulans","Wandering Albatross","South Georgia (Islas Georgias del Sur)","Bird Island (SGSSI (IGSISS))",-54,-38.03,"GPS",5098594,82200,"IGOT0095_20120216173500","adult","female","incubation","breeding","2012-02-28","06:20:00",-59.27908,-63.25305,NA,NA
1387,"Diomedea exulans","Wandering Albatross","South Georgia (Islas Georgias del Sur)","Bird Island (SGSSI (IGSISS))",-54,-38.03,"GPS",5098594,82200,"IGOT0095_20120216173500","adult","female","incubation","breeding","2012-03-03","20:53:00",-56.01458,-53.30177,NA,NA
1387,"Diomedea exulans","Wandering Albatross","South Georgia (Islas Georgias del Sur)","Bird Island (SGSSI (IGSISS))",-54,-38.03,"GPS",5098594,82200,"IGOT0095_20120216173500","adult","female","incubation","breeding","2012-02-29","16:44:00",-58.39556,-66.27786,NA,NA
1387,"Diomedea exulans","Wandering Albatross","South Georgia (Islas Georgias del Sur)","Bird Island (SGSSI (IGSISS))",-54,-38.03,"GPS",5098594,82200,"IGOT0095_20120216173500","adult","female","incubation","breeding","2012-03-04","20:43:00",-55.42656,-54.13345,NA,NA
1387,"Diomedea exulans","Wandering Albatross","South Georgia (Islas Georgias del Sur)","Bird Island (SGSSI (IGSISS))",-54,-38.03,"GPS",5098594,82200,"IGOT0095_20120216173500","adult","female","incubation","breeding","2012-02-24","09:51:00",-61.74186,-66.09759,NA,NA
1387,"Diomedea exulans","Wandering Albatross","South Georgia (Islas Georgias del Sur)","Bird Island (SGSSI (IGSISS))",-54,-38.03,"GPS",5098594,82200,"IGOT0095_20120216173500","adult","female","incubation","breeding","2012-02-26","01:49:00",-61.84894,-65.22597,NA,NA
1387,"Diomedea exulans","Wandering Albatross","South Georgia (Islas Georgias del Sur)","Bird Island (SGSSI (IGSISS))",-54,-38.03,"GPS",5098594,82200,"IGOT0095_20120216173500","adult","female","incubation","breeding","2012-02-26","06:44:00",-61.84853,-65.14967,NA,NA
1387,"Diomedea exulans","Wandering Albatross","South Georgia (Islas Georgias del Sur)","Bird Island (SGSSI (IGSISS))",-54,-38.03,"GPS",5098594,82200,"IGOT0095_20120216173500","adult","female","incubation","breeding","2012-02-25","03:44:00",-62.23902,-67.3588,NA,NA
1387,"Diomedea exulans","Wandering Albatross","South Georgia (Islas Georgias del Sur)","Bird Island (SGSSI (IGSISS))",-54,-38.03,"GPS",5098594,82200,"IGOT0095_20120216173500","adult","female","incubation","breeding","2012-02-22","06:52:00",-56.55755,-59.8243,NA,NA
1387,"Diomedea exulans","Wandering Albatross","South Georgia (Islas Georgias del Sur)","Bird Island (SGSSI (IGSISS))",-54,-38.03,"GPS",5098594,82200,"IGOT0095_20120216173500","adult","female","incubation","breeding","2012-03-03","00:01:00",-56.48598,-59.97348,NA,NA
1387,"Diomedea exulans","Wandering Albatross","South Georgia (Islas Georgias del Sur)","Bird Island (SGSSI (IGSISS))",-54,-38.03,"GPS",5098594,82200,"IGOT0095_20120216173500","adult","female","incubation","breeding","2012-03-03","05:11:00",-56.61341,-59.49785,NA,NA
1387,"Diomedea exulans","Wandering Albatross","South Georgia (Islas Georgias del Sur)","Bird Island (SGSSI (IGSISS))",-54,-38.03,"GPS",5098594,82200,"IGOT0095_20120216173500","adult","female","incubation","breeding","2012-03-01","08:19:00",-57.28721,-66.7109,NA,NA
1387,"Diomedea exulans","Wandering Albatross","South Georgia (Islas Georgias del Sur)","Bird Island (SGSSI (IGSISS))",-54,-38.03,"GPS",5098594,82200,"IGOT0095_20120216173500","adult","female","incubation","breeding","2012-03-01","09:33:00",-57.29711,-66.89608,NA,NA
1387,"Diomedea exulans","Wandering Albatross","South Georgia (Islas Georgias del Sur)","Bird Island (SGSSI (IGSISS))",-54,-38.03,"GPS",5098594,82200,"IGOT0095_20120216173500","adult","female","incubation","breeding","2012-02-20","22:55:00",-55.04904,-60.32811,NA,NA
1387,"Diomedea exulans","Wandering Albatross","South Georgia (Islas Georgias del Sur)","Bird Island (SGSSI (IGSISS))",-54,-38.03,"GPS",5098594,82200,"IGOT0095_20120216173500","adult","female","incubation","breeding","2012-03-06","16:52:00",-54.52973,-47.66784,NA,NA
1387,"Diomedea exulans","Wandering Albatross","South Georgia (Islas Georgias del Sur)","Bird Island (SGSSI (IGSISS))",-54,-38.03,"GPS",5098594,82200,"IGOT0095_20120216173500","adult","female","incubation","breeding","2012-02-17","17:44:00",-53.72515,-45.04942,NA,NA
1387,"Diomedea exulans","Wandering Albatross","South Georgia (Islas Georgias del Sur)","Bird Island (SGSSI (IGSISS))",-54,-38.03,"GPS",5098594,82200,"IGOT0095_20120216173500","adult","female","incubation","breeding","2012-02-17","01:19:00",-52.73481,-38.93278,NA,NA
1387,"Diomedea exulans","Wandering Albatross","South Georgia (Islas Georgias del Sur)","Bird Island (SGSSI (IGSISS))",-54,-38.03,"GPS",5098594,82200,"IGOT0095_20120216173500","adult","female","incubation","breeding","2012-02-20","11:24:00",-54.39992,-55.07349,NA,NA
1387,"Diomedea exulans","Wandering Albatross","South Georgia (Islas Georgias del Sur)","Bird Island (SGSSI (IGSISS))",-54,-38.03,"GPS",5098594,82200,"IGOT0095_20120216173500","adult","female","incubation","breeding","2012-03-04","04:45:00",-56.00645,-53.06339,NA,NA
1387,"Diomedea exulans","Wandering Albatross","South Georgia (Islas Georgias del Sur)","Bird Island (SGSSI (IGSISS))",-54,-38.03,"GPS",5098594,82200,"IGOT0095_20120216173500","adult","female","incubation","breeding","2012-03-04","15:49:00",-55.64406,-52.47757,NA,NA
1387,"Diomedea exulans","Wandering Albatross","South Georgia (Islas Georgias del Sur)","Bird Island (SGSSI (IGSISS))",-54,-38.03,"GPS",5098594,82200,"IGOT0095_20120216173500","adult","female","incubation","breeding","2012-02-24","10:48:00",-61.75555,-66.41949,NA,NA
1387,"Diomedea exulans","Wandering Albatross","South Georgia (Islas Georgias del Sur)","Bird Island (SGSSI (IGSISS))",-54,-38.03,"GPS",5098594,82200,"IGOT0095_20120216173500","adult","female","incubation","breeding","2012-02-24","14:04:00",-61.92958,-66.62489,NA,NA
1387,"Diomedea exulans","Wandering Albatross","South Georgia (Islas Georgias del Sur)","Bird Island (SGSSI (IGSISS))",-54,-38.03,"GPS",5098594,82200,"IGOT0095_20120216173500","adult","female","incubation","breeding","2012-02-25","02:25:00",-62.24476,-67.43195,NA,NA
1387,"Diomedea exulans","Wandering Albatross","South Georgia (Islas Georgias del Sur)","Bird Island (SGSSI (IGSISS))",-54,-38.03,"GPS",5098594,82200,"IGOT0095_20120216173500","adult","female","incubation","breeding","2012-02-25","10:31:00",-61.93335,-67.84638,NA,NA
1387,"Diomedea exulans","Wandering Albatross","South Georgia (Islas Georgias del Sur)","Bird Island (SGSSI (IGSISS))",-54,-38.03,"GPS",5098594,82200,"IGOT0095_20120216173500","adult","female","incubation","breeding","2012-03-03","01:45:00",-56.61992,-59.50819,NA,NA
1387,"Diomedea exulans","Wandering Albatross","South Georgia (Islas Georgias del Sur)","Bird Island (SGSSI (IGSISS))",-54,-38.03,"GPS",5098594,82200,"IGOT0095_20120216173500","adult","female","incubation","breeding","2012-02-21","08:31:00",-54.88508,-61.36275,NA,NA
1387,"Diomedea exulans","Wandering Albatross","South Georgia (Islas Georgias del Sur)","Bird Island (SGSSI (IGSISS))",-54,-38.03,"GPS",5098594,82200,"IGOT0095_20120216173500","adult","female","incubation","breeding","2012-03-02","00:59:00",-57.37877,-66.90041,NA,NA
1387,"Diomedea exulans","Wandering Albatross","South Georgia (Islas Georgias del Sur)","Bird Island (SGSSI (IGSISS))",-54,-38.03,"GPS",5098594,82200,"IGOT0095_20120216173500","adult","female","incubation","breeding","2012-03-02","03:29:00",-57.37517,-66.89603,NA,NA
1387,"Diomedea exulans","Wandering Albatross","South Georgia (Islas Georgias del Sur)","Bird Island (SGSSI (IGSISS))",-54,-38.03,"GPS",5098594,82200,"IGOT0095_20120216173500","adult","female","incubation","breeding","2012-02-21","16:56:00",-54.91676,-61.91767,NA,NA
1387,"Diomedea exulans","Wandering Albatross","South Georgia (Islas Georgias del Sur)","Bird Island (SGSSI (IGSISS))",-54,-38.03,"GPS",5098594,82200,"IGOT0095_20120216173500","adult","female","incubation","breeding","2012-02-17","21:08:00",-53.50938,-46.12256,NA,NA
1387,"Diomedea exulans","Wandering Albatross","South Georgia (Islas Georgias del Sur)","Bird Island (SGSSI (IGSISS))",-54,-38.03,"GPS",5098594,82200,"IGOT0095_20120216173500","adult","female","incubation","breeding","2012-03-07","07:10:00",-53.9224,-39.33013,NA,NA
1387,"Diomedea exulans","Wandering Albatross","South Georgia (Islas Georgias del Sur)","Bird Island (SGSSI (IGSISS))",-54,-38.03,"GPS",5098594,82200,"IGOT0095_20120216173500","adult","female","incubation","breeding","2012-02-20","13:41:00",-54.68034,-55.96807,NA,NA
1387,"Diomedea exulans","Wandering Albatross","South Georgia (Islas Georgias del Sur)","Bird Island (SGSSI (IGSISS))",-54,-38.03,"GPS",5098594,82200,"IGOT0095_20120216173500","adult","female","incubation","breeding","2012-02-27","15:09:00",-58.43487,-63.11306,NA,NA
1387,"Diomedea exulans","Wandering Albatross","South Georgia (Islas Georgias del Sur)","Bird Island (SGSSI (IGSISS))",-54,-38.03,"GPS",5098594,82200,"IGOT0095_20120216173500","adult","female","incubation","breeding","2012-03-03","21:43:00",-56.01001,-53.30003,NA,NA
1387,"Diomedea exulans","Wandering Albatross","South Georgia (Islas Georgias del Sur)","Bird Island (SGSSI (IGSISS))",-54,-38.03,"GPS",5098594,82200,"IGOT0095_20120216173500","adult","female","incubation","breeding","2012-02-19","09:11:00",-54.05156,-51.10914,NA,NA
1387,"Diomedea exulans","Wandering Albatross","South Georgia (Islas Georgias del Sur)","Bird Island (SGSSI (IGSISS))",-54,-38.03,"GPS",5098594,82200,"IGOT0095_20120216173500","adult","female","incubation","breeding","2012-02-19","19:18:00",-53.83164,-52.54092,NA,NA
1387,"Diomedea exulans","Wandering Albatross","South Georgia (Islas Georgias del Sur)","Bird Island (SGSSI (IGSISS))",-54,-38.03,"GPS",5098594,82200,"IGOT0095_20120216173500","adult","female","incubation","breeding","2012-03-05","05:07:00",-55.4185,-54.77833,NA,NA
1387,"Diomedea exulans","Wandering Albatross","South Georgia (Islas Georgias del Sur)","Bird Island (SGSSI (IGSISS))",-54,-38.03,"GPS",5098594,82200,"IGOT0095_20120216173500","adult","female","incubation","breeding","2012-03-05","15:06:00",-53.81597,-52.95054,NA,NA
1387,"Diomedea exulans","Wandering Albatross","South Georgia (Islas Georgias del Sur)","Bird Island (SGSSI (IGSISS))",-54,-38.03,"GPS",5098594,82200,"IGOT0095_20120216173500","adult","female","incubation","breeding","2012-03-06","14:15:00",-54.23902,-49.6269,NA,NA
1387,"Diomedea exulans","Wandering Albatross","South Georgia (Islas Georgias del Sur)","Bird Island (SGSSI (IGSISS))",-54,-38.03,"GPS",5098594,82200,"IGOT0095_20120216173500","adult","female","incubation","breeding","2012-02-24","08:32:00",-61.67685,-66.81516,NA,NA
1387,"Diomedea exulans","Wandering Albatross","South Georgia (Islas Georgias del Sur)","Bird Island (SGSSI (IGSISS))",-54,-38.03,"GPS",5098594,82200,"IGOT0095_20120216173500","adult","female","incubation","breeding","2012-02-24","14:29:00",-61.95779,-66.51139,NA,NA
1387,"Diomedea exulans","Wandering Albatross","South Georgia (Islas Georgias del Sur)","Bird Island (SGSSI (IGSISS))",-54,-38.03,"GPS",5098594,82200,"IGOT0095_20120216173500","adult","female","incubation","breeding","2012-02-24","20:03:00",-62.0889,-67.17528,NA,NA
1387,"Diomedea exulans","Wandering Albatross","South Georgia (Islas Georgias del Sur)","Bird Island (SGSSI (IGSISS))",-54,-38.03,"GPS",5098594,82200,"IGOT0095_20120216173500","adult","female","incubation","breeding","2012-02-26","11:06:00",-62.73701,-63.44607,NA,NA
1387,"Diomedea exulans","Wandering Albatross","South Georgia (Islas Georgias del Sur)","Bird Island (SGSSI (IGSISS))",-54,-38.03,"GPS",5098594,82200,"IGOT0095_20120216173500","adult","female","incubation","breeding","2012-03-01","05:24:00",-57.29263,-66.73684,NA,NA
1387,"Diomedea exulans","Wandering Albatross","South Georgia (Islas Georgias del Sur)","Bird Island (SGSSI (IGSISS))",-54,-38.03,"GPS",5098594,82200,"IGOT0095_20120216173500","adult","female","incubation","breeding","2012-03-01","17:08:00",-57.29827,-66.73277,NA,NA
1387,"Diomedea exulans","Wandering Albatross","South Georgia (Islas Georgias del Sur)","Bird Island (SGSSI (IGSISS))",-54,-38.03,"GPS",5098594,82200,"IGOT0095_20120216173500","adult","female","incubation","breeding","2012-03-02","04:18:00",-57.37257,-66.87962,NA,NA
1387,"Diomedea exulans","Wandering Albatross","South Georgia (Islas Georgias del Sur)","Bird Island (SGSSI (IGSISS))",-54,-38.03,"GPS",5098594,82200,"IGOT0095_20120216173500","adult","female","incubation","breeding","2012-03-02","15:04:00",-56.48836,-65.21551,NA,NA
1387,"Diomedea exulans","Wandering Albatross","South Georgia (Islas Georgias del Sur)","Bird Island (SGSSI (IGSISS))",-54,-38.03,"GPS",5098594,82200,"IGOT0095_20120216173500","adult","female","incubation","breeding","2012-02-29","19:35:00",-57.25948,-66.10471,NA,NA
1387,"Diomedea exulans","Wandering Albatross","South Georgia (Islas Georgias del Sur)","Bird Island (SGSSI (IGSISS))",-54,-38.03,"GPS",5098594,82200,"IGOT0095_20120216173500","adult","female","incubation","breeding","2012-02-18","07:22:00",-53.05535,-46.86604,NA,NA
1387,"Diomedea exulans","Wandering Albatross","South Georgia (Islas Georgias del Sur)","Bird Island (SGSSI (IGSISS))",-54,-38.03,"GPS",5098594,82200,"IGOT0095_20120216173500","adult","female","incubation","breeding","2012-03-07","00:48:00",-54.94982,-41.32295,NA,NA
1387,"Diomedea exulans","Wandering Albatross","South Georgia (Islas Georgias del Sur)","Bird Island (SGSSI (IGSISS))",-54,-38.03,"GPS",5098594,82200,"IGOT0095_20120216173500","adult","female","incubation","breeding","2012-03-05","13:52:00",-53.90842,-53.68692,NA,NA
1387,"Diomedea exulans","Wandering Albatross","South Georgia (Islas Georgias del Sur)","Bird Island (SGSSI (IGSISS))",-54,-38.03,"GPS",5098594,82200,"IGOT0095_20120216173500","adult","female","incubation","breeding","2012-03-05","09:21:00",-54.63459,-55.47025,NA,NA
1387,"Diomedea exulans","Wandering Albatross","South Georgia (Islas Georgias del Sur)","Bird Island (SGSSI (IGSISS))",-54,-38.03,"GPS",5098594,82200,"IGOT0095_20120216173500","adult","female","incubation","breeding","2012-02-27","16:02:00",-58.44276,-63.15079,NA,NA
1387,"Diomedea exulans","Wandering Albatross","South Georgia (Islas Georgias del Sur)","Bird Island (SGSSI (IGSISS))",-54,-38.03,"GPS",5098594,82200,"IGOT0095_20120216173500","adult","female","incubation","breeding","2012-02-19","13:18:00",-54.36223,-51.6802,NA,NA
1387,"Diomedea exulans","Wandering Albatross","South Georgia (Islas Georgias del Sur)","Bird Island (SGSSI (IGSISS))",-54,-38.03,"GPS",5098594,82200,"IGOT0095_20120216173500","adult","female","incubation","breeding","2012-03-05","02:06:00",-55.41256,-54.78305,NA,NA
1387,"Diomedea exulans","Wandering Albatross","South Georgia (Islas Georgias del Sur)","Bird Island (SGSSI (IGSISS))",-54,-38.03,"GPS",5098594,82200,"IGOT0095_20120216173500","adult","female","incubation","breeding","2012-03-06","07:52:00",-53.96381,-52.63797,NA,NA
1387,"Diomedea exulans","Wandering Albatross","South Georgia (Islas Georgias del Sur)","Bird Island (SGSSI (IGSISS))",-54,-38.03,"GPS",5098594,82200,"IGOT0095_20120216173500","adult","female","incubation","breeding","2012-02-23","01:25:00",-59.09514,-61.0322,NA,NA
1387,"Diomedea exulans","Wandering Albatross","South Georgia (Islas Georgias del Sur)","Bird Island (SGSSI (IGSISS))",-54,-38.03,"GPS",5098594,82200,"IGOT0095_20120216173500","adult","female","incubation","breeding","2012-02-28","10:08:00",-60.22378,-63.68273,NA,NA
1387,"Diomedea exulans","Wandering Albatross","South Georgia (Islas Georgias del Sur)","Bird Island (SGSSI (IGSISS))",-54,-38.03,"GPS",5098594,82200,"IGOT0095_20120216173500","adult","female","incubation","breeding","2012-02-26","19:19:00",-61.22339,-61.72242,NA,NA
1387,"Diomedea exulans","Wandering Albatross","South Georgia (Islas Georgias del Sur)","Bird Island (SGSSI (IGSISS))",-54,-38.03,"GPS",5098594,82200,"IGOT0095_20120216173500","adult","female","incubation","breeding","2012-02-29","02:11:00",-64.60631,-67.32914,NA,NA
1387,"Diomedea exulans","Wandering Albatross","South Georgia (Islas Georgias del Sur)","Bird Island (SGSSI (IGSISS))",-54,-38.03,"GPS",5098594,82200,"IGOT0095_20120216173500","adult","female","incubation","breeding","2012-02-23","19:48:00",-61.92178,-67.30094,NA,NA
1387,"Diomedea exulans","Wandering Albatross","South Georgia (Islas Georgias del Sur)","Bird Island (SGSSI (IGSISS))",-54,-38.03,"GPS",5098594,82200,"IGOT0095_20120216173500","adult","female","incubation","breeding","2012-02-24","13:15:00",-61.90068,-66.66897,NA,NA
1387,"Diomedea exulans","Wandering Albatross","South Georgia (Islas Georgias del Sur)","Bird Island (SGSSI (IGSISS))",-54,-38.03,"GPS",5098594,82200,"IGOT0095_20120216173500","adult","female","incubation","breeding","2012-02-24","20:37:00",-62.11347,-67.21699,NA,NA
1387,"Diomedea exulans","Wandering Albatross","South Georgia (Islas Georgias del Sur)","Bird Island (SGSSI (IGSISS))",-54,-38.03,"GPS",5098594,82200,"IGOT0095_20120216173500","adult","female","incubation","breeding","2012-02-24","22:27:00",-62.14615,-67.33442,NA,NA
1387,"Diomedea exulans","Wandering Albatross","South Georgia (Islas Georgias del Sur)","Bird Island (SGSSI (IGSISS))",-54,-38.03,"GPS",5098594,82200,"IGOT0095_20120216173500","adult","female","incubation","breeding","2012-02-24","23:52:00",-62.19161,-67.35519,NA,NA
1387,"Diomedea exulans","Wandering Albatross","South Georgia (Islas Georgias del Sur)","Bird Island (SGSSI (IGSISS))",-54,-38.03,"GPS",5098594,82200,"IGOT0095_20120216173500","adult","female","incubation","breeding","2012-03-03","04:45:00",-56.61537,-59.49857,NA,NA
1387,"Diomedea exulans","Wandering Albatross","South Georgia (Islas Georgias del Sur)","Bird Island (SGSSI (IGSISS))",-54,-38.03,"GPS",5098594,82200,"IGOT0095_20120216173500","adult","female","incubation","breeding","2012-03-03","08:58:00",-56.53383,-59.04732,NA,NA
1387,"Diomedea exulans","Wandering Albatross","South Georgia (Islas Georgias del Sur)","Bird Island (SGSSI (IGSISS))",-54,-38.03,"GPS",5098594,82200,"IGOT0095_20120216173500","adult","female","incubation","breeding","2012-03-01","02:49:00",-57.28649,-66.74661,NA,NA
1387,"Diomedea exulans","Wandering Albatross","South Georgia (Islas Georgias del Sur)","Bird Island (SGSSI (IGSISS))",-54,-38.03,"GPS",5098594,82200,"IGOT0095_20120216173500","adult","female","incubation","breeding","2012-03-02","16:57:00",-56.16906,-64.31086,NA,NA
1387,"Diomedea exulans","Wandering Albatross","South Georgia (Islas Georgias del Sur)","Bird Island (SGSSI (IGSISS))",-54,-38.03,"GPS",5098594,82200,"IGOT0095_20120216173500","adult","female","incubation","breeding","2012-02-21","01:49:00",-54.93036,-60.9915,NA,NA
1387,"Diomedea exulans","Wandering Albatross","South Georgia (Islas Georgias del Sur)","Bird Island (SGSSI (IGSISS))",-54,-38.03,"GPS",5098594,82200,"IGOT0095_20120216173500","adult","female","incubation","breeding","2012-02-18","10:24:00",-53.46312,-47.37353,NA,NA
1387,"Diomedea exulans","Wandering Albatross","South Georgia (Islas Georgias del Sur)","Bird Island (SGSSI (IGSISS))",-54,-38.03,"GPS",5098594,82200,"IGOT0095_20120216173500","adult","female","incubation","breeding","2012-02-22","13:15:00",-56.88443,-59.13947,NA,NA
1387,"Diomedea exulans","Wandering Albatross","South Georgia (Islas Georgias del Sur)","Bird Island (SGSSI (IGSISS))",-54,-38.03,"GPS",5098594,82200,"IGOT0095_20120216173500","adult","female","incubation","breeding","2012-02-28","02:34:00",-59.17668,-63.05975,NA,NA
1387,"Diomedea exulans","Wandering Albatross","South Georgia (Islas Georgias del Sur)","Bird Island (SGSSI (IGSISS))",-54,-38.03,"GPS",5098594,82200,"IGOT0095_20120216173500","adult","female","incubation","breeding","2012-02-28","03:24:00",-59.19807,-63.09549,NA,NA
1387,"Diomedea exulans","Wandering Albatross","South Georgia (Islas Georgias del Sur)","Bird Island (SGSSI (IGSISS))",-54,-38.03,"GPS",5098594,82200,"IGOT0095_20120216173500","adult","female","incubation","breeding","2012-03-03","10:36:00",-56.52088,-58.07438,NA,NA
1387,"Diomedea exulans","Wandering Albatross","South Georgia (Islas Georgias del Sur)","Bird Island (SGSSI (IGSISS))",-54,-38.03,"GPS",5098594,82200,"IGOT0095_20120216173500","adult","female","incubation","breeding","2012-02-18","16:14:00",-53.98121,-49.54964,NA,NA
1387,"Diomedea exulans","Wandering Albatross","South Georgia (Islas Georgias del Sur)","Bird Island (SGSSI (IGSISS))",-54,-38.03,"GPS",5098594,82200,"IGOT0095_20120216173500","adult","female","incubation","breeding","2012-02-19","22:51:00",-53.92609,-53.38692,NA,NA
1387,"Diomedea exulans","Wandering Albatross","South Georgia (Islas Georgias del Sur)","Bird Island (SGSSI (IGSISS))",-54,-38.03,"GPS",5098594,82200,"IGOT0095_20120216173500","adult","female","incubation","breeding","2012-03-05","03:26:00",-55.41783,-54.78075,NA,NA
1387,"Diomedea exulans","Wandering Albatross","South Georgia (Islas Georgias del Sur)","Bird Island (SGSSI (IGSISS))",-54,-38.03,"GPS",5098594,82200,"IGOT0095_20120216173500","adult","female","incubation","breeding","2012-02-29","09:01:00",-61.86195,-66.81059,NA,NA
1387,"Diomedea exulans","Wandering Albatross","South Georgia (Islas Georgias del Sur)","Bird Island (SGSSI (IGSISS))",-54,-38.03,"GPS",5098594,82200,"IGOT0095_20120216173500","adult","female","incubation","breeding","2012-02-24","11:12:00",-61.81253,-66.5088,NA,NA
1387,"Diomedea exulans","Wandering Albatross","South Georgia (Islas Georgias del Sur)","Bird Island (SGSSI (IGSISS))",-54,-38.03,"GPS",5098594,82200,"IGOT0095_20120216173500","adult","female","incubation","breeding","2012-02-25","06:26:00",-62.22573,-67.36166,NA,NA
1387,"Diomedea exulans","Wandering Albatross","South Georgia (Islas Georgias del Sur)","Bird Island (SGSSI (IGSISS))",-54,-38.03,"GPS",5098594,82200,"IGOT0095_20120216173500","adult","female","incubation","breeding","2012-02-25","21:00:00",-62.37002,-65.74709,NA,NA
1387,"Diomedea exulans","Wandering Albatross","South Georgia (Islas Georgias del Sur)","Bird Island (SGSSI (IGSISS))",-54,-38.03,"GPS",5098594,82200,"IGOT0095_20120216173500","adult","female","incubation","breeding","2012-03-03","00:51:00",-56.61867,-59.5106,NA,NA
1387,"Diomedea exulans","Wandering Albatross","South Georgia (Islas Georgias del Sur)","Bird Island (SGSSI (IGSISS))",-54,-38.03,"GPS",5098594,82200,"IGOT0095_20120216173500","adult","female","incubation","breeding","2012-02-21","08:06:00",-54.8849,-61.32863,NA,NA
1387,"Diomedea exulans","Wandering Albatross","South Georgia (Islas Georgias del Sur)","Bird Island (SGSSI (IGSISS))",-54,-38.03,"GPS",5098594,82200,"IGOT0095_20120216173500","adult","female","incubation","breeding","2012-02-17","14:19:00",-53.3009,-43.50693,NA,NA
1387,"Diomedea exulans","Wandering Albatross","South Georgia (Islas Georgias del Sur)","Bird Island (SGSSI (IGSISS))",-54,-38.03,"GPS",5098594,82200,"IGOT0095_20120216173500","adult","female","incubation","breeding","2012-02-17","07:54:00",-52.27402,-39.76917,NA,NA
1387,"Diomedea exulans","Wandering Albatross","South Georgia (Islas Georgias del Sur)","Bird Island (SGSSI (IGSISS))",-54,-38.03,"GPS",5098594,82200,"IGOT0095_20120216173500","adult","female","incubation","breeding","2012-02-17","03:58:00",-52.72363,-38.93796,NA,NA
1387,"Diomedea exulans","Wandering Albatross","South Georgia (Islas Georgias del Sur)","Bird Island (SGSSI (IGSISS))",-54,-38.03,"GPS",5098594,82200,"IGOT0095_20120216173500","adult","female","incubation","breeding","2012-02-20","09:02:00",-54.17765,-54.13728,NA,NA
1387,"Diomedea exulans","Wandering Albatross","South Georgia (Islas Georgias del Sur)","Bird Island (SGSSI (IGSISS))",-54,-38.03,"GPS",5098594,82200,"IGOT0095_20120216173500","adult","female","incubation","breeding","2012-03-06","02:50:00",-53.9663,-52.6062,NA,NA
1387,"Diomedea exulans","Wandering Albatross","South Georgia (Islas Georgias del Sur)","Bird Island (SGSSI (IGSISS))",-54,-38.03,"GPS",5098594,82200,"IGOT0095_20120216173500","adult","female","incubation","breeding","2012-02-28","05:06:00",-59.19722,-63.10096,NA,NA
1387,"Diomedea exulans","Wandering Albatross","South Georgia (Islas Georgias del Sur)","Bird Island (SGSSI (IGSISS))",-54,-38.03,"GPS",5098594,82200,"IGOT0095_20120216173500","adult","female","incubation","breeding","2012-03-04","14:08:00",-55.67268,-52.28409,NA,NA
1387,"Diomedea exulans","Wandering Albatross","South Georgia (Islas Georgias del Sur)","Bird Island (SGSSI (IGSISS))",-54,-38.03,"GPS",5098594,82200,"IGOT0095_20120216173500","adult","female","incubation","breeding","2012-03-04","14:34:00",-55.68566,-52.29666,NA,NA
1387,"Diomedea exulans","Wandering Albatross","South Georgia (Islas Georgias del Sur)","Bird Island (SGSSI (IGSISS))",-54,-38.03,"GPS",5098594,82200,"IGOT0095_20120216173500","adult","female","incubation","breeding","2012-02-19","03:02:00",-53.55656,-51.01462,NA,NA
1387,"Diomedea exulans","Wandering Albatross","South Georgia (Islas Georgias del Sur)","Bird Island (SGSSI (IGSISS))",-54,-38.03,"GPS",5098594,82200,"IGOT0095_20120216173500","adult","female","incubation","breeding","2012-02-19","22:27:00",-53.84793,-53.34074,NA,NA
1387,"Diomedea exulans","Wandering Albatross","South Georgia (Islas Georgias del Sur)","Bird Island (SGSSI (IGSISS))",-54,-38.03,"GPS",5098594,82200,"IGOT0095_20120216173500","adult","female","incubation","breeding","2012-02-29","10:08:00",-61.31345,-66.7432,NA,NA
1387,"Diomedea exulans","Wandering Albatross","South Georgia (Islas Georgias del Sur)","Bird Island (SGSSI (IGSISS))",-54,-38.03,"GPS",5098594,82200,"IGOT0095_20120216173500","adult","female","incubation","breeding","2012-02-26","07:34:00",-61.84804,-65.12563,NA,NA
1387,"Diomedea exulans","Wandering Albatross","South Georgia (Islas Georgias del Sur)","Bird Island (SGSSI (IGSISS))",-54,-38.03,"GPS",5098594,82200,"IGOT0095_20120216173500","adult","female","incubation","breeding","2012-02-23","03:55:00",-59.08419,-61.01737,NA,NA
1387,"Diomedea exulans","Wandering Albatross","South Georgia (Islas Georgias del Sur)","Bird Island (SGSSI (IGSISS))",-54,-38.03,"GPS",5098594,82200,"IGOT0095_20120216173500","adult","female","incubation","breeding","2012-02-27","08:36:00",-59.61704,-61.41958,NA,NA
1387,"Diomedea exulans","Wandering Albatross","South Georgia (Islas Georgias del Sur)","Bird Island (SGSSI (IGSISS))",-54,-38.03,"GPS",5098594,82200,"IGOT0095_20120216173500","adult","female","incubation","breeding","2012-02-28","09:33:00",-60.1012,-63.54223,NA,NA
1387,"Diomedea exulans","Wandering Albatross","South Georgia (Islas Georgias del Sur)","Bird Island (SGSSI (IGSISS))",-54,-38.03,"GPS",5098594,82200,"IGOT0095_20120216173500","adult","female","incubation","breeding","2012-02-23","18:21:00",-62.01128,-66.50822,NA,NA
1387,"Diomedea exulans","Wandering Albatross","South Georgia (Islas Georgias del Sur)","Bird Island (SGSSI (IGSISS))",-54,-38.03,"GPS",5098594,82200,"IGOT0095_20120216173500","adult","female","incubation","breeding","2012-03-01","23:52:00",-57.38118,-66.90383,NA,NA
1387,"Diomedea exulans","Wandering Albatross","South Georgia (Islas Georgias del Sur)","Bird Island (SGSSI (IGSISS))",-54,-38.03,"GPS",5098594,82200,"IGOT0095_20120216173500","adult","female","incubation","breeding","2012-02-21","15:05:00",-54.71515,-62.10984,NA,NA
1387,"Diomedea exulans","Wandering Albatross","South Georgia (Islas Georgias del Sur)","Bird Island (SGSSI (IGSISS))",-54,-38.03,"GPS",5098594,82200,"IGOT0095_20120216173500","adult","female","incubation","breeding","2012-02-17","18:09:00",-53.67249,-45.32185,NA,NA
1387,"Diomedea exulans","Wandering Albatross","South Georgia (Islas Georgias del Sur)","Bird Island (SGSSI (IGSISS))",-54,-38.03,"GPS",5098594,82200,"IGOT0095_20120216173500","adult","female","incubation","breeding","2012-02-20","18:59:00",-55.07687,-58.39502,NA,NA
1387,"Diomedea exulans","Wandering Albatross","South Georgia (Islas Georgias del Sur)","Bird Island (SGSSI (IGSISS))",-54,-38.03,"GPS",5098594,82200,"IGOT0095_20120216173500","adult","female","incubation","breeding","2012-02-19","18:23:00",-53.93268,-52.34203,NA,NA
1387,"Diomedea exulans","Wandering Albatross","South Georgia (Islas Georgias del Sur)","Bird Island (SGSSI (IGSISS))",-54,-38.03,"GPS",5098594,82200,"IGOT0095_20120216173500","adult","female","incubation","breeding","2012-02-29","12:30:00",-60.23089,-66.61391,NA,NA
1387,"Diomedea exulans","Wandering Albatross","South Georgia (Islas Georgias del Sur)","Bird Island (SGSSI (IGSISS))",-54,-38.03,"GPS",5098594,82200,"IGOT0095_20120216173500","adult","female","incubation","breeding","2012-02-26","05:02:00",-61.84819,-65.17748,NA,NA
1387,"Diomedea exulans","Wandering Albatross","South Georgia (Islas Georgias del Sur)","Bird Island (SGSSI (IGSISS))",-54,-38.03,"GPS",5098594,82200,"IGOT0095_20120216173500","adult","female","incubation","breeding","2012-02-23","04:19:00",-59.08172,-61.01355,NA,NA
1387,"Diomedea exulans","Wandering Albatross","South Georgia (Islas Georgias del Sur)","Bird Island (SGSSI (IGSISS))",-54,-38.03,"GPS",5098594,82200,"IGOT0095_20120216173500","adult","female","incubation","breeding","2012-02-26","23:48:00",-59.74162,-60.69773,NA,NA
1387,"Diomedea exulans","Wandering Albatross","South Georgia (Islas Georgias del Sur)","Bird Island (SGSSI (IGSISS))",-54,-38.03,"GPS",5098594,82200,"IGOT0095_20120216173500","adult","female","incubation","breeding","2012-02-28","16:17:00",-62.32455,-64.59409,NA,NA
1387,"Diomedea exulans","Wandering Albatross","South Georgia (Islas Georgias del Sur)","Bird Island (SGSSI (IGSISS))",-54,-38.03,"GPS",5098594,82200,"IGOT0095_20120216173500","adult","female","incubation","breeding","2012-02-23","18:49:00",-62.09466,-66.53181,NA,NA
1387,"Diomedea exulans","Wandering Albatross","South Georgia (Islas Georgias del Sur)","Bird Island (SGSSI (IGSISS))",-54,-38.03,"GPS",5098594,82200,"IGOT0095_20120216173500","adult","female","incubation","breeding","2012-03-01","07:28:00",-57.29163,-66.71647,NA,NA
1387,"Diomedea exulans","Wandering Albatross","South Georgia (Islas Georgias del Sur)","Bird Island (SGSSI (IGSISS))",-54,-38.03,"GPS",5098594,82200,"IGOT0095_20120216173500","adult","female","incubation","breeding","2012-02-18","00:26:00",-52.89663,-46.87214,NA,NA
1387,"Diomedea exulans","Wandering Albatross","South Georgia (Islas Georgias del Sur)","Bird Island (SGSSI (IGSISS))",-54,-38.03,"GPS",5098594,82200,"IGOT0095_20120216173500","adult","female","incubation","breeding","2012-02-17","08:20:00",-52.23064,-40.03286,NA,NA
1387,"Diomedea exulans","Wandering Albatross","South Georgia (Islas Georgias del Sur)","Bird Island (SGSSI (IGSISS))",-54,-38.03,"GPS",5098594,82200,"IGOT0095_20120216173500","adult","female","incubation","breeding","2012-02-20","04:29:00",-54.01034,-53.35959,NA,NA
1387,"Diomedea exulans","Wandering Albatross","South Georgia (Islas Georgias del Sur)","Bird Island (SGSSI (IGSISS))",-54,-38.03,"GPS",5098594,82200,"IGOT0095_20120216173500","adult","female","incubation","breeding","2012-02-19","00:31:00",-53.56139,-51.02854,NA,NA
1387,"Diomedea exulans","Wandering Albatross","South Georgia (Islas Georgias del Sur)","Bird Island (SGSSI (IGSISS))",-54,-38.03,"GPS",5098594,82200,"IGOT0095_20120216173500","adult","female","incubation","breeding","2012-03-05","18:03:00",-53.98509,-52.66662,NA,NA
1387,"Diomedea exulans","Wandering Albatross","South Georgia (Islas Georgias del Sur)","Bird Island (SGSSI (IGSISS))",-54,-38.03,"GPS",5098594,82200,"IGOT0095_20120216173500","adult","female","incubation","breeding","2012-03-06","10:52:00",-54.12049,-51.53978,NA,NA
1387,"Diomedea exulans","Wandering Albatross","South Georgia (Islas Georgias del Sur)","Bird Island (SGSSI (IGSISS))",-54,-38.03,"GPS",5098594,82200,"IGOT0095_20120216173500","adult","female","incubation","breeding","2012-02-28","21:35:00",-64.51269,-65.85414,NA,NA
1387,"Diomedea exulans","Wandering Albatross","South Georgia (Islas Georgias del Sur)","Bird Island (SGSSI (IGSISS))",-54,-38.03,"GPS",5098594,82200,"IGOT0095_20120216173500","adult","female","incubation","breeding","2012-02-17","11:56:00",-52.61048,-42.06717,NA,NA
1387,"Diomedea exulans","Wandering Albatross","South Georgia (Islas Georgias del Sur)","Bird Island (SGSSI (IGSISS))",-54,-38.03,"GPS",5098594,82200,"IGOT0095_20120216173500","adult","female","incubation","breeding","2012-02-18","07:46:00",-53.20307,-46.94235,NA,NA
1387,"Diomedea exulans","Wandering Albatross","South Georgia (Islas Georgias del Sur)","Bird Island (SGSSI (IGSISS))",-54,-38.03,"GPS",5098594,82200,"IGOT0095_20120216173500","adult","female","incubation","breeding","2012-02-16","21:39:00",-53.30185,-38.43435,NA,NA
1387,"Diomedea exulans","Wandering Albatross","South Georgia (Islas Georgias del Sur)","Bird Island (SGSSI (IGSISS))",-54,-38.03,"GPS",5098594,82200,"IGOT0095_20120216173500","adult","female","incubation","breeding","2012-03-06","00:49:00",-53.97362,-52.61517,NA,NA
1387,"Diomedea exulans","Wandering Albatross","South Georgia (Islas Georgias del Sur)","Bird Island (SGSSI (IGSISS))",-54,-38.03,"GPS",5098594,82200,"IGOT0095_20120216173500","adult","female","incubation","breeding","2012-02-23","16:12:00",-61.30042,-66.49007,NA,NA
1387,"Diomedea exulans","Wandering Albatross","South Georgia (Islas Georgias del Sur)","Bird Island (SGSSI (IGSISS))",-54,-38.03,"GPS",5098594,82200,"IGOT0095_20120216173500","adult","female","incubation","breeding","2012-02-24","05:02:00",-61.60226,-66.8439,NA,NA
1387,"Diomedea exulans","Wandering Albatross","South Georgia (Islas Georgias del Sur)","Bird Island (SGSSI (IGSISS))",-54,-38.03,"GPS",5098594,82200,"IGOT0095_20120216173500","adult","female","incubation","breeding","2012-02-23","05:08:00",-59.07484,-61.00926,NA,NA
1387,"Diomedea exulans","Wandering Albatross","South Georgia (Islas Georgias del Sur)","Bird Island (SGSSI (IGSISS))",-54,-38.03,"GPS",5098594,82200,"IGOT0095_20120216173500","adult","female","incubation","breeding","2012-02-27","00:43:00",-59.49886,-60.96795,NA,NA
1387,"Diomedea exulans","Wandering Albatross","South Georgia (Islas Georgias del Sur)","Bird Island (SGSSI (IGSISS))",-54,-38.03,"GPS",5098594,82200,"IGOT0095_20120216173500","adult","female","incubation","breeding","2012-02-29","02:35:00",-64.50822,-67.35648,NA,NA
1387,"Diomedea exulans","Wandering Albatross","South Georgia (Islas Georgias del Sur)","Bird Island (SGSSI (IGSISS))",-54,-38.03,"GPS",5098594,82200,"IGOT0095_20120216173500","adult","female","incubation","breeding","2012-02-28","20:22:00",-64.00349,-65.49937,NA,NA
1387,"Diomedea exulans","Wandering Albatross","South Georgia (Islas Georgias del Sur)","Bird Island (SGSSI (IGSISS))",-54,-38.03,"GPS",5098594,82200,"IGOT0095_20120216173500","adult","female","incubation","breeding","2012-02-25","07:39:00",-62.32133,-67.42566,NA,NA
1387,"Diomedea exulans","Wandering Albatross","South Georgia (Islas Georgias del Sur)","Bird Island (SGSSI (IGSISS))",-54,-38.03,"GPS",5098594,82200,"IGOT0095_20120216173500","adult","female","incubation","breeding","2012-02-25","18:08:00",-62.15808,-66.3624,NA,NA
1387,"Diomedea exulans","Wandering Albatross","South Georgia (Islas Georgias del Sur)","Bird Island (SGSSI (IGSISS))",-54,-38.03,"GPS",5098594,82200,"IGOT0095_20120216173500","adult","female","incubation","breeding","2012-02-25","20:11:00",-62.45083,-66.02826,NA,NA
1387,"Diomedea exulans","Wandering Albatross","South Georgia (Islas Georgias del Sur)","Bird Island (SGSSI (IGSISS))",-54,-38.03,"GPS",5098594,82200,"IGOT0095_20120216173500","adult","female","incubation","breeding","2012-03-03","03:56:00",-56.61709,-59.50154,NA,NA
1387,"Diomedea exulans","Wandering Albatross","South Georgia (Islas Georgias del Sur)","Bird Island (SGSSI (IGSISS))",-54,-38.03,"GPS",5098594,82200,"IGOT0095_20120216173500","adult","female","incubation","breeding","2012-02-17","19:30:00",-53.62159,-45.96586,NA,NA
1387,"Diomedea exulans","Wandering Albatross","South Georgia (Islas Georgias del Sur)","Bird Island (SGSSI (IGSISS))",-54,-38.03,"GPS",5098594,82200,"IGOT0095_20120216173500","adult","female","incubation","breeding","2012-03-04","08:22:00",-56.01231,-53.0097,NA,NA
1387,"Diomedea exulans","Wandering Albatross","South Georgia (Islas Georgias del Sur)","Bird Island (SGSSI (IGSISS))",-54,-38.03,"GPS",5098594,82200,"IGOT0095_20120216173500","adult","female","incubation","breeding","2012-03-06","07:28:00",-53.96217,-52.63582,NA,NA
1387,"Diomedea exulans","Wandering Albatross","South Georgia (Islas Georgias del Sur)","Bird Island (SGSSI (IGSISS))",-54,-38.03,"GPS",5098594,82200,"IGOT0095_20120216173500","adult","female","incubation","breeding","2012-02-26","05:46:00",-61.84894,-65.16676,NA,NA
1387,"Diomedea exulans","Wandering Albatross","South Georgia (Islas Georgias del Sur)","Bird Island (SGSSI (IGSISS))",-54,-38.03,"GPS",5098594,82200,"IGOT0095_20120216173500","adult","female","incubation","breeding","2012-02-26","21:17:00",-60.5138,-61.29986,NA,NA
1387,"Diomedea exulans","Wandering Albatross","South Georgia (Islas Georgias del Sur)","Bird Island (SGSSI (IGSISS))",-54,-38.03,"GPS",5098594,82200,"IGOT0095_20120216173500","adult","female","incubation","breeding","2012-02-23","06:23:00",-59.06416,-61.00982,NA,NA
1387,"Diomedea exulans","Wandering Albatross","South Georgia (Islas Georgias del Sur)","Bird Island (SGSSI (IGSISS))",-54,-38.03,"GPS",5098594,82200,"IGOT0095_20120216173500","adult","female","incubation","breeding","2012-02-27","07:21:00",-59.49091,-61.21189,NA,NA
1387,"Diomedea exulans","Wandering Albatross","South Georgia (Islas Georgias del Sur)","Bird Island (SGSSI (IGSISS))",-54,-38.03,"GPS",5098594,82200,"IGOT0095_20120216173500","adult","female","incubation","breeding","2012-02-26","17:54:00",-61.74498,-61.88687,NA,NA
1387,"Diomedea exulans","Wandering Albatross","South Georgia (Islas Georgias del Sur)","Bird Island (SGSSI (IGSISS))",-54,-38.03,"GPS",5098594,82200,"IGOT0095_20120216173500","adult","female","incubation","breeding","2012-02-23","19:24:00",-62.02793,-66.96206,NA,NA
1387,"Diomedea exulans","Wandering Albatross","South Georgia (Islas Georgias del Sur)","Bird Island (SGSSI (IGSISS))",-54,-38.03,"GPS",5098594,82200,"IGOT0095_20120216173500","adult","female","incubation","breeding","2012-02-25","03:18:00",-62.24247,-67.35875,NA,NA
1387,"Diomedea exulans","Wandering Albatross","South Georgia (Islas Georgias del Sur)","Bird Island (SGSSI (IGSISS))",-54,-38.03,"GPS",5098594,82200,"IGOT0095_20120216173500","adult","female","incubation","breeding","2012-02-26","14:47:00",-62.70748,-62.62747,NA,NA
1387,"Diomedea exulans","Wandering Albatross","South Georgia (Islas Georgias del Sur)","Bird Island (SGSSI (IGSISS))",-54,-38.03,"GPS",5098594,82200,"IGOT0095_20120216173500","adult","female","incubation","breeding","2012-02-20","22:09:00",-55.08058,-60.10717,NA,NA
1387,"Diomedea exulans","Wandering Albatross","South Georgia (Islas Georgias del Sur)","Bird Island (SGSSI (IGSISS))",-54,-38.03,"GPS",5098594,82200,"IGOT0095_20120216173500","adult","female","incubation","breeding","2012-03-03","06:55:00",-56.60685,-59.50665,NA,NA
1387,"Diomedea exulans","Wandering Albatross","South Georgia (Islas Georgias del Sur)","Bird Island (SGSSI (IGSISS))",-54,-38.03,"GPS",5098594,82200,"IGOT0095_20120216173500","adult","female","incubation","breeding","2012-03-01","03:44:00",-57.29635,-66.69175,NA,NA
1387,"Diomedea exulans","Wandering Albatross","South Georgia (Islas Georgias del Sur)","Bird Island (SGSSI (IGSISS))",-54,-38.03,"GPS",5098594,82200,"IGOT0095_20120216173500","adult","female","incubation","breeding","2012-03-01","11:06:00",-57.26466,-66.97719,NA,NA
1387,"Diomedea exulans","Wandering Albatross","South Georgia (Islas Georgias del Sur)","Bird Island (SGSSI (IGSISS))",-54,-38.03,"GPS",5098594,82200,"IGOT0095_20120216173500","adult","female","incubation","breeding","2012-02-29","18:20:00",-57.70079,-65.96983,NA,NA
1387,"Diomedea exulans","Wandering Albatross","South Georgia (Islas Georgias del Sur)","Bird Island (SGSSI (IGSISS))",-54,-38.03,"GPS",5098594,82200,"IGOT0095_20120216173500","adult","female","incubation","breeding","2012-02-17","02:43:00",-52.72815,-38.93558,NA,NA
1387,"Diomedea exulans","Wandering Albatross","South Georgia (Islas Georgias del Sur)","Bird Island (SGSSI (IGSISS))",-54,-38.03,"GPS",5098594,82200,"IGOT0095_20120216173500","adult","female","incubation","breeding","2012-03-07","05:56:00",-53.91851,-39.33262,NA,NA
