"bird_id","date_time","colony_lon","colony_lat","sex","lon","lat"
"kb_29",2022-01-06 00:03:47,-68.068935,-67.570716,"male",-67.868745,-67.477225
"kb_29",2022-01-06 00:13:41,-68.068935,-67.570716,"male",-67.637237,-67.439308
"kb_29",2022-01-06 00:23:41,-68.068935,-67.570716,"male",-67.615306,-67.420771
"kb_29",2022-01-06 00:33:41,-68.068935,-67.570716,"male",-67.615045,-67.420812
"kb_29",2022-01-06 00:43:40,-68.068935,-67.570716,"male",-67.615105,-67.420788
"kb_29",2022-01-06 00:53:39,-68.068935,-67.570716,"male",-67.608916,-67.416313
"kb_29",2022-01-06 01:03:43,-68.068935,-67.570716,"male",-67.60288,-67.416491
"kb_29",2022-01-06 01:13:45,-68.068935,-67.570716,"male",-67.614402,-67.420427
"kb_29",2022-01-06 01:23:44,-68.068935,-67.570716,"male",-67.614373,-67.420496
"kb_29",2022-01-06 01:33:44,-68.068935,-67.570716,"male",-67.614273,-67.420522
"kb_29",2022-01-06 01:43:44,-68.068935,-67.570716,"male",-67.614158,-67.420519
"kb_29",2022-01-06 01:53:42,-68.068935,-67.570716,"male",-67.6142,-67.420511
"kb_29",2022-01-06 02:03:42,-68.068935,-67.570716,"male",-67.620793,-67.423817
"kb_29",2022-01-06 02:13:51,-68.068935,-67.570716,"male",-67.61057,-67.418316
"kb_29",2022-01-06 02:23:41,-68.068935,-67.570716,"male",-67.613089,-67.419306
"kb_29",2022-01-06 02:33:39,-68.068935,-67.570716,"male",-67.613042,-67.4196
"kb_29",2022-01-06 02:43:40,-68.068935,-67.570716,"male",-67.614356,-67.420616
"kb_29",2022-01-06 02:53:39,-68.068935,-67.570716,"male",-67.61425,-67.420677
"kb_29",2022-01-06 03:03:37,-68.068935,-67.570716,"male",-67.614357,-67.420584
"kb_29",2022-01-06 03:13:40,-68.068935,-67.570716,"male",-67.614501,-67.420548
"kb_29",2022-01-06 03:23:40,-68.068935,-67.570716,"male",-67.614475,-67.42056
"kb_29",2022-01-06 03:33:38,-68.068935,-67.570716,"male",-67.614678,-67.420439
"kb_29",2022-01-06 03:43:48,-68.068935,-67.570716,"male",-67.616966,-67.421553
"kb_29",2022-01-06 03:53:42,-68.068935,-67.570716,"male",-67.620579,-67.422543
"kb_29",2022-01-06 04:03:39,-68.068935,-67.570716,"male",-67.614555,-67.420448
"kb_29",2022-01-06 04:13:39,-68.068935,-67.570716,"male",-67.614666,-67.420429
"kb_29",2022-01-06 04:23:38,-68.068935,-67.570716,"male",-67.614624,-67.420431
"kb_29",2022-01-06 04:33:37,-68.068935,-67.570716,"male",-67.614616,-67.420472
"kb_29",2022-01-06 04:44:14,-68.068935,-67.570716,"male",-67.614425,-67.420159
"kb_29",2022-01-06 04:54:15,-68.068935,-67.570716,"male",-67.611035,-67.417953
"kb_29",2022-01-06 05:04:15,-68.068935,-67.570716,"male",-67.614575,-67.420411
"kb_29",2022-01-06 05:14:18,-68.068935,-67.570716,"male",-67.614611,-67.420474
"kb_29",2022-01-06 05:24:10,-68.068935,-67.570716,"male",-67.614694,-67.420498
"kb_29",2022-01-06 05:34:09,-68.068935,-67.570716,"male",-67.616861,-67.420344
"kb_29",2022-01-06 05:44:03,-68.068935,-67.570716,"male",-67.616145,-67.420664
"kb_29",2022-01-06 05:54:01,-68.068935,-67.570716,"male",-67.615793,-67.420836
"kb_29",2022-01-06 06:04:03,-68.068935,-67.570716,"male",-67.616109,-67.421373
"kb_29",2022-01-06 06:13:55,-68.068935,-67.570716,"male",-67.617733,-67.422016
"kb_29",2022-01-06 06:23:56,-68.068935,-67.570716,"male",-67.622419,-67.424028
"kb_29",2022-01-06 06:33:52,-68.068935,-67.570716,"male",-67.779206,-67.465718
"kb_29",2022-01-06 06:43:46,-68.068935,-67.570716,"male",-67.962835,-67.521971
"kb_29",2022-01-06 06:53:45,-68.068935,-67.570716,"male",-68.06929,-67.570485
"kb_29",2022-01-06 07:03:45,-68.068935,-67.570716,"male",-68.069258,-67.570435
"kb_29",2022-01-06 07:13:39,-68.068935,-67.570716,"male",-68.069553,-67.570593
"kb_29",2022-01-06 07:23:39,-68.068935,-67.570716,"male",-68.069654,-67.570774
"kb_29",2022-01-06 07:33:37,-68.068935,-67.570716,"male",-68.069498,-67.57061
"kb_29",2022-01-06 07:43:31,-68.068935,-67.570716,"male",-68.069484,-67.570703
"kb_29",2022-01-06 07:53:30,-68.068935,-67.570716,"male",-68.0695,-67.570739
"kb_29",2022-01-06 08:03:30,-68.068935,-67.570716,"male",-68.069663,-67.570907
"kb_29",2022-01-06 08:13:34,-68.068935,-67.570716,"male",-68.069554,-67.570534
"kb_29",2022-01-06 08:23:22,-68.068935,-67.570716,"male",-68.069351,-67.570647
"kb_29",2022-01-06 08:33:30,-68.068935,-67.570716,"male",-68.069577,-67.570704
"kb_29",2022-01-06 08:43:24,-68.068935,-67.570716,"male",-68.069719,-67.570725
"kb_29",2022-01-06 08:53:24,-68.068935,-67.570716,"male",-68.069819,-67.570723
"kb_29",2022-01-06 09:03:16,-68.068935,-67.570716,"male",-68.069614,-67.570698
"kb_29",2022-01-06 09:13:07,-68.068935,-67.570716,"male",-68.069568,-67.570655
"kb_29",2022-01-06 09:23:06,-68.068935,-67.570716,"male",-68.069258,-67.57056
"kb_29",2022-01-06 09:33:05,-68.068935,-67.570716,"male",-68.069405,-67.570625
"kb_29",2022-01-06 09:43:08,-68.068935,-67.570716,"male",-68.069328,-67.570608
"kb_29",2022-01-06 09:53:09,-68.068935,-67.570716,"male",-68.06946,-67.570407
"kb_29",2022-01-06 10:03:05,-68.068935,-67.570716,"male",-68.069156,-67.570613
"kb_29",2022-01-06 10:13:05,-68.068935,-67.570716,"male",-68.069431,-67.57066
"kb_29",2022-01-06 10:23:04,-68.068935,-67.570716,"male",-68.069103,-67.570508
"kb_29",2022-01-06 10:33:03,-68.068935,-67.570716,"male",-68.068998,-67.570447
"kb_29",2022-01-06 10:43:03,-68.068935,-67.570716,"male",-68.069154,-67.570596
"kb_29",2022-01-06 10:53:03,-68.068935,-67.570716,"male",-68.069229,-67.570598
"kb_29",2022-01-06 11:03:05,-68.068935,-67.570716,"male",-68.069121,-67.570632
"kb_29",2022-01-06 11:13:04,-68.068935,-67.570716,"male",-68.069068,-67.570596
"kb_29",2022-01-06 11:23:03,-68.068935,-67.570716,"male",-68.069234,-67.570587
"kb_29",2022-01-06 11:33:01,-68.068935,-67.570716,"male",-68.06904,-67.570686
"kb_29",2022-01-06 11:43:03,-68.068935,-67.570716,"male",-68.069556,-67.570864
"kb_29",2022-01-06 11:53:03,-68.068935,-67.570716,"male",-68.069508,-67.570829
"kb_29",2022-01-06 12:03:01,-68.068935,-67.570716,"male",-68.069695,-67.570749
"kb_29",2022-01-06 12:13:02,-68.068935,-67.570716,"male",-68.069626,-67.570773
"kb_29",2022-01-06 12:23:01,-68.068935,-67.570716,"male",-68.069623,-67.570788
"kb_29",2022-01-06 12:33:00,-68.068935,-67.570716,"male",-68.069717,-67.570699
"kb_29",2022-01-06 12:43:03,-68.068935,-67.570716,"male",-68.069594,-67.57071
"kb_29",2022-01-06 12:53:02,-68.068935,-67.570716,"male",-68.069676,-67.570714
"kb_29",2022-01-06 13:03:01,-68.068935,-67.570716,"male",-68.069644,-67.570773
"kb_29",2022-01-06 13:13:02,-68.068935,-67.570716,"male",-68.069537,-67.570691
"kb_29",2022-01-06 13:23:03,-68.068935,-67.570716,"male",-68.069218,-67.570596
"kb_29",2022-01-06 13:33:02,-68.068935,-67.570716,"male",-68.069335,-67.570716
"kb_29",2022-01-06 13:43:02,-68.068935,-67.570716,"male",-68.069589,-67.570705
"kb_29",2022-01-06 13:53:01,-68.068935,-67.570716,"male",-68.0695,-67.570762
"kb_29",2022-01-06 14:03:02,-68.068935,-67.570716,"male",-68.069432,-67.570708
"kb_29",2022-01-06 14:13:04,-68.068935,-67.570716,"male",-68.069364,-67.570814
"kb_29",2022-01-06 14:23:03,-68.068935,-67.570716,"male",-68.069561,-67.570799
"kb_29",2022-01-06 14:33:01,-68.068935,-67.570716,"male",-68.069584,-67.570802
"kb_29",2022-01-06 14:43:01,-68.068935,-67.570716,"male",-68.069534,-67.570786
"kb_29",2022-01-06 14:53:00,-68.068935,-67.570716,"male",-68.069624,-67.570752
"kb_29",2022-01-06 15:03:07,-68.068935,-67.570716,"male",-68.069574,-67.570866
"kb_29",2022-01-06 15:13:01,-68.068935,-67.570716,"male",-68.06973,-67.570762
"kb_29",2022-01-06 15:22:57,-68.068935,-67.570716,"male",-68.069541,-67.57072
"kb_29",2022-01-06 15:32:56,-68.068935,-67.570716,"male",-68.06962,-67.570771
"kb_29",2022-01-06 15:42:56,-68.068935,-67.570716,"male",-68.069522,-67.570689
"kb_29",2022-01-06 15:52:55,-68.068935,-67.570716,"male",-68.06955,-67.570714
"kb_29",2022-01-06 16:02:54,-68.068935,-67.570716,"male",-68.069535,-67.570668
"kb_29",2022-01-06 16:12:56,-68.068935,-67.570716,"male",-68.069585,-67.570725
"kb_29",2022-01-06 16:22:55,-68.068935,-67.570716,"male",-68.069618,-67.570736
"kb_29",2022-01-06 16:32:56,-68.068935,-67.570716,"male",-68.06953,-67.570514
"kb_29",2022-01-06 16:42:57,-68.068935,-67.570716,"male",-68.069664,-67.570764
"kb_29",2022-01-06 16:52:55,-68.068935,-67.570716,"male",-68.069598,-67.570724
"kb_29",2022-01-06 17:02:55,-68.068935,-67.570716,"male",-68.06958,-67.570691
"kb_29",2022-01-06 17:12:54,-68.068935,-67.570716,"male",-68.069548,-67.570811
"kb_29",2022-01-06 17:22:54,-68.068935,-67.570716,"male",-68.069638,-67.57071
"kb_29",2022-01-06 17:32:52,-68.068935,-67.570716,"male",-68.069612,-67.570756
"kb_29",2022-01-06 17:42:54,-68.068935,-67.570716,"male",-68.06974,-67.570757
"kb_29",2022-01-06 17:52:56,-68.068935,-67.570716,"male",-68.06966,-67.570696
"kb_19",2022-01-04 00:07:13,-68.068935,-67.570716,"male",-68.069507,-67.570671
"kb_19",2022-01-04 00:17:07,-68.068935,-67.570716,"male",-68.069342,-67.57066
"kb_19",2022-01-04 00:27:06,-68.068935,-67.570716,"male",-68.069483,-67.570695
"kb_19",2022-01-04 00:37:06,-68.068935,-67.570716,"male",-68.069287,-67.570729
"kb_19",2022-01-04 00:47:04,-68.068935,-67.570716,"male",-68.069341,-67.57065
"kb_19",2022-01-04 00:57:03,-68.068935,-67.570716,"male",-68.06949,-67.570638
"kb_19",2022-01-04 01:07:02,-68.068935,-67.570716,"male",-68.069443,-67.570698
"kb_19",2022-01-04 01:17:01,-68.068935,-67.570716,"male",-68.069375,-67.570689
"kb_19",2022-01-04 01:27:00,-68.068935,-67.570716,"male",-68.069415,-67.570562
"kb_19",2022-01-04 01:36:59,-68.068935,-67.570716,"male",-68.067818,-67.569389
"kb_19",2022-01-04 01:46:55,-68.068935,-67.570716,"male",-67.991949,-67.480473
"kb_19",2022-01-04 01:57:40,-68.068935,-67.570716,"male",-67.94854,-67.452143
"kb_19",2022-01-04 02:07:40,-68.068935,-67.570716,"male",-67.933839,-67.445396
"kb_19",2022-01-04 02:17:37,-68.068935,-67.570716,"male",-67.934117,-67.44539
"kb_19",2022-01-04 02:27:36,-68.068935,-67.570716,"male",-67.934205,-67.445354
"kb_19",2022-01-04 02:37:35,-68.068935,-67.570716,"male",-67.933727,-67.445584
"kb_19",2022-01-04 02:47:31,-68.068935,-67.570716,"male",-67.933731,-67.445619
"kb_19",2022-01-04 02:57:27,-68.068935,-67.570716,"male",-67.933509,-67.445509
"kb_19",2022-01-04 03:07:27,-68.068935,-67.570716,"male",-67.935146,-67.445626
"kb_19",2022-01-04 03:17:23,-68.068935,-67.570716,"male",-67.933699,-67.444901
"kb_19",2022-01-04 03:27:21,-68.068935,-67.570716,"male",-67.934503,-67.446301
"kb_19",2022-01-04 03:37:20,-68.068935,-67.570716,"male",-67.934508,-67.446224
"kb_19",2022-01-04 03:48:19,-68.068935,-67.570716,"male",-67.940044,-67.447152
"kb_19",2022-01-04 03:58:16,-68.068935,-67.570716,"male",-67.936259,-67.446677
"kb_19",2022-01-04 04:08:18,-68.068935,-67.570716,"male",-67.933809,-67.444809
"kb_19",2022-01-04 04:18:11,-68.068935,-67.570716,"male",-67.933487,-67.445638
"kb_19",2022-01-04 04:28:10,-68.068935,-67.570716,"male",-67.93332,-67.445443
"kb_19",2022-01-04 04:38:09,-68.068935,-67.570716,"male",-67.93329,-67.445483
"kb_19",2022-01-04 04:48:03,-68.068935,-67.570716,"male",-67.933323,-67.445486
"kb_19",2022-01-04 04:58:02,-68.068935,-67.570716,"male",-67.933358,-67.445572
"kb_19",2022-01-04 05:08:01,-68.068935,-67.570716,"male",-67.932953,-67.444034
"kb_19",2022-01-04 05:17:58,-68.068935,-67.570716,"male",-67.93273,-67.444947
"kb_19",2022-01-04 05:27:57,-68.068935,-67.570716,"male",-67.93275,-67.44498
"kb_19",2022-01-04 05:37:56,-68.068935,-67.570716,"male",-67.932767,-67.445131
"kb_19",2022-01-04 05:47:50,-68.068935,-67.570716,"male",-67.932896,-67.444836
"kb_19",2022-01-04 05:57:50,-68.068935,-67.570716,"male",-67.935233,-67.445307
"kb_19",2022-01-04 06:07:51,-68.068935,-67.570716,"male",-67.933401,-67.444389
"kb_19",2022-01-04 06:17:44,-68.068935,-67.570716,"male",-67.940665,-67.447694
"kb_19",2022-01-04 06:29:10,-68.068935,-67.570716,"male",-67.938994,-67.447502
"kb_19",2022-01-04 06:38:59,-68.068935,-67.570716,"male",-67.952881,-67.456678
"kb_19",2022-01-04 06:49:00,-68.068935,-67.570716,"male",-67.953056,-67.45383
"kb_19",2022-01-04 06:58:58,-68.068935,-67.570716,"male",-67.952771,-67.4543
"kb_19",2022-01-04 07:08:58,-68.068935,-67.570716,"male",-67.953609,-67.454658
"kb_19",2022-01-04 07:19:44,-68.068935,-67.570716,"male",-67.953988,-67.455505
"kb_19",2022-01-04 07:29:42,-68.068935,-67.570716,"male",-67.95471,-67.459722
"kb_19",2022-01-04 07:39:41,-68.068935,-67.570716,"male",-67.954723,-67.459649
"kb_19",2022-01-04 07:49:37,-68.068935,-67.570716,"male",-67.954568,-67.459799
"kb_19",2022-01-04 07:59:36,-68.068935,-67.570716,"male",-67.954576,-67.459819
"kb_19",2022-01-04 08:09:34,-68.068935,-67.570716,"male",-67.97052,-67.469145
"kb_19",2022-01-04 08:19:28,-68.068935,-67.570716,"male",-67.970247,-67.469024
"kb_19",2022-01-04 08:29:27,-68.068935,-67.570716,"male",-68.002418,-67.489433
"kb_19",2022-01-04 08:39:26,-68.068935,-67.570716,"male",-68.069443,-67.570643
"kb_19",2022-01-04 08:49:20,-68.068935,-67.570716,"male",-68.069463,-67.5706
"kb_19",2022-01-04 08:59:34,-68.068935,-67.570716,"male",-68.070127,-67.557902
"kb_19",2022-01-04 09:09:28,-68.068935,-67.570716,"male",-68.069381,-67.570565
"kb_19",2022-01-04 09:19:14,-68.068935,-67.570716,"male",-68.068964,-67.57074
"kb_19",2022-01-04 09:29:10,-68.068935,-67.570716,"male",-68.069383,-67.570526
"kb_19",2022-01-04 09:39:09,-68.068935,-67.570716,"male",-68.069331,-67.570579
"kb_19",2022-01-04 09:49:04,-68.068935,-67.570716,"male",-68.069434,-67.570554
"kb_19",2022-01-04 09:59:02,-68.068935,-67.570716,"male",-68.069196,-67.570634
"kb_19",2022-01-04 10:09:01,-68.068935,-67.570716,"male",-68.069323,-67.570554
"kb_19",2022-01-04 10:18:56,-68.068935,-67.570716,"male",-68.069291,-67.570606
"kb_19",2022-01-04 10:28:54,-68.068935,-67.570716,"male",-68.069146,-67.570514
"kb_19",2022-01-04 10:38:53,-68.068935,-67.570716,"male",-68.069143,-67.570837
"kb_19",2022-01-04 10:48:48,-68.068935,-67.570716,"male",-68.069061,-67.57074
"kb_19",2022-01-04 10:58:47,-68.068935,-67.570716,"male",-68.069144,-67.570532
"kb_19",2022-01-04 11:08:47,-68.068935,-67.570716,"male",-68.069306,-67.570757
"kb_19",2022-01-04 11:18:41,-68.068935,-67.570716,"male",-68.06923,-67.570783
"kb_19",2022-01-04 11:28:40,-68.068935,-67.570716,"male",-68.069291,-67.570759
"kb_19",2022-01-04 11:38:53,-68.068935,-67.570716,"male",-68.069359,-67.570771
"kb_19",2022-01-04 11:48:32,-68.068935,-67.570716,"male",-68.069437,-67.570788
"kb_19",2022-01-04 11:58:31,-68.068935,-67.570716,"male",-68.069448,-67.570772
"kb_19",2022-01-04 12:08:32,-68.068935,-67.570716,"male",-68.069638,-67.570988
"kb_19",2022-01-04 12:18:24,-68.068935,-67.570716,"male",-68.069601,-67.5707
"kb_19",2022-01-04 12:28:22,-68.068935,-67.570716,"male",-68.06955,-67.570733
"kb_19",2022-01-04 12:38:21,-68.068935,-67.570716,"male",-68.069597,-67.570565
"kb_19",2022-01-04 12:48:15,-68.068935,-67.570716,"male",-68.069603,-67.570642
"kb_19",2022-01-04 12:58:15,-68.068935,-67.570716,"male",-68.069468,-67.570653
"kb_19",2022-01-04 13:08:14,-68.068935,-67.570716,"male",-68.069497,-67.570621
"kb_19",2022-01-04 13:18:09,-68.068935,-67.570716,"male",-68.069513,-67.570703
"kb_19",2022-01-04 13:28:10,-68.068935,-67.570716,"male",-68.069573,-67.570638
"kb_19",2022-01-04 13:38:07,-68.068935,-67.570716,"male",-68.069563,-67.570626
"kb_19",2022-01-04 13:48:01,-68.068935,-67.570716,"male",-68.069469,-67.570605
"kb_19",2022-01-04 13:57:59,-68.068935,-67.570716,"male",-68.069527,-67.570602
"kb_19",2022-01-04 14:07:59,-68.068935,-67.570716,"male",-68.069449,-67.570705
"kb_19",2022-01-04 14:17:53,-68.068935,-67.570716,"male",-68.069397,-67.570712
"kb_19",2022-01-04 14:27:51,-68.068935,-67.570716,"male",-68.069443,-67.570671
"kb_19",2022-01-04 14:37:51,-68.068935,-67.570716,"male",-68.069428,-67.570691
"kb_19",2022-01-04 14:47:46,-68.068935,-67.570716,"male",-68.069393,-67.570709
"kb_19",2022-01-04 14:57:45,-68.068935,-67.570716,"male",-68.069524,-67.570731
"kb_19",2022-01-04 15:07:46,-68.068935,-67.570716,"male",-68.069614,-67.57074
"kb_19",2022-01-04 15:17:37,-68.068935,-67.570716,"male",-68.069544,-67.570711
"kb_19",2022-01-04 15:27:39,-68.068935,-67.570716,"male",-68.069911,-67.57031
"kb_19",2022-01-04 15:37:35,-68.068935,-67.570716,"male",-68.069557,-67.57067
"kb_19",2022-01-04 15:47:30,-68.068935,-67.570716,"male",-68.069672,-67.570458
"kb_19",2022-01-04 15:57:28,-68.068935,-67.570716,"male",-68.06956,-67.57066
"kb_19",2022-01-04 16:07:28,-68.068935,-67.570716,"male",-68.069545,-67.570594
"kb_19",2022-01-04 16:17:21,-68.068935,-67.570716,"male",-68.069747,-67.570709
"kb_19",2022-01-04 16:27:20,-68.068935,-67.570716,"male",-68.069672,-67.570724
"kb_19",2022-01-04 16:37:20,-68.068935,-67.570716,"male",-68.069614,-67.570695
"kb_19",2022-01-04 16:47:14,-68.068935,-67.570716,"male",-68.069557,-67.570613
"kb_19",2022-01-04 16:57:13,-68.068935,-67.570716,"male",-68.069597,-67.570641
"kb_19",2022-01-04 17:07:15,-68.068935,-67.570716,"male",-68.069562,-67.570668
"kb_19",2022-01-04 17:17:06,-68.068935,-67.570716,"male",-68.069835,-67.570648
"kb_19",2022-01-04 17:27:05,-68.068935,-67.570716,"male",-68.069674,-67.570699
"kb_19",2022-01-04 17:37:07,-68.068935,-67.570716,"male",-68.069625,-67.570665
"kb_19",2022-01-04 17:46:59,-68.068935,-67.570716,"male",-68.069477,-67.570643
"kb_19",2022-01-04 17:56:57,-68.068935,-67.570716,"male",-68.069794,-67.570652
"kb_19",2022-01-04 18:06:56,-68.068935,-67.570716,"male",-68.069698,-67.570689
"kb_19",2022-01-04 18:16:51,-68.068935,-67.570716,"male",-68.069894,-67.570696
"kb_19",2022-01-04 18:26:53,-68.068935,-67.570716,"male",-68.069852,-67.570922
"kb_19",2022-01-04 18:36:50,-68.068935,-67.570716,"male",-68.069792,-67.570673
"kb_27",2022-01-04 00:22:39,-68.068935,-67.570716,"female",-68.067495,-67.569563
"kb_27",2022-01-04 00:32:40,-68.068935,-67.570716,"female",-68.067651,-67.569535
"kb_27",2022-01-04 00:42:37,-68.068935,-67.570716,"female",-68.067534,-67.569573
"kb_27",2022-01-04 00:52:38,-68.068935,-67.570716,"female",-68.067607,-67.569542
"kb_27",2022-01-04 01:02:35,-68.068935,-67.570716,"female",-68.067541,-67.569576
"kb_27",2022-01-04 01:12:33,-68.068935,-67.570716,"female",-68.067636,-67.569514
"kb_27",2022-01-04 01:22:35,-68.068935,-67.570716,"female",-68.06742,-67.569596
"kb_27",2022-01-04 01:32:31,-68.068935,-67.570716,"female",-68.067353,-67.569532
"kb_27",2022-01-04 01:42:30,-68.068935,-67.570716,"female",-68.067975,-67.569317
"kb_27",2022-01-04 01:52:24,-68.068935,-67.570716,"female",-68.064516,-67.569349
"kb_27",2022-01-04 02:02:23,-68.068935,-67.570716,"female",-68.067894,-67.56946
"kb_27",2022-01-04 02:12:22,-68.068935,-67.570716,"female",-68.068913,-67.570398
"kb_27",2022-01-04 02:22:17,-68.068935,-67.570716,"female",-67.930013,-67.55208
"kb_27",2022-01-04 02:34:09,-68.068935,-67.570716,"female",-67.80841,-67.54658
"kb_27",2022-01-04 02:44:06,-68.068935,-67.570716,"female",-67.803065,-67.54816
"kb_27",2022-01-04 02:54:00,-68.068935,-67.570716,"female",-67.803112,-67.54817
"kb_27",2022-01-04 03:03:58,-68.068935,-67.570716,"female",-67.803146,-67.548166
"kb_27",2022-01-04 03:13:58,-68.068935,-67.570716,"female",-67.803341,-67.548172
"kb_27",2022-01-04 03:25:02,-68.068935,-67.570716,"female",-67.800534,-67.546303
"kb_27",2022-01-04 03:35:57,-68.068935,-67.570716,"female",-67.787306,-67.547318
"kb_27",2022-01-04 03:45:57,-68.068935,-67.570716,"female",-67.787197,-67.546984
"kb_27",2022-01-04 03:55:50,-68.068935,-67.570716,"female",-67.784604,-67.547214
"kb_27",2022-01-04 04:05:49,-68.068935,-67.570716,"female",-67.784789,-67.547485
"kb_27",2022-01-04 04:17:53,-68.068935,-67.570716,"female",-67.784074,-67.547307
"kb_27",2022-01-04 04:27:50,-68.068935,-67.570716,"female",-67.784968,-67.547449
"kb_27",2022-01-04 04:37:54,-68.068935,-67.570716,"female",-67.786221,-67.547586
"kb_27",2022-01-04 04:47:51,-68.068935,-67.570716,"female",-67.786226,-67.548202
"kb_27",2022-01-04 04:57:39,-68.068935,-67.570716,"female",-67.78625,-67.547378
"kb_27",2022-01-04 05:07:40,-68.068935,-67.570716,"female",-67.785635,-67.547574
"kb_27",2022-01-04 05:17:37,-68.068935,-67.570716,"female",-67.78484,-67.547285
"kb_27",2022-01-04 05:27:31,-68.068935,-67.570716,"female",-67.784503,-67.547169
"kb_27",2022-01-04 05:37:30,-68.068935,-67.570716,"female",-68.2696716,-67.20032896
"kb_27",2022-01-04 05:47:37,-68.068935,-67.570716,"female",-67.785094,-67.546982
"kb_27",2022-01-04 05:57:23,-68.068935,-67.570716,"female",-67.784713,-67.547128
"kb_27",2022-01-04 06:07:24,-68.068935,-67.570716,"female",-67.783997,-67.546966
"kb_27",2022-01-04 06:17:21,-68.068935,-67.570716,"female",-67.78511,-67.5472
"kb_27",2022-01-04 06:27:15,-68.068935,-67.570716,"female",-67.785215,-67.5468
"kb_27",2022-01-04 06:37:14,-68.068935,-67.570716,"female",-68.070064,-67.570213
"kb_27",2022-01-04 06:47:14,-68.068935,-67.570716,"female",-68.06963,-67.570726
"kb_27",2022-01-04 06:57:17,-68.068935,-67.570716,"female",-68.069508,-67.570627
"kb_27",2022-01-04 07:07:06,-68.068935,-67.570716,"female",-68.070105,-67.570812
"kb_27",2022-01-04 07:17:15,-68.068935,-67.570716,"female",-68.070043,-67.570887
"kb_27",2022-01-04 07:26:59,-68.068935,-67.570716,"female",-68.03825,-67.566749
"kb_27",2022-01-04 07:36:58,-68.068935,-67.570716,"female",-68.068652,-67.570488
"kb_27",2022-01-04 07:46:57,-68.068935,-67.570716,"female",-67.994852,-67.564112
"kb_27",2022-01-04 07:56:51,-68.068935,-67.570716,"female",-67.84776,-67.551639
"kb_27",2022-01-04 08:06:51,-68.068935,-67.570716,"female",-67.802237,-67.546561
"kb_27",2022-01-04 08:16:51,-68.068935,-67.570716,"female",-67.783936,-67.546817
"kb_27",2022-01-04 08:28:12,-68.068935,-67.570716,"female",-67.786336,-67.547568
"kb_27",2022-01-04 08:38:12,-68.068935,-67.570716,"female",-67.785412,-67.547102
"kb_27",2022-01-04 08:48:12,-68.068935,-67.570716,"female",-67.78555,-67.547072
"kb_27",2022-01-04 08:58:15,-68.068935,-67.570716,"female",-67.784528,-67.546787
"kb_27",2022-01-04 09:08:15,-68.068935,-67.570716,"female",-67.785048,-67.546611
"kb_27",2022-01-04 09:18:00,-68.068935,-67.570716,"female",-67.785616,-67.547354
"kb_27",2022-01-04 09:28:05,-68.068935,-67.570716,"female",-67.784775,-67.547656
"kb_27",2022-01-04 09:37:53,-68.068935,-67.570716,"female",-67.784067,-67.547111
"kb_27",2022-01-04 09:48:50,-68.068935,-67.570716,"female",-67.783791,-67.545916
"kb_27",2022-01-04 09:58:46,-68.068935,-67.570716,"female",-67.783779,-67.545813
"kb_27",2022-01-04 10:10:42,-68.068935,-67.570716,"female",-67.78343,-67.54576
"kb_27",2022-01-04 10:20:41,-68.068935,-67.570716,"female",-67.783886,-67.550277
"kb_27",2022-01-04 10:30:35,-68.068935,-67.570716,"female",-67.787911,-67.548989
"kb_27",2022-01-04 10:40:34,-68.068935,-67.570716,"female",-67.895823,-67.566577
"kb_27",2022-01-04 10:50:33,-68.068935,-67.570716,"female",-68.069103,-67.57055
"kb_27",2022-01-04 11:00:35,-68.068935,-67.570716,"female",-68.069116,-67.570582
"kb_27",2022-01-04 11:10:29,-68.068935,-67.570716,"female",-68.06907,-67.570605
"kb_27",2022-01-04 11:20:28,-68.068935,-67.570716,"female",-68.069023,-67.570551
"kb_27",2022-01-04 11:30:22,-68.068935,-67.570716,"female",-68.067739,-67.571202
"kb_27",2022-01-04 11:40:18,-68.068935,-67.570716,"female",-68.069458,-67.570717
"kb_27",2022-01-04 11:50:18,-68.068935,-67.570716,"female",-68.069527,-67.570658
"kb_27",2022-01-04 12:00:13,-68.068935,-67.570716,"female",-68.068869,-67.570599
"kb_27",2022-01-04 12:10:11,-68.068935,-67.570716,"female",-68.069256,-67.570682
"kb_27",2022-01-04 12:20:10,-68.068935,-67.570716,"female",-68.069627,-67.570743
"kb_27",2022-01-04 12:30:04,-68.068935,-67.570716,"female",-68.070035,-67.570908
"kb_27",2022-01-04 12:40:03,-68.068935,-67.570716,"female",-68.069231,-67.570682
"kb_27",2022-01-04 12:50:03,-68.068935,-67.570716,"female",-68.069505,-67.570721
"kb_27",2022-01-04 12:59:57,-68.068935,-67.570716,"female",-68.069605,-67.570665
"kb_27",2022-01-04 13:09:58,-68.068935,-67.570716,"female",-68.069435,-67.570605
"kb_27",2022-01-04 13:19:55,-68.068935,-67.570716,"female",-68.069693,-67.570759
"kb_27",2022-01-04 13:29:48,-68.068935,-67.570716,"female",-68.069483,-67.570717
"kb_27",2022-01-04 13:39:49,-68.068935,-67.570716,"female",-68.069473,-67.570552
"kb_27",2022-01-04 13:49:47,-68.068935,-67.570716,"female",-68.069281,-67.570672
"kb_27",2022-01-04 13:59:41,-68.068935,-67.570716,"female",-68.069561,-67.570709
"kb_27",2022-01-04 14:09:41,-68.068935,-67.570716,"female",-68.069391,-67.570645
"kb_27",2022-01-04 14:19:40,-68.068935,-67.570716,"female",-68.069393,-67.570665
"kb_27",2022-01-04 14:29:34,-68.068935,-67.570716,"female",-68.069394,-67.570872
"kb_27",2022-01-04 14:39:35,-68.068935,-67.570716,"female",-68.069472,-67.570697
"kb_27",2022-01-04 14:49:32,-68.068935,-67.570716,"female",-68.069363,-67.57071
"kb_27",2022-01-04 14:59:24,-68.068935,-67.570716,"female",-68.069498,-67.570707
"kb_27",2022-01-04 15:09:24,-68.068935,-67.570716,"female",-68.069704,-67.570788
"kb_27",2022-01-04 15:19:22,-68.068935,-67.570716,"female",-68.069496,-67.570786
"kb_27",2022-01-04 15:29:18,-68.068935,-67.570716,"female",-68.069439,-67.570719
"kb_27",2022-01-04 15:39:16,-68.068935,-67.570716,"female",-68.069494,-67.570728
"kb_27",2022-01-04 15:49:15,-68.068935,-67.570716,"female",-68.069747,-67.570743
"kb_27",2022-01-04 15:59:09,-68.068935,-67.570716,"female",-68.069577,-67.570644
"kb_27",2022-01-04 16:09:08,-68.068935,-67.570716,"female",-68.069853,-67.570835
"kb_27",2022-01-04 16:19:07,-68.068935,-67.570716,"female",-68.069521,-67.570791
"kb_27",2022-01-04 16:29:01,-68.068935,-67.570716,"female",-68.069751,-67.570766
"kb_27",2022-01-04 16:39:01,-68.068935,-67.570716,"female",-68.069597,-67.570709
"kb_27",2022-01-04 16:48:59,-68.068935,-67.570716,"female",-68.069555,-67.570721
"kb_27",2022-01-04 16:58:53,-68.068935,-67.570716,"female",-68.069462,-67.570781
"kb_27",2022-01-04 17:08:53,-68.068935,-67.570716,"female",-68.069528,-67.570756
"kb_27",2022-01-04 17:18:55,-68.068935,-67.570716,"female",-68.069547,-67.570792
"kb_27",2022-01-04 17:28:47,-68.068935,-67.570716,"female",-68.069619,-67.570796
"kb_27",2022-01-04 17:38:48,-68.068935,-67.570716,"female",-68.069752,-67.570783
"kb_27",2022-01-04 17:48:44,-68.068935,-67.570716,"female",-68.069685,-67.570749
"kb_27",2022-01-04 17:58:38,-68.068935,-67.570716,"female",-68.069688,-67.570713
"kb_27",2022-01-04 18:08:37,-68.068935,-67.570716,"female",-68.069875,-67.570744
"kb_27",2022-01-04 18:18:39,-68.068935,-67.570716,"female",-68.069582,-67.570702
"kb_27",2022-01-04 18:28:30,-68.068935,-67.570716,"female",-68.069748,-67.570742
"kb_27",2022-01-04 18:38:29,-68.068935,-67.570716,"female",-68.069687,-67.570711
"kb_27",2022-01-04 18:48:31,-68.068935,-67.570716,"female",-68.070288,-67.571062
"kb_27",2022-01-04 18:58:23,-68.068935,-67.570716,"female",-68.068917,-67.570362
"kb_27",2022-01-04 19:08:25,-68.068935,-67.570716,"female",-68.068518,-67.570321
"kb_27",2022-01-04 19:18:24,-68.068935,-67.570716,"female",-68.069946,-67.570901
"kb_27",2022-01-04 19:28:18,-68.068935,-67.570716,"female",-68.06901,-67.571021
"kb_27",2022-01-04 19:38:17,-68.068935,-67.570716,"female",-68.072636,-67.571463
"kb_27",2022-01-04 19:48:22,-68.068935,-67.570716,"female",-68.069507,-67.570705
"kb_27",2022-01-04 19:58:10,-68.068935,-67.570716,"female",-68.069174,-67.571201
"kb_27",2022-01-04 20:08:09,-68.068935,-67.570716,"female",-68.069318,-67.571253
"kb_27",2022-01-04 20:18:17,-68.068935,-67.570716,"female",-68.069835,-67.570743
"kb_27",2022-01-04 20:28:07,-68.068935,-67.570716,"female",-68.06961,-67.570715
"kb_27",2022-01-04 20:38:10,-68.068935,-67.570716,"female",-68.069488,-67.570806
"kb_27",2022-01-04 20:47:58,-68.068935,-67.570716,"female",-68.069195,-67.570658
"kb_27",2022-01-04 20:57:52,-68.068935,-67.570716,"female",-68.069491,-67.57073
"kb_27",2022-01-04 21:07:52,-68.068935,-67.570716,"female",-68.069472,-67.570754
"kb_27",2022-01-04 21:17:51,-68.068935,-67.570716,"female",-68.069597,-67.570711
"kb_27",2022-01-04 21:27:44,-68.068935,-67.570716,"female",-68.069376,-67.570687
"kb_27",2022-01-04 21:37:43,-68.068935,-67.570716,"female",-68.069265,-67.570699
"kb_27",2022-01-04 21:47:43,-68.068935,-67.570716,"female",-68.069298,-67.570798
"kb_27",2022-01-04 21:57:36,-68.068935,-67.570716,"female",-68.06937,-67.570704
"kb_27",2022-01-04 22:07:38,-68.068935,-67.570716,"female",-68.068531,-67.570251
"kb_27",2022-01-04 22:17:34,-68.068935,-67.570716,"female",-68.069439,-67.570696
"kb_27",2022-01-04 22:27:28,-68.068935,-67.570716,"female",-68.069429,-67.570755
"kb_17",2022-01-04 00:09:13,-68.068935,-67.570716,"male",-68.06908,-67.570717
"kb_17",2022-01-04 00:19:07,-68.068935,-67.570716,"male",-68.068889,-67.570771
"kb_17",2022-01-04 00:29:06,-68.068935,-67.570716,"male",-68.069037,-67.570647
"kb_17",2022-01-04 00:39:05,-68.068935,-67.570716,"male",-68.068942,-67.570732
"kb_17",2022-01-04 00:49:04,-68.068935,-67.570716,"male",-68.068917,-67.570668
"kb_17",2022-01-04 00:59:03,-68.068935,-67.570716,"male",-68.06903,-67.57064
"kb_17",2022-01-04 01:09:02,-68.068935,-67.570716,"male",-68.068883,-67.570594
"kb_17",2022-01-04 01:19:01,-68.068935,-67.570716,"male",-68.068924,-67.570652
"kb_17",2022-01-04 01:29:01,-68.068935,-67.570716,"male",-68.068836,-67.570641
"kb_17",2022-01-04 01:39:00,-68.068935,-67.570716,"male",-68.068919,-67.570692
"kb_17",2022-01-04 01:48:53,-68.068935,-67.570716,"male",-68.068913,-67.57066
"kb_17",2022-01-04 01:58:54,-68.068935,-67.570716,"male",-68.068834,-67.570661
"kb_17",2022-01-04 02:08:52,-68.068935,-67.570716,"male",-68.068835,-67.570651
"kb_17",2022-01-04 02:18:47,-68.068935,-67.570716,"male",-68.068893,-67.570734
"kb_17",2022-01-04 02:28:46,-68.068935,-67.570716,"male",-68.068903,-67.570705
"kb_17",2022-01-04 02:38:43,-68.068935,-67.570716,"male",-68.068906,-67.570812
"kb_17",2022-01-04 02:48:37,-68.068935,-67.570716,"male",-68.068849,-67.57075
"kb_17",2022-01-04 02:58:36,-68.068935,-67.570716,"male",-68.068909,-67.570814
"kb_17",2022-01-04 03:08:35,-68.068935,-67.570716,"male",-68.068987,-67.57072
"kb_17",2022-01-04 03:18:29,-68.068935,-67.570716,"male",-68.069012,-67.570732
"kb_17",2022-01-04 03:28:28,-68.068935,-67.570716,"male",-68.069063,-67.570714
"kb_17",2022-01-04 03:38:28,-68.068935,-67.570716,"male",-68.069039,-67.570701
"kb_17",2022-01-04 03:48:22,-68.068935,-67.570716,"male",-68.068947,-67.570714
"kb_17",2022-01-04 03:58:21,-68.068935,-67.570716,"male",-68.068956,-67.570702
"kb_17",2022-01-04 04:08:20,-68.068935,-67.570716,"male",-68.06919,-67.570699
"kb_17",2022-01-04 04:18:14,-68.068935,-67.570716,"male",-68.069033,-67.570634
"kb_17",2022-01-04 04:28:12,-68.068935,-67.570716,"male",-68.06899,-67.570699
"kb_17",2022-01-04 04:38:11,-68.068935,-67.570716,"male",-68.069119,-67.570629
"kb_17",2022-01-04 04:48:05,-68.068935,-67.570716,"male",-68.069129,-67.570739
"kb_17",2022-01-04 04:58:04,-68.068935,-67.570716,"male",-68.069077,-67.570624
"kb_17",2022-01-04 05:08:04,-68.068935,-67.570716,"male",-68.06917,-67.570688
"kb_17",2022-01-04 05:17:58,-68.068935,-67.570716,"male",-68.069201,-67.570687
"kb_17",2022-01-04 05:27:56,-68.068935,-67.570716,"male",-68.068844,-67.570759
"kb_17",2022-01-04 05:37:55,-68.068935,-67.570716,"male",-68.068772,-67.570718
"kb_17",2022-01-04 05:47:49,-68.068935,-67.570716,"male",-68.068844,-67.570693
"kb_17",2022-01-04 05:57:48,-68.068935,-67.570716,"male",-68.069041,-67.570661
"kb_17",2022-01-04 06:07:47,-68.068935,-67.570716,"male",-68.069072,-67.570607
"kb_17",2022-01-04 06:17:41,-68.068935,-67.570716,"male",-68.068808,-67.57067
"kb_17",2022-01-04 06:27:40,-68.068935,-67.570716,"male",-68.068794,-67.570703
"kb_17",2022-01-04 06:37:40,-68.068935,-67.570716,"male",-68.068881,-67.570674
"kb_17",2022-01-04 06:47:34,-68.068935,-67.570716,"male",-68.068985,-67.57065
"kb_17",2022-01-04 06:57:33,-68.068935,-67.570716,"male",-68.068859,-67.570656
"kb_17",2022-01-04 07:07:32,-68.068935,-67.570716,"male",-68.068795,-67.570689
"kb_17",2022-01-04 07:17:26,-68.068935,-67.570716,"male",-68.068987,-67.570657
"kb_17",2022-01-04 07:27:25,-68.068935,-67.570716,"male",-68.068938,-67.570604
"kb_17",2022-01-04 07:37:24,-68.068935,-67.570716,"male",-68.069041,-67.570705
"kb_17",2022-01-04 07:47:18,-68.068935,-67.570716,"male",-68.069081,-67.57068
"kb_17",2022-01-04 07:57:18,-68.068935,-67.570716,"male",-68.069054,-67.570667
"kb_17",2022-01-04 08:07:17,-68.068935,-67.570716,"male",-68.06909,-67.570685
"kb_17",2022-01-04 08:17:11,-68.068935,-67.570716,"male",-68.069164,-67.570688
"kb_17",2022-01-04 08:27:10,-68.068935,-67.570716,"male",-68.069052,-67.570661
"kb_17",2022-01-04 08:37:09,-68.068935,-67.570716,"male",-68.069,-67.570676
"kb_17",2022-01-04 08:47:03,-68.068935,-67.570716,"male",-68.068945,-67.570662
"kb_17",2022-01-04 08:57:02,-68.068935,-67.570716,"male",-68.069034,-67.570583
"kb_17",2022-01-04 09:07:01,-68.068935,-67.570716,"male",-68.069004,-67.570599
"kb_17",2022-01-04 09:16:55,-68.068935,-67.570716,"male",-68.068941,-67.57063
"kb_17",2022-01-04 09:26:58,-68.068935,-67.570716,"male",-68.069,-67.570595
"kb_17",2022-01-04 09:37:07,-68.068935,-67.570716,"male",-68.069078,-67.570642
"kb_17",2022-01-04 09:46:51,-68.068935,-67.570716,"male",-68.068556,-67.57072
"kb_17",2022-01-04 09:56:50,-68.068935,-67.570716,"male",-68.068535,-67.570773
"kb_17",2022-01-04 10:06:47,-68.068935,-67.570716,"male",-68.068902,-67.570555
"kb_17",2022-01-04 10:16:44,-68.068935,-67.570716,"male",-68.068378,-67.570571
"kb_17",2022-01-04 10:26:41,-68.068935,-67.570716,"male",-68.057465,-67.543733
"kb_17",2022-01-04 10:36:39,-68.068935,-67.570716,"male",-68.033538,-67.534006
"kb_17",2022-01-04 10:46:33,-68.068935,-67.570716,"male",-68.03125,-67.533275
"kb_17",2022-01-04 10:56:41,-68.068935,-67.570716,"male",-68.03423,-67.52557
"kb_17",2022-01-04 11:06:32,-68.068935,-67.570716,"male",-68.020013,-67.509511
"kb_17",2022-01-04 11:16:27,-68.068935,-67.570716,"male",-68.00905,-67.509057
"kb_17",2022-01-04 11:27:31,-68.068935,-67.570716,"male",-68.003689,-67.508199
"kb_17",2022-01-04 11:37:30,-68.068935,-67.570716,"male",-67.987625,-67.491742
"kb_17",2022-01-04 11:47:24,-68.068935,-67.570716,"male",-67.868866,-67.407269
"kb_17",2022-01-04 11:57:23,-68.068935,-67.570716,"male",-67.811081,-67.307761
"kb_17",2022-01-04 12:07:22,-68.068935,-67.570716,"male",-67.803743,-67.284585
"kb_17",2022-01-04 12:19:40,-68.068935,-67.570716,"male",-67.801071,-67.286078
"kb_17",2022-01-04 12:29:53,-68.068935,-67.570716,"male",-67.80131,-67.286024
"kb_17",2022-01-04 12:39:43,-68.068935,-67.570716,"male",-67.800427,-67.285917
"kb_17",2022-01-04 12:49:38,-68.068935,-67.570716,"male",-67.799963,-67.286026
"kb_17",2022-01-04 12:59:37,-68.068935,-67.570716,"male",-67.801383,-67.286324
"kb_17",2022-01-04 13:09:36,-68.068935,-67.570716,"male",-67.800747,-67.286261
"kb_17",2022-01-04 13:21:53,-68.068935,-67.570716,"male",-67.799551,-67.286346
"kb_17",2022-01-04 13:31:53,-68.068935,-67.570716,"male",-67.768136,-67.288651
"kb_17",2022-01-04 13:41:52,-68.068935,-67.570716,"male",-67.769133,-67.288747
"kb_17",2022-01-04 13:51:45,-68.068935,-67.570716,"male",-67.768668,-67.288674
"kb_17",2022-01-04 14:01:46,-68.068935,-67.570716,"male",-67.769211,-67.288638
"kb_17",2022-01-04 14:11:54,-68.068935,-67.570716,"male",-67.769004,-67.288617
"kb_17",2022-01-04 14:21:41,-68.068935,-67.570716,"male",-67.768877,-67.288642
"kb_17",2022-01-04 14:31:40,-68.068935,-67.570716,"male",-67.769389,-67.288725
"kb_17",2022-01-04 14:41:36,-68.068935,-67.570716,"male",-67.768968,-67.288886
"kb_17",2022-01-04 14:51:31,-68.068935,-67.570716,"male",-67.769083,-67.288929
"kb_17",2022-01-04 15:01:38,-68.068935,-67.570716,"male",-67.76877,-67.288836
"kb_17",2022-01-04 15:13:19,-68.068935,-67.570716,"male",-67.795839,-67.285903
"kb_17",2022-01-04 15:23:12,-68.068935,-67.570716,"male",-67.803508,-67.286042
"kb_17",2022-01-04 15:33:14,-68.068935,-67.570716,"male",-67.8043,-67.28593
"kb_17",2022-01-04 15:43:28,-68.068935,-67.570716,"male",-67.8014,-67.286933
"kb_17",2022-01-04 15:55:57,-68.068935,-67.570716,"male",-67.803463,-67.286473
"kb_17",2022-01-04 16:06:01,-68.068935,-67.570716,"male",-67.804693,-67.287619
"kb_17",2022-01-04 16:15:57,-68.068935,-67.570716,"male",-67.841233,-67.3344
"kb_17",2022-01-04 16:25:51,-68.068935,-67.570716,"male",-67.911971,-67.411541
"kb_17",2022-01-04 16:35:52,-68.068935,-67.570716,"male",-67.970654,-67.469236
"kb_17",2022-01-04 16:45:52,-68.068935,-67.570716,"male",-67.970686,-67.469215
"kb_17",2022-01-04 16:55:44,-68.068935,-67.570716,"male",-68.032886,-67.513791
"kb_17",2022-01-04 17:05:43,-68.068935,-67.570716,"male",-68.044044,-67.526793
"kb_17",2022-01-04 17:15:42,-68.068935,-67.570716,"male",-68.068098,-67.547236
"kb_17",2022-01-04 17:25:36,-68.068935,-67.570716,"male",-68.069121,-67.570628
"kb_17",2022-01-04 17:35:35,-68.068935,-67.570716,"male",-68.069085,-67.570625
"kb_17",2022-01-04 17:45:35,-68.068935,-67.570716,"male",-68.069116,-67.570696
"kb_17",2022-01-04 17:55:29,-68.068935,-67.570716,"male",-68.069309,-67.570702
"kb_17",2022-01-04 18:05:30,-68.068935,-67.570716,"male",-68.069085,-67.570648
"kb_17",2022-01-04 18:15:29,-68.068935,-67.570716,"male",-68.069249,-67.570705
"kb_17",2022-01-04 18:25:20,-68.068935,-67.570716,"male",-68.068939,-67.570708
"kb_17",2022-01-04 18:35:19,-68.068935,-67.570716,"male",-68.068059,-67.571778
"kb_43",2022-12-30 16:48:55,-68.068935,-67.570716,"female",-68.069022,-67.570732
"kb_43",2022-12-30 16:50:53,-68.068935,-67.570716,"female",-68.069116,-67.570788
"kb_43",2022-12-30 16:52:54,-68.068935,-67.570716,"female",-68.069027,-67.570729
"kb_43",2022-12-30 16:54:51,-68.068935,-67.570716,"female",-68.069031,-67.57076
"kb_43",2022-12-30 16:56:58,-68.068935,-67.570716,"female",-68.069096,-67.570743
"kb_43",2022-12-30 16:58:52,-68.068935,-67.570716,"female",-68.069296,-67.570851
"kb_43",2022-12-30 17:00:51,-68.068935,-67.570716,"female",-68.069454,-67.570871
"kb_43",2022-12-30 17:02:48,-68.068935,-67.570716,"female",-68.069114,-67.570728
"kb_43",2022-12-30 17:04:47,-68.068935,-67.570716,"female",-68.069156,-67.570708
"kb_43",2022-12-30 17:06:46,-68.068935,-67.570716,"female",-68.069241,-67.57069
"kb_43",2022-12-30 17:08:44,-68.068935,-67.570716,"female",-68.069362,-67.570707
"kb_43",2022-12-30 17:10:43,-68.068935,-67.570716,"female",-68.069211,-67.570743
"kb_43",2022-12-30 17:12:41,-68.068935,-67.570716,"female",-68.069295,-67.570719
"kb_43",2022-12-30 17:14:41,-68.068935,-67.570716,"female",-68.069244,-67.57073
"kb_43",2022-12-30 17:16:40,-68.068935,-67.570716,"female",-68.06914,-67.57074
"kb_43",2022-12-30 17:18:39,-68.068935,-67.570716,"female",-68.069215,-67.570751
"kb_43",2022-12-30 17:20:39,-68.068935,-67.570716,"female",-68.069087,-67.570804
"kb_43",2022-12-30 17:22:44,-68.068935,-67.570716,"female",-68.069259,-67.570744
"kb_43",2022-12-30 17:24:36,-68.068935,-67.570716,"female",-68.069157,-67.570637
"kb_43",2022-12-30 17:26:35,-68.068935,-67.570716,"female",-68.06932,-67.570712
"kb_43",2022-12-30 17:28:36,-68.068935,-67.570716,"female",-68.068868,-67.569735
"kb_43",2022-12-30 17:30:35,-68.068935,-67.570716,"female",-68.069088,-67.570677
"kb_43",2022-12-30 17:32:31,-68.068935,-67.570716,"female",-68.069249,-67.570689
"kb_43",2022-12-30 17:34:31,-68.068935,-67.570716,"female",-68.069287,-67.5707
"kb_43",2022-12-30 17:36:40,-68.068935,-67.570716,"female",-68.069238,-67.570725
"kb_43",2022-12-30 17:38:28,-68.068935,-67.570716,"female",-68.069294,-67.570763
"kb_43",2022-12-30 17:40:26,-68.068935,-67.570716,"female",-68.06921,-67.570702
"kb_43",2022-12-30 17:42:25,-68.068935,-67.570716,"female",-68.069242,-67.570738
"kb_43",2022-12-30 17:44:24,-68.068935,-67.570716,"female",-68.069299,-67.57071
"kb_43",2022-12-30 17:46:27,-68.068935,-67.570716,"female",-68.069276,-67.570759
"kb_43",2022-12-30 17:48:32,-68.068935,-67.570716,"female",-68.069346,-67.570758
"kb_43",2022-12-30 17:50:37,-68.068935,-67.570716,"female",-68.069366,-67.570799
"kb_43",2022-12-30 17:52:21,-68.068935,-67.570716,"female",-68.069174,-67.570731
"kb_43",2022-12-30 17:54:21,-68.068935,-67.570716,"female",-68.069213,-67.570783
"kb_43",2022-12-30 17:58:32,-68.068935,-67.570716,"female",-68.06827,-67.570504
"kb_43",2022-12-30 18:00:16,-68.068935,-67.570716,"female",-68.068574,-67.570599
"kb_43",2022-12-30 18:02:22,-68.068935,-67.570716,"female",-68.068651,-67.570597
"kb_43",2022-12-30 18:04:24,-68.068935,-67.570716,"female",-68.069234,-67.570723
"kb_43",2022-12-30 18:06:24,-68.068935,-67.570716,"female",-68.069136,-67.570701
"kb_43",2022-12-30 18:08:22,-68.068935,-67.570716,"female",-68.069008,-67.570671
"kb_43",2022-12-30 18:10:30,-68.068935,-67.570716,"female",-68.07506,-67.565336
"kb_43",2022-12-30 18:14:28,-68.068935,-67.570716,"female",-68.069085,-67.570728
"kb_43",2022-12-30 18:16:21,-68.068935,-67.570716,"female",-68.069469,-67.570971
"kb_43",2022-12-30 18:18:12,-68.068935,-67.570716,"female",-68.069027,-67.570765
"kb_43",2022-12-30 18:20:18,-68.068935,-67.570716,"female",-68.069195,-67.570705
"kb_43",2022-12-30 18:22:24,-68.068935,-67.570716,"female",-68.069613,-67.570906
"kb_43",2022-12-30 18:24:21,-68.068935,-67.570716,"female",-68.068834,-67.570492
"kb_43",2022-12-30 18:26:07,-68.068935,-67.570716,"female",-68.069037,-67.57062
"kb_43",2022-12-30 18:28:05,-68.068935,-67.570716,"female",-68.069148,-67.570724
"kb_43",2022-12-30 18:30:05,-68.068935,-67.570716,"female",-68.069018,-67.570692
"kb_43",2022-12-30 18:32:06,-68.068935,-67.570716,"female",-68.067073,-67.569799
"kb_43",2022-12-30 18:34:03,-68.068935,-67.570716,"female",-68.068662,-67.570647
"kb_43",2022-12-30 18:36:02,-68.068935,-67.570716,"female",-68.068617,-67.570649
"kb_43",2022-12-30 18:38:01,-68.068935,-67.570716,"female",-68.069042,-67.570742
"kb_43",2022-12-30 18:40:00,-68.068935,-67.570716,"female",-68.069055,-67.570695
"kb_43",2022-12-30 18:42:01,-68.068935,-67.570716,"female",-68.068776,-67.570947
"kb_43",2022-12-30 18:43:59,-68.068935,-67.570716,"female",-68.069024,-67.570688
"kb_43",2022-12-30 18:46:00,-68.068935,-67.570716,"female",-68.068613,-67.571036
"kb_43",2022-12-30 18:47:56,-68.068935,-67.570716,"female",-68.069105,-67.57065
"kb_43",2022-12-30 18:49:46,-68.068935,-67.570716,"female",-68.068602,-67.571001
"kb_43",2022-12-30 18:51:43,-68.068935,-67.570716,"female",-68.069047,-67.570709
"kb_43",2022-12-30 18:53:41,-68.068935,-67.570716,"female",-68.069039,-67.570707
"kb_43",2022-12-30 18:55:40,-68.068935,-67.570716,"female",-68.068971,-67.570671
"kb_43",2022-12-30 18:57:39,-68.068935,-67.570716,"female",-68.068936,-67.57067
"kb_43",2022-12-30 18:59:38,-68.068935,-67.570716,"female",-68.069037,-67.570679
"kb_43",2022-12-30 19:01:37,-68.068935,-67.570716,"female",-68.06903,-67.570708
"kb_43",2022-12-30 19:03:36,-68.068935,-67.570716,"female",-68.06894,-67.570682
"kb_43",2022-12-30 19:05:35,-68.068935,-67.570716,"female",-68.068923,-67.570709
"kb_43",2022-12-30 19:07:37,-68.068935,-67.570716,"female",-68.069409,-67.570385
"kb_43",2022-12-30 19:09:34,-68.068935,-67.570716,"female",-68.068878,-67.570607
"kb_43",2022-12-30 19:11:43,-68.068935,-67.570716,"female",-68.068967,-67.570741
"kb_43",2022-12-30 19:13:35,-68.068935,-67.570716,"female",-68.069079,-67.570482
"kb_43",2022-12-30 19:15:34,-68.068935,-67.570716,"female",-68.069123,-67.570477
"kb_43",2022-12-30 19:17:33,-68.068935,-67.570716,"female",-68.068963,-67.570652
"kb_43",2022-12-30 19:19:53,-68.068935,-67.570716,"female",-68.068934,-67.570659
"kb_43",2022-12-30 19:21:47,-68.068935,-67.570716,"female",-68.068935,-67.570458
"kb_43",2022-12-30 19:23:56,-68.068935,-67.570716,"female",-68.069323,-67.570768
"kb_43",2022-12-30 19:25:45,-68.068935,-67.570716,"female",-68.068929,-67.570748
"kb_43",2022-12-30 19:27:45,-68.068935,-67.570716,"female",-68.069084,-67.570684
"kb_43",2022-12-30 19:29:48,-68.068935,-67.570716,"female",-68.069349,-67.570791
"kb_43",2022-12-30 19:31:45,-68.068935,-67.570716,"female",-68.069703,-67.570575
"kb_43",2022-12-30 19:33:46,-68.068935,-67.570716,"female",-68.069507,-67.570349
"kb_43",2022-12-30 19:35:41,-68.068935,-67.570716,"female",-68.069501,-67.570559
"kb_43",2022-12-30 19:37:40,-68.068935,-67.570716,"female",-68.069585,-67.570617
"kb_43",2022-12-30 19:39:40,-68.068935,-67.570716,"female",-68.069649,-67.570556
"kb_43",2022-12-30 19:41:41,-68.068935,-67.570716,"female",-68.069501,-67.570529
"kb_43",2022-12-30 19:43:40,-68.068935,-67.570716,"female",-68.069574,-67.57053
"kb_43",2022-12-30 19:45:39,-68.068935,-67.570716,"female",-68.06956,-67.570511
"kb_43",2022-12-30 19:47:37,-68.068935,-67.570716,"female",-68.069695,-67.570623
"kb_43",2022-12-30 19:49:37,-68.068935,-67.570716,"female",-68.069326,-67.570496
"kb_43",2022-12-30 19:51:36,-68.068935,-67.570716,"female",-68.06975,-67.570651
"kb_43",2022-12-30 19:53:36,-68.068935,-67.570716,"female",-68.069519,-67.57064
"kb_43",2022-12-30 19:55:33,-68.068935,-67.570716,"female",-68.069473,-67.570556
"kb_43",2022-12-30 19:57:32,-68.068935,-67.570716,"female",-68.069523,-67.570568
"kb_43",2022-12-30 19:59:31,-68.068935,-67.570716,"female",-68.06945,-67.570486
"kb_43",2022-12-30 20:01:30,-68.068935,-67.570716,"female",-68.069447,-67.570639
"kb_43",2022-12-30 20:03:30,-68.068935,-67.570716,"female",-68.069489,-67.570712
"kb_43",2022-12-30 20:05:29,-68.068935,-67.570716,"female",-68.069458,-67.570661
"kb_43",2022-12-30 20:07:28,-68.068935,-67.570716,"female",-68.069446,-67.570532
"kb_43",2022-12-30 20:09:28,-68.068935,-67.570716,"female",-68.069365,-67.570608
"kb_43",2022-12-30 20:11:26,-68.068935,-67.570716,"female",-68.069373,-67.570589
"kb_43",2022-12-30 20:13:26,-68.068935,-67.570716,"female",-68.069507,-67.570599
"kb_43",2022-12-30 20:15:25,-68.068935,-67.570716,"female",-68.069439,-67.570625
"kb_43",2022-12-30 20:17:24,-68.068935,-67.570716,"female",-68.069421,-67.570637
"kb_43",2022-12-30 20:19:24,-68.068935,-67.570716,"female",-68.069299,-67.570659
"kb_43",2022-12-30 20:21:24,-68.068935,-67.570716,"female",-68.069444,-67.570582
"kb_43",2022-12-30 20:23:23,-68.068935,-67.570716,"female",-68.069358,-67.570561
"kb_43",2022-12-30 20:25:23,-68.068935,-67.570716,"female",-68.069429,-67.570594
"kb_43",2022-12-30 20:27:22,-68.068935,-67.570716,"female",-68.06946,-67.570626
"kb_43",2022-12-30 20:29:20,-68.068935,-67.570716,"female",-68.069462,-67.57066
"kb_43",2022-12-30 20:31:19,-68.068935,-67.570716,"female",-68.069399,-67.570632
"kb_43",2022-12-30 20:33:19,-68.068935,-67.570716,"female",-68.069496,-67.570673
"kb_43",2022-12-30 20:35:18,-68.068935,-67.570716,"female",-68.069515,-67.570615
"kb_43",2022-12-30 20:37:16,-68.068935,-67.570716,"female",-68.069561,-67.570625
"kb_43",2022-12-30 20:39:15,-68.068935,-67.570716,"female",-68.069538,-67.570599
"kb_43",2022-12-30 20:41:15,-68.068935,-67.570716,"female",-68.069455,-67.570629
"kb_43",2022-12-30 20:43:13,-68.068935,-67.570716,"female",-68.069505,-67.57064
"kb_43",2022-12-30 20:45:12,-68.068935,-67.570716,"female",-68.069747,-67.570645
"kb_43",2022-12-30 20:47:13,-68.068935,-67.570716,"female",-68.069598,-67.57065
"kb_43",2022-12-30 20:49:15,-68.068935,-67.570716,"female",-68.069335,-67.570614
"kb_43",2022-12-30 20:51:13,-68.068935,-67.570716,"female",-68.069455,-67.570604
"kb_43",2022-12-30 20:53:13,-68.068935,-67.570716,"female",-68.069463,-67.570611
"kb_43",2022-12-30 20:55:11,-68.068935,-67.570716,"female",-68.069639,-67.570652
"kb_43",2022-12-30 20:57:10,-68.068935,-67.570716,"female",-68.069643,-67.570631
"kb_43",2022-12-30 20:59:09,-68.068935,-67.570716,"female",-68.069598,-67.570662
"kb_43",2022-12-30 21:01:09,-68.068935,-67.570716,"female",-68.069559,-67.570672
"kb_43",2022-12-30 21:03:08,-68.068935,-67.570716,"female",-68.069374,-67.570593
"kb_43",2022-12-30 21:05:06,-68.068935,-67.570716,"female",-68.069522,-67.570615
"kb_43",2022-12-30 21:07:05,-68.068935,-67.570716,"female",-68.069465,-67.570663
"kb_43",2022-12-30 21:09:05,-68.068935,-67.570716,"female",-68.069569,-67.570591
"kb_43",2022-12-30 21:11:04,-68.068935,-67.570716,"female",-68.069393,-67.570612
"kb_43",2022-12-30 21:13:04,-68.068935,-67.570716,"female",-68.069521,-67.570621
"kb_43",2022-12-30 21:15:02,-68.068935,-67.570716,"female",-68.069445,-67.570526
"kb_43",2022-12-30 21:17:01,-68.068935,-67.570716,"female",-68.069415,-67.570622
"kb_43",2022-12-30 21:19:02,-68.068935,-67.570716,"female",-68.069433,-67.570563
"kb_43",2022-12-30 21:21:02,-68.068935,-67.570716,"female",-68.069262,-67.570578
"kb_43",2022-12-30 21:23:00,-68.068935,-67.570716,"female",-68.069545,-67.570626
"kb_43",2022-12-30 21:25:00,-68.068935,-67.570716,"female",-68.069226,-67.570472
"kb_43",2022-12-30 21:26:59,-68.068935,-67.570716,"female",-68.069223,-67.570554
"kb_43",2022-12-30 21:28:58,-68.068935,-67.570716,"female",-68.069519,-67.570632
"kb_43",2022-12-30 21:30:57,-68.068935,-67.570716,"female",-68.069563,-67.570614
"kb_43",2022-12-30 21:32:56,-68.068935,-67.570716,"female",-68.069544,-67.570614
"kb_43",2022-12-30 21:34:56,-68.068935,-67.570716,"female",-68.069411,-67.570641
"kb_43",2022-12-30 21:36:55,-68.068935,-67.570716,"female",-68.069434,-67.570619
"kb_43",2022-12-30 21:38:53,-68.068935,-67.570716,"female",-68.069455,-67.57061
"kb_43",2022-12-30 21:40:55,-68.068935,-67.570716,"female",-68.069309,-67.570698
"kb_43",2022-12-30 21:42:51,-68.068935,-67.570716,"female",-68.069448,-67.570577
"kb_43",2022-12-30 21:44:50,-68.068935,-67.570716,"female",-68.069445,-67.570616
"kb_43",2022-12-30 21:46:49,-68.068935,-67.570716,"female",-68.069302,-67.570595
"kb_43",2022-12-30 21:48:06,-68.068935,-67.570716,"female",-68.069396,-67.570617
"kb_43",2022-12-30 21:50:07,-68.068935,-67.570716,"female",-68.069461,-67.570637
"kb_43",2022-12-30 21:52:04,-68.068935,-67.570716,"female",-68.069526,-67.570729
"kb_43",2022-12-30 21:54:04,-68.068935,-67.570716,"female",-68.069594,-67.570724
"kb_43",2022-12-30 21:56:02,-68.068935,-67.570716,"female",-68.069379,-67.570624
"kb_43",2022-12-30 21:58:06,-68.068935,-67.570716,"female",-68.069369,-67.570754
"kb_43",2022-12-30 22:00:03,-68.068935,-67.570716,"female",-68.069475,-67.570696
"kb_43",2022-12-30 22:02:02,-68.068935,-67.570716,"female",-68.07017,-67.570613
"kb_43",2022-12-30 22:04:01,-68.068935,-67.570716,"female",-68.072791,-67.571303
"kb_43",2022-12-30 22:05:58,-68.068935,-67.570716,"female",-68.069299,-67.570572
"kb_43",2022-12-30 22:08:07,-68.068935,-67.570716,"female",-68.069763,-67.570643
"kb_43",2022-12-30 22:09:57,-68.068935,-67.570716,"female",-68.069473,-67.570511
"kb_43",2022-12-30 22:11:57,-68.068935,-67.570716,"female",-68.068763,-67.570488
"kb_43",2022-12-30 22:13:57,-68.068935,-67.570716,"female",-68.068759,-67.570412
"kb_43",2022-12-30 22:15:55,-68.068935,-67.570716,"female",-68.069742,-67.571005
"kb_43",2022-12-30 22:17:43,-68.068935,-67.570716,"female",-68.068726,-67.570483
"kb_43",2022-12-30 22:19:48,-68.068935,-67.570716,"female",-68.069663,-67.570536
"kb_43",2022-12-30 22:21:42,-68.068935,-67.570716,"female",-68.069569,-67.570664
"kb_43",2022-12-30 22:23:42,-68.068935,-67.570716,"female",-68.069544,-67.570645
"kb_43",2022-12-30 22:25:40,-68.068935,-67.570716,"female",-68.069527,-67.570851
"kb_43",2022-12-30 22:27:40,-68.068935,-67.570716,"female",-68.068437,-67.57043
"kb_43",2022-12-30 22:29:38,-68.068935,-67.570716,"female",-68.069579,-67.570879
"kb_43",2022-12-30 22:31:38,-68.068935,-67.570716,"female",-68.069565,-67.570729
"kb_43",2022-12-30 22:33:38,-68.068935,-67.570716,"female",-68.069186,-67.570507
"kb_43",2022-12-30 22:35:35,-68.068935,-67.570716,"female",-68.069277,-67.570829
"kb_43",2022-12-30 22:37:33,-68.068935,-67.570716,"female",-68.069502,-67.570666
"kb_43",2022-12-30 22:39:32,-68.068935,-67.570716,"female",-68.069434,-67.570643
"kb_43",2022-12-30 22:41:31,-68.068935,-67.570716,"female",-68.069617,-67.570718
"kb_43",2022-12-30 22:43:32,-68.068935,-67.570716,"female",-68.069227,-67.570839
"kb_43",2022-12-30 22:45:31,-68.068935,-67.570716,"female",-68.069219,-67.570847
"kb_43",2022-12-30 22:47:18,-68.068935,-67.570716,"female",-68.06942,-67.570662
"kb_43",2022-12-30 22:49:17,-68.068935,-67.570716,"female",-68.069321,-67.570756
"kb_43",2022-12-30 22:51:16,-68.068935,-67.570716,"female",-68.069413,-67.570727
"kb_43",2022-12-30 22:53:16,-68.068935,-67.570716,"female",-68.069434,-67.570742
"kb_43",2022-12-30 22:55:17,-68.068935,-67.570716,"female",-68.069538,-67.570553
"kb_43",2022-12-30 22:57:14,-68.068935,-67.570716,"female",-68.069518,-67.570658
"kb_43",2022-12-30 22:59:15,-68.068935,-67.570716,"female",-68.069527,-67.57086
"kb_43",2022-12-30 23:01:16,-68.068935,-67.570716,"female",-68.070466,-67.570641
"kb_43",2022-12-30 23:03:11,-68.068935,-67.570716,"female",-68.069378,-67.570723
"kb_43",2022-12-30 23:05:11,-68.068935,-67.570716,"female",-68.069473,-67.57078
"kb_43",2022-12-30 23:07:12,-68.068935,-67.570716,"female",-68.070971,-67.570522
"kb_43",2022-12-30 23:09:16,-68.068935,-67.570716,"female",-68.069505,-67.570799
"kb_43",2022-12-30 23:11:09,-68.068935,-67.570716,"female",-68.069508,-67.57069
"kb_43",2022-12-30 23:13:11,-68.068935,-67.570716,"female",-68.069546,-67.570486
"kb_43",2022-12-30 23:15:10,-68.068935,-67.570716,"female",-68.0721,-67.570178
"kb_43",2022-12-30 23:17:00,-68.068935,-67.570716,"female",-68.072086,-67.570185
"kb_43",2022-12-30 23:18:57,-68.068935,-67.570716,"female",-68.069523,-67.570726
"kb_43",2022-12-30 23:20:56,-68.068935,-67.570716,"female",-68.069562,-67.570734
"kb_43",2022-12-30 23:22:57,-68.068935,-67.570716,"female",-68.072025,-67.57013
"kb_43",2022-12-30 23:24:53,-68.068935,-67.570716,"female",-68.069648,-67.570723
"kb_43",2022-12-30 23:26:53,-68.068935,-67.570716,"female",-68.069618,-67.57066
"kb_43",2022-12-30 23:28:51,-68.068935,-67.570716,"female",-68.069401,-67.570753
"kb_43",2022-12-30 23:30:53,-68.068935,-67.570716,"female",-68.069571,-67.570738
"kb_43",2022-12-30 23:32:52,-68.068935,-67.570716,"female",-68.06972,-67.570742
"kb_43",2022-12-30 23:34:51,-68.068935,-67.570716,"female",-68.069447,-67.570756
"kb_43",2022-12-30 23:36:48,-68.068935,-67.570716,"female",-68.069536,-67.570754
"kb_43",2022-12-30 23:38:46,-68.068935,-67.570716,"female",-68.069504,-67.570691
"kb_43",2022-12-30 23:40:45,-68.068935,-67.570716,"female",-68.069945,-67.570674
"kb_43",2022-12-30 23:42:45,-68.068935,-67.570716,"female",-68.069791,-67.570733
"kb_43",2022-12-30 23:44:44,-68.068935,-67.570716,"female",-68.06965,-67.57073
"kb_43",2022-12-30 23:46:44,-68.068935,-67.570716,"female",-68.069519,-67.570771
"kb_43",2022-12-30 23:48:42,-68.068935,-67.570716,"female",-68.069351,-67.570471
"kb_43",2022-12-30 23:50:42,-68.068935,-67.570716,"female",-68.069841,-67.570741
"kb_43",2022-12-30 23:52:47,-68.068935,-67.570716,"female",-68.069467,-67.570746
"kb_43",2022-12-30 23:54:40,-68.068935,-67.570716,"female",-68.069634,-67.570758
"kb_43",2022-12-30 23:56:40,-68.068935,-67.570716,"female",-68.069619,-67.570757
"kb_43",2022-12-30 23:58:39,-68.068935,-67.570716,"female",-68.069427,-67.570733
"kb_43",2022-12-31 00:00:38,-68.068935,-67.570716,"female",-68.069598,-67.570721
"kb_43",2022-12-31 00:02:36,-68.068935,-67.570716,"female",-68.0696,-67.570715
"kb_43",2022-12-31 00:04:38,-68.068935,-67.570716,"female",-68.069631,-67.570662
"kb_43",2022-12-31 00:06:35,-68.068935,-67.570716,"female",-68.069435,-67.570726
"kb_43",2022-12-31 00:08:34,-68.068935,-67.570716,"female",-68.069895,-67.570761
"kb_43",2022-12-31 00:10:32,-68.068935,-67.570716,"female",-68.06961,-67.570731
"kb_43",2022-12-31 00:12:32,-68.068935,-67.570716,"female",-68.069409,-67.570726
"kb_43",2022-12-31 00:14:31,-68.068935,-67.570716,"female",-68.069551,-67.570765
"kb_43",2022-12-31 00:16:30,-68.068935,-67.570716,"female",-68.069434,-67.570722
"kb_43",2022-12-31 00:18:30,-68.068935,-67.570716,"female",-68.069508,-67.570542
"kb_43",2022-12-31 00:20:28,-68.068935,-67.570716,"female",-68.069514,-67.570678
"kb_43",2022-12-31 00:22:28,-68.068935,-67.570716,"female",-68.069587,-67.570691
"kb_43",2022-12-31 00:24:29,-68.068935,-67.570716,"female",-68.069533,-67.570663
"kb_43",2022-12-31 00:26:25,-68.068935,-67.570716,"female",-68.06958,-67.570702
"kb_43",2022-12-31 00:28:24,-68.068935,-67.570716,"female",-68.069581,-67.570633
"kb_43",2022-12-31 00:30:24,-68.068935,-67.570716,"female",-68.069517,-67.570697
"kb_43",2022-12-31 00:32:23,-68.068935,-67.570716,"female",-68.069545,-67.570641
"kb_43",2022-12-31 00:34:22,-68.068935,-67.570716,"female",-68.069471,-67.570666
"kb_43",2022-12-31 00:36:21,-68.068935,-67.570716,"female",-68.069538,-67.57069
"kb_43",2022-12-31 00:38:19,-68.068935,-67.570716,"female",-68.069571,-67.570696
"kb_43",2022-12-31 00:40:20,-68.068935,-67.570716,"female",-68.069434,-67.570634
"kb_43",2022-12-31 00:42:21,-68.068935,-67.570716,"female",-68.069475,-67.570643
"kb_43",2022-12-31 00:44:17,-68.068935,-67.570716,"female",-68.069469,-67.570685
"kb_43",2022-12-31 00:46:16,-68.068935,-67.570716,"female",-68.069497,-67.570646
"kb_43",2022-12-31 00:48:16,-68.068935,-67.570716,"female",-68.069456,-67.570607
"kb_43",2022-12-31 00:50:14,-68.068935,-67.570716,"female",-68.069488,-67.570645
"kb_43",2022-12-31 00:52:13,-68.068935,-67.570716,"female",-68.069457,-67.570706
"kb_43",2022-12-31 00:54:12,-68.068935,-67.570716,"female",-68.069417,-67.570644
"kb_43",2022-12-31 00:56:11,-68.068935,-67.570716,"female",-68.06948,-67.570581
"kb_43",2022-12-31 00:58:10,-68.068935,-67.570716,"female",-68.069578,-67.570681
"kb_43",2022-12-31 01:00:09,-68.068935,-67.570716,"female",-68.069475,-67.570689
"kb_43",2022-12-31 01:02:08,-68.068935,-67.570716,"female",-68.069522,-67.570677
"kb_43",2022-12-31 01:04:07,-68.068935,-67.570716,"female",-68.069536,-67.570699
"kb_43",2022-12-31 01:06:06,-68.068935,-67.570716,"female",-68.069431,-67.570606
"kb_43",2022-12-31 01:08:06,-68.068935,-67.570716,"female",-68.069419,-67.570653
"kb_43",2022-12-31 01:10:05,-68.068935,-67.570716,"female",-68.069417,-67.570654
"kb_43",2022-12-31 01:12:04,-68.068935,-67.570716,"female",-68.069541,-67.570706
"kb_43",2022-12-31 01:14:03,-68.068935,-67.570716,"female",-68.069448,-67.570703
"kb_43",2022-12-31 01:16:02,-68.068935,-67.570716,"female",-68.069567,-67.570695
"kb_43",2022-12-31 01:18:02,-68.068935,-67.570716,"female",-68.069575,-67.57072
"kb_43",2022-12-31 01:20:00,-68.068935,-67.570716,"female",-68.06951,-67.570682
"kb_43",2022-12-31 01:22:00,-68.068935,-67.570716,"female",-68.069522,-67.570718
"kb_43",2022-12-31 01:23:58,-68.068935,-67.570716,"female",-68.069352,-67.570653
"kb_43",2022-12-31 01:25:57,-68.068935,-67.570716,"female",-68.069479,-67.570682
"kb_43",2022-12-31 01:27:56,-68.068935,-67.570716,"female",-68.069592,-67.570723
"kb_43",2022-12-31 01:29:55,-68.068935,-67.570716,"female",-68.069545,-67.570695
"kb_43",2022-12-31 01:31:54,-68.068935,-67.570716,"female",-68.069587,-67.570708
"kb_43",2022-12-31 01:33:53,-68.068935,-67.570716,"female",-68.069396,-67.570664
"kb_43",2022-12-31 01:35:52,-68.068935,-67.570716,"female",-68.069519,-67.570724
"kb_43",2022-12-31 01:37:52,-68.068935,-67.570716,"female",-68.069471,-67.57066
"kb_43",2022-12-31 01:39:51,-68.068935,-67.570716,"female",-68.069473,-67.570727
"kb_43",2022-12-31 01:41:50,-68.068935,-67.570716,"female",-68.069532,-67.570745
"kb_43",2022-12-31 01:43:49,-68.068935,-67.570716,"female",-68.069519,-67.570699
"kb_43",2022-12-31 01:45:48,-68.068935,-67.570716,"female",-68.069479,-67.570706
"kb_43",2022-12-31 01:47:47,-68.068935,-67.570716,"female",-68.069499,-67.570683
"kb_43",2022-12-31 01:49:46,-68.068935,-67.570716,"female",-68.069612,-67.570763
"kb_43",2022-12-31 01:51:45,-68.068935,-67.570716,"female",-68.069332,-67.570688
"kb_43",2022-12-31 01:53:44,-68.068935,-67.570716,"female",-68.069538,-67.570669
"kb_43",2022-12-31 01:55:43,-68.068935,-67.570716,"female",-68.069536,-67.570705
"kb_43",2022-12-31 01:57:42,-68.068935,-67.570716,"female",-68.069333,-67.57072
"kb_43",2022-12-31 01:59:41,-68.068935,-67.570716,"female",-68.069399,-67.570735
"kb_43",2022-12-31 02:01:40,-68.068935,-67.570716,"female",-68.069407,-67.570761
"kb_43",2022-12-31 02:03:40,-68.068935,-67.570716,"female",-68.069868,-67.57076
"kb_43",2022-12-31 02:05:39,-68.068935,-67.570716,"female",-68.069536,-67.570763
"kb_43",2022-12-31 02:07:37,-68.068935,-67.570716,"female",-68.069281,-67.570707
"kb_43",2022-12-31 02:09:38,-68.068935,-67.570716,"female",-68.069515,-67.570703
"kb_43",2022-12-31 02:11:37,-68.068935,-67.570716,"female",-68.069748,-67.57077
"kb_43",2022-12-31 02:13:36,-68.068935,-67.570716,"female",-68.069568,-67.570754
"kb_43",2022-12-31 02:15:35,-68.068935,-67.570716,"female",-68.069747,-67.570778
"kb_43",2022-12-31 02:17:34,-68.068935,-67.570716,"female",-68.069513,-67.570722
"kb_43",2022-12-31 02:19:32,-68.068935,-67.570716,"female",-68.069637,-67.570754
"kb_43",2022-12-31 02:21:32,-68.068935,-67.570716,"female",-68.069507,-67.570729
"kb_43",2022-12-31 02:23:30,-68.068935,-67.570716,"female",-68.06954,-67.570751
"kb_43",2022-12-31 02:25:29,-68.068935,-67.570716,"female",-68.069547,-67.570732
"kb_43",2022-12-31 02:27:28,-68.068935,-67.570716,"female",-68.069256,-67.57031
"kb_43",2022-12-31 02:29:29,-68.068935,-67.570716,"female",-68.06773,-67.569648
"kb_43",2022-12-31 02:31:28,-68.068935,-67.570716,"female",-68.063554,-67.56898
"kb_43",2022-12-31 02:33:27,-68.068935,-67.570716,"female",-68.025662,-67.567204
"kb_43",2022-12-31 02:35:26,-68.068935,-67.570716,"female",-67.98416,-67.566821
"kb_43",2022-12-31 02:37:26,-68.068935,-67.570716,"female",-67.939557,-67.566246
"kb_43",2022-12-31 02:39:25,-68.068935,-67.570716,"female",-67.894952,-67.564496
"kb_43",2022-12-31 02:41:24,-68.068935,-67.570716,"female",-67.854894,-67.559112
"kb_43",2022-12-31 02:43:23,-68.068935,-67.570716,"female",-67.817455,-67.552213
"kb_43",2022-12-31 02:46:36,-68.068935,-67.570716,"female",-67.800878,-67.546329
"kb_43",2022-12-31 02:48:35,-68.068935,-67.570716,"female",-67.800927,-67.546333
"kb_43",2022-12-31 02:50:34,-68.068935,-67.570716,"female",-67.80072,-67.54627
"kb_43",2022-12-31 02:52:33,-68.068935,-67.570716,"female",-67.800599,-67.546305
"kb_43",2022-12-31 02:54:32,-68.068935,-67.570716,"female",-67.800165,-67.547503
"kb_43",2022-12-31 02:56:32,-68.068935,-67.570716,"female",-67.799989,-67.547279
"kb_43",2022-12-31 02:58:31,-68.068935,-67.570716,"female",-67.799892,-67.547276
"kb_43",2022-12-31 03:00:30,-68.068935,-67.570716,"female",-67.799496,-67.547041
"kb_43",2022-12-31 03:02:34,-68.068935,-67.570716,"female",-67.799367,-67.546925
"kb_43",2022-12-31 03:04:33,-68.068935,-67.570716,"female",-67.799334,-67.547395
"kb_43",2022-12-31 03:06:32,-68.068935,-67.570716,"female",-67.799251,-67.547323
"kb_43",2022-12-31 03:08:31,-68.068935,-67.570716,"female",-67.799343,-67.547386
"kb_43",2022-12-31 03:10:30,-68.068935,-67.570716,"female",-67.799351,-67.54738
"kb_43",2022-12-31 03:12:29,-68.068935,-67.570716,"female",-67.799309,-67.547336
"kb_43",2022-12-31 03:14:29,-68.068935,-67.570716,"female",-67.799284,-67.54739
"kb_43",2022-12-31 03:16:30,-68.068935,-67.570716,"female",-67.799399,-67.54738
"kb_43",2022-12-31 03:18:29,-68.068935,-67.570716,"female",-67.799346,-67.547368
"kb_43",2022-12-31 03:20:28,-68.068935,-67.570716,"female",-67.799413,-67.54736
"kb_43",2022-12-31 03:22:27,-68.068935,-67.570716,"female",-67.799274,-67.547422
"kb_43",2022-12-31 03:24:26,-68.068935,-67.570716,"female",-67.799291,-67.547371
"kb_43",2022-12-31 03:26:26,-68.068935,-67.570716,"female",-67.798973,-67.547206
"kb_43",2022-12-31 03:28:26,-68.068935,-67.570716,"female",-67.799632,-67.546996
"kb_43",2022-12-31 03:31:29,-68.068935,-67.570716,"female",-67.799966,-67.546805
"kb_43",2022-12-31 03:33:29,-68.068935,-67.570716,"female",-67.799462,-67.54742
"kb_43",2022-12-31 03:35:28,-68.068935,-67.570716,"female",-67.79949,-67.54747
"kb_43",2022-12-31 03:37:27,-68.068935,-67.570716,"female",-67.799396,-67.547374
"kb_43",2022-12-31 03:39:26,-68.068935,-67.570716,"female",-67.799528,-67.547604
"kb_43",2022-12-31 03:41:25,-68.068935,-67.570716,"female",-67.799449,-67.54739
"kb_43",2022-12-31 03:43:24,-68.068935,-67.570716,"female",-67.799455,-67.547514
"kb_43",2022-12-31 03:45:22,-68.068935,-67.570716,"female",-67.799541,-67.54748
"kb_43",2022-12-31 03:47:23,-68.068935,-67.570716,"female",-67.799594,-67.547485
"kb_43",2022-12-31 03:49:22,-68.068935,-67.570716,"female",-67.799548,-67.547439
"kb_43",2022-12-31 03:51:21,-68.068935,-67.570716,"female",-67.799627,-67.547472
"kb_43",2022-12-31 03:53:21,-68.068935,-67.570716,"female",-67.799561,-67.547429
"kb_43",2022-12-31 03:55:20,-68.068935,-67.570716,"female",-67.799528,-67.547429
"kb_43",2022-12-31 03:57:19,-68.068935,-67.570716,"female",-67.799568,-67.547414
"kb_43",2022-12-31 03:59:18,-68.068935,-67.570716,"female",-67.799406,-67.547407
"kb_43",2022-12-31 04:01:17,-68.068935,-67.570716,"female",-67.79936,-67.54741
"kb_43",2022-12-31 04:03:16,-68.068935,-67.570716,"female",-67.799622,-67.547436
"kb_43",2022-12-31 04:05:15,-68.068935,-67.570716,"female",-67.79969,-67.547428
"kb_43",2022-12-31 04:07:15,-68.068935,-67.570716,"female",-67.79936,-67.547427
"kb_43",2022-12-31 04:09:13,-68.068935,-67.570716,"female",-67.79953,-67.547394
"kb_43",2022-12-31 04:11:12,-68.068935,-67.570716,"female",-67.799493,-67.547357
"kb_43",2022-12-31 04:13:13,-68.068935,-67.570716,"female",-67.799675,-67.547452
"kb_43",2022-12-31 04:16:03,-68.068935,-67.570716,"female",-67.800182,-67.5468
"kb_43",2022-12-31 04:18:03,-68.068935,-67.570716,"female",-67.799915,-67.546999
"kb_43",2022-12-31 04:20:02,-68.068935,-67.570716,"female",-67.80041,-67.547051
"kb_43",2022-12-31 04:22:02,-68.068935,-67.570716,"female",-67.800046,-67.547088
"kb_43",2022-12-31 04:24:57,-68.068935,-67.570716,"female",-67.800334,-67.547093
"kb_43",2022-12-31 04:26:58,-68.068935,-67.570716,"female",-67.799259,-67.547341
"kb_43",2022-12-31 04:28:56,-68.068935,-67.570716,"female",-67.799442,-67.547484
"kb_43",2022-12-31 04:30:55,-68.068935,-67.570716,"female",-67.79964,-67.547405
"kb_43",2022-12-31 04:32:55,-68.068935,-67.570716,"female",-67.79952,-67.547519
"kb_43",2022-12-31 04:34:54,-68.068935,-67.570716,"female",-67.799511,-67.547443
"kb_43",2022-12-31 04:36:54,-68.068935,-67.570716,"female",-67.799619,-67.547468
"kb_43",2022-12-31 04:38:52,-68.068935,-67.570716,"female",-67.799486,-67.547455
"kb_43",2022-12-31 04:40:54,-68.068935,-67.570716,"female",-67.799405,-67.547419
"kb_43",2022-12-31 04:42:51,-68.068935,-67.570716,"female",-67.799483,-67.547388
"kb_43",2022-12-31 04:44:49,-68.068935,-67.570716,"female",-67.799634,-67.547438
"kb_43",2022-12-31 04:46:49,-68.068935,-67.570716,"female",-67.79972,-67.547432
"kb_43",2022-12-31 04:48:49,-68.068935,-67.570716,"female",-67.799717,-67.547508
"kb_43",2022-12-31 04:50:47,-68.068935,-67.570716,"female",-67.799616,-67.547491
"kb_43",2022-12-31 04:52:46,-68.068935,-67.570716,"female",-67.799656,-67.547463
"kb_43",2022-12-31 04:54:46,-68.068935,-67.570716,"female",-67.799135,-67.547349
"kb_43",2022-12-31 04:56:45,-68.068935,-67.570716,"female",-67.79932,-67.547515
"kb_43",2022-12-31 04:58:44,-68.068935,-67.570716,"female",-67.799527,-67.547409
"kb_43",2022-12-31 05:00:43,-68.068935,-67.570716,"female",-67.799526,-67.547422
"kb_43",2022-12-31 05:02:43,-68.068935,-67.570716,"female",-67.799636,-67.547415
"kb_43",2022-12-31 05:04:41,-68.068935,-67.570716,"female",-67.799741,-67.547449
"kb_43",2022-12-31 05:06:40,-68.068935,-67.570716,"female",-67.799611,-67.547453
"kb_43",2022-12-31 05:08:40,-68.068935,-67.570716,"female",-67.799323,-67.547405
"kb_43",2022-12-31 05:10:39,-68.068935,-67.570716,"female",-67.799574,-67.54738
"kb_43",2022-12-31 05:12:38,-68.068935,-67.570716,"female",-67.799252,-67.547306
"kb_43",2022-12-31 05:14:38,-68.068935,-67.570716,"female",-67.800143,-67.547376
"kb_43",2022-12-31 05:17:01,-68.068935,-67.570716,"female",-67.800606,-67.546836
"kb_43",2022-12-31 05:18:59,-68.068935,-67.570716,"female",-67.800833,-67.547153
"kb_43",2022-12-31 05:20:58,-68.068935,-67.570716,"female",-67.797888,-67.546435
"kb_43",2022-12-31 05:22:57,-68.068935,-67.570716,"female",-67.799445,-67.547444
"kb_43",2022-12-31 05:24:56,-68.068935,-67.570716,"female",-67.799422,-67.547338
"kb_43",2022-12-31 05:26:55,-68.068935,-67.570716,"female",-67.799354,-67.547388
"kb_43",2022-12-31 05:28:54,-68.068935,-67.570716,"female",-67.799515,-67.547379
"kb_43",2022-12-31 05:30:53,-68.068935,-67.570716,"female",-67.799524,-67.547373
"kb_43",2022-12-31 05:32:52,-68.068935,-67.570716,"female",-67.799358,-67.547362
"kb_43",2022-12-31 05:34:51,-68.068935,-67.570716,"female",-67.799259,-67.547415
"kb_43",2022-12-31 05:38:31,-68.068935,-67.570716,"female",-67.799369,-67.546387
"kb_43",2022-12-31 05:40:24,-68.068935,-67.570716,"female",-67.799205,-67.546538
"kb_43",2022-12-31 05:42:22,-68.068935,-67.570716,"female",-67.79938,-67.546466
"kb_43",2022-12-31 05:44:21,-68.068935,-67.570716,"female",-67.803529,-67.544821
"kb_43",2022-12-31 05:46:20,-68.068935,-67.570716,"female",-67.803176,-67.544661
"kb_43",2022-12-31 05:48:20,-68.068935,-67.570716,"female",-67.803078,-67.544921
"kb_43",2022-12-31 05:50:20,-68.068935,-67.570716,"female",-67.803204,-67.54484
"kb_43",2022-12-31 05:52:20,-68.068935,-67.570716,"female",-67.803041,-67.544901
"kb_43",2022-12-31 05:54:18,-68.068935,-67.570716,"female",-67.803065,-67.544899
"kb_43",2022-12-31 05:56:17,-68.068935,-67.570716,"female",-67.803124,-67.544794
"kb_43",2022-12-31 05:58:17,-68.068935,-67.570716,"female",-67.803064,-67.544765
"kb_43",2022-12-31 06:00:16,-68.068935,-67.570716,"female",-67.80314,-67.544729
"kb_43",2022-12-31 06:02:15,-68.068935,-67.570716,"female",-67.836382,-67.550996
"kb_43",2022-12-31 06:04:19,-68.068935,-67.570716,"female",-67.859172,-67.553811
"kb_43",2022-12-31 06:06:57,-68.068935,-67.570716,"female",-67.858385,-67.553635
"kb_43",2022-12-31 06:09:34,-68.068935,-67.570716,"female",-67.860114,-67.553991
"kb_43",2022-12-31 06:13:56,-68.068935,-67.570716,"female",-67.861663,-67.553254
"kb_43",2022-12-31 06:15:56,-68.068935,-67.570716,"female",-67.862145,-67.553002
"kb_43",2022-12-31 06:20:38,-68.068935,-67.570716,"female",-67.861348,-67.551713
"kb_43",2022-12-31 06:22:41,-68.068935,-67.570716,"female",-67.860413,-67.552135
"kb_43",2022-12-31 06:24:40,-68.068935,-67.570716,"female",-67.860718,-67.552314
"kb_43",2022-12-31 06:26:39,-68.068935,-67.570716,"female",-67.861156,-67.552639
"kb_43",2022-12-31 06:28:38,-68.068935,-67.570716,"female",-67.861911,-67.552997
"kb_43",2022-12-31 06:30:37,-68.068935,-67.570716,"female",-67.862475,-67.553395
"kb_43",2022-12-31 06:32:36,-68.068935,-67.570716,"female",-67.871671,-67.553163
"kb_43",2022-12-31 06:34:35,-68.068935,-67.570716,"female",-67.924831,-67.559703
"kb_43",2022-12-31 06:36:34,-68.068935,-67.570716,"female",-67.981147,-67.564047
"kb_43",2022-12-31 06:38:33,-68.068935,-67.570716,"female",-68.036518,-67.569214
"kb_43",2022-12-31 06:40:34,-68.068935,-67.570716,"female",-68.069248,-67.570738
"kb_43",2022-12-31 06:42:33,-68.068935,-67.570716,"female",-68.069597,-67.570741
"kb_43",2022-12-31 06:44:31,-68.068935,-67.570716,"female",-68.069336,-67.570666
"kb_43",2022-12-31 06:46:30,-68.068935,-67.570716,"female",-68.069586,-67.57074
"kb_43",2022-12-31 06:48:30,-68.068935,-67.570716,"female",-68.070532,-67.57079
"kb_43",2022-12-31 06:50:31,-68.068935,-67.570716,"female",-68.070246,-67.570803
"kb_43",2022-12-31 06:52:18,-68.068935,-67.570716,"female",-68.069777,-67.570721
"kb_43",2022-12-31 06:54:17,-68.068935,-67.570716,"female",-68.070159,-67.5708
"kb_43",2022-12-31 06:56:25,-68.068935,-67.570716,"female",-68.070059,-67.570792
"kb_43",2022-12-31 06:58:15,-68.068935,-67.570716,"female",-68.069747,-67.570726
"kb_43",2022-12-31 07:00:17,-68.068935,-67.570716,"female",-68.069379,-67.570755
"kb_43",2022-12-31 07:02:21,-68.068935,-67.570716,"female",-68.069311,-67.570774
"kb_43",2022-12-31 07:04:16,-68.068935,-67.570716,"female",-68.069242,-67.570751
"kb_43",2022-12-31 07:06:15,-68.068935,-67.570716,"female",-68.069943,-67.570737
"kb_43",2022-12-31 07:08:14,-68.068935,-67.570716,"female",-68.070017,-67.570785
"kb_43",2022-12-31 07:10:11,-68.068935,-67.570716,"female",-68.069585,-67.570675
"kb_43",2022-12-31 07:12:09,-68.068935,-67.570716,"female",-68.069601,-67.570693
"kb_43",2022-12-31 07:14:11,-68.068935,-67.570716,"female",-68.070145,-67.570831
"kb_43",2022-12-31 07:16:17,-68.068935,-67.570716,"female",-68.069407,-67.570671
"kb_43",2022-12-31 07:18:23,-68.068935,-67.570716,"female",-68.071451,-67.570683
"kb_43",2022-12-31 07:20:15,-68.068935,-67.570716,"female",-68.070053,-67.570769
"kb_43",2022-12-31 07:21:56,-68.068935,-67.570716,"female",-68.069691,-67.570814
"kb_43",2022-12-31 07:23:54,-68.068935,-67.570716,"female",-68.069598,-67.570666
"kb_43",2022-12-31 07:25:54,-68.068935,-67.570716,"female",-68.069938,-67.570746
"kb_43",2022-12-31 07:27:53,-68.068935,-67.570716,"female",-68.069742,-67.570714
"kb_43",2022-12-31 07:29:54,-68.068935,-67.570716,"female",-68.070117,-67.570788
"kb_43",2022-12-31 07:31:53,-68.068935,-67.570716,"female",-68.07033,-67.570812
"kb_43",2022-12-31 07:33:52,-68.068935,-67.570716,"female",-68.069371,-67.570649
"kb_43",2022-12-31 07:36:04,-68.068935,-67.570716,"female",-68.069298,-67.570736
"kb_43",2022-12-31 07:37:50,-68.068935,-67.570716,"female",-68.069614,-67.570754
"kb_43",2022-12-31 07:39:58,-68.068935,-67.570716,"female",-68.070007,-67.570732
"kb_43",2022-12-31 07:41:49,-68.068935,-67.570716,"female",-68.069709,-67.570742
"kb_43",2022-12-31 07:43:55,-68.068935,-67.570716,"female",-68.069188,-67.570782
"kb_43",2022-12-31 07:45:46,-68.068935,-67.570716,"female",-68.069827,-67.570742
"kb_43",2022-12-31 07:47:56,-68.068935,-67.570716,"female",-68.069421,-67.570744
"kb_43",2022-12-31 07:49:46,-68.068935,-67.570716,"female",-68.069491,-67.570722
"kb_43",2022-12-31 07:51:34,-68.068935,-67.570716,"female",-68.069586,-67.570947
"kb_43",2022-12-31 07:53:34,-68.068935,-67.570716,"female",-68.06972,-67.570595
"kb_43",2022-12-31 07:55:46,-68.068935,-67.570716,"female",-68.069689,-67.570514
"kb_43",2022-12-31 07:57:34,-68.068935,-67.570716,"female",-68.069327,-67.570456
"kb_43",2022-12-31 07:59:39,-68.068935,-67.570716,"female",-68.069589,-67.570705
"kb_43",2022-12-31 08:01:37,-68.068935,-67.570716,"female",-68.069599,-67.570758
"kb_43",2022-12-31 08:03:34,-68.068935,-67.570716,"female",-68.069485,-67.570522
"kb_43",2022-12-31 08:05:29,-68.068935,-67.570716,"female",-68.069863,-67.5706
"kb_43",2022-12-31 08:07:35,-68.068935,-67.570716,"female",-68.071663,-67.570067
"kb_43",2022-12-31 08:09:40,-68.068935,-67.570716,"female",-68.071564,-67.570025
"kb_43",2022-12-31 08:11:30,-68.068935,-67.570716,"female",-68.069531,-67.570688
"kb_43",2022-12-31 08:13:27,-68.068935,-67.570716,"female",-68.069723,-67.570584
"kb_43",2022-12-31 08:15:28,-68.068935,-67.570716,"female",-68.069611,-67.570702
"kb_43",2022-12-31 08:17:27,-68.068935,-67.570716,"female",-68.069439,-67.570332
"kb_43",2022-12-31 08:19:27,-68.068935,-67.570716,"female",-68.069588,-67.570717
"kb_43",2022-12-31 08:21:48,-68.068935,-67.570716,"female",-68.069708,-67.570627
"kb_43",2022-12-31 08:23:55,-68.068935,-67.570716,"female",-68.069371,-67.570713
"kb_43",2022-12-31 08:25:55,-68.068935,-67.570716,"female",-68.069357,-67.570713
"kb_43",2022-12-31 08:27:57,-68.068935,-67.570716,"female",-68.069423,-67.570758
"kb_43",2022-12-31 08:29:49,-68.068935,-67.570716,"female",-68.069397,-67.57068
"kb_43",2022-12-31 08:31:54,-68.068935,-67.570716,"female",-68.069446,-67.570691
"kb_43",2022-12-31 08:33:48,-68.068935,-67.570716,"female",-68.069349,-67.570744
"kb_43",2022-12-31 08:35:47,-68.068935,-67.570716,"female",-68.069402,-67.57075
"kb_43",2022-12-31 08:37:46,-68.068935,-67.570716,"female",-68.069342,-67.570795
"kb_43",2022-12-31 08:39:45,-68.068935,-67.570716,"female",-68.069484,-67.570718
"kb_43",2022-12-31 08:41:44,-68.068935,-67.570716,"female",-68.069537,-67.569921
"kb_43",2022-12-31 08:43:41,-68.068935,-67.570716,"female",-68.069459,-67.570758
"kb_43",2022-12-31 08:45:40,-68.068935,-67.570716,"female",-68.069464,-67.570683
"kb_43",2022-12-31 08:47:41,-68.068935,-67.570716,"female",-68.069516,-67.569822
"kb_43",2022-12-31 08:49:39,-68.068935,-67.570716,"female",-68.069356,-67.570692
"kb_43",2022-12-31 08:51:29,-68.068935,-67.570716,"female",-68.06951,-67.570002
"kb_43",2022-12-31 08:53:26,-68.068935,-67.570716,"female",-68.069402,-67.570641
"kb_43",2022-12-31 08:55:25,-68.068935,-67.570716,"female",-68.069424,-67.570568
"kb_43",2022-12-31 08:57:26,-68.068935,-67.570716,"female",-68.069424,-67.570751
"kb_43",2022-12-31 08:59:25,-68.068935,-67.570716,"female",-68.069445,-67.570621
"kb_43",2022-12-31 09:01:22,-68.068935,-67.570716,"female",-68.069273,-67.570584
"kb_43",2022-12-31 09:03:26,-68.068935,-67.570716,"female",-68.069353,-67.570579
"kb_43",2022-12-31 09:05:20,-68.068935,-67.570716,"female",-68.069502,-67.570589
"kb_43",2022-12-31 09:07:20,-68.068935,-67.570716,"female",-68.069498,-67.570631
"kb_43",2022-12-31 09:09:18,-68.068935,-67.570716,"female",-68.069376,-67.570629
"kb_43",2022-12-31 09:11:18,-68.068935,-67.570716,"female",-68.069487,-67.57086
"kb_43",2022-12-31 09:13:24,-68.068935,-67.570716,"female",-68.069483,-67.570856
"kb_43",2022-12-31 09:15:19,-68.068935,-67.570716,"female",-68.069073,-67.569896
"kb_43",2022-12-31 09:17:19,-68.068935,-67.570716,"female",-68.069348,-67.570603
"kb_43",2022-12-31 09:19:16,-68.068935,-67.570716,"female",-68.069377,-67.570577
"kb_43",2022-12-31 09:21:06,-68.068935,-67.570716,"female",-68.0686,-67.569132
"kb_43",2022-12-31 09:23:11,-68.068935,-67.570716,"female",-68.067824,-67.567896
"kb_43",2022-12-31 09:25:03,-68.068935,-67.570716,"female",-68.069417,-67.570645
"kb_43",2022-12-31 09:27:01,-68.068935,-67.570716,"female",-68.069502,-67.570792
"kb_43",2022-12-31 09:29:01,-68.068935,-67.570716,"female",-68.069399,-67.57055
"kb_43",2022-12-31 09:31:13,-68.068935,-67.570716,"female",-68.066355,-67.57023
"kb_43",2022-12-31 09:33:14,-68.068935,-67.570716,"female",-68.066206,-67.570132
"kb_43",2022-12-31 09:35:13,-68.068935,-67.570716,"female",-68.066167,-67.569949
"kb_43",2022-12-31 09:37:15,-68.068935,-67.570716,"female",-68.067486,-67.569534
"kb_43",2022-12-31 09:39:14,-68.068935,-67.570716,"female",-68.067748,-67.569538
"kb_43",2022-12-31 09:41:13,-68.068935,-67.570716,"female",-68.067547,-67.569635
"kb_43",2022-12-31 09:43:12,-68.068935,-67.570716,"female",-68.061131,-67.56793
"kb_43",2022-12-31 09:45:11,-68.068935,-67.570716,"female",-68.022899,-67.563604
"kb_43",2022-12-31 09:47:11,-68.068935,-67.570716,"female",-67.978763,-67.56003
"kb_43",2022-12-31 09:49:10,-68.068935,-67.570716,"female",-67.931952,-67.559405
"kb_43",2022-12-31 09:51:43,-68.068935,-67.570716,"female",-67.872105,-67.556713
"kb_43",2022-12-31 09:53:41,-68.068935,-67.570716,"female",-67.828485,-67.551951
"kb_43",2022-12-31 09:55:40,-68.068935,-67.570716,"female",-67.80096,-67.546785
"kb_43",2022-12-31 09:57:39,-68.068935,-67.570716,"female",-67.800847,-67.546784
"kb_43",2022-12-31 09:59:38,-68.068935,-67.570716,"female",-67.800778,-67.546853
"kb_43",2022-12-31 10:01:37,-68.068935,-67.570716,"female",-67.797893,-67.547623
"kb_43",2022-12-31 10:04:52,-68.068935,-67.570716,"female",-67.799725,-67.547144
"kb_43",2022-12-31 10:07:01,-68.068935,-67.570716,"female",-67.800149,-67.547024
"kb_43",2022-12-31 10:08:59,-68.068935,-67.570716,"female",-67.800844,-67.546324
"kb_43",2022-12-31 10:11:01,-68.068935,-67.570716,"female",-67.800842,-67.546276
"kb_43",2022-12-31 10:12:57,-68.068935,-67.570716,"female",-67.800917,-67.546304
"kb_43",2022-12-31 10:14:57,-68.068935,-67.570716,"female",-67.800836,-67.546335
"kb_43",2022-12-31 10:16:56,-68.068935,-67.570716,"female",-67.800706,-67.546202
"kb_43",2022-12-31 10:18:54,-68.068935,-67.570716,"female",-67.800796,-67.546338
"kb_43",2022-12-31 10:20:53,-68.068935,-67.570716,"female",-67.800788,-67.546299
"kb_43",2022-12-31 10:22:53,-68.068935,-67.570716,"female",-67.800806,-67.5463
"kb_43",2022-12-31 10:24:52,-68.068935,-67.570716,"female",-67.800885,-67.546512
"kb_43",2022-12-31 10:26:52,-68.068935,-67.570716,"female",-67.800743,-67.546334
"kb_43",2022-12-31 10:28:50,-68.068935,-67.570716,"female",-67.800863,-67.546355
"kb_43",2022-12-31 10:31:59,-68.068935,-67.570716,"female",-67.799211,-67.54722
"kb_43",2022-12-31 10:34:56,-68.068935,-67.570716,"female",-67.798821,-67.54756
"kb_43",2022-12-31 10:36:55,-68.068935,-67.570716,"female",-67.799919,-67.547171
"kb_43",2022-12-31 10:39:25,-68.068935,-67.570716,"female",-67.800815,-67.54734
"kb_43",2022-12-31 10:41:26,-68.068935,-67.570716,"female",-67.800591,-67.547303
"kb_43",2022-12-31 10:43:28,-68.068935,-67.570716,"female",-67.799762,-67.544565
"kb_43",2022-12-31 10:45:25,-68.068935,-67.570716,"female",-67.800939,-67.546825
"kb_43",2022-12-31 10:47:24,-68.068935,-67.570716,"female",-67.801031,-67.546727
"kb_43",2022-12-31 10:49:22,-68.068935,-67.570716,"female",-67.800984,-67.546865
"kb_43",2022-12-31 10:51:22,-68.068935,-67.570716,"female",-67.800985,-67.546869
"kb_43",2022-12-31 10:53:20,-68.068935,-67.570716,"female",-67.800961,-67.54673
"kb_43",2022-12-31 10:55:21,-68.068935,-67.570716,"female",-67.800951,-67.546747
"kb_43",2022-12-31 10:57:20,-68.068935,-67.570716,"female",-67.800695,-67.546792
"kb_43",2022-12-31 10:59:19,-68.068935,-67.570716,"female",-67.801111,-67.546844
"kb_43",2022-12-31 11:01:18,-68.068935,-67.570716,"female",-67.801024,-67.546711
"kb_43",2022-12-31 11:03:17,-68.068935,-67.570716,"female",-67.801024,-67.546726
"kb_43",2022-12-31 11:05:16,-68.068935,-67.570716,"female",-67.801065,-67.546822
"kb_43",2022-12-31 11:07:15,-68.068935,-67.570716,"female",-67.80094,-67.546821
"kb_43",2022-12-31 11:09:15,-68.068935,-67.570716,"female",-67.800818,-67.546747
"kb_43",2022-12-31 11:11:13,-68.068935,-67.570716,"female",-67.800941,-67.546811
"kb_43",2022-12-31 11:13:12,-68.068935,-67.570716,"female",-67.800978,-67.54672
"kb_43",2022-12-31 11:15:12,-68.068935,-67.570716,"female",-67.797694,-67.54726
"kb_43",2022-12-31 11:17:11,-68.068935,-67.570716,"female",-67.799019,-67.547227
"kb_43",2022-12-31 11:20:20,-68.068935,-67.570716,"female",-67.800333,-67.547305
"kb_43",2022-12-31 11:22:16,-68.068935,-67.570716,"female",-67.800272,-67.547224
"kb_43",2022-12-31 11:24:14,-68.068935,-67.570716,"female",-67.800498,-67.547052
"kb_43",2022-12-31 11:26:14,-68.068935,-67.570716,"female",-67.799175,-67.546627
"kb_43",2022-12-31 11:28:13,-68.068935,-67.570716,"female",-67.796674,-67.54706
"kb_43",2022-12-31 11:30:27,-68.068935,-67.570716,"female",-67.797021,-67.547363
"kb_43",2022-12-31 11:32:26,-68.068935,-67.570716,"female",-67.797146,-67.547352
"kb_43",2022-12-31 11:34:25,-68.068935,-67.570716,"female",-67.797402,-67.547377
"kb_43",2022-12-31 11:36:25,-68.068935,-67.570716,"female",-67.797784,-67.547803
"kb_43",2022-12-31 11:38:24,-68.068935,-67.570716,"female",-67.794316,-67.550232
"kb_43",2022-12-31 11:40:23,-68.068935,-67.570716,"female",-67.794547,-67.550257
"kb_43",2022-12-31 11:42:22,-68.068935,-67.570716,"female",-67.794443,-67.550224
"kb_43",2022-12-31 11:44:21,-68.068935,-67.570716,"female",-67.794442,-67.550229
"kb_43",2022-12-31 11:46:20,-68.068935,-67.570716,"female",-67.794372,-67.550215
"kb_43",2022-12-31 11:48:19,-68.068935,-67.570716,"female",-67.794315,-67.550215
"kb_43",2022-12-31 11:50:18,-68.068935,-67.570716,"female",-67.79424,-67.55022
"kb_43",2022-12-31 11:52:17,-68.068935,-67.570716,"female",-67.799475,-67.549234
"kb_43",2022-12-31 11:55:19,-68.068935,-67.570716,"female",-67.845935,-67.571813
"kb_43",2022-12-31 11:57:19,-68.068935,-67.570716,"female",-67.904371,-67.571638
"kb_43",2022-12-31 11:59:18,-68.068935,-67.570716,"female",-67.960485,-67.567753
"kb_43",2022-12-31 12:01:17,-68.068935,-67.570716,"female",-68.021447,-67.570013
"kb_43",2022-12-31 12:03:17,-68.068935,-67.570716,"female",-68.069698,-67.570563
"kb_43",2022-12-31 12:05:16,-68.068935,-67.570716,"female",-68.069502,-67.570647
"kb_43",2022-12-31 12:07:15,-68.068935,-67.570716,"female",-68.069667,-67.570562
"kb_43",2022-12-31 12:09:21,-68.068935,-67.570716,"female",-68.069779,-67.57039
"kb_43",2022-12-31 12:11:12,-68.068935,-67.570716,"female",-68.069646,-67.570572
"kb_43",2022-12-31 12:13:11,-68.068935,-67.570716,"female",-68.069783,-67.570604
"kb_43",2022-12-31 12:15:11,-68.068935,-67.570716,"female",-68.069718,-67.570626
"kb_43",2022-12-31 12:17:15,-68.068935,-67.570716,"female",-68.070144,-67.570684
"kb_43",2022-12-31 12:19:10,-68.068935,-67.570716,"female",-68.070298,-67.570702
"kb_43",2022-12-31 12:21:09,-68.068935,-67.570716,"female",-68.069668,-67.570623
"kb_43",2022-12-31 12:23:07,-68.068935,-67.570716,"female",-68.069557,-67.570582
"kb_43",2022-12-31 12:24:29,-68.068935,-67.570716,"female",-68.069634,-67.570586
"kb_43",2022-12-31 12:26:28,-68.068935,-67.570716,"female",-68.069355,-67.570585
"kb_43",2022-12-31 12:28:27,-68.068935,-67.570716,"female",-68.069479,-67.570636
"kb_43",2022-12-31 12:30:27,-68.068935,-67.570716,"female",-68.06962,-67.570591
"kb_43",2022-12-31 12:32:26,-68.068935,-67.570716,"female",-68.06971,-67.570657
"kb_43",2022-12-31 12:34:24,-68.068935,-67.570716,"female",-68.069583,-67.570643
"kb_43",2022-12-31 12:36:23,-68.068935,-67.570716,"female",-68.069479,-67.570622
"kb_43",2022-12-31 12:38:22,-68.068935,-67.570716,"female",-68.069642,-67.570658
"kb_43",2022-12-31 12:40:21,-68.068935,-67.570716,"female",-68.069494,-67.570631
"kb_43",2022-12-31 12:42:23,-68.068935,-67.570716,"female",-68.069636,-67.570521
"kb_43",2022-12-31 12:44:22,-68.068935,-67.570716,"female",-68.069521,-67.570617
"kb_43",2022-12-31 12:46:28,-68.068935,-67.570716,"female",-68.069394,-67.570578
"kb_43",2022-12-31 12:48:19,-68.068935,-67.570716,"female",-68.06957,-67.570644
"kb_43",2022-12-31 12:50:17,-68.068935,-67.570716,"female",-68.069496,-67.570683
"kb_43",2022-12-31 12:52:17,-68.068935,-67.570716,"female",-68.069549,-67.570593
"kb_43",2022-12-31 12:54:05,-68.068935,-67.570716,"female",-68.06956,-67.570579
"kb_43",2022-12-31 12:56:04,-68.068935,-67.570716,"female",-68.069456,-67.570586
"kb_43",2022-12-31 12:58:05,-68.068935,-67.570716,"female",-68.069399,-67.570448
"kb_43",2022-12-31 13:00:05,-68.068935,-67.570716,"female",-68.069015,-67.570404
"kb_43",2022-12-31 13:02:01,-68.068935,-67.570716,"female",-68.06936,-67.570543
"kb_43",2022-12-31 13:04:02,-68.068935,-67.570716,"female",-68.069688,-67.57069
"kb_43",2022-12-31 13:05:59,-68.068935,-67.570716,"female",-68.069665,-67.570555
"kb_43",2022-12-31 13:07:57,-68.068935,-67.570716,"female",-68.069655,-67.570685
"kb_43",2022-12-31 13:09:57,-68.068935,-67.570716,"female",-68.069545,-67.570626
"kb_43",2022-12-31 13:11:56,-68.068935,-67.570716,"female",-68.069542,-67.570612
"kb_43",2022-12-31 13:13:54,-68.068935,-67.570716,"female",-68.069339,-67.570543
"kb_43",2022-12-31 13:15:54,-68.068935,-67.570716,"female",-68.069625,-67.570677
"kb_45",2022-12-30 17:51:16,-68.068935,-67.570716,"female",-68.069272,-67.570675
"kb_45",2022-12-30 17:53:15,-68.068935,-67.570716,"female",-68.068909,-67.570546
"kb_45",2022-12-30 17:57:05,-68.068935,-67.570716,"female",-68.069372,-67.570703
"kb_45",2022-12-30 17:58:57,-68.068935,-67.570716,"female",-68.069147,-67.570665
"kb_45",2022-12-30 18:01:02,-68.068935,-67.570716,"female",-68.068899,-67.570733
"kb_45",2022-12-30 18:02:57,-68.068935,-67.570716,"female",-68.069111,-67.570672
"kb_45",2022-12-30 18:04:56,-68.068935,-67.570716,"female",-68.069237,-67.570763
"kb_45",2022-12-30 18:07:02,-68.068935,-67.570716,"female",-68.069267,-67.570717
"kb_45",2022-12-30 18:08:54,-68.068935,-67.570716,"female",-68.069295,-67.570781
"kb_45",2022-12-30 18:10:56,-68.068935,-67.570716,"female",-68.069088,-67.570583
"kb_45",2022-12-30 18:12:53,-68.068935,-67.570716,"female",-68.069163,-67.570627
"kb_45",2022-12-30 18:15:00,-68.068935,-67.570716,"female",-68.06919,-67.570426
"kb_45",2022-12-30 18:16:47,-68.068935,-67.570716,"female",-68.068272,-67.570187
"kb_45",2022-12-30 18:18:37,-68.068935,-67.570716,"female",-68.068539,-67.570525
"kb_45",2022-12-30 18:22:33,-68.068935,-67.570716,"female",-68.068907,-67.570677
"kb_45",2022-12-30 18:24:34,-68.068935,-67.570716,"female",-68.069588,-67.5708
"kb_45",2022-12-30 18:26:30,-68.068935,-67.570716,"female",-68.069522,-67.570644
"kb_45",2022-12-30 18:28:29,-68.068935,-67.570716,"female",-68.069502,-67.570629
"kb_45",2022-12-30 18:30:28,-68.068935,-67.570716,"female",-68.069487,-67.570549
"kb_45",2022-12-30 18:32:27,-68.068935,-67.570716,"female",-68.069463,-67.570516
"kb_45",2022-12-30 18:34:27,-68.068935,-67.570716,"female",-68.069508,-67.570516
"kb_45",2022-12-30 18:36:25,-68.068935,-67.570716,"female",-68.069491,-67.570496
"kb_45",2022-12-30 18:38:24,-68.068935,-67.570716,"female",-68.069395,-67.570586
"kb_45",2022-12-30 18:40:23,-68.068935,-67.570716,"female",-68.069635,-67.570657
"kb_45",2022-12-30 18:42:24,-68.068935,-67.570716,"female",-68.069527,-67.570548
"kb_45",2022-12-30 18:44:22,-68.068935,-67.570716,"female",-68.069369,-67.570541
"kb_45",2022-12-30 18:46:40,-68.068935,-67.570716,"female",-68.069376,-67.570687
"kb_45",2022-12-30 18:48:39,-68.068935,-67.570716,"female",-68.069394,-67.570531
"kb_45",2022-12-30 18:50:38,-68.068935,-67.570716,"female",-68.069322,-67.570642
"kb_45",2022-12-30 18:52:37,-68.068935,-67.570716,"female",-68.069384,-67.570666
"kb_45",2022-12-30 18:54:36,-68.068935,-67.570716,"female",-68.069333,-67.570617
"kb_45",2022-12-30 18:56:35,-68.068935,-67.570716,"female",-68.069538,-67.570631
"kb_45",2022-12-30 18:58:34,-68.068935,-67.570716,"female",-68.069401,-67.570473
"kb_45",2022-12-30 19:00:33,-68.068935,-67.570716,"female",-68.069449,-67.570608
"kb_45",2022-12-30 19:02:34,-68.068935,-67.570716,"female",-68.069914,-67.570821
"kb_45",2022-12-30 19:04:32,-68.068935,-67.570716,"female",-68.069656,-67.570738
"kb_45",2022-12-30 19:06:32,-68.068935,-67.570716,"female",-68.069795,-67.570786
"kb_45",2022-12-30 19:08:31,-68.068935,-67.570716,"female",-68.069787,-67.570771
"kb_45",2022-12-30 19:10:31,-68.068935,-67.570716,"female",-68.069425,-67.570619
"kb_45",2022-12-30 19:12:30,-68.068935,-67.570716,"female",-68.069339,-67.570584
"kb_45",2022-12-30 19:14:29,-68.068935,-67.570716,"female",-68.069501,-67.570614
"kb_45",2022-12-30 19:16:30,-68.068935,-67.570716,"female",-68.069412,-67.570637
"kb_45",2022-12-30 19:18:28,-68.068935,-67.570716,"female",-68.069284,-67.570576
"kb_45",2022-12-30 19:20:27,-68.068935,-67.570716,"female",-68.069476,-67.570662
"kb_45",2022-12-30 19:22:27,-68.068935,-67.570716,"female",-68.069358,-67.570625
"kb_45",2022-12-30 19:24:24,-68.068935,-67.570716,"female",-68.069536,-67.570676
"kb_45",2022-12-30 19:26:25,-68.068935,-67.570716,"female",-68.069388,-67.570603
"kb_45",2022-12-30 19:28:24,-68.068935,-67.570716,"female",-68.0694,-67.570665
"kb_45",2022-12-30 19:30:21,-68.068935,-67.570716,"female",-68.069659,-67.570705
"kb_45",2022-12-30 19:32:20,-68.068935,-67.570716,"female",-68.06953,-67.570648
"kb_45",2022-12-30 19:34:19,-68.068935,-67.570716,"female",-68.069463,-67.570629
"kb_45",2022-12-30 19:36:19,-68.068935,-67.570716,"female",-68.069659,-67.570681
"kb_45",2022-12-30 19:38:17,-68.068935,-67.570716,"female",-68.069407,-67.57067
"kb_45",2022-12-30 19:40:17,-68.068935,-67.570716,"female",-68.069661,-67.570704
"kb_45",2022-12-30 19:42:15,-68.068935,-67.570716,"female",-68.069358,-67.57068
"kb_45",2022-12-30 19:44:15,-68.068935,-67.570716,"female",-68.069578,-67.570736
"kb_45",2022-12-30 19:46:16,-68.068935,-67.570716,"female",-68.069272,-67.57054
"kb_45",2022-12-30 19:48:18,-68.068935,-67.570716,"female",-68.06932,-67.570542
"kb_45",2022-12-30 19:50:15,-68.068935,-67.570716,"female",-68.06928,-67.570552
"kb_45",2022-12-30 19:52:14,-68.068935,-67.570716,"female",-68.069265,-67.570614
"kb_45",2022-12-30 19:54:13,-68.068935,-67.570716,"female",-68.069241,-67.570594
"kb_45",2022-12-30 19:56:14,-68.068935,-67.570716,"female",-68.069439,-67.570604
"kb_45",2022-12-30 19:58:11,-68.068935,-67.570716,"female",-68.069268,-67.570584
"kb_45",2022-12-30 20:00:10,-68.068935,-67.570716,"female",-68.069292,-67.570588
"kb_45",2022-12-30 20:02:08,-68.068935,-67.570716,"female",-68.06932,-67.570708
"kb_45",2022-12-30 20:04:07,-68.068935,-67.570716,"female",-68.069093,-67.570706
"kb_45",2022-12-30 20:06:07,-68.068935,-67.570716,"female",-68.069511,-67.570622
"kb_45",2022-12-30 20:08:05,-68.068935,-67.570716,"female",-68.069374,-67.570624
"kb_45",2022-12-30 20:10:05,-68.068935,-67.570716,"female",-68.069294,-67.570685
"kb_45",2022-12-30 20:12:04,-68.068935,-67.570716,"female",-68.069308,-67.570644
"kb_45",2022-12-30 20:14:03,-68.068935,-67.570716,"female",-68.069194,-67.570668
"kb_45",2022-12-30 20:15:32,-68.068935,-67.570716,"female",-68.069521,-67.570598
"kb_45",2022-12-30 20:17:31,-68.068935,-67.570716,"female",-68.069604,-67.570719
"kb_45",2022-12-30 20:19:29,-68.068935,-67.570716,"female",-68.069398,-67.570661
"kb_45",2022-12-30 20:21:29,-68.068935,-67.570716,"female",-68.06933,-67.57065
"kb_45",2022-12-30 20:23:27,-68.068935,-67.570716,"female",-68.069389,-67.570642
"kb_45",2022-12-30 20:25:27,-68.068935,-67.570716,"female",-68.069409,-67.57062
"kb_45",2022-12-30 20:27:26,-68.068935,-67.570716,"female",-68.069466,-67.57066
"kb_45",2022-12-30 20:29:24,-68.068935,-67.570716,"female",-68.069371,-67.570664
"kb_45",2022-12-30 20:31:24,-68.068935,-67.570716,"female",-68.069345,-67.570663
"kb_45",2022-12-30 20:33:22,-68.068935,-67.570716,"female",-68.069415,-67.570678
"kb_45",2022-12-30 20:35:21,-68.068935,-67.570716,"female",-68.069233,-67.570638
"kb_45",2022-12-30 20:37:20,-68.068935,-67.570716,"female",-68.069402,-67.570627
"kb_45",2022-12-30 20:39:20,-68.068935,-67.570716,"female",-68.069278,-67.570625
"kb_45",2022-12-30 20:41:19,-68.068935,-67.570716,"female",-68.06948,-67.570664
"kb_45",2022-12-30 20:43:18,-68.068935,-67.570716,"female",-68.069417,-67.570685
"kb_45",2022-12-30 20:45:06,-68.068935,-67.570716,"female",-68.069252,-67.570653
"kb_45",2022-12-30 20:47:05,-68.068935,-67.570716,"female",-68.06935,-67.570693
"kb_45",2022-12-30 20:49:04,-68.068935,-67.570716,"female",-68.069412,-67.570658
"kb_45",2022-12-30 20:51:03,-68.068935,-67.570716,"female",-68.069319,-67.57068
"kb_45",2022-12-30 20:53:02,-68.068935,-67.570716,"female",-68.069344,-67.570648
"kb_45",2022-12-30 20:55:01,-68.068935,-67.570716,"female",-68.069291,-67.570639
"kb_45",2022-12-30 20:57:00,-68.068935,-67.570716,"female",-68.069375,-67.570669
"kb_45",2022-12-30 20:58:59,-68.068935,-67.570716,"female",-68.069321,-67.570612
"kb_45",2022-12-30 21:00:58,-68.068935,-67.570716,"female",-68.069371,-67.570704
"kb_45",2022-12-30 21:02:57,-68.068935,-67.570716,"female",-68.069414,-67.570677
"kb_45",2022-12-30 21:04:56,-68.068935,-67.570716,"female",-68.069417,-67.570657
"kb_45",2022-12-30 21:06:56,-68.068935,-67.570716,"female",-68.069315,-67.57071
"kb_45",2022-12-30 21:08:55,-68.068935,-67.570716,"female",-68.069356,-67.570641
"kb_45",2022-12-30 21:10:54,-68.068935,-67.570716,"female",-68.069307,-67.570677
"kb_45",2022-12-30 21:12:53,-68.068935,-67.570716,"female",-68.069279,-67.570708
"kb_45",2022-12-30 21:14:41,-68.068935,-67.570716,"female",-68.069312,-67.570654
"kb_45",2022-12-30 21:16:40,-68.068935,-67.570716,"female",-68.069363,-67.570637
"kb_45",2022-12-30 21:18:39,-68.068935,-67.570716,"female",-68.069318,-67.570668
"kb_45",2022-12-30 21:20:38,-68.068935,-67.570716,"female",-68.069349,-67.570625
"kb_45",2022-12-30 21:22:37,-68.068935,-67.570716,"female",-68.069195,-67.570654
"kb_45",2022-12-30 21:24:36,-68.068935,-67.570716,"female",-68.06874,-67.570587
"kb_45",2022-12-30 21:26:35,-68.068935,-67.570716,"female",-68.069126,-67.570593
"kb_45",2022-12-30 21:28:34,-68.068935,-67.570716,"female",-68.069288,-67.570662
"kb_45",2022-12-30 21:30:33,-68.068935,-67.570716,"female",-68.069162,-67.570645
"kb_45",2022-12-30 21:32:32,-68.068935,-67.570716,"female",-68.069321,-67.570667
"kb_45",2022-12-30 21:34:32,-68.068935,-67.570716,"female",-68.069352,-67.570659
"kb_45",2022-12-30 21:36:31,-68.068935,-67.570716,"female",-68.069244,-67.570648
"kb_45",2022-12-30 21:38:30,-68.068935,-67.570716,"female",-68.069358,-67.57068
"kb_45",2022-12-30 21:40:29,-68.068935,-67.570716,"female",-68.069286,-67.57064
"kb_45",2022-12-30 21:42:28,-68.068935,-67.570716,"female",-68.069396,-67.570685
"kb_45",2022-12-30 21:45:33,-68.068935,-67.570716,"female",-68.069333,-67.570688
"kb_45",2022-12-30 21:47:32,-68.068935,-67.570716,"female",-68.069516,-67.570736
"kb_45",2022-12-30 21:49:31,-68.068935,-67.570716,"female",-68.069505,-67.570717
"kb_45",2022-12-30 21:51:30,-68.068935,-67.570716,"female",-68.068914,-67.570601
"kb_45",2022-12-30 21:53:30,-68.068935,-67.570716,"female",-68.069175,-67.570642
"kb_45",2022-12-30 21:55:28,-68.068935,-67.570716,"female",-68.069314,-67.570634
"kb_45",2022-12-30 21:57:28,-68.068935,-67.570716,"female",-68.069151,-67.570637
"kb_45",2022-12-30 21:59:27,-68.068935,-67.570716,"female",-68.068944,-67.570594
"kb_45",2022-12-30 22:01:25,-68.068935,-67.570716,"female",-68.069072,-67.570642
"kb_45",2022-12-30 22:03:25,-68.068935,-67.570716,"female",-68.068584,-67.570442
"kb_45",2022-12-30 22:05:23,-68.068935,-67.570716,"female",-68.068759,-67.570567
"kb_45",2022-12-30 22:07:26,-68.068935,-67.570716,"female",-68.068684,-67.570459
"kb_45",2022-12-30 22:09:23,-68.068935,-67.570716,"female",-68.069099,-67.570609
"kb_45",2022-12-30 22:11:21,-68.068935,-67.570716,"female",-68.069322,-67.570669
"kb_45",2022-12-30 22:13:20,-68.068935,-67.570716,"female",-68.069449,-67.570664
"kb_45",2022-12-30 22:15:08,-68.068935,-67.570716,"female",-68.069159,-67.570647
"kb_45",2022-12-30 22:17:07,-68.068935,-67.570716,"female",-68.069076,-67.570581
"kb_45",2022-12-30 22:19:07,-68.068935,-67.570716,"female",-68.069279,-67.570664
"kb_45",2022-12-30 22:21:05,-68.068935,-67.570716,"female",-68.069214,-67.570679
"kb_45",2022-12-30 22:23:04,-68.068935,-67.570716,"female",-68.069197,-67.570621
"kb_45",2022-12-30 22:25:03,-68.068935,-67.570716,"female",-68.069345,-67.570591
"kb_45",2022-12-30 22:27:02,-68.068935,-67.570716,"female",-68.069155,-67.570596
"kb_45",2022-12-30 22:29:01,-68.068935,-67.570716,"female",-68.06928,-67.5706
"kb_45",2022-12-30 22:31:05,-68.068935,-67.570716,"female",-68.069998,-67.569516
"kb_45",2022-12-30 22:33:04,-68.068935,-67.570716,"female",-68.068777,-67.570908
"kb_45",2022-12-30 22:35:05,-68.068935,-67.570716,"female",-68.069091,-67.570842
"kb_45",2022-12-30 22:37:04,-68.068935,-67.570716,"female",-68.069098,-67.570874
"kb_45",2022-12-30 22:39:05,-68.068935,-67.570716,"female",-68.06943,-67.570667
"kb_45",2022-12-30 22:41:05,-68.068935,-67.570716,"female",-68.070353,-67.570805
"kb_45",2022-12-30 22:43:02,-68.068935,-67.570716,"female",-68.069659,-67.570791
"kb_45",2022-12-30 22:44:51,-68.068935,-67.570716,"female",-68.069366,-67.570645
"kb_45",2022-12-30 22:46:49,-68.068935,-67.570716,"female",-68.069301,-67.570667
"kb_45",2022-12-30 22:48:51,-68.068935,-67.570716,"female",-68.069422,-67.570734
"kb_45",2022-12-30 22:50:50,-68.068935,-67.570716,"female",-68.069251,-67.570686
"kb_45",2022-12-30 22:52:48,-68.068935,-67.570716,"female",-68.069871,-67.570521
"kb_45",2022-12-30 22:54:48,-68.068935,-67.570716,"female",-68.06913,-67.570719
"kb_45",2022-12-30 22:56:46,-68.068935,-67.570716,"female",-68.06917,-67.570722
"kb_45",2022-12-30 22:58:59,-68.068935,-67.570716,"female",-68.069116,-67.570754
"kb_45",2022-12-30 23:00:57,-68.068935,-67.570716,"female",-68.069495,-67.57061
"kb_45",2022-12-30 23:02:55,-68.068935,-67.570716,"female",-68.069268,-67.570705
"kb_45",2022-12-30 23:04:54,-68.068935,-67.570716,"female",-68.069225,-67.570723
"kb_45",2022-12-30 23:06:56,-68.068935,-67.570716,"female",-68.069166,-67.570751
"kb_45",2022-12-30 23:08:54,-68.068935,-67.570716,"female",-68.069336,-67.570691
"kb_45",2022-12-30 23:10:39,-68.068935,-67.570716,"female",-68.069415,-67.570685
"kb_45",2022-12-30 23:12:41,-68.068935,-67.570716,"female",-68.070456,-67.569127
"kb_45",2022-12-30 23:14:59,-68.068935,-67.570716,"female",-68.069305,-67.570618
"kb_45",2022-12-30 23:17:02,-68.068935,-67.570716,"female",-68.069389,-67.570306
"kb_45",2022-12-30 23:19:02,-68.068935,-67.570716,"female",-68.069333,-67.570269
"kb_45",2022-12-30 23:21:01,-68.068935,-67.570716,"female",-68.069238,-67.570214
"kb_45",2022-12-30 23:23:00,-68.068935,-67.570716,"female",-68.069217,-67.570247
"kb_45",2022-12-30 23:24:59,-68.068935,-67.570716,"female",-68.069214,-67.570269
"kb_45",2022-12-30 23:26:43,-68.068935,-67.570716,"female",-68.06946,-67.569882
"kb_45",2022-12-30 23:28:42,-68.068935,-67.570716,"female",-68.067756,-67.561815
"kb_45",2022-12-30 23:30:41,-68.068935,-67.570716,"female",-68.063369,-67.547644
"kb_45",2022-12-30 23:32:39,-68.068935,-67.570716,"female",-68.056445,-67.534122
"kb_45",2022-12-30 23:34:39,-68.068935,-67.570716,"female",-68.047441,-67.520719
"kb_45",2022-12-30 23:36:38,-68.068935,-67.570716,"female",-68.037918,-67.50744
"kb_45",2022-12-30 23:38:38,-68.068935,-67.570716,"female",-68.023887,-67.494645
"kb_45",2022-12-30 23:40:37,-68.068935,-67.570716,"female",-68.004689,-67.482993
"kb_45",2022-12-30 23:42:36,-68.068935,-67.570716,"female",-67.9825,-67.472443
"kb_45",2022-12-30 23:44:37,-68.068935,-67.570716,"female",-67.949145,-67.463841
"kb_45",2022-12-30 23:46:39,-68.068935,-67.570716,"female",-67.917773,-67.453788
"kb_45",2022-12-30 23:48:38,-68.068935,-67.570716,"female",-67.896526,-67.440894
"kb_45",2022-12-30 23:50:35,-68.068935,-67.570716,"female",-67.879201,-67.428843
"kb_45",2022-12-30 23:52:37,-68.068935,-67.570716,"female",-67.853058,-67.416261
"kb_45",2022-12-30 23:54:32,-68.068935,-67.570716,"female",-67.830418,-67.402801
"kb_45",2022-12-30 23:56:30,-68.068935,-67.570716,"female",-67.798951,-67.391294
"kb_45",2022-12-30 23:58:29,-68.068935,-67.570716,"female",-67.775912,-67.380033
"kb_45",2022-12-31 00:00:29,-68.068935,-67.570716,"female",-67.757972,-67.369855
"kb_45",2022-12-31 00:02:31,-68.068935,-67.570716,"female",-67.745092,-67.366748
"kb_45",2022-12-31 00:04:50,-68.068935,-67.570716,"female",-67.744718,-67.366125
"kb_45",2022-12-31 00:06:48,-68.068935,-67.570716,"female",-67.752612,-67.360051
"kb_45",2022-12-31 00:08:47,-68.068935,-67.570716,"female",-67.749549,-67.348503
"kb_45",2022-12-31 00:10:46,-68.068935,-67.570716,"female",-67.740579,-67.335189
"kb_45",2022-12-31 00:12:46,-68.068935,-67.570716,"female",-67.719568,-67.324943
"kb_45",2022-12-31 00:15:47,-68.068935,-67.570716,"female",-67.711773,-67.324073
"kb_45",2022-12-31 00:17:42,-68.068935,-67.570716,"female",-67.708307,-67.323764
"kb_45",2022-12-31 00:19:43,-68.068935,-67.570716,"female",-67.708682,-67.323707
"kb_45",2022-12-31 00:21:39,-68.068935,-67.570716,"female",-67.710681,-67.323351
"kb_45",2022-12-31 00:23:36,-68.068935,-67.570716,"female",-67.708779,-67.32377
"kb_45",2022-12-31 00:25:35,-68.068935,-67.570716,"female",-67.708632,-67.32377
"kb_45",2022-12-31 00:27:35,-68.068935,-67.570716,"female",-67.708768,-67.323774
"kb_45",2022-12-31 00:29:36,-68.068935,-67.570716,"female",-67.70998,-67.323528
"kb_45",2022-12-31 00:31:43,-68.068935,-67.570716,"female",-67.709745,-67.323603
"kb_45",2022-12-31 00:33:39,-68.068935,-67.570716,"female",-67.70921,-67.323954
"kb_45",2022-12-31 00:35:38,-68.068935,-67.570716,"female",-67.708001,-67.323715
"kb_42",2022-12-30 17:29:32,-68.068935,-67.570716,"female",-68.069368,-67.570731
"kb_42",2022-12-30 17:31:29,-68.068935,-67.570716,"female",-68.069191,-67.570804
"kb_42",2022-12-30 17:33:28,-68.068935,-67.570716,"female",-68.069148,-67.57072
"kb_42",2022-12-30 17:35:27,-68.068935,-67.570716,"female",-68.068841,-67.570669
"kb_42",2022-12-30 17:37:31,-68.068935,-67.570716,"female",-68.069059,-67.570671
"kb_42",2022-12-30 17:39:29,-68.068935,-67.570716,"female",-68.069732,-67.570825
"kb_42",2022-12-30 17:41:31,-68.068935,-67.570716,"female",-68.068962,-67.570565
"kb_42",2022-12-30 17:43:30,-68.068935,-67.570716,"female",-68.069399,-67.570769
"kb_42",2022-12-30 17:45:29,-68.068935,-67.570716,"female",-68.069304,-67.57071
"kb_42",2022-12-30 17:47:28,-68.068935,-67.570716,"female",-68.069195,-67.570688
"kb_42",2022-12-30 17:49:27,-68.068935,-67.570716,"female",-68.069105,-67.570705
"kb_42",2022-12-30 17:51:14,-68.068935,-67.570716,"female",-68.069189,-67.570723
"kb_42",2022-12-30 17:53:18,-68.068935,-67.570716,"female",-68.06933,-67.570759
"kb_42",2022-12-30 17:55:11,-68.068935,-67.570716,"female",-68.069809,-67.570874
"kb_42",2022-12-30 17:57:10,-68.068935,-67.570716,"female",-68.069328,-67.570723
"kb_42",2022-12-30 17:59:09,-68.068935,-67.570716,"female",-68.069286,-67.570756
"kb_42",2022-12-30 18:01:07,-68.068935,-67.570716,"female",-68.069202,-67.570719
"kb_42",2022-12-30 18:03:19,-68.068935,-67.570716,"female",-68.068251,-67.570083
"kb_42",2022-12-30 18:05:06,-68.068935,-67.570716,"female",-68.069312,-67.57077
"kb_42",2022-12-30 18:07:05,-68.068935,-67.570716,"female",-68.069112,-67.570618
"kb_42",2022-12-30 18:09:04,-68.068935,-67.570716,"female",-68.069356,-67.570766
"kb_42",2022-12-30 18:11:01,-68.068935,-67.570716,"female",-68.069284,-67.570769
"kb_42",2022-12-30 18:13:10,-68.068935,-67.570716,"female",-68.068958,-67.570588
"kb_42",2022-12-30 18:15:13,-68.068935,-67.570716,"female",-68.069115,-67.570926
"kb_42",2022-12-30 18:17:00,-68.068935,-67.570716,"female",-68.069239,-67.570748
"kb_42",2022-12-30 18:18:57,-68.068935,-67.570716,"female",-68.06922,-67.570773
"kb_42",2022-12-30 18:20:58,-68.068935,-67.570716,"female",-68.069237,-67.570766
"kb_42",2022-12-30 18:22:55,-68.068935,-67.570716,"female",-68.069376,-67.570687
"kb_42",2022-12-30 18:24:54,-68.068935,-67.570716,"female",-68.06926,-67.57066
"kb_42",2022-12-30 18:26:55,-68.068935,-67.570716,"female",-68.069765,-67.569882
"kb_42",2022-12-30 18:28:53,-68.068935,-67.570716,"female",-68.06933,-67.57067
"kb_42",2022-12-30 18:30:52,-68.068935,-67.570716,"female",-68.068986,-67.57062
"kb_42",2022-12-30 18:32:49,-68.068935,-67.570716,"female",-68.069149,-67.570697
"kb_42",2022-12-30 18:34:48,-68.068935,-67.570716,"female",-68.069059,-67.570693
"kb_42",2022-12-30 18:36:47,-68.068935,-67.570716,"female",-68.06918,-67.570774
"kb_42",2022-12-30 18:38:46,-68.068935,-67.570716,"female",-68.069172,-67.570732
"kb_42",2022-12-30 18:40:44,-68.068935,-67.570716,"female",-68.06908,-67.57069
"kb_42",2022-12-30 18:42:43,-68.068935,-67.570716,"female",-68.06896,-67.570665
"kb_42",2022-12-30 18:44:43,-68.068935,-67.570716,"female",-68.069049,-67.570697
"kb_42",2022-12-30 18:46:41,-68.068935,-67.570716,"female",-68.068987,-67.570706
"kb_42",2022-12-30 18:48:41,-68.068935,-67.570716,"female",-68.069052,-67.570604
"kb_42",2022-12-30 18:50:42,-68.068935,-67.570716,"female",-68.06898,-67.570607
"kb_42",2022-12-30 18:54:48,-68.068935,-67.570716,"female",-68.070054,-67.570972
"kb_42",2022-12-30 18:56:39,-68.068935,-67.570716,"female",-68.068826,-67.57063
"kb_42",2022-12-30 18:58:36,-68.068935,-67.570716,"female",-68.069077,-67.570706
"kb_42",2022-12-30 19:00:23,-68.068935,-67.570716,"female",-68.069612,-67.570719
"kb_42",2022-12-30 19:02:22,-68.068935,-67.570716,"female",-68.069592,-67.570717
"kb_42",2022-12-30 19:04:22,-68.068935,-67.570716,"female",-68.069542,-67.570719
"kb_42",2022-12-30 19:06:21,-68.068935,-67.570716,"female",-68.069583,-67.570755
"kb_42",2022-12-30 19:08:20,-68.068935,-67.570716,"female",-68.069422,-67.570634
"kb_42",2022-12-30 19:10:19,-68.068935,-67.570716,"female",-68.069365,-67.570678
"kb_42",2022-12-30 19:12:19,-68.068935,-67.570716,"female",-68.069366,-67.57069
"kb_42",2022-12-30 19:14:17,-68.068935,-67.570716,"female",-68.06951,-67.570703
"kb_42",2022-12-30 19:16:17,-68.068935,-67.570716,"female",-68.06941,-67.570735
"kb_42",2022-12-30 19:18:15,-68.068935,-67.570716,"female",-68.06939,-67.570766
"kb_42",2022-12-30 19:20:14,-68.068935,-67.570716,"female",-68.069363,-67.570749
"kb_42",2022-12-30 19:22:16,-68.068935,-67.570716,"female",-68.069548,-67.570702
"kb_42",2022-12-30 19:24:13,-68.068935,-67.570716,"female",-68.06924,-67.570694
"kb_42",2022-12-30 19:26:13,-68.068935,-67.570716,"female",-68.069433,-67.570781
"kb_42",2022-12-30 19:28:12,-68.068935,-67.570716,"female",-68.069322,-67.57073
"kb_42",2022-12-30 19:30:29,-68.068935,-67.570716,"female",-68.069459,-67.570761
"kb_42",2022-12-30 19:32:28,-68.068935,-67.570716,"female",-68.069527,-67.57071
"kb_42",2022-12-30 19:34:29,-68.068935,-67.570716,"female",-68.069467,-67.570825
"kb_42",2022-12-30 19:36:28,-68.068935,-67.570716,"female",-68.069189,-67.571039
"kb_42",2022-12-30 19:38:25,-68.068935,-67.570716,"female",-68.06944,-67.570783
"kb_42",2022-12-30 19:40:25,-68.068935,-67.570716,"female",-68.069349,-67.570831
"kb_42",2022-12-30 19:42:23,-68.068935,-67.570716,"female",-68.069562,-67.57075
"kb_42",2022-12-30 19:44:23,-68.068935,-67.570716,"female",-68.069803,-67.570756
"kb_42",2022-12-30 19:46:21,-68.068935,-67.570716,"female",-68.069769,-67.570788
"kb_42",2022-12-30 19:48:29,-68.068935,-67.570716,"female",-68.070139,-67.57096
"kb_42",2022-12-30 19:50:21,-68.068935,-67.570716,"female",-68.069523,-67.570683
"kb_42",2022-12-30 19:52:20,-68.068935,-67.570716,"female",-68.069274,-67.570588
"kb_42",2022-12-30 19:54:19,-68.068935,-67.570716,"female",-68.069544,-67.570705
"kb_42",2022-12-30 19:56:18,-68.068935,-67.570716,"female",-68.069325,-67.570365
"kb_42",2022-12-30 19:58:17,-68.068935,-67.570716,"female",-68.069678,-67.570702
"kb_42",2022-12-30 20:01:05,-68.068935,-67.570716,"female",-68.069742,-67.570698
"kb_42",2022-12-30 20:03:05,-68.068935,-67.570716,"female",-68.069638,-67.570664
"kb_42",2022-12-30 20:04:52,-68.068935,-67.570716,"female",-68.069377,-67.570705
"kb_42",2022-12-30 20:06:52,-68.068935,-67.570716,"female",-68.069346,-67.570591
"kb_42",2022-12-30 20:08:50,-68.068935,-67.570716,"female",-68.069513,-67.570742
"kb_42",2022-12-30 20:10:49,-68.068935,-67.570716,"female",-68.069228,-67.570652
"kb_42",2022-12-30 20:12:48,-68.068935,-67.570716,"female",-68.069802,-67.570792
"kb_42",2022-12-30 20:14:47,-68.068935,-67.570716,"female",-68.069545,-67.570672
"kb_42",2022-12-30 20:16:48,-68.068935,-67.570716,"female",-68.069603,-67.570681
"kb_42",2022-12-30 20:18:48,-68.068935,-67.570716,"female",-68.069469,-67.570747
"kb_42",2022-12-30 20:20:46,-68.068935,-67.570716,"female",-68.069308,-67.571013
"kb_42",2022-12-30 20:22:46,-68.068935,-67.570716,"female",-68.069398,-67.570876
"kb_42",2022-12-30 20:24:46,-68.068935,-67.570716,"female",-68.069391,-67.570847
"kb_42",2022-12-30 20:26:46,-68.068935,-67.570716,"female",-68.069438,-67.570815
"kb_42",2022-12-30 20:29:01,-68.068935,-67.570716,"female",-68.069496,-67.570768
"kb_42",2022-12-30 20:30:59,-68.068935,-67.570716,"female",-68.06947,-67.57061
"kb_42",2022-12-30 20:32:56,-68.068935,-67.570716,"female",-68.069491,-67.570706
"kb_42",2022-12-30 20:34:57,-68.068935,-67.570716,"female",-68.069465,-67.5707
"kb_42",2022-12-30 20:36:54,-68.068935,-67.570716,"female",-68.069421,-67.570715
"kb_42",2022-12-30 20:38:53,-68.068935,-67.570716,"female",-68.069477,-67.570711
"kb_42",2022-12-30 20:40:52,-68.068935,-67.570716,"female",-68.069437,-67.570701
"kb_42",2022-12-30 20:42:51,-68.068935,-67.570716,"female",-68.069574,-67.570684
"kb_42",2022-12-30 20:44:51,-68.068935,-67.570716,"female",-68.06946,-67.570693
"kb_42",2022-12-30 20:46:48,-68.068935,-67.570716,"female",-68.069358,-67.57068
"kb_42",2022-12-30 20:48:47,-68.068935,-67.570716,"female",-68.069343,-67.570723
"kb_42",2022-12-30 20:50:46,-68.068935,-67.570716,"female",-68.06944,-67.570708
"kb_42",2022-12-30 20:52:46,-68.068935,-67.570716,"female",-68.069361,-67.570603
"kb_42",2022-12-30 20:54:45,-68.068935,-67.570716,"female",-68.069479,-67.570747
"kb_42",2022-12-30 20:56:44,-68.068935,-67.570716,"female",-68.069251,-67.570744
"kb_42",2022-12-30 20:58:38,-68.068935,-67.570716,"female",-68.069323,-67.570696
"kb_42",2022-12-30 21:00:37,-68.068935,-67.570716,"female",-68.069516,-67.57068
"kb_42",2022-12-30 21:02:36,-68.068935,-67.570716,"female",-68.069455,-67.570669
"kb_42",2022-12-30 21:04:35,-68.068935,-67.570716,"female",-68.069445,-67.57071
"kb_42",2022-12-30 21:06:34,-68.068935,-67.570716,"female",-68.069439,-67.570704
"kb_42",2022-12-30 21:08:33,-68.068935,-67.570716,"female",-68.069409,-67.57069
"kb_42",2022-12-30 21:10:32,-68.068935,-67.570716,"female",-68.069409,-67.570705
"kb_42",2022-12-30 21:12:31,-68.068935,-67.570716,"female",-68.06937,-67.570721
"kb_42",2022-12-30 21:14:30,-68.068935,-67.570716,"female",-68.069382,-67.570697
"kb_42",2022-12-30 21:16:29,-68.068935,-67.570716,"female",-68.069416,-67.570731
"kb_42",2022-12-30 21:18:29,-68.068935,-67.570716,"female",-68.069478,-67.570749
"kb_42",2022-12-30 21:20:28,-68.068935,-67.570716,"female",-68.069278,-67.5707
"kb_42",2022-12-30 21:22:27,-68.068935,-67.570716,"female",-68.069489,-67.570783
"kb_42",2022-12-30 21:24:27,-68.068935,-67.570716,"female",-68.069395,-67.570699
"kb_42",2022-12-30 21:26:26,-68.068935,-67.570716,"female",-68.069534,-67.570788
"kb_42",2022-12-30 21:28:25,-68.068935,-67.570716,"female",-68.069423,-67.570699
"kb_42",2022-12-30 21:30:26,-68.068935,-67.570716,"female",-68.069201,-67.570483
"kb_42",2022-12-30 21:32:23,-68.068935,-67.570716,"female",-68.069346,-67.570652
"kb_42",2022-12-30 21:34:22,-68.068935,-67.570716,"female",-68.069419,-67.570712
"kb_42",2022-12-30 21:36:21,-68.068935,-67.570716,"female",-68.06934,-67.570727
"kb_42",2022-12-30 21:38:20,-68.068935,-67.570716,"female",-68.069312,-67.570714
"kb_42",2022-12-30 21:40:19,-68.068935,-67.570716,"female",-68.069343,-67.570693
"kb_42",2022-12-30 21:42:17,-68.068935,-67.570716,"female",-68.069257,-67.570677
"kb_42",2022-12-30 21:44:16,-68.068935,-67.570716,"female",-68.069406,-67.570646
"kb_42",2022-12-30 21:46:15,-68.068935,-67.570716,"female",-68.069331,-67.570666
"kb_42",2022-12-30 21:48:14,-68.068935,-67.570716,"female",-68.069312,-67.570665
"kb_42",2022-12-30 21:50:14,-68.068935,-67.570716,"female",-68.069406,-67.570681
"kb_42",2022-12-30 21:52:13,-68.068935,-67.570716,"female",-68.069378,-67.570674
"kb_42",2022-12-30 21:54:12,-68.068935,-67.570716,"female",-68.069365,-67.570678
"kb_42",2022-12-30 21:56:11,-68.068935,-67.570716,"female",-68.069371,-67.570708
"kb_42",2022-12-30 21:58:10,-68.068935,-67.570716,"female",-68.069368,-67.57067
"kb_42",2022-12-30 22:00:09,-68.068935,-67.570716,"female",-68.069413,-67.570671
"kb_42",2022-12-30 22:02:08,-68.068935,-67.570716,"female",-68.069451,-67.570716
"kb_42",2022-12-30 22:04:07,-68.068935,-67.570716,"female",-68.069314,-67.570671
"kb_42",2022-12-30 22:06:06,-68.068935,-67.570716,"female",-68.06935,-67.570684
"kb_42",2022-12-30 22:08:05,-68.068935,-67.570716,"female",-68.069439,-67.570715
"kb_42",2022-12-30 22:10:05,-68.068935,-67.570716,"female",-68.069371,-67.570619
"kb_42",2022-12-30 22:12:03,-68.068935,-67.570716,"female",-68.069361,-67.570657
"kb_42",2022-12-30 22:14:02,-68.068935,-67.570716,"female",-68.069238,-67.570685
"kb_42",2022-12-30 22:16:01,-68.068935,-67.570716,"female",-68.069372,-67.570683
"kb_42",2022-12-30 22:18:00,-68.068935,-67.570716,"female",-68.06932,-67.57069
"kb_42",2022-12-30 22:20:00,-68.068935,-67.570716,"female",-68.069615,-67.570687
"kb_42",2022-12-30 22:21:59,-68.068935,-67.570716,"female",-68.069329,-67.570705
"kb_42",2022-12-30 22:23:58,-68.068935,-67.570716,"female",-68.06936,-67.570676
"kb_42",2022-12-30 22:25:58,-68.068935,-67.570716,"female",-68.069386,-67.57069
"kb_42",2022-12-30 22:27:57,-68.068935,-67.570716,"female",-68.06931,-67.570677
"kb_42",2022-12-30 22:29:55,-68.068935,-67.570716,"female",-68.069419,-67.570704
"kb_42",2022-12-30 22:31:56,-68.068935,-67.570716,"female",-68.069355,-67.570773
"kb_42",2022-12-30 22:33:54,-68.068935,-67.570716,"female",-68.069369,-67.57082
"kb_42",2022-12-30 22:35:53,-68.068935,-67.570716,"female",-68.069673,-67.570733
"kb_42",2022-12-30 22:37:51,-68.068935,-67.570716,"female",-68.06939,-67.570696
"kb_42",2022-12-30 22:39:50,-68.068935,-67.570716,"female",-68.069314,-67.570662
"kb_42",2022-12-30 22:41:49,-68.068935,-67.570716,"female",-68.069556,-67.570706
"kb_42",2022-12-30 22:43:49,-68.068935,-67.570716,"female",-68.069561,-67.570815
"kb_42",2022-12-30 22:45:47,-68.068935,-67.570716,"female",-68.069404,-67.570691
"kb_42",2022-12-30 22:47:47,-68.068935,-67.570716,"female",-68.069338,-67.570678
"kb_42",2022-12-30 22:49:45,-68.068935,-67.570716,"female",-68.069542,-67.570739
"kb_42",2022-12-30 22:51:45,-68.068935,-67.570716,"female",-68.069363,-67.570659
"kb_42",2022-12-30 22:53:45,-68.068935,-67.570716,"female",-68.069171,-67.570812
"kb_42",2022-12-30 22:55:46,-68.068935,-67.570716,"female",-68.068793,-67.570817
"kb_42",2022-12-30 22:57:45,-68.068935,-67.570716,"female",-68.068667,-67.570748
"kb_42",2022-12-30 22:59:42,-68.068935,-67.570716,"female",-68.06937,-67.570747
"kb_42",2022-12-30 23:01:43,-68.068935,-67.570716,"female",-68.068969,-67.570845
"kb_42",2022-12-30 23:03:40,-68.068935,-67.570716,"female",-68.069455,-67.570775
"kb_42",2022-12-30 23:05:39,-68.068935,-67.570716,"female",-68.069426,-67.570766
"kb_42",2022-12-30 23:07:38,-68.068935,-67.570716,"female",-68.069436,-67.57075
"kb_42",2022-12-30 23:09:39,-68.068935,-67.570716,"female",-68.069326,-67.570646
"kb_42",2022-12-30 23:11:38,-68.068935,-67.570716,"female",-68.069617,-67.570786
"kb_42",2022-12-30 23:13:37,-68.068935,-67.570716,"female",-68.069453,-67.57063
"kb_42",2022-12-30 23:15:36,-68.068935,-67.570716,"female",-68.069549,-67.570762
"kb_42",2022-12-30 23:17:33,-68.068935,-67.570716,"female",-68.069405,-67.570742
"kb_42",2022-12-30 23:19:32,-68.068935,-67.570716,"female",-68.069466,-67.570731
"kb_42",2022-12-30 23:21:31,-68.068935,-67.570716,"female",-68.069415,-67.570772
"kb_42",2022-12-30 23:23:29,-68.068935,-67.570716,"female",-68.069435,-67.570733
"kb_42",2022-12-30 23:25:29,-68.068935,-67.570716,"female",-68.069553,-67.570714
"kb_42",2022-12-30 23:27:28,-68.068935,-67.570716,"female",-68.069439,-67.57069
"kb_42",2022-12-30 23:29:28,-68.068935,-67.570716,"female",-68.069445,-67.570759
"kb_42",2022-12-30 23:31:26,-68.068935,-67.570716,"female",-68.069472,-67.570777
"kb_42",2022-12-30 23:33:26,-68.068935,-67.570716,"female",-68.069376,-67.570758
"kb_42",2022-12-30 23:35:24,-68.068935,-67.570716,"female",-68.069357,-67.57073
"kb_42",2022-12-30 23:37:23,-68.068935,-67.570716,"female",-68.069616,-67.570679
"kb_42",2022-12-30 23:39:23,-68.068935,-67.570716,"female",-68.069411,-67.570729
"kb_42",2022-12-30 23:41:21,-68.068935,-67.570716,"female",-68.069629,-67.570747
"kb_42",2022-12-30 23:43:20,-68.068935,-67.570716,"female",-68.069718,-67.570691
"kb_42",2022-12-30 23:45:19,-68.068935,-67.570716,"female",-68.069611,-67.570754
"kb_42",2022-12-30 23:47:18,-68.068935,-67.570716,"female",-68.069577,-67.570729
"kb_42",2022-12-30 23:49:20,-68.068935,-67.570716,"female",-68.069637,-67.570687
"kb_42",2022-12-30 23:51:18,-68.068935,-67.570716,"female",-68.069654,-67.570703
"kb_42",2022-12-30 23:53:16,-68.068935,-67.570716,"female",-68.069472,-67.570683
"kb_42",2022-12-30 23:55:15,-68.068935,-67.570716,"female",-68.069663,-67.570711
"kb_42",2022-12-30 23:57:15,-68.068935,-67.570716,"female",-68.069373,-67.570656
"kb_42",2022-12-30 23:59:13,-68.068935,-67.570716,"female",-68.069475,-67.570733
"kb_42",2022-12-31 00:01:12,-68.068935,-67.570716,"female",-68.069396,-67.570691
"kb_42",2022-12-31 00:03:12,-68.068935,-67.570716,"female",-68.069336,-67.570768
"kb_42",2022-12-31 00:05:10,-68.068935,-67.570716,"female",-68.069373,-67.570774
"kb_42",2022-12-31 00:07:09,-68.068935,-67.570716,"female",-68.06943,-67.570729
"kb_42",2022-12-31 00:09:09,-68.068935,-67.570716,"female",-68.069487,-67.570744
"kb_42",2022-12-31 00:11:08,-68.068935,-67.570716,"female",-68.069547,-67.57069
"kb_42",2022-12-31 00:13:07,-68.068935,-67.570716,"female",-68.069355,-67.570627
"kb_42",2022-12-31 00:15:05,-68.068935,-67.570716,"female",-68.069449,-67.570642
"kb_42",2022-12-31 00:17:05,-68.068935,-67.570716,"female",-68.06935,-67.570678
"kb_42",2022-12-31 00:19:03,-68.068935,-67.570716,"female",-68.069342,-67.570646
"kb_42",2022-12-31 00:21:03,-68.068935,-67.570716,"female",-68.069472,-67.570664
"kb_42",2022-12-31 00:23:05,-68.068935,-67.570716,"female",-68.069744,-67.570751
"kb_42",2022-12-31 00:25:02,-68.068935,-67.570716,"female",-68.069384,-67.570666
"kb_42",2022-12-31 00:27:01,-68.068935,-67.570716,"female",-68.069235,-67.570633
"kb_42",2022-12-31 00:29:00,-68.068935,-67.570716,"female",-68.069559,-67.570698
"kb_42",2022-12-31 00:31:05,-68.068935,-67.570716,"female",-68.068954,-67.57038
"kb_42",2022-12-31 00:33:05,-68.068935,-67.570716,"female",-68.069403,-67.570681
"kb_42",2022-12-31 00:35:04,-68.068935,-67.570716,"female",-68.069351,-67.570796
"kb_42",2022-12-31 00:37:00,-68.068935,-67.570716,"female",-68.069616,-67.570743
"kb_42",2022-12-31 00:38:57,-68.068935,-67.570716,"female",-68.069445,-67.570727
"kb_42",2022-12-31 00:40:58,-68.068935,-67.570716,"female",-68.069517,-67.57075
"kb_42",2022-12-31 00:42:57,-68.068935,-67.570716,"female",-68.069298,-67.570727
"kb_42",2022-12-31 00:44:56,-68.068935,-67.570716,"female",-68.069401,-67.570811
"kb_42",2022-12-31 00:46:53,-68.068935,-67.570716,"female",-68.069396,-67.570687
"kb_42",2022-12-31 00:48:52,-68.068935,-67.570716,"female",-68.069394,-67.570702
"kb_42",2022-12-31 00:50:51,-68.068935,-67.570716,"female",-68.069474,-67.570607
"kb_42",2022-12-31 00:52:53,-68.068935,-67.570716,"female",-68.069425,-67.570611
"kb_42",2022-12-31 00:54:50,-68.068935,-67.570716,"female",-68.069391,-67.570661
"kb_42",2022-12-31 00:56:51,-68.068935,-67.570716,"female",-68.069798,-67.570545
"kb_42",2022-12-31 00:58:48,-68.068935,-67.570716,"female",-68.069425,-67.57072
"kb_42",2022-12-31 01:00:46,-68.068935,-67.570716,"female",-68.069445,-67.570734
"kb_42",2022-12-31 01:02:45,-68.068935,-67.570716,"female",-68.069419,-67.570703
"kb_42",2022-12-31 01:04:47,-68.068935,-67.570716,"female",-68.070275,-67.570401
"kb_42",2022-12-31 01:06:44,-68.068935,-67.570716,"female",-68.069368,-67.570724
"kb_42",2022-12-31 01:08:42,-68.068935,-67.570716,"female",-68.069404,-67.57071
"kb_42",2022-12-31 01:10:42,-68.068935,-67.570716,"female",-68.069444,-67.570652
"kb_42",2022-12-31 01:12:41,-68.068935,-67.570716,"female",-68.069401,-67.570666
"kb_42",2022-12-31 01:14:40,-68.068935,-67.570716,"female",-68.069359,-67.570707
"kb_42",2022-12-31 01:16:41,-68.068935,-67.570716,"female",-68.069892,-67.570432
"kb_42",2022-12-31 01:18:37,-68.068935,-67.570716,"female",-68.069385,-67.570767
"kb_42",2022-12-31 01:20:38,-68.068935,-67.570716,"female",-68.069417,-67.57075
"kb_42",2022-12-31 01:22:36,-68.068935,-67.570716,"female",-68.069371,-67.570704
"kb_42",2022-12-31 01:24:36,-68.068935,-67.570716,"female",-68.069335,-67.570708
"kb_42",2022-12-31 01:26:35,-68.068935,-67.570716,"female",-68.069392,-67.570722
"kb_42",2022-12-31 01:28:34,-68.068935,-67.570716,"female",-68.069167,-67.570639
"kb_42",2022-12-31 01:30:33,-68.068935,-67.570716,"female",-68.069416,-67.570732
"kb_42",2022-12-31 01:32:34,-68.068935,-67.570716,"female",-68.069513,-67.570589
"kb_42",2022-12-31 01:34:30,-68.068935,-67.570716,"female",-68.069466,-67.57081
"kb_42",2022-12-31 01:36:29,-68.068935,-67.570716,"female",-68.069441,-67.570751
"kb_42",2022-12-31 01:38:31,-68.068935,-67.570716,"female",-68.069496,-67.570642
"kb_42",2022-12-31 01:40:30,-68.068935,-67.570716,"female",-68.069496,-67.570471
"kb_42",2022-12-31 01:42:33,-68.068935,-67.570716,"female",-68.069437,-67.570663
"kb_42",2022-12-31 01:44:41,-68.068935,-67.570716,"female",-68.069434,-67.570732
"kb_42",2022-12-31 01:46:27,-68.068935,-67.570716,"female",-68.06956,-67.57078
"kb_42",2022-12-31 01:48:26,-68.068935,-67.570716,"female",-68.069399,-67.570707
"kb_42",2022-12-31 01:50:25,-68.068935,-67.570716,"female",-68.0693,-67.570688
"kb_42",2022-12-31 01:52:25,-68.068935,-67.570716,"female",-68.069427,-67.570761
"kb_42",2022-12-31 01:54:23,-68.068935,-67.570716,"female",-68.069501,-67.570726
"kb_42",2022-12-31 01:56:23,-68.068935,-67.570716,"female",-68.069508,-67.570738
"kb_42",2022-12-31 01:58:21,-68.068935,-67.570716,"female",-68.069482,-67.570747
"kb_42",2022-12-31 02:00:21,-68.068935,-67.570716,"female",-68.069411,-67.570715
"kb_42",2022-12-31 02:02:20,-68.068935,-67.570716,"female",-68.069488,-67.570788
"kb_42",2022-12-31 02:04:19,-68.068935,-67.570716,"female",-68.06957,-67.570802
"kb_42",2022-12-31 02:06:18,-68.068935,-67.570716,"female",-68.069786,-67.570815
"kb_42",2022-12-31 02:08:16,-68.068935,-67.570716,"female",-68.069473,-67.570796
"kb_42",2022-12-31 02:10:15,-68.068935,-67.570716,"female",-68.069411,-67.570836
"kb_42",2022-12-31 02:12:15,-68.068935,-67.570716,"female",-68.069599,-67.570841
"kb_42",2022-12-31 02:14:14,-68.068935,-67.570716,"female",-68.069404,-67.570784
"kb_42",2022-12-31 02:16:13,-68.068935,-67.570716,"female",-68.069462,-67.570774
"kb_42",2022-12-31 02:18:14,-68.068935,-67.570716,"female",-68.070988,-67.570385
"kb_42",2022-12-31 02:20:19,-68.068935,-67.570716,"female",-68.069553,-67.570763
"kb_42",2022-12-31 02:22:11,-68.068935,-67.570716,"female",-68.069398,-67.570818
"kb_42",2022-12-31 02:24:11,-68.068935,-67.570716,"female",-68.069388,-67.570822
"kb_42",2022-12-31 02:26:20,-68.068935,-67.570716,"female",-68.069346,-67.570789
"kb_42",2022-12-31 02:28:12,-68.068935,-67.570716,"female",-68.069482,-67.570776
"kb_42",2022-12-31 02:30:11,-68.068935,-67.570716,"female",-68.069459,-67.57084
"kb_42",2022-12-31 02:32:10,-68.068935,-67.570716,"female",-68.069371,-67.570809
"kb_42",2022-12-31 02:34:09,-68.068935,-67.570716,"female",-68.069449,-67.570799
"kb_42",2022-12-31 02:36:08,-68.068935,-67.570716,"female",-68.069491,-67.570807
"kb_42",2022-12-31 02:38:07,-68.068935,-67.570716,"female",-68.06936,-67.570814
"kb_42",2022-12-31 02:40:06,-68.068935,-67.570716,"female",-68.069477,-67.570816
"kb_42",2022-12-31 02:42:03,-68.068935,-67.570716,"female",-68.069454,-67.570784
"kb_42",2022-12-31 02:44:01,-68.068935,-67.570716,"female",-68.069696,-67.570765
"kb_42",2022-12-31 02:46:01,-68.068935,-67.570716,"female",-68.069642,-67.570808
"kb_42",2022-12-31 02:48:07,-68.068935,-67.570716,"female",-68.069791,-67.57114
"kb_42",2022-12-31 02:50:08,-68.068935,-67.570716,"female",-68.069969,-67.570843
"kb_42",2022-12-31 02:52:02,-68.068935,-67.570716,"female",-68.069556,-67.570748
"kb_42",2022-12-31 02:54:02,-68.068935,-67.570716,"female",-68.069575,-67.570798
"kb_42",2022-12-31 02:55:58,-68.068935,-67.570716,"female",-68.069459,-67.570731
"kb_42",2022-12-31 02:58:00,-68.068935,-67.570716,"female",-68.069167,-67.570574
"kb_42",2022-12-31 02:59:59,-68.068935,-67.570716,"female",-68.069469,-67.570779
"kb_42",2022-12-31 03:01:55,-68.068935,-67.570716,"female",-68.069646,-67.570748
"kb_42",2022-12-31 03:03:54,-68.068935,-67.570716,"female",-68.069598,-67.570754
"kb_42",2022-12-31 03:05:54,-68.068935,-67.570716,"female",-68.069508,-67.570783
"kb_42",2022-12-31 03:07:52,-68.068935,-67.570716,"female",-68.069521,-67.570861
"kb_42",2022-12-31 03:09:51,-68.068935,-67.570716,"female",-68.069578,-67.570759
"kb_42",2022-12-31 03:11:50,-68.068935,-67.570716,"female",-68.069575,-67.570794
"kb_42",2022-12-31 03:13:49,-68.068935,-67.570716,"female",-68.069478,-67.570773
"kb_42",2022-12-31 03:15:49,-68.068935,-67.570716,"female",-68.069554,-67.570799
"kb_42",2022-12-31 03:17:48,-68.068935,-67.570716,"female",-68.069582,-67.570771
"kb_42",2022-12-31 03:19:47,-68.068935,-67.570716,"female",-68.069457,-67.570705
"kb_42",2022-12-31 03:21:46,-68.068935,-67.570716,"female",-68.069495,-67.570742
"kb_42",2022-12-31 03:23:45,-68.068935,-67.570716,"female",-68.069564,-67.570754
"kb_42",2022-12-31 03:26:05,-68.068935,-67.570716,"female",-68.069585,-67.570781
"kb_42",2022-12-31 03:28:12,-68.068935,-67.570716,"female",-68.069421,-67.57114
"kb_42",2022-12-31 03:30:05,-68.068935,-67.570716,"female",-68.069586,-67.570692
"kb_42",2022-12-31 03:32:04,-68.068935,-67.570716,"female",-68.069584,-67.570723
"kb_42",2022-12-31 03:34:03,-68.068935,-67.570716,"female",-68.06955,-67.570766
"kb_42",2022-12-31 03:36:01,-68.068935,-67.570716,"female",-68.069563,-67.570743
"kb_42",2022-12-31 03:38:01,-68.068935,-67.570716,"female",-68.069649,-67.570846
"kb_42",2022-12-31 03:40:00,-68.068935,-67.570716,"female",-68.069607,-67.570748
"kb_42",2022-12-31 03:41:59,-68.068935,-67.570716,"female",-68.069594,-67.57075
"kb_42",2022-12-31 03:43:58,-68.068935,-67.570716,"female",-68.069633,-67.57075
"kb_42",2022-12-31 03:45:59,-68.068935,-67.570716,"female",-68.069736,-67.571041
"kb_42",2022-12-31 03:47:56,-68.068935,-67.570716,"female",-68.069621,-67.570734
"kb_42",2022-12-31 03:49:55,-68.068935,-67.570716,"female",-68.069577,-67.570797
"kb_42",2022-12-31 03:51:55,-68.068935,-67.570716,"female",-68.069677,-67.570767
"kb_42",2022-12-31 03:53:53,-68.068935,-67.570716,"female",-68.069632,-67.57078
"kb_42",2022-12-31 03:55:41,-68.068935,-67.570716,"female",-68.069614,-67.570731
"kb_42",2022-12-31 03:57:41,-68.068935,-67.570716,"female",-68.069611,-67.570728
"kb_42",2022-12-31 03:59:42,-68.068935,-67.570716,"female",-68.069588,-67.570727
"kb_42",2022-12-31 04:01:46,-68.068935,-67.570716,"female",-68.069712,-67.570768
"kb_42",2022-12-31 04:03:41,-68.068935,-67.570716,"female",-68.069702,-67.57079
"kb_42",2022-12-31 04:05:40,-68.068935,-67.570716,"female",-68.069793,-67.570811
"kb_42",2022-12-31 04:07:39,-68.068935,-67.570716,"female",-68.069576,-67.570652
"kb_42",2022-12-31 04:09:38,-68.068935,-67.570716,"female",-68.069702,-67.570622
"kb_42",2022-12-31 04:11:37,-68.068935,-67.570716,"female",-68.069908,-67.570712
"kb_42",2022-12-31 04:13:34,-68.068935,-67.570716,"female",-68.069639,-67.570644
"kb_42",2022-12-31 04:15:33,-68.068935,-67.570716,"female",-68.069701,-67.570748
"kb_42",2022-12-31 04:17:31,-68.068935,-67.570716,"female",-68.069811,-67.570948
"kb_42",2022-12-31 04:19:31,-68.068935,-67.570716,"female",-68.069422,-67.57072
"kb_42",2022-12-31 04:21:42,-68.068935,-67.570716,"female",-68.06973,-67.570675
"kb_42",2022-12-31 04:23:40,-68.068935,-67.570716,"female",-68.069567,-67.570692
"kb_42",2022-12-31 04:25:30,-68.068935,-67.570716,"female",-68.06957,-67.570632
"kb_42",2022-12-31 04:27:30,-68.068935,-67.570716,"female",-68.069477,-67.570692
"kb_42",2022-12-31 04:29:30,-68.068935,-67.570716,"female",-68.069477,-67.570621
"kb_42",2022-12-31 04:31:20,-68.068935,-67.570716,"female",-68.069579,-67.570742
"kb_42",2022-12-31 04:33:27,-68.068935,-67.570716,"female",-68.06949,-67.570747
"kb_42",2022-12-31 04:35:21,-68.068935,-67.570716,"female",-68.069495,-67.57071
"kb_42",2022-12-31 04:37:28,-68.068935,-67.570716,"female",-68.069517,-67.570718
"kb_42",2022-12-31 04:39:20,-68.068935,-67.570716,"female",-68.069552,-67.57066
"kb_42",2022-12-31 04:41:19,-68.068935,-67.570716,"female",-68.069629,-67.570648
"kb_42",2022-12-31 04:43:16,-68.068935,-67.570716,"female",-68.069568,-67.570663
"kb_42",2022-12-31 04:45:17,-68.068935,-67.570716,"female",-68.069974,-67.570985
"kb_42",2022-12-31 04:47:14,-68.068935,-67.570716,"female",-68.06954,-67.570671
"kb_42",2022-12-31 04:49:15,-68.068935,-67.570716,"female",-68.06952,-67.570679
"kb_42",2022-12-31 04:51:14,-68.068935,-67.570716,"female",-68.069569,-67.57073
"kb_42",2022-12-31 04:53:14,-68.068935,-67.570716,"female",-68.069523,-67.570716
"kb_42",2022-12-31 04:55:14,-68.068935,-67.570716,"female",-68.069674,-67.570662
"kb_42",2022-12-31 04:57:13,-68.068935,-67.570716,"female",-68.069576,-67.570807
"kb_42",2022-12-31 04:59:10,-68.068935,-67.570716,"female",-68.0695,-67.570637
"kb_42",2022-12-31 05:01:17,-68.068935,-67.570716,"female",-68.069562,-67.570734
"kb_42",2022-12-31 05:03:07,-68.068935,-67.570716,"female",-68.069598,-67.570717
"kb_42",2022-12-31 05:05:07,-68.068935,-67.570716,"female",-68.069498,-67.5707
"kb_42",2022-12-31 05:07:06,-68.068935,-67.570716,"female",-68.069525,-67.570701
"kb_42",2022-12-31 05:09:05,-68.068935,-67.570716,"female",-68.069512,-67.570756
"kb_42",2022-12-31 05:11:04,-68.068935,-67.570716,"female",-68.069453,-67.570699
"kb_42",2022-12-31 05:13:03,-68.068935,-67.570716,"female",-68.069622,-67.570757
"kb_42",2022-12-31 05:15:02,-68.068935,-67.570716,"female",-68.069621,-67.570719
"kb_42",2022-12-31 05:17:12,-68.068935,-67.570716,"female",-68.069603,-67.570494
"kb_42",2022-12-31 05:19:12,-68.068935,-67.570716,"female",-68.069554,-67.570717
"kb_42",2022-12-31 05:21:15,-68.068935,-67.570716,"female",-68.06961,-67.570643
"kb_42",2022-12-31 05:23:11,-68.068935,-67.570716,"female",-68.06957,-67.5704
"kb_42",2022-12-31 05:25:13,-68.068935,-67.570716,"female",-68.069567,-67.570678
"kb_42",2022-12-31 05:27:09,-68.068935,-67.570716,"female",-68.069528,-67.570541
"kb_42",2022-12-31 05:29:10,-68.068935,-67.570716,"female",-68.069644,-67.570745
"kb_42",2022-12-31 05:30:58,-68.068935,-67.570716,"female",-68.067681,-67.570913
"kb_42",2022-12-31 05:32:57,-68.068935,-67.570716,"female",-68.069589,-67.570707
"kb_42",2022-12-31 05:35:04,-68.068935,-67.570716,"female",-68.069506,-67.570245
"kb_42",2022-12-31 05:36:56,-68.068935,-67.570716,"female",-68.069486,-67.570734
"kb_42",2022-12-31 05:39:06,-68.068935,-67.570716,"female",-68.06945,-67.570712
"kb_42",2022-12-31 05:40:55,-68.068935,-67.570716,"female",-68.073303,-67.569363
"kb_42",2022-12-31 05:43:00,-68.068935,-67.570716,"female",-68.066865,-67.572013
"kb_42",2022-12-31 05:45:03,-68.068935,-67.570716,"female",-68.067776,-67.571596
"kb_42",2022-12-31 05:47:02,-68.068935,-67.570716,"female",-68.067776,-67.571596
"kb_42",2022-12-31 05:48:51,-68.068935,-67.570716,"female",-68.069433,-67.570882
"kb_42",2022-12-31 05:51:00,-68.068935,-67.570716,"female",-68.069343,-67.571023
"kb_42",2022-12-31 05:52:49,-68.068935,-67.570716,"female",-68.068461,-67.571061
"kb_42",2022-12-31 05:54:46,-68.068935,-67.570716,"female",-68.069062,-67.570845
"kb_42",2022-12-31 05:56:47,-68.068935,-67.570716,"female",-68.06918,-67.570879
"kb_42",2022-12-31 05:58:54,-68.068935,-67.570716,"female",-68.06905,-67.570834
"kb_42",2022-12-31 06:00:51,-68.068935,-67.570716,"female",-68.069731,-67.570764
"kb_42",2022-12-31 06:02:44,-68.068935,-67.570716,"female",-68.069337,-67.570839
"kb_42",2022-12-31 06:04:49,-68.068935,-67.570716,"female",-68.069282,-67.570947
"kb_42",2022-12-31 06:06:42,-68.068935,-67.570716,"female",-68.069374,-67.570662
"kb_42",2022-12-31 06:08:40,-68.068935,-67.570716,"female",-68.069444,-67.570624
"kb_42",2022-12-31 06:10:39,-68.068935,-67.570716,"female",-68.069349,-67.570536
"kb_42",2022-12-31 06:12:38,-68.068935,-67.570716,"female",-68.069142,-67.570491
"kb_42",2022-12-31 06:14:38,-68.068935,-67.570716,"female",-68.069185,-67.571037
"kb_42",2022-12-31 06:16:37,-68.068935,-67.570716,"female",-68.069815,-67.570778
"kb_42",2022-12-31 06:18:34,-68.068935,-67.570716,"female",-68.069533,-67.570677
"kb_42",2022-12-31 06:20:32,-68.068935,-67.570716,"female",-68.069484,-67.570646
"kb_42",2022-12-31 06:22:33,-68.068935,-67.570716,"female",-68.069677,-67.57072
"kb_42",2022-12-31 06:24:32,-68.068935,-67.570716,"female",-68.06958,-67.570713
"kb_42",2022-12-31 06:26:31,-68.068935,-67.570716,"female",-68.070245,-67.570985
"kb_42",2022-12-31 06:28:29,-68.068935,-67.570716,"female",-68.06956,-67.570739
"kb_42",2022-12-31 06:30:28,-68.068935,-67.570716,"female",-68.069392,-67.570744
"kb_42",2022-12-31 06:32:27,-68.068935,-67.570716,"female",-68.069537,-67.570767
"kb_42",2022-12-31 06:34:26,-68.068935,-67.570716,"female",-68.069625,-67.57076
"kb_42",2022-12-31 06:36:26,-68.068935,-67.570716,"female",-68.068978,-67.570924
"kb_42",2022-12-31 06:38:25,-68.068935,-67.570716,"female",-68.068987,-67.571003
"kb_42",2022-12-31 06:40:25,-68.068935,-67.570716,"female",-68.068991,-67.570983
"kb_42",2022-12-31 06:42:22,-68.068935,-67.570716,"female",-68.069436,-67.570725
"kb_42",2022-12-31 06:44:21,-68.068935,-67.570716,"female",-68.069379,-67.570736
"kb_42",2022-12-31 06:46:21,-68.068935,-67.570716,"female",-68.069641,-67.570815
"kb_42",2022-12-31 06:48:20,-68.068935,-67.570716,"female",-68.06951,-67.570765
"kb_42",2022-12-31 06:50:20,-68.068935,-67.570716,"female",-68.069514,-67.570773
"kb_42",2022-12-31 06:52:18,-68.068935,-67.570716,"female",-68.069487,-67.570782
"kb_42",2022-12-31 06:54:17,-68.068935,-67.570716,"female",-68.069476,-67.570754
"kb_42",2022-12-31 06:56:16,-68.068935,-67.570716,"female",-68.069385,-67.570765
"kb_42",2022-12-31 06:58:16,-68.068935,-67.570716,"female",-68.069539,-67.570643
"kb_42",2022-12-31 07:00:14,-68.068935,-67.570716,"female",-68.069441,-67.57073
"kb_42",2022-12-31 07:02:13,-68.068935,-67.570716,"female",-68.069455,-67.570758
"kb_42",2022-12-31 07:04:14,-68.068935,-67.570716,"female",-68.069522,-67.570769
"kb_42",2022-12-31 07:06:11,-68.068935,-67.570716,"female",-68.069523,-67.570807
"kb_42",2022-12-31 07:08:11,-68.068935,-67.570716,"female",-68.069467,-67.570939
"kb_42",2022-12-31 07:10:12,-68.068935,-67.570716,"female",-68.069478,-67.570824
"kb_42",2022-12-31 07:12:19,-68.068935,-67.570716,"female",-68.069884,-67.570869
"kb_42",2022-12-31 07:14:09,-68.068935,-67.570716,"female",-68.069625,-67.570694
"kb_42",2022-12-31 07:16:07,-68.068935,-67.570716,"female",-68.069704,-67.570855
"kb_42",2022-12-31 07:18:21,-68.068935,-67.570716,"female",-68.069369,-67.57064
"kb_42",2022-12-31 07:20:07,-68.068935,-67.570716,"female",-68.069641,-67.57059
"kb_42",2022-12-31 07:22:11,-68.068935,-67.570716,"female",-68.069641,-67.570757
"kb_42",2022-12-31 07:24:05,-68.068935,-67.570716,"female",-68.069642,-67.570808
"kb_42",2022-12-31 07:26:02,-68.068935,-67.570716,"female",-68.069594,-67.570709
"kb_42",2022-12-31 07:28:10,-68.068935,-67.570716,"female",-68.069498,-67.570794
"kb_42",2022-12-31 07:30:02,-68.068935,-67.570716,"female",-68.069645,-67.570751
"kb_42",2022-12-31 07:32:08,-68.068935,-67.570716,"female",-68.070163,-67.570833
"kb_42",2022-12-31 07:34:11,-68.068935,-67.570716,"female",-68.069939,-67.570799
"kb_42",2022-12-31 07:36:01,-68.068935,-67.570716,"female",-68.069527,-67.570742
"kb_42",2022-12-31 07:38:07,-68.068935,-67.570716,"female",-68.07015,-67.570849
"kb_42",2022-12-31 07:39:59,-68.068935,-67.570716,"female",-68.069618,-67.570743
"kb_42",2022-12-31 07:41:58,-68.068935,-67.570716,"female",-68.069332,-67.570779
"kb_42",2022-12-31 07:43:58,-68.068935,-67.570716,"female",-68.069516,-67.570558
"kb_42",2022-12-31 07:45:57,-68.068935,-67.570716,"female",-68.069341,-67.570798
"kb_42",2022-12-31 07:47:55,-68.068935,-67.570716,"female",-68.069447,-67.570748
"kb_42",2022-12-31 07:49:55,-68.068935,-67.570716,"female",-68.06953,-67.570736
"kb_42",2022-12-31 07:51:57,-68.068935,-67.570716,"female",-68.069558,-67.570787
"kb_42",2022-12-31 07:53:54,-68.068935,-67.570716,"female",-68.069507,-67.570807
"kb_42",2022-12-31 07:55:52,-68.068935,-67.570716,"female",-68.069464,-67.570754
"kb_42",2022-12-31 07:57:52,-68.068935,-67.570716,"female",-68.069521,-67.570617
"kb_42",2022-12-31 07:59:51,-68.068935,-67.570716,"female",-68.06962,-67.57049
"kb_42",2022-12-31 08:01:51,-68.068935,-67.570716,"female",-68.069573,-67.570545
"kb_42",2022-12-31 08:03:53,-68.068935,-67.570716,"female",-68.069635,-67.570599
"kb_42",2022-12-31 08:05:49,-68.068935,-67.570716,"female",-68.069607,-67.570535
"kb_42",2022-12-31 08:07:48,-68.068935,-67.570716,"female",-68.06968,-67.570609
"kb_42",2022-12-31 08:09:46,-68.068935,-67.570716,"female",-68.069588,-67.57065
"kb_42",2022-12-31 08:11:47,-68.068935,-67.570716,"female",-68.069782,-67.570493
"kb_42",2022-12-31 08:13:46,-68.068935,-67.570716,"female",-68.069797,-67.570491
"kb_42",2022-12-31 08:15:43,-68.068935,-67.570716,"female",-68.069302,-67.570796
"kb_42",2022-12-31 08:17:44,-68.068935,-67.570716,"female",-68.06931,-67.570893
"kb_42",2022-12-31 08:19:47,-68.068935,-67.570716,"female",-68.069364,-67.570746
"kb_42",2022-12-31 08:21:53,-68.068935,-67.570716,"female",-68.069319,-67.570794
"kb_42",2022-12-31 08:23:40,-68.068935,-67.570716,"female",-68.069286,-67.570719
"kb_42",2022-12-31 08:25:39,-68.068935,-67.570716,"female",-68.069301,-67.570716
"kb_42",2022-12-31 08:29:47,-68.068935,-67.570716,"female",-68.069444,-67.570795
"kb_42",2022-12-31 08:31:44,-68.068935,-67.570716,"female",-68.069313,-67.570757
"kb_42",2022-12-31 08:33:36,-68.068935,-67.570716,"female",-68.069426,-67.570674
"kb_42",2022-12-31 08:35:35,-68.068935,-67.570716,"female",-68.069632,-67.570619
"kb_42",2022-12-31 08:37:33,-68.068935,-67.570716,"female",-68.069375,-67.5707
"kb_42",2022-12-31 08:39:32,-68.068935,-67.570716,"female",-68.069405,-67.570689
"kb_42",2022-12-31 08:41:31,-68.068935,-67.570716,"female",-68.069294,-67.570739
"kb_42",2022-12-31 08:43:31,-68.068935,-67.570716,"female",-68.069353,-67.570685
"kb_42",2022-12-31 08:45:34,-68.068935,-67.570716,"female",-68.068712,-67.570436
"kb_42",2022-12-31 08:47:29,-68.068935,-67.570716,"female",-68.069376,-67.57068
"kb_42",2022-12-31 08:49:33,-68.068935,-67.570716,"female",-68.080386,-67.573014
"kb_42",2022-12-31 08:51:32,-68.068935,-67.570716,"female",-68.076341,-67.572747
"kb_42",2022-12-31 08:54:46,-68.068935,-67.570716,"female",-68.076417,-67.57266
"kb_42",2022-12-31 08:56:45,-68.068935,-67.570716,"female",-68.076377,-67.572732
"kb_42",2022-12-31 08:58:43,-68.068935,-67.570716,"female",-68.079187,-67.57295
"kb_42",2022-12-31 09:01:16,-68.068935,-67.570716,"female",-68.080731,-67.57323
"kb_42",2022-12-31 09:03:52,-68.068935,-67.570716,"female",-68.080035,-67.573087
"kb_42",2022-12-31 09:06:08,-68.068935,-67.570716,"female",-68.078902,-67.573092
"kb_42",2022-12-31 09:09:09,-68.068935,-67.570716,"female",-68.080734,-67.573299
"kb_42",2022-12-31 09:11:08,-68.068935,-67.570716,"female",-68.076297,-67.572779
"kb_42",2022-12-31 09:13:08,-68.068935,-67.570716,"female",-68.0764,-67.572743
"kb_42",2022-12-31 09:15:07,-68.068935,-67.570716,"female",-68.087751,-67.573624
"kb_42",2022-12-31 09:17:52,-68.068935,-67.570716,"female",-68.089537,-67.577975
"kb_42",2022-12-31 09:19:51,-68.068935,-67.570716,"female",-68.088055,-67.57686
"kb_42",2022-12-31 09:22:20,-68.068935,-67.570716,"female",-68.078619,-67.573065
"kb_42",2022-12-31 09:24:53,-68.068935,-67.570716,"female",-68.079212,-67.57358
"kb_42",2022-12-31 09:26:53,-68.068935,-67.570716,"female",-68.079576,-67.573855
"kb_42",2022-12-31 09:28:53,-68.068935,-67.570716,"female",-68.079323,-67.573938
"kb_42",2022-12-31 09:31:29,-68.068935,-67.570716,"female",-68.079941,-67.573867
"kb_42",2022-12-31 09:34:12,-68.068935,-67.570716,"female",-68.081013,-67.573463
"kb_42",2022-12-31 09:36:12,-68.068935,-67.570716,"female",-68.077184,-67.572827
"kb_42",2022-12-31 09:38:11,-68.068935,-67.570716,"female",-68.076374,-67.57275
"kb_42",2022-12-31 09:40:10,-68.068935,-67.570716,"female",-68.076297,-67.57274
"kb_42",2022-12-31 09:42:09,-68.068935,-67.570716,"female",-68.076345,-67.572704
"kb_42",2022-12-31 09:44:08,-68.068935,-67.570716,"female",-68.07636,-67.572763
"kb_42",2022-12-31 09:46:07,-68.068935,-67.570716,"female",-68.076232,-67.572714
"kb_42",2022-12-31 09:48:06,-68.068935,-67.570716,"female",-68.076332,-67.572733
"kb_42",2022-12-31 09:50:05,-68.068935,-67.570716,"female",-68.076241,-67.572688
"kb_42",2022-12-31 09:52:04,-68.068935,-67.570716,"female",-68.076256,-67.572846
"kb_42",2022-12-31 09:54:06,-68.068935,-67.570716,"female",-68.076231,-67.57268
"kb_42",2022-12-31 09:56:03,-68.068935,-67.570716,"female",-68.076,-67.572739
"kb_42",2022-12-31 09:58:02,-68.068935,-67.570716,"female",-68.069005,-67.572635
"kb_42",2022-12-31 10:00:02,-68.068935,-67.570716,"female",-68.075757,-67.573593
"kb_42",2022-12-31 10:02:02,-68.068935,-67.570716,"female",-68.075624,-67.5739
"kb_42",2022-12-31 10:04:58,-68.068935,-67.570716,"female",-68.077423,-67.574107
"kb_38",2022-12-30 17:06:56,-68.068935,-67.570716,"male",-68.069221,-67.570714
"kb_38",2022-12-30 17:08:47,-68.068935,-67.570716,"male",-68.06954,-67.570703
"kb_38",2022-12-30 17:10:49,-68.068935,-67.570716,"male",-68.069576,-67.570736
"kb_38",2022-12-30 17:12:48,-68.068935,-67.570716,"male",-68.069457,-67.570736
"kb_38",2022-12-30 17:14:47,-68.068935,-67.570716,"male",-68.069659,-67.570718
"kb_38",2022-12-30 17:16:46,-68.068935,-67.570716,"male",-68.069657,-67.570737
"kb_38",2022-12-30 17:18:45,-68.068935,-67.570716,"male",-68.069569,-67.570752
"kb_38",2022-12-30 17:20:44,-68.068935,-67.570716,"male",-68.069892,-67.570684
"kb_38",2022-12-30 17:22:43,-68.068935,-67.570716,"male",-68.06954,-67.570688
"kb_38",2022-12-30 17:24:41,-68.068935,-67.570716,"male",-68.069754,-67.570659
"kb_38",2022-12-30 17:26:40,-68.068935,-67.570716,"male",-68.069763,-67.570704
"kb_38",2022-12-30 17:28:40,-68.068935,-67.570716,"male",-68.069911,-67.570732
"kb_38",2022-12-30 17:30:39,-68.068935,-67.570716,"male",-68.069779,-67.570621
"kb_38",2022-12-30 17:32:39,-68.068935,-67.570716,"male",-68.069591,-67.570687
"kb_38",2022-12-30 17:34:38,-68.068935,-67.570716,"male",-68.069777,-67.570729
"kb_38",2022-12-30 17:36:39,-68.068935,-67.570716,"male",-68.069962,-67.570651
"kb_38",2022-12-30 17:38:36,-68.068935,-67.570716,"male",-68.069696,-67.570668
"kb_38",2022-12-30 17:40:36,-68.068935,-67.570716,"male",-68.069785,-67.570708
"kb_38",2022-12-30 17:42:34,-68.068935,-67.570716,"male",-68.069769,-67.570678
"kb_38",2022-12-30 17:44:34,-68.068935,-67.570716,"male",-68.069685,-67.570877
"kb_38",2022-12-30 17:46:42,-68.068935,-67.570716,"male",-68.069529,-67.570657
"kb_38",2022-12-30 17:48:32,-68.068935,-67.570716,"male",-68.069842,-67.570672
"kb_38",2022-12-30 17:50:31,-68.068935,-67.570716,"male",-68.069617,-67.570649
"kb_38",2022-12-30 17:52:34,-68.068935,-67.570716,"male",-68.069848,-67.570701
"kb_38",2022-12-30 17:54:33,-68.068935,-67.570716,"male",-68.069881,-67.570697
"kb_38",2022-12-30 17:56:39,-68.068935,-67.570716,"male",-68.069633,-67.570664
"kb_38",2022-12-30 17:58:46,-68.068935,-67.570716,"male",-68.069501,-67.570571
"kb_38",2022-12-30 18:00:36,-68.068935,-67.570716,"male",-68.070239,-67.570725
"kb_38",2022-12-30 18:02:37,-68.068935,-67.570716,"male",-68.069348,-67.570859
"kb_38",2022-12-30 18:04:29,-68.068935,-67.570716,"male",-68.069852,-67.570688
"kb_38",2022-12-30 18:06:27,-68.068935,-67.570716,"male",-68.069636,-67.570687
"kb_38",2022-12-30 18:08:27,-68.068935,-67.570716,"male",-68.069521,-67.570723
"kb_38",2022-12-30 18:10:28,-68.068935,-67.570716,"male",-68.06928,-67.570596
"kb_38",2022-12-30 18:12:28,-68.068935,-67.570716,"male",-68.06948,-67.570685
"kb_38",2022-12-30 18:14:26,-68.068935,-67.570716,"male",-68.069373,-67.570674
"kb_38",2022-12-30 18:16:26,-68.068935,-67.570716,"male",-68.069476,-67.570641
"kb_38",2022-12-30 18:18:26,-68.068935,-67.570716,"male",-68.069505,-67.570636
"kb_38",2022-12-30 18:20:24,-68.068935,-67.570716,"male",-68.069415,-67.570631
"kb_38",2022-12-30 18:22:23,-68.068935,-67.570716,"male",-68.069386,-67.57066
"kb_38",2022-12-30 18:24:23,-68.068935,-67.570716,"male",-68.069422,-67.570639
"kb_38",2022-12-30 18:26:21,-68.068935,-67.570716,"male",-68.069531,-67.570634
"kb_38",2022-12-30 18:28:21,-68.068935,-67.570716,"male",-68.069475,-67.570647
"kb_38",2022-12-30 18:30:19,-68.068935,-67.570716,"male",-68.069307,-67.570647
"kb_38",2022-12-30 18:32:18,-68.068935,-67.570716,"male",-68.069433,-67.570683
"kb_38",2022-12-30 18:34:17,-68.068935,-67.570716,"male",-68.069357,-67.570674
"kb_38",2022-12-30 18:36:17,-68.068935,-67.570716,"male",-68.069427,-67.570627
"kb_38",2022-12-30 18:38:16,-68.068935,-67.570716,"male",-68.069439,-67.570712
"kb_38",2022-12-30 18:40:18,-68.068935,-67.570716,"male",-68.069565,-67.570638
"kb_38",2022-12-30 18:42:17,-68.068935,-67.570716,"male",-68.069332,-67.570679
"kb_38",2022-12-30 18:44:16,-68.068935,-67.570716,"male",-68.069605,-67.570624
"kb_38",2022-12-30 18:46:15,-68.068935,-67.570716,"male",-68.069375,-67.570659
"kb_38",2022-12-30 18:48:15,-68.068935,-67.570716,"male",-68.069326,-67.570704
"kb_38",2022-12-30 18:50:14,-68.068935,-67.570716,"male",-68.06926,-67.570653
"kb_38",2022-12-30 18:52:13,-68.068935,-67.570716,"male",-68.06947,-67.570648
"kb_38",2022-12-30 18:54:12,-68.068935,-67.570716,"male",-68.069304,-67.570688
"kb_38",2022-12-30 18:56:11,-68.068935,-67.570716,"male",-68.069298,-67.570671
"kb_38",2022-12-30 18:58:10,-68.068935,-67.570716,"male",-68.069354,-67.57071
"kb_38",2022-12-30 19:00:12,-68.068935,-67.570716,"male",-68.069453,-67.570686
"kb_38",2022-12-30 19:02:09,-68.068935,-67.570716,"male",-68.069477,-67.570681
"kb_38",2022-12-30 19:04:08,-68.068935,-67.570716,"male",-68.069573,-67.570706
"kb_38",2022-12-30 19:06:07,-68.068935,-67.570716,"male",-68.069652,-67.570643
"kb_38",2022-12-30 19:08:06,-68.068935,-67.570716,"male",-68.069284,-67.570687
"kb_38",2022-12-30 19:10:10,-68.068935,-67.570716,"male",-68.069361,-67.570669
"kb_38",2022-12-30 19:12:07,-68.068935,-67.570716,"male",-68.069096,-67.570711
"kb_38",2022-12-30 19:14:06,-68.068935,-67.570716,"male",-68.069127,-67.570758
"kb_38",2022-12-30 19:16:07,-68.068935,-67.570716,"male",-68.06931,-67.570681
"kb_38",2022-12-30 19:18:06,-68.068935,-67.570716,"male",-68.069354,-67.570693
"kb_38",2022-12-30 19:20:05,-68.068935,-67.570716,"male",-68.069368,-67.570738
"kb_38",2022-12-30 19:22:05,-68.068935,-67.570716,"male",-68.069395,-67.570693
"kb_38",2022-12-30 19:24:09,-68.068935,-67.570716,"male",-68.069359,-67.570639
"kb_38",2022-12-30 19:26:01,-68.068935,-67.570716,"male",-68.069342,-67.570644
"kb_38",2022-12-30 19:28:01,-68.068935,-67.570716,"male",-68.069315,-67.570659
"kb_38",2022-12-30 19:30:00,-68.068935,-67.570716,"male",-68.069566,-67.570725
"kb_38",2022-12-30 19:31:58,-68.068935,-67.570716,"male",-68.06937,-67.570756
"kb_38",2022-12-30 19:33:59,-68.068935,-67.570716,"male",-68.069427,-67.570765
"kb_38",2022-12-30 19:35:56,-68.068935,-67.570716,"male",-68.069388,-67.570677
"kb_38",2022-12-30 19:37:54,-68.068935,-67.570716,"male",-68.069306,-67.570757
"kb_38",2022-12-30 19:40:01,-68.068935,-67.570716,"male",-68.069489,-67.570764
"kb_38",2022-12-30 19:41:55,-68.068935,-67.570716,"male",-68.064038,-67.571121
"kb_38",2022-12-30 19:43:54,-68.068935,-67.570716,"male",-68.061689,-67.572086
"kb_38",2022-12-30 19:47:46,-68.068935,-67.570716,"male",-68.060761,-67.572487
"kb_38",2022-12-30 19:49:45,-68.068935,-67.570716,"male",-68.060825,-67.572418
"kb_38",2022-12-30 19:51:44,-68.068935,-67.570716,"male",-68.06101,-67.572457
"kb_38",2022-12-30 19:53:43,-68.068935,-67.570716,"male",-68.061665,-67.572536
"kb_38",2022-12-30 19:58:49,-68.068935,-67.570716,"male",-68.06076,-67.571857
"kb_38",2022-12-30 20:00:46,-68.068935,-67.570716,"male",-68.060747,-67.571993
"kb_38",2022-12-30 20:02:45,-68.068935,-67.570716,"male",-68.061175,-67.572109
"kb_38",2022-12-30 20:04:44,-68.068935,-67.570716,"male",-68.061555,-67.572366
"kb_38",2022-12-30 20:06:43,-68.068935,-67.570716,"male",-68.062302,-67.572575
"kb_38",2022-12-30 20:11:25,-68.068935,-67.570716,"male",-68.061105,-67.5726
"kb_38",2022-12-30 20:13:17,-68.068935,-67.570716,"male",-68.061479,-67.572595
"kb_38",2022-12-30 20:15:17,-68.068935,-67.570716,"male",-68.061698,-67.572593
"kb_38",2022-12-30 20:17:18,-68.068935,-67.570716,"male",-68.068851,-67.570141
"kb_38",2022-12-30 20:19:16,-68.068935,-67.570716,"male",-68.068528,-67.570528
"kb_38",2022-12-30 20:21:14,-68.068935,-67.570716,"male",-68.068496,-67.570636
"kb_38",2022-12-30 20:23:13,-68.068935,-67.570716,"male",-68.053862,-67.571713
"kb_38",2022-12-30 20:25:12,-68.068935,-67.570716,"male",-68.055496,-67.571911
"kb_38",2022-12-30 20:29:31,-68.068935,-67.570716,"male",-68.056016,-67.571562
"kb_38",2022-12-30 20:31:28,-68.068935,-67.570716,"male",-68.056062,-67.571569
"kb_38",2022-12-31 09:52:09,-68.068935,-67.570716,"male",-68.069208,-67.57062
"kb_38",2022-12-31 09:54:07,-68.068935,-67.570716,"male",-68.069292,-67.570671
"kb_38",2022-12-31 09:56:09,-68.068935,-67.570716,"male",-68.06926,-67.570652
"kb_38",2022-12-31 09:58:08,-68.068935,-67.570716,"male",-68.069276,-67.570736
"kb_38",2022-12-31 10:00:05,-68.068935,-67.570716,"male",-68.06922,-67.570634
"kb_38",2022-12-31 10:02:06,-68.068935,-67.570716,"male",-68.069313,-67.570634
"kb_38",2022-12-31 10:04:15,-68.068935,-67.570716,"male",-68.069313,-67.570695
"kb_38",2022-12-31 10:06:11,-68.068935,-67.570716,"male",-68.069278,-67.570651
"kb_38",2022-12-31 10:08:15,-68.068935,-67.570716,"male",-68.069022,-67.570722
"kb_38",2022-12-31 10:10:30,-68.068935,-67.570716,"male",-68.0692,-67.570675
"kb_38",2022-12-31 10:12:22,-68.068935,-67.570716,"male",-68.069232,-67.570624
"kb_38",2022-12-31 10:14:28,-68.068935,-67.570716,"male",-68.069231,-67.570662
"kb_38",2022-12-31 10:16:33,-68.068935,-67.570716,"male",-68.069207,-67.570635
"kb_38",2022-12-31 10:18:19,-68.068935,-67.570716,"male",-68.069404,-67.570664
"kb_38",2022-12-31 10:20:29,-68.068935,-67.570716,"male",-68.069532,-67.570721
"kb_38",2022-12-31 10:22:28,-68.068935,-67.570716,"male",-68.06824,-67.570901
"kb_38",2022-12-31 10:24:30,-68.068935,-67.570716,"male",-68.069466,-67.570778
"kb_38",2022-12-31 10:26:27,-68.068935,-67.570716,"male",-68.070431,-67.570603
"kb_38",2022-12-31 10:30:26,-68.068935,-67.570716,"male",-68.06976,-67.57069
"kb_38",2022-12-31 10:32:27,-68.068935,-67.570716,"male",-68.069435,-67.570758
"kb_38",2022-12-31 10:34:30,-68.068935,-67.570716,"male",-68.069456,-67.570632
"kb_38",2022-12-31 10:36:29,-68.068935,-67.570716,"male",-68.069564,-67.570734
"kb_38",2022-12-31 10:38:19,-68.068935,-67.570716,"male",-68.069502,-67.570737
"kb_38",2022-12-31 10:39:59,-68.068935,-67.570716,"male",-68.069646,-67.570684
"kb_38",2022-12-31 10:41:59,-68.068935,-67.570716,"male",-68.0695,-67.57069
"kb_38",2022-12-31 12:31:18,-68.068935,-67.570716,"male",-68.069383,-67.570587
"kb_38",2022-12-31 12:33:19,-68.068935,-67.570716,"male",-68.06951,-67.570491
"kb_38",2022-12-31 12:35:18,-68.068935,-67.570716,"male",-68.069287,-67.570605
"kb_40",2023-01-04 15:53:19,-68.068935,-67.570716,"male",-68.069474,-67.570776
"kb_40",2023-01-04 15:55:19,-68.068935,-67.570716,"male",-68.069536,-67.570744
"kb_40",2023-01-04 15:57:18,-68.068935,-67.570716,"male",-68.069694,-67.57077
"kb_40",2023-01-04 15:59:17,-68.068935,-67.570716,"male",-68.069831,-67.570658
"kb_40",2023-01-04 16:01:17,-68.068935,-67.570716,"male",-68.069302,-67.570837
"kb_40",2023-01-04 16:03:27,-68.068935,-67.570716,"male",-68.069448,-67.570637
"kb_40",2023-01-04 16:05:15,-68.068935,-67.570716,"male",-68.069723,-67.570678
"kb_40",2023-01-04 16:07:32,-68.068935,-67.570716,"male",-68.069208,-67.570665
"kb_40",2023-01-04 16:09:17,-68.068935,-67.570716,"male",-68.069434,-67.570672
"kb_40",2023-01-04 16:11:24,-68.068935,-67.570716,"male",-68.069524,-67.570983
"kb_40",2023-01-04 16:13:19,-68.068935,-67.570716,"male",-68.069515,-67.570797
"kb_40",2023-01-04 16:15:19,-68.068935,-67.570716,"male",-68.0694,-67.570795
"kb_40",2023-01-04 16:17:19,-68.068935,-67.570716,"male",-68.069384,-67.570733
"kb_40",2023-01-04 16:19:19,-68.068935,-67.570716,"male",-68.069366,-67.570745
"kb_40",2023-01-04 16:21:23,-68.068935,-67.570716,"male",-68.069381,-67.570727
"kb_40",2023-01-04 16:23:17,-68.068935,-67.570716,"male",-68.069436,-67.570699
"kb_40",2023-01-04 16:25:19,-68.068935,-67.570716,"male",-68.069363,-67.570803
"kb_40",2023-01-04 16:27:19,-68.068935,-67.570716,"male",-68.069279,-67.5707
"kb_40",2023-01-04 16:29:19,-68.068935,-67.570716,"male",-68.069198,-67.570778
"kb_40",2023-01-04 16:31:17,-68.068935,-67.570716,"male",-68.069467,-67.570801
"kb_40",2023-01-04 16:33:19,-68.068935,-67.570716,"male",-68.069332,-67.570721
"kb_40",2023-01-04 16:35:17,-68.068935,-67.570716,"male",-68.0693,-67.570804
"kb_40",2023-01-04 16:37:15,-68.068935,-67.570716,"male",-68.069549,-67.570712
"kb_40",2023-01-04 16:39:15,-68.068935,-67.570716,"male",-68.069487,-67.570762
"kb_40",2023-01-04 16:41:15,-68.068935,-67.570716,"male",-68.069541,-67.570719
"kb_40",2023-01-04 16:43:17,-68.068935,-67.570716,"male",-68.069058,-67.570824
"kb_40",2023-01-04 16:45:26,-68.068935,-67.570716,"male",-68.069715,-67.570795
"kb_40",2023-01-04 16:47:17,-68.068935,-67.570716,"male",-68.069838,-67.570784
"kb_40",2023-01-04 16:49:17,-68.068935,-67.570716,"male",-68.069781,-67.570727
"kb_40",2023-01-04 16:51:17,-68.068935,-67.570716,"male",-68.069652,-67.570762
"kb_40",2023-01-04 16:53:15,-68.068935,-67.570716,"male",-68.069709,-67.570765
"kb_40",2023-01-04 16:55:13,-68.068935,-67.570716,"male",-68.069597,-67.570792
"kb_40",2023-01-04 16:57:15,-68.068935,-67.570716,"male",-68.069785,-67.570762
"kb_40",2023-01-04 16:59:15,-68.068935,-67.570716,"male",-68.06978,-67.570732
"kb_40",2023-01-04 17:01:22,-68.068935,-67.570716,"male",-68.069498,-67.5708
"kb_40",2023-01-04 17:03:15,-68.068935,-67.570716,"male",-68.069729,-67.570761
"kb_40",2023-01-04 17:05:13,-68.068935,-67.570716,"male",-68.069613,-67.570805
"kb_40",2023-01-04 17:07:11,-68.068935,-67.570716,"male",-68.069758,-67.570705
"kb_40",2023-01-04 17:09:18,-68.068935,-67.570716,"male",-68.067624,-67.564755
"kb_40",2023-01-04 17:11:36,-68.068935,-67.570716,"male",-68.06703,-67.564872
"kb_40",2023-01-04 17:13:34,-68.068935,-67.570716,"male",-68.067307,-67.565152
"kb_40",2023-01-04 17:15:32,-68.068935,-67.570716,"male",-68.069694,-67.570777
"kb_40",2023-01-04 17:17:57,-68.068935,-67.570716,"male",-68.069837,-67.570676
"kb_40",2023-01-04 17:19:59,-68.068935,-67.570716,"male",-68.069554,-67.57073
"kb_40",2023-01-04 17:22:04,-68.068935,-67.570716,"male",-68.069534,-67.570705
"kb_40",2023-01-04 17:23:55,-68.068935,-67.570716,"male",-68.068945,-67.562758
"kb_40",2023-01-04 17:25:56,-68.068935,-67.570716,"male",-68.063739,-67.548063
"kb_40",2023-01-04 17:27:55,-68.068935,-67.570716,"male",-68.044535,-67.536025
"kb_40",2023-01-04 17:29:55,-68.068935,-67.570716,"male",-68.043566,-67.535583
"kb_40",2023-01-04 17:35:55,-68.068935,-67.570716,"male",-68.045195,-67.538526
"kb_40",2023-01-04 17:39:10,-68.068935,-67.570716,"male",-68.036639,-67.527033
"kb_40",2023-01-04 17:43:10,-68.068935,-67.570716,"male",-68.009872,-67.498896
"kb_40",2023-01-04 17:45:10,-68.068935,-67.570716,"male",-67.992336,-67.484948
"kb_40",2023-01-04 17:47:10,-68.068935,-67.570716,"male",-67.972742,-67.471699
"kb_40",2023-01-04 17:49:10,-68.068935,-67.570716,"male",-67.946617,-67.461584
"kb_40",2023-01-04 17:51:10,-68.068935,-67.570716,"male",-67.913583,-67.452488
"kb_40",2023-01-04 17:53:10,-68.068935,-67.570716,"male",-67.885793,-67.44109
"kb_40",2023-01-04 17:55:10,-68.068935,-67.570716,"male",-67.85253,-67.428113
"kb_40",2023-01-04 17:57:10,-68.068935,-67.570716,"male",-67.823235,-67.415168
"kb_40",2023-01-04 17:59:10,-68.068935,-67.570716,"male",-67.795421,-67.402368
"kb_40",2023-01-04 18:01:10,-68.068935,-67.570716,"male",-67.768104,-67.389409
"kb_40",2023-01-04 18:03:10,-68.068935,-67.570716,"male",-67.735246,-67.377638
"kb_40",2023-01-04 18:05:10,-68.068935,-67.570716,"male",-67.718919,-67.373436
"kb_40",2023-01-04 18:09:00,-68.068935,-67.570716,"male",-67.719279,-67.373636
"kb_40",2023-01-04 18:11:00,-68.068935,-67.570716,"male",-67.7192,-67.373635
"kb_40",2023-01-04 18:12:59,-68.068935,-67.570716,"male",-67.725178,-67.375299
"kb_40",2023-01-04 18:14:59,-68.068935,-67.570716,"male",-67.7477,-67.363971
"kb_40",2023-01-04 18:16:59,-68.068935,-67.570716,"male",-67.747887,-67.349706
"kb_40",2023-01-04 18:18:59,-68.068935,-67.570716,"male",-67.746226,-67.347464
"kb_40",2023-01-04 18:21:01,-68.068935,-67.570716,"male",-67.746822,-67.34753
"kb_40",2023-01-04 18:23:01,-68.068935,-67.570716,"male",-67.746968,-67.34781
"kb_40",2023-01-04 18:24:59,-68.068935,-67.570716,"male",-67.747842,-67.34809
"kb_40",2023-01-04 18:26:59,-68.068935,-67.570716,"male",-67.747984,-67.34822
"kb_40",2023-01-04 18:28:59,-68.068935,-67.570716,"male",-67.748797,-67.348071
"kb_40",2023-01-04 18:30:59,-68.068935,-67.570716,"male",-67.748571,-67.348
"kb_40",2023-01-04 18:34:57,-68.068935,-67.570716,"male",-67.749165,-67.348229
"kb_40",2023-01-04 18:36:57,-68.068935,-67.570716,"male",-67.748839,-67.34797
"kb_40",2023-01-04 18:38:57,-68.068935,-67.570716,"male",-67.743154,-67.345732
"kb_40",2023-01-04 18:40:57,-68.068935,-67.570716,"male",-67.729607,-67.331155
"kb_40",2023-01-04 18:43:00,-68.068935,-67.570716,"male",-67.722321,-67.326657
"kb_40",2023-01-04 18:45:03,-68.068935,-67.570716,"male",-67.722425,-67.326608
"kb_40",2023-01-04 18:47:03,-68.068935,-67.570716,"male",-67.722743,-67.326659
"kb_40",2023-01-04 18:49:03,-68.068935,-67.570716,"male",-67.72287,-67.326542
"kb_40",2023-01-04 18:51:03,-68.068935,-67.570716,"male",-67.722296,-67.326672
"kb_40",2023-01-04 18:53:07,-68.068935,-67.570716,"male",-67.722277,-67.326667
"kb_40",2023-01-04 18:55:07,-68.068935,-67.570716,"male",-67.722256,-67.326682
"kb_40",2023-01-04 18:57:05,-68.068935,-67.570716,"male",-67.722626,-67.32658
"kb_40",2023-01-04 18:59:05,-68.068935,-67.570716,"male",-67.722151,-67.326664
"kb_40",2023-01-04 19:01:07,-68.068935,-67.570716,"male",-67.722344,-67.32666
"kb_40",2023-01-04 19:03:03,-68.068935,-67.570716,"male",-67.722321,-67.326723
"kb_40",2023-01-04 19:05:05,-68.068935,-67.570716,"male",-67.722684,-67.326607
"kb_40",2023-01-04 19:07:03,-68.068935,-67.570716,"male",-67.72242,-67.326668
"kb_40",2023-01-04 19:09:03,-68.068935,-67.570716,"male",-67.722612,-67.326665
"kb_40",2023-01-04 19:11:03,-68.068935,-67.570716,"male",-67.722565,-67.326619
"kb_40",2023-01-04 19:13:04,-68.068935,-67.570716,"male",-67.722624,-67.326603
"kb_40",2023-01-04 19:15:08,-68.068935,-67.570716,"male",-67.7224,-67.326688
"kb_40",2023-01-04 19:17:04,-68.068935,-67.570716,"male",-67.722554,-67.326608
"kb_40",2023-01-04 19:19:06,-68.068935,-67.570716,"male",-67.722607,-67.326656
"kb_40",2023-01-04 19:21:06,-68.068935,-67.570716,"male",-67.722668,-67.32665
"kb_40",2023-01-04 19:23:04,-68.068935,-67.570716,"male",-67.722603,-67.326611
"kb_40",2023-01-04 19:25:04,-68.068935,-67.570716,"male",-67.722546,-67.326614
"kb_40",2023-01-04 19:27:04,-68.068935,-67.570716,"male",-67.722294,-67.326613
"kb_40",2023-01-04 19:29:04,-68.068935,-67.570716,"male",-67.728408,-67.328303
"kb_40",2023-01-04 19:33:03,-68.068935,-67.570716,"male",-67.72977,-67.32808
"kb_40",2023-01-04 19:35:03,-68.068935,-67.570716,"male",-67.730636,-67.328427
"kb_40",2023-01-04 19:37:03,-68.068935,-67.570716,"male",-67.731389,-67.329187
"kb_40",2023-01-04 19:39:01,-68.068935,-67.570716,"male",-67.73184,-67.329629
"kb_40",2023-01-04 19:41:01,-68.068935,-67.570716,"male",-67.731717,-67.330086
"kb_40",2023-01-04 19:44:19,-68.068935,-67.570716,"male",-67.732484,-67.330171
"kb_40",2023-01-04 19:46:20,-68.068935,-67.570716,"male",-67.732712,-67.330498
"kb_40",2023-01-04 19:48:22,-68.068935,-67.570716,"male",-67.733065,-67.330743
"kb_40",2023-01-04 19:50:22,-68.068935,-67.570716,"male",-67.733575,-67.331028
"kb_40",2023-01-04 19:52:20,-68.068935,-67.570716,"male",-67.733923,-67.331275
"kb_40",2023-01-04 19:54:20,-68.068935,-67.570716,"male",-67.734527,-67.331572
"kb_40",2023-01-04 19:56:20,-68.068935,-67.570716,"male",-67.735171,-67.332005
"kb_40",2023-01-04 19:58:20,-68.068935,-67.570716,"male",-67.735563,-67.332413
"kb_40",2023-01-04 20:00:22,-68.068935,-67.570716,"male",-67.736535,-67.33309
"kb_40",2023-01-04 20:02:20,-68.068935,-67.570716,"male",-67.737817,-67.333495
"kb_40",2023-01-04 20:04:20,-68.068935,-67.570716,"male",-67.738561,-67.333728
"kb_40",2023-01-04 20:10:20,-68.068935,-67.570716,"male",-67.738287,-67.333822
"kb_40",2023-01-04 20:12:20,-68.068935,-67.570716,"male",-67.738522,-67.33415
"kb_40",2023-01-04 20:14:21,-68.068935,-67.570716,"male",-67.737509,-67.332803
"kb_40",2023-01-04 20:20:33,-68.068935,-67.570716,"male",-67.734847,-67.332946
"kb_40",2023-01-04 20:22:24,-68.068935,-67.570716,"male",-67.736259,-67.333333
"kb_40",2023-01-04 20:24:23,-68.068935,-67.570716,"male",-67.736233,-67.333607
"kb_40",2023-01-04 20:26:23,-68.068935,-67.570716,"male",-67.735841,-67.333776
"kb_40",2023-01-04 20:28:23,-68.068935,-67.570716,"male",-67.734901,-67.334133
"kb_40",2023-01-04 20:30:23,-68.068935,-67.570716,"male",-67.734471,-67.334031
"kb_40",2023-01-04 20:32:23,-68.068935,-67.570716,"male",-67.73429,-67.333769
"kb_40",2023-01-04 20:34:23,-68.068935,-67.570716,"male",-67.734624,-67.333992
"kb_40",2023-01-04 20:40:23,-68.068935,-67.570716,"male",-67.735578,-67.334544
"kb_40",2023-01-04 20:42:25,-68.068935,-67.570716,"male",-67.736085,-67.334954
"kb_40",2023-01-04 20:44:25,-68.068935,-67.570716,"male",-67.736006,-67.335393
"kb_40",2023-01-04 20:46:25,-68.068935,-67.570716,"male",-67.73621,-67.335443
"kb_40",2023-01-04 20:48:25,-68.068935,-67.570716,"male",-67.7365,-67.335603
"kb_40",2023-01-04 20:50:25,-68.068935,-67.570716,"male",-67.736685,-67.335934
"kb_40",2023-01-04 20:52:26,-68.068935,-67.570716,"male",-67.737345,-67.335837
"kb_40",2023-01-04 20:58:26,-68.068935,-67.570716,"male",-67.736978,-67.336011
"kb_40",2023-01-04 21:00:26,-68.068935,-67.570716,"male",-67.736237,-67.336191
"kb_40",2023-01-04 21:02:31,-68.068935,-67.570716,"male",-67.73536,-67.335981
"kb_40",2023-01-04 21:04:29,-68.068935,-67.570716,"male",-67.734825,-67.335754
"kb_40",2023-01-04 21:06:29,-68.068935,-67.570716,"male",-67.734558,-67.335803
"kb_40",2023-01-04 21:08:29,-68.068935,-67.570716,"male",-67.734558,-67.335781
"kb_40",2023-01-04 21:10:29,-68.068935,-67.570716,"male",-67.73493,-67.335854
"kb_40",2023-01-04 21:12:29,-68.068935,-67.570716,"male",-67.735638,-67.335798
"kb_40",2023-01-04 21:14:29,-68.068935,-67.570716,"male",-67.735675,-67.335989
"kb_40",2023-01-04 21:16:29,-68.068935,-67.570716,"male",-67.735175,-67.336114
"kb_40",2023-01-04 21:20:07,-68.068935,-67.570716,"male",-67.733098,-67.336181
"kb_40",2023-01-04 21:22:05,-68.068935,-67.570716,"male",-67.735256,-67.33814
"kb_40",2023-01-04 21:24:05,-68.068935,-67.570716,"male",-67.744897,-67.347021
"kb_40",2023-01-04 21:30:08,-68.068935,-67.570716,"male",-67.747057,-67.346701
"kb_40",2023-01-04 21:32:08,-68.068935,-67.570716,"male",-67.747122,-67.347196
"kb_40",2023-01-04 21:34:08,-68.068935,-67.570716,"male",-67.747094,-67.347644
"kb_40",2023-01-04 21:36:08,-68.068935,-67.570716,"male",-67.74995513,-67.32184596
"kb_40",2023-01-04 21:38:08,-68.068935,-67.570716,"male",-67.79268766,-67.3095954
"kb_40",2023-01-04 21:40:08,-68.068935,-67.570716,"male",-67.82360256,-67.30009326
"kb_40",2023-01-04 21:42:08,-68.068935,-67.570716,"male",-67.85688098,-67.28607939
"kb_40",2023-01-04 21:44:08,-68.068935,-67.570716,"male",-67.85990629,-67.263874
"kb_40",2023-01-04 21:46:08,-68.068935,-67.570716,"male",-67.82057724,-67.24749898
"kb_40",2023-01-04 21:48:08,-68.068935,-67.570716,"male",-67.79032413,-67.2357957
"kb_40",2023-01-04 21:50:08,-68.068935,-67.570716,"male",-67.75099509,-67.22291552
"kb_40",2023-01-04 21:52:09,-68.068935,-67.570716,"male",-67.69048886,-67.2029962
"kb_40",2023-01-04 21:54:10,-68.068935,-67.570716,"male",-67.64208388,-67.18540664
"kb_40",2023-01-04 21:56:08,-68.068935,-67.570716,"male",-67.66789357,-67.14073381
"kb_40",2023-01-04 22:18:26,-68.068935,-67.570716,"male",-67.71885115,-67.05570297
"kb_40",2023-01-04 22:24:30,-68.068935,-67.570716,"male",-67.72613081,-67.10250832
"kb_40",2023-01-04 22:26:30,-68.068935,-67.570716,"male",-67.7178112,-67.1269208
"kb_40",2023-01-04 22:28:30,-68.068935,-67.570716,"male",-67.63300795,-67.17249946
