bird_id,sex,colony,year,date_gmt,time_gmt,latitude,longitude,datetime,datetime_rothera
KB_22_42644_29,Male,Killingbeck,2022,06/01/2022,00:03:47,-67.477225,-67.868745,06/01/2022 00:03,05/01/2022 21:03
KB_22_42644_29,Male,Killingbeck,2022,06/01/2022,00:13:41,-67.439308,-67.637237,06/01/2022 00:13,05/01/2022 21:13
KB_22_42644_29,Male,Killingbeck,2022,06/01/2022,00:23:41,-67.420771,-67.615306,06/01/2022 00:23,05/01/2022 21:23
KB_22_42644_29,Male,Killingbeck,2022,06/01/2022,00:33:41,-67.420812,-67.615045,06/01/2022 00:33,05/01/2022 21:33
KB_22_42644_29,Male,Killingbeck,2022,06/01/2022,00:43:40,-67.420788,-67.615105,06/01/2022 00:43,05/01/2022 21:43
KB_22_42644_29,Male,Killingbeck,2022,06/01/2022,00:53:39,-67.416313,-67.608916,06/01/2022 00:53,05/01/2022 21:53
KB_22_42644_29,Male,Killingbeck,2022,06/01/2022,01:03:43,-67.416491,-67.60288,06/01/2022 01:03,05/01/2022 22:03
KB_22_42644_29,Male,Killingbeck,2022,06/01/2022,01:13:45,-67.420427,-67.614402,06/01/2022 01:13,05/01/2022 22:13
KB_22_42644_29,Male,Killingbeck,2022,06/01/2022,01:23:44,-67.420496,-67.614373,06/01/2022 01:23,05/01/2022 22:23
KB_22_42644_29,Male,Killingbeck,2022,06/01/2022,01:33:44,-67.420522,-67.614273,06/01/2022 01:33,05/01/2022 22:33
KB_22_42644_29,Male,Killingbeck,2022,06/01/2022,01:43:44,-67.420519,-67.614158,06/01/2022 01:43,05/01/2022 22:43
KB_22_42644_29,Male,Killingbeck,2022,06/01/2022,01:53:42,-67.420511,-67.6142,06/01/2022 01:53,05/01/2022 22:53
KB_22_42644_29,Male,Killingbeck,2022,06/01/2022,02:03:42,-67.423817,-67.620793,06/01/2022 02:03,05/01/2022 23:03
KB_22_42644_29,Male,Killingbeck,2022,06/01/2022,02:13:51,-67.418316,-67.61057,06/01/2022 02:13,05/01/2022 23:13
KB_22_42644_29,Male,Killingbeck,2022,06/01/2022,02:23:41,-67.419306,-67.613089,06/01/2022 02:23,05/01/2022 23:23
KB_22_42644_29,Male,Killingbeck,2022,06/01/2022,02:33:39,-67.4196,-67.613042,06/01/2022 02:33,05/01/2022 23:33
KB_22_42644_29,Male,Killingbeck,2022,06/01/2022,02:43:40,-67.420616,-67.614356,06/01/2022 02:43,05/01/2022 23:43
KB_22_42644_29,Male,Killingbeck,2022,06/01/2022,02:53:39,-67.420677,-67.61425,06/01/2022 02:53,05/01/2022 23:53
KB_22_42644_29,Male,Killingbeck,2022,06/01/2022,03:03:37,-67.420584,-67.614357,06/01/2022 03:03,06/01/2022 00:03
KB_22_42644_29,Male,Killingbeck,2022,06/01/2022,03:13:40,-67.420548,-67.614501,06/01/2022 03:13,06/01/2022 00:13
KB_22_42644_29,Male,Killingbeck,2022,06/01/2022,03:23:40,-67.42056,-67.614475,06/01/2022 03:23,06/01/2022 00:23
KB_22_42644_29,Male,Killingbeck,2022,06/01/2022,03:33:38,-67.420439,-67.614678,06/01/2022 03:33,06/01/2022 00:33
KB_22_42644_29,Male,Killingbeck,2022,06/01/2022,03:43:48,-67.421553,-67.616966,06/01/2022 03:43,06/01/2022 00:43
KB_22_42644_29,Male,Killingbeck,2022,06/01/2022,03:53:42,-67.422543,-67.620579,06/01/2022 03:53,06/01/2022 00:53
KB_22_42644_29,Male,Killingbeck,2022,06/01/2022,04:03:39,-67.420448,-67.614555,06/01/2022 04:03,06/01/2022 01:03
KB_22_42644_29,Male,Killingbeck,2022,06/01/2022,04:13:39,-67.420429,-67.614666,06/01/2022 04:13,06/01/2022 01:13
KB_22_42644_29,Male,Killingbeck,2022,06/01/2022,04:23:38,-67.420431,-67.614624,06/01/2022 04:23,06/01/2022 01:23
KB_22_42644_29,Male,Killingbeck,2022,06/01/2022,04:33:37,-67.420472,-67.614616,06/01/2022 04:33,06/01/2022 01:33
KB_22_42644_29,Male,Killingbeck,2022,06/01/2022,04:44:14,-67.420159,-67.614425,06/01/2022 04:44,06/01/2022 01:44
KB_22_42644_29,Male,Killingbeck,2022,06/01/2022,04:54:15,-67.417953,-67.611035,06/01/2022 04:54,06/01/2022 01:54
KB_22_42644_29,Male,Killingbeck,2022,06/01/2022,05:04:15,-67.420411,-67.614575,06/01/2022 05:04,06/01/2022 02:04
KB_22_42644_29,Male,Killingbeck,2022,06/01/2022,05:14:18,-67.420474,-67.614611,06/01/2022 05:14,06/01/2022 02:14
KB_22_42644_29,Male,Killingbeck,2022,06/01/2022,05:24:10,-67.420498,-67.614694,06/01/2022 05:24,06/01/2022 02:24
KB_22_42644_29,Male,Killingbeck,2022,06/01/2022,05:34:09,-67.420344,-67.616861,06/01/2022 05:34,06/01/2022 02:34
KB_22_42644_29,Male,Killingbeck,2022,06/01/2022,05:44:03,-67.420664,-67.616145,06/01/2022 05:44,06/01/2022 02:44
KB_22_42644_29,Male,Killingbeck,2022,06/01/2022,05:54:01,-67.420836,-67.615793,06/01/2022 05:54,06/01/2022 02:54
KB_22_42644_29,Male,Killingbeck,2022,06/01/2022,06:04:03,-67.421373,-67.616109,06/01/2022 06:04,06/01/2022 03:04
KB_22_42644_29,Male,Killingbeck,2022,06/01/2022,06:13:55,-67.422016,-67.617733,06/01/2022 06:13,06/01/2022 03:13
KB_22_42644_29,Male,Killingbeck,2022,06/01/2022,06:23:56,-67.424028,-67.622419,06/01/2022 06:23,06/01/2022 03:23
KB_22_42644_29,Male,Killingbeck,2022,06/01/2022,06:33:52,-67.465718,-67.779206,06/01/2022 06:33,06/01/2022 03:33
KB_22_42644_29,Male,Killingbeck,2022,06/01/2022,06:43:46,-67.521971,-67.962835,06/01/2022 06:43,06/01/2022 03:43
KB_22_42644_29,Male,Killingbeck,2022,06/01/2022,06:53:45,-67.570485,-68.06929,06/01/2022 06:53,06/01/2022 03:53
KB_22_42644_29,Male,Killingbeck,2022,06/01/2022,07:03:45,-67.570435,-68.069258,06/01/2022 07:03,06/01/2022 04:03
KB_22_42644_29,Male,Killingbeck,2022,06/01/2022,07:13:39,-67.570593,-68.069553,06/01/2022 07:13,06/01/2022 04:13
KB_22_42644_29,Male,Killingbeck,2022,06/01/2022,07:23:39,-67.570774,-68.069654,06/01/2022 07:23,06/01/2022 04:23
KB_22_42644_29,Male,Killingbeck,2022,06/01/2022,07:33:37,-67.57061,-68.069498,06/01/2022 07:33,06/01/2022 04:33
KB_22_42644_29,Male,Killingbeck,2022,06/01/2022,07:43:31,-67.570703,-68.069484,06/01/2022 07:43,06/01/2022 04:43
KB_22_42644_29,Male,Killingbeck,2022,06/01/2022,07:53:30,-67.570739,-68.0695,06/01/2022 07:53,06/01/2022 04:53
KB_22_42644_29,Male,Killingbeck,2022,06/01/2022,08:03:30,-67.570907,-68.069663,06/01/2022 08:03,06/01/2022 05:03
KB_22_42644_29,Male,Killingbeck,2022,06/01/2022,08:13:34,-67.570534,-68.069554,06/01/2022 08:13,06/01/2022 05:13
KB_22_42644_29,Male,Killingbeck,2022,06/01/2022,08:23:22,-67.570647,-68.069351,06/01/2022 08:23,06/01/2022 05:23
KB_22_42644_29,Male,Killingbeck,2022,06/01/2022,08:33:30,-67.570704,-68.069577,06/01/2022 08:33,06/01/2022 05:33
KB_22_42644_29,Male,Killingbeck,2022,06/01/2022,08:43:24,-67.570725,-68.069719,06/01/2022 08:43,06/01/2022 05:43
KB_22_42644_29,Male,Killingbeck,2022,06/01/2022,08:53:24,-67.570723,-68.069819,06/01/2022 08:53,06/01/2022 05:53
KB_22_42644_29,Male,Killingbeck,2022,06/01/2022,09:03:16,-67.570698,-68.069614,06/01/2022 09:03,06/01/2022 06:03
KB_22_42644_29,Male,Killingbeck,2022,06/01/2022,09:13:07,-67.570655,-68.069568,06/01/2022 09:13,06/01/2022 06:13
KB_22_42644_29,Male,Killingbeck,2022,06/01/2022,09:23:06,-67.57056,-68.069258,06/01/2022 09:23,06/01/2022 06:23
KB_22_42644_29,Male,Killingbeck,2022,06/01/2022,09:33:05,-67.570625,-68.069405,06/01/2022 09:33,06/01/2022 06:33
KB_22_42644_29,Male,Killingbeck,2022,06/01/2022,09:43:08,-67.570608,-68.069328,06/01/2022 09:43,06/01/2022 06:43
KB_22_42644_29,Male,Killingbeck,2022,06/01/2022,09:53:09,-67.570407,-68.06946,06/01/2022 09:53,06/01/2022 06:53
KB_22_42644_29,Male,Killingbeck,2022,06/01/2022,10:03:05,-67.570613,-68.069156,06/01/2022 10:03,06/01/2022 07:03
KB_22_42644_29,Male,Killingbeck,2022,06/01/2022,10:13:05,-67.57066,-68.069431,06/01/2022 10:13,06/01/2022 07:13
KB_22_42644_29,Male,Killingbeck,2022,06/01/2022,10:23:04,-67.570508,-68.069103,06/01/2022 10:23,06/01/2022 07:23
KB_22_42644_29,Male,Killingbeck,2022,06/01/2022,10:33:03,-67.570447,-68.068998,06/01/2022 10:33,06/01/2022 07:33
KB_22_42644_29,Male,Killingbeck,2022,06/01/2022,10:43:03,-67.570596,-68.069154,06/01/2022 10:43,06/01/2022 07:43
KB_22_42644_29,Male,Killingbeck,2022,06/01/2022,10:53:03,-67.570598,-68.069229,06/01/2022 10:53,06/01/2022 07:53
KB_22_42644_29,Male,Killingbeck,2022,06/01/2022,11:03:05,-67.570632,-68.069121,06/01/2022 11:03,06/01/2022 08:03
KB_22_42644_29,Male,Killingbeck,2022,06/01/2022,11:13:04,-67.570596,-68.069068,06/01/2022 11:13,06/01/2022 08:13
KB_22_42644_29,Male,Killingbeck,2022,06/01/2022,11:23:03,-67.570587,-68.069234,06/01/2022 11:23,06/01/2022 08:23
KB_22_42644_29,Male,Killingbeck,2022,06/01/2022,11:33:01,-67.570686,-68.06904,06/01/2022 11:33,06/01/2022 08:33
KB_22_42644_29,Male,Killingbeck,2022,06/01/2022,11:43:03,-67.570864,-68.069556,06/01/2022 11:43,06/01/2022 08:43
KB_22_42644_29,Male,Killingbeck,2022,06/01/2022,11:53:03,-67.570829,-68.069508,06/01/2022 11:53,06/01/2022 08:53
KB_22_42644_29,Male,Killingbeck,2022,06/01/2022,12:03:01,-67.570749,-68.069695,06/01/2022 12:03,06/01/2022 09:03
KB_22_42644_29,Male,Killingbeck,2022,06/01/2022,12:13:02,-67.570773,-68.069626,06/01/2022 12:13,06/01/2022 09:13
KB_22_42644_29,Male,Killingbeck,2022,06/01/2022,12:23:01,-67.570788,-68.069623,06/01/2022 12:23,06/01/2022 09:23
KB_22_42644_29,Male,Killingbeck,2022,06/01/2022,12:33:00,-67.570699,-68.069717,06/01/2022 12:33,06/01/2022 09:33
KB_22_42644_29,Male,Killingbeck,2022,06/01/2022,12:43:03,-67.57071,-68.069594,06/01/2022 12:43,06/01/2022 09:43
KB_22_42644_29,Male,Killingbeck,2022,06/01/2022,12:53:02,-67.570714,-68.069676,06/01/2022 12:53,06/01/2022 09:53
KB_22_42644_29,Male,Killingbeck,2022,06/01/2022,13:03:01,-67.570773,-68.069644,06/01/2022 13:03,06/01/2022 10:03
KB_22_42644_29,Male,Killingbeck,2022,06/01/2022,13:13:02,-67.570691,-68.069537,06/01/2022 13:13,06/01/2022 10:13
KB_22_42644_29,Male,Killingbeck,2022,06/01/2022,13:23:03,-67.570596,-68.069218,06/01/2022 13:23,06/01/2022 10:23
KB_22_42644_29,Male,Killingbeck,2022,06/01/2022,13:33:02,-67.570716,-68.069335,06/01/2022 13:33,06/01/2022 10:33
KB_22_42644_29,Male,Killingbeck,2022,06/01/2022,13:43:02,-67.570705,-68.069589,06/01/2022 13:43,06/01/2022 10:43
KB_22_42644_29,Male,Killingbeck,2022,06/01/2022,13:53:01,-67.570762,-68.0695,06/01/2022 13:53,06/01/2022 10:53
KB_22_42644_29,Male,Killingbeck,2022,06/01/2022,14:03:02,-67.570708,-68.069432,06/01/2022 14:03,06/01/2022 11:03
KB_22_42644_29,Male,Killingbeck,2022,06/01/2022,14:13:04,-67.570814,-68.069364,06/01/2022 14:13,06/01/2022 11:13
KB_22_42644_29,Male,Killingbeck,2022,06/01/2022,14:23:03,-67.570799,-68.069561,06/01/2022 14:23,06/01/2022 11:23
KB_22_42644_29,Male,Killingbeck,2022,06/01/2022,14:33:01,-67.570802,-68.069584,06/01/2022 14:33,06/01/2022 11:33
KB_22_42644_29,Male,Killingbeck,2022,06/01/2022,14:43:01,-67.570786,-68.069534,06/01/2022 14:43,06/01/2022 11:43
KB_22_42644_29,Male,Killingbeck,2022,06/01/2022,14:53:00,-67.570752,-68.069624,06/01/2022 14:53,06/01/2022 11:53
KB_22_42644_29,Male,Killingbeck,2022,06/01/2022,15:03:07,-67.570866,-68.069574,06/01/2022 15:03,06/01/2022 12:03
KB_22_42644_29,Male,Killingbeck,2022,06/01/2022,15:13:01,-67.570762,-68.06973,06/01/2022 15:13,06/01/2022 12:13
KB_22_42644_29,Male,Killingbeck,2022,06/01/2022,15:22:57,-67.57072,-68.069541,06/01/2022 15:22,06/01/2022 12:22
KB_22_42644_29,Male,Killingbeck,2022,06/01/2022,15:32:56,-67.570771,-68.06962,06/01/2022 15:32,06/01/2022 12:32
KB_22_42644_29,Male,Killingbeck,2022,06/01/2022,15:42:56,-67.570689,-68.069522,06/01/2022 15:42,06/01/2022 12:42
KB_22_42644_29,Male,Killingbeck,2022,06/01/2022,15:52:55,-67.570714,-68.06955,06/01/2022 15:52,06/01/2022 12:52
KB_22_42644_29,Male,Killingbeck,2022,06/01/2022,16:02:54,-67.570668,-68.069535,06/01/2022 16:02,06/01/2022 13:02
KB_22_42644_29,Male,Killingbeck,2022,06/01/2022,16:12:56,-67.570725,-68.069585,06/01/2022 16:12,06/01/2022 13:12
KB_22_42644_29,Male,Killingbeck,2022,06/01/2022,16:22:55,-67.570736,-68.069618,06/01/2022 16:22,06/01/2022 13:22
KB_22_42644_29,Male,Killingbeck,2022,06/01/2022,16:32:56,-67.570514,-68.06953,06/01/2022 16:32,06/01/2022 13:32
KB_22_42644_29,Male,Killingbeck,2022,06/01/2022,16:42:57,-67.570764,-68.069664,06/01/2022 16:42,06/01/2022 13:42
KB_22_42644_29,Male,Killingbeck,2022,06/01/2022,16:52:55,-67.570724,-68.069598,06/01/2022 16:52,06/01/2022 13:52
KB_22_42644_29,Male,Killingbeck,2022,06/01/2022,17:02:55,-67.570691,-68.06958,06/01/2022 17:02,06/01/2022 14:02
KB_22_42644_29,Male,Killingbeck,2022,06/01/2022,17:12:54,-67.570811,-68.069548,06/01/2022 17:12,06/01/2022 14:12
KB_22_42644_29,Male,Killingbeck,2022,06/01/2022,17:22:54,-67.57071,-68.069638,06/01/2022 17:22,06/01/2022 14:22
KB_22_42644_29,Male,Killingbeck,2022,06/01/2022,17:32:52,-67.570756,-68.069612,06/01/2022 17:32,06/01/2022 14:32
KB_22_42644_29,Male,Killingbeck,2022,06/01/2022,17:42:54,-67.570757,-68.06974,06/01/2022 17:42,06/01/2022 14:42
KB_22_42644_29,Male,Killingbeck,2022,06/01/2022,17:52:56,-67.570696,-68.06966,06/01/2022 17:52,06/01/2022 14:52
KB_22_42644_29,Male,Killingbeck,2022,06/01/2022,18:02:55,-67.571046,-68.069804,06/01/2022 18:02,06/01/2022 15:02
KB_22_42644_29,Male,Killingbeck,2022,06/01/2022,18:12:54,-67.570788,-68.069732,06/01/2022 18:12,06/01/2022 15:12
KB_22_42644_29,Male,Killingbeck,2022,06/01/2022,18:22:55,-67.570687,-68.069591,06/01/2022 18:22,06/01/2022 15:22
KB_22_42644_29,Male,Killingbeck,2022,06/01/2022,18:33:01,-67.570927,-68.069859,06/01/2022 18:33,06/01/2022 15:33
KB_22_42644_29,Male,Killingbeck,2022,06/01/2022,18:42:55,-67.570802,-68.069859,06/01/2022 18:42,06/01/2022 15:42
KB_22_42644_29,Male,Killingbeck,2022,06/01/2022,18:52:54,-67.57069,-68.069464,06/01/2022 18:52,06/01/2022 15:52
KB_22_42644_29,Male,Killingbeck,2022,06/01/2022,19:02:52,-67.570682,-68.069425,06/01/2022 19:02,06/01/2022 16:02
KB_22_42644_29,Male,Killingbeck,2022,06/01/2022,19:12:57,-67.570675,-68.069518,06/01/2022 19:12,06/01/2022 16:12
KB_22_42644_29,Male,Killingbeck,2022,06/01/2022,19:22:53,-67.570725,-68.06954,06/01/2022 19:22,06/01/2022 16:22
KB_22_42644_29,Male,Killingbeck,2022,06/01/2022,19:32:54,-67.570642,-68.069576,06/01/2022 19:32,06/01/2022 16:32
KB_22_42644_29,Male,Killingbeck,2022,06/01/2022,19:42:54,-67.570734,-68.069545,06/01/2022 19:42,06/01/2022 16:42
KB_22_42644_29,Male,Killingbeck,2022,06/01/2022,19:52:53,-67.570738,-68.069526,06/01/2022 19:52,06/01/2022 16:52
KB_22_42644_29,Male,Killingbeck,2022,06/01/2022,20:02:54,-67.570657,-68.069516,06/01/2022 20:02,06/01/2022 17:02
KB_22_42644_29,Male,Killingbeck,2022,06/01/2022,20:12:48,-67.570753,-68.069737,06/01/2022 20:12,06/01/2022 17:12
KB_22_42644_29,Male,Killingbeck,2022,06/01/2022,20:22:47,-67.570777,-68.069711,06/01/2022 20:22,06/01/2022 17:22
KB_22_42644_29,Male,Killingbeck,2022,06/01/2022,20:32:48,-67.570811,-68.069819,06/01/2022 20:32,06/01/2022 17:32
KB_22_42644_29,Male,Killingbeck,2022,06/01/2022,20:42:41,-67.570841,-68.069958,06/01/2022 20:42,06/01/2022 17:42
KB_22_42644_29,Male,Killingbeck,2022,06/01/2022,20:52:38,-67.570695,-68.069529,06/01/2022 20:52,06/01/2022 17:52
KB_22_42644_29,Male,Killingbeck,2022,06/01/2022,21:02:37,-67.570663,-68.069454,06/01/2022 21:02,06/01/2022 18:02
KB_22_42644_29,Male,Killingbeck,2022,06/01/2022,21:12:31,-67.570741,-68.069422,06/01/2022 21:12,06/01/2022 18:12
KB_22_42644_29,Male,Killingbeck,2022,06/01/2022,21:22:33,-67.569752,-68.071733,06/01/2022 21:22,06/01/2022 18:22
KB_22_42644_29,Male,Killingbeck,2022,06/01/2022,21:32:29,-67.569955,-68.069028,06/01/2022 21:32,06/01/2022 18:32
KB_22_42644_29,Male,Killingbeck,2022,06/01/2022,21:42:23,-67.569514,-68.067507,06/01/2022 21:42,06/01/2022 18:42
KB_22_42644_29,Male,Killingbeck,2022,06/01/2022,21:52:22,-67.536191,-68.018995,06/01/2022 21:52,06/01/2022 18:52
KB_22_42644_29,Male,Killingbeck,2022,06/01/2022,22:02:20,-67.497745,-67.857422,06/01/2022 22:02,06/01/2022 19:02
KB_22_42644_29,Male,Killingbeck,2022,06/01/2022,22:12:15,-67.462066,-67.66811,06/01/2022 22:12,06/01/2022 19:12
KB_22_42644_29,Male,Killingbeck,2022,06/01/2022,22:22:46,-67.423216,-67.620689,06/01/2022 22:22,06/01/2022 19:22
KB_22_42644_29,Male,Killingbeck,2022,06/01/2022,22:32:46,-67.420581,-67.614206,06/01/2022 22:32,06/01/2022 19:32
KB_22_42644_29,Male,Killingbeck,2022,06/01/2022,22:42:40,-67.42052,-67.614381,06/01/2022 22:42,06/01/2022 19:42
KB_22_42644_29,Male,Killingbeck,2022,06/01/2022,22:52:42,-67.420597,-67.614317,06/01/2022 22:52,06/01/2022 19:52
KB_22_42644_29,Male,Killingbeck,2022,06/01/2022,23:02:38,-67.420608,-67.614352,06/01/2022 23:02,06/01/2022 20:02
KB_22_42644_29,Male,Killingbeck,2022,06/01/2022,23:12:33,-67.4202,-67.615066,06/01/2022 23:12,06/01/2022 20:12
KB_22_42644_29,Male,Killingbeck,2022,06/01/2022,23:22:31,-67.419845,-67.612901,06/01/2022 23:22,06/01/2022 20:22
KB_22_42644_29,Male,Killingbeck,2022,06/01/2022,23:32:30,-67.419835,-67.612917,06/01/2022 23:32,06/01/2022 20:32
KB_22_42644_29,Male,Killingbeck,2022,06/01/2022,23:42:24,-67.419807,-67.612988,06/01/2022 23:42,06/01/2022 20:42
KB_22_42644_29,Male,Killingbeck,2022,06/01/2022,23:52:24,-67.419848,-67.612815,06/01/2022 23:52,06/01/2022 20:52
KB_22_42644_29,Male,Killingbeck,2022,05/01/2022,00:08:28,-67.440287,-67.915787,05/01/2022 00:08,04/01/2022 21:08
KB_22_42644_29,Male,Killingbeck,2022,05/01/2022,00:18:21,-67.440251,-67.915784,05/01/2022 00:18,04/01/2022 21:18
KB_22_42644_29,Male,Killingbeck,2022,05/01/2022,00:28:21,-67.440237,-67.915754,05/01/2022 00:28,04/01/2022 21:28
KB_22_42644_29,Male,Killingbeck,2022,05/01/2022,00:38:19,-67.440359,-67.915599,05/01/2022 00:38,04/01/2022 21:38
KB_22_42644_29,Male,Killingbeck,2022,05/01/2022,00:49:05,-67.442407,-67.914623,05/01/2022 00:49,04/01/2022 21:49
KB_22_42644_29,Male,Killingbeck,2022,05/01/2022,00:59:06,-67.440646,-67.925483,05/01/2022 00:59,04/01/2022 21:59
KB_22_42644_29,Male,Killingbeck,2022,05/01/2022,01:09:05,-67.440645,-67.925497,05/01/2022 01:09,04/01/2022 22:09
KB_22_42644_29,Male,Killingbeck,2022,05/01/2022,01:18:58,-67.440629,-67.925461,05/01/2022 01:18,04/01/2022 22:18
KB_22_42644_29,Male,Killingbeck,2022,05/01/2022,01:29:05,-67.439972,-67.925165,05/01/2022 01:29,04/01/2022 22:29
KB_22_42644_29,Male,Killingbeck,2022,05/01/2022,01:39:04,-67.440062,-67.926605,05/01/2022 01:39,04/01/2022 22:39
KB_22_42644_29,Male,Killingbeck,2022,05/01/2022,01:48:58,-67.440192,-67.915507,05/01/2022 01:48,04/01/2022 22:48
KB_22_42644_29,Male,Killingbeck,2022,05/01/2022,01:58:57,-67.440211,-67.915653,05/01/2022 01:58,04/01/2022 22:58
KB_22_42644_29,Male,Killingbeck,2022,05/01/2022,02:08:56,-67.44024,-67.915689,05/01/2022 02:08,04/01/2022 23:08
KB_22_42644_29,Male,Killingbeck,2022,05/01/2022,02:18:50,-67.441264,-67.913711,05/01/2022 02:18,04/01/2022 23:18
KB_22_42644_29,Male,Killingbeck,2022,05/01/2022,02:28:51,-67.442243,-67.914101,05/01/2022 02:28,04/01/2022 23:28
KB_22_42644_29,Male,Killingbeck,2022,05/01/2022,02:38:50,-67.44257,-67.913366,05/01/2022 02:38,04/01/2022 23:38
KB_22_42644_29,Male,Killingbeck,2022,05/01/2022,02:48:43,-67.448243,-67.914342,05/01/2022 02:48,04/01/2022 23:48
KB_22_42644_29,Male,Killingbeck,2022,05/01/2022,02:58:43,-67.451053,-67.913621,05/01/2022 02:58,04/01/2022 23:58
KB_22_42644_29,Male,Killingbeck,2022,05/01/2022,03:08:41,-67.451075,-67.913491,05/01/2022 03:08,05/01/2022 00:08
KB_22_42644_29,Male,Killingbeck,2022,05/01/2022,03:18:35,-67.451006,-67.913461,05/01/2022 03:18,05/01/2022 00:18
KB_22_42644_29,Male,Killingbeck,2022,05/01/2022,03:28:34,-67.451044,-67.913491,05/01/2022 03:28,05/01/2022 00:28
KB_22_42644_29,Male,Killingbeck,2022,05/01/2022,03:39:05,-67.45122,-67.913143,05/01/2022 03:39,05/01/2022 00:39
KB_22_42644_29,Male,Killingbeck,2022,05/01/2022,03:48:58,-67.453157,-67.917543,05/01/2022 03:48,05/01/2022 00:48
KB_22_42644_29,Male,Killingbeck,2022,05/01/2022,03:59:00,-67.453238,-67.917496,05/01/2022 03:59,05/01/2022 00:59
KB_22_42644_29,Male,Killingbeck,2022,05/01/2022,04:08:56,-67.453266,-67.916261,05/01/2022 04:08,05/01/2022 01:08
KB_22_42644_29,Male,Killingbeck,2022,05/01/2022,04:18:51,-67.467949,-67.95481,05/01/2022 04:18,05/01/2022 01:18
KB_22_42644_29,Male,Killingbeck,2022,05/01/2022,04:28:50,-67.542877,-68.049298,05/01/2022 04:28,05/01/2022 01:28
KB_22_42644_29,Male,Killingbeck,2022,05/01/2022,04:38:50,-67.570737,-68.069686,05/01/2022 04:38,05/01/2022 01:38
KB_22_42644_29,Male,Killingbeck,2022,05/01/2022,04:48:53,-67.57068,-68.06965,05/01/2022 04:48,05/01/2022 01:48
KB_22_42644_29,Male,Killingbeck,2022,05/01/2022,04:58:43,-67.570706,-68.069633,05/01/2022 04:58,05/01/2022 01:58
KB_22_42644_29,Male,Killingbeck,2022,05/01/2022,05:08:42,-67.571135,-68.070497,05/01/2022 05:08,05/01/2022 02:08
KB_22_42644_29,Male,Killingbeck,2022,05/01/2022,05:18:35,-67.570785,-68.069517,05/01/2022 05:18,05/01/2022 02:18
KB_22_42644_29,Male,Killingbeck,2022,05/01/2022,05:28:36,-67.570541,-68.069736,05/01/2022 05:28,05/01/2022 02:28
KB_22_42644_29,Male,Killingbeck,2022,05/01/2022,05:38:34,-67.570751,-68.06957,05/01/2022 05:38,05/01/2022 02:38
KB_22_42644_29,Male,Killingbeck,2022,05/01/2022,05:48:30,-67.570914,-68.069542,05/01/2022 05:48,05/01/2022 02:48
KB_22_42644_29,Male,Killingbeck,2022,05/01/2022,05:58:26,-67.570762,-68.069714,05/01/2022 05:58,05/01/2022 02:58
KB_22_42644_29,Male,Killingbeck,2022,05/01/2022,06:08:28,-67.570327,-68.069589,05/01/2022 06:08,05/01/2022 03:08
KB_22_42644_29,Male,Killingbeck,2022,05/01/2022,06:18:22,-67.570719,-68.069653,05/01/2022 06:18,05/01/2022 03:18
KB_22_42644_29,Male,Killingbeck,2022,05/01/2022,06:28:20,-67.570737,-68.069697,05/01/2022 06:28,05/01/2022 03:28
KB_22_42644_29,Male,Killingbeck,2022,05/01/2022,06:38:19,-67.570695,-68.069452,05/01/2022 06:38,05/01/2022 03:38
KB_22_42644_29,Male,Killingbeck,2022,05/01/2022,06:48:13,-67.570737,-68.069427,05/01/2022 06:48,05/01/2022 03:48
KB_22_42644_29,Male,Killingbeck,2022,05/01/2022,06:58:12,-67.570832,-68.070006,05/01/2022 06:58,05/01/2022 03:58
KB_22_42644_29,Male,Killingbeck,2022,05/01/2022,07:08:11,-67.570604,-68.069439,05/01/2022 07:08,05/01/2022 04:08
KB_22_42644_29,Male,Killingbeck,2022,05/01/2022,07:18:08,-67.57067,-68.069235,05/01/2022 07:18,05/01/2022 04:18
KB_22_42644_29,Male,Killingbeck,2022,05/01/2022,07:28:05,-67.57074,-68.069301,05/01/2022 07:28,05/01/2022 04:28
KB_22_42644_29,Male,Killingbeck,2022,05/01/2022,07:38:03,-67.5707,-68.069511,05/01/2022 07:38,05/01/2022 04:38
KB_22_42644_29,Male,Killingbeck,2022,05/01/2022,07:47:57,-67.570692,-68.069542,05/01/2022 07:47,05/01/2022 04:47
KB_22_42644_29,Male,Killingbeck,2022,05/01/2022,07:57:57,-67.570709,-68.069444,05/01/2022 07:57,05/01/2022 04:57
KB_22_42644_29,Male,Killingbeck,2022,05/01/2022,08:07:57,-67.570944,-68.069538,05/01/2022 08:07,05/01/2022 05:07
KB_22_42644_29,Male,Killingbeck,2022,05/01/2022,08:17:51,-67.570857,-68.069685,05/01/2022 08:17,05/01/2022 05:17
KB_22_42644_29,Male,Killingbeck,2022,05/01/2022,08:27:50,-67.570977,-68.069584,05/01/2022 08:27,05/01/2022 05:27
KB_22_42644_29,Male,Killingbeck,2022,05/01/2022,08:37:51,-67.570697,-68.069657,05/01/2022 08:37,05/01/2022 05:37
KB_22_42644_29,Male,Killingbeck,2022,05/01/2022,08:47:42,-67.57068,-68.069632,05/01/2022 08:47,05/01/2022 05:47
KB_22_42644_29,Male,Killingbeck,2022,05/01/2022,08:57:44,-67.570214,-68.068394,05/01/2022 08:57,05/01/2022 05:57
KB_22_42644_29,Male,Killingbeck,2022,05/01/2022,09:07:43,-67.57021,-68.069432,05/01/2022 09:07,05/01/2022 06:07
KB_22_42644_29,Male,Killingbeck,2022,05/01/2022,09:17:39,-67.570392,-68.071388,05/01/2022 09:17,05/01/2022 06:17
KB_22_42644_29,Male,Killingbeck,2022,05/01/2022,09:27:35,-67.570688,-68.069503,05/01/2022 09:27,05/01/2022 06:27
KB_22_42644_29,Male,Killingbeck,2022,05/01/2022,09:37:44,-67.5704,-68.069229,05/01/2022 09:37,05/01/2022 06:37
KB_22_42644_29,Male,Killingbeck,2022,05/01/2022,09:47:30,-67.570651,-68.069413,05/01/2022 09:47,05/01/2022 06:47
KB_22_42644_29,Male,Killingbeck,2022,05/01/2022,09:57:32,-67.570225,-68.068901,05/01/2022 09:57,05/01/2022 06:57
KB_22_42644_29,Male,Killingbeck,2022,05/01/2022,10:07:26,-67.570528,-68.069514,05/01/2022 10:07,05/01/2022 07:07
KB_22_42644_29,Male,Killingbeck,2022,05/01/2022,10:17:23,-67.570538,-68.069542,05/01/2022 10:17,05/01/2022 07:17
KB_22_42644_29,Male,Killingbeck,2022,05/01/2022,10:27:20,-67.570466,-68.069432,05/01/2022 10:27,05/01/2022 07:27
KB_22_42644_29,Male,Killingbeck,2022,05/01/2022,10:37:19,-67.570539,-68.06914,05/01/2022 10:37,05/01/2022 07:37
KB_22_42644_29,Male,Killingbeck,2022,05/01/2022,10:47:13,-67.570644,-68.069143,05/01/2022 10:47,05/01/2022 07:47
KB_22_42644_29,Male,Killingbeck,2022,05/01/2022,10:57:12,-67.570556,-68.069236,05/01/2022 10:57,05/01/2022 07:57
KB_22_42644_29,Male,Killingbeck,2022,05/01/2022,11:07:11,-67.570546,-68.069336,05/01/2022 11:07,05/01/2022 08:07
KB_22_42644_29,Male,Killingbeck,2022,05/01/2022,11:17:07,-67.570555,-68.069209,05/01/2022 11:17,05/01/2022 08:17
KB_22_42644_29,Male,Killingbeck,2022,05/01/2022,11:27:04,-67.570651,-68.069154,05/01/2022 11:27,05/01/2022 08:27
KB_22_42644_29,Male,Killingbeck,2022,05/01/2022,11:37:02,-67.570695,-68.069515,05/01/2022 11:37,05/01/2022 08:37
KB_22_42644_29,Male,Killingbeck,2022,05/01/2022,11:46:56,-67.570735,-68.069476,05/01/2022 11:46,05/01/2022 08:46
KB_22_42644_29,Male,Killingbeck,2022,05/01/2022,11:56:57,-67.570682,-68.069501,05/01/2022 11:56,05/01/2022 08:56
KB_22_42644_29,Male,Killingbeck,2022,05/01/2022,12:06:56,-67.570735,-68.069544,05/01/2022 12:06,05/01/2022 09:06
KB_22_42644_29,Male,Killingbeck,2022,05/01/2022,12:16:49,-67.570708,-68.069136,05/01/2022 12:16,05/01/2022 09:16
KB_22_42644_29,Male,Killingbeck,2022,05/01/2022,12:26:49,-67.57077,-68.069615,05/01/2022 12:26,05/01/2022 09:26
KB_22_42644_29,Male,Killingbeck,2022,05/01/2022,12:36:47,-67.570762,-68.069645,05/01/2022 12:36,05/01/2022 09:36
KB_22_42644_29,Male,Killingbeck,2022,05/01/2022,12:46:42,-67.570702,-68.06946,05/01/2022 12:46,05/01/2022 09:46
KB_22_42644_29,Male,Killingbeck,2022,05/01/2022,12:56:41,-67.570545,-68.069648,05/01/2022 12:56,05/01/2022 09:56
KB_22_42644_29,Male,Killingbeck,2022,05/01/2022,13:06:39,-67.570607,-68.069555,05/01/2022 13:06,05/01/2022 10:06
KB_22_42644_29,Male,Killingbeck,2022,05/01/2022,13:16:33,-67.570655,-68.069499,05/01/2022 13:16,05/01/2022 10:16
KB_22_42644_29,Male,Killingbeck,2022,05/01/2022,13:26:32,-67.570658,-68.069437,05/01/2022 13:26,05/01/2022 10:26
KB_22_42644_29,Male,Killingbeck,2022,05/01/2022,13:36:31,-67.57061,-68.06947,05/01/2022 13:36,05/01/2022 10:36
KB_22_42644_29,Male,Killingbeck,2022,05/01/2022,13:46:27,-67.570678,-68.069405,05/01/2022 13:46,05/01/2022 10:46
KB_22_42644_29,Male,Killingbeck,2022,05/01/2022,13:56:26,-67.570611,-68.069529,05/01/2022 13:56,05/01/2022 10:56
KB_22_42644_29,Male,Killingbeck,2022,05/01/2022,14:06:27,-67.570631,-68.069394,05/01/2022 14:06,05/01/2022 11:06
KB_22_42644_29,Male,Killingbeck,2022,05/01/2022,14:16:27,-67.570776,-68.069383,05/01/2022 14:16,05/01/2022 11:16
KB_22_42644_29,Male,Killingbeck,2022,05/01/2022,14:26:18,-67.570787,-68.069479,05/01/2022 14:26,05/01/2022 11:26
KB_22_42644_29,Male,Killingbeck,2022,05/01/2022,14:36:19,-67.571059,-68.069626,05/01/2022 14:36,05/01/2022 11:36
KB_22_42644_29,Male,Killingbeck,2022,05/01/2022,14:46:13,-67.571071,-68.070569,05/01/2022 14:46,05/01/2022 11:46
KB_22_42644_29,Male,Killingbeck,2022,05/01/2022,14:56:20,-67.570694,-68.069567,05/01/2022 14:56,05/01/2022 11:56
KB_22_42644_29,Male,Killingbeck,2022,05/01/2022,15:06:21,-67.570849,-68.069855,05/01/2022 15:06,05/01/2022 12:06
KB_22_42644_29,Male,Killingbeck,2022,05/01/2022,15:16:17,-67.570786,-68.070015,05/01/2022 15:16,05/01/2022 12:16
KB_22_42644_29,Male,Killingbeck,2022,05/01/2022,15:26:01,-67.570757,-68.069363,05/01/2022 15:26,05/01/2022 12:26
KB_22_42644_29,Male,Killingbeck,2022,05/01/2022,15:36:00,-67.570655,-68.069662,05/01/2022 15:36,05/01/2022 12:36
KB_22_42644_29,Male,Killingbeck,2022,05/01/2022,15:45:53,-67.570755,-68.069541,05/01/2022 15:45,05/01/2022 12:45
KB_22_42644_29,Male,Killingbeck,2022,05/01/2022,15:55:53,-67.57079,-68.069513,05/01/2022 15:55,05/01/2022 12:55
KB_22_42644_29,Male,Killingbeck,2022,05/01/2022,16:05:52,-67.570619,-68.069556,05/01/2022 16:05,05/01/2022 13:05
KB_22_42644_29,Male,Killingbeck,2022,05/01/2022,16:15:47,-67.570667,-68.06959,05/01/2022 16:15,05/01/2022 13:15
KB_22_42644_29,Male,Killingbeck,2022,05/01/2022,16:25:45,-67.570731,-68.06966,05/01/2022 16:25,05/01/2022 13:25
KB_22_42644_29,Male,Killingbeck,2022,05/01/2022,16:35:44,-67.570752,-68.069675,05/01/2022 16:35,05/01/2022 13:35
KB_22_42644_29,Male,Killingbeck,2022,05/01/2022,16:45:38,-67.570584,-68.06943,05/01/2022 16:45,05/01/2022 13:45
KB_22_42644_29,Male,Killingbeck,2022,05/01/2022,16:55:37,-67.570748,-68.069641,05/01/2022 16:55,05/01/2022 13:55
KB_22_42644_29,Male,Killingbeck,2022,05/01/2022,17:05:45,-67.570812,-68.069449,05/01/2022 17:05,05/01/2022 14:05
KB_22_42644_29,Male,Killingbeck,2022,05/01/2022,17:15:32,-67.571398,-68.070878,05/01/2022 17:15,05/01/2022 14:15
KB_22_42644_29,Male,Killingbeck,2022,05/01/2022,17:25:29,-67.570791,-68.0696,05/01/2022 17:25,05/01/2022 14:25
KB_22_42644_29,Male,Killingbeck,2022,05/01/2022,17:35:28,-67.570742,-68.069709,05/01/2022 17:35,05/01/2022 14:35
KB_22_42644_29,Male,Killingbeck,2022,05/01/2022,17:45:35,-67.570764,-68.069601,05/01/2022 17:45,05/01/2022 14:45
KB_22_42644_29,Male,Killingbeck,2022,05/01/2022,17:55:21,-67.570768,-68.069791,05/01/2022 17:55,05/01/2022 14:55
KB_22_42644_29,Male,Killingbeck,2022,05/01/2022,18:05:20,-67.570776,-68.069799,05/01/2022 18:05,05/01/2022 15:05
KB_22_42644_29,Male,Killingbeck,2022,05/01/2022,18:15:17,-67.57076,-68.069743,05/01/2022 18:15,05/01/2022 15:15
KB_22_42644_29,Male,Killingbeck,2022,05/01/2022,18:25:22,-67.570657,-68.069534,05/01/2022 18:25,05/01/2022 15:25
KB_22_42644_29,Male,Killingbeck,2022,05/01/2022,18:35:27,-67.570774,-68.069669,05/01/2022 18:35,05/01/2022 15:35
KB_22_42644_29,Male,Killingbeck,2022,05/01/2022,18:45:06,-67.570747,-68.069668,05/01/2022 18:45,05/01/2022 15:45
KB_22_42644_29,Male,Killingbeck,2022,05/01/2022,18:55:05,-67.570789,-68.069831,05/01/2022 18:55,05/01/2022 15:55
KB_22_42644_29,Male,Killingbeck,2022,05/01/2022,19:05:04,-67.570763,-68.069544,05/01/2022 19:05,05/01/2022 16:05
KB_22_42644_29,Male,Killingbeck,2022,05/01/2022,19:14:59,-67.570737,-68.069677,05/01/2022 19:14,05/01/2022 16:14
KB_22_42644_29,Male,Killingbeck,2022,05/01/2022,19:24:57,-67.570517,-68.069402,05/01/2022 19:24,05/01/2022 16:24
KB_22_42644_29,Male,Killingbeck,2022,05/01/2022,19:35:01,-67.570714,-68.068396,05/01/2022 19:35,05/01/2022 16:35
KB_22_42644_29,Male,Killingbeck,2022,05/01/2022,19:44:54,-67.570482,-68.068976,05/01/2022 19:44,05/01/2022 16:44
KB_22_42644_29,Male,Killingbeck,2022,05/01/2022,19:55:01,-67.570743,-68.068985,05/01/2022 19:55,05/01/2022 16:55
KB_22_42644_29,Male,Killingbeck,2022,05/01/2022,20:04:49,-67.5972,-68.081433,05/01/2022 20:04,05/01/2022 17:04
KB_22_42644_29,Male,Killingbeck,2022,05/01/2022,20:14:44,-67.570728,-68.069648,05/01/2022 20:14,05/01/2022 17:14
KB_22_42644_29,Male,Killingbeck,2022,05/01/2022,20:24:43,-67.570761,-68.069505,05/01/2022 20:24,05/01/2022 17:24
KB_22_42644_29,Male,Killingbeck,2022,05/01/2022,20:34:44,-67.570885,-68.069954,05/01/2022 20:34,05/01/2022 17:34
KB_22_42644_29,Male,Killingbeck,2022,05/01/2022,20:44:40,-67.570594,-68.069163,05/01/2022 20:44,05/01/2022 17:44
KB_22_42644_29,Male,Killingbeck,2022,05/01/2022,20:54:35,-67.570583,-68.069001,05/01/2022 20:54,05/01/2022 17:54
KB_22_42644_29,Male,Killingbeck,2022,05/01/2022,21:04:34,-67.570738,-68.069619,05/01/2022 21:04,05/01/2022 18:04
KB_22_42644_29,Male,Killingbeck,2022,05/01/2022,21:14:28,-67.570685,-68.069387,05/01/2022 21:14,05/01/2022 18:14
KB_22_42644_29,Male,Killingbeck,2022,05/01/2022,21:24:26,-67.570705,-68.06945,05/01/2022 21:24,05/01/2022 18:24
KB_22_42644_29,Male,Killingbeck,2022,05/01/2022,21:34:26,-67.570739,-68.069453,05/01/2022 21:34,05/01/2022 18:34
KB_22_42644_29,Male,Killingbeck,2022,05/01/2022,21:44:23,-67.570666,-68.069344,05/01/2022 21:44,05/01/2022 18:44
KB_22_42644_29,Male,Killingbeck,2022,05/01/2022,21:54:19,-67.570677,-68.069303,05/01/2022 21:54,05/01/2022 18:54
KB_22_42644_29,Male,Killingbeck,2022,05/01/2022,22:04:18,-67.570654,-68.069199,05/01/2022 22:04,05/01/2022 19:04
KB_22_42644_29,Male,Killingbeck,2022,05/01/2022,22:14:13,-67.570672,-68.069207,05/01/2022 22:14,05/01/2022 19:14
KB_22_42644_29,Male,Killingbeck,2022,05/01/2022,22:24:12,-67.570612,-68.068971,05/01/2022 22:24,05/01/2022 19:24
KB_22_42644_29,Male,Killingbeck,2022,05/01/2022,22:34:13,-67.570404,-68.068466,05/01/2022 22:34,05/01/2022 19:34
KB_22_42644_29,Male,Killingbeck,2022,05/01/2022,22:44:07,-67.570442,-68.068437,05/01/2022 22:44,05/01/2022 19:44
KB_22_42644_29,Male,Killingbeck,2022,05/01/2022,22:54:06,-67.570599,-68.068852,05/01/2022 22:54,05/01/2022 19:54
KB_22_42644_29,Male,Killingbeck,2022,05/01/2022,23:04:03,-67.570729,-68.069283,05/01/2022 23:04,05/01/2022 20:04
KB_22_42644_29,Male,Killingbeck,2022,05/01/2022,23:14:09,-67.571073,-68.068105,05/01/2022 23:14,05/01/2022 20:14
KB_22_42644_29,Male,Killingbeck,2022,05/01/2022,23:23:58,-67.570519,-68.069998,05/01/2022 23:23,05/01/2022 20:23
KB_22_42644_29,Male,Killingbeck,2022,05/01/2022,23:33:57,-67.570771,-68.069369,05/01/2022 23:33,05/01/2022 20:33
KB_22_42644_29,Male,Killingbeck,2022,05/01/2022,23:44:02,-67.570733,-68.069418,05/01/2022 23:44,05/01/2022 20:44
KB_22_42644_29,Male,Killingbeck,2022,05/01/2022,23:53:48,-67.538871,-68.040993,05/01/2022 23:53,05/01/2022 20:53
KB_22_42644_29,Male,Killingbeck,2022,04/01/2022,00:13:49,-67.570765,-68.0695,04/01/2022 00:13,03/01/2022 21:13
KB_22_42644_29,Male,Killingbeck,2022,04/01/2022,00:23:57,-67.570673,-68.069417,04/01/2022 00:23,03/01/2022 21:23
KB_22_42644_29,Male,Killingbeck,2022,04/01/2022,00:33:43,-67.571111,-68.069419,04/01/2022 00:33,03/01/2022 21:33
KB_22_42644_29,Male,Killingbeck,2022,04/01/2022,00:43:42,-67.570659,-68.069455,04/01/2022 00:43,03/01/2022 21:43
KB_22_42644_29,Male,Killingbeck,2022,04/01/2022,00:53:41,-67.570591,-68.069235,04/01/2022 00:53,03/01/2022 21:53
KB_22_42644_29,Male,Killingbeck,2022,04/01/2022,01:03:41,-67.570882,-68.069429,04/01/2022 01:03,03/01/2022 22:03
KB_22_42644_29,Male,Killingbeck,2022,04/01/2022,01:13:36,-67.570711,-68.069521,04/01/2022 01:13,03/01/2022 22:13
KB_22_42644_29,Male,Killingbeck,2022,04/01/2022,01:23:36,-67.570543,-68.070219,04/01/2022 01:23,03/01/2022 22:23
KB_22_42644_29,Male,Killingbeck,2022,04/01/2022,01:33:34,-67.570785,-68.069558,04/01/2022 01:33,03/01/2022 22:33
KB_22_42644_29,Male,Killingbeck,2022,04/01/2022,01:43:37,-67.572981,-68.069031,04/01/2022 01:43,03/01/2022 22:43
KB_22_42644_29,Male,Killingbeck,2022,04/01/2022,01:53:32,-67.567129,-68.092268,04/01/2022 01:53,03/01/2022 22:53
KB_22_42644_29,Male,Killingbeck,2022,04/01/2022,02:03:47,0,0,04/01/2022 02:03,03/01/2022 23:03
KB_22_42644_29,Male,Killingbeck,2022,04/01/2022,02:13:29,-67.482879,-68.001284,04/01/2022 02:13,03/01/2022 23:13
KB_22_42644_29,Male,Killingbeck,2022,04/01/2022,02:23:25,-67.439497,-67.920737,04/01/2022 02:23,03/01/2022 23:23
KB_22_42644_29,Male,Killingbeck,2022,04/01/2022,02:33:23,-67.440162,-67.924591,04/01/2022 02:33,03/01/2022 23:33
KB_22_42644_29,Male,Killingbeck,2022,04/01/2022,02:43:22,-67.440764,-67.925507,04/01/2022 02:43,03/01/2022 23:43
KB_22_42644_29,Male,Killingbeck,2022,04/01/2022,02:53:19,-67.440773,-67.92582,04/01/2022 02:53,03/01/2022 23:53
KB_22_42644_29,Male,Killingbeck,2022,04/01/2022,03:03:47,-67.439663,-67.925556,04/01/2022 03:03,04/01/2022 00:03
KB_22_42644_29,Male,Killingbeck,2022,04/01/2022,03:13:54,-67.4383,-67.922273,04/01/2022 03:13,04/01/2022 00:13
KB_22_42644_29,Male,Killingbeck,2022,04/01/2022,03:23:48,-67.439635,-67.923387,04/01/2022 03:23,04/01/2022 00:23
KB_22_42644_29,Male,Killingbeck,2022,04/01/2022,03:33:47,-67.440723,-67.925582,04/01/2022 03:33,04/01/2022 00:33
KB_22_42644_29,Male,Killingbeck,2022,04/01/2022,03:43:46,-67.440812,-67.926018,04/01/2022 03:43,04/01/2022 00:43
KB_22_42644_29,Male,Killingbeck,2022,04/01/2022,03:53:40,-67.442242,-67.929268,04/01/2022 03:53,04/01/2022 00:53
KB_22_42644_29,Male,Killingbeck,2022,04/01/2022,04:03:40,-67.44141,-67.929022,04/01/2022 04:03,04/01/2022 01:03
KB_22_42644_29,Male,Killingbeck,2022,04/01/2022,04:13:39,-67.440282,-67.915887,04/01/2022 04:13,04/01/2022 01:13
KB_22_42644_29,Male,Killingbeck,2022,04/01/2022,04:23:33,-67.453765,-67.919604,04/01/2022 04:23,04/01/2022 01:23
KB_22_42644_29,Male,Killingbeck,2022,04/01/2022,04:33:33,-67.453743,-67.919813,04/01/2022 04:33,04/01/2022 01:33
KB_22_42644_29,Male,Killingbeck,2022,04/01/2022,04:43:32,-67.453806,-67.919593,04/01/2022 04:43,04/01/2022 01:43
KB_22_42644_29,Male,Killingbeck,2022,04/01/2022,04:53:25,-67.454232,-67.920078,04/01/2022 04:53,04/01/2022 01:53
KB_22_42644_29,Male,Killingbeck,2022,04/01/2022,05:03:24,-67.499347,-68.00928,04/01/2022 05:03,04/01/2022 02:03
KB_22_42644_29,Male,Killingbeck,2022,04/01/2022,05:13:24,-67.517219,-68.048412,04/01/2022 05:13,04/01/2022 02:13
KB_22_42644_29,Male,Killingbeck,2022,04/01/2022,05:23:17,-67.516881,-68.045904,04/01/2022 05:23,04/01/2022 02:23
KB_22_42644_29,Male,Killingbeck,2022,04/01/2022,05:33:16,-67.567208,-68.073428,04/01/2022 05:33,04/01/2022 02:33
KB_22_42644_29,Male,Killingbeck,2022,04/01/2022,05:43:17,-67.570702,-68.06961,04/01/2022 05:43,04/01/2022 02:43
KB_22_42644_29,Male,Killingbeck,2022,04/01/2022,05:53:13,-67.570586,-68.069731,04/01/2022 05:53,04/01/2022 02:53
KB_22_42644_29,Male,Killingbeck,2022,04/01/2022,06:03:20,-67.570895,-68.069549,04/01/2022 06:03,04/01/2022 03:03
KB_22_42644_29,Male,Killingbeck,2022,04/01/2022,06:13:10,-67.570557,-68.069568,04/01/2022 06:13,04/01/2022 03:13
KB_22_42644_29,Male,Killingbeck,2022,04/01/2022,06:23:02,-67.570693,-68.069652,04/01/2022 06:23,04/01/2022 03:23
KB_22_42644_29,Male,Killingbeck,2022,04/01/2022,06:33:00,-67.570587,-68.069374,04/01/2022 06:33,04/01/2022 03:33
KB_22_42644_29,Male,Killingbeck,2022,04/01/2022,06:42:59,-67.570435,-68.069449,04/01/2022 06:42,04/01/2022 03:42
KB_22_42644_29,Male,Killingbeck,2022,04/01/2022,06:52:53,-67.57034,-68.069406,04/01/2022 06:52,04/01/2022 03:52
KB_22_42644_29,Male,Killingbeck,2022,04/01/2022,07:02:53,-67.570315,-68.069147,04/01/2022 07:02,04/01/2022 04:02
KB_22_42644_29,Male,Killingbeck,2022,04/01/2022,07:12:52,-67.570787,-68.069217,04/01/2022 07:12,04/01/2022 04:12
KB_22_42644_29,Male,Killingbeck,2022,04/01/2022,07:22:45,-67.570659,-68.069481,04/01/2022 07:22,04/01/2022 04:22
KB_22_42644_29,Male,Killingbeck,2022,04/01/2022,07:32:44,-67.570672,-68.069483,04/01/2022 07:32,04/01/2022 04:32
KB_22_42644_29,Male,Killingbeck,2022,04/01/2022,07:42:44,-67.5707,-68.069439,04/01/2022 07:42,04/01/2022 04:42
KB_22_42644_29,Male,Killingbeck,2022,04/01/2022,07:52:39,-67.570872,-68.069541,04/01/2022 07:52,04/01/2022 04:52
KB_22_42644_29,Male,Killingbeck,2022,04/01/2022,08:02:37,-67.570719,-68.069668,04/01/2022 08:02,04/01/2022 05:02
KB_22_42644_29,Male,Killingbeck,2022,04/01/2022,08:12:37,-67.570629,-68.069554,04/01/2022 08:12,04/01/2022 05:12
KB_22_42644_29,Male,Killingbeck,2022,04/01/2022,08:22:31,-67.570571,-68.069445,04/01/2022 08:22,04/01/2022 05:22
KB_22_42644_29,Male,Killingbeck,2022,04/01/2022,08:32:30,-67.570728,-68.069535,04/01/2022 08:32,04/01/2022 05:32
KB_22_42644_29,Male,Killingbeck,2022,04/01/2022,08:42:31,-67.570607,-68.069611,04/01/2022 08:42,04/01/2022 05:42
KB_22_42644_29,Male,Killingbeck,2022,04/01/2022,08:52:25,-67.570602,-68.069532,04/01/2022 08:52,04/01/2022 05:52
KB_22_42644_29,Male,Killingbeck,2022,04/01/2022,09:02:24,-67.570667,-68.06955,04/01/2022 09:02,04/01/2022 06:02
KB_22_42644_29,Male,Killingbeck,2022,04/01/2022,09:12:21,-67.570656,-68.069576,04/01/2022 09:12,04/01/2022 06:12
KB_22_42644_29,Male,Killingbeck,2022,04/01/2022,09:22:15,-67.570635,-68.069493,04/01/2022 09:22,04/01/2022 06:22
KB_22_42644_29,Male,Killingbeck,2022,04/01/2022,09:32:17,-67.570755,-68.070004,04/01/2022 09:32,04/01/2022 06:32
KB_22_42644_29,Male,Killingbeck,2022,04/01/2022,09:42:14,-67.570744,-68.069949,04/01/2022 09:42,04/01/2022 06:42
KB_22_42644_29,Male,Killingbeck,2022,04/01/2022,09:52:07,-67.570701,-68.069546,04/01/2022 09:52,04/01/2022 06:52
KB_22_42644_29,Male,Killingbeck,2022,04/01/2022,10:02:06,-67.570615,-68.069375,04/01/2022 10:02,04/01/2022 07:02
KB_22_42644_29,Male,Killingbeck,2022,04/01/2022,10:12:05,-67.57057,-68.069605,04/01/2022 10:12,04/01/2022 07:12
KB_22_42644_29,Male,Killingbeck,2022,04/01/2022,10:21:59,-67.570626,-68.06926,04/01/2022 10:21,04/01/2022 07:21
KB_22_42644_29,Male,Killingbeck,2022,04/01/2022,10:31:59,-67.57043,-68.069429,04/01/2022 10:31,04/01/2022 07:31
KB_22_42644_29,Male,Killingbeck,2022,04/01/2022,10:41:58,-67.570442,-68.069349,04/01/2022 10:41,04/01/2022 07:41
KB_22_42644_29,Male,Killingbeck,2022,04/01/2022,10:51:52,-67.570531,-68.069402,04/01/2022 10:51,04/01/2022 07:51
KB_22_42644_29,Male,Killingbeck,2022,04/01/2022,11:01:51,-67.570559,-68.06931,04/01/2022 11:01,04/01/2022 08:01
KB_22_42644_29,Male,Killingbeck,2022,04/01/2022,11:11:50,-67.570561,-68.069451,04/01/2022 11:11,04/01/2022 08:11
KB_22_42644_29,Male,Killingbeck,2022,04/01/2022,11:21:44,-67.570636,-68.06915,04/01/2022 11:21,04/01/2022 08:21
KB_22_42644_29,Male,Killingbeck,2022,04/01/2022,11:31:45,-67.570742,-68.069307,04/01/2022 11:31,04/01/2022 08:31
KB_22_42644_29,Male,Killingbeck,2022,04/01/2022,11:41:42,-67.570673,-68.069615,04/01/2022 11:41,04/01/2022 08:41
KB_22_42644_29,Male,Killingbeck,2022,04/01/2022,11:51:36,-67.570713,-68.069592,04/01/2022 11:51,04/01/2022 08:51
KB_22_42644_29,Male,Killingbeck,2022,04/01/2022,12:01:36,-67.571317,-68.069398,04/01/2022 12:01,04/01/2022 09:01
KB_22_42644_29,Male,Killingbeck,2022,04/01/2022,12:11:34,-67.570738,-68.069527,04/01/2022 12:11,04/01/2022 09:11
KB_22_42644_29,Male,Killingbeck,2022,04/01/2022,12:21:31,-67.570601,-68.069499,04/01/2022 12:21,04/01/2022 09:21
KB_22_42644_29,Male,Killingbeck,2022,04/01/2022,12:31:28,-67.570748,-68.06961,04/01/2022 12:31,04/01/2022 09:31
KB_22_42644_29,Male,Killingbeck,2022,04/01/2022,12:41:28,-67.570689,-68.069549,04/01/2022 12:41,04/01/2022 09:41
KB_22_42644_29,Male,Killingbeck,2022,04/01/2022,12:51:20,-67.570707,-68.069576,04/01/2022 12:51,04/01/2022 09:51
KB_22_42644_29,Male,Killingbeck,2022,04/01/2022,13:01:20,-67.57061,-68.069478,04/01/2022 13:01,04/01/2022 10:01
KB_22_42644_29,Male,Killingbeck,2022,04/01/2022,13:11:18,-67.57068,-68.069533,04/01/2022 13:11,04/01/2022 10:11
KB_22_42644_29,Male,Killingbeck,2022,04/01/2022,13:21:14,-67.570681,-68.069592,04/01/2022 13:21,04/01/2022 10:21
KB_22_42644_29,Male,Killingbeck,2022,04/01/2022,13:31:13,-67.570679,-68.069433,04/01/2022 13:31,04/01/2022 10:31
KB_22_42644_29,Male,Killingbeck,2022,04/01/2022,13:41:13,-67.570687,-68.069444,04/01/2022 13:41,04/01/2022 10:41
KB_22_42644_29,Male,Killingbeck,2022,04/01/2022,13:51:05,-67.570643,-68.069475,04/01/2022 13:51,04/01/2022 10:51
KB_22_42644_29,Male,Killingbeck,2022,04/01/2022,14:01:05,-67.570677,-68.069373,04/01/2022 14:01,04/01/2022 11:01
KB_22_42644_29,Male,Killingbeck,2022,04/01/2022,14:11:17,-67.570569,-68.069445,04/01/2022 14:11,04/01/2022 11:11
KB_22_42644_29,Male,Killingbeck,2022,04/01/2022,14:21:00,-67.57082,-68.06926,04/01/2022 14:21,04/01/2022 11:21
KB_22_42644_29,Male,Killingbeck,2022,04/01/2022,14:30:57,-67.570725,-68.069502,04/01/2022 14:30,04/01/2022 11:30
KB_22_42644_29,Male,Killingbeck,2022,04/01/2022,14:40:56,-67.570633,-68.069441,04/01/2022 14:40,04/01/2022 11:40
KB_22_42644_29,Male,Killingbeck,2022,04/01/2022,14:50:49,-67.57076,-68.069573,04/01/2022 14:50,04/01/2022 11:50
KB_22_42644_29,Male,Killingbeck,2022,04/01/2022,15:00:50,-67.571233,-68.072162,04/01/2022 15:00,04/01/2022 12:00
KB_22_42644_29,Male,Killingbeck,2022,04/01/2022,15:10:48,-67.570694,-68.068959,04/01/2022 15:10,04/01/2022 12:10
KB_22_42644_29,Male,Killingbeck,2022,04/01/2022,15:20:42,-67.570716,-68.069646,04/01/2022 15:20,04/01/2022 12:20
KB_22_42644_29,Male,Killingbeck,2022,04/01/2022,15:30:41,-67.570746,-68.069598,04/01/2022 15:30,04/01/2022 12:30
KB_22_42644_29,Male,Killingbeck,2022,04/01/2022,15:40:40,-67.570719,-68.069825,04/01/2022 15:40,04/01/2022 12:40
KB_22_42644_29,Male,Killingbeck,2022,04/01/2022,15:50:35,-67.570718,-68.069703,04/01/2022 15:50,04/01/2022 12:50
KB_22_42644_29,Male,Killingbeck,2022,04/01/2022,16:00:33,-67.570732,-68.069581,04/01/2022 16:00,04/01/2022 13:00
KB_22_42644_29,Male,Killingbeck,2022,04/01/2022,16:10:35,-67.57068,-68.069675,04/01/2022 16:10,04/01/2022 13:10
KB_22_42644_29,Male,Killingbeck,2022,04/01/2022,16:20:27,-67.570791,-68.069443,04/01/2022 16:20,04/01/2022 13:20
KB_22_42644_29,Male,Killingbeck,2022,04/01/2022,16:30:28,-67.569355,-68.071823,04/01/2022 16:30,04/01/2022 13:30
KB_22_42644_29,Male,Killingbeck,2022,04/01/2022,16:40:27,-67.570426,-68.069914,04/01/2022 16:40,04/01/2022 13:40
KB_22_42644_29,Male,Killingbeck,2022,04/01/2022,16:50:18,-67.5707,-68.069568,04/01/2022 16:50,04/01/2022 13:50
KB_22_42644_29,Male,Killingbeck,2022,04/01/2022,17:00:19,-67.570773,-68.069464,04/01/2022 17:00,04/01/2022 14:00
KB_22_42644_29,Male,Killingbeck,2022,04/01/2022,17:10:20,-67.571048,-68.069774,04/01/2022 17:10,04/01/2022 14:10
KB_22_42644_29,Male,Killingbeck,2022,04/01/2022,17:20:14,-67.571001,-68.069976,04/01/2022 17:20,04/01/2022 14:20
KB_22_42644_29,Male,Killingbeck,2022,04/01/2022,17:30:11,-67.57079,-68.06964,04/01/2022 17:30,04/01/2022 14:30
KB_22_42644_29,Male,Killingbeck,2022,04/01/2022,17:40:10,-67.570748,-68.069638,04/01/2022 17:40,04/01/2022 14:40
KB_22_42644_29,Male,Killingbeck,2022,04/01/2022,17:50:04,-67.570544,-68.069308,04/01/2022 17:50,04/01/2022 14:50
KB_22_42644_29,Male,Killingbeck,2022,04/01/2022,18:00:05,-67.570732,-68.069677,04/01/2022 18:00,04/01/2022 15:00
KB_22_42644_29,Male,Killingbeck,2022,04/01/2022,18:10:04,-67.570966,-68.06976,04/01/2022 18:10,04/01/2022 15:10
KB_22_42644_29,Male,Killingbeck,2022,04/01/2022,18:19:56,-67.570747,-68.069887,04/01/2022 18:19,04/01/2022 15:19
KB_22_42644_29,Male,Killingbeck,2022,04/01/2022,18:29:57,-67.570903,-68.069847,04/01/2022 18:29,04/01/2022 15:29
KB_22_42644_29,Male,Killingbeck,2022,04/01/2022,18:39:56,-67.570911,-68.069909,04/01/2022 18:39,04/01/2022 15:39
KB_22_42644_29,Male,Killingbeck,2022,04/01/2022,18:49:48,-67.570676,-68.069808,04/01/2022 18:49,04/01/2022 15:49
KB_22_42644_29,Male,Killingbeck,2022,04/01/2022,18:59:48,-67.570866,-68.069874,04/01/2022 18:59,04/01/2022 15:59
KB_22_42644_29,Male,Killingbeck,2022,04/01/2022,19:09:47,-67.570249,-68.068311,04/01/2022 19:09,04/01/2022 16:09
KB_22_42644_29,Male,Killingbeck,2022,04/01/2022,19:19:41,-67.570365,-68.068836,04/01/2022 19:19,04/01/2022 16:19
KB_22_42644_29,Male,Killingbeck,2022,04/01/2022,19:29:39,-67.570595,-68.069547,04/01/2022 19:29,04/01/2022 16:29
KB_22_42644_29,Male,Killingbeck,2022,04/01/2022,19:39:39,-67.573406,-68.068225,04/01/2022 19:39,04/01/2022 16:39
KB_22_42644_29,Male,Killingbeck,2022,04/01/2022,19:49:35,-67.572458,-68.069239,04/01/2022 19:49,04/01/2022 16:49
KB_22_42644_29,Male,Killingbeck,2022,04/01/2022,19:59:33,-67.573877,-68.069906,04/01/2022 19:59,04/01/2022 16:59
KB_22_42644_29,Male,Killingbeck,2022,04/01/2022,20:09:35,-67.570606,-68.069551,04/01/2022 20:09,04/01/2022 17:09
KB_22_42644_29,Male,Killingbeck,2022,04/01/2022,20:19:25,-67.570586,-68.069547,04/01/2022 20:19,04/01/2022 17:19
KB_22_42644_29,Male,Killingbeck,2022,04/01/2022,20:29:24,-67.570613,-68.06958,04/01/2022 20:29,04/01/2022 17:29
KB_22_42644_29,Male,Killingbeck,2022,04/01/2022,20:39:27,-67.570888,-68.069929,04/01/2022 20:39,04/01/2022 17:39
KB_22_42644_29,Male,Killingbeck,2022,04/01/2022,20:49:19,-67.570928,-68.070287,04/01/2022 20:49,04/01/2022 17:49
KB_22_42644_29,Male,Killingbeck,2022,04/01/2022,20:59:30,-67.571068,-68.071142,04/01/2022 20:59,04/01/2022 17:59
KB_22_42644_29,Male,Killingbeck,2022,04/01/2022,21:09:18,-67.571116,-68.066936,04/01/2022 21:09,04/01/2022 18:09
KB_22_42644_29,Male,Killingbeck,2022,04/01/2022,21:19:18,-67.569917,-68.066091,04/01/2022 21:19,04/01/2022 18:19
KB_22_42644_29,Male,Killingbeck,2022,04/01/2022,21:29:09,-67.568561,-68.074761,04/01/2022 21:29,04/01/2022 18:29
KB_22_42644_29,Male,Killingbeck,2022,04/01/2022,21:39:08,-67.570579,-68.069642,04/01/2022 21:39,04/01/2022 18:39
KB_22_42644_29,Male,Killingbeck,2022,04/01/2022,21:49:01,-67.569499,-68.067888,04/01/2022 21:49,04/01/2022 18:49
KB_22_42644_29,Male,Killingbeck,2022,04/01/2022,21:59:01,-67.570744,-68.069404,04/01/2022 21:59,04/01/2022 18:59
KB_22_42644_29,Male,Killingbeck,2022,04/01/2022,22:08:59,-67.5666,-68.065797,04/01/2022 22:08,04/01/2022 19:08
KB_22_42644_29,Male,Killingbeck,2022,04/01/2022,22:18:54,-67.561616,-68.069789,04/01/2022 22:18,04/01/2022 19:18
KB_22_42644_29,Male,Killingbeck,2022,04/01/2022,22:29:01,-67.570447,-68.070078,04/01/2022 22:29,04/01/2022 19:29
KB_22_42644_29,Male,Killingbeck,2022,04/01/2022,22:38:51,-67.570611,-68.069021,04/01/2022 22:38,04/01/2022 19:38
KB_22_42644_29,Male,Killingbeck,2022,04/01/2022,22:48:44,-67.562465,-68.071648,04/01/2022 22:48,04/01/2022 19:48
KB_22_42644_29,Male,Killingbeck,2022,04/01/2022,22:58:45,-67.561661,-68.070619,04/01/2022 22:58,04/01/2022 19:58
KB_22_42644_29,Male,Killingbeck,2022,04/01/2022,23:08:43,-67.56106,-68.070924,04/01/2022 23:08,04/01/2022 20:08
KB_22_42644_29,Male,Killingbeck,2022,04/01/2022,23:18:39,-67.531597,-68.052476,04/01/2022 23:18,04/01/2022 20:18
KB_22_42644_29,Male,Killingbeck,2022,04/01/2022,23:28:36,-67.452354,-67.914963,04/01/2022 23:28,04/01/2022 20:28
KB_22_42644_29,Male,Killingbeck,2022,04/01/2022,23:38:35,-67.438305,-67.921154,04/01/2022 23:38,04/01/2022 20:38
KB_22_42644_29,Male,Killingbeck,2022,04/01/2022,23:48:30,-67.440258,-67.915746,04/01/2022 23:48,04/01/2022 20:48
KB_22_42644_29,Male,Killingbeck,2022,04/01/2022,23:58:29,-67.440255,-67.915678,04/01/2022 23:58,04/01/2022 20:58
KB_22_42657_19,Male,Killingbeck,2022,04/01/2022,00:07:13,-67.570671,-68.069507,04/01/2022 00:07,03/01/2022 21:07
KB_22_42657_19,Male,Killingbeck,2022,04/01/2022,00:17:07,-67.57066,-68.069342,04/01/2022 00:17,03/01/2022 21:17
KB_22_42657_19,Male,Killingbeck,2022,04/01/2022,00:27:06,-67.570695,-68.069483,04/01/2022 00:27,03/01/2022 21:27
KB_22_42657_19,Male,Killingbeck,2022,04/01/2022,00:37:06,-67.570729,-68.069287,04/01/2022 00:37,03/01/2022 21:37
KB_22_42657_19,Male,Killingbeck,2022,04/01/2022,00:47:04,-67.57065,-68.069341,04/01/2022 00:47,03/01/2022 21:47
KB_22_42657_19,Male,Killingbeck,2022,04/01/2022,00:57:03,-67.570638,-68.06949,04/01/2022 00:57,03/01/2022 21:57
KB_22_42657_19,Male,Killingbeck,2022,04/01/2022,01:07:02,-67.570698,-68.069443,04/01/2022 01:07,03/01/2022 22:07
KB_22_42657_19,Male,Killingbeck,2022,04/01/2022,01:17:01,-67.570689,-68.069375,04/01/2022 01:17,03/01/2022 22:17
KB_22_42657_19,Male,Killingbeck,2022,04/01/2022,01:27:00,-67.570562,-68.069415,04/01/2022 01:27,03/01/2022 22:27
KB_22_42657_19,Male,Killingbeck,2022,04/01/2022,01:36:59,-67.569389,-68.067818,04/01/2022 01:36,03/01/2022 22:36
KB_22_42657_19,Male,Killingbeck,2022,04/01/2022,01:46:55,-67.480473,-67.991949,04/01/2022 01:46,03/01/2022 22:46
KB_22_42657_19,Male,Killingbeck,2022,04/01/2022,01:57:40,-67.452143,-67.94854,04/01/2022 01:57,03/01/2022 22:57
KB_22_42657_19,Male,Killingbeck,2022,04/01/2022,02:07:40,-67.445396,-67.933839,04/01/2022 02:07,03/01/2022 23:07
KB_22_42657_19,Male,Killingbeck,2022,04/01/2022,02:17:37,-67.44539,-67.934117,04/01/2022 02:17,03/01/2022 23:17
KB_22_42657_19,Male,Killingbeck,2022,04/01/2022,02:27:36,-67.445354,-67.934205,04/01/2022 02:27,03/01/2022 23:27
KB_22_42657_19,Male,Killingbeck,2022,04/01/2022,02:37:35,-67.445584,-67.933727,04/01/2022 02:37,03/01/2022 23:37
KB_22_42657_19,Male,Killingbeck,2022,04/01/2022,02:47:31,-67.445619,-67.933731,04/01/2022 02:47,03/01/2022 23:47
KB_22_42657_19,Male,Killingbeck,2022,04/01/2022,02:57:27,-67.445509,-67.933509,04/01/2022 02:57,03/01/2022 23:57
KB_22_42657_19,Male,Killingbeck,2022,04/01/2022,03:07:27,-67.445626,-67.935146,04/01/2022 03:07,04/01/2022 00:07
KB_22_42657_19,Male,Killingbeck,2022,04/01/2022,03:17:23,-67.444901,-67.933699,04/01/2022 03:17,04/01/2022 00:17
KB_22_42657_19,Male,Killingbeck,2022,04/01/2022,03:27:21,-67.446301,-67.934503,04/01/2022 03:27,04/01/2022 00:27
KB_22_42657_19,Male,Killingbeck,2022,04/01/2022,03:37:20,-67.446224,-67.934508,04/01/2022 03:37,04/01/2022 00:37
KB_22_42657_19,Male,Killingbeck,2022,04/01/2022,03:48:19,-67.447152,-67.940044,04/01/2022 03:48,04/01/2022 00:48
KB_22_42657_19,Male,Killingbeck,2022,04/01/2022,03:58:16,-67.446677,-67.936259,04/01/2022 03:58,04/01/2022 00:58
KB_22_42657_19,Male,Killingbeck,2022,04/01/2022,04:08:18,-67.444809,-67.933809,04/01/2022 04:08,04/01/2022 01:08
KB_22_42657_19,Male,Killingbeck,2022,04/01/2022,04:18:11,-67.445638,-67.933487,04/01/2022 04:18,04/01/2022 01:18
KB_22_42657_19,Male,Killingbeck,2022,04/01/2022,04:28:10,-67.445443,-67.93332,04/01/2022 04:28,04/01/2022 01:28
KB_22_42657_19,Male,Killingbeck,2022,04/01/2022,04:38:09,-67.445483,-67.93329,04/01/2022 04:38,04/01/2022 01:38
KB_22_42657_19,Male,Killingbeck,2022,04/01/2022,04:48:03,-67.445486,-67.933323,04/01/2022 04:48,04/01/2022 01:48
KB_22_42657_19,Male,Killingbeck,2022,04/01/2022,04:58:02,-67.445572,-67.933358,04/01/2022 04:58,04/01/2022 01:58
KB_22_42657_19,Male,Killingbeck,2022,04/01/2022,05:08:01,-67.444034,-67.932953,04/01/2022 05:08,04/01/2022 02:08
KB_22_42657_19,Male,Killingbeck,2022,04/01/2022,05:17:58,-67.444947,-67.93273,04/01/2022 05:17,04/01/2022 02:17
KB_22_42657_19,Male,Killingbeck,2022,04/01/2022,05:27:57,-67.44498,-67.93275,04/01/2022 05:27,04/01/2022 02:27
KB_22_42657_19,Male,Killingbeck,2022,04/01/2022,05:37:56,-67.445131,-67.932767,04/01/2022 05:37,04/01/2022 02:37
KB_22_42657_19,Male,Killingbeck,2022,04/01/2022,05:47:50,-67.444836,-67.932896,04/01/2022 05:47,04/01/2022 02:47
KB_22_42657_19,Male,Killingbeck,2022,04/01/2022,05:57:50,-67.445307,-67.935233,04/01/2022 05:57,04/01/2022 02:57
KB_22_42657_19,Male,Killingbeck,2022,04/01/2022,06:07:51,-67.444389,-67.933401,04/01/2022 06:07,04/01/2022 03:07
KB_22_42657_19,Male,Killingbeck,2022,04/01/2022,06:17:44,-67.447694,-67.940665,04/01/2022 06:17,04/01/2022 03:17
KB_22_42657_19,Male,Killingbeck,2022,04/01/2022,06:29:10,-67.447502,-67.938994,04/01/2022 06:29,04/01/2022 03:29
KB_22_42657_19,Male,Killingbeck,2022,04/01/2022,06:38:59,-67.456678,-67.952881,04/01/2022 06:38,04/01/2022 03:38
KB_22_42657_19,Male,Killingbeck,2022,04/01/2022,06:49:00,-67.45383,-67.953056,04/01/2022 06:49,04/01/2022 03:49
KB_22_42657_19,Male,Killingbeck,2022,04/01/2022,06:58:58,-67.4543,-67.952771,04/01/2022 06:58,04/01/2022 03:58
KB_22_42657_19,Male,Killingbeck,2022,04/01/2022,07:08:58,-67.454658,-67.953609,04/01/2022 07:08,04/01/2022 04:08
KB_22_42657_19,Male,Killingbeck,2022,04/01/2022,07:19:44,-67.455505,-67.953988,04/01/2022 07:19,04/01/2022 04:19
KB_22_42657_19,Male,Killingbeck,2022,04/01/2022,07:29:42,-67.459722,-67.95471,04/01/2022 07:29,04/01/2022 04:29
KB_22_42657_19,Male,Killingbeck,2022,04/01/2022,07:39:41,-67.459649,-67.954723,04/01/2022 07:39,04/01/2022 04:39
KB_22_42657_19,Male,Killingbeck,2022,04/01/2022,07:49:37,-67.459799,-67.954568,04/01/2022 07:49,04/01/2022 04:49
KB_22_42657_19,Male,Killingbeck,2022,04/01/2022,07:59:36,-67.459819,-67.954576,04/01/2022 07:59,04/01/2022 04:59
KB_22_42657_19,Male,Killingbeck,2022,04/01/2022,08:09:34,-67.469145,-67.97052,04/01/2022 08:09,04/01/2022 05:09
KB_22_42657_19,Male,Killingbeck,2022,04/01/2022,08:19:28,-67.469024,-67.970247,04/01/2022 08:19,04/01/2022 05:19
KB_22_42657_19,Male,Killingbeck,2022,04/01/2022,08:29:27,-67.489433,-68.002418,04/01/2022 08:29,04/01/2022 05:29
KB_22_42657_19,Male,Killingbeck,2022,04/01/2022,08:39:26,-67.570643,-68.069443,04/01/2022 08:39,04/01/2022 05:39
KB_22_42657_19,Male,Killingbeck,2022,04/01/2022,08:49:20,-67.5706,-68.069463,04/01/2022 08:49,04/01/2022 05:49
KB_22_42657_19,Male,Killingbeck,2022,04/01/2022,08:59:34,-67.557902,-68.070127,04/01/2022 08:59,04/01/2022 05:59
KB_22_42657_19,Male,Killingbeck,2022,04/01/2022,09:09:28,-67.570565,-68.069381,04/01/2022 09:09,04/01/2022 06:09
KB_22_42657_19,Male,Killingbeck,2022,04/01/2022,09:19:14,-67.57074,-68.068964,04/01/2022 09:19,04/01/2022 06:19
KB_22_42657_19,Male,Killingbeck,2022,04/01/2022,09:29:10,-67.570526,-68.069383,04/01/2022 09:29,04/01/2022 06:29
KB_22_42657_19,Male,Killingbeck,2022,04/01/2022,09:39:09,-67.570579,-68.069331,04/01/2022 09:39,04/01/2022 06:39
KB_22_42657_19,Male,Killingbeck,2022,04/01/2022,09:49:04,-67.570554,-68.069434,04/01/2022 09:49,04/01/2022 06:49
KB_22_42657_19,Male,Killingbeck,2022,04/01/2022,09:59:02,-67.570634,-68.069196,04/01/2022 09:59,04/01/2022 06:59
KB_22_42657_19,Male,Killingbeck,2022,04/01/2022,10:09:01,-67.570554,-68.069323,04/01/2022 10:09,04/01/2022 07:09
KB_22_42657_19,Male,Killingbeck,2022,04/01/2022,10:18:56,-67.570606,-68.069291,04/01/2022 10:18,04/01/2022 07:18
KB_22_42657_19,Male,Killingbeck,2022,04/01/2022,10:28:54,-67.570514,-68.069146,04/01/2022 10:28,04/01/2022 07:28
KB_22_42657_19,Male,Killingbeck,2022,04/01/2022,10:38:53,-67.570837,-68.069143,04/01/2022 10:38,04/01/2022 07:38
KB_22_42657_19,Male,Killingbeck,2022,04/01/2022,10:48:48,-67.57074,-68.069061,04/01/2022 10:48,04/01/2022 07:48
KB_22_42657_19,Male,Killingbeck,2022,04/01/2022,10:58:47,-67.570532,-68.069144,04/01/2022 10:58,04/01/2022 07:58
KB_22_42657_19,Male,Killingbeck,2022,04/01/2022,11:08:47,-67.570757,-68.069306,04/01/2022 11:08,04/01/2022 08:08
KB_22_42657_19,Male,Killingbeck,2022,04/01/2022,11:18:41,-67.570783,-68.06923,04/01/2022 11:18,04/01/2022 08:18
KB_22_42657_19,Male,Killingbeck,2022,04/01/2022,11:28:40,-67.570759,-68.069291,04/01/2022 11:28,04/01/2022 08:28
KB_22_42657_19,Male,Killingbeck,2022,04/01/2022,11:38:53,-67.570771,-68.069359,04/01/2022 11:38,04/01/2022 08:38
KB_22_42657_19,Male,Killingbeck,2022,04/01/2022,11:48:32,-67.570788,-68.069437,04/01/2022 11:48,04/01/2022 08:48
KB_22_42657_19,Male,Killingbeck,2022,04/01/2022,11:58:31,-67.570772,-68.069448,04/01/2022 11:58,04/01/2022 08:58
KB_22_42657_19,Male,Killingbeck,2022,04/01/2022,12:08:32,-67.570988,-68.069638,04/01/2022 12:08,04/01/2022 09:08
KB_22_42657_19,Male,Killingbeck,2022,04/01/2022,12:18:24,-67.5707,-68.069601,04/01/2022 12:18,04/01/2022 09:18
KB_22_42657_19,Male,Killingbeck,2022,04/01/2022,12:28:22,-67.570733,-68.06955,04/01/2022 12:28,04/01/2022 09:28
KB_22_42657_19,Male,Killingbeck,2022,04/01/2022,12:38:21,-67.570565,-68.069597,04/01/2022 12:38,04/01/2022 09:38
KB_22_42657_19,Male,Killingbeck,2022,04/01/2022,12:48:15,-67.570642,-68.069603,04/01/2022 12:48,04/01/2022 09:48
KB_22_42657_19,Male,Killingbeck,2022,04/01/2022,12:58:15,-67.570653,-68.069468,04/01/2022 12:58,04/01/2022 09:58
KB_22_42657_19,Male,Killingbeck,2022,04/01/2022,13:08:14,-67.570621,-68.069497,04/01/2022 13:08,04/01/2022 10:08
KB_22_42657_19,Male,Killingbeck,2022,04/01/2022,13:18:09,-67.570703,-68.069513,04/01/2022 13:18,04/01/2022 10:18
KB_22_42657_19,Male,Killingbeck,2022,04/01/2022,13:28:10,-67.570638,-68.069573,04/01/2022 13:28,04/01/2022 10:28
KB_22_42657_19,Male,Killingbeck,2022,04/01/2022,13:38:07,-67.570626,-68.069563,04/01/2022 13:38,04/01/2022 10:38
KB_22_42657_19,Male,Killingbeck,2022,04/01/2022,13:48:01,-67.570605,-68.069469,04/01/2022 13:48,04/01/2022 10:48
KB_22_42657_19,Male,Killingbeck,2022,04/01/2022,13:57:59,-67.570602,-68.069527,04/01/2022 13:57,04/01/2022 10:57
KB_22_42657_19,Male,Killingbeck,2022,04/01/2022,14:07:59,-67.570705,-68.069449,04/01/2022 14:07,04/01/2022 11:07
KB_22_42657_19,Male,Killingbeck,2022,04/01/2022,14:17:53,-67.570712,-68.069397,04/01/2022 14:17,04/01/2022 11:17
KB_22_42657_19,Male,Killingbeck,2022,04/01/2022,14:27:51,-67.570671,-68.069443,04/01/2022 14:27,04/01/2022 11:27
KB_22_42657_19,Male,Killingbeck,2022,04/01/2022,14:37:51,-67.570691,-68.069428,04/01/2022 14:37,04/01/2022 11:37
KB_22_42657_19,Male,Killingbeck,2022,04/01/2022,14:47:46,-67.570709,-68.069393,04/01/2022 14:47,04/01/2022 11:47
KB_22_42657_19,Male,Killingbeck,2022,04/01/2022,14:57:45,-67.570731,-68.069524,04/01/2022 14:57,04/01/2022 11:57
KB_22_42657_19,Male,Killingbeck,2022,04/01/2022,15:07:46,-67.57074,-68.069614,04/01/2022 15:07,04/01/2022 12:07
KB_22_42657_19,Male,Killingbeck,2022,04/01/2022,15:17:37,-67.570711,-68.069544,04/01/2022 15:17,04/01/2022 12:17
KB_22_42657_19,Male,Killingbeck,2022,04/01/2022,15:27:39,-67.57031,-68.069911,04/01/2022 15:27,04/01/2022 12:27
KB_22_42657_19,Male,Killingbeck,2022,04/01/2022,15:37:35,-67.57067,-68.069557,04/01/2022 15:37,04/01/2022 12:37
KB_22_42657_19,Male,Killingbeck,2022,04/01/2022,15:47:30,-67.570458,-68.069672,04/01/2022 15:47,04/01/2022 12:47
KB_22_42657_19,Male,Killingbeck,2022,04/01/2022,15:57:28,-67.57066,-68.06956,04/01/2022 15:57,04/01/2022 12:57
KB_22_42657_19,Male,Killingbeck,2022,04/01/2022,16:07:28,-67.570594,-68.069545,04/01/2022 16:07,04/01/2022 13:07
KB_22_42657_19,Male,Killingbeck,2022,04/01/2022,16:17:21,-67.570709,-68.069747,04/01/2022 16:17,04/01/2022 13:17
KB_22_42657_19,Male,Killingbeck,2022,04/01/2022,16:27:20,-67.570724,-68.069672,04/01/2022 16:27,04/01/2022 13:27
KB_22_42657_19,Male,Killingbeck,2022,04/01/2022,16:37:20,-67.570695,-68.069614,04/01/2022 16:37,04/01/2022 13:37
KB_22_42657_19,Male,Killingbeck,2022,04/01/2022,16:47:14,-67.570613,-68.069557,04/01/2022 16:47,04/01/2022 13:47
KB_22_42657_19,Male,Killingbeck,2022,04/01/2022,16:57:13,-67.570641,-68.069597,04/01/2022 16:57,04/01/2022 13:57
KB_22_42657_19,Male,Killingbeck,2022,04/01/2022,17:07:15,-67.570668,-68.069562,04/01/2022 17:07,04/01/2022 14:07
KB_22_42657_19,Male,Killingbeck,2022,04/01/2022,17:17:06,-67.570648,-68.069835,04/01/2022 17:17,04/01/2022 14:17
KB_22_42657_19,Male,Killingbeck,2022,04/01/2022,17:27:05,-67.570699,-68.069674,04/01/2022 17:27,04/01/2022 14:27
KB_22_42657_19,Male,Killingbeck,2022,04/01/2022,17:37:07,-67.570665,-68.069625,04/01/2022 17:37,04/01/2022 14:37
KB_22_42657_19,Male,Killingbeck,2022,04/01/2022,17:46:59,-67.570643,-68.069477,04/01/2022 17:46,04/01/2022 14:46
KB_22_42657_19,Male,Killingbeck,2022,04/01/2022,17:56:57,-67.570652,-68.069794,04/01/2022 17:56,04/01/2022 14:56
KB_22_42657_19,Male,Killingbeck,2022,04/01/2022,18:06:56,-67.570689,-68.069698,04/01/2022 18:06,04/01/2022 15:06
KB_22_42657_19,Male,Killingbeck,2022,04/01/2022,18:16:51,-67.570696,-68.069894,04/01/2022 18:16,04/01/2022 15:16
KB_22_42657_19,Male,Killingbeck,2022,04/01/2022,18:26:53,-67.570922,-68.069852,04/01/2022 18:26,04/01/2022 15:26
KB_22_42657_19,Male,Killingbeck,2022,04/01/2022,18:36:50,-67.570673,-68.069792,04/01/2022 18:36,04/01/2022 15:36
KB_22_42657_19,Male,Killingbeck,2022,04/01/2022,18:46:44,-67.5707,-68.069807,04/01/2022 18:46,04/01/2022 15:46
KB_22_42657_19,Male,Killingbeck,2022,04/01/2022,18:56:42,-67.57067,-68.069487,04/01/2022 18:56,04/01/2022 15:56
KB_22_42657_19,Male,Killingbeck,2022,04/01/2022,19:06:41,-67.570667,-68.069517,04/01/2022 19:06,04/01/2022 16:06
KB_22_42657_19,Male,Killingbeck,2022,04/01/2022,19:16:35,-67.570641,-68.069523,04/01/2022 19:16,04/01/2022 16:16
KB_22_42657_19,Male,Killingbeck,2022,04/01/2022,19:26:35,-67.570698,-68.06946,04/01/2022 19:26,04/01/2022 16:26
KB_22_42657_19,Male,Killingbeck,2022,04/01/2022,19:36:34,-67.570666,-68.069552,04/01/2022 19:36,04/01/2022 16:36
KB_22_42657_19,Male,Killingbeck,2022,04/01/2022,19:46:28,-67.57068,-68.069619,04/01/2022 19:46,04/01/2022 16:46
KB_22_42657_19,Male,Killingbeck,2022,04/01/2022,19:56:26,-67.570707,-68.069622,04/01/2022 19:56,04/01/2022 16:56
KB_22_42657_19,Male,Killingbeck,2022,04/01/2022,20:06:33,-67.570769,-68.069531,04/01/2022 20:06,04/01/2022 17:06
KB_22_42657_19,Male,Killingbeck,2022,04/01/2022,20:16:20,-67.570608,-68.069482,04/01/2022 20:16,04/01/2022 17:16
KB_22_42657_19,Male,Killingbeck,2022,04/01/2022,20:26:21,-67.570714,-68.069623,04/01/2022 20:26,04/01/2022 17:26
KB_22_42657_19,Male,Killingbeck,2022,04/01/2022,20:36:18,-67.57071,-68.069413,04/01/2022 20:36,04/01/2022 17:36
KB_22_42657_19,Male,Killingbeck,2022,04/01/2022,20:46:12,-67.570681,-68.069495,04/01/2022 20:46,04/01/2022 17:46
KB_22_42657_19,Male,Killingbeck,2022,04/01/2022,20:56:10,-67.570646,-68.069418,04/01/2022 20:56,04/01/2022 17:56
KB_22_42657_19,Male,Killingbeck,2022,04/01/2022,21:06:10,-67.570574,-68.069117,04/01/2022 21:06,04/01/2022 18:06
KB_22_42657_19,Male,Killingbeck,2022,04/01/2022,21:16:04,-67.570649,-68.069404,04/01/2022 21:16,04/01/2022 18:16
KB_22_42657_19,Male,Killingbeck,2022,04/01/2022,21:26:02,-67.57066,-68.069242,04/01/2022 21:26,04/01/2022 18:26
KB_22_42657_19,Male,Killingbeck,2022,04/01/2022,21:36:01,-67.5708,-68.069342,04/01/2022 21:36,04/01/2022 18:36
KB_22_42657_19,Male,Killingbeck,2022,04/01/2022,21:45:55,-67.570628,-68.069344,04/01/2022 21:45,04/01/2022 18:45
KB_22_42657_19,Male,Killingbeck,2022,04/01/2022,21:55:54,-67.570667,-68.0693,04/01/2022 21:55,04/01/2022 18:55
KB_22_42657_19,Male,Killingbeck,2022,04/01/2022,22:05:54,-67.570685,-68.069423,04/01/2022 22:05,04/01/2022 19:05
KB_22_42657_19,Male,Killingbeck,2022,04/01/2022,22:15:48,-67.570708,-68.069421,04/01/2022 22:15,04/01/2022 19:15
KB_22_42657_19,Male,Killingbeck,2022,04/01/2022,22:25:47,-67.570708,-68.069443,04/01/2022 22:25,04/01/2022 19:25
KB_22_42657_19,Male,Killingbeck,2022,04/01/2022,22:35:48,-67.570694,-68.069312,04/01/2022 22:35,04/01/2022 19:35
KB_22_42657_19,Male,Killingbeck,2022,04/01/2022,22:45:40,-67.570674,-68.069359,04/01/2022 22:45,04/01/2022 19:45
KB_22_42657_19,Male,Killingbeck,2022,04/01/2022,22:55:40,-67.570713,-68.06919,04/01/2022 22:55,04/01/2022 19:55
KB_22_42657_19,Male,Killingbeck,2022,04/01/2022,23:05:38,-67.570673,-68.069424,04/01/2022 23:05,04/01/2022 20:05
KB_22_42657_19,Male,Killingbeck,2022,04/01/2022,23:15:33,-67.570702,-68.069232,04/01/2022 23:15,04/01/2022 20:15
KB_22_42657_19,Male,Killingbeck,2022,04/01/2022,23:25:32,-67.570563,-68.068209,04/01/2022 23:25,04/01/2022 20:25
KB_22_42657_19,Male,Killingbeck,2022,04/01/2022,23:35:31,-67.570628,-68.069444,04/01/2022 23:35,04/01/2022 20:35
KB_22_42657_19,Male,Killingbeck,2022,04/01/2022,23:45:27,-67.570744,-68.069308,04/01/2022 23:45,04/01/2022 20:45
KB_22_42657_19,Male,Killingbeck,2022,04/01/2022,23:55:27,-67.570677,-68.069401,04/01/2022 23:55,04/01/2022 20:55
KB_22_42657_19,Male,Killingbeck,2022,05/01/2022,00:05:24,-67.570727,-68.069272,05/01/2022 00:05,04/01/2022 21:05
KB_22_42657_19,Male,Killingbeck,2022,05/01/2022,00:15:32,-67.570545,-68.069483,05/01/2022 00:15,04/01/2022 21:15
KB_22_42657_19,Male,Killingbeck,2022,05/01/2022,00:25:15,-67.570989,-68.069247,05/01/2022 00:25,04/01/2022 21:25
KB_22_42657_19,Male,Killingbeck,2022,05/01/2022,00:35:15,-67.570544,-68.069436,05/01/2022 00:35,04/01/2022 21:35
KB_22_42657_19,Male,Killingbeck,2022,05/01/2022,00:45:08,-67.5707,-68.069424,05/01/2022 00:45,04/01/2022 21:45
KB_22_42657_19,Male,Killingbeck,2022,05/01/2022,00:55:08,-67.570711,-68.069377,05/01/2022 00:55,04/01/2022 21:55
KB_22_42657_19,Male,Killingbeck,2022,05/01/2022,01:05:06,-67.557756,-68.069845,05/01/2022 01:05,04/01/2022 22:05
KB_22_42657_19,Male,Killingbeck,2022,05/01/2022,01:15:00,-67.486669,-68.006195,05/01/2022 01:15,04/01/2022 22:15
KB_22_42657_19,Male,Killingbeck,2022,05/01/2022,01:24:59,-67.453352,-67.952572,05/01/2022 01:24,04/01/2022 22:24
KB_22_42657_19,Male,Killingbeck,2022,05/01/2022,01:35:01,-67.452925,-67.951413,05/01/2022 01:35,04/01/2022 22:35
KB_22_42657_19,Male,Killingbeck,2022,05/01/2022,01:45:03,-67.449939,-67.954016,05/01/2022 01:45,04/01/2022 22:45
KB_22_42657_19,Male,Killingbeck,2022,05/01/2022,01:55:03,-67.449899,-67.954054,05/01/2022 01:55,04/01/2022 22:55
KB_22_42657_19,Male,Killingbeck,2022,05/01/2022,02:05:01,-67.449983,-67.954013,05/01/2022 02:05,04/01/2022 23:05
KB_22_42657_19,Male,Killingbeck,2022,05/01/2022,02:15:00,-67.450249,-67.954634,05/01/2022 02:15,04/01/2022 23:15
KB_22_42657_19,Male,Killingbeck,2022,05/01/2022,02:25:00,-67.450848,-67.95793,05/01/2022 02:25,04/01/2022 23:25
KB_22_42657_19,Male,Killingbeck,2022,05/01/2022,02:35:18,-67.452749,-67.957985,05/01/2022 02:35,04/01/2022 23:35
KB_22_42657_19,Male,Killingbeck,2022,05/01/2022,02:45:23,-67.452887,-67.958675,05/01/2022 02:45,04/01/2022 23:45
KB_22_42657_19,Male,Killingbeck,2022,05/01/2022,02:55:22,-67.452848,-67.95863,05/01/2022 02:55,04/01/2022 23:55
KB_22_42657_19,Male,Killingbeck,2022,05/01/2022,03:05:29,-67.452858,-67.959097,05/01/2022 03:05,05/01/2022 00:05
KB_22_42657_19,Male,Killingbeck,2022,05/01/2022,03:15:13,-67.452804,-67.958579,05/01/2022 03:15,05/01/2022 00:15
KB_22_42657_19,Male,Killingbeck,2022,05/01/2022,03:25:15,-67.4529,-67.959107,05/01/2022 03:25,05/01/2022 00:25
KB_22_42657_19,Male,Killingbeck,2022,05/01/2022,03:35:11,-67.452767,-67.958694,05/01/2022 03:35,05/01/2022 00:35
KB_22_42657_19,Male,Killingbeck,2022,05/01/2022,03:45:08,-67.452896,-67.958704,05/01/2022 03:45,05/01/2022 00:45
KB_22_42657_19,Male,Killingbeck,2022,05/01/2022,03:55:08,-67.452944,-67.958671,05/01/2022 03:55,05/01/2022 00:55
KB_22_42657_19,Male,Killingbeck,2022,05/01/2022,04:05:04,-67.452812,-67.958712,05/01/2022 04:05,05/01/2022 01:05
KB_22_42657_19,Male,Killingbeck,2022,05/01/2022,04:15:00,-67.452111,-67.958153,05/01/2022 04:15,05/01/2022 01:15
KB_22_42657_19,Male,Killingbeck,2022,05/01/2022,04:25:02,-67.449822,-67.95822,05/01/2022 04:25,05/01/2022 01:25
KB_22_42657_19,Male,Killingbeck,2022,05/01/2022,04:34:58,-67.451532,-67.948535,05/01/2022 04:34,05/01/2022 01:34
KB_22_42657_19,Male,Killingbeck,2022,05/01/2022,04:44:56,-67.455123,-67.953511,05/01/2022 04:44,05/01/2022 01:44
KB_22_42657_19,Male,Killingbeck,2022,05/01/2022,04:55:12,-67.453104,-67.958284,05/01/2022 04:55,05/01/2022 01:55
KB_22_42657_19,Male,Killingbeck,2022,05/01/2022,05:05:12,-67.454047,-67.958441,05/01/2022 05:05,05/01/2022 02:05
KB_22_42657_19,Male,Killingbeck,2022,05/01/2022,05:15:17,-67.45445,-67.959232,05/01/2022 05:15,05/01/2022 02:15
KB_22_42657_19,Male,Killingbeck,2022,05/01/2022,05:25:15,-67.454908,-67.958335,05/01/2022 05:25,05/01/2022 02:25
KB_22_42657_19,Male,Killingbeck,2022,05/01/2022,05:35:14,-67.455187,-67.957628,05/01/2022 05:35,05/01/2022 02:35
KB_22_42657_19,Male,Killingbeck,2022,05/01/2022,05:45:11,-67.456995,-67.965609,05/01/2022 05:45,05/01/2022 02:45
KB_22_42657_19,Male,Killingbeck,2022,05/01/2022,05:55:11,-67.456941,-67.965912,05/01/2022 05:55,05/01/2022 02:55
KB_22_42657_19,Male,Killingbeck,2022,05/01/2022,06:05:09,-67.457069,-67.964954,05/01/2022 06:05,05/01/2022 03:05
KB_22_42657_19,Male,Killingbeck,2022,05/01/2022,06:15:03,-67.456997,-67.965793,05/01/2022 06:15,05/01/2022 03:15
KB_22_42657_19,Male,Killingbeck,2022,05/01/2022,06:25:02,-67.457008,-67.96579,05/01/2022 06:25,05/01/2022 03:25
KB_22_42657_19,Male,Killingbeck,2022,05/01/2022,06:35:43,-67.452811,-67.95077,05/01/2022 06:35,05/01/2022 03:35
KB_22_42657_19,Male,Killingbeck,2022,05/01/2022,06:45:39,-67.450717,-67.949395,05/01/2022 06:45,05/01/2022 03:45
KB_22_42657_19,Male,Killingbeck,2022,05/01/2022,06:55:39,-67.445721,-67.935119,05/01/2022 06:55,05/01/2022 03:55
KB_22_42657_19,Male,Killingbeck,2022,05/01/2022,07:05:37,-67.454673,-67.952919,05/01/2022 07:05,05/01/2022 04:05
KB_22_42657_19,Male,Killingbeck,2022,05/01/2022,07:17:53,-67.456179,-67.954188,05/01/2022 07:17,05/01/2022 04:17
KB_22_42657_19,Male,Killingbeck,2022,05/01/2022,07:27:53,-67.456722,-67.954479,05/01/2022 07:27,05/01/2022 04:27
KB_22_42657_19,Male,Killingbeck,2022,05/01/2022,07:37:52,-67.45373,-67.951983,05/01/2022 07:37,05/01/2022 04:37
KB_22_42657_19,Male,Killingbeck,2022,05/01/2022,07:47:56,-67.454174,-67.952541,05/01/2022 07:47,05/01/2022 04:47
KB_22_42657_19,Male,Killingbeck,2022,05/01/2022,07:57:55,-67.478029,-67.996051,05/01/2022 07:57,05/01/2022 04:57
KB_22_42657_19,Male,Killingbeck,2022,05/01/2022,08:07:54,-67.565189,-68.070735,05/01/2022 08:07,05/01/2022 05:07
KB_22_42657_19,Male,Killingbeck,2022,05/01/2022,08:17:51,-67.57004,-68.069378,05/01/2022 08:17,05/01/2022 05:17
KB_22_42657_19,Male,Killingbeck,2022,05/01/2022,08:27:47,-67.570691,-68.069734,05/01/2022 08:27,05/01/2022 05:27
KB_22_42657_19,Male,Killingbeck,2022,05/01/2022,08:37:47,-67.570624,-68.069496,05/01/2022 08:37,05/01/2022 05:37
KB_22_42657_19,Male,Killingbeck,2022,05/01/2022,08:47:48,-67.57063,-68.069649,05/01/2022 08:47,05/01/2022 05:47
KB_22_42657_19,Male,Killingbeck,2022,05/01/2022,08:57:40,-67.570595,-68.069475,05/01/2022 08:57,05/01/2022 05:57
KB_22_42657_19,Male,Killingbeck,2022,05/01/2022,09:07:49,-67.57054,-68.069416,05/01/2022 09:07,05/01/2022 06:07
KB_22_42657_19,Male,Killingbeck,2022,05/01/2022,09:17:34,-67.570606,-68.069339,05/01/2022 09:17,05/01/2022 06:17
KB_22_42657_19,Male,Killingbeck,2022,05/01/2022,09:27:32,-67.5706,-68.069556,05/01/2022 09:27,05/01/2022 06:27
KB_22_42657_19,Male,Killingbeck,2022,05/01/2022,09:37:31,-67.570553,-68.06942,05/01/2022 09:37,05/01/2022 06:37
KB_22_42657_19,Male,Killingbeck,2022,05/01/2022,09:47:25,-67.57056,-68.069255,05/01/2022 09:47,05/01/2022 06:47
KB_22_42657_19,Male,Killingbeck,2022,05/01/2022,09:57:24,-67.570619,-68.069376,05/01/2022 09:57,05/01/2022 06:57
KB_22_42657_19,Male,Killingbeck,2022,05/01/2022,10:07:24,-67.570568,-68.06925,05/01/2022 10:07,05/01/2022 07:07
KB_22_42657_19,Male,Killingbeck,2022,05/01/2022,10:17:18,-67.570439,-68.069299,05/01/2022 10:17,05/01/2022 07:17
KB_22_42657_19,Male,Killingbeck,2022,05/01/2022,10:27:17,-67.570394,-68.069468,05/01/2022 10:27,05/01/2022 07:27
KB_22_42657_19,Male,Killingbeck,2022,05/01/2022,10:37:15,-67.570502,-68.069183,05/01/2022 10:37,05/01/2022 07:37
KB_22_42657_19,Male,Killingbeck,2022,05/01/2022,10:47:10,-67.570507,-68.068948,05/01/2022 10:47,05/01/2022 07:47
KB_22_42657_19,Male,Killingbeck,2022,05/01/2022,10:57:10,-67.570578,-68.069061,05/01/2022 10:57,05/01/2022 07:57
KB_22_42657_19,Male,Killingbeck,2022,05/01/2022,11:07:09,-67.570447,-68.069536,05/01/2022 11:07,05/01/2022 08:07
KB_22_42657_19,Male,Killingbeck,2022,05/01/2022,11:17:03,-67.570394,-68.069623,05/01/2022 11:17,05/01/2022 08:17
KB_22_42657_19,Male,Killingbeck,2022,05/01/2022,11:27:01,-67.570601,-68.069507,05/01/2022 11:27,05/01/2022 08:27
KB_22_42657_19,Male,Killingbeck,2022,05/01/2022,11:37:00,-67.570683,-68.0693,05/01/2022 11:37,05/01/2022 08:37
KB_22_42657_19,Male,Killingbeck,2022,05/01/2022,11:46:54,-67.570649,-68.069449,05/01/2022 11:46,05/01/2022 08:46
KB_22_42657_19,Male,Killingbeck,2022,05/01/2022,11:56:53,-67.57063,-68.069149,05/01/2022 11:56,05/01/2022 08:56
KB_22_42657_19,Male,Killingbeck,2022,05/01/2022,12:06:52,-67.570726,-68.069559,05/01/2022 12:06,05/01/2022 09:06
KB_22_42657_19,Male,Killingbeck,2022,05/01/2022,12:16:46,-67.570604,-68.069225,05/01/2022 12:16,05/01/2022 09:16
KB_22_42657_19,Male,Killingbeck,2022,05/01/2022,12:26:46,-67.570731,-68.069891,05/01/2022 12:26,05/01/2022 09:26
KB_22_42657_19,Male,Killingbeck,2022,05/01/2022,12:36:44,-67.570612,-68.069539,05/01/2022 12:36,05/01/2022 09:36
KB_22_42657_19,Male,Killingbeck,2022,05/01/2022,12:46:39,-67.570645,-68.069485,05/01/2022 12:46,05/01/2022 09:46
KB_22_42657_19,Male,Killingbeck,2022,05/01/2022,12:56:38,-67.570625,-68.069504,05/01/2022 12:56,05/01/2022 09:56
KB_22_42657_19,Male,Killingbeck,2022,05/01/2022,13:06:37,-67.570651,-68.069561,05/01/2022 13:06,05/01/2022 10:06
KB_22_42657_19,Male,Killingbeck,2022,05/01/2022,13:16:31,-67.570593,-68.069487,05/01/2022 13:16,05/01/2022 10:16
KB_22_42657_19,Male,Killingbeck,2022,05/01/2022,13:26:30,-67.570635,-68.069547,05/01/2022 13:26,05/01/2022 10:26
KB_22_42657_19,Male,Killingbeck,2022,05/01/2022,13:36:29,-67.57063,-68.069546,05/01/2022 13:36,05/01/2022 10:36
KB_22_42657_19,Male,Killingbeck,2022,05/01/2022,13:46:24,-67.570678,-68.069479,05/01/2022 13:46,05/01/2022 10:46
KB_22_42657_19,Male,Killingbeck,2022,05/01/2022,13:56:25,-67.570641,-68.069382,05/01/2022 13:56,05/01/2022 10:56
KB_22_42657_19,Male,Killingbeck,2022,05/01/2022,14:06:22,-67.570758,-68.069502,05/01/2022 14:06,05/01/2022 11:06
KB_22_42657_19,Male,Killingbeck,2022,05/01/2022,14:16:18,-67.570702,-68.069318,05/01/2022 14:16,05/01/2022 11:16
KB_22_42657_19,Male,Killingbeck,2022,05/01/2022,14:26:17,-67.570598,-68.069531,05/01/2022 14:26,05/01/2022 11:26
KB_22_42657_19,Male,Killingbeck,2022,05/01/2022,14:36:15,-67.570562,-68.069432,05/01/2022 14:36,05/01/2022 11:36
KB_22_42657_19,Male,Killingbeck,2022,05/01/2022,14:46:08,-67.570684,-68.069625,05/01/2022 14:46,05/01/2022 11:46
KB_22_42657_19,Male,Killingbeck,2022,05/01/2022,14:56:07,-67.570747,-68.069563,05/01/2022 14:56,05/01/2022 11:56
KB_22_42657_19,Male,Killingbeck,2022,05/01/2022,15:06:06,-67.570698,-68.069744,05/01/2022 15:06,05/01/2022 12:06
KB_22_42657_19,Male,Killingbeck,2022,05/01/2022,15:16:00,-67.570682,-68.069459,05/01/2022 15:16,05/01/2022 12:16
KB_22_42657_19,Male,Killingbeck,2022,05/01/2022,15:25:59,-67.570691,-68.069768,05/01/2022 15:25,05/01/2022 12:25
KB_22_42657_19,Male,Killingbeck,2022,05/01/2022,15:35:58,-67.570682,-68.069637,05/01/2022 15:35,05/01/2022 12:35
KB_22_42657_19,Male,Killingbeck,2022,05/01/2022,15:45:52,-67.570682,-68.069541,05/01/2022 15:45,05/01/2022 12:45
KB_22_42657_19,Male,Killingbeck,2022,05/01/2022,15:55:51,-67.570743,-68.069739,05/01/2022 15:55,05/01/2022 12:55
KB_22_42657_19,Male,Killingbeck,2022,05/01/2022,16:05:50,-67.570671,-68.069589,05/01/2022 16:05,05/01/2022 13:05
KB_22_42657_19,Male,Killingbeck,2022,05/01/2022,16:15:45,-67.570646,-68.06961,05/01/2022 16:15,05/01/2022 13:15
KB_22_42657_19,Male,Killingbeck,2022,05/01/2022,16:25:44,-67.570662,-68.069573,05/01/2022 16:25,05/01/2022 13:25
KB_22_42657_19,Male,Killingbeck,2022,05/01/2022,16:35:43,-67.570673,-68.069574,05/01/2022 16:35,05/01/2022 13:35
KB_22_42657_19,Male,Killingbeck,2022,05/01/2022,16:45:37,-67.570674,-68.069662,05/01/2022 16:45,05/01/2022 13:45
KB_22_42657_19,Male,Killingbeck,2022,05/01/2022,16:55:36,-67.570644,-68.06961,05/01/2022 16:55,05/01/2022 13:55
KB_22_42657_19,Male,Killingbeck,2022,05/01/2022,17:05:35,-67.570734,-68.069553,05/01/2022 17:05,05/01/2022 14:05
KB_22_42657_19,Male,Killingbeck,2022,05/01/2022,17:15:30,-67.570741,-68.069622,05/01/2022 17:15,05/01/2022 14:15
KB_22_42657_19,Male,Killingbeck,2022,05/01/2022,17:25:29,-67.570713,-68.069574,05/01/2022 17:25,05/01/2022 14:25
KB_22_42657_19,Male,Killingbeck,2022,05/01/2022,17:35:30,-67.570542,-68.069439,05/01/2022 17:35,05/01/2022 14:35
KB_22_42657_19,Male,Killingbeck,2022,05/01/2022,17:45:22,-67.570696,-68.069674,05/01/2022 17:45,05/01/2022 14:45
KB_22_42657_19,Male,Killingbeck,2022,05/01/2022,17:55:20,-67.570713,-68.069745,05/01/2022 17:55,05/01/2022 14:55
KB_22_42657_19,Male,Killingbeck,2022,05/01/2022,18:05:20,-67.570716,-68.06983,05/01/2022 18:05,05/01/2022 15:05
KB_22_42657_19,Male,Killingbeck,2022,05/01/2022,18:15:15,-67.570725,-68.069776,05/01/2022 18:15,05/01/2022 15:15
KB_22_42657_19,Male,Killingbeck,2022,05/01/2022,18:25:14,-67.570747,-68.069848,05/01/2022 18:25,05/01/2022 15:25
KB_22_42657_19,Male,Killingbeck,2022,05/01/2022,18:35:20,-67.570825,-68.069837,05/01/2022 18:35,05/01/2022 15:35
KB_22_42657_19,Male,Killingbeck,2022,05/01/2022,18:45:07,-67.570697,-68.069828,05/01/2022 18:45,05/01/2022 15:45
KB_22_42657_19,Male,Killingbeck,2022,05/01/2022,18:55:05,-67.570629,-68.069481,05/01/2022 18:55,05/01/2022 15:55
KB_22_42657_19,Male,Killingbeck,2022,05/01/2022,19:05:04,-67.570653,-68.069482,05/01/2022 19:05,05/01/2022 16:05
KB_22_42657_19,Male,Killingbeck,2022,05/01/2022,19:14:58,-67.57062,-68.069624,05/01/2022 19:14,05/01/2022 16:14
KB_22_42657_19,Male,Killingbeck,2022,05/01/2022,19:24:57,-67.570662,-68.069514,05/01/2022 19:24,05/01/2022 16:24
KB_22_42657_19,Male,Killingbeck,2022,05/01/2022,19:34:59,-67.571919,-68.068897,05/01/2022 19:34,05/01/2022 16:34
KB_22_42657_19,Male,Killingbeck,2022,05/01/2022,19:44:51,-67.570467,-68.069562,05/01/2022 19:44,05/01/2022 16:44
KB_22_42657_19,Male,Killingbeck,2022,05/01/2022,19:54:51,-67.570595,-68.069548,05/01/2022 19:54,05/01/2022 16:54
KB_22_42657_19,Male,Killingbeck,2022,05/01/2022,20:04:52,-67.570656,-68.069711,05/01/2022 20:04,05/01/2022 17:04
KB_22_42657_19,Male,Killingbeck,2022,05/01/2022,20:14:52,-67.570657,-68.069686,05/01/2022 20:14,05/01/2022 17:14
KB_22_42657_19,Male,Killingbeck,2022,05/01/2022,20:24:43,-67.570734,-68.069313,05/01/2022 20:24,05/01/2022 17:24
KB_22_42657_19,Male,Killingbeck,2022,05/01/2022,20:34:44,-67.570808,-68.068576,05/01/2022 20:34,05/01/2022 17:34
KB_22_42657_19,Male,Killingbeck,2022,05/01/2022,20:44:36,-67.57067,-68.06952,05/01/2022 20:44,05/01/2022 17:44
KB_22_42657_19,Male,Killingbeck,2022,05/01/2022,20:54:35,-67.570724,-68.069701,05/01/2022 20:54,05/01/2022 17:54
KB_22_42657_19,Male,Killingbeck,2022,05/01/2022,21:04:34,-67.570676,-68.069409,05/01/2022 21:04,05/01/2022 18:04
KB_22_42657_19,Male,Killingbeck,2022,05/01/2022,21:14:28,-67.571758,-68.066226,05/01/2022 21:14,05/01/2022 18:14
KB_22_42657_19,Male,Killingbeck,2022,05/01/2022,21:24:27,-67.569637,-68.072013,05/01/2022 21:24,05/01/2022 18:24
KB_22_42657_19,Male,Killingbeck,2022,05/01/2022,21:34:25,-67.570612,-68.069419,05/01/2022 21:34,05/01/2022 18:34
KB_22_42657_19,Male,Killingbeck,2022,05/01/2022,21:44:22,-67.570726,-68.069117,05/01/2022 21:44,05/01/2022 18:44
KB_22_42657_19,Male,Killingbeck,2022,05/01/2022,21:54:22,-67.570773,-68.069036,05/01/2022 21:54,05/01/2022 18:54
KB_22_42657_19,Male,Killingbeck,2022,05/01/2022,22:04:19,-67.570652,-68.069318,05/01/2022 22:04,05/01/2022 19:04
KB_22_42657_19,Male,Killingbeck,2022,05/01/2022,22:14:13,-67.570499,-68.069895,05/01/2022 22:14,05/01/2022 19:14
KB_22_42657_19,Male,Killingbeck,2022,05/01/2022,22:24:12,-67.570799,-68.069065,05/01/2022 22:24,05/01/2022 19:24
KB_22_42657_19,Male,Killingbeck,2022,05/01/2022,22:34:11,-67.570749,-68.069338,05/01/2022 22:34,05/01/2022 19:34
KB_22_42657_19,Male,Killingbeck,2022,05/01/2022,22:44:18,-67.570699,-68.069248,05/01/2022 22:44,05/01/2022 19:44
KB_22_42657_19,Male,Killingbeck,2022,05/01/2022,22:54:02,-67.570731,-68.069374,05/01/2022 22:54,05/01/2022 19:54
KB_22_42657_19,Male,Killingbeck,2022,05/01/2022,23:04:02,-67.570658,-68.069395,05/01/2022 23:04,05/01/2022 20:04
KB_22_42657_19,Male,Killingbeck,2022,05/01/2022,23:13:56,-67.570562,-68.069705,05/01/2022 23:13,05/01/2022 20:13
KB_22_42657_19,Male,Killingbeck,2022,05/01/2022,23:23:58,-67.569984,-68.071285,05/01/2022 23:23,05/01/2022 20:23
KB_22_42657_19,Male,Killingbeck,2022,05/01/2022,23:34:07,-67.569784,-68.071331,05/01/2022 23:34,05/01/2022 20:34
KB_22_42657_19,Male,Killingbeck,2022,05/01/2022,23:43:55,-67.569688,-68.070929,05/01/2022 23:43,05/01/2022 20:43
KB_22_42657_19,Male,Killingbeck,2022,05/01/2022,23:53:48,-67.569674,-68.070535,05/01/2022 23:53,05/01/2022 20:53
KB_22_42657_19,Male,Killingbeck,2022,06/01/2022,00:03:45,-67.570699,-68.06946,06/01/2022 00:03,05/01/2022 21:03
KB_22_42657_19,Male,Killingbeck,2022,06/01/2022,00:13:38,-67.570574,-68.069434,06/01/2022 00:13,05/01/2022 21:13
KB_22_42657_19,Male,Killingbeck,2022,06/01/2022,00:23:37,-67.570562,-68.069444,06/01/2022 00:23,05/01/2022 21:23
KB_22_42657_19,Male,Killingbeck,2022,06/01/2022,00:33:37,-67.570675,-68.069369,06/01/2022 00:33,05/01/2022 21:33
KB_22_42657_19,Male,Killingbeck,2022,06/01/2022,00:43:30,-67.57072,-68.069454,06/01/2022 00:43,05/01/2022 21:43
KB_22_42657_19,Male,Killingbeck,2022,06/01/2022,00:53:29,-67.570651,-68.069452,06/01/2022 00:53,05/01/2022 21:53
KB_22_42657_19,Male,Killingbeck,2022,06/01/2022,01:03:29,-67.570612,-68.069451,06/01/2022 01:03,05/01/2022 22:03
KB_22_42657_19,Male,Killingbeck,2022,06/01/2022,01:13:23,-67.570657,-68.069464,06/01/2022 01:13,05/01/2022 22:13
KB_22_42657_19,Male,Killingbeck,2022,06/01/2022,01:23:21,-67.570626,-68.069472,06/01/2022 01:23,05/01/2022 22:23
KB_22_42657_19,Male,Killingbeck,2022,06/01/2022,01:33:20,-67.570284,-68.070354,06/01/2022 01:33,05/01/2022 22:33
KB_22_42657_19,Male,Killingbeck,2022,06/01/2022,01:43:16,-67.570678,-68.069591,06/01/2022 01:43,05/01/2022 22:43
KB_22_42657_19,Male,Killingbeck,2022,06/01/2022,01:53:14,-67.538461,-68.045576,06/01/2022 01:53,05/01/2022 22:53
KB_22_42657_19,Male,Killingbeck,2022,06/01/2022,02:03:13,-67.471529,-67.975104,06/01/2022 02:03,05/01/2022 23:03
KB_22_42657_19,Male,Killingbeck,2022,06/01/2022,02:13:09,-67.45297,-67.957692,06/01/2022 02:13,05/01/2022 23:13
KB_22_42657_19,Male,Killingbeck,2022,06/01/2022,02:23:08,-67.452919,-67.95835,06/01/2022 02:23,05/01/2022 23:23
KB_22_42657_19,Male,Killingbeck,2022,06/01/2022,02:33:07,-67.441626,-67.9096,06/01/2022 02:33,05/01/2022 23:33
KB_22_42657_19,Male,Killingbeck,2022,06/01/2022,02:43:23,-67.450657,-67.904788,06/01/2022 02:43,05/01/2022 23:43
KB_22_42657_19,Male,Killingbeck,2022,06/01/2022,02:53:43,-67.448031,-67.904626,06/01/2022 02:53,05/01/2022 23:53
KB_22_42657_19,Male,Killingbeck,2022,06/01/2022,03:03:42,-67.43857,-67.923143,06/01/2022 03:03,06/01/2022 00:03
KB_22_42657_19,Male,Killingbeck,2022,06/01/2022,03:13:37,-67.441302,-67.915202,06/01/2022 03:13,06/01/2022 00:13
KB_22_42657_19,Male,Killingbeck,2022,06/01/2022,03:23:36,-67.441782,-67.915334,06/01/2022 03:23,06/01/2022 00:23
KB_22_42657_19,Male,Killingbeck,2022,06/01/2022,03:33:36,-67.441328,-67.915246,06/01/2022 03:33,06/01/2022 00:33
KB_22_42657_19,Male,Killingbeck,2022,06/01/2022,03:43:36,-67.441324,-67.915399,06/01/2022 03:43,06/01/2022 00:43
KB_22_42657_19,Male,Killingbeck,2022,06/01/2022,03:53:35,-67.441361,-67.915249,06/01/2022 03:53,06/01/2022 00:53
KB_22_42657_19,Male,Killingbeck,2022,06/01/2022,04:03:34,-67.441261,-67.914477,06/01/2022 04:03,06/01/2022 01:03
KB_22_42657_19,Male,Killingbeck,2022,06/01/2022,04:13:37,-67.441144,-67.914684,06/01/2022 04:13,06/01/2022 01:13
KB_22_42657_19,Male,Killingbeck,2022,06/01/2022,04:23:36,-67.442464,-67.913432,06/01/2022 04:23,06/01/2022 01:23
KB_22_42657_19,Male,Killingbeck,2022,06/01/2022,04:33:34,-67.446382,-67.91459,06/01/2022 04:33,06/01/2022 01:33
KB_22_42657_19,Male,Killingbeck,2022,06/01/2022,04:43:35,-67.446528,-67.91471,06/01/2022 04:43,06/01/2022 01:43
KB_22_42657_19,Male,Killingbeck,2022,06/01/2022,04:53:34,-67.446561,-67.914637,06/01/2022 04:53,06/01/2022 01:53
KB_22_42657_19,Male,Killingbeck,2022,06/01/2022,05:03:34,-67.446556,-67.914705,06/01/2022 05:03,06/01/2022 02:03
KB_22_42657_19,Male,Killingbeck,2022,06/01/2022,05:13:27,-67.446523,-67.914432,06/01/2022 05:13,06/01/2022 02:13
KB_22_42657_19,Male,Killingbeck,2022,06/01/2022,05:23:27,-67.446614,-67.914689,06/01/2022 05:23,06/01/2022 02:23
KB_22_42657_19,Male,Killingbeck,2022,06/01/2022,05:33:26,-67.44658,-67.914385,06/01/2022 05:33,06/01/2022 02:33
KB_22_42657_19,Male,Killingbeck,2022,06/01/2022,05:43:20,-67.44651,-67.914504,06/01/2022 05:43,06/01/2022 02:43
KB_22_42657_19,Male,Killingbeck,2022,06/01/2022,05:53:19,-67.446017,-67.913313,06/01/2022 05:53,06/01/2022 02:53
KB_22_42657_19,Male,Killingbeck,2022,06/01/2022,06:03:18,-67.446753,-67.913862,06/01/2022 06:03,06/01/2022 03:03
KB_22_42657_19,Male,Killingbeck,2022,06/01/2022,06:13:35,-67.447548,-67.914498,06/01/2022 06:13,06/01/2022 03:13
KB_22_42657_19,Male,Killingbeck,2022,06/01/2022,06:23:33,-67.447457,-67.913461,06/01/2022 06:23,06/01/2022 03:23
KB_22_42657_19,Male,Killingbeck,2022,06/01/2022,06:33:32,-67.450985,-67.913669,06/01/2022 06:33,06/01/2022 03:33
KB_22_42657_19,Male,Killingbeck,2022,06/01/2022,06:43:26,-67.45083,-67.913793,06/01/2022 06:43,06/01/2022 03:43
KB_22_42657_19,Male,Killingbeck,2022,06/01/2022,06:53:25,-67.450986,-67.913739,06/01/2022 06:53,06/01/2022 03:53
KB_22_42657_19,Male,Killingbeck,2022,06/01/2022,07:04:05,-67.452884,-67.910701,06/01/2022 07:04,06/01/2022 04:04
KB_22_42657_19,Male,Killingbeck,2022,06/01/2022,07:14:19,-67.463679,-67.948557,06/01/2022 07:14,06/01/2022 04:14
KB_22_42657_19,Male,Killingbeck,2022,06/01/2022,07:24:18,-67.487102,-68.005615,06/01/2022 07:24,06/01/2022 04:24
KB_22_42657_19,Male,Killingbeck,2022,06/01/2022,07:34:17,-67.570643,-68.069465,06/01/2022 07:34,06/01/2022 04:34
KB_22_42657_19,Male,Killingbeck,2022,06/01/2022,07:44:11,-67.570329,-68.06901,06/01/2022 07:44,06/01/2022 04:44
KB_22_42657_19,Male,Killingbeck,2022,06/01/2022,07:54:10,-67.570696,-68.069573,06/01/2022 07:54,06/01/2022 04:54
KB_22_42657_19,Male,Killingbeck,2022,06/01/2022,08:04:12,-67.571354,-68.064519,06/01/2022 08:04,06/01/2022 05:04
KB_22_42657_19,Male,Killingbeck,2022,06/01/2022,08:14:04,-67.57087,-68.069308,06/01/2022 08:14,06/01/2022 05:14
KB_22_42657_19,Male,Killingbeck,2022,06/01/2022,08:24:02,-67.57065,-68.069583,06/01/2022 08:24,06/01/2022 05:24
KB_22_42657_19,Male,Killingbeck,2022,06/01/2022,08:34:03,-67.570737,-68.069202,06/01/2022 08:34,06/01/2022 05:34
KB_22_42657_19,Male,Killingbeck,2022,06/01/2022,08:43:56,-67.570477,-68.069717,06/01/2022 08:43,06/01/2022 05:43
KB_22_42657_19,Male,Killingbeck,2022,06/01/2022,08:53:56,-67.57059,-68.069555,06/01/2022 08:53,06/01/2022 05:53
KB_22_42657_19,Male,Killingbeck,2022,06/01/2022,09:03:57,-67.570597,-68.069502,06/01/2022 09:03,06/01/2022 06:03
KB_22_42657_19,Male,Killingbeck,2022,06/01/2022,09:13:51,-67.569751,-68.070196,06/01/2022 09:13,06/01/2022 06:13
KB_22_42657_19,Male,Killingbeck,2022,06/01/2022,09:23:47,-67.570253,-68.069431,06/01/2022 09:23,06/01/2022 06:23
KB_22_42657_19,Male,Killingbeck,2022,06/01/2022,09:33:47,-67.570593,-68.069433,06/01/2022 09:33,06/01/2022 06:33
KB_22_42657_19,Male,Killingbeck,2022,06/01/2022,09:43:47,-67.570389,-68.06938,06/01/2022 09:43,06/01/2022 06:43
KB_22_42657_19,Male,Killingbeck,2022,06/01/2022,09:53:45,-67.570599,-68.069344,06/01/2022 09:53,06/01/2022 06:53
KB_22_42657_19,Male,Killingbeck,2022,06/01/2022,10:03:44,-67.570592,-68.069314,06/01/2022 10:03,06/01/2022 07:03
KB_22_42657_19,Male,Killingbeck,2022,06/01/2022,10:13:45,-67.570349,-68.069236,06/01/2022 10:13,06/01/2022 07:13
KB_22_42657_19,Male,Killingbeck,2022,06/01/2022,10:23:45,-67.570579,-68.069302,06/01/2022 10:23,06/01/2022 07:23
KB_22_42657_19,Male,Killingbeck,2022,06/01/2022,10:33:44,-67.570603,-68.069224,06/01/2022 10:33,06/01/2022 07:33
KB_22_42657_19,Male,Killingbeck,2022,06/01/2022,10:43:47,-67.570549,-68.069138,06/01/2022 10:43,06/01/2022 07:43
KB_22_42657_19,Male,Killingbeck,2022,06/01/2022,10:53:46,-67.57051,-68.06918,06/01/2022 10:53,06/01/2022 07:53
KB_22_42657_19,Male,Killingbeck,2022,06/01/2022,11:03:42,-67.570728,-68.069271,06/01/2022 11:03,06/01/2022 08:03
KB_22_42657_19,Male,Killingbeck,2022,06/01/2022,11:13:44,-67.570738,-68.069168,06/01/2022 11:13,06/01/2022 08:13
KB_22_42657_19,Male,Killingbeck,2022,06/01/2022,11:23:43,-67.570609,-68.068818,06/01/2022 11:23,06/01/2022 08:23
KB_22_42657_19,Male,Killingbeck,2022,06/01/2022,11:33:42,-67.570646,-68.068922,06/01/2022 11:33,06/01/2022 08:33
KB_22_42657_19,Male,Killingbeck,2022,06/01/2022,11:43:43,-67.570689,-68.06911,06/01/2022 11:43,06/01/2022 08:43
KB_22_42657_19,Male,Killingbeck,2022,06/01/2022,11:53:42,-67.570606,-68.069489,06/01/2022 11:53,06/01/2022 08:53
KB_22_42657_19,Male,Killingbeck,2022,06/01/2022,12:03:41,-67.570572,-68.069507,06/01/2022 12:03,06/01/2022 09:03
KB_22_42657_19,Male,Killingbeck,2022,06/01/2022,12:13:43,-67.570469,-68.068598,06/01/2022 12:13,06/01/2022 09:13
KB_22_42657_19,Male,Killingbeck,2022,06/01/2022,12:23:41,-67.570673,-68.069471,06/01/2022 12:23,06/01/2022 09:23
KB_22_42657_19,Male,Killingbeck,2022,06/01/2022,12:33:41,-67.570657,-68.069444,06/01/2022 12:33,06/01/2022 09:33
KB_22_42657_19,Male,Killingbeck,2022,06/01/2022,12:43:44,-67.570653,-68.069443,06/01/2022 12:43,06/01/2022 09:43
KB_22_42657_19,Male,Killingbeck,2022,06/01/2022,12:53:42,-67.570655,-68.069472,06/01/2022 12:53,06/01/2022 09:53
KB_22_42657_19,Male,Killingbeck,2022,06/01/2022,13:03:41,-67.570688,-68.069576,06/01/2022 13:03,06/01/2022 10:03
KB_22_42657_19,Male,Killingbeck,2022,06/01/2022,13:13:42,-67.570643,-68.069459,06/01/2022 13:13,06/01/2022 10:13
KB_22_42657_19,Male,Killingbeck,2022,06/01/2022,13:23:41,-67.570721,-68.069532,06/01/2022 13:23,06/01/2022 10:23
KB_22_42657_19,Male,Killingbeck,2022,06/01/2022,13:33:40,-67.570712,-68.069351,06/01/2022 13:33,06/01/2022 10:33
KB_22_42657_19,Male,Killingbeck,2022,06/01/2022,13:43:46,-67.570709,-68.069341,06/01/2022 13:43,06/01/2022 10:43
KB_22_42657_19,Male,Killingbeck,2022,06/01/2022,13:53:42,-67.57066,-68.06956,06/01/2022 13:53,06/01/2022 10:53
KB_22_42657_19,Male,Killingbeck,2022,06/01/2022,14:03:43,-67.57073,-68.069355,06/01/2022 14:03,06/01/2022 11:03
KB_22_42657_19,Male,Killingbeck,2022,06/01/2022,14:13:42,-67.570704,-68.069444,06/01/2022 14:13,06/01/2022 11:13
KB_22_42657_19,Male,Killingbeck,2022,06/01/2022,14:23:41,-67.570691,-68.069505,06/01/2022 14:23,06/01/2022 11:23
KB_22_42657_19,Male,Killingbeck,2022,06/01/2022,14:33:41,-67.570638,-68.069315,06/01/2022 14:33,06/01/2022 11:33
KB_22_42657_19,Male,Killingbeck,2022,06/01/2022,14:43:43,-67.570719,-68.069518,06/01/2022 14:43,06/01/2022 11:43
KB_22_42657_19,Male,Killingbeck,2022,06/01/2022,14:53:41,-67.570776,-68.069615,06/01/2022 14:53,06/01/2022 11:53
KB_22_42657_19,Male,Killingbeck,2022,06/01/2022,15:03:40,-67.570718,-68.069644,06/01/2022 15:03,06/01/2022 12:03
KB_22_42657_19,Male,Killingbeck,2022,06/01/2022,15:13:42,-67.570659,-68.069468,06/01/2022 15:13,06/01/2022 12:13
KB_22_42657_19,Male,Killingbeck,2022,06/01/2022,15:23:42,-67.570679,-68.069447,06/01/2022 15:23,06/01/2022 12:23
KB_22_42657_19,Male,Killingbeck,2022,06/01/2022,15:33:40,-67.570712,-68.069631,06/01/2022 15:33,06/01/2022 12:33
KB_22_42657_19,Male,Killingbeck,2022,06/01/2022,15:43:42,-67.570687,-68.069638,06/01/2022 15:43,06/01/2022 12:43
KB_22_42657_19,Male,Killingbeck,2022,06/01/2022,15:53:41,-67.570707,-68.069551,06/01/2022 15:53,06/01/2022 12:53
KB_22_42657_19,Male,Killingbeck,2022,06/01/2022,16:03:43,-67.57051,-68.069608,06/01/2022 16:03,06/01/2022 13:03
KB_22_42657_19,Male,Killingbeck,2022,06/01/2022,16:13:46,-67.570429,-68.06944,06/01/2022 16:13,06/01/2022 13:13
KB_22_42657_19,Male,Killingbeck,2022,06/01/2022,16:23:43,-67.570686,-68.069536,06/01/2022 16:23,06/01/2022 13:23
KB_22_42657_19,Male,Killingbeck,2022,06/01/2022,16:33:41,-67.570688,-68.069542,06/01/2022 16:33,06/01/2022 13:33
KB_22_42657_19,Male,Killingbeck,2022,06/01/2022,16:43:43,-67.570697,-68.069586,06/01/2022 16:43,06/01/2022 13:43
KB_22_42657_19,Male,Killingbeck,2022,06/01/2022,16:53:43,-67.570736,-68.069677,06/01/2022 16:53,06/01/2022 13:53
KB_22_42657_19,Male,Killingbeck,2022,06/01/2022,17:03:41,-67.570703,-68.069459,06/01/2022 17:03,06/01/2022 14:03
KB_22_42657_19,Male,Killingbeck,2022,06/01/2022,17:13:42,-67.570619,-68.069599,06/01/2022 17:13,06/01/2022 14:13
KB_22_42657_19,Male,Killingbeck,2022,06/01/2022,17:23:43,-67.570696,-68.069612,06/01/2022 17:23,06/01/2022 14:23
KB_22_42657_19,Male,Killingbeck,2022,06/01/2022,17:33:42,-67.570654,-68.069575,06/01/2022 17:33,06/01/2022 14:33
KB_22_42657_19,Male,Killingbeck,2022,06/01/2022,17:43:40,-67.570761,-68.069886,06/01/2022 17:43,06/01/2022 14:43
KB_22_42657_19,Male,Killingbeck,2022,06/01/2022,17:53:39,-67.570713,-68.069696,06/01/2022 17:53,06/01/2022 14:53
KB_22_42657_19,Male,Killingbeck,2022,06/01/2022,18:03:42,-67.570654,-68.069684,06/01/2022 18:03,06/01/2022 15:03
KB_22_42657_19,Male,Killingbeck,2022,06/01/2022,18:13:40,-67.570742,-68.069786,06/01/2022 18:13,06/01/2022 15:13
KB_22_42657_19,Male,Killingbeck,2022,06/01/2022,18:23:52,-67.570942,-68.069866,06/01/2022 18:23,06/01/2022 15:23
KB_22_42657_19,Male,Killingbeck,2022,06/01/2022,18:33:40,-67.57097,-68.069998,06/01/2022 18:33,06/01/2022 15:33
KB_22_42657_19,Male,Killingbeck,2022,06/01/2022,18:43:38,-67.570893,-68.069932,06/01/2022 18:43,06/01/2022 15:43
KB_22_42657_19,Male,Killingbeck,2022,06/01/2022,18:53:37,-67.570719,-68.069402,06/01/2022 18:53,06/01/2022 15:53
KB_22_42657_19,Male,Killingbeck,2022,06/01/2022,19:03:36,-67.570758,-68.069784,06/01/2022 19:03,06/01/2022 16:03
KB_22_42657_19,Male,Killingbeck,2022,06/01/2022,19:13:35,-67.570653,-68.069521,06/01/2022 19:13,06/01/2022 16:13
KB_22_42657_19,Male,Killingbeck,2022,06/01/2022,19:23:34,-67.570667,-68.069537,06/01/2022 19:23,06/01/2022 16:23
KB_22_42657_19,Male,Killingbeck,2022,06/01/2022,19:33:34,-67.570629,-68.069591,06/01/2022 19:33,06/01/2022 16:33
KB_22_42657_19,Male,Killingbeck,2022,06/01/2022,19:43:28,-67.570669,-68.069576,06/01/2022 19:43,06/01/2022 16:43
KB_22_42657_19,Male,Killingbeck,2022,06/01/2022,19:53:26,-67.570672,-68.069533,06/01/2022 19:53,06/01/2022 16:53
KB_22_42657_19,Male,Killingbeck,2022,06/01/2022,20:03:27,-67.570736,-68.069641,06/01/2022 20:03,06/01/2022 17:03
KB_22_42657_19,Male,Killingbeck,2022,06/01/2022,20:13:21,-67.570691,-68.069621,06/01/2022 20:13,06/01/2022 17:13
KB_22_42657_19,Male,Killingbeck,2022,06/01/2022,20:23:20,-67.57078,-68.069854,06/01/2022 20:23,06/01/2022 17:23
KB_22_42657_19,Male,Killingbeck,2022,06/01/2022,20:33:19,-67.570571,-68.069366,06/01/2022 20:33,06/01/2022 17:33
KB_22_42657_19,Male,Killingbeck,2022,06/01/2022,20:43:13,-67.570669,-68.069396,06/01/2022 20:43,06/01/2022 17:43
KB_22_42657_19,Male,Killingbeck,2022,06/01/2022,20:53:14,-67.570904,-68.068613,06/01/2022 20:53,06/01/2022 17:53
KB_22_42657_19,Male,Killingbeck,2022,06/01/2022,21:03:11,-67.570631,-68.06953,06/01/2022 21:03,06/01/2022 18:03
KB_22_42657_19,Male,Killingbeck,2022,06/01/2022,21:13:04,-67.570621,-68.06946,06/01/2022 21:13,06/01/2022 18:13
KB_22_42657_19,Male,Killingbeck,2022,06/01/2022,21:23:06,-67.570676,-68.069159,06/01/2022 21:23,06/01/2022 18:23
KB_22_42657_19,Male,Killingbeck,2022,06/01/2022,21:33:05,-67.570709,-68.069116,06/01/2022 21:33,06/01/2022 18:33
KB_22_42657_19,Male,Killingbeck,2022,06/01/2022,21:42:58,-67.570651,-68.069586,06/01/2022 21:42,06/01/2022 18:42
KB_22_42657_19,Male,Killingbeck,2022,06/01/2022,21:52:57,-67.570622,-68.069621,06/01/2022 21:52,06/01/2022 18:52
KB_22_42657_19,Male,Killingbeck,2022,06/01/2022,22:02:56,-67.570582,-68.069664,06/01/2022 22:02,06/01/2022 19:02
KB_22_42657_19,Male,Killingbeck,2022,06/01/2022,22:12:50,-67.570836,-68.069031,06/01/2022 22:12,06/01/2022 19:12
KB_22_42657_19,Male,Killingbeck,2022,06/01/2022,22:22:48,-67.570695,-68.069444,06/01/2022 22:22,06/01/2022 19:22
KB_22_42657_19,Male,Killingbeck,2022,06/01/2022,22:32:49,-67.570549,-68.069613,06/01/2022 22:32,06/01/2022 19:32
KB_22_42657_19,Male,Killingbeck,2022,06/01/2022,22:42:41,-67.570737,-68.06951,06/01/2022 22:42,06/01/2022 19:42
KB_22_42657_19,Male,Killingbeck,2022,06/01/2022,22:52:41,-67.570693,-68.069343,06/01/2022 22:52,06/01/2022 19:52
KB_22_42657_19,Male,Killingbeck,2022,06/01/2022,23:02:48,-67.566828,-68.06386,06/01/2022 23:02,06/01/2022 20:02
KB_22_42657_19,Male,Killingbeck,2022,06/01/2022,23:12:38,-67.539261,-68.064906,06/01/2022 23:12,06/01/2022 20:12
KB_22_42657_19,Male,Killingbeck,2022,06/01/2022,23:22:38,-67.537815,-68.063636,06/01/2022 23:22,06/01/2022 20:22
KB_22_42657_19,Male,Killingbeck,2022,06/01/2022,23:32:36,-67.537876,-68.06349,06/01/2022 23:32,06/01/2022 20:32
KB_22_42657_19,Male,Killingbeck,2022,06/01/2022,23:43:00,-67.537912,-68.061408,06/01/2022 23:43,06/01/2022 20:43
KB_22_42657_19,Male,Killingbeck,2022,06/01/2022,23:53:01,-67.490033,-68.01451,06/01/2022 23:53,06/01/2022 20:53
KB_22_42657_19,Male,Killingbeck,2022,07/01/2022,00:03:00,-67.475805,-68.000052,07/01/2022 00:03,06/01/2022 21:03
KB_22_42657_19,Male,Killingbeck,2022,07/01/2022,00:13:01,-67.457169,-67.959234,07/01/2022 00:13,06/01/2022 21:13
KB_22_42657_19,Male,Killingbeck,2022,07/01/2022,00:23:00,-67.453178,-67.952054,07/01/2022 00:23,06/01/2022 21:23
KB_22_42657_19,Male,Killingbeck,2022,07/01/2022,00:33:00,-67.452478,-67.947894,07/01/2022 00:33,06/01/2022 21:33
KB_22_42657_19,Male,Killingbeck,2022,07/01/2022,00:43:02,-67.452259,-67.947851,07/01/2022 00:43,06/01/2022 21:43
KB_22_42657_19,Male,Killingbeck,2022,07/01/2022,00:53:02,-67.452291,-67.94759,07/01/2022 00:53,06/01/2022 21:53
KB_22_42657_19,Male,Killingbeck,2022,07/01/2022,01:03:00,-67.452299,-67.947454,07/01/2022 01:03,06/01/2022 22:03
KB_22_42657_19,Male,Killingbeck,2022,07/01/2022,01:13:03,-67.452343,-67.947516,07/01/2022 01:13,06/01/2022 22:13
KB_22_42657_19,Male,Killingbeck,2022,07/01/2022,01:23:02,-67.452253,-67.947642,07/01/2022 01:23,06/01/2022 22:23
KB_22_42657_19,Male,Killingbeck,2022,07/01/2022,01:33:02,-67.452405,-67.947477,07/01/2022 01:33,06/01/2022 22:33
KB_22_42657_19,Male,Killingbeck,2022,07/01/2022,01:45:02,-67.452736,-67.950086,07/01/2022 01:45,06/01/2022 22:45
KB_22_42657_19,Male,Killingbeck,2022,07/01/2022,01:55:02,-67.452375,-67.946912,07/01/2022 01:55,06/01/2022 22:55
KB_22_42657_19,Male,Killingbeck,2022,07/01/2022,02:05:01,-67.451663,-67.947993,07/01/2022 02:05,06/01/2022 23:05
KB_22_42657_19,Male,Killingbeck,2022,07/01/2022,02:15:03,-67.452535,-67.949224,07/01/2022 02:15,06/01/2022 23:15
KB_22_42657_19,Male,Killingbeck,2022,07/01/2022,02:25:02,-67.452677,-67.949643,07/01/2022 02:25,06/01/2022 23:25
KB_22_42657_19,Male,Killingbeck,2022,07/01/2022,02:36:35,-67.452065,-67.948546,07/01/2022 02:36,06/01/2022 23:36
KB_22_42657_19,Male,Killingbeck,2022,07/01/2022,02:47:14,-67.452563,-67.958123,07/01/2022 02:47,06/01/2022 23:47
KB_22_42657_19,Male,Killingbeck,2022,07/01/2022,02:57:19,-67.451689,-67.947742,07/01/2022 02:57,06/01/2022 23:57
KB_22_42718_27,Female,Killingbeck,2022,04/01/2022,00:12:48,0,0,04/01/2022 00:12,03/01/2022 21:12
KB_22_42718_27,Female,Killingbeck,2022,04/01/2022,00:22:39,-67.569563,-68.067495,04/01/2022 00:22,03/01/2022 21:22
KB_22_42718_27,Female,Killingbeck,2022,04/01/2022,00:32:40,-67.569535,-68.067651,04/01/2022 00:32,03/01/2022 21:32
KB_22_42718_27,Female,Killingbeck,2022,04/01/2022,00:42:37,-67.569573,-68.067534,04/01/2022 00:42,03/01/2022 21:42
KB_22_42718_27,Female,Killingbeck,2022,04/01/2022,00:52:38,-67.569542,-68.067607,04/01/2022 00:52,03/01/2022 21:52
KB_22_42718_27,Female,Killingbeck,2022,04/01/2022,01:02:35,-67.569576,-68.067541,04/01/2022 01:02,03/01/2022 22:02
KB_22_42718_27,Female,Killingbeck,2022,04/01/2022,01:12:33,-67.569514,-68.067636,04/01/2022 01:12,03/01/2022 22:12
KB_22_42718_27,Female,Killingbeck,2022,04/01/2022,01:22:35,-67.569596,-68.06742,04/01/2022 01:22,03/01/2022 22:22
KB_22_42718_27,Female,Killingbeck,2022,04/01/2022,01:32:31,-67.569532,-68.067353,04/01/2022 01:32,03/01/2022 22:32
KB_22_42718_27,Female,Killingbeck,2022,04/01/2022,01:42:30,-67.569317,-68.067975,04/01/2022 01:42,03/01/2022 22:42
KB_22_42718_27,Female,Killingbeck,2022,04/01/2022,01:52:24,-67.569349,-68.064516,04/01/2022 01:52,03/01/2022 22:52
KB_22_42718_27,Female,Killingbeck,2022,04/01/2022,02:02:23,-67.56946,-68.067894,04/01/2022 02:02,03/01/2022 23:02
KB_22_42718_27,Female,Killingbeck,2022,04/01/2022,02:12:22,-67.570398,-68.068913,04/01/2022 02:12,03/01/2022 23:12
KB_22_42718_27,Female,Killingbeck,2022,04/01/2022,02:22:17,-67.55208,-67.930013,04/01/2022 02:22,03/01/2022 23:22
KB_22_42718_27,Female,Killingbeck,2022,04/01/2022,02:34:09,-67.54658,-67.80841,04/01/2022 02:34,03/01/2022 23:34
KB_22_42718_27,Female,Killingbeck,2022,04/01/2022,02:44:06,-67.54816,-67.803065,04/01/2022 02:44,03/01/2022 23:44
KB_22_42718_27,Female,Killingbeck,2022,04/01/2022,02:54:00,-67.54817,-67.803112,04/01/2022 02:54,03/01/2022 23:54
KB_22_42718_27,Female,Killingbeck,2022,04/01/2022,03:03:58,-67.548166,-67.803146,04/01/2022 03:03,04/01/2022 00:03
KB_22_42718_27,Female,Killingbeck,2022,04/01/2022,03:13:58,-67.548172,-67.803341,04/01/2022 03:13,04/01/2022 00:13
KB_22_42718_27,Female,Killingbeck,2022,04/01/2022,03:25:02,-67.546303,-67.800534,04/01/2022 03:25,04/01/2022 00:25
KB_22_42718_27,Female,Killingbeck,2022,04/01/2022,03:35:57,-67.547318,-67.787306,04/01/2022 03:35,04/01/2022 00:35
KB_22_42718_27,Female,Killingbeck,2022,04/01/2022,03:45:57,-67.546984,-67.787197,04/01/2022 03:45,04/01/2022 00:45
KB_22_42718_27,Female,Killingbeck,2022,04/01/2022,03:55:50,-67.547214,-67.784604,04/01/2022 03:55,04/01/2022 00:55
KB_22_42718_27,Female,Killingbeck,2022,04/01/2022,04:05:49,-67.547485,-67.784789,04/01/2022 04:05,04/01/2022 01:05
KB_22_42718_27,Female,Killingbeck,2022,04/01/2022,04:17:53,-67.547307,-67.784074,04/01/2022 04:17,04/01/2022 01:17
KB_22_42718_27,Female,Killingbeck,2022,04/01/2022,04:27:50,-67.547449,-67.784968,04/01/2022 04:27,04/01/2022 01:27
KB_22_42718_27,Female,Killingbeck,2022,04/01/2022,04:37:54,-67.547586,-67.786221,04/01/2022 04:37,04/01/2022 01:37
KB_22_42718_27,Female,Killingbeck,2022,04/01/2022,04:47:51,-67.548202,-67.786226,04/01/2022 04:47,04/01/2022 01:47
KB_22_42718_27,Female,Killingbeck,2022,04/01/2022,04:57:39,-67.547378,-67.78625,04/01/2022 04:57,04/01/2022 01:57
KB_22_42718_27,Female,Killingbeck,2022,04/01/2022,05:07:40,-67.547574,-67.785635,04/01/2022 05:07,04/01/2022 02:07
KB_22_42718_27,Female,Killingbeck,2022,04/01/2022,05:17:37,-67.547285,-67.78484,04/01/2022 05:17,04/01/2022 02:17
KB_22_42718_27,Female,Killingbeck,2022,04/01/2022,05:27:31,-67.547169,-67.784503,04/01/2022 05:27,04/01/2022 02:27
KB_22_42718_27,Female,Killingbeck,2022,04/01/2022,05:37:30,-67.546944,-67.785735,04/01/2022 05:37,04/01/2022 02:37
KB_22_42718_27,Female,Killingbeck,2022,04/01/2022,05:47:37,-67.546982,-67.785094,04/01/2022 05:47,04/01/2022 02:47
KB_22_42718_27,Female,Killingbeck,2022,04/01/2022,05:57:23,-67.547128,-67.784713,04/01/2022 05:57,04/01/2022 02:57
KB_22_42718_27,Female,Killingbeck,2022,04/01/2022,06:07:24,-67.546966,-67.783997,04/01/2022 06:07,04/01/2022 03:07
KB_22_42718_27,Female,Killingbeck,2022,04/01/2022,06:17:21,-67.5472,-67.78511,04/01/2022 06:17,04/01/2022 03:17
KB_22_42718_27,Female,Killingbeck,2022,04/01/2022,06:27:15,-67.5468,-67.785215,04/01/2022 06:27,04/01/2022 03:27
KB_22_42718_27,Female,Killingbeck,2022,04/01/2022,06:37:14,-67.570213,-68.070064,04/01/2022 06:37,04/01/2022 03:37
KB_22_42718_27,Female,Killingbeck,2022,04/01/2022,06:47:14,-67.570726,-68.06963,04/01/2022 06:47,04/01/2022 03:47
KB_22_42718_27,Female,Killingbeck,2022,04/01/2022,06:57:17,-67.570627,-68.069508,04/01/2022 06:57,04/01/2022 03:57
KB_22_42718_27,Female,Killingbeck,2022,04/01/2022,07:07:06,-67.570812,-68.070105,04/01/2022 07:07,04/01/2022 04:07
KB_22_42718_27,Female,Killingbeck,2022,04/01/2022,07:17:15,-67.570887,-68.070043,04/01/2022 07:17,04/01/2022 04:17
KB_22_42718_27,Female,Killingbeck,2022,04/01/2022,07:26:59,-67.566749,-68.03825,04/01/2022 07:26,04/01/2022 04:26
KB_22_42718_27,Female,Killingbeck,2022,04/01/2022,07:36:58,-67.570488,-68.068652,04/01/2022 07:36,04/01/2022 04:36
KB_22_42718_27,Female,Killingbeck,2022,04/01/2022,07:46:57,-67.564112,-67.994852,04/01/2022 07:46,04/01/2022 04:46
KB_22_42718_27,Female,Killingbeck,2022,04/01/2022,07:56:51,-67.551639,-67.84776,04/01/2022 07:56,04/01/2022 04:56
KB_22_42718_27,Female,Killingbeck,2022,04/01/2022,08:06:51,-67.546561,-67.802237,04/01/2022 08:06,04/01/2022 05:06
KB_22_42718_27,Female,Killingbeck,2022,04/01/2022,08:16:51,-67.546817,-67.783936,04/01/2022 08:16,04/01/2022 05:16
KB_22_42718_27,Female,Killingbeck,2022,04/01/2022,08:28:12,-67.547568,-67.786336,04/01/2022 08:28,04/01/2022 05:28
KB_22_42718_27,Female,Killingbeck,2022,04/01/2022,08:38:12,-67.547102,-67.785412,04/01/2022 08:38,04/01/2022 05:38
KB_22_42718_27,Female,Killingbeck,2022,04/01/2022,08:48:12,-67.547072,-67.78555,04/01/2022 08:48,04/01/2022 05:48
KB_22_42718_27,Female,Killingbeck,2022,04/01/2022,08:58:15,-67.546787,-67.784528,04/01/2022 08:58,04/01/2022 05:58
KB_22_42718_27,Female,Killingbeck,2022,04/01/2022,09:08:15,-67.546611,-67.785048,04/01/2022 09:08,04/01/2022 06:08
KB_22_42718_27,Female,Killingbeck,2022,04/01/2022,09:18:00,-67.547354,-67.785616,04/01/2022 09:18,04/01/2022 06:18
KB_22_42718_27,Female,Killingbeck,2022,04/01/2022,09:28:05,-67.547656,-67.784775,04/01/2022 09:28,04/01/2022 06:28
KB_22_42718_27,Female,Killingbeck,2022,04/01/2022,09:37:53,-67.547111,-67.784067,04/01/2022 09:37,04/01/2022 06:37
KB_22_42718_27,Female,Killingbeck,2022,04/01/2022,09:48:50,-67.545916,-67.783791,04/01/2022 09:48,04/01/2022 06:48
KB_22_42718_27,Female,Killingbeck,2022,04/01/2022,09:58:46,-67.545813,-67.783779,04/01/2022 09:58,04/01/2022 06:58
KB_22_42718_27,Female,Killingbeck,2022,04/01/2022,10:10:42,-67.54576,-67.78343,04/01/2022 10:10,04/01/2022 07:10
KB_22_42718_27,Female,Killingbeck,2022,04/01/2022,10:20:41,-67.550277,-67.783886,04/01/2022 10:20,04/01/2022 07:20
KB_22_42718_27,Female,Killingbeck,2022,04/01/2022,10:30:35,-67.548989,-67.787911,04/01/2022 10:30,04/01/2022 07:30
KB_22_42718_27,Female,Killingbeck,2022,04/01/2022,10:40:34,-67.566577,-67.895823,04/01/2022 10:40,04/01/2022 07:40
KB_22_42718_27,Female,Killingbeck,2022,04/01/2022,10:50:33,-67.57055,-68.069103,04/01/2022 10:50,04/01/2022 07:50
KB_22_42718_27,Female,Killingbeck,2022,04/01/2022,11:00:35,-67.570582,-68.069116,04/01/2022 11:00,04/01/2022 08:00
KB_22_42718_27,Female,Killingbeck,2022,04/01/2022,11:10:29,-67.570605,-68.06907,04/01/2022 11:10,04/01/2022 08:10
KB_22_42718_27,Female,Killingbeck,2022,04/01/2022,11:20:28,-67.570551,-68.069023,04/01/2022 11:20,04/01/2022 08:20
KB_22_42718_27,Female,Killingbeck,2022,04/01/2022,11:30:22,-67.571202,-68.067739,04/01/2022 11:30,04/01/2022 08:30
KB_22_42718_27,Female,Killingbeck,2022,04/01/2022,11:40:18,-67.570717,-68.069458,04/01/2022 11:40,04/01/2022 08:40
KB_22_42718_27,Female,Killingbeck,2022,04/01/2022,11:50:18,-67.570658,-68.069527,04/01/2022 11:50,04/01/2022 08:50
KB_22_42718_27,Female,Killingbeck,2022,04/01/2022,12:00:13,-67.570599,-68.068869,04/01/2022 12:00,04/01/2022 09:00
KB_22_42718_27,Female,Killingbeck,2022,04/01/2022,12:10:11,-67.570682,-68.069256,04/01/2022 12:10,04/01/2022 09:10
KB_22_42718_27,Female,Killingbeck,2022,04/01/2022,12:20:10,-67.570743,-68.069627,04/01/2022 12:20,04/01/2022 09:20
KB_22_42718_27,Female,Killingbeck,2022,04/01/2022,12:30:04,-67.570908,-68.070035,04/01/2022 12:30,04/01/2022 09:30
KB_22_42718_27,Female,Killingbeck,2022,04/01/2022,12:40:03,-67.570682,-68.069231,04/01/2022 12:40,04/01/2022 09:40
KB_22_42718_27,Female,Killingbeck,2022,04/01/2022,12:50:03,-67.570721,-68.069505,04/01/2022 12:50,04/01/2022 09:50
KB_22_42718_27,Female,Killingbeck,2022,04/01/2022,12:59:57,-67.570665,-68.069605,04/01/2022 12:59,04/01/2022 09:59
KB_22_42718_27,Female,Killingbeck,2022,04/01/2022,13:09:58,-67.570605,-68.069435,04/01/2022 13:09,04/01/2022 10:09
KB_22_42718_27,Female,Killingbeck,2022,04/01/2022,13:19:55,-67.570759,-68.069693,04/01/2022 13:19,04/01/2022 10:19
KB_22_42718_27,Female,Killingbeck,2022,04/01/2022,13:29:48,-67.570717,-68.069483,04/01/2022 13:29,04/01/2022 10:29
KB_22_42718_27,Female,Killingbeck,2022,04/01/2022,13:39:49,-67.570552,-68.069473,04/01/2022 13:39,04/01/2022 10:39
KB_22_42718_27,Female,Killingbeck,2022,04/01/2022,13:49:47,-67.570672,-68.069281,04/01/2022 13:49,04/01/2022 10:49
KB_22_42718_27,Female,Killingbeck,2022,04/01/2022,13:59:41,-67.570709,-68.069561,04/01/2022 13:59,04/01/2022 10:59
KB_22_42718_27,Female,Killingbeck,2022,04/01/2022,14:09:41,-67.570645,-68.069391,04/01/2022 14:09,04/01/2022 11:09
KB_22_42718_27,Female,Killingbeck,2022,04/01/2022,14:19:40,-67.570665,-68.069393,04/01/2022 14:19,04/01/2022 11:19
KB_22_42718_27,Female,Killingbeck,2022,04/01/2022,14:29:34,-67.570872,-68.069394,04/01/2022 14:29,04/01/2022 11:29
KB_22_42718_27,Female,Killingbeck,2022,04/01/2022,14:39:35,-67.570697,-68.069472,04/01/2022 14:39,04/01/2022 11:39
KB_22_42718_27,Female,Killingbeck,2022,04/01/2022,14:49:32,-67.57071,-68.069363,04/01/2022 14:49,04/01/2022 11:49
KB_22_42718_27,Female,Killingbeck,2022,04/01/2022,14:59:24,-67.570707,-68.069498,04/01/2022 14:59,04/01/2022 11:59
KB_22_42718_27,Female,Killingbeck,2022,04/01/2022,15:09:24,-67.570788,-68.069704,04/01/2022 15:09,04/01/2022 12:09
KB_22_42718_27,Female,Killingbeck,2022,04/01/2022,15:19:22,-67.570786,-68.069496,04/01/2022 15:19,04/01/2022 12:19
KB_22_42718_27,Female,Killingbeck,2022,04/01/2022,15:29:18,-67.570719,-68.069439,04/01/2022 15:29,04/01/2022 12:29
KB_22_42718_27,Female,Killingbeck,2022,04/01/2022,15:39:16,-67.570728,-68.069494,04/01/2022 15:39,04/01/2022 12:39
KB_22_42718_27,Female,Killingbeck,2022,04/01/2022,15:49:15,-67.570743,-68.069747,04/01/2022 15:49,04/01/2022 12:49
KB_22_42718_27,Female,Killingbeck,2022,04/01/2022,15:59:09,-67.570644,-68.069577,04/01/2022 15:59,04/01/2022 12:59
KB_22_42718_27,Female,Killingbeck,2022,04/01/2022,16:09:08,-67.570835,-68.069853,04/01/2022 16:09,04/01/2022 13:09
KB_22_42718_27,Female,Killingbeck,2022,04/01/2022,16:19:07,-67.570791,-68.069521,04/01/2022 16:19,04/01/2022 13:19
KB_22_42718_27,Female,Killingbeck,2022,04/01/2022,16:29:01,-67.570766,-68.069751,04/01/2022 16:29,04/01/2022 13:29
KB_22_42718_27,Female,Killingbeck,2022,04/01/2022,16:39:01,-67.570709,-68.069597,04/01/2022 16:39,04/01/2022 13:39
KB_22_42718_27,Female,Killingbeck,2022,04/01/2022,16:48:59,-67.570721,-68.069555,04/01/2022 16:48,04/01/2022 13:48
KB_22_42718_27,Female,Killingbeck,2022,04/01/2022,16:58:53,-67.570781,-68.069462,04/01/2022 16:58,04/01/2022 13:58
KB_22_42718_27,Female,Killingbeck,2022,04/01/2022,17:08:53,-67.570756,-68.069528,04/01/2022 17:08,04/01/2022 14:08
KB_22_42718_27,Female,Killingbeck,2022,04/01/2022,17:18:55,-67.570792,-68.069547,04/01/2022 17:18,04/01/2022 14:18
KB_22_42718_27,Female,Killingbeck,2022,04/01/2022,17:28:47,-67.570796,-68.069619,04/01/2022 17:28,04/01/2022 14:28
KB_22_42718_27,Female,Killingbeck,2022,04/01/2022,17:38:48,-67.570783,-68.069752,04/01/2022 17:38,04/01/2022 14:38
KB_22_42718_27,Female,Killingbeck,2022,04/01/2022,17:48:44,-67.570749,-68.069685,04/01/2022 17:48,04/01/2022 14:48
KB_22_42718_27,Female,Killingbeck,2022,04/01/2022,17:58:38,-67.570713,-68.069688,04/01/2022 17:58,04/01/2022 14:58
KB_22_42718_27,Female,Killingbeck,2022,04/01/2022,18:08:37,-67.570744,-68.069875,04/01/2022 18:08,04/01/2022 15:08
KB_22_42718_27,Female,Killingbeck,2022,04/01/2022,18:18:39,-67.570702,-68.069582,04/01/2022 18:18,04/01/2022 15:18
KB_22_42718_27,Female,Killingbeck,2022,04/01/2022,18:28:30,-67.570742,-68.069748,04/01/2022 18:28,04/01/2022 15:28
KB_22_42718_27,Female,Killingbeck,2022,04/01/2022,18:38:29,-67.570711,-68.069687,04/01/2022 18:38,04/01/2022 15:38
KB_22_42718_27,Female,Killingbeck,2022,04/01/2022,18:48:31,-67.571062,-68.070288,04/01/2022 18:48,04/01/2022 15:48
KB_22_42718_27,Female,Killingbeck,2022,04/01/2022,18:58:23,-67.570362,-68.068917,04/01/2022 18:58,04/01/2022 15:58
KB_22_42718_27,Female,Killingbeck,2022,04/01/2022,19:08:25,-67.570321,-68.068518,04/01/2022 19:08,04/01/2022 16:08
KB_22_42718_27,Female,Killingbeck,2022,04/01/2022,19:18:24,-67.570901,-68.069946,04/01/2022 19:18,04/01/2022 16:18
KB_22_42718_27,Female,Killingbeck,2022,04/01/2022,19:28:18,-67.571021,-68.06901,04/01/2022 19:28,04/01/2022 16:28
KB_22_42718_27,Female,Killingbeck,2022,04/01/2022,19:38:17,-67.571463,-68.072636,04/01/2022 19:38,04/01/2022 16:38
KB_22_42718_27,Female,Killingbeck,2022,04/01/2022,19:48:22,-67.570705,-68.069507,04/01/2022 19:48,04/01/2022 16:48
KB_22_42718_27,Female,Killingbeck,2022,04/01/2022,19:58:10,-67.571201,-68.069174,04/01/2022 19:58,04/01/2022 16:58
KB_22_42718_27,Female,Killingbeck,2022,04/01/2022,20:08:09,-67.571253,-68.069318,04/01/2022 20:08,04/01/2022 17:08
KB_22_42718_27,Female,Killingbeck,2022,04/01/2022,20:18:17,-67.570743,-68.069835,04/01/2022 20:18,04/01/2022 17:18
KB_22_42718_27,Female,Killingbeck,2022,04/01/2022,20:28:07,-67.570715,-68.06961,04/01/2022 20:28,04/01/2022 17:28
KB_22_42718_27,Female,Killingbeck,2022,04/01/2022,20:38:10,-67.570806,-68.069488,04/01/2022 20:38,04/01/2022 17:38
KB_22_42718_27,Female,Killingbeck,2022,04/01/2022,20:47:58,-67.570658,-68.069195,04/01/2022 20:47,04/01/2022 17:47
KB_22_42718_27,Female,Killingbeck,2022,04/01/2022,20:57:52,-67.57073,-68.069491,04/01/2022 20:57,04/01/2022 17:57
KB_22_42718_27,Female,Killingbeck,2022,04/01/2022,21:07:52,-67.570754,-68.069472,04/01/2022 21:07,04/01/2022 18:07
KB_22_42718_27,Female,Killingbeck,2022,04/01/2022,21:17:51,-67.570711,-68.069597,04/01/2022 21:17,04/01/2022 18:17
KB_22_42718_27,Female,Killingbeck,2022,04/01/2022,21:27:44,-67.570687,-68.069376,04/01/2022 21:27,04/01/2022 18:27
KB_22_42718_27,Female,Killingbeck,2022,04/01/2022,21:37:43,-67.570699,-68.069265,04/01/2022 21:37,04/01/2022 18:37
KB_22_42718_27,Female,Killingbeck,2022,04/01/2022,21:47:43,-67.570798,-68.069298,04/01/2022 21:47,04/01/2022 18:47
KB_22_42718_27,Female,Killingbeck,2022,04/01/2022,21:57:36,-67.570704,-68.06937,04/01/2022 21:57,04/01/2022 18:57
KB_22_42718_27,Female,Killingbeck,2022,04/01/2022,22:07:38,-67.570251,-68.068531,04/01/2022 22:07,04/01/2022 19:07
KB_22_42718_27,Female,Killingbeck,2022,04/01/2022,22:17:34,-67.570696,-68.069439,04/01/2022 22:17,04/01/2022 19:17
KB_22_42718_27,Female,Killingbeck,2022,04/01/2022,22:27:28,-67.570755,-68.069429,04/01/2022 22:27,04/01/2022 19:27
KB_22_42718_27,Female,Killingbeck,2022,04/01/2022,22:37:27,-67.570654,-68.069195,04/01/2022 22:37,04/01/2022 19:37
KB_22_42718_27,Female,Killingbeck,2022,04/01/2022,22:47:27,-67.570589,-68.068847,04/01/2022 22:47,04/01/2022 19:47
KB_22_42718_27,Female,Killingbeck,2022,04/01/2022,22:57:20,-67.570739,-68.069229,04/01/2022 22:57,04/01/2022 19:57
KB_22_42718_27,Female,Killingbeck,2022,04/01/2022,23:07:19,-67.570761,-68.069358,04/01/2022 23:07,04/01/2022 20:07
KB_22_42718_27,Female,Killingbeck,2022,04/01/2022,23:17:19,-67.570772,-68.069464,04/01/2022 23:17,04/01/2022 20:17
KB_22_42718_27,Female,Killingbeck,2022,04/01/2022,23:27:14,-67.570707,-68.069333,04/01/2022 23:27,04/01/2022 20:27
KB_22_42718_27,Female,Killingbeck,2022,04/01/2022,23:37:21,-67.570702,-68.069422,04/01/2022 23:37,04/01/2022 20:37
KB_22_42718_27,Female,Killingbeck,2022,04/01/2022,23:47:12,-67.5707,-68.069432,04/01/2022 23:47,04/01/2022 20:47
KB_22_42718_27,Female,Killingbeck,2022,04/01/2022,23:57:04,-67.570689,-68.06939,04/01/2022 23:57,04/01/2022 20:57
KB_22_42718_27,Female,Killingbeck,2022,05/01/2022,00:07:09,-67.570769,-68.069516,05/01/2022 00:07,04/01/2022 21:07
KB_22_42718_27,Female,Killingbeck,2022,05/01/2022,00:17:04,-67.570672,-68.069379,05/01/2022 00:17,04/01/2022 21:17
KB_22_42718_27,Female,Killingbeck,2022,05/01/2022,00:26:55,-67.570692,-68.06947,05/01/2022 00:26,04/01/2022 21:26
KB_22_42718_27,Female,Killingbeck,2022,05/01/2022,00:36:57,-67.570603,-68.069415,05/01/2022 00:36,04/01/2022 21:36
KB_22_42718_27,Female,Killingbeck,2022,05/01/2022,00:46:56,-67.570637,-68.069305,05/01/2022 00:46,04/01/2022 21:46
KB_22_42718_27,Female,Killingbeck,2022,05/01/2022,00:56:49,-67.570657,-68.06938,05/01/2022 00:56,04/01/2022 21:56
KB_22_42718_27,Female,Killingbeck,2022,05/01/2022,01:06:47,-67.570669,-68.069507,05/01/2022 01:06,04/01/2022 22:06
KB_22_42718_27,Female,Killingbeck,2022,05/01/2022,01:16:46,-67.570708,-68.069429,05/01/2022 01:16,04/01/2022 22:16
KB_22_42718_27,Female,Killingbeck,2022,05/01/2022,01:26:41,-67.570668,-68.069357,05/01/2022 01:26,04/01/2022 22:26
KB_22_42718_27,Female,Killingbeck,2022,05/01/2022,01:36:42,-67.570662,-68.06927,05/01/2022 01:36,04/01/2022 22:36
KB_22_42718_27,Female,Killingbeck,2022,05/01/2022,01:46:38,-67.570707,-68.06944,05/01/2022 01:46,04/01/2022 22:46
KB_22_42718_27,Female,Killingbeck,2022,05/01/2022,01:56:33,-67.570815,-68.069548,05/01/2022 01:56,04/01/2022 22:56
KB_22_42718_27,Female,Killingbeck,2022,05/01/2022,02:06:31,-67.570759,-68.069373,05/01/2022 02:06,04/01/2022 23:06
KB_22_42718_27,Female,Killingbeck,2022,05/01/2022,02:16:30,-67.570822,-68.069406,05/01/2022 02:16,04/01/2022 23:16
KB_22_42718_27,Female,Killingbeck,2022,05/01/2022,02:26:27,-67.571274,-68.068663,05/01/2022 02:26,04/01/2022 23:26
KB_22_42718_27,Female,Killingbeck,2022,05/01/2022,02:36:23,-67.570749,-68.069416,05/01/2022 02:36,04/01/2022 23:36
KB_22_42718_27,Female,Killingbeck,2022,05/01/2022,02:46:23,-67.570815,-68.069267,05/01/2022 02:46,04/01/2022 23:46
KB_22_42718_27,Female,Killingbeck,2022,05/01/2022,02:56:18,-67.57049,-68.069243,05/01/2022 02:56,04/01/2022 23:56
KB_22_42718_27,Female,Killingbeck,2022,05/01/2022,03:06:27,-67.570759,-68.069473,05/01/2022 03:06,05/01/2022 00:06
KB_22_42718_27,Female,Killingbeck,2022,05/01/2022,03:16:16,-67.570736,-68.069394,05/01/2022 03:16,05/01/2022 00:16
KB_22_42718_27,Female,Killingbeck,2022,05/01/2022,03:26:10,-67.570762,-68.069357,05/01/2022 03:26,05/01/2022 00:26
KB_22_42718_27,Female,Killingbeck,2022,05/01/2022,03:36:08,-67.569279,-68.059231,05/01/2022 03:36,05/01/2022 00:36
KB_22_42718_27,Female,Killingbeck,2022,05/01/2022,03:46:07,-67.563397,-67.926035,05/01/2022 03:46,05/01/2022 00:46
KB_22_42718_27,Female,Killingbeck,2022,05/01/2022,03:57:22,-67.54694,-67.787211,05/01/2022 03:57,05/01/2022 00:57
KB_22_42718_27,Female,Killingbeck,2022,05/01/2022,04:07:21,-67.547153,-67.782084,05/01/2022 04:07,05/01/2022 01:07
KB_22_42718_27,Female,Killingbeck,2022,05/01/2022,04:17:20,-67.546867,-67.69174,05/01/2022 04:17,05/01/2022 01:17
KB_22_42718_27,Female,Killingbeck,2022,05/01/2022,04:27:14,-67.546908,-67.691387,05/01/2022 04:27,05/01/2022 01:27
KB_22_42718_27,Female,Killingbeck,2022,05/01/2022,04:37:16,-67.547028,-67.69835,05/01/2022 04:37,05/01/2022 01:37
KB_22_42718_27,Female,Killingbeck,2022,05/01/2022,04:47:15,-67.546898,-67.691452,05/01/2022 04:47,05/01/2022 01:47
KB_22_42718_27,Female,Killingbeck,2022,05/01/2022,04:57:10,-67.546903,-67.691281,05/01/2022 04:57,05/01/2022 01:57
KB_22_42718_27,Female,Killingbeck,2022,05/01/2022,05:07:11,-67.547135,-67.691649,05/01/2022 05:07,05/01/2022 02:07
KB_22_42718_27,Female,Killingbeck,2022,05/01/2022,05:17:07,-67.546884,-67.691691,05/01/2022 05:17,05/01/2022 02:17
KB_22_42718_27,Female,Killingbeck,2022,05/01/2022,05:27:01,-67.546966,-67.691498,05/01/2022 05:27,05/01/2022 02:27
KB_22_42718_27,Female,Killingbeck,2022,05/01/2022,05:37:00,-67.546901,-67.69163,05/01/2022 05:37,05/01/2022 02:37
KB_22_42718_27,Female,Killingbeck,2022,05/01/2022,05:46:59,-67.546946,-67.691534,05/01/2022 05:46,05/01/2022 02:46
KB_22_42718_27,Female,Killingbeck,2022,05/01/2022,05:56:53,-67.546858,-67.691331,05/01/2022 05:56,05/01/2022 02:56
KB_22_42718_27,Female,Killingbeck,2022,05/01/2022,06:07:43,-67.546277,-67.696215,05/01/2022 06:07,05/01/2022 03:07
KB_22_42718_27,Female,Killingbeck,2022,05/01/2022,06:17:44,-67.546837,-67.691863,05/01/2022 06:17,05/01/2022 03:17
KB_22_42718_27,Female,Killingbeck,2022,05/01/2022,06:27:40,-67.546783,-67.691264,05/01/2022 06:27,05/01/2022 03:27
KB_22_42718_27,Female,Killingbeck,2022,05/01/2022,06:37:36,-67.546971,-67.690968,05/01/2022 06:37,05/01/2022 03:37
KB_22_42718_27,Female,Killingbeck,2022,05/01/2022,06:47:36,-67.546851,-67.691446,05/01/2022 06:47,05/01/2022 03:47
KB_22_42718_27,Female,Killingbeck,2022,05/01/2022,06:57:29,-67.546776,-67.691503,05/01/2022 06:57,05/01/2022 03:57
KB_22_42718_27,Female,Killingbeck,2022,05/01/2022,07:07:28,-67.546781,-67.691545,05/01/2022 07:07,05/01/2022 04:07
KB_22_42718_27,Female,Killingbeck,2022,05/01/2022,07:17:28,-67.546849,-67.691273,05/01/2022 07:17,05/01/2022 04:17
KB_22_42718_27,Female,Killingbeck,2022,05/01/2022,07:27:21,-67.546851,-67.691401,05/01/2022 07:27,05/01/2022 04:27
KB_22_42718_27,Female,Killingbeck,2022,05/01/2022,07:37:20,-67.546812,-67.691429,05/01/2022 07:37,05/01/2022 04:37
KB_22_42718_27,Female,Killingbeck,2022,05/01/2022,07:47:19,-67.546859,-67.691205,05/01/2022 07:47,05/01/2022 04:47
KB_22_42718_27,Female,Killingbeck,2022,05/01/2022,07:57:12,-67.546086,-67.695241,05/01/2022 07:57,05/01/2022 04:57
KB_22_42718_27,Female,Killingbeck,2022,05/01/2022,08:08:45,-67.546249,-67.69534,05/01/2022 08:08,05/01/2022 05:08
KB_22_42718_27,Female,Killingbeck,2022,05/01/2022,08:18:47,-67.546244,-67.695766,05/01/2022 08:18,05/01/2022 05:18
KB_22_42718_27,Female,Killingbeck,2022,05/01/2022,08:29:36,-67.546139,-67.695515,05/01/2022 08:29,05/01/2022 05:29
KB_22_42718_27,Female,Killingbeck,2022,05/01/2022,08:39:39,-67.545844,-67.69571,05/01/2022 08:39,05/01/2022 05:39
KB_22_42718_27,Female,Killingbeck,2022,05/01/2022,08:49:43,-67.545841,-67.696705,05/01/2022 08:49,05/01/2022 05:49
KB_22_42718_27,Female,Killingbeck,2022,05/01/2022,08:59:28,-67.546425,-67.698347,05/01/2022 08:59,05/01/2022 05:59
KB_22_42718_27,Female,Killingbeck,2022,05/01/2022,09:09:27,-67.553666,-67.701032,05/01/2022 09:09,05/01/2022 06:09
KB_22_42718_27,Female,Killingbeck,2022,05/01/2022,09:19:33,-67.553881,-67.701314,05/01/2022 09:19,05/01/2022 06:19
KB_22_42718_27,Female,Killingbeck,2022,05/01/2022,09:29:21,-67.556559,-67.708859,05/01/2022 09:29,05/01/2022 06:29
KB_22_42718_27,Female,Killingbeck,2022,05/01/2022,09:39:20,-67.556664,-67.708544,05/01/2022 09:39,05/01/2022 06:39
KB_22_42718_27,Female,Killingbeck,2022,05/01/2022,09:49:18,-67.556604,-67.708757,05/01/2022 09:49,05/01/2022 06:49
KB_22_42718_27,Female,Killingbeck,2022,05/01/2022,09:59:11,-67.548731,-67.787742,05/01/2022 09:59,05/01/2022 06:59
KB_22_42718_27,Female,Killingbeck,2022,05/01/2022,10:09:11,-67.548898,-67.787425,05/01/2022 10:09,05/01/2022 07:09
KB_22_42718_27,Female,Killingbeck,2022,05/01/2022,10:19:10,-67.550593,-67.785917,05/01/2022 10:19,05/01/2022 07:19
KB_22_42718_27,Female,Killingbeck,2022,05/01/2022,10:29:04,-67.568797,-68.034163,05/01/2022 10:29,05/01/2022 07:29
KB_22_42718_27,Female,Killingbeck,2022,05/01/2022,10:39:03,-67.570551,-68.068996,05/01/2022 10:39,05/01/2022 07:39
KB_22_42718_27,Female,Killingbeck,2022,05/01/2022,10:49:03,-67.570313,-68.069085,05/01/2022 10:49,05/01/2022 07:49
KB_22_42718_27,Female,Killingbeck,2022,05/01/2022,10:58:59,-67.570367,-68.069014,05/01/2022 10:58,05/01/2022 07:58
KB_22_42718_27,Female,Killingbeck,2022,05/01/2022,11:08:56,-67.570595,-68.068973,05/01/2022 11:08,05/01/2022 08:08
KB_22_42718_27,Female,Killingbeck,2022,05/01/2022,11:18:55,-67.570678,-68.069708,05/01/2022 11:18,05/01/2022 08:18
KB_22_42718_27,Female,Killingbeck,2022,05/01/2022,11:28:48,-67.570748,-68.069367,05/01/2022 11:28,05/01/2022 08:28
KB_22_42718_27,Female,Killingbeck,2022,05/01/2022,11:38:48,-67.571589,-68.092215,05/01/2022 11:38,05/01/2022 08:38
KB_22_42718_27,Female,Killingbeck,2022,05/01/2022,11:48:47,-67.578282,-68.073836,05/01/2022 11:48,05/01/2022 08:48
KB_22_42718_27,Female,Killingbeck,2022,05/01/2022,11:58:57,0,0,05/01/2022 11:58,05/01/2022 08:58
KB_22_42718_27,Female,Killingbeck,2022,05/01/2022,12:08:39,-67.570761,-68.069516,05/01/2022 12:08,05/01/2022 09:08
KB_22_42718_27,Female,Killingbeck,2022,05/01/2022,12:18:38,-67.570784,-68.069622,05/01/2022 12:18,05/01/2022 09:18
KB_22_42718_27,Female,Killingbeck,2022,05/01/2022,12:28:33,-67.570704,-68.069438,05/01/2022 12:28,05/01/2022 09:28
KB_22_42718_27,Female,Killingbeck,2022,05/01/2022,12:38:31,-67.570727,-68.069514,05/01/2022 12:38,05/01/2022 09:38
KB_22_42718_27,Female,Killingbeck,2022,05/01/2022,12:48:31,-67.57071,-68.069296,05/01/2022 12:48,05/01/2022 09:48
KB_22_42718_27,Female,Killingbeck,2022,05/01/2022,12:58:24,-67.570686,-68.069463,05/01/2022 12:58,05/01/2022 09:58
KB_22_42718_27,Female,Killingbeck,2022,05/01/2022,13:08:26,-67.570574,-68.069245,05/01/2022 13:08,05/01/2022 10:08
KB_22_42718_27,Female,Killingbeck,2022,05/01/2022,13:18:22,-67.570697,-68.069547,05/01/2022 13:18,05/01/2022 10:18
KB_22_42718_27,Female,Killingbeck,2022,05/01/2022,13:28:23,-67.570596,-68.069346,05/01/2022 13:28,05/01/2022 10:28
KB_22_42718_27,Female,Killingbeck,2022,05/01/2022,13:38:19,-67.570648,-68.069499,05/01/2022 13:38,05/01/2022 10:38
KB_22_42718_27,Female,Killingbeck,2022,05/01/2022,13:48:15,-67.570673,-68.069443,05/01/2022 13:48,05/01/2022 10:48
KB_22_42718_27,Female,Killingbeck,2022,05/01/2022,13:58:20,-67.571198,-68.070866,05/01/2022 13:58,05/01/2022 10:58
KB_22_42718_27,Female,Killingbeck,2022,05/01/2022,14:08:16,-67.57041,-68.068786,05/01/2022 14:08,05/01/2022 11:08
KB_22_42718_27,Female,Killingbeck,2022,05/01/2022,14:18:18,-67.570813,-68.069326,05/01/2022 14:18,05/01/2022 11:18
KB_22_42718_27,Female,Killingbeck,2022,05/01/2022,14:28:01,-67.57072,-68.06949,05/01/2022 14:28,05/01/2022 11:28
KB_22_42718_27,Female,Killingbeck,2022,05/01/2022,14:38:00,-67.570744,-68.069424,05/01/2022 14:38,05/01/2022 11:38
KB_22_42718_27,Female,Killingbeck,2022,05/01/2022,14:47:59,-67.570793,-68.069637,05/01/2022 14:47,05/01/2022 11:47
KB_22_42718_27,Female,Killingbeck,2022,05/01/2022,14:57:55,-67.57079,-68.069012,05/01/2022 14:57,05/01/2022 11:57
KB_22_42718_27,Female,Killingbeck,2022,05/01/2022,15:07:54,-67.570693,-68.069191,05/01/2022 15:07,05/01/2022 12:07
KB_22_42718_27,Female,Killingbeck,2022,05/01/2022,15:17:59,-67.570722,-68.069526,05/01/2022 15:17,05/01/2022 12:17
KB_22_42718_27,Female,Killingbeck,2022,05/01/2022,15:27:45,-67.570781,-68.069698,05/01/2022 15:27,05/01/2022 12:27
KB_22_42718_27,Female,Killingbeck,2022,05/01/2022,15:37:52,-67.570679,-68.070112,05/01/2022 15:37,05/01/2022 12:37
KB_22_42718_27,Female,Killingbeck,2022,05/01/2022,15:47:43,-67.570747,-68.069454,05/01/2022 15:47,05/01/2022 12:47
KB_22_42718_27,Female,Killingbeck,2022,05/01/2022,15:57:40,-67.570693,-68.069582,05/01/2022 15:57,05/01/2022 12:57
KB_22_42718_27,Female,Killingbeck,2022,05/01/2022,16:07:46,-67.571005,-68.067935,05/01/2022 16:07,05/01/2022 13:07
KB_22_42718_27,Female,Killingbeck,2022,05/01/2022,16:17:36,-67.570619,-68.069592,05/01/2022 16:17,05/01/2022 13:17
KB_22_42718_27,Female,Killingbeck,2022,05/01/2022,16:27:32,-67.570693,-68.069558,05/01/2022 16:27,05/01/2022 13:27
KB_22_42718_27,Female,Killingbeck,2022,05/01/2022,16:37:31,-67.57069,-68.06956,05/01/2022 16:37,05/01/2022 13:37
KB_22_42718_27,Female,Killingbeck,2022,05/01/2022,16:47:27,-67.570709,-68.069504,05/01/2022 16:47,05/01/2022 13:47
KB_22_42718_27,Female,Killingbeck,2022,05/01/2022,16:57:29,-67.570682,-68.069543,05/01/2022 16:57,05/01/2022 13:57
KB_22_42718_27,Female,Killingbeck,2022,05/01/2022,17:07:20,-67.570741,-68.069513,05/01/2022 17:07,05/01/2022 14:07
KB_22_42718_27,Female,Killingbeck,2022,05/01/2022,17:17:22,-67.570773,-68.069729,05/01/2022 17:17,05/01/2022 14:17
KB_22_42718_27,Female,Killingbeck,2022,05/01/2022,17:27:16,-67.570804,-68.069494,05/01/2022 17:27,05/01/2022 14:27
KB_22_42718_27,Female,Killingbeck,2022,05/01/2022,17:37:27,-67.570713,-68.069646,05/01/2022 17:37,05/01/2022 14:37
KB_22_42718_27,Female,Killingbeck,2022,05/01/2022,17:47:13,-67.57083,-68.069482,05/01/2022 17:47,05/01/2022 14:47
KB_22_42718_27,Female,Killingbeck,2022,05/01/2022,17:57:06,-67.570378,-68.069918,05/01/2022 17:57,05/01/2022 14:57
KB_22_42718_27,Female,Killingbeck,2022,05/01/2022,18:07:03,-67.570764,-68.069614,05/01/2022 18:07,05/01/2022 15:07
KB_22_42718_27,Female,Killingbeck,2022,05/01/2022,18:17:06,-67.570662,-68.069491,05/01/2022 18:17,05/01/2022 15:17
KB_22_42718_27,Female,Killingbeck,2022,05/01/2022,18:26:58,-67.570819,-68.069852,05/01/2022 18:26,05/01/2022 15:26
KB_22_42718_27,Female,Killingbeck,2022,05/01/2022,18:37:08,-67.570932,-68.069521,05/01/2022 18:37,05/01/2022 15:37
KB_22_42718_27,Female,Killingbeck,2022,05/01/2022,18:46:57,-67.573158,-68.071987,05/01/2022 18:46,05/01/2022 15:46
KB_22_42718_27,Female,Killingbeck,2022,05/01/2022,18:56:49,-67.570763,-68.069676,05/01/2022 18:56,05/01/2022 15:56
KB_22_42718_27,Female,Killingbeck,2022,05/01/2022,19:06:50,-67.570651,-68.069999,05/01/2022 19:06,05/01/2022 16:06
KB_22_42718_27,Female,Killingbeck,2022,05/01/2022,19:16:49,-67.570662,-68.069509,05/01/2022 19:16,05/01/2022 16:16
KB_22_42718_27,Female,Killingbeck,2022,05/01/2022,19:26:41,-67.570715,-68.069491,05/01/2022 19:26,05/01/2022 16:26
KB_22_42718_27,Female,Killingbeck,2022,05/01/2022,19:36:41,-67.570674,-68.069653,05/01/2022 19:36,05/01/2022 16:36
KB_22_42718_27,Female,Killingbeck,2022,05/01/2022,19:46:40,-67.570767,-68.069618,05/01/2022 19:46,05/01/2022 16:46
KB_22_42718_27,Female,Killingbeck,2022,05/01/2022,19:56:35,-67.570999,-68.069374,05/01/2022 19:56,05/01/2022 16:56
KB_22_42718_27,Female,Killingbeck,2022,05/01/2022,20:06:35,-67.570788,-68.069626,05/01/2022 20:06,05/01/2022 17:06
KB_22_42718_27,Female,Killingbeck,2022,05/01/2022,20:16:36,-67.570706,-68.069466,05/01/2022 20:16,05/01/2022 17:16
KB_22_42718_27,Female,Killingbeck,2022,05/01/2022,20:26:28,-67.57071,-68.069492,05/01/2022 20:26,05/01/2022 17:26
KB_22_42718_27,Female,Killingbeck,2022,05/01/2022,20:36:25,-67.570721,-68.069645,05/01/2022 20:36,05/01/2022 17:36
KB_22_42718_27,Female,Killingbeck,2022,05/01/2022,20:46:33,-67.570623,-68.069177,05/01/2022 20:46,05/01/2022 17:46
KB_22_42718_27,Female,Killingbeck,2022,05/01/2022,20:56:19,-67.570686,-68.069503,05/01/2022 20:56,05/01/2022 17:56
KB_22_42718_27,Female,Killingbeck,2022,05/01/2022,21:06:20,-67.569985,-68.07184,05/01/2022 21:06,05/01/2022 18:06
KB_22_42718_27,Female,Killingbeck,2022,05/01/2022,21:16:19,-67.57026,-68.071829,05/01/2022 21:16,05/01/2022 18:16
KB_22_42718_27,Female,Killingbeck,2022,05/01/2022,21:26:14,-67.570683,-68.069432,05/01/2022 21:26,05/01/2022 18:26
KB_22_42718_27,Female,Killingbeck,2022,05/01/2022,21:36:11,-67.570723,-68.069472,05/01/2022 21:36,05/01/2022 18:36
KB_22_42718_27,Female,Killingbeck,2022,05/01/2022,21:46:09,-67.57061,-68.069364,05/01/2022 21:46,05/01/2022 18:46
KB_22_42718_27,Female,Killingbeck,2022,05/01/2022,21:56:02,-67.570704,-68.068946,05/01/2022 21:56,05/01/2022 18:56
KB_22_42718_27,Female,Killingbeck,2022,05/01/2022,22:06:02,-67.570549,-68.069257,05/01/2022 22:06,05/01/2022 19:06
KB_22_42718_27,Female,Killingbeck,2022,05/01/2022,22:16:00,-67.570699,-68.069434,05/01/2022 22:16,05/01/2022 19:16
KB_22_42718_27,Female,Killingbeck,2022,05/01/2022,22:25:56,-67.570724,-68.069281,05/01/2022 22:25,05/01/2022 19:25
KB_22_42718_27,Female,Killingbeck,2022,05/01/2022,22:36:02,-67.570689,-68.069177,05/01/2022 22:36,05/01/2022 19:36
KB_22_42718_27,Female,Killingbeck,2022,05/01/2022,22:45:55,-67.570656,-68.068912,05/01/2022 22:45,05/01/2022 19:45
KB_22_42718_27,Female,Killingbeck,2022,05/01/2022,22:55:50,-67.570538,-68.068904,05/01/2022 22:55,05/01/2022 19:55
KB_22_42718_27,Female,Killingbeck,2022,05/01/2022,23:05:57,-67.570748,-68.069358,05/01/2022 23:05,05/01/2022 20:05
KB_22_42718_27,Female,Killingbeck,2022,05/01/2022,23:15:50,-67.570865,-68.069158,05/01/2022 23:15,05/01/2022 20:15
KB_22_42718_27,Female,Killingbeck,2022,05/01/2022,23:25:45,-67.570803,-68.069322,05/01/2022 23:25,05/01/2022 20:25
KB_22_42718_27,Female,Killingbeck,2022,05/01/2022,23:35:49,-67.570769,-68.069217,05/01/2022 23:35,05/01/2022 20:35
KB_22_42718_27,Female,Killingbeck,2022,05/01/2022,23:45:43,-67.570798,-68.06937,05/01/2022 23:45,05/01/2022 20:45
KB_22_42718_27,Female,Killingbeck,2022,05/01/2022,23:55:39,-67.570843,-68.069508,05/01/2022 23:55,05/01/2022 20:55
KB_22_42718_27,Female,Killingbeck,2022,06/01/2022,00:05:32,-67.570808,-68.069473,06/01/2022 00:05,05/01/2022 21:05
KB_22_42718_27,Female,Killingbeck,2022,06/01/2022,00:15:31,-67.570814,-68.06945,06/01/2022 00:15,05/01/2022 21:15
KB_22_42718_27,Female,Killingbeck,2022,06/01/2022,00:25:34,-67.57065,-68.06918,06/01/2022 00:25,05/01/2022 21:25
KB_22_42718_27,Female,Killingbeck,2022,06/01/2022,00:35:27,-67.570905,-68.069577,06/01/2022 00:35,05/01/2022 21:35
KB_22_42718_27,Female,Killingbeck,2022,06/01/2022,00:45:24,-67.570744,-68.069498,06/01/2022 00:45,05/01/2022 21:45
KB_22_42718_27,Female,Killingbeck,2022,06/01/2022,00:55:35,-67.57065,-68.069475,06/01/2022 00:55,05/01/2022 21:55
KB_22_42718_27,Female,Killingbeck,2022,06/01/2022,01:05:27,-67.570675,-68.0694,06/01/2022 01:05,05/01/2022 22:05
KB_22_42718_27,Female,Killingbeck,2022,06/01/2022,01:15:26,-67.570698,-68.069366,06/01/2022 01:15,05/01/2022 22:15
KB_22_42718_27,Female,Killingbeck,2022,06/01/2022,01:25:25,-67.570713,-68.069456,06/01/2022 01:25,05/01/2022 22:25
KB_22_42718_27,Female,Killingbeck,2022,06/01/2022,01:35:24,-67.570742,-68.069354,06/01/2022 01:35,05/01/2022 22:35
KB_22_42718_27,Female,Killingbeck,2022,06/01/2022,01:45:29,-67.570784,-68.069293,06/01/2022 01:45,05/01/2022 22:45
KB_22_42718_27,Female,Killingbeck,2022,06/01/2022,01:55:25,-67.570685,-68.069285,06/01/2022 01:55,05/01/2022 22:55
KB_22_42718_27,Female,Killingbeck,2022,06/01/2022,02:05:26,-67.570732,-68.069188,06/01/2022 02:05,05/01/2022 23:05
KB_22_42718_27,Female,Killingbeck,2022,06/01/2022,02:15:23,-67.570861,-68.06976,06/01/2022 02:15,05/01/2022 23:15
KB_22_42718_27,Female,Killingbeck,2022,06/01/2022,02:25:26,-67.569142,-68.062099,06/01/2022 02:25,05/01/2022 23:25
KB_22_42718_27,Female,Killingbeck,2022,06/01/2022,02:35:26,-67.561378,-67.904902,06/01/2022 02:35,05/01/2022 23:35
KB_22_42718_27,Female,Killingbeck,2022,06/01/2022,02:45:23,-67.545501,-67.805929,06/01/2022 02:45,05/01/2022 23:45
KB_22_42718_27,Female,Killingbeck,2022,06/01/2022,02:55:26,-67.54521,-67.806441,06/01/2022 02:55,05/01/2022 23:55
KB_22_42718_27,Female,Killingbeck,2022,06/01/2022,03:05:24,-67.546775,-67.794012,06/01/2022 03:05,06/01/2022 00:05
KB_22_42718_27,Female,Killingbeck,2022,06/01/2022,03:15:24,-67.54452,-67.769211,06/01/2022 03:15,06/01/2022 00:15
KB_22_42718_27,Female,Killingbeck,2022,06/01/2022,03:26:46,-67.546734,-67.697898,06/01/2022 03:26,06/01/2022 00:26
KB_22_42718_27,Female,Killingbeck,2022,06/01/2022,03:36:44,-67.545772,-67.692208,06/01/2022 03:36,06/01/2022 00:36
KB_22_42718_27,Female,Killingbeck,2022,06/01/2022,03:46:43,-67.548083,-67.693314,06/01/2022 03:46,06/01/2022 00:46
KB_22_42718_27,Female,Killingbeck,2022,06/01/2022,03:56:44,-67.548076,-67.693401,06/01/2022 03:56,06/01/2022 00:56
KB_22_42718_27,Female,Killingbeck,2022,06/01/2022,04:06:43,-67.54809,-67.693094,06/01/2022 04:06,06/01/2022 01:06
KB_22_42718_27,Female,Killingbeck,2022,06/01/2022,04:16:43,-67.550385,-67.699775,06/01/2022 04:16,06/01/2022 01:16
KB_22_42718_27,Female,Killingbeck,2022,06/01/2022,04:27:33,-67.550039,-67.708269,06/01/2022 04:27,06/01/2022 01:27
KB_22_42718_27,Female,Killingbeck,2022,06/01/2022,04:37:32,-67.546851,-67.691591,06/01/2022 04:37,06/01/2022 01:37
KB_22_42718_27,Female,Killingbeck,2022,06/01/2022,04:47:34,-67.54743,-67.690183,06/01/2022 04:47,06/01/2022 01:47
KB_22_42718_27,Female,Killingbeck,2022,06/01/2022,04:57:34,-67.546917,-67.691635,06/01/2022 04:57,06/01/2022 01:57
KB_22_42718_27,Female,Killingbeck,2022,06/01/2022,05:07:30,-67.546933,-67.691434,06/01/2022 05:07,06/01/2022 02:07
KB_22_42718_27,Female,Killingbeck,2022,06/01/2022,05:17:30,-67.54569,-67.697349,06/01/2022 05:17,06/01/2022 02:17
KB_22_42718_27,Female,Killingbeck,2022,06/01/2022,05:29:42,-67.545896,-67.697595,06/01/2022 05:29,06/01/2022 02:29
KB_22_42718_27,Female,Killingbeck,2022,06/01/2022,05:39:43,-67.546292,-67.697222,06/01/2022 05:39,06/01/2022 02:39
KB_22_42718_27,Female,Killingbeck,2022,06/01/2022,05:49:40,-67.545831,-67.69647,06/01/2022 05:49,06/01/2022 02:49
KB_22_42718_27,Female,Killingbeck,2022,06/01/2022,05:59:36,-67.546232,-67.696682,06/01/2022 05:59,06/01/2022 02:59
KB_22_42718_27,Female,Killingbeck,2022,06/01/2022,06:09:36,-67.546177,-67.697072,06/01/2022 06:09,06/01/2022 03:09
KB_22_42718_27,Female,Killingbeck,2022,06/01/2022,06:19:35,-67.545884,-67.696584,06/01/2022 06:19,06/01/2022 03:19
KB_22_42718_27,Female,Killingbeck,2022,06/01/2022,06:29:26,-67.54604,-67.698109,06/01/2022 06:29,06/01/2022 03:29
KB_22_42718_27,Female,Killingbeck,2022,06/01/2022,06:39:26,-67.546617,-67.698767,06/01/2022 06:39,06/01/2022 03:39
KB_22_42718_27,Female,Killingbeck,2022,06/01/2022,06:49:27,-67.547186,-67.698798,06/01/2022 06:49,06/01/2022 03:49
KB_22_42718_27,Female,Killingbeck,2022,06/01/2022,06:59:18,-67.548147,-67.699519,06/01/2022 06:59,06/01/2022 03:59
KB_22_42718_27,Female,Killingbeck,2022,06/01/2022,07:09:21,-67.545431,-67.783265,06/01/2022 07:09,06/01/2022 04:09
KB_22_42718_27,Female,Killingbeck,2022,06/01/2022,07:19:20,-67.545602,-67.78407,06/01/2022 07:19,06/01/2022 04:19
KB_22_42718_27,Female,Killingbeck,2022,06/01/2022,07:29:14,-67.546152,-67.784562,06/01/2022 07:29,06/01/2022 04:29
KB_22_42718_27,Female,Killingbeck,2022,06/01/2022,07:39:13,-67.546687,-67.786004,06/01/2022 07:39,06/01/2022 04:39
KB_22_42718_27,Female,Killingbeck,2022,06/01/2022,07:49:13,-67.546141,-67.783242,06/01/2022 07:49,06/01/2022 04:49
KB_22_42718_27,Female,Killingbeck,2022,06/01/2022,08:00:54,-67.545165,-67.783472,06/01/2022 08:00,06/01/2022 05:00
KB_22_42718_27,Female,Killingbeck,2022,06/01/2022,08:10:54,-67.545355,-67.783724,06/01/2022 08:10,06/01/2022 05:10
KB_22_42718_27,Female,Killingbeck,2022,06/01/2022,08:22:41,-67.545238,-67.783495,06/01/2022 08:22,06/01/2022 05:22
KB_22_42718_27,Female,Killingbeck,2022,06/01/2022,08:32:35,-67.547341,-67.825132,06/01/2022 08:32,06/01/2022 05:32
KB_22_42718_27,Female,Killingbeck,2022,06/01/2022,08:42:37,-67.5705,-68.069356,06/01/2022 08:42,06/01/2022 05:42
KB_22_42718_27,Female,Killingbeck,2022,06/01/2022,08:52:34,-67.570684,-68.069699,06/01/2022 08:52,06/01/2022 05:52
KB_22_42718_27,Female,Killingbeck,2022,06/01/2022,09:02:30,-67.570732,-68.069787,06/01/2022 09:02,06/01/2022 06:02
KB_22_42718_27,Female,Killingbeck,2022,06/01/2022,09:12:26,-67.570588,-68.069621,06/01/2022 09:12,06/01/2022 06:12
KB_22_42718_27,Female,Killingbeck,2022,06/01/2022,09:22:25,-67.570805,-68.07012,06/01/2022 09:22,06/01/2022 06:22
KB_22_42718_27,Female,Killingbeck,2022,06/01/2022,09:32:22,-67.570409,-68.069232,06/01/2022 09:32,06/01/2022 06:32
KB_22_42718_27,Female,Killingbeck,2022,06/01/2022,09:42:20,-67.563828,-67.895309,06/01/2022 09:42,06/01/2022 06:42
KB_22_42718_27,Female,Killingbeck,2022,06/01/2022,09:52:21,-67.544171,-67.789846,06/01/2022 09:52,06/01/2022 06:52
KB_22_42718_27,Female,Killingbeck,2022,06/01/2022,10:02:22,-67.545435,-67.785343,06/01/2022 10:02,06/01/2022 07:02
KB_22_42718_27,Female,Killingbeck,2022,06/01/2022,10:12:20,-67.545179,-67.784161,06/01/2022 10:12,06/01/2022 07:12
KB_22_42718_27,Female,Killingbeck,2022,06/01/2022,10:22:20,-67.54566,-67.785643,06/01/2022 10:22,06/01/2022 07:22
KB_22_42718_27,Female,Killingbeck,2022,06/01/2022,10:33:40,-67.545687,-67.781395,06/01/2022 10:33,06/01/2022 07:33
KB_22_42718_27,Female,Killingbeck,2022,06/01/2022,10:43:40,-67.545176,-67.781577,06/01/2022 10:43,06/01/2022 07:43
KB_22_42718_27,Female,Killingbeck,2022,06/01/2022,10:55:54,-67.544858,-67.781947,06/01/2022 10:55,06/01/2022 07:55
KB_22_42718_27,Female,Killingbeck,2022,06/01/2022,11:05:55,-67.545007,-67.782244,06/01/2022 11:05,06/01/2022 08:05
KB_22_42718_27,Female,Killingbeck,2022,06/01/2022,11:17:11,-67.545804,-67.781421,06/01/2022 11:17,06/01/2022 08:17
KB_22_42718_27,Female,Killingbeck,2022,06/01/2022,11:29:12,-67.545395,-67.778341,06/01/2022 11:29,06/01/2022 08:29
KB_22_42718_27,Female,Killingbeck,2022,06/01/2022,11:39:15,-67.545303,-67.782387,06/01/2022 11:39,06/01/2022 08:39
KB_22_42718_27,Female,Killingbeck,2022,06/01/2022,11:51:01,-67.545318,-67.782848,06/01/2022 11:51,06/01/2022 08:51
KB_22_42718_27,Female,Killingbeck,2022,06/01/2022,12:01:09,-67.546923,-67.781605,06/01/2022 12:01,06/01/2022 09:01
KB_22_42718_27,Female,Killingbeck,2022,06/01/2022,12:11:05,-67.54651,-67.786415,06/01/2022 12:11,06/01/2022 09:11
KB_22_42718_27,Female,Killingbeck,2022,06/01/2022,12:21:03,-67.56703,-67.807412,06/01/2022 12:21,06/01/2022 09:21
KB_22_42718_27,Female,Killingbeck,2022,06/01/2022,12:31:03,-67.567018,-67.807438,06/01/2022 12:31,06/01/2022 09:31
KB_22_42718_27,Female,Killingbeck,2022,06/01/2022,12:41:05,-67.573781,-67.976655,06/01/2022 12:41,06/01/2022 09:41
KB_22_42718_27,Female,Killingbeck,2022,06/01/2022,12:51:03,-67.570608,-68.069516,06/01/2022 12:51,06/01/2022 09:51
KB_22_42718_27,Female,Killingbeck,2022,06/01/2022,13:01:03,-67.570669,-68.069516,06/01/2022 13:01,06/01/2022 10:01
KB_22_42718_27,Female,Killingbeck,2022,06/01/2022,13:11:07,-67.570597,-68.069444,06/01/2022 13:11,06/01/2022 10:11
KB_22_42718_27,Female,Killingbeck,2022,06/01/2022,13:21:11,-67.570955,-68.069715,06/01/2022 13:21,06/01/2022 10:21
KB_22_42718_27,Female,Killingbeck,2022,06/01/2022,13:31:05,-67.570674,-68.069545,06/01/2022 13:31,06/01/2022 10:31
KB_22_42718_27,Female,Killingbeck,2022,06/01/2022,13:41:03,-67.570271,-68.068628,06/01/2022 13:41,06/01/2022 10:41
KB_22_42718_27,Female,Killingbeck,2022,06/01/2022,13:51:08,-67.570338,-68.068786,06/01/2022 13:51,06/01/2022 10:51
KB_22_42718_27,Female,Killingbeck,2022,06/01/2022,14:01:02,-67.57066,-68.069339,06/01/2022 14:01,06/01/2022 11:01
KB_22_42718_27,Female,Killingbeck,2022,06/01/2022,14:11:04,-67.570804,-68.069281,06/01/2022 14:11,06/01/2022 11:11
KB_22_42718_27,Female,Killingbeck,2022,06/01/2022,14:21:03,-67.570584,-68.069368,06/01/2022 14:21,06/01/2022 11:21
KB_22_42718_27,Female,Killingbeck,2022,06/01/2022,14:31:02,-67.570625,-68.069296,06/01/2022 14:31,06/01/2022 11:31
KB_22_42718_27,Female,Killingbeck,2022,06/01/2022,14:41:00,-67.570663,-68.069416,06/01/2022 14:41,06/01/2022 11:41
KB_22_42718_27,Female,Killingbeck,2022,06/01/2022,14:50:58,-67.570746,-68.069617,06/01/2022 14:50,06/01/2022 11:50
KB_22_42718_27,Female,Killingbeck,2022,06/01/2022,15:00:56,-67.570773,-68.069616,06/01/2022 15:00,06/01/2022 12:00
KB_22_42718_27,Female,Killingbeck,2022,06/01/2022,15:10:57,-67.570813,-68.069692,06/01/2022 15:10,06/01/2022 12:10
KB_22_42718_27,Female,Killingbeck,2022,06/01/2022,15:20:58,-67.57078,-68.06964,06/01/2022 15:20,06/01/2022 12:20
KB_22_42718_27,Female,Killingbeck,2022,06/01/2022,15:30:54,-67.570738,-68.069424,06/01/2022 15:30,06/01/2022 12:30
KB_22_42718_27,Female,Killingbeck,2022,06/01/2022,15:40:56,-67.570839,-68.069694,06/01/2022 15:40,06/01/2022 12:40
KB_22_42718_27,Female,Killingbeck,2022,06/01/2022,15:50:55,-67.570678,-68.069417,06/01/2022 15:50,06/01/2022 12:50
KB_22_42718_27,Female,Killingbeck,2022,06/01/2022,16:00:55,-67.570707,-68.069604,06/01/2022 16:00,06/01/2022 13:00
KB_22_42718_27,Female,Killingbeck,2022,06/01/2022,16:10:55,-67.570666,-68.069539,06/01/2022 16:10,06/01/2022 13:10
KB_22_42718_27,Female,Killingbeck,2022,06/01/2022,16:20:56,-67.570741,-68.069388,06/01/2022 16:20,06/01/2022 13:20
KB_22_42718_27,Female,Killingbeck,2022,06/01/2022,16:31:08,-67.570756,-68.069434,06/01/2022 16:31,06/01/2022 13:31
KB_22_42718_27,Female,Killingbeck,2022,06/01/2022,16:40:55,-67.570642,-68.069586,06/01/2022 16:40,06/01/2022 13:40
KB_22_42718_27,Female,Killingbeck,2022,06/01/2022,16:50:54,-67.570745,-68.069488,06/01/2022 16:50,06/01/2022 13:50
KB_22_42718_27,Female,Killingbeck,2022,06/01/2022,17:00:51,-67.570824,-68.069349,06/01/2022 17:00,06/01/2022 14:00
KB_22_42718_27,Female,Killingbeck,2022,06/01/2022,17:10:52,-67.570773,-68.069391,06/01/2022 17:10,06/01/2022 14:10
KB_22_42718_27,Female,Killingbeck,2022,06/01/2022,17:21:03,-67.570795,-68.069584,06/01/2022 17:21,06/01/2022 14:21
KB_22_42718_27,Female,Killingbeck,2022,06/01/2022,17:30:52,-67.570809,-68.069673,06/01/2022 17:30,06/01/2022 14:30
KB_22_42718_27,Female,Killingbeck,2022,06/01/2022,17:40:59,-67.57079,-68.069782,06/01/2022 17:40,06/01/2022 14:40
KB_22_42718_27,Female,Killingbeck,2022,06/01/2022,17:50:52,-67.570764,-68.06971,06/01/2022 17:50,06/01/2022 14:50
KB_22_42718_27,Female,Killingbeck,2022,06/01/2022,18:00:49,-67.570749,-68.069926,06/01/2022 18:00,06/01/2022 15:00
KB_22_42718_27,Female,Killingbeck,2022,06/01/2022,18:10:51,-67.570712,-68.069864,06/01/2022 18:10,06/01/2022 15:10
KB_22_42718_27,Female,Killingbeck,2022,06/01/2022,18:21:01,-67.569796,-68.069968,06/01/2022 18:21,06/01/2022 15:21
KB_22_42718_27,Female,Killingbeck,2022,06/01/2022,18:30:50,-67.570751,-68.069633,06/01/2022 18:30,06/01/2022 15:30
KB_22_42718_27,Female,Killingbeck,2022,06/01/2022,18:41:00,-67.570603,-68.06977,06/01/2022 18:41,06/01/2022 15:41
KB_22_42718_27,Female,Killingbeck,2022,06/01/2022,18:50:48,-67.570768,-68.069407,06/01/2022 18:50,06/01/2022 15:50
KB_22_42718_27,Female,Killingbeck,2022,06/01/2022,19:00:47,-67.57077,-68.069387,06/01/2022 19:00,06/01/2022 16:00
KB_22_42718_27,Female,Killingbeck,2022,06/01/2022,19:10:59,-67.570771,-68.069982,06/01/2022 19:10,06/01/2022 16:10
KB_22_42718_27,Female,Killingbeck,2022,06/01/2022,19:20:46,-67.570719,-68.069448,06/01/2022 19:20,06/01/2022 16:20
KB_22_42718_27,Female,Killingbeck,2022,06/01/2022,19:30:45,-67.571043,-68.06914,06/01/2022 19:30,06/01/2022 16:30
KB_22_42718_27,Female,Killingbeck,2022,06/01/2022,19:40:58,-67.570778,-68.069683,06/01/2022 19:40,06/01/2022 16:40
KB_22_42718_27,Female,Killingbeck,2022,06/01/2022,19:50:50,-67.570787,-68.069479,06/01/2022 19:50,06/01/2022 16:50
KB_22_42718_27,Female,Killingbeck,2022,06/01/2022,20:00:43,-67.571116,-68.069442,06/01/2022 20:00,06/01/2022 17:00
KB_22_42718_27,Female,Killingbeck,2022,06/01/2022,20:10:46,-67.57081,-68.069641,06/01/2022 20:10,06/01/2022 17:10
KB_22_42718_27,Female,Killingbeck,2022,06/01/2022,20:20:56,0,0,06/01/2022 20:20,06/01/2022 17:20
KB_22_42718_27,Female,Killingbeck,2022,06/01/2022,20:30:40,-67.570687,-68.069691,06/01/2022 20:30,06/01/2022 17:30
KB_22_42718_27,Female,Killingbeck,2022,06/01/2022,20:40:40,-67.570648,-68.069877,06/01/2022 20:40,06/01/2022 17:40
KB_22_42718_27,Female,Killingbeck,2022,06/01/2022,20:50:41,-67.570714,-68.069542,06/01/2022 20:50,06/01/2022 17:50
KB_22_42718_27,Female,Killingbeck,2022,06/01/2022,21:00:38,-67.570708,-68.069426,06/01/2022 21:00,06/01/2022 18:00
KB_22_42718_27,Female,Killingbeck,2022,06/01/2022,21:10:39,-67.570664,-68.069371,06/01/2022 21:10,06/01/2022 18:10
KB_22_42718_27,Female,Killingbeck,2022,06/01/2022,21:20:38,-67.570729,-68.069326,06/01/2022 21:20,06/01/2022 18:20
KB_22_42718_27,Female,Killingbeck,2022,06/01/2022,21:30:38,-67.570711,-68.069418,06/01/2022 21:30,06/01/2022 18:30
KB_22_42718_27,Female,Killingbeck,2022,06/01/2022,21:40:39,-67.570704,-68.069399,06/01/2022 21:40,06/01/2022 18:40
KB_22_42718_27,Female,Killingbeck,2022,06/01/2022,21:50:39,-67.570696,-68.069283,06/01/2022 21:50,06/01/2022 18:50
KB_22_42718_27,Female,Killingbeck,2022,06/01/2022,22:00:36,-67.570695,-68.069244,06/01/2022 22:00,06/01/2022 19:00
KB_22_42718_27,Female,Killingbeck,2022,06/01/2022,22:10:32,-67.570597,-68.069407,06/01/2022 22:10,06/01/2022 19:10
KB_22_42718_27,Female,Killingbeck,2022,06/01/2022,22:20:31,-67.570458,-68.069469,06/01/2022 22:20,06/01/2022 19:20
KB_22_42718_27,Female,Killingbeck,2022,06/01/2022,22:30:31,-67.570563,-68.069209,06/01/2022 22:30,06/01/2022 19:30
KB_22_42718_27,Female,Killingbeck,2022,06/01/2022,22:40:28,-67.570656,-68.069226,06/01/2022 22:40,06/01/2022 19:40
KB_22_42718_27,Female,Killingbeck,2022,06/01/2022,22:50:36,-67.570884,-68.069107,06/01/2022 22:50,06/01/2022 19:50
KB_22_42718_27,Female,Killingbeck,2022,06/01/2022,23:00:25,-67.570906,-68.068907,06/01/2022 23:00,06/01/2022 20:00
KB_22_42718_27,Female,Killingbeck,2022,06/01/2022,23:10:24,-67.57089,-68.069066,06/01/2022 23:10,06/01/2022 20:10
KB_22_42718_27,Female,Killingbeck,2022,06/01/2022,23:20:16,-67.570844,-68.06929,06/01/2022 23:20,06/01/2022 20:20
KB_22_42718_27,Female,Killingbeck,2022,06/01/2022,23:30:21,-67.570809,-68.069299,06/01/2022 23:30,06/01/2022 20:30
KB_22_42718_27,Female,Killingbeck,2022,06/01/2022,23:40:15,-67.570816,-68.069188,06/01/2022 23:40,06/01/2022 20:40
KB_22_42718_27,Female,Killingbeck,2022,06/01/2022,23:50:08,-67.570071,-68.069115,06/01/2022 23:50,06/01/2022 20:50
KB_22_42718_27,Female,Killingbeck,2022,07/01/2022,00:00:11,-67.570781,-68.069467,07/01/2022 00:00,06/01/2022 21:00
KB_22_42718_27,Female,Killingbeck,2022,07/01/2022,00:10:04,-67.570787,-68.068479,07/01/2022 00:10,06/01/2022 21:10
KB_22_42718_27,Female,Killingbeck,2022,07/01/2022,00:20:04,-67.570781,-68.069565,07/01/2022 00:20,06/01/2022 21:20
KB_22_42718_27,Female,Killingbeck,2022,07/01/2022,00:29:57,-67.570761,-68.069408,07/01/2022 00:29,06/01/2022 21:29
KB_22_42718_27,Female,Killingbeck,2022,07/01/2022,00:39:59,-67.570652,-68.069238,07/01/2022 00:39,06/01/2022 21:39
KB_22_42718_27,Female,Killingbeck,2022,07/01/2022,00:49:57,-67.570729,-68.069633,07/01/2022 00:49,06/01/2022 21:49
KB_22_42718_27,Female,Killingbeck,2022,07/01/2022,00:59:51,-67.570648,-68.069541,07/01/2022 00:59,06/01/2022 21:59
KB_22_42718_27,Female,Killingbeck,2022,07/01/2022,01:09:45,-67.570587,-68.069356,07/01/2022 01:09,06/01/2022 22:09
KB_22_42718_27,Female,Killingbeck,2022,07/01/2022,01:19:44,-67.570686,-68.06945,07/01/2022 01:19,06/01/2022 22:19
KB_22_42718_27,Female,Killingbeck,2022,07/01/2022,01:29:44,-67.570701,-68.069415,07/01/2022 01:29,06/01/2022 22:29
KB_22_42718_27,Female,Killingbeck,2022,07/01/2022,01:39:37,-67.570648,-68.069383,07/01/2022 01:39,06/01/2022 22:39
KB_22_42718_27,Female,Killingbeck,2022,07/01/2022,01:49:36,-67.570562,-68.069127,07/01/2022 01:49,06/01/2022 22:49
KB_22_42718_27,Female,Killingbeck,2022,07/01/2022,01:59:37,-67.570573,-68.069594,07/01/2022 01:59,06/01/2022 22:59
KB_22_42718_27,Female,Killingbeck,2022,07/01/2022,02:09:30,-67.570773,-68.069224,07/01/2022 02:09,06/01/2022 23:09
KB_22_42718_27,Female,Killingbeck,2022,07/01/2022,02:19:29,-67.570799,-68.069286,07/01/2022 02:19,06/01/2022 23:19
KB_22_42718_27,Female,Killingbeck,2022,07/01/2022,02:29:34,-67.570715,-68.069276,07/01/2022 02:29,06/01/2022 23:29
KB_22_42718_27,Female,Killingbeck,2022,07/01/2022,02:39:32,-67.570804,-68.069296,07/01/2022 02:39,06/01/2022 23:39
KB_22_42718_27,Female,Killingbeck,2022,07/01/2022,02:49:31,-67.570787,-68.069706,07/01/2022 02:49,06/01/2022 23:49
KB_22_42718_27,Female,Killingbeck,2022,07/01/2022,02:59:27,-67.570782,-68.069602,07/01/2022 02:59,06/01/2022 23:59
KB_22_42718_27,Female,Killingbeck,2022,07/01/2022,03:09:34,-67.57073,-68.069522,07/01/2022 03:09,07/01/2022 00:09
KB_22_42978_17,Male,Killingbeck,2022,04/01/2022,00:09:13,-67.570717,-68.06908,04/01/2022 00:09,03/01/2022 21:09
KB_22_42978_17,Male,Killingbeck,2022,04/01/2022,00:19:07,-67.570771,-68.068889,04/01/2022 00:19,03/01/2022 21:19
KB_22_42978_17,Male,Killingbeck,2022,04/01/2022,00:29:06,-67.570647,-68.069037,04/01/2022 00:29,03/01/2022 21:29
KB_22_42978_17,Male,Killingbeck,2022,04/01/2022,00:39:05,-67.570732,-68.068942,04/01/2022 00:39,03/01/2022 21:39
KB_22_42978_17,Male,Killingbeck,2022,04/01/2022,00:49:04,-67.570668,-68.068917,04/01/2022 00:49,03/01/2022 21:49
KB_22_42978_17,Male,Killingbeck,2022,04/01/2022,00:59:03,-67.57064,-68.06903,04/01/2022 00:59,03/01/2022 21:59
KB_22_42978_17,Male,Killingbeck,2022,04/01/2022,01:09:02,-67.570594,-68.068883,04/01/2022 01:09,03/01/2022 22:09
KB_22_42978_17,Male,Killingbeck,2022,04/01/2022,01:19:01,-67.570652,-68.068924,04/01/2022 01:19,03/01/2022 22:19
KB_22_42978_17,Male,Killingbeck,2022,04/01/2022,01:29:01,-67.570641,-68.068836,04/01/2022 01:29,03/01/2022 22:29
KB_22_42978_17,Male,Killingbeck,2022,04/01/2022,01:39:00,-67.570692,-68.068919,04/01/2022 01:39,03/01/2022 22:39
KB_22_42978_17,Male,Killingbeck,2022,04/01/2022,01:48:53,-67.57066,-68.068913,04/01/2022 01:48,03/01/2022 22:48
KB_22_42978_17,Male,Killingbeck,2022,04/01/2022,01:58:54,-67.570661,-68.068834,04/01/2022 01:58,03/01/2022 22:58
KB_22_42978_17,Male,Killingbeck,2022,04/01/2022,02:08:52,-67.570651,-68.068835,04/01/2022 02:08,03/01/2022 23:08
KB_22_42978_17,Male,Killingbeck,2022,04/01/2022,02:18:47,-67.570734,-68.068893,04/01/2022 02:18,03/01/2022 23:18
KB_22_42978_17,Male,Killingbeck,2022,04/01/2022,02:28:46,-67.570705,-68.068903,04/01/2022 02:28,03/01/2022 23:28
KB_22_42978_17,Male,Killingbeck,2022,04/01/2022,02:38:43,-67.570812,-68.068906,04/01/2022 02:38,03/01/2022 23:38
KB_22_42978_17,Male,Killingbeck,2022,04/01/2022,02:48:37,-67.57075,-68.068849,04/01/2022 02:48,03/01/2022 23:48
KB_22_42978_17,Male,Killingbeck,2022,04/01/2022,02:58:36,-67.570814,-68.068909,04/01/2022 02:58,03/01/2022 23:58
KB_22_42978_17,Male,Killingbeck,2022,04/01/2022,03:08:35,-67.57072,-68.068987,04/01/2022 03:08,04/01/2022 00:08
KB_22_42978_17,Male,Killingbeck,2022,04/01/2022,03:18:29,-67.570732,-68.069012,04/01/2022 03:18,04/01/2022 00:18
KB_22_42978_17,Male,Killingbeck,2022,04/01/2022,03:28:28,-67.570714,-68.069063,04/01/2022 03:28,04/01/2022 00:28
KB_22_42978_17,Male,Killingbeck,2022,04/01/2022,03:38:28,-67.570701,-68.069039,04/01/2022 03:38,04/01/2022 00:38
KB_22_42978_17,Male,Killingbeck,2022,04/01/2022,03:48:22,-67.570714,-68.068947,04/01/2022 03:48,04/01/2022 00:48
KB_22_42978_17,Male,Killingbeck,2022,04/01/2022,03:58:21,-67.570702,-68.068956,04/01/2022 03:58,04/01/2022 00:58
KB_22_42978_17,Male,Killingbeck,2022,04/01/2022,04:08:20,-67.570699,-68.06919,04/01/2022 04:08,04/01/2022 01:08
KB_22_42978_17,Male,Killingbeck,2022,04/01/2022,04:18:14,-67.570634,-68.069033,04/01/2022 04:18,04/01/2022 01:18
KB_22_42978_17,Male,Killingbeck,2022,04/01/2022,04:28:12,-67.570699,-68.06899,04/01/2022 04:28,04/01/2022 01:28
KB_22_42978_17,Male,Killingbeck,2022,04/01/2022,04:38:11,-67.570629,-68.069119,04/01/2022 04:38,04/01/2022 01:38
KB_22_42978_17,Male,Killingbeck,2022,04/01/2022,04:48:05,-67.570739,-68.069129,04/01/2022 04:48,04/01/2022 01:48
KB_22_42978_17,Male,Killingbeck,2022,04/01/2022,04:58:04,-67.570624,-68.069077,04/01/2022 04:58,04/01/2022 01:58
KB_22_42978_17,Male,Killingbeck,2022,04/01/2022,05:08:04,-67.570688,-68.06917,04/01/2022 05:08,04/01/2022 02:08
KB_22_42978_17,Male,Killingbeck,2022,04/01/2022,05:17:58,-67.570687,-68.069201,04/01/2022 05:17,04/01/2022 02:17
KB_22_42978_17,Male,Killingbeck,2022,04/01/2022,05:27:56,-67.570759,-68.068844,04/01/2022 05:27,04/01/2022 02:27
KB_22_42978_17,Male,Killingbeck,2022,04/01/2022,05:37:55,-67.570718,-68.068772,04/01/2022 05:37,04/01/2022 02:37
KB_22_42978_17,Male,Killingbeck,2022,04/01/2022,05:47:49,-67.570693,-68.068844,04/01/2022 05:47,04/01/2022 02:47
KB_22_42978_17,Male,Killingbeck,2022,04/01/2022,05:57:48,-67.570661,-68.069041,04/01/2022 05:57,04/01/2022 02:57
KB_22_42978_17,Male,Killingbeck,2022,04/01/2022,06:07:47,-67.570607,-68.069072,04/01/2022 06:07,04/01/2022 03:07
KB_22_42978_17,Male,Killingbeck,2022,04/01/2022,06:17:41,-67.57067,-68.068808,04/01/2022 06:17,04/01/2022 03:17
KB_22_42978_17,Male,Killingbeck,2022,04/01/2022,06:27:40,-67.570703,-68.068794,04/01/2022 06:27,04/01/2022 03:27
KB_22_42978_17,Male,Killingbeck,2022,04/01/2022,06:37:40,-67.570674,-68.068881,04/01/2022 06:37,04/01/2022 03:37
KB_22_42978_17,Male,Killingbeck,2022,04/01/2022,06:47:34,-67.57065,-68.068985,04/01/2022 06:47,04/01/2022 03:47
KB_22_42978_17,Male,Killingbeck,2022,04/01/2022,06:57:33,-67.570656,-68.068859,04/01/2022 06:57,04/01/2022 03:57
KB_22_42978_17,Male,Killingbeck,2022,04/01/2022,07:07:32,-67.570689,-68.068795,04/01/2022 07:07,04/01/2022 04:07
KB_22_42978_17,Male,Killingbeck,2022,04/01/2022,07:17:26,-67.570657,-68.068987,04/01/2022 07:17,04/01/2022 04:17
KB_22_42978_17,Male,Killingbeck,2022,04/01/2022,07:27:25,-67.570604,-68.068938,04/01/2022 07:27,04/01/2022 04:27
KB_22_42978_17,Male,Killingbeck,2022,04/01/2022,07:37:24,-67.570705,-68.069041,04/01/2022 07:37,04/01/2022 04:37
KB_22_42978_17,Male,Killingbeck,2022,04/01/2022,07:47:18,-67.57068,-68.069081,04/01/2022 07:47,04/01/2022 04:47
KB_22_42978_17,Male,Killingbeck,2022,04/01/2022,07:57:18,-67.570667,-68.069054,04/01/2022 07:57,04/01/2022 04:57
KB_22_42978_17,Male,Killingbeck,2022,04/01/2022,08:07:17,-67.570685,-68.06909,04/01/2022 08:07,04/01/2022 05:07
KB_22_42978_17,Male,Killingbeck,2022,04/01/2022,08:17:11,-67.570688,-68.069164,04/01/2022 08:17,04/01/2022 05:17
KB_22_42978_17,Male,Killingbeck,2022,04/01/2022,08:27:10,-67.570661,-68.069052,04/01/2022 08:27,04/01/2022 05:27
KB_22_42978_17,Male,Killingbeck,2022,04/01/2022,08:37:09,-67.570676,-68.069,04/01/2022 08:37,04/01/2022 05:37
KB_22_42978_17,Male,Killingbeck,2022,04/01/2022,08:47:03,-67.570662,-68.068945,04/01/2022 08:47,04/01/2022 05:47
KB_22_42978_17,Male,Killingbeck,2022,04/01/2022,08:57:02,-67.570583,-68.069034,04/01/2022 08:57,04/01/2022 05:57
KB_22_42978_17,Male,Killingbeck,2022,04/01/2022,09:07:01,-67.570599,-68.069004,04/01/2022 09:07,04/01/2022 06:07
KB_22_42978_17,Male,Killingbeck,2022,04/01/2022,09:16:55,-67.57063,-68.068941,04/01/2022 09:16,04/01/2022 06:16
KB_22_42978_17,Male,Killingbeck,2022,04/01/2022,09:26:58,-67.570595,-68.069,04/01/2022 09:26,04/01/2022 06:26
KB_22_42978_17,Male,Killingbeck,2022,04/01/2022,09:37:07,-67.570642,-68.069078,04/01/2022 09:37,04/01/2022 06:37
KB_22_42978_17,Male,Killingbeck,2022,04/01/2022,09:46:51,-67.57072,-68.068556,04/01/2022 09:46,04/01/2022 06:46
KB_22_42978_17,Male,Killingbeck,2022,04/01/2022,09:56:50,-67.570773,-68.068535,04/01/2022 09:56,04/01/2022 06:56
KB_22_42978_17,Male,Killingbeck,2022,04/01/2022,10:06:47,-67.570555,-68.068902,04/01/2022 10:06,04/01/2022 07:06
KB_22_42978_17,Male,Killingbeck,2022,04/01/2022,10:16:44,-67.570571,-68.068378,04/01/2022 10:16,04/01/2022 07:16
KB_22_42978_17,Male,Killingbeck,2022,04/01/2022,10:26:41,-67.543733,-68.057465,04/01/2022 10:26,04/01/2022 07:26
KB_22_42978_17,Male,Killingbeck,2022,04/01/2022,10:36:39,-67.534006,-68.033538,04/01/2022 10:36,04/01/2022 07:36
KB_22_42978_17,Male,Killingbeck,2022,04/01/2022,10:46:33,-67.533275,-68.03125,04/01/2022 10:46,04/01/2022 07:46
KB_22_42978_17,Male,Killingbeck,2022,04/01/2022,10:56:41,-67.52557,-68.03423,04/01/2022 10:56,04/01/2022 07:56
KB_22_42978_17,Male,Killingbeck,2022,04/01/2022,11:06:32,-67.509511,-68.020013,04/01/2022 11:06,04/01/2022 08:06
KB_22_42978_17,Male,Killingbeck,2022,04/01/2022,11:16:27,-67.509057,-68.00905,04/01/2022 11:16,04/01/2022 08:16
KB_22_42978_17,Male,Killingbeck,2022,04/01/2022,11:27:31,-67.508199,-68.003689,04/01/2022 11:27,04/01/2022 08:27
KB_22_42978_17,Male,Killingbeck,2022,04/01/2022,11:37:30,-67.491742,-67.987625,04/01/2022 11:37,04/01/2022 08:37
KB_22_42978_17,Male,Killingbeck,2022,04/01/2022,11:47:24,-67.407269,-67.868866,04/01/2022 11:47,04/01/2022 08:47
KB_22_42978_17,Male,Killingbeck,2022,04/01/2022,11:57:23,-67.307761,-67.811081,04/01/2022 11:57,04/01/2022 08:57
KB_22_42978_17,Male,Killingbeck,2022,04/01/2022,12:07:22,-67.284585,-67.803743,04/01/2022 12:07,04/01/2022 09:07
KB_22_42978_17,Male,Killingbeck,2022,04/01/2022,12:19:40,-67.286078,-67.801071,04/01/2022 12:19,04/01/2022 09:19
KB_22_42978_17,Male,Killingbeck,2022,04/01/2022,12:29:53,-67.286024,-67.80131,04/01/2022 12:29,04/01/2022 09:29
KB_22_42978_17,Male,Killingbeck,2022,04/01/2022,12:39:43,-67.285917,-67.800427,04/01/2022 12:39,04/01/2022 09:39
KB_22_42978_17,Male,Killingbeck,2022,04/01/2022,12:49:38,-67.286026,-67.799963,04/01/2022 12:49,04/01/2022 09:49
KB_22_42978_17,Male,Killingbeck,2022,04/01/2022,12:59:37,-67.286324,-67.801383,04/01/2022 12:59,04/01/2022 09:59
KB_22_42978_17,Male,Killingbeck,2022,04/01/2022,13:09:36,-67.286261,-67.800747,04/01/2022 13:09,04/01/2022 10:09
KB_22_42978_17,Male,Killingbeck,2022,04/01/2022,13:21:53,-67.286346,-67.799551,04/01/2022 13:21,04/01/2022 10:21
KB_22_42978_17,Male,Killingbeck,2022,04/01/2022,13:31:53,-67.288651,-67.768136,04/01/2022 13:31,04/01/2022 10:31
KB_22_42978_17,Male,Killingbeck,2022,04/01/2022,13:41:52,-67.288747,-67.769133,04/01/2022 13:41,04/01/2022 10:41
KB_22_42978_17,Male,Killingbeck,2022,04/01/2022,13:51:45,-67.288674,-67.768668,04/01/2022 13:51,04/01/2022 10:51
KB_22_42978_17,Male,Killingbeck,2022,04/01/2022,14:01:46,-67.288638,-67.769211,04/01/2022 14:01,04/01/2022 11:01
KB_22_42978_17,Male,Killingbeck,2022,04/01/2022,14:11:54,-67.288617,-67.769004,04/01/2022 14:11,04/01/2022 11:11
KB_22_42978_17,Male,Killingbeck,2022,04/01/2022,14:21:41,-67.288642,-67.768877,04/01/2022 14:21,04/01/2022 11:21
KB_22_42978_17,Male,Killingbeck,2022,04/01/2022,14:31:40,-67.288725,-67.769389,04/01/2022 14:31,04/01/2022 11:31
KB_22_42978_17,Male,Killingbeck,2022,04/01/2022,14:41:36,-67.288886,-67.768968,04/01/2022 14:41,04/01/2022 11:41
KB_22_42978_17,Male,Killingbeck,2022,04/01/2022,14:51:31,-67.288929,-67.769083,04/01/2022 14:51,04/01/2022 11:51
KB_22_42978_17,Male,Killingbeck,2022,04/01/2022,15:01:38,-67.288836,-67.76877,04/01/2022 15:01,04/01/2022 12:01
KB_22_42978_17,Male,Killingbeck,2022,04/01/2022,15:13:19,-67.285903,-67.795839,04/01/2022 15:13,04/01/2022 12:13
KB_22_42978_17,Male,Killingbeck,2022,04/01/2022,15:23:12,-67.286042,-67.803508,04/01/2022 15:23,04/01/2022 12:23
KB_22_42978_17,Male,Killingbeck,2022,04/01/2022,15:33:14,-67.28593,-67.8043,04/01/2022 15:33,04/01/2022 12:33
KB_22_42978_17,Male,Killingbeck,2022,04/01/2022,15:43:28,-67.286933,-67.8014,04/01/2022 15:43,04/01/2022 12:43
KB_22_42978_17,Male,Killingbeck,2022,04/01/2022,15:55:57,-67.286473,-67.803463,04/01/2022 15:55,04/01/2022 12:55
KB_22_42978_17,Male,Killingbeck,2022,04/01/2022,16:06:01,-67.287619,-67.804693,04/01/2022 16:06,04/01/2022 13:06
KB_22_42978_17,Male,Killingbeck,2022,04/01/2022,16:15:57,-67.3344,-67.841233,04/01/2022 16:15,04/01/2022 13:15
KB_22_42978_17,Male,Killingbeck,2022,04/01/2022,16:25:51,-67.411541,-67.911971,04/01/2022 16:25,04/01/2022 13:25
KB_22_42978_17,Male,Killingbeck,2022,04/01/2022,16:35:52,-67.469236,-67.970654,04/01/2022 16:35,04/01/2022 13:35
KB_22_42978_17,Male,Killingbeck,2022,04/01/2022,16:45:52,-67.469215,-67.970686,04/01/2022 16:45,04/01/2022 13:45
KB_22_42978_17,Male,Killingbeck,2022,04/01/2022,16:55:44,-67.513791,-68.032886,04/01/2022 16:55,04/01/2022 13:55
KB_22_42978_17,Male,Killingbeck,2022,04/01/2022,17:05:43,-67.526793,-68.044044,04/01/2022 17:05,04/01/2022 14:05
KB_22_42978_17,Male,Killingbeck,2022,04/01/2022,17:15:42,-67.547236,-68.068098,04/01/2022 17:15,04/01/2022 14:15
KB_22_42978_17,Male,Killingbeck,2022,04/01/2022,17:25:36,-67.570628,-68.069121,04/01/2022 17:25,04/01/2022 14:25
KB_22_42978_17,Male,Killingbeck,2022,04/01/2022,17:35:35,-67.570625,-68.069085,04/01/2022 17:35,04/01/2022 14:35
KB_22_42978_17,Male,Killingbeck,2022,04/01/2022,17:45:35,-67.570696,-68.069116,04/01/2022 17:45,04/01/2022 14:45
KB_22_42978_17,Male,Killingbeck,2022,04/01/2022,17:55:29,-67.570702,-68.069309,04/01/2022 17:55,04/01/2022 14:55
KB_22_42978_17,Male,Killingbeck,2022,04/01/2022,18:05:30,-67.570648,-68.069085,04/01/2022 18:05,04/01/2022 15:05
KB_22_42978_17,Male,Killingbeck,2022,04/01/2022,18:15:29,-67.570705,-68.069249,04/01/2022 18:15,04/01/2022 15:15
KB_22_42978_17,Male,Killingbeck,2022,04/01/2022,18:25:20,-67.570708,-68.068939,04/01/2022 18:25,04/01/2022 15:25
KB_22_42978_17,Male,Killingbeck,2022,04/01/2022,18:35:19,-67.571778,-68.068059,04/01/2022 18:35,04/01/2022 15:35
KB_22_42978_17,Male,Killingbeck,2022,04/01/2022,18:45:22,-67.576288,-68.070312,04/01/2022 18:45,04/01/2022 15:45
KB_22_42978_17,Male,Killingbeck,2022,04/01/2022,18:55:14,-67.576156,-68.071173,04/01/2022 18:55,04/01/2022 15:55
KB_22_42978_17,Male,Killingbeck,2022,04/01/2022,19:05:33,-67.57607,-68.069354,04/01/2022 19:05,04/01/2022 16:05
KB_22_42978_17,Male,Killingbeck,2022,04/01/2022,19:15:34,-67.57067,-68.069123,04/01/2022 19:15,04/01/2022 16:15
KB_22_42978_17,Male,Killingbeck,2022,04/01/2022,19:25:27,-67.570649,-68.069117,04/01/2022 19:25,04/01/2022 16:25
KB_22_42978_17,Male,Killingbeck,2022,04/01/2022,19:35:27,-67.570649,-68.069012,04/01/2022 19:35,04/01/2022 16:35
KB_22_42978_17,Male,Killingbeck,2022,04/01/2022,19:45:33,-67.576042,-68.070875,04/01/2022 19:45,04/01/2022 16:45
KB_22_42978_17,Male,Killingbeck,2022,04/01/2022,19:55:21,-67.575202,-68.068472,04/01/2022 19:55,04/01/2022 16:55
KB_22_42978_17,Male,Killingbeck,2022,04/01/2022,20:05:26,-67.57141,-68.061748,04/01/2022 20:05,04/01/2022 17:05
KB_22_42978_17,Male,Killingbeck,2022,04/01/2022,20:17:38,-67.56913,-68.05819,04/01/2022 20:17,04/01/2022 17:17
KB_22_42978_17,Male,Killingbeck,2022,04/01/2022,20:27:33,-67.570653,-68.069112,04/01/2022 20:27,04/01/2022 17:27
KB_22_42978_17,Male,Killingbeck,2022,04/01/2022,20:37:34,-67.570682,-68.069028,04/01/2022 20:37,04/01/2022 17:37
KB_22_42978_17,Male,Killingbeck,2022,04/01/2022,20:47:32,-67.570715,-68.069263,04/01/2022 20:47,04/01/2022 17:47
KB_22_42978_17,Male,Killingbeck,2022,04/01/2022,20:57:27,-67.57072,-68.068912,04/01/2022 20:57,04/01/2022 17:57
KB_22_42978_17,Male,Killingbeck,2022,04/01/2022,21:07:26,-67.570736,-68.069093,04/01/2022 21:07,04/01/2022 18:07
KB_22_42978_17,Male,Killingbeck,2022,04/01/2022,21:17:24,-67.570734,-68.0687,04/01/2022 21:17,04/01/2022 18:17
KB_22_42978_17,Male,Killingbeck,2022,04/01/2022,21:27:20,-67.570684,-68.06899,04/01/2022 21:27,04/01/2022 18:27
KB_22_42978_17,Male,Killingbeck,2022,04/01/2022,21:37:19,-67.570725,-68.068589,04/01/2022 21:37,04/01/2022 18:37
KB_22_42978_17,Male,Killingbeck,2022,04/01/2022,21:47:16,-67.57066,-68.06902,04/01/2022 21:47,04/01/2022 18:47
KB_22_42978_17,Male,Killingbeck,2022,04/01/2022,21:57:10,-67.570675,-68.068804,04/01/2022 21:57,04/01/2022 18:57
KB_22_42978_17,Male,Killingbeck,2022,04/01/2022,22:07:09,-67.570642,-68.068983,04/01/2022 22:07,04/01/2022 19:07
KB_22_42978_17,Male,Killingbeck,2022,04/01/2022,22:17:09,-67.570724,-68.068999,04/01/2022 22:17,04/01/2022 19:17
KB_22_42978_17,Male,Killingbeck,2022,04/01/2022,22:27:03,-67.570679,-68.068874,04/01/2022 22:27,04/01/2022 19:27
KB_22_42978_17,Male,Killingbeck,2022,04/01/2022,22:37:02,-67.570739,-68.069033,04/01/2022 22:37,04/01/2022 19:37
KB_22_42978_17,Male,Killingbeck,2022,04/01/2022,22:47:01,-67.570737,-68.068999,04/01/2022 22:47,04/01/2022 19:47
KB_22_42978_17,Male,Killingbeck,2022,04/01/2022,22:56:56,-67.570813,-68.068529,04/01/2022 22:56,04/01/2022 19:56
KB_22_42978_17,Male,Killingbeck,2022,04/01/2022,23:06:54,-67.570687,-68.068928,04/01/2022 23:06,04/01/2022 20:06
KB_22_42978_17,Male,Killingbeck,2022,04/01/2022,23:16:53,-67.570667,-68.068963,04/01/2022 23:16,04/01/2022 20:16
KB_22_42978_17,Male,Killingbeck,2022,04/01/2022,23:26:47,-67.570677,-68.068872,04/01/2022 23:26,04/01/2022 20:26
KB_22_42978_17,Male,Killingbeck,2022,04/01/2022,23:36:46,-67.570705,-68.068956,04/01/2022 23:36,04/01/2022 20:36
KB_22_42978_17,Male,Killingbeck,2022,04/01/2022,23:46:45,-67.570724,-68.069084,04/01/2022 23:46,04/01/2022 20:46
KB_22_42978_17,Male,Killingbeck,2022,04/01/2022,23:56:41,-67.570763,-68.068903,04/01/2022 23:56,04/01/2022 20:56
KB_22_42978_17,Male,Killingbeck,2022,05/01/2022,00:06:39,-67.570701,-68.068942,05/01/2022 00:06,04/01/2022 21:06
KB_22_42978_17,Male,Killingbeck,2022,05/01/2022,00:16:38,-67.570745,-68.069054,05/01/2022 00:16,04/01/2022 21:16
KB_22_42978_17,Male,Killingbeck,2022,05/01/2022,00:26:32,-67.570664,-68.069042,05/01/2022 00:26,04/01/2022 21:26
KB_22_42978_17,Male,Killingbeck,2022,05/01/2022,00:36:31,-67.570691,-68.069002,05/01/2022 00:36,04/01/2022 21:36
KB_22_42978_17,Male,Killingbeck,2022,05/01/2022,00:46:30,-67.570714,-68.068928,05/01/2022 00:46,04/01/2022 21:46
KB_22_42978_17,Male,Killingbeck,2022,05/01/2022,00:56:24,-67.570711,-68.068905,05/01/2022 00:56,04/01/2022 21:56
KB_22_42978_17,Male,Killingbeck,2022,05/01/2022,01:06:23,-67.570667,-68.068996,05/01/2022 01:06,04/01/2022 22:06
KB_22_42978_17,Male,Killingbeck,2022,05/01/2022,01:16:22,-67.570669,-68.068893,05/01/2022 01:16,04/01/2022 22:16
KB_22_42978_17,Male,Killingbeck,2022,05/01/2022,01:26:17,-67.570656,-68.068978,05/01/2022 01:26,04/01/2022 22:26
KB_22_42978_17,Male,Killingbeck,2022,05/01/2022,01:36:16,-67.570654,-68.068855,05/01/2022 01:36,04/01/2022 22:36
KB_22_42978_17,Male,Killingbeck,2022,05/01/2022,01:46:15,-67.570663,-68.068953,05/01/2022 01:46,04/01/2022 22:46
KB_22_42978_17,Male,Killingbeck,2022,05/01/2022,01:56:10,-67.570716,-68.068942,05/01/2022 01:56,04/01/2022 22:56
KB_22_42978_17,Male,Killingbeck,2022,05/01/2022,02:06:09,-67.570702,-68.068891,05/01/2022 02:06,04/01/2022 23:06
KB_22_42978_17,Male,Killingbeck,2022,05/01/2022,02:16:07,-67.570724,-68.068892,05/01/2022 02:16,04/01/2022 23:16
KB_22_42978_17,Male,Killingbeck,2022,05/01/2022,02:26:01,-67.570728,-68.068931,05/01/2022 02:26,04/01/2022 23:26
KB_22_42978_17,Male,Killingbeck,2022,05/01/2022,02:36:00,-67.570782,-68.068879,05/01/2022 02:36,04/01/2022 23:36
KB_22_42978_17,Male,Killingbeck,2022,05/01/2022,02:46:00,-67.570748,-68.068976,05/01/2022 02:46,04/01/2022 23:46
KB_22_42978_17,Male,Killingbeck,2022,05/01/2022,02:55:52,-67.570726,-68.068989,05/01/2022 02:55,04/01/2022 23:55
KB_22_42978_17,Male,Killingbeck,2022,05/01/2022,03:05:52,-67.570752,-68.068933,05/01/2022 03:05,05/01/2022 00:05
KB_22_42978_17,Male,Killingbeck,2022,05/01/2022,03:15:52,-67.570744,-68.068951,05/01/2022 03:15,05/01/2022 00:15
KB_22_42978_17,Male,Killingbeck,2022,05/01/2022,03:25:46,-67.570703,-68.069064,05/01/2022 03:25,05/01/2022 00:25
KB_22_42978_17,Male,Killingbeck,2022,05/01/2022,03:35:45,-67.570737,-68.069093,05/01/2022 03:35,05/01/2022 00:35
KB_22_42978_17,Male,Killingbeck,2022,05/01/2022,03:45:44,-67.570738,-68.069143,05/01/2022 03:45,05/01/2022 00:45
KB_22_42978_17,Male,Killingbeck,2022,05/01/2022,03:55:37,-67.570581,-68.069095,05/01/2022 03:55,05/01/2022 00:55
KB_22_42978_17,Male,Killingbeck,2022,05/01/2022,04:05:36,-67.570633,-68.069071,05/01/2022 04:05,05/01/2022 01:05
KB_22_42978_17,Male,Killingbeck,2022,05/01/2022,04:15:36,-67.57068,-68.069138,05/01/2022 04:15,05/01/2022 01:15
KB_22_42978_17,Male,Killingbeck,2022,05/01/2022,04:25:30,-67.570606,-68.069043,05/01/2022 04:25,05/01/2022 01:25
KB_22_42978_17,Male,Killingbeck,2022,05/01/2022,04:35:29,-67.570658,-68.069139,05/01/2022 04:35,05/01/2022 01:35
KB_22_42978_17,Male,Killingbeck,2022,05/01/2022,04:45:30,-67.570809,-68.069131,05/01/2022 04:45,05/01/2022 01:45
KB_22_42978_17,Male,Killingbeck,2022,05/01/2022,04:55:22,-67.570691,-68.069196,05/01/2022 04:55,05/01/2022 01:55
KB_22_42978_17,Male,Killingbeck,2022,05/01/2022,05:05:22,-67.570713,-68.069142,05/01/2022 05:05,05/01/2022 02:05
KB_22_42978_17,Male,Killingbeck,2022,05/01/2022,05:15:21,-67.570671,-68.069106,05/01/2022 05:15,05/01/2022 02:15
KB_22_42978_17,Male,Killingbeck,2022,05/01/2022,05:25:15,-67.570656,-68.069146,05/01/2022 05:25,05/01/2022 02:25
KB_22_42978_17,Male,Killingbeck,2022,05/01/2022,05:35:14,-67.57065,-68.068994,05/01/2022 05:35,05/01/2022 02:35
KB_22_42978_17,Male,Killingbeck,2022,05/01/2022,05:45:14,-67.570489,-68.069281,05/01/2022 05:45,05/01/2022 02:45
KB_22_42978_17,Male,Killingbeck,2022,05/01/2022,05:55:06,-67.570566,-68.068907,05/01/2022 05:55,05/01/2022 02:55
KB_22_42978_17,Male,Killingbeck,2022,05/01/2022,06:05:05,-67.57054,-68.068795,05/01/2022 06:05,05/01/2022 03:05
KB_22_42978_17,Male,Killingbeck,2022,05/01/2022,06:15:04,-67.570612,-68.06879,05/01/2022 06:15,05/01/2022 03:15
KB_22_42978_17,Male,Killingbeck,2022,05/01/2022,06:25:00,-67.570673,-68.068832,05/01/2022 06:25,05/01/2022 03:25
KB_22_42978_17,Male,Killingbeck,2022,05/01/2022,06:34:59,-67.570649,-68.068845,05/01/2022 06:34,05/01/2022 03:34
KB_22_42978_17,Male,Killingbeck,2022,05/01/2022,06:44:58,-67.570604,-68.068804,05/01/2022 06:44,05/01/2022 03:44
KB_22_42978_17,Male,Killingbeck,2022,05/01/2022,06:54:51,-67.570471,-68.068632,05/01/2022 06:54,05/01/2022 03:54
KB_22_42978_17,Male,Killingbeck,2022,05/01/2022,07:04:50,-67.570629,-68.068962,05/01/2022 07:04,05/01/2022 04:04
KB_22_42978_17,Male,Killingbeck,2022,05/01/2022,07:14:49,-67.570647,-68.068926,05/01/2022 07:14,05/01/2022 04:14
KB_22_42978_17,Male,Killingbeck,2022,05/01/2022,07:24:44,-67.570571,-68.068906,05/01/2022 07:24,05/01/2022 04:24
KB_22_42978_17,Male,Killingbeck,2022,05/01/2022,07:34:43,-67.570709,-68.069098,05/01/2022 07:34,05/01/2022 04:34
KB_22_42978_17,Male,Killingbeck,2022,05/01/2022,07:44:41,-67.570676,-68.069025,05/01/2022 07:44,05/01/2022 04:44
KB_22_42978_17,Male,Killingbeck,2022,05/01/2022,07:54:36,-67.570814,-68.068966,05/01/2022 07:54,05/01/2022 04:54
KB_22_42978_17,Male,Killingbeck,2022,05/01/2022,08:04:49,-67.570661,-68.069162,05/01/2022 08:04,05/01/2022 05:04
KB_22_42978_17,Male,Killingbeck,2022,05/01/2022,08:14:37,-67.570643,-68.068942,05/01/2022 08:14,05/01/2022 05:14
KB_22_42978_17,Male,Killingbeck,2022,05/01/2022,08:24:46,-67.570648,-68.068461,05/01/2022 08:24,05/01/2022 05:24
KB_22_42978_17,Male,Killingbeck,2022,05/01/2022,08:34:37,-67.570636,-68.068917,05/01/2022 08:34,05/01/2022 05:34
KB_22_42978_17,Male,Killingbeck,2022,05/01/2022,08:44:37,-67.570633,-68.068923,05/01/2022 08:44,05/01/2022 05:44
KB_22_42978_17,Male,Killingbeck,2022,05/01/2022,08:54:25,-67.570636,-68.068993,05/01/2022 08:54,05/01/2022 05:54
KB_22_42978_17,Male,Killingbeck,2022,05/01/2022,09:04:33,-67.570612,-68.069039,05/01/2022 09:04,05/01/2022 06:04
KB_22_42978_17,Male,Killingbeck,2022,05/01/2022,09:14:24,-67.570639,-68.06883,05/01/2022 09:14,05/01/2022 06:14
KB_22_42978_17,Male,Killingbeck,2022,05/01/2022,09:24:22,-67.570559,-68.068712,05/01/2022 09:24,05/01/2022 06:24
KB_22_42978_17,Male,Killingbeck,2022,05/01/2022,09:34:19,-67.570597,-68.06876,05/01/2022 09:34,05/01/2022 06:34
KB_22_42978_17,Male,Killingbeck,2022,05/01/2022,09:44:15,-67.570766,-68.068532,05/01/2022 09:44,05/01/2022 06:44
KB_22_42978_17,Male,Killingbeck,2022,05/01/2022,09:54:18,-67.57064,-68.068886,05/01/2022 09:54,05/01/2022 06:54
KB_22_42978_17,Male,Killingbeck,2022,05/01/2022,10:04:10,-67.570609,-68.069024,05/01/2022 10:04,05/01/2022 07:04
KB_22_42978_17,Male,Killingbeck,2022,05/01/2022,10:14:09,-67.570573,-68.068625,05/01/2022 10:14,05/01/2022 07:14
KB_22_42978_17,Male,Killingbeck,2022,05/01/2022,10:24:03,-67.570602,-68.068781,05/01/2022 10:24,05/01/2022 07:24
KB_22_42978_17,Male,Killingbeck,2022,05/01/2022,10:34:02,-67.570587,-68.068681,05/01/2022 10:34,05/01/2022 07:34
KB_22_42978_17,Male,Killingbeck,2022,05/01/2022,10:44:02,-67.580615,-68.08194,05/01/2022 10:44,05/01/2022 07:44
KB_22_42978_17,Male,Killingbeck,2022,05/01/2022,10:53:56,-67.551638,-68.052394,05/01/2022 10:53,05/01/2022 07:53
KB_22_42978_17,Male,Killingbeck,2022,05/01/2022,11:07:12,-67.533613,-68.030958,05/01/2022 11:07,05/01/2022 08:07
KB_22_42978_17,Male,Killingbeck,2022,05/01/2022,11:19:37,-67.531265,-68.027292,05/01/2022 11:19,05/01/2022 08:19
KB_22_42978_17,Male,Killingbeck,2022,05/01/2022,11:29:31,-67.47778,-67.961784,05/01/2022 11:29,05/01/2022 08:29
KB_22_42978_17,Male,Killingbeck,2022,05/01/2022,11:39:31,-67.388541,-67.830355,05/01/2022 11:39,05/01/2022 08:39
KB_22_42978_17,Male,Killingbeck,2022,05/01/2022,11:49:30,-67.295249,-67.795575,05/01/2022 11:49,05/01/2022 08:49
KB_22_42978_17,Male,Killingbeck,2022,05/01/2022,11:59:27,-67.286201,-67.803203,05/01/2022 11:59,05/01/2022 08:59
KB_22_42978_17,Male,Killingbeck,2022,05/01/2022,12:09:23,-67.28527,-67.806812,05/01/2022 12:09,05/01/2022 09:09
KB_22_42978_17,Male,Killingbeck,2022,05/01/2022,12:22:21,-67.285205,-67.805578,05/01/2022 12:22,05/01/2022 09:22
KB_22_42978_17,Male,Killingbeck,2022,05/01/2022,12:33:04,-67.285538,-67.803877,05/01/2022 12:33,05/01/2022 09:33
KB_22_42978_17,Male,Killingbeck,2022,05/01/2022,12:43:03,-67.275879,-67.811564,05/01/2022 12:43,05/01/2022 09:43
KB_22_42978_17,Male,Killingbeck,2022,05/01/2022,12:53:04,-67.2759,-67.811651,05/01/2022 12:53,05/01/2022 09:53
KB_22_42978_17,Male,Killingbeck,2022,05/01/2022,13:02:58,-67.275902,-67.811734,05/01/2022 13:02,05/01/2022 10:02
KB_22_42978_17,Male,Killingbeck,2022,05/01/2022,13:12:57,-67.27589,-67.811664,05/01/2022 13:12,05/01/2022 10:12
KB_22_42978_17,Male,Killingbeck,2022,05/01/2022,13:22:56,-67.275949,-67.811649,05/01/2022 13:22,05/01/2022 10:22
KB_22_42978_17,Male,Killingbeck,2022,05/01/2022,13:32:50,-67.275876,-67.81178,05/01/2022 13:32,05/01/2022 10:32
KB_22_42978_17,Male,Killingbeck,2022,05/01/2022,13:43:54,-67.278021,-67.811953,05/01/2022 13:43,05/01/2022 10:43
KB_22_42978_17,Male,Killingbeck,2022,05/01/2022,13:53:53,-67.278343,-67.813008,05/01/2022 13:53,05/01/2022 10:53
KB_22_42978_17,Male,Killingbeck,2022,05/01/2022,14:03:48,-67.279428,-67.81008,05/01/2022 14:03,05/01/2022 11:03
KB_22_42978_17,Male,Killingbeck,2022,05/01/2022,14:14:13,-67.280523,-67.808508,05/01/2022 14:14,05/01/2022 11:14
KB_22_42978_17,Male,Killingbeck,2022,05/01/2022,14:24:54,-67.28587,-67.804405,05/01/2022 14:24,05/01/2022 11:24
KB_22_42978_17,Male,Killingbeck,2022,05/01/2022,14:34:49,-67.285953,-67.801822,05/01/2022 14:34,05/01/2022 11:34
KB_22_42978_17,Male,Killingbeck,2022,05/01/2022,14:44:50,-67.286443,-67.800275,05/01/2022 14:44,05/01/2022 11:44
KB_22_42978_17,Male,Killingbeck,2022,05/01/2022,14:54:47,-67.286259,-67.799405,05/01/2022 14:54,05/01/2022 11:54
KB_22_42978_17,Male,Killingbeck,2022,05/01/2022,15:04:41,-67.285987,-67.800009,05/01/2022 15:04,05/01/2022 12:04
KB_22_42978_17,Male,Killingbeck,2022,05/01/2022,15:14:39,-67.262882,-67.820353,05/01/2022 15:14,05/01/2022 12:14
KB_22_42978_17,Male,Killingbeck,2022,05/01/2022,15:24:39,-67.259201,-67.815479,05/01/2022 15:24,05/01/2022 12:24
KB_22_42978_17,Male,Killingbeck,2022,05/01/2022,15:34:34,-67.255613,-67.808,05/01/2022 15:34,05/01/2022 12:34
KB_22_42978_17,Male,Killingbeck,2022,05/01/2022,15:44:33,-67.276515,-67.817316,05/01/2022 15:44,05/01/2022 12:44
KB_22_42978_17,Male,Killingbeck,2022,05/01/2022,15:54:34,-67.277537,-67.813362,05/01/2022 15:54,05/01/2022 12:54
KB_22_42978_17,Male,Killingbeck,2022,05/01/2022,16:04:26,-67.283536,-67.806478,05/01/2022 16:04,05/01/2022 13:04
KB_22_42978_17,Male,Killingbeck,2022,05/01/2022,16:14:24,-67.284549,-67.805516,05/01/2022 16:14,05/01/2022 13:14
KB_22_42978_17,Male,Killingbeck,2022,05/01/2022,16:24:32,-67.285449,-67.804452,05/01/2022 16:24,05/01/2022 13:24
KB_22_42978_17,Male,Killingbeck,2022,05/01/2022,16:34:28,-67.287032,-67.80115,05/01/2022 16:34,05/01/2022 13:34
KB_22_42978_17,Male,Killingbeck,2022,05/01/2022,16:44:25,-67.287272,-67.800416,05/01/2022 16:44,05/01/2022 13:44
KB_22_42978_17,Male,Killingbeck,2022,05/01/2022,16:54:24,-67.28638,-67.800464,05/01/2022 16:54,05/01/2022 13:54
KB_22_42978_17,Male,Killingbeck,2022,05/01/2022,17:04:18,-67.285901,-67.805961,05/01/2022 17:04,05/01/2022 14:04
KB_22_42978_17,Male,Killingbeck,2022,05/01/2022,17:14:17,-67.286074,-67.803503,05/01/2022 17:14,05/01/2022 14:14
KB_22_42978_17,Male,Killingbeck,2022,05/01/2022,17:24:17,-67.285744,-67.805038,05/01/2022 17:24,05/01/2022 14:24
KB_22_42978_17,Male,Killingbeck,2022,05/01/2022,17:36:34,-67.285533,-67.806858,05/01/2022 17:36,05/01/2022 14:36
KB_22_42978_17,Male,Killingbeck,2022,05/01/2022,17:46:32,-67.28592,-67.805502,05/01/2022 17:46,05/01/2022 14:46
KB_22_42978_17,Male,Killingbeck,2022,05/01/2022,17:56:31,-67.286677,-67.803531,05/01/2022 17:56,05/01/2022 14:56
KB_22_42978_17,Male,Killingbeck,2022,05/01/2022,18:06:25,-67.286207,-67.806375,05/01/2022 18:06,05/01/2022 15:06
KB_22_42978_17,Male,Killingbeck,2022,05/01/2022,18:16:24,-67.28666,-67.806102,05/01/2022 18:16,05/01/2022 15:16
KB_22_42978_17,Male,Killingbeck,2022,05/01/2022,18:26:23,-67.290206,-67.802405,05/01/2022 18:26,05/01/2022 15:26
KB_22_42978_17,Male,Killingbeck,2022,05/01/2022,18:36:17,-67.372767,-67.856956,05/01/2022 18:36,05/01/2022 15:36
KB_22_42978_17,Male,Killingbeck,2022,05/01/2022,18:46:15,-67.447068,-67.946738,05/01/2022 18:46,05/01/2022 15:46
KB_22_42978_17,Male,Killingbeck,2022,05/01/2022,18:56:17,-67.524762,-68.050791,05/01/2022 18:56,05/01/2022 15:56
KB_22_42978_17,Male,Killingbeck,2022,05/01/2022,19:06:10,-67.570647,-68.06905,05/01/2022 19:06,05/01/2022 16:06
KB_22_42978_17,Male,Killingbeck,2022,05/01/2022,19:16:11,-67.570623,-68.069136,05/01/2022 19:16,05/01/2022 16:16
KB_22_42978_17,Male,Killingbeck,2022,05/01/2022,19:26:07,-67.570728,-68.068948,05/01/2022 19:26,05/01/2022 16:26
KB_22_42978_17,Male,Killingbeck,2022,05/01/2022,19:36:04,-67.570709,-68.069154,05/01/2022 19:36,05/01/2022 16:36
KB_22_42978_17,Male,Killingbeck,2022,05/01/2022,19:46:03,-67.570815,-68.069351,05/01/2022 19:46,05/01/2022 16:46
KB_22_42978_17,Male,Killingbeck,2022,05/01/2022,19:56:00,-67.57073,-68.069074,05/01/2022 19:56,05/01/2022 16:56
KB_22_42978_17,Male,Killingbeck,2022,05/01/2022,20:05:56,-67.570762,-68.069369,05/01/2022 20:05,05/01/2022 17:05
KB_22_42978_17,Male,Killingbeck,2022,05/01/2022,20:15:56,-67.570793,-68.069176,05/01/2022 20:15,05/01/2022 17:15
KB_22_42978_17,Male,Killingbeck,2022,05/01/2022,20:25:52,-67.570684,-68.069075,05/01/2022 20:25,05/01/2022 17:25
KB_22_42978_17,Male,Killingbeck,2022,05/01/2022,20:35:47,-67.570692,-68.06913,05/01/2022 20:35,05/01/2022 17:35
KB_22_42978_17,Male,Killingbeck,2022,05/01/2022,20:45:49,-67.57068,-68.068946,05/01/2022 20:45,05/01/2022 17:45
KB_22_42978_17,Male,Killingbeck,2022,05/01/2022,20:55:46,-67.570606,-68.068924,05/01/2022 20:55,05/01/2022 17:55
KB_22_42978_17,Male,Killingbeck,2022,05/01/2022,21:05:43,-67.570676,-68.0689,05/01/2022 21:05,05/01/2022 18:05
KB_22_42978_17,Male,Killingbeck,2022,05/01/2022,21:15:43,-67.570807,-68.068652,05/01/2022 21:15,05/01/2022 18:15
KB_22_42978_17,Male,Killingbeck,2022,05/01/2022,21:25:47,-67.570719,-68.069541,05/01/2022 21:25,05/01/2022 18:25
KB_22_42978_17,Male,Killingbeck,2022,05/01/2022,21:35:37,-67.570714,-68.068987,05/01/2022 21:35,05/01/2022 18:35
KB_22_42978_17,Male,Killingbeck,2022,05/01/2022,21:45:36,-67.570852,-68.068898,05/01/2022 21:45,05/01/2022 18:45
KB_22_42978_17,Male,Killingbeck,2022,05/01/2022,21:55:32,-67.570719,-68.068934,05/01/2022 21:55,05/01/2022 18:55
KB_22_42978_17,Male,Killingbeck,2022,05/01/2022,22:05:27,-67.570725,-68.069057,05/01/2022 22:05,05/01/2022 19:05
KB_22_42978_17,Male,Killingbeck,2022,05/01/2022,22:15:26,-67.570736,-68.068937,05/01/2022 22:15,05/01/2022 19:15
KB_22_42978_17,Male,Killingbeck,2022,05/01/2022,22:25:24,-67.570709,-68.068986,05/01/2022 22:25,05/01/2022 19:25
KB_22_42978_17,Male,Killingbeck,2022,05/01/2022,22:35:19,-67.570584,-68.068925,05/01/2022 22:35,05/01/2022 19:35
KB_22_42978_17,Male,Killingbeck,2022,05/01/2022,22:45:20,-67.570582,-68.068928,05/01/2022 22:45,05/01/2022 19:45
KB_22_42978_17,Male,Killingbeck,2022,05/01/2022,22:55:21,-67.570691,-68.068987,05/01/2022 22:55,05/01/2022 19:55
KB_22_42978_17,Male,Killingbeck,2022,05/01/2022,23:05:15,-67.570722,-68.068961,05/01/2022 23:05,05/01/2022 20:05
KB_22_42978_17,Male,Killingbeck,2022,05/01/2022,23:15:12,-67.57067,-68.068913,05/01/2022 23:15,05/01/2022 20:15
KB_22_42978_17,Male,Killingbeck,2022,05/01/2022,23:25:12,-67.570662,-68.068997,05/01/2022 23:25,05/01/2022 20:25
KB_22_42978_17,Male,Killingbeck,2022,05/01/2022,23:35:09,-67.570726,-68.068989,05/01/2022 23:35,05/01/2022 20:35
KB_22_42978_17,Male,Killingbeck,2022,05/01/2022,23:45:10,-67.570735,-68.068804,05/01/2022 23:45,05/01/2022 20:45
KB_22_42978_17,Male,Killingbeck,2022,05/01/2022,23:55:08,-67.570749,-68.068867,05/01/2022 23:55,05/01/2022 20:55
KB_22_42978_17,Male,Killingbeck,2022,06/01/2022,00:05:06,-67.57108,-68.068668,06/01/2022 00:05,05/01/2022 21:05
KB_22_42978_17,Male,Killingbeck,2022,06/01/2022,00:15:07,-67.571098,-68.068724,06/01/2022 00:15,05/01/2022 21:15
KB_22_42978_17,Male,Killingbeck,2022,06/01/2022,00:25:03,-67.570685,-68.069125,06/01/2022 00:25,05/01/2022 21:25
KB_22_42978_17,Male,Killingbeck,2022,06/01/2022,00:35:04,-67.570711,-68.069054,06/01/2022 00:35,05/01/2022 21:35
KB_22_42978_17,Male,Killingbeck,2022,06/01/2022,00:45:04,-67.570739,-68.068938,06/01/2022 00:45,05/01/2022 21:45
KB_22_42978_17,Male,Killingbeck,2022,06/01/2022,00:55:03,-67.570728,-68.06895,06/01/2022 00:55,05/01/2022 21:55
KB_22_42978_17,Male,Killingbeck,2022,06/01/2022,01:05:04,-67.570641,-68.068904,06/01/2022 01:05,05/01/2022 22:05
KB_22_42978_17,Male,Killingbeck,2022,06/01/2022,01:15:03,-67.57064,-68.068903,06/01/2022 01:15,05/01/2022 22:15
KB_22_42978_17,Male,Killingbeck,2022,06/01/2022,01:25:02,-67.570635,-68.068942,06/01/2022 01:25,05/01/2022 22:25
KB_22_42978_17,Male,Killingbeck,2022,06/01/2022,01:35:02,-67.570663,-68.069005,06/01/2022 01:35,05/01/2022 22:35
KB_22_42978_17,Male,Killingbeck,2022,06/01/2022,01:45:01,-67.570699,-68.068934,06/01/2022 01:45,05/01/2022 22:45
KB_22_42978_17,Male,Killingbeck,2022,06/01/2022,01:55:00,-67.570688,-68.068893,06/01/2022 01:55,05/01/2022 22:55
KB_22_42978_17,Male,Killingbeck,2022,06/01/2022,02:05:01,-67.570643,-68.068796,06/01/2022 02:05,05/01/2022 23:05
KB_22_42978_17,Male,Killingbeck,2022,06/01/2022,02:15:00,-67.570729,-68.068815,06/01/2022 02:15,05/01/2022 23:15
KB_22_42978_17,Male,Killingbeck,2022,06/01/2022,02:25:00,-67.570733,-68.068901,06/01/2022 02:25,05/01/2022 23:25
KB_22_42978_17,Male,Killingbeck,2022,06/01/2022,02:35:02,-67.570777,-68.068961,06/01/2022 02:35,05/01/2022 23:35
KB_22_42978_17,Male,Killingbeck,2022,06/01/2022,02:45:01,-67.570787,-68.068977,06/01/2022 02:45,05/01/2022 23:45
KB_22_42978_17,Male,Killingbeck,2022,06/01/2022,02:55:00,-67.570686,-68.068999,06/01/2022 02:55,05/01/2022 23:55
KB_22_42978_17,Male,Killingbeck,2022,06/01/2022,03:04:54,-67.570756,-68.069033,06/01/2022 03:04,06/01/2022 00:04
KB_22_42978_17,Male,Killingbeck,2022,06/01/2022,03:14:53,-67.570688,-68.06909,06/01/2022 03:14,06/01/2022 00:14
KB_22_42978_17,Male,Killingbeck,2022,06/01/2022,03:24:52,-67.570695,-68.069098,06/01/2022 03:24,06/01/2022 00:24
KB_22_42978_17,Male,Killingbeck,2022,06/01/2022,03:34:46,-67.570716,-68.069098,06/01/2022 03:34,06/01/2022 00:34
KB_22_42978_17,Male,Killingbeck,2022,06/01/2022,03:44:45,-67.570715,-68.069103,06/01/2022 03:44,06/01/2022 00:44
KB_22_42978_17,Male,Killingbeck,2022,06/01/2022,03:54:44,-67.570712,-68.069071,06/01/2022 03:54,06/01/2022 00:54
KB_22_42978_17,Male,Killingbeck,2022,06/01/2022,04:04:39,-67.570749,-68.069099,06/01/2022 04:04,06/01/2022 01:04
KB_22_42978_17,Male,Killingbeck,2022,06/01/2022,04:14:38,-67.570706,-68.06914,06/01/2022 04:14,06/01/2022 01:14
KB_22_42978_17,Male,Killingbeck,2022,06/01/2022,04:24:37,-67.5707,-68.069028,06/01/2022 04:24,06/01/2022 01:24
KB_22_42978_17,Male,Killingbeck,2022,06/01/2022,04:34:33,-67.570607,-68.069208,06/01/2022 04:34,06/01/2022 01:34
KB_22_42978_17,Male,Killingbeck,2022,06/01/2022,04:44:30,-67.570655,-68.069081,06/01/2022 04:44,06/01/2022 01:44
KB_22_42978_17,Male,Killingbeck,2022,06/01/2022,04:54:29,-67.570619,-68.069052,06/01/2022 04:54,06/01/2022 01:54
KB_22_42978_17,Male,Killingbeck,2022,06/01/2022,05:04:23,-67.57068,-68.069159,06/01/2022 05:04,06/01/2022 02:04
KB_22_42978_17,Male,Killingbeck,2022,06/01/2022,05:14:24,-67.570626,-68.069261,06/01/2022 05:14,06/01/2022 02:14
KB_22_42978_17,Male,Killingbeck,2022,06/01/2022,05:24:24,-67.570815,-68.069133,06/01/2022 05:24,06/01/2022 02:24
KB_22_42978_17,Male,Killingbeck,2022,06/01/2022,05:34:17,-67.570667,-68.068874,06/01/2022 05:34,06/01/2022 02:34
KB_22_42978_17,Male,Killingbeck,2022,06/01/2022,05:44:14,-67.570697,-68.069184,06/01/2022 05:44,06/01/2022 02:44
KB_22_42978_17,Male,Killingbeck,2022,06/01/2022,05:54:14,-67.570515,-68.069161,06/01/2022 05:54,06/01/2022 02:54
KB_22_42978_17,Male,Killingbeck,2022,06/01/2022,06:04:08,-67.570612,-68.068992,06/01/2022 06:04,06/01/2022 03:04
KB_22_42978_17,Male,Killingbeck,2022,06/01/2022,06:14:07,-67.570592,-68.068968,06/01/2022 06:14,06/01/2022 03:14
KB_22_42978_17,Male,Killingbeck,2022,06/01/2022,06:24:06,-67.570593,-68.06902,06/01/2022 06:24,06/01/2022 03:24
KB_22_42978_17,Male,Killingbeck,2022,06/01/2022,06:34:00,-67.57066,-68.068796,06/01/2022 06:34,06/01/2022 03:34
KB_22_42978_17,Male,Killingbeck,2022,06/01/2022,06:43:59,-67.570688,-68.068819,06/01/2022 06:43,06/01/2022 03:43
KB_22_42978_17,Male,Killingbeck,2022,06/01/2022,06:53:58,-67.570646,-68.068942,06/01/2022 06:53,06/01/2022 03:53
KB_22_42978_17,Male,Killingbeck,2022,06/01/2022,07:03:55,-67.570759,-68.070415,06/01/2022 07:03,06/01/2022 04:03
KB_22_42978_17,Male,Killingbeck,2022,06/01/2022,07:13:53,-67.570793,-68.070235,06/01/2022 07:13,06/01/2022 04:13
KB_22_42978_17,Male,Killingbeck,2022,06/01/2022,07:23:53,-67.570706,-68.068951,06/01/2022 07:23,06/01/2022 04:23
KB_22_42978_17,Male,Killingbeck,2022,06/01/2022,07:33:56,-67.57073,-68.068948,06/01/2022 07:33,06/01/2022 04:33
KB_22_42978_17,Male,Killingbeck,2022,06/01/2022,07:43:56,-67.570824,-68.068841,06/01/2022 07:43,06/01/2022 04:43
KB_22_42978_17,Male,Killingbeck,2022,06/01/2022,07:53:56,-67.57066,-68.069596,06/01/2022 07:53,06/01/2022 04:53
KB_22_42978_17,Male,Killingbeck,2022,06/01/2022,08:04:00,-67.5709,-68.069374,06/01/2022 08:04,06/01/2022 05:04
KB_22_42978_17,Male,Killingbeck,2022,06/01/2022,08:13:59,-67.570683,-68.06929,06/01/2022 08:13,06/01/2022 05:13
KB_22_42978_17,Male,Killingbeck,2022,06/01/2022,08:23:56,-67.57065,-68.069001,06/01/2022 08:23,06/01/2022 05:23
KB_22_42978_17,Male,Killingbeck,2022,06/01/2022,08:34:09,-67.570389,-68.068901,06/01/2022 08:34,06/01/2022 05:34
KB_22_42978_17,Male,Killingbeck,2022,06/01/2022,08:44:00,-67.570689,-68.069043,06/01/2022 08:44,06/01/2022 05:44
KB_22_42978_17,Male,Killingbeck,2022,06/01/2022,08:53:59,-67.570653,-68.068816,06/01/2022 08:53,06/01/2022 05:53
KB_22_42978_17,Male,Killingbeck,2022,06/01/2022,09:03:59,-67.570613,-68.069199,06/01/2022 09:03,06/01/2022 06:03
KB_22_42978_17,Male,Killingbeck,2022,06/01/2022,09:13:57,-67.570638,-68.068927,06/01/2022 09:13,06/01/2022 06:13
KB_22_42978_17,Male,Killingbeck,2022,06/01/2022,09:23:56,-67.570683,-68.068955,06/01/2022 09:23,06/01/2022 06:23
KB_22_42978_17,Male,Killingbeck,2022,06/01/2022,09:34:00,-67.570626,-68.068863,06/01/2022 09:34,06/01/2022 06:34
KB_22_42978_17,Male,Killingbeck,2022,06/01/2022,09:43:57,-67.570552,-68.068787,06/01/2022 09:43,06/01/2022 06:43
KB_22_42978_17,Male,Killingbeck,2022,06/01/2022,09:53:56,-67.570633,-68.068856,06/01/2022 09:53,06/01/2022 06:53
KB_22_42978_17,Male,Killingbeck,2022,06/01/2022,10:03:57,-67.57063,-68.068877,06/01/2022 10:03,06/01/2022 07:03
KB_22_42978_17,Male,Killingbeck,2022,06/01/2022,10:13:56,-67.570668,-68.06882,06/01/2022 10:13,06/01/2022 07:13
KB_22_42978_17,Male,Killingbeck,2022,06/01/2022,10:23:55,-67.570693,-68.069028,06/01/2022 10:23,06/01/2022 07:23
KB_22_42978_17,Male,Killingbeck,2022,06/01/2022,10:33:55,-67.570468,-68.069142,06/01/2022 10:33,06/01/2022 07:33
KB_22_42978_17,Male,Killingbeck,2022,06/01/2022,10:43:54,-67.57063,-68.068869,06/01/2022 10:43,06/01/2022 07:43
KB_22_42978_17,Male,Killingbeck,2022,06/01/2022,10:53:53,-67.57067,-68.068796,06/01/2022 10:53,06/01/2022 07:53
KB_22_42978_17,Male,Killingbeck,2022,06/01/2022,11:03:54,-67.570651,-68.068873,06/01/2022 11:03,06/01/2022 08:03
KB_22_42978_17,Male,Killingbeck,2022,06/01/2022,11:13:55,-67.570808,-68.068773,06/01/2022 11:13,06/01/2022 08:13
KB_22_42978_17,Male,Killingbeck,2022,06/01/2022,11:23:52,-67.570688,-68.068922,06/01/2022 11:23,06/01/2022 08:23
KB_22_42978_17,Male,Killingbeck,2022,06/01/2022,11:33:54,-67.570633,-68.069123,06/01/2022 11:33,06/01/2022 08:33
KB_22_42978_17,Male,Killingbeck,2022,06/01/2022,11:43:53,-67.570703,-68.068897,06/01/2022 11:43,06/01/2022 08:43
KB_22_42978_17,Male,Killingbeck,2022,06/01/2022,11:53:53,-67.571153,-68.069089,06/01/2022 11:53,06/01/2022 08:53
KB_22_42978_17,Male,Killingbeck,2022,06/01/2022,12:03:51,-67.570705,-68.069003,06/01/2022 12:03,06/01/2022 09:03
KB_22_42978_17,Male,Killingbeck,2022,06/01/2022,12:13:51,-67.570649,-68.069064,06/01/2022 12:13,06/01/2022 09:13
KB_22_42978_17,Male,Killingbeck,2022,06/01/2022,12:23:50,-67.570652,-68.069027,06/01/2022 12:23,06/01/2022 09:23
KB_22_42978_17,Male,Killingbeck,2022,06/01/2022,12:33:52,-67.570629,-68.069132,06/01/2022 12:33,06/01/2022 09:33
KB_22_42978_17,Male,Killingbeck,2022,06/01/2022,12:43:52,-67.570648,-68.069041,06/01/2022 12:43,06/01/2022 09:43
KB_22_42978_17,Male,Killingbeck,2022,06/01/2022,12:53:53,-67.570184,-68.069592,06/01/2022 12:53,06/01/2022 09:53
KB_22_42978_17,Male,Killingbeck,2022,06/01/2022,13:03:51,-67.568855,-68.063601,06/01/2022 13:03,06/01/2022 10:03
KB_22_42978_17,Male,Killingbeck,2022,06/01/2022,13:13:50,-67.563239,-68.063519,06/01/2022 13:13,06/01/2022 10:13
KB_22_42978_17,Male,Killingbeck,2022,06/01/2022,13:23:50,-67.535388,-68.052874,06/01/2022 13:23,06/01/2022 10:23
KB_22_42978_17,Male,Killingbeck,2022,06/01/2022,13:33:50,-67.502205,-68.017989,06/01/2022 13:33,06/01/2022 10:33
KB_22_42978_17,Male,Killingbeck,2022,06/01/2022,13:43:50,-67.446164,-67.938871,06/01/2022 13:43,06/01/2022 10:43
KB_22_42978_17,Male,Killingbeck,2022,06/01/2022,13:53:48,-67.38521,-67.84703,06/01/2022 13:53,06/01/2022 10:53
KB_22_42978_17,Male,Killingbeck,2022,06/01/2022,14:03:48,-67.319497,-67.793977,06/01/2022 14:03,06/01/2022 11:03
KB_22_42978_17,Male,Killingbeck,2022,06/01/2022,14:13:47,-67.286997,-67.800809,06/01/2022 14:13,06/01/2022 11:13
KB_22_42978_17,Male,Killingbeck,2022,06/01/2022,14:23:51,-67.288729,-67.768909,06/01/2022 14:23,06/01/2022 11:23
KB_22_42978_17,Male,Killingbeck,2022,06/01/2022,14:33:50,-67.288775,-67.769008,06/01/2022 14:33,06/01/2022 11:33
KB_22_42978_17,Male,Killingbeck,2022,06/01/2022,14:43:52,-67.288783,-67.769068,06/01/2022 14:43,06/01/2022 11:43
KB_22_42978_17,Male,Killingbeck,2022,06/01/2022,14:54:04,-67.288618,-67.768695,06/01/2022 14:54,06/01/2022 11:54
KB_22_42978_17,Male,Killingbeck,2022,06/01/2022,15:03:48,-67.286491,-67.797859,06/01/2022 15:03,06/01/2022 12:03
KB_22_42978_17,Male,Killingbeck,2022,06/01/2022,15:13:46,-67.286853,-67.803877,06/01/2022 15:13,06/01/2022 12:13
KB_22_42978_17,Male,Killingbeck,2022,06/01/2022,15:23:51,-67.286667,-67.804201,06/01/2022 15:23,06/01/2022 12:23
KB_22_42978_17,Male,Killingbeck,2022,06/01/2022,15:33:50,-67.28598,-67.803473,06/01/2022 15:33,06/01/2022 12:33
KB_22_42978_17,Male,Killingbeck,2022,06/01/2022,15:46:03,-67.285076,-67.806714,06/01/2022 15:46,06/01/2022 12:46
KB_22_42978_17,Male,Killingbeck,2022,06/01/2022,15:56:53,-67.286405,-67.800135,06/01/2022 15:56,06/01/2022 12:56
KB_22_42978_17,Male,Killingbeck,2022,06/01/2022,16:06:55,-67.287611,-67.798302,06/01/2022 16:06,06/01/2022 13:06
KB_22_42978_17,Male,Killingbeck,2022,06/01/2022,16:16:53,-67.286208,-67.801327,06/01/2022 16:16,06/01/2022 13:16
KB_22_42978_17,Male,Killingbeck,2022,06/01/2022,16:26:54,-67.287177,-67.799278,06/01/2022 16:26,06/01/2022 13:26
KB_22_42978_17,Male,Killingbeck,2022,06/01/2022,16:36:57,-67.287833,-67.798793,06/01/2022 16:36,06/01/2022 13:36
KB_22_42978_17,Male,Killingbeck,2022,06/01/2022,16:48:04,-67.285712,-67.803561,06/01/2022 16:48,06/01/2022 13:48
KB_22_42978_17,Male,Killingbeck,2022,06/01/2022,16:58:02,-67.286133,-67.801863,06/01/2022 16:58,06/01/2022 13:58
KB_22_42978_17,Male,Killingbeck,2022,06/01/2022,17:07:56,-67.286246,-67.801985,06/01/2022 17:07,06/01/2022 14:07
KB_22_42978_17,Male,Killingbeck,2022,06/01/2022,17:17:57,-67.285812,-67.802328,06/01/2022 17:17,06/01/2022 14:17
KB_22_42978_17,Male,Killingbeck,2022,06/01/2022,17:27:58,-67.286382,-67.801732,06/01/2022 17:27,06/01/2022 14:27
KB_22_42978_17,Male,Killingbeck,2022,06/01/2022,17:37:54,-67.286582,-67.801975,06/01/2022 17:37,06/01/2022 14:37
KB_22_42978_17,Male,Killingbeck,2022,06/01/2022,17:47:51,-67.286368,-67.803573,06/01/2022 17:47,06/01/2022 14:47
KB_22_42978_17,Male,Killingbeck,2022,06/01/2022,17:58:18,-67.283732,-67.808181,06/01/2022 17:58,06/01/2022 14:58
KB_22_42978_17,Male,Killingbeck,2022,06/01/2022,18:10:17,-67.285142,-67.806324,06/01/2022 18:10,06/01/2022 15:10
KB_22_42978_17,Male,Killingbeck,2022,06/01/2022,18:20:19,-67.286377,-67.802707,06/01/2022 18:20,06/01/2022 15:20
KB_22_42978_17,Male,Killingbeck,2022,06/01/2022,18:30:16,-67.286189,-67.799592,06/01/2022 18:30,06/01/2022 15:30
KB_22_42978_17,Male,Killingbeck,2022,06/01/2022,18:40:50,-67.286676,-67.801931,06/01/2022 18:40,06/01/2022 15:40
KB_22_42978_17,Male,Killingbeck,2022,06/01/2022,18:53:24,-67.283827,-67.806971,06/01/2022 18:53,06/01/2022 15:53
KB_22_42978_17,Male,Killingbeck,2022,06/01/2022,19:06:19,-67.285268,-67.806857,06/01/2022 19:06,06/01/2022 16:06
KB_22_42978_17,Male,Killingbeck,2022,06/01/2022,19:16:14,-67.285151,-67.804799,06/01/2022 19:16,06/01/2022 16:16
KB_22_42978_17,Male,Killingbeck,2022,06/01/2022,19:26:13,-67.285049,-67.806261,06/01/2022 19:26,06/01/2022 16:26
KB_22_42978_17,Male,Killingbeck,2022,06/01/2022,19:36:13,-67.284258,-67.806591,06/01/2022 19:36,06/01/2022 16:36
KB_22_42978_17,Male,Killingbeck,2022,06/01/2022,19:46:07,-67.284103,-67.806772,06/01/2022 19:46,06/01/2022 16:46
KB_22_42978_17,Male,Killingbeck,2022,06/01/2022,19:56:07,-67.2852,-67.804198,06/01/2022 19:56,06/01/2022 16:56
KB_22_42978_17,Male,Killingbeck,2022,06/01/2022,20:06:04,-67.285773,-67.803769,06/01/2022 20:06,06/01/2022 17:06
KB_22_42978_17,Male,Killingbeck,2022,06/01/2022,20:17:20,-67.284998,-67.801653,06/01/2022 20:17,06/01/2022 17:17
KB_22_42978_17,Male,Killingbeck,2022,06/01/2022,20:29:13,-67.284884,-67.80023,06/01/2022 20:29,06/01/2022 17:29
KB_22_42978_17,Male,Killingbeck,2022,06/01/2022,20:39:14,-67.281117,-67.806838,06/01/2022 20:39,06/01/2022 17:39
KB_22_42978_17,Male,Killingbeck,2022,06/01/2022,20:50:37,-67.278568,-67.811397,06/01/2022 20:50,06/01/2022 17:50
KB_22_42978_17,Male,Killingbeck,2022,06/01/2022,21:00:36,-67.278992,-67.808642,06/01/2022 21:00,06/01/2022 18:00
KB_22_42978_17,Male,Killingbeck,2022,06/01/2022,21:10:34,-67.278156,-67.810436,06/01/2022 21:10,06/01/2022 18:10
KB_22_42978_17,Male,Killingbeck,2022,06/01/2022,21:20:43,-67.279341,-67.810329,06/01/2022 21:20,06/01/2022 18:20
KB_22_42978_17,Male,Killingbeck,2022,06/01/2022,21:30:32,-67.385846,-67.896018,06/01/2022 21:30,06/01/2022 18:30
KB_22_42978_17,Male,Killingbeck,2022,06/01/2022,21:40:31,-67.493863,-68.007072,06/01/2022 21:40,06/01/2022 18:40
KB_22_42978_17,Male,Killingbeck,2022,06/01/2022,21:50:32,-67.570684,-68.068981,06/01/2022 21:50,06/01/2022 18:50
KB_22_42978_17,Male,Killingbeck,2022,06/01/2022,22:00:31,-67.570693,-68.068991,06/01/2022 22:00,06/01/2022 19:00
KB_22_42978_17,Male,Killingbeck,2022,06/01/2022,22:10:30,-67.570622,-68.068756,06/01/2022 22:10,06/01/2022 19:10
KB_22_42978_17,Male,Killingbeck,2022,06/01/2022,22:20:33,-67.570556,-68.069046,06/01/2022 22:20,06/01/2022 19:20
KB_22_42978_17,Male,Killingbeck,2022,06/01/2022,22:30:32,-67.570815,-68.069069,06/01/2022 22:30,06/01/2022 19:30
KB_22_42978_17,Male,Killingbeck,2022,06/01/2022,22:40:34,-67.570186,-68.068563,06/01/2022 22:40,06/01/2022 19:40
KB_22_42978_17,Male,Killingbeck,2022,06/01/2022,22:50:32,-67.570563,-68.06899,06/01/2022 22:50,06/01/2022 19:50
KB_22_42978_17,Male,Killingbeck,2022,06/01/2022,23:00:33,-67.570723,-68.068592,06/01/2022 23:00,06/01/2022 20:00
KB_22_42978_17,Male,Killingbeck,2022,06/01/2022,23:10:29,-67.570782,-68.06874,06/01/2022 23:10,06/01/2022 20:10
KB_22_42978_17,Male,Killingbeck,2022,06/01/2022,23:20:30,-67.57069,-68.068956,06/01/2022 23:20,06/01/2022 20:20
KB_22_42978_17,Male,Killingbeck,2022,06/01/2022,23:30:30,-67.569257,-68.070938,06/01/2022 23:30,06/01/2022 20:30
KB_22_42978_17,Male,Killingbeck,2022,06/01/2022,23:40:29,-67.570726,-68.069056,06/01/2022 23:40,06/01/2022 20:40
KB_22_42978_17,Male,Killingbeck,2022,06/01/2022,23:50:31,-67.570694,-68.069088,06/01/2022 23:50,06/01/2022 20:50
KB_22_42978_17,Male,Killingbeck,2022,07/01/2022,00:00:31,-67.570801,-68.069043,07/01/2022 00:00,06/01/2022 21:00
KB_22_42978_17,Male,Killingbeck,2022,07/01/2022,00:10:41,-67.570814,-68.069015,07/01/2022 00:10,06/01/2022 21:10
KB_22_42978_17,Male,Killingbeck,2022,07/01/2022,00:20:31,-67.570801,-68.069078,07/01/2022 00:20,06/01/2022 21:20
KB_22_42978_17,Male,Killingbeck,2022,07/01/2022,00:30:30,-67.570632,-68.068852,07/01/2022 00:30,06/01/2022 21:30
KB_22_42978_17,Male,Killingbeck,2022,07/01/2022,00:40:29,-67.570726,-68.068996,07/01/2022 00:40,06/01/2022 21:40
KB_22_42978_17,Male,Killingbeck,2022,07/01/2022,00:50:29,-67.570632,-68.068671,07/01/2022 00:50,06/01/2022 21:50
KB_22_42978_17,Male,Killingbeck,2022,07/01/2022,01:00:30,-67.570595,-68.068381,07/01/2022 01:00,06/01/2022 22:00
KB_22_42978_17,Male,Killingbeck,2022,07/01/2022,01:10:27,-67.571357,-68.076142,07/01/2022 01:10,06/01/2022 22:10
KB_22_42978_17,Male,Killingbeck,2022,07/01/2022,01:20:28,-67.570683,-68.068841,07/01/2022 01:20,06/01/2022 22:20
KB_22_42978_17,Male,Killingbeck,2022,07/01/2022,01:30:26,-67.570658,-68.069015,07/01/2022 01:30,06/01/2022 22:30
KB_22_42978_17,Male,Killingbeck,2022,07/01/2022,01:40:25,-67.570665,-68.06879,07/01/2022 01:40,06/01/2022 22:40
KB_22_42978_17,Male,Killingbeck,2022,07/01/2022,01:50:27,-67.570636,-68.067366,07/01/2022 01:50,06/01/2022 22:50
KB_22_42978_17,Male,Killingbeck,2022,07/01/2022,02:00:26,-67.570672,-68.069018,07/01/2022 02:00,06/01/2022 23:00
KB_22_42978_17,Male,Killingbeck,2022,07/01/2022,02:10:33,-67.577237,-68.04845,07/01/2022 02:10,06/01/2022 23:10
KB_22_42978_17,Male,Killingbeck,2022,07/01/2022,02:20:31,-67.570818,-68.068796,07/01/2022 02:20,06/01/2022 23:20
KB_22_42978_17,Male,Killingbeck,2022,07/01/2022,02:30:30,-67.57084,-68.068198,07/01/2022 02:30,06/01/2022 23:30
KB_22_42978_17,Male,Killingbeck,2022,07/01/2022,02:40:27,-67.570722,-68.069067,07/01/2022 02:40,06/01/2022 23:40
KB_22_42978_17,Male,Killingbeck,2022,07/01/2022,02:50:28,-67.570667,-68.068928,07/01/2022 02:50,06/01/2022 23:50
KB_23_42768_43,Female,Killingbeck,2023,30/12/2022,16:48:55,-67.570732,-68.069022,30/12/2022 16:48,30/12/2022 13:48
KB_23_42768_43,Female,Killingbeck,2023,30/12/2022,16:50:53,-67.570788,-68.069116,30/12/2022 16:50,30/12/2022 13:50
KB_23_42768_43,Female,Killingbeck,2023,30/12/2022,16:52:54,-67.570729,-68.069027,30/12/2022 16:52,30/12/2022 13:52
KB_23_42768_43,Female,Killingbeck,2023,30/12/2022,16:54:51,-67.57076,-68.069031,30/12/2022 16:54,30/12/2022 13:54
KB_23_42768_43,Female,Killingbeck,2023,30/12/2022,16:56:58,-67.570743,-68.069096,30/12/2022 16:56,30/12/2022 13:56
KB_23_42768_43,Female,Killingbeck,2023,30/12/2022,16:58:52,-67.570851,-68.069296,30/12/2022 16:58,30/12/2022 13:58
KB_23_42768_43,Female,Killingbeck,2023,30/12/2022,17:00:51,-67.570871,-68.069454,30/12/2022 17:00,30/12/2022 14:00
KB_23_42768_43,Female,Killingbeck,2023,30/12/2022,17:02:48,-67.570728,-68.069114,30/12/2022 17:02,30/12/2022 14:02
KB_23_42768_43,Female,Killingbeck,2023,30/12/2022,17:04:47,-67.570708,-68.069156,30/12/2022 17:04,30/12/2022 14:04
KB_23_42768_43,Female,Killingbeck,2023,30/12/2022,17:06:46,-67.57069,-68.069241,30/12/2022 17:06,30/12/2022 14:06
KB_23_42768_43,Female,Killingbeck,2023,30/12/2022,17:08:44,-67.570707,-68.069362,30/12/2022 17:08,30/12/2022 14:08
KB_23_42768_43,Female,Killingbeck,2023,30/12/2022,17:10:43,-67.570743,-68.069211,30/12/2022 17:10,30/12/2022 14:10
KB_23_42768_43,Female,Killingbeck,2023,30/12/2022,17:12:41,-67.570719,-68.069295,30/12/2022 17:12,30/12/2022 14:12
KB_23_42768_43,Female,Killingbeck,2023,30/12/2022,17:14:41,-67.57073,-68.069244,30/12/2022 17:14,30/12/2022 14:14
KB_23_42768_43,Female,Killingbeck,2023,30/12/2022,17:16:40,-67.57074,-68.06914,30/12/2022 17:16,30/12/2022 14:16
KB_23_42768_43,Female,Killingbeck,2023,30/12/2022,17:18:39,-67.570751,-68.069215,30/12/2022 17:18,30/12/2022 14:18
KB_23_42768_43,Female,Killingbeck,2023,30/12/2022,17:20:39,-67.570804,-68.069087,30/12/2022 17:20,30/12/2022 14:20
KB_23_42768_43,Female,Killingbeck,2023,30/12/2022,17:22:44,-67.570744,-68.069259,30/12/2022 17:22,30/12/2022 14:22
KB_23_42768_43,Female,Killingbeck,2023,30/12/2022,17:24:36,-67.570637,-68.069157,30/12/2022 17:24,30/12/2022 14:24
KB_23_42768_43,Female,Killingbeck,2023,30/12/2022,17:26:35,-67.570712,-68.06932,30/12/2022 17:26,30/12/2022 14:26
KB_23_42768_43,Female,Killingbeck,2023,30/12/2022,17:28:36,-67.569735,-68.068868,30/12/2022 17:28,30/12/2022 14:28
KB_23_42768_43,Female,Killingbeck,2023,30/12/2022,17:30:35,-67.570677,-68.069088,30/12/2022 17:30,30/12/2022 14:30
KB_23_42768_43,Female,Killingbeck,2023,30/12/2022,17:32:31,-67.570689,-68.069249,30/12/2022 17:32,30/12/2022 14:32
KB_23_42768_43,Female,Killingbeck,2023,30/12/2022,17:34:31,-67.5707,-68.069287,30/12/2022 17:34,30/12/2022 14:34
KB_23_42768_43,Female,Killingbeck,2023,30/12/2022,17:36:40,-67.570725,-68.069238,30/12/2022 17:36,30/12/2022 14:36
KB_23_42768_43,Female,Killingbeck,2023,30/12/2022,17:38:28,-67.570763,-68.069294,30/12/2022 17:38,30/12/2022 14:38
KB_23_42768_43,Female,Killingbeck,2023,30/12/2022,17:40:26,-67.570702,-68.06921,30/12/2022 17:40,30/12/2022 14:40
KB_23_42768_43,Female,Killingbeck,2023,30/12/2022,17:42:25,-67.570738,-68.069242,30/12/2022 17:42,30/12/2022 14:42
KB_23_42768_43,Female,Killingbeck,2023,30/12/2022,17:44:24,-67.57071,-68.069299,30/12/2022 17:44,30/12/2022 14:44
KB_23_42768_43,Female,Killingbeck,2023,30/12/2022,17:46:27,-67.570759,-68.069276,30/12/2022 17:46,30/12/2022 14:46
KB_23_42768_43,Female,Killingbeck,2023,30/12/2022,17:48:32,-67.570758,-68.069346,30/12/2022 17:48,30/12/2022 14:48
KB_23_42768_43,Female,Killingbeck,2023,30/12/2022,17:50:37,-67.570799,-68.069366,30/12/2022 17:50,30/12/2022 14:50
KB_23_42768_43,Female,Killingbeck,2023,30/12/2022,17:52:21,-67.570731,-68.069174,30/12/2022 17:52,30/12/2022 14:52
KB_23_42768_43,Female,Killingbeck,2023,30/12/2022,17:54:21,-67.570783,-68.069213,30/12/2022 17:54,30/12/2022 14:54
KB_23_42768_43,Female,Killingbeck,2023,30/12/2022,17:56:34,0,0,30/12/2022 17:56,30/12/2022 14:56
KB_23_42768_43,Female,Killingbeck,2023,30/12/2022,17:58:32,-67.570504,-68.06827,30/12/2022 17:58,30/12/2022 14:58
KB_23_42768_43,Female,Killingbeck,2023,30/12/2022,18:00:16,-67.570599,-68.068574,30/12/2022 18:00,30/12/2022 15:00
KB_23_42768_43,Female,Killingbeck,2023,30/12/2022,18:02:22,-67.570597,-68.068651,30/12/2022 18:02,30/12/2022 15:02
KB_23_42768_43,Female,Killingbeck,2023,30/12/2022,18:04:24,-67.570723,-68.069234,30/12/2022 18:04,30/12/2022 15:04
KB_23_42768_43,Female,Killingbeck,2023,30/12/2022,18:06:24,-67.570701,-68.069136,30/12/2022 18:06,30/12/2022 15:06
KB_23_42768_43,Female,Killingbeck,2023,30/12/2022,18:08:22,-67.570671,-68.069008,30/12/2022 18:08,30/12/2022 15:08
KB_23_42768_43,Female,Killingbeck,2023,30/12/2022,18:10:30,-67.565336,-68.07506,30/12/2022 18:10,30/12/2022 15:10
KB_23_42768_43,Female,Killingbeck,2023,30/12/2022,18:12:29,0,0,30/12/2022 18:12,30/12/2022 15:12
KB_23_42768_43,Female,Killingbeck,2023,30/12/2022,18:14:28,-67.570728,-68.069085,30/12/2022 18:14,30/12/2022 15:14
KB_23_42768_43,Female,Killingbeck,2023,30/12/2022,18:16:21,-67.570971,-68.069469,30/12/2022 18:16,30/12/2022 15:16
KB_23_42768_43,Female,Killingbeck,2023,30/12/2022,18:18:12,-67.570765,-68.069027,30/12/2022 18:18,30/12/2022 15:18
KB_23_42768_43,Female,Killingbeck,2023,30/12/2022,18:20:18,-67.570705,-68.069195,30/12/2022 18:20,30/12/2022 15:20
KB_23_42768_43,Female,Killingbeck,2023,30/12/2022,18:22:24,-67.570906,-68.069613,30/12/2022 18:22,30/12/2022 15:22
KB_23_42768_43,Female,Killingbeck,2023,30/12/2022,18:24:21,-67.570492,-68.068834,30/12/2022 18:24,30/12/2022 15:24
KB_23_42768_43,Female,Killingbeck,2023,30/12/2022,18:26:07,-67.57062,-68.069037,30/12/2022 18:26,30/12/2022 15:26
KB_23_42768_43,Female,Killingbeck,2023,30/12/2022,18:28:05,-67.570724,-68.069148,30/12/2022 18:28,30/12/2022 15:28
KB_23_42768_43,Female,Killingbeck,2023,30/12/2022,18:30:05,-67.570692,-68.069018,30/12/2022 18:30,30/12/2022 15:30
KB_23_42768_43,Female,Killingbeck,2023,30/12/2022,18:32:06,-67.569799,-68.067073,30/12/2022 18:32,30/12/2022 15:32
KB_23_42768_43,Female,Killingbeck,2023,30/12/2022,18:34:03,-67.570647,-68.068662,30/12/2022 18:34,30/12/2022 15:34
KB_23_42768_43,Female,Killingbeck,2023,30/12/2022,18:36:02,-67.570649,-68.068617,30/12/2022 18:36,30/12/2022 15:36
KB_23_42768_43,Female,Killingbeck,2023,30/12/2022,18:38:01,-67.570742,-68.069042,30/12/2022 18:38,30/12/2022 15:38
KB_23_42768_43,Female,Killingbeck,2023,30/12/2022,18:40:00,-67.570695,-68.069055,30/12/2022 18:40,30/12/2022 15:40
KB_23_42768_43,Female,Killingbeck,2023,30/12/2022,18:42:01,-67.570947,-68.068776,30/12/2022 18:42,30/12/2022 15:42
KB_23_42768_43,Female,Killingbeck,2023,30/12/2022,18:43:59,-67.570688,-68.069024,30/12/2022 18:43,30/12/2022 15:43
KB_23_42768_43,Female,Killingbeck,2023,30/12/2022,18:46:00,-67.571036,-68.068613,30/12/2022 18:46,30/12/2022 15:46
KB_23_42768_43,Female,Killingbeck,2023,30/12/2022,18:47:56,-67.57065,-68.069105,30/12/2022 18:47,30/12/2022 15:47
KB_23_42768_43,Female,Killingbeck,2023,30/12/2022,18:49:46,-67.571001,-68.068602,30/12/2022 18:49,30/12/2022 15:49
KB_23_42768_43,Female,Killingbeck,2023,30/12/2022,18:51:43,-67.570709,-68.069047,30/12/2022 18:51,30/12/2022 15:51
KB_23_42768_43,Female,Killingbeck,2023,30/12/2022,18:53:41,-67.570707,-68.069039,30/12/2022 18:53,30/12/2022 15:53
KB_23_42768_43,Female,Killingbeck,2023,30/12/2022,18:55:40,-67.570671,-68.068971,30/12/2022 18:55,30/12/2022 15:55
KB_23_42768_43,Female,Killingbeck,2023,30/12/2022,18:57:39,-67.57067,-68.068936,30/12/2022 18:57,30/12/2022 15:57
KB_23_42768_43,Female,Killingbeck,2023,30/12/2022,18:59:38,-67.570679,-68.069037,30/12/2022 18:59,30/12/2022 15:59
KB_23_42768_43,Female,Killingbeck,2023,30/12/2022,19:01:37,-67.570708,-68.06903,30/12/2022 19:01,30/12/2022 16:01
KB_23_42768_43,Female,Killingbeck,2023,30/12/2022,19:03:36,-67.570682,-68.06894,30/12/2022 19:03,30/12/2022 16:03
KB_23_42768_43,Female,Killingbeck,2023,30/12/2022,19:05:35,-67.570709,-68.068923,30/12/2022 19:05,30/12/2022 16:05
KB_23_42768_43,Female,Killingbeck,2023,30/12/2022,19:07:37,-67.570385,-68.069409,30/12/2022 19:07,30/12/2022 16:07
KB_23_42768_43,Female,Killingbeck,2023,30/12/2022,19:09:34,-67.570607,-68.068878,30/12/2022 19:09,30/12/2022 16:09
KB_23_42768_43,Female,Killingbeck,2023,30/12/2022,19:11:43,-67.570741,-68.068967,30/12/2022 19:11,30/12/2022 16:11
KB_23_42768_43,Female,Killingbeck,2023,30/12/2022,19:13:35,-67.570482,-68.069079,30/12/2022 19:13,30/12/2022 16:13
KB_23_42768_43,Female,Killingbeck,2023,30/12/2022,19:15:34,-67.570477,-68.069123,30/12/2022 19:15,30/12/2022 16:15
KB_23_42768_43,Female,Killingbeck,2023,30/12/2022,19:17:33,-67.570652,-68.068963,30/12/2022 19:17,30/12/2022 16:17
KB_23_42768_43,Female,Killingbeck,2023,30/12/2022,19:19:53,-67.570659,-68.068934,30/12/2022 19:19,30/12/2022 16:19
KB_23_42768_43,Female,Killingbeck,2023,30/12/2022,19:21:47,-67.570458,-68.068935,30/12/2022 19:21,30/12/2022 16:21
KB_23_42768_43,Female,Killingbeck,2023,30/12/2022,19:23:56,-67.570768,-68.069323,30/12/2022 19:23,30/12/2022 16:23
KB_23_42768_43,Female,Killingbeck,2023,30/12/2022,19:25:45,-67.570748,-68.068929,30/12/2022 19:25,30/12/2022 16:25
KB_23_42768_43,Female,Killingbeck,2023,30/12/2022,19:27:45,-67.570684,-68.069084,30/12/2022 19:27,30/12/2022 16:27
KB_23_42768_43,Female,Killingbeck,2023,30/12/2022,19:29:48,-67.570791,-68.069349,30/12/2022 19:29,30/12/2022 16:29
KB_23_42768_43,Female,Killingbeck,2023,30/12/2022,19:31:45,-67.570575,-68.069703,30/12/2022 19:31,30/12/2022 16:31
KB_23_42768_43,Female,Killingbeck,2023,30/12/2022,19:33:46,-67.570349,-68.069507,30/12/2022 19:33,30/12/2022 16:33
KB_23_42768_43,Female,Killingbeck,2023,30/12/2022,19:35:41,-67.570559,-68.069501,30/12/2022 19:35,30/12/2022 16:35
KB_23_42768_43,Female,Killingbeck,2023,30/12/2022,19:37:40,-67.570617,-68.069585,30/12/2022 19:37,30/12/2022 16:37
KB_23_42768_43,Female,Killingbeck,2023,30/12/2022,19:39:40,-67.570556,-68.069649,30/12/2022 19:39,30/12/2022 16:39
KB_23_42768_43,Female,Killingbeck,2023,30/12/2022,19:41:41,-67.570529,-68.069501,30/12/2022 19:41,30/12/2022 16:41
KB_23_42768_43,Female,Killingbeck,2023,30/12/2022,19:43:40,-67.57053,-68.069574,30/12/2022 19:43,30/12/2022 16:43
KB_23_42768_43,Female,Killingbeck,2023,30/12/2022,19:45:39,-67.570511,-68.06956,30/12/2022 19:45,30/12/2022 16:45
KB_23_42768_43,Female,Killingbeck,2023,30/12/2022,19:47:37,-67.570623,-68.069695,30/12/2022 19:47,30/12/2022 16:47
KB_23_42768_43,Female,Killingbeck,2023,30/12/2022,19:49:37,-67.570496,-68.069326,30/12/2022 19:49,30/12/2022 16:49
KB_23_42768_43,Female,Killingbeck,2023,30/12/2022,19:51:36,-67.570651,-68.06975,30/12/2022 19:51,30/12/2022 16:51
KB_23_42768_43,Female,Killingbeck,2023,30/12/2022,19:53:36,-67.57064,-68.069519,30/12/2022 19:53,30/12/2022 16:53
KB_23_42768_43,Female,Killingbeck,2023,30/12/2022,19:55:33,-67.570556,-68.069473,30/12/2022 19:55,30/12/2022 16:55
KB_23_42768_43,Female,Killingbeck,2023,30/12/2022,19:57:32,-67.570568,-68.069523,30/12/2022 19:57,30/12/2022 16:57
KB_23_42768_43,Female,Killingbeck,2023,30/12/2022,19:59:31,-67.570486,-68.06945,30/12/2022 19:59,30/12/2022 16:59
KB_23_42768_43,Female,Killingbeck,2023,30/12/2022,20:01:30,-67.570639,-68.069447,30/12/2022 20:01,30/12/2022 17:01
KB_23_42768_43,Female,Killingbeck,2023,30/12/2022,20:03:30,-67.570712,-68.069489,30/12/2022 20:03,30/12/2022 17:03
KB_23_42768_43,Female,Killingbeck,2023,30/12/2022,20:05:29,-67.570661,-68.069458,30/12/2022 20:05,30/12/2022 17:05
KB_23_42768_43,Female,Killingbeck,2023,30/12/2022,20:07:28,-67.570532,-68.069446,30/12/2022 20:07,30/12/2022 17:07
KB_23_42768_43,Female,Killingbeck,2023,30/12/2022,20:09:28,-67.570608,-68.069365,30/12/2022 20:09,30/12/2022 17:09
KB_23_42768_43,Female,Killingbeck,2023,30/12/2022,20:11:26,-67.570589,-68.069373,30/12/2022 20:11,30/12/2022 17:11
KB_23_42768_43,Female,Killingbeck,2023,30/12/2022,20:13:26,-67.570599,-68.069507,30/12/2022 20:13,30/12/2022 17:13
KB_23_42768_43,Female,Killingbeck,2023,30/12/2022,20:15:25,-67.570625,-68.069439,30/12/2022 20:15,30/12/2022 17:15
KB_23_42768_43,Female,Killingbeck,2023,30/12/2022,20:17:24,-67.570637,-68.069421,30/12/2022 20:17,30/12/2022 17:17
KB_23_42768_43,Female,Killingbeck,2023,30/12/2022,20:19:24,-67.570659,-68.069299,30/12/2022 20:19,30/12/2022 17:19
KB_23_42768_43,Female,Killingbeck,2023,30/12/2022,20:21:24,-67.570582,-68.069444,30/12/2022 20:21,30/12/2022 17:21
KB_23_42768_43,Female,Killingbeck,2023,30/12/2022,20:23:23,-67.570561,-68.069358,30/12/2022 20:23,30/12/2022 17:23
KB_23_42768_43,Female,Killingbeck,2023,30/12/2022,20:25:23,-67.570594,-68.069429,30/12/2022 20:25,30/12/2022 17:25
KB_23_42768_43,Female,Killingbeck,2023,30/12/2022,20:27:22,-67.570626,-68.06946,30/12/2022 20:27,30/12/2022 17:27
KB_23_42768_43,Female,Killingbeck,2023,30/12/2022,20:29:20,-67.57066,-68.069462,30/12/2022 20:29,30/12/2022 17:29
KB_23_42768_43,Female,Killingbeck,2023,30/12/2022,20:31:19,-67.570632,-68.069399,30/12/2022 20:31,30/12/2022 17:31
KB_23_42768_43,Female,Killingbeck,2023,30/12/2022,20:33:19,-67.570673,-68.069496,30/12/2022 20:33,30/12/2022 17:33
KB_23_42768_43,Female,Killingbeck,2023,30/12/2022,20:35:18,-67.570615,-68.069515,30/12/2022 20:35,30/12/2022 17:35
KB_23_42768_43,Female,Killingbeck,2023,30/12/2022,20:37:16,-67.570625,-68.069561,30/12/2022 20:37,30/12/2022 17:37
KB_23_42768_43,Female,Killingbeck,2023,30/12/2022,20:39:15,-67.570599,-68.069538,30/12/2022 20:39,30/12/2022 17:39
KB_23_42768_43,Female,Killingbeck,2023,30/12/2022,20:41:15,-67.570629,-68.069455,30/12/2022 20:41,30/12/2022 17:41
KB_23_42768_43,Female,Killingbeck,2023,30/12/2022,20:43:13,-67.57064,-68.069505,30/12/2022 20:43,30/12/2022 17:43
KB_23_42768_43,Female,Killingbeck,2023,30/12/2022,20:45:12,-67.570645,-68.069747,30/12/2022 20:45,30/12/2022 17:45
KB_23_42768_43,Female,Killingbeck,2023,30/12/2022,20:47:13,-67.57065,-68.069598,30/12/2022 20:47,30/12/2022 17:47
KB_23_42768_43,Female,Killingbeck,2023,30/12/2022,20:49:15,-67.570614,-68.069335,30/12/2022 20:49,30/12/2022 17:49
KB_23_42768_43,Female,Killingbeck,2023,30/12/2022,20:51:13,-67.570604,-68.069455,30/12/2022 20:51,30/12/2022 17:51
KB_23_42768_43,Female,Killingbeck,2023,30/12/2022,20:53:13,-67.570611,-68.069463,30/12/2022 20:53,30/12/2022 17:53
KB_23_42768_43,Female,Killingbeck,2023,30/12/2022,20:55:11,-67.570652,-68.069639,30/12/2022 20:55,30/12/2022 17:55
KB_23_42768_43,Female,Killingbeck,2023,30/12/2022,20:57:10,-67.570631,-68.069643,30/12/2022 20:57,30/12/2022 17:57
KB_23_42768_43,Female,Killingbeck,2023,30/12/2022,20:59:09,-67.570662,-68.069598,30/12/2022 20:59,30/12/2022 17:59
KB_23_42768_43,Female,Killingbeck,2023,30/12/2022,21:01:09,-67.570672,-68.069559,30/12/2022 21:01,30/12/2022 18:01
KB_23_42768_43,Female,Killingbeck,2023,30/12/2022,21:03:08,-67.570593,-68.069374,30/12/2022 21:03,30/12/2022 18:03
KB_23_42768_43,Female,Killingbeck,2023,30/12/2022,21:05:06,-67.570615,-68.069522,30/12/2022 21:05,30/12/2022 18:05
KB_23_42768_43,Female,Killingbeck,2023,30/12/2022,21:07:05,-67.570663,-68.069465,30/12/2022 21:07,30/12/2022 18:07
KB_23_42768_43,Female,Killingbeck,2023,30/12/2022,21:09:05,-67.570591,-68.069569,30/12/2022 21:09,30/12/2022 18:09
KB_23_42768_43,Female,Killingbeck,2023,30/12/2022,21:11:04,-67.570612,-68.069393,30/12/2022 21:11,30/12/2022 18:11
KB_23_42768_43,Female,Killingbeck,2023,30/12/2022,21:13:04,-67.570621,-68.069521,30/12/2022 21:13,30/12/2022 18:13
KB_23_42768_43,Female,Killingbeck,2023,30/12/2022,21:15:02,-67.570526,-68.069445,30/12/2022 21:15,30/12/2022 18:15
KB_23_42768_43,Female,Killingbeck,2023,30/12/2022,21:17:01,-67.570622,-68.069415,30/12/2022 21:17,30/12/2022 18:17
KB_23_42768_43,Female,Killingbeck,2023,30/12/2022,21:19:02,-67.570563,-68.069433,30/12/2022 21:19,30/12/2022 18:19
KB_23_42768_43,Female,Killingbeck,2023,30/12/2022,21:21:02,-67.570578,-68.069262,30/12/2022 21:21,30/12/2022 18:21
KB_23_42768_43,Female,Killingbeck,2023,30/12/2022,21:23:00,-67.570626,-68.069545,30/12/2022 21:23,30/12/2022 18:23
KB_23_42768_43,Female,Killingbeck,2023,30/12/2022,21:25:00,-67.570472,-68.069226,30/12/2022 21:25,30/12/2022 18:25
KB_23_42768_43,Female,Killingbeck,2023,30/12/2022,21:26:59,-67.570554,-68.069223,30/12/2022 21:26,30/12/2022 18:26
KB_23_42768_43,Female,Killingbeck,2023,30/12/2022,21:28:58,-67.570632,-68.069519,30/12/2022 21:28,30/12/2022 18:28
KB_23_42768_43,Female,Killingbeck,2023,30/12/2022,21:30:57,-67.570614,-68.069563,30/12/2022 21:30,30/12/2022 18:30
KB_23_42768_43,Female,Killingbeck,2023,30/12/2022,21:32:56,-67.570614,-68.069544,30/12/2022 21:32,30/12/2022 18:32
KB_23_42768_43,Female,Killingbeck,2023,30/12/2022,21:34:56,-67.570641,-68.069411,30/12/2022 21:34,30/12/2022 18:34
KB_23_42768_43,Female,Killingbeck,2023,30/12/2022,21:36:55,-67.570619,-68.069434,30/12/2022 21:36,30/12/2022 18:36
KB_23_42768_43,Female,Killingbeck,2023,30/12/2022,21:38:53,-67.57061,-68.069455,30/12/2022 21:38,30/12/2022 18:38
KB_23_42768_43,Female,Killingbeck,2023,30/12/2022,21:40:55,-67.570698,-68.069309,30/12/2022 21:40,30/12/2022 18:40
KB_23_42768_43,Female,Killingbeck,2023,30/12/2022,21:42:51,-67.570577,-68.069448,30/12/2022 21:42,30/12/2022 18:42
KB_23_42768_43,Female,Killingbeck,2023,30/12/2022,21:44:50,-67.570616,-68.069445,30/12/2022 21:44,30/12/2022 18:44
KB_23_42768_43,Female,Killingbeck,2023,30/12/2022,21:46:49,-67.570595,-68.069302,30/12/2022 21:46,30/12/2022 18:46
KB_23_42768_43,Female,Killingbeck,2023,30/12/2022,21:48:06,-67.570617,-68.069396,30/12/2022 21:48,30/12/2022 18:48
KB_23_42768_43,Female,Killingbeck,2023,30/12/2022,21:50:07,-67.570637,-68.069461,30/12/2022 21:50,30/12/2022 18:50
KB_23_42768_43,Female,Killingbeck,2023,30/12/2022,21:52:04,-67.570729,-68.069526,30/12/2022 21:52,30/12/2022 18:52
KB_23_42768_43,Female,Killingbeck,2023,30/12/2022,21:54:04,-67.570724,-68.069594,30/12/2022 21:54,30/12/2022 18:54
KB_23_42768_43,Female,Killingbeck,2023,30/12/2022,21:56:02,-67.570624,-68.069379,30/12/2022 21:56,30/12/2022 18:56
KB_23_42768_43,Female,Killingbeck,2023,30/12/2022,21:58:06,-67.570754,-68.069369,30/12/2022 21:58,30/12/2022 18:58
KB_23_42768_43,Female,Killingbeck,2023,30/12/2022,22:00:03,-67.570696,-68.069475,30/12/2022 22:00,30/12/2022 19:00
KB_23_42768_43,Female,Killingbeck,2023,30/12/2022,22:02:02,-67.570613,-68.07017,30/12/2022 22:02,30/12/2022 19:02
KB_23_42768_43,Female,Killingbeck,2023,30/12/2022,22:04:01,-67.571303,-68.072791,30/12/2022 22:04,30/12/2022 19:04
KB_23_42768_43,Female,Killingbeck,2023,30/12/2022,22:05:58,-67.570572,-68.069299,30/12/2022 22:05,30/12/2022 19:05
KB_23_42768_43,Female,Killingbeck,2023,30/12/2022,22:08:07,-67.570643,-68.069763,30/12/2022 22:08,30/12/2022 19:08
KB_23_42768_43,Female,Killingbeck,2023,30/12/2022,22:09:57,-67.570511,-68.069473,30/12/2022 22:09,30/12/2022 19:09
KB_23_42768_43,Female,Killingbeck,2023,30/12/2022,22:11:57,-67.570488,-68.068763,30/12/2022 22:11,30/12/2022 19:11
KB_23_42768_43,Female,Killingbeck,2023,30/12/2022,22:13:57,-67.570412,-68.068759,30/12/2022 22:13,30/12/2022 19:13
KB_23_42768_43,Female,Killingbeck,2023,30/12/2022,22:15:55,-67.571005,-68.069742,30/12/2022 22:15,30/12/2022 19:15
KB_23_42768_43,Female,Killingbeck,2023,30/12/2022,22:17:43,-67.570483,-68.068726,30/12/2022 22:17,30/12/2022 19:17
KB_23_42768_43,Female,Killingbeck,2023,30/12/2022,22:19:48,-67.570536,-68.069663,30/12/2022 22:19,30/12/2022 19:19
KB_23_42768_43,Female,Killingbeck,2023,30/12/2022,22:21:42,-67.570664,-68.069569,30/12/2022 22:21,30/12/2022 19:21
KB_23_42768_43,Female,Killingbeck,2023,30/12/2022,22:23:42,-67.570645,-68.069544,30/12/2022 22:23,30/12/2022 19:23
KB_23_42768_43,Female,Killingbeck,2023,30/12/2022,22:25:40,-67.570851,-68.069527,30/12/2022 22:25,30/12/2022 19:25
KB_23_42768_43,Female,Killingbeck,2023,30/12/2022,22:27:40,-67.57043,-68.068437,30/12/2022 22:27,30/12/2022 19:27
KB_23_42768_43,Female,Killingbeck,2023,30/12/2022,22:29:38,-67.570879,-68.069579,30/12/2022 22:29,30/12/2022 19:29
KB_23_42768_43,Female,Killingbeck,2023,30/12/2022,22:31:38,-67.570729,-68.069565,30/12/2022 22:31,30/12/2022 19:31
KB_23_42768_43,Female,Killingbeck,2023,30/12/2022,22:33:38,-67.570507,-68.069186,30/12/2022 22:33,30/12/2022 19:33
KB_23_42768_43,Female,Killingbeck,2023,30/12/2022,22:35:35,-67.570829,-68.069277,30/12/2022 22:35,30/12/2022 19:35
KB_23_42768_43,Female,Killingbeck,2023,30/12/2022,22:37:33,-67.570666,-68.069502,30/12/2022 22:37,30/12/2022 19:37
KB_23_42768_43,Female,Killingbeck,2023,30/12/2022,22:39:32,-67.570643,-68.069434,30/12/2022 22:39,30/12/2022 19:39
KB_23_42768_43,Female,Killingbeck,2023,30/12/2022,22:41:31,-67.570718,-68.069617,30/12/2022 22:41,30/12/2022 19:41
KB_23_42768_43,Female,Killingbeck,2023,30/12/2022,22:43:32,-67.570839,-68.069227,30/12/2022 22:43,30/12/2022 19:43
KB_23_42768_43,Female,Killingbeck,2023,30/12/2022,22:45:31,-67.570847,-68.069219,30/12/2022 22:45,30/12/2022 19:45
KB_23_42768_43,Female,Killingbeck,2023,30/12/2022,22:47:18,-67.570662,-68.06942,30/12/2022 22:47,30/12/2022 19:47
KB_23_42768_43,Female,Killingbeck,2023,30/12/2022,22:49:17,-67.570756,-68.069321,30/12/2022 22:49,30/12/2022 19:49
KB_23_42768_43,Female,Killingbeck,2023,30/12/2022,22:51:16,-67.570727,-68.069413,30/12/2022 22:51,30/12/2022 19:51
KB_23_42768_43,Female,Killingbeck,2023,30/12/2022,22:53:16,-67.570742,-68.069434,30/12/2022 22:53,30/12/2022 19:53
KB_23_42768_43,Female,Killingbeck,2023,30/12/2022,22:55:17,-67.570553,-68.069538,30/12/2022 22:55,30/12/2022 19:55
KB_23_42768_43,Female,Killingbeck,2023,30/12/2022,22:57:14,-67.570658,-68.069518,30/12/2022 22:57,30/12/2022 19:57
KB_23_42768_43,Female,Killingbeck,2023,30/12/2022,22:59:15,-67.57086,-68.069527,30/12/2022 22:59,30/12/2022 19:59
KB_23_42768_43,Female,Killingbeck,2023,30/12/2022,23:01:16,-67.570641,-68.070466,30/12/2022 23:01,30/12/2022 20:01
KB_23_42768_43,Female,Killingbeck,2023,30/12/2022,23:03:11,-67.570723,-68.069378,30/12/2022 23:03,30/12/2022 20:03
KB_23_42768_43,Female,Killingbeck,2023,30/12/2022,23:05:11,-67.57078,-68.069473,30/12/2022 23:05,30/12/2022 20:05
KB_23_42768_43,Female,Killingbeck,2023,30/12/2022,23:07:12,-67.570522,-68.070971,30/12/2022 23:07,30/12/2022 20:07
KB_23_42768_43,Female,Killingbeck,2023,30/12/2022,23:09:16,-67.570799,-68.069505,30/12/2022 23:09,30/12/2022 20:09
KB_23_42768_43,Female,Killingbeck,2023,30/12/2022,23:11:09,-67.57069,-68.069508,30/12/2022 23:11,30/12/2022 20:11
KB_23_42768_43,Female,Killingbeck,2023,30/12/2022,23:13:11,-67.570486,-68.069546,30/12/2022 23:13,30/12/2022 20:13
KB_23_42768_43,Female,Killingbeck,2023,30/12/2022,23:15:10,-67.570178,-68.0721,30/12/2022 23:15,30/12/2022 20:15
KB_23_42768_43,Female,Killingbeck,2023,30/12/2022,23:17:00,-67.570185,-68.072086,30/12/2022 23:17,30/12/2022 20:17
KB_23_42768_43,Female,Killingbeck,2023,30/12/2022,23:18:57,-67.570726,-68.069523,30/12/2022 23:18,30/12/2022 20:18
KB_23_42768_43,Female,Killingbeck,2023,30/12/2022,23:20:56,-67.570734,-68.069562,30/12/2022 23:20,30/12/2022 20:20
KB_23_42768_43,Female,Killingbeck,2023,30/12/2022,23:22:57,-67.57013,-68.072025,30/12/2022 23:22,30/12/2022 20:22
KB_23_42768_43,Female,Killingbeck,2023,30/12/2022,23:24:53,-67.570723,-68.069648,30/12/2022 23:24,30/12/2022 20:24
KB_23_42768_43,Female,Killingbeck,2023,30/12/2022,23:26:53,-67.57066,-68.069618,30/12/2022 23:26,30/12/2022 20:26
KB_23_42768_43,Female,Killingbeck,2023,30/12/2022,23:28:51,-67.570753,-68.069401,30/12/2022 23:28,30/12/2022 20:28
KB_23_42768_43,Female,Killingbeck,2023,30/12/2022,23:30:53,-67.570738,-68.069571,30/12/2022 23:30,30/12/2022 20:30
KB_23_42768_43,Female,Killingbeck,2023,30/12/2022,23:32:52,-67.570742,-68.06972,30/12/2022 23:32,30/12/2022 20:32
KB_23_42768_43,Female,Killingbeck,2023,30/12/2022,23:34:51,-67.570756,-68.069447,30/12/2022 23:34,30/12/2022 20:34
KB_23_42768_43,Female,Killingbeck,2023,30/12/2022,23:36:48,-67.570754,-68.069536,30/12/2022 23:36,30/12/2022 20:36
KB_23_42768_43,Female,Killingbeck,2023,30/12/2022,23:38:46,-67.570691,-68.069504,30/12/2022 23:38,30/12/2022 20:38
KB_23_42768_43,Female,Killingbeck,2023,30/12/2022,23:40:45,-67.570674,-68.069945,30/12/2022 23:40,30/12/2022 20:40
KB_23_42768_43,Female,Killingbeck,2023,30/12/2022,23:42:45,-67.570733,-68.069791,30/12/2022 23:42,30/12/2022 20:42
KB_23_42768_43,Female,Killingbeck,2023,30/12/2022,23:44:44,-67.57073,-68.06965,30/12/2022 23:44,30/12/2022 20:44
KB_23_42768_43,Female,Killingbeck,2023,30/12/2022,23:46:44,-67.570771,-68.069519,30/12/2022 23:46,30/12/2022 20:46
KB_23_42768_43,Female,Killingbeck,2023,30/12/2022,23:48:42,-67.570471,-68.069351,30/12/2022 23:48,30/12/2022 20:48
KB_23_42768_43,Female,Killingbeck,2023,30/12/2022,23:50:42,-67.570741,-68.069841,30/12/2022 23:50,30/12/2022 20:50
KB_23_42768_43,Female,Killingbeck,2023,30/12/2022,23:52:47,-67.570746,-68.069467,30/12/2022 23:52,30/12/2022 20:52
KB_23_42768_43,Female,Killingbeck,2023,30/12/2022,23:54:40,-67.570758,-68.069634,30/12/2022 23:54,30/12/2022 20:54
KB_23_42768_43,Female,Killingbeck,2023,30/12/2022,23:56:40,-67.570757,-68.069619,30/12/2022 23:56,30/12/2022 20:56
KB_23_42768_43,Female,Killingbeck,2023,30/12/2022,23:58:39,-67.570733,-68.069427,30/12/2022 23:58,30/12/2022 20:58
KB_23_42768_43,Female,Killingbeck,2023,31/12/2022,00:00:38,-67.570721,-68.069598,31/12/2022 00:00,30/12/2022 21:00
KB_23_42768_43,Female,Killingbeck,2023,31/12/2022,00:02:36,-67.570715,-68.0696,31/12/2022 00:02,30/12/2022 21:02
KB_23_42768_43,Female,Killingbeck,2023,31/12/2022,00:04:38,-67.570662,-68.069631,31/12/2022 00:04,30/12/2022 21:04
KB_23_42768_43,Female,Killingbeck,2023,31/12/2022,00:06:35,-67.570726,-68.069435,31/12/2022 00:06,30/12/2022 21:06
KB_23_42768_43,Female,Killingbeck,2023,31/12/2022,00:08:34,-67.570761,-68.069895,31/12/2022 00:08,30/12/2022 21:08
KB_23_42768_43,Female,Killingbeck,2023,31/12/2022,00:10:32,-67.570731,-68.06961,31/12/2022 00:10,30/12/2022 21:10
KB_23_42768_43,Female,Killingbeck,2023,31/12/2022,00:12:32,-67.570726,-68.069409,31/12/2022 00:12,30/12/2022 21:12
KB_23_42768_43,Female,Killingbeck,2023,31/12/2022,00:14:31,-67.570765,-68.069551,31/12/2022 00:14,30/12/2022 21:14
KB_23_42768_43,Female,Killingbeck,2023,31/12/2022,00:16:30,-67.570722,-68.069434,31/12/2022 00:16,30/12/2022 21:16
KB_23_42768_43,Female,Killingbeck,2023,31/12/2022,00:18:30,-67.570542,-68.069508,31/12/2022 00:18,30/12/2022 21:18
KB_23_42768_43,Female,Killingbeck,2023,31/12/2022,00:20:28,-67.570678,-68.069514,31/12/2022 00:20,30/12/2022 21:20
KB_23_42768_43,Female,Killingbeck,2023,31/12/2022,00:22:28,-67.570691,-68.069587,31/12/2022 00:22,30/12/2022 21:22
KB_23_42768_43,Female,Killingbeck,2023,31/12/2022,00:24:29,-67.570663,-68.069533,31/12/2022 00:24,30/12/2022 21:24
KB_23_42768_43,Female,Killingbeck,2023,31/12/2022,00:26:25,-67.570702,-68.06958,31/12/2022 00:26,30/12/2022 21:26
KB_23_42768_43,Female,Killingbeck,2023,31/12/2022,00:28:24,-67.570633,-68.069581,31/12/2022 00:28,30/12/2022 21:28
KB_23_42768_43,Female,Killingbeck,2023,31/12/2022,00:30:24,-67.570697,-68.069517,31/12/2022 00:30,30/12/2022 21:30
KB_23_42768_43,Female,Killingbeck,2023,31/12/2022,00:32:23,-67.570641,-68.069545,31/12/2022 00:32,30/12/2022 21:32
KB_23_42768_43,Female,Killingbeck,2023,31/12/2022,00:34:22,-67.570666,-68.069471,31/12/2022 00:34,30/12/2022 21:34
KB_23_42768_43,Female,Killingbeck,2023,31/12/2022,00:36:21,-67.57069,-68.069538,31/12/2022 00:36,30/12/2022 21:36
KB_23_42768_43,Female,Killingbeck,2023,31/12/2022,00:38:19,-67.570696,-68.069571,31/12/2022 00:38,30/12/2022 21:38
KB_23_42768_43,Female,Killingbeck,2023,31/12/2022,00:40:20,-67.570634,-68.069434,31/12/2022 00:40,30/12/2022 21:40
KB_23_42768_43,Female,Killingbeck,2023,31/12/2022,00:42:21,-67.570643,-68.069475,31/12/2022 00:42,30/12/2022 21:42
KB_23_42768_43,Female,Killingbeck,2023,31/12/2022,00:44:17,-67.570685,-68.069469,31/12/2022 00:44,30/12/2022 21:44
KB_23_42768_43,Female,Killingbeck,2023,31/12/2022,00:46:16,-67.570646,-68.069497,31/12/2022 00:46,30/12/2022 21:46
KB_23_42768_43,Female,Killingbeck,2023,31/12/2022,00:48:16,-67.570607,-68.069456,31/12/2022 00:48,30/12/2022 21:48
KB_23_42768_43,Female,Killingbeck,2023,31/12/2022,00:50:14,-67.570645,-68.069488,31/12/2022 00:50,30/12/2022 21:50
KB_23_42768_43,Female,Killingbeck,2023,31/12/2022,00:52:13,-67.570706,-68.069457,31/12/2022 00:52,30/12/2022 21:52
KB_23_42768_43,Female,Killingbeck,2023,31/12/2022,00:54:12,-67.570644,-68.069417,31/12/2022 00:54,30/12/2022 21:54
KB_23_42768_43,Female,Killingbeck,2023,31/12/2022,00:56:11,-67.570581,-68.06948,31/12/2022 00:56,30/12/2022 21:56
KB_23_42768_43,Female,Killingbeck,2023,31/12/2022,00:58:10,-67.570681,-68.069578,31/12/2022 00:58,30/12/2022 21:58
KB_23_42768_43,Female,Killingbeck,2023,31/12/2022,01:00:09,-67.570689,-68.069475,31/12/2022 01:00,30/12/2022 22:00
KB_23_42768_43,Female,Killingbeck,2023,31/12/2022,01:02:08,-67.570677,-68.069522,31/12/2022 01:02,30/12/2022 22:02
KB_23_42768_43,Female,Killingbeck,2023,31/12/2022,01:04:07,-67.570699,-68.069536,31/12/2022 01:04,30/12/2022 22:04
KB_23_42768_43,Female,Killingbeck,2023,31/12/2022,01:06:06,-67.570606,-68.069431,31/12/2022 01:06,30/12/2022 22:06
KB_23_42768_43,Female,Killingbeck,2023,31/12/2022,01:08:06,-67.570653,-68.069419,31/12/2022 01:08,30/12/2022 22:08
KB_23_42768_43,Female,Killingbeck,2023,31/12/2022,01:10:05,-67.570654,-68.069417,31/12/2022 01:10,30/12/2022 22:10
KB_23_42768_43,Female,Killingbeck,2023,31/12/2022,01:12:04,-67.570706,-68.069541,31/12/2022 01:12,30/12/2022 22:12
KB_23_42768_43,Female,Killingbeck,2023,31/12/2022,01:14:03,-67.570703,-68.069448,31/12/2022 01:14,30/12/2022 22:14
KB_23_42768_43,Female,Killingbeck,2023,31/12/2022,01:16:02,-67.570695,-68.069567,31/12/2022 01:16,30/12/2022 22:16
KB_23_42768_43,Female,Killingbeck,2023,31/12/2022,01:18:02,-67.57072,-68.069575,31/12/2022 01:18,30/12/2022 22:18
KB_23_42768_43,Female,Killingbeck,2023,31/12/2022,01:20:00,-67.570682,-68.06951,31/12/2022 01:20,30/12/2022 22:20
KB_23_42768_43,Female,Killingbeck,2023,31/12/2022,01:22:00,-67.570718,-68.069522,31/12/2022 01:22,30/12/2022 22:22
KB_23_42768_43,Female,Killingbeck,2023,31/12/2022,01:23:58,-67.570653,-68.069352,31/12/2022 01:23,30/12/2022 22:23
KB_23_42768_43,Female,Killingbeck,2023,31/12/2022,01:25:57,-67.570682,-68.069479,31/12/2022 01:25,30/12/2022 22:25
KB_23_42768_43,Female,Killingbeck,2023,31/12/2022,01:27:56,-67.570723,-68.069592,31/12/2022 01:27,30/12/2022 22:27
KB_23_42768_43,Female,Killingbeck,2023,31/12/2022,01:29:55,-67.570695,-68.069545,31/12/2022 01:29,30/12/2022 22:29
KB_23_42768_43,Female,Killingbeck,2023,31/12/2022,01:31:54,-67.570708,-68.069587,31/12/2022 01:31,30/12/2022 22:31
KB_23_42768_43,Female,Killingbeck,2023,31/12/2022,01:33:53,-67.570664,-68.069396,31/12/2022 01:33,30/12/2022 22:33
KB_23_42768_43,Female,Killingbeck,2023,31/12/2022,01:35:52,-67.570724,-68.069519,31/12/2022 01:35,30/12/2022 22:35
KB_23_42768_43,Female,Killingbeck,2023,31/12/2022,01:37:52,-67.57066,-68.069471,31/12/2022 01:37,30/12/2022 22:37
KB_23_42768_43,Female,Killingbeck,2023,31/12/2022,01:39:51,-67.570727,-68.069473,31/12/2022 01:39,30/12/2022 22:39
KB_23_42768_43,Female,Killingbeck,2023,31/12/2022,01:41:50,-67.570745,-68.069532,31/12/2022 01:41,30/12/2022 22:41
KB_23_42768_43,Female,Killingbeck,2023,31/12/2022,01:43:49,-67.570699,-68.069519,31/12/2022 01:43,30/12/2022 22:43
KB_23_42768_43,Female,Killingbeck,2023,31/12/2022,01:45:48,-67.570706,-68.069479,31/12/2022 01:45,30/12/2022 22:45
KB_23_42768_43,Female,Killingbeck,2023,31/12/2022,01:47:47,-67.570683,-68.069499,31/12/2022 01:47,30/12/2022 22:47
KB_23_42768_43,Female,Killingbeck,2023,31/12/2022,01:49:46,-67.570763,-68.069612,31/12/2022 01:49,30/12/2022 22:49
KB_23_42768_43,Female,Killingbeck,2023,31/12/2022,01:51:45,-67.570688,-68.069332,31/12/2022 01:51,30/12/2022 22:51
KB_23_42768_43,Female,Killingbeck,2023,31/12/2022,01:53:44,-67.570669,-68.069538,31/12/2022 01:53,30/12/2022 22:53
KB_23_42768_43,Female,Killingbeck,2023,31/12/2022,01:55:43,-67.570705,-68.069536,31/12/2022 01:55,30/12/2022 22:55
KB_23_42768_43,Female,Killingbeck,2023,31/12/2022,01:57:42,-67.57072,-68.069333,31/12/2022 01:57,30/12/2022 22:57
KB_23_42768_43,Female,Killingbeck,2023,31/12/2022,01:59:41,-67.570735,-68.069399,31/12/2022 01:59,30/12/2022 22:59
KB_23_42768_43,Female,Killingbeck,2023,31/12/2022,02:01:40,-67.570761,-68.069407,31/12/2022 02:01,30/12/2022 23:01
KB_23_42768_43,Female,Killingbeck,2023,31/12/2022,02:03:40,-67.57076,-68.069868,31/12/2022 02:03,30/12/2022 23:03
KB_23_42768_43,Female,Killingbeck,2023,31/12/2022,02:05:39,-67.570763,-68.069536,31/12/2022 02:05,30/12/2022 23:05
KB_23_42768_43,Female,Killingbeck,2023,31/12/2022,02:07:37,-67.570707,-68.069281,31/12/2022 02:07,30/12/2022 23:07
KB_23_42768_43,Female,Killingbeck,2023,31/12/2022,02:09:38,-67.570703,-68.069515,31/12/2022 02:09,30/12/2022 23:09
KB_23_42768_43,Female,Killingbeck,2023,31/12/2022,02:11:37,-67.57077,-68.069748,31/12/2022 02:11,30/12/2022 23:11
KB_23_42768_43,Female,Killingbeck,2023,31/12/2022,02:13:36,-67.570754,-68.069568,31/12/2022 02:13,30/12/2022 23:13
KB_23_42768_43,Female,Killingbeck,2023,31/12/2022,02:15:35,-67.570778,-68.069747,31/12/2022 02:15,30/12/2022 23:15
KB_23_42768_43,Female,Killingbeck,2023,31/12/2022,02:17:34,-67.570722,-68.069513,31/12/2022 02:17,30/12/2022 23:17
KB_23_42768_43,Female,Killingbeck,2023,31/12/2022,02:19:32,-67.570754,-68.069637,31/12/2022 02:19,30/12/2022 23:19
KB_23_42768_43,Female,Killingbeck,2023,31/12/2022,02:21:32,-67.570729,-68.069507,31/12/2022 02:21,30/12/2022 23:21
KB_23_42768_43,Female,Killingbeck,2023,31/12/2022,02:23:30,-67.570751,-68.06954,31/12/2022 02:23,30/12/2022 23:23
KB_23_42768_43,Female,Killingbeck,2023,31/12/2022,02:25:29,-67.570732,-68.069547,31/12/2022 02:25,30/12/2022 23:25
KB_23_42768_43,Female,Killingbeck,2023,31/12/2022,02:27:28,-67.57031,-68.069256,31/12/2022 02:27,30/12/2022 23:27
KB_23_42768_43,Female,Killingbeck,2023,31/12/2022,02:29:29,-67.569648,-68.06773,31/12/2022 02:29,30/12/2022 23:29
KB_23_42768_43,Female,Killingbeck,2023,31/12/2022,02:31:28,-67.56898,-68.063554,31/12/2022 02:31,30/12/2022 23:31
KB_23_42768_43,Female,Killingbeck,2023,31/12/2022,02:33:27,-67.567204,-68.025662,31/12/2022 02:33,30/12/2022 23:33
KB_23_42768_43,Female,Killingbeck,2023,31/12/2022,02:35:26,-67.566821,-67.98416,31/12/2022 02:35,30/12/2022 23:35
KB_23_42768_43,Female,Killingbeck,2023,31/12/2022,02:37:26,-67.566246,-67.939557,31/12/2022 02:37,30/12/2022 23:37
KB_23_42768_43,Female,Killingbeck,2023,31/12/2022,02:39:25,-67.564496,-67.894952,31/12/2022 02:39,30/12/2022 23:39
KB_23_42768_43,Female,Killingbeck,2023,31/12/2022,02:41:24,-67.559112,-67.854894,31/12/2022 02:41,30/12/2022 23:41
KB_23_42768_43,Female,Killingbeck,2023,31/12/2022,02:43:23,-67.552213,-67.817455,31/12/2022 02:43,30/12/2022 23:43
KB_23_42768_43,Female,Killingbeck,2023,31/12/2022,02:46:36,-67.546329,-67.800878,31/12/2022 02:46,30/12/2022 23:46
KB_23_42768_43,Female,Killingbeck,2023,31/12/2022,02:48:35,-67.546333,-67.800927,31/12/2022 02:48,30/12/2022 23:48
KB_23_42768_43,Female,Killingbeck,2023,31/12/2022,02:50:34,-67.54627,-67.80072,31/12/2022 02:50,30/12/2022 23:50
KB_23_42768_43,Female,Killingbeck,2023,31/12/2022,02:52:33,-67.546305,-67.800599,31/12/2022 02:52,30/12/2022 23:52
KB_23_42768_43,Female,Killingbeck,2023,31/12/2022,02:54:32,-67.547503,-67.800165,31/12/2022 02:54,30/12/2022 23:54
KB_23_42768_43,Female,Killingbeck,2023,31/12/2022,02:56:32,-67.547279,-67.799989,31/12/2022 02:56,30/12/2022 23:56
KB_23_42768_43,Female,Killingbeck,2023,31/12/2022,02:58:31,-67.547276,-67.799892,31/12/2022 02:58,30/12/2022 23:58
KB_23_42768_43,Female,Killingbeck,2023,31/12/2022,03:00:30,-67.547041,-67.799496,31/12/2022 03:00,31/12/2022 00:00
KB_23_42768_43,Female,Killingbeck,2023,31/12/2022,03:02:34,-67.546925,-67.799367,31/12/2022 03:02,31/12/2022 00:02
KB_23_42768_43,Female,Killingbeck,2023,31/12/2022,03:04:33,-67.547395,-67.799334,31/12/2022 03:04,31/12/2022 00:04
KB_23_42768_43,Female,Killingbeck,2023,31/12/2022,03:06:32,-67.547323,-67.799251,31/12/2022 03:06,31/12/2022 00:06
KB_23_42768_43,Female,Killingbeck,2023,31/12/2022,03:08:31,-67.547386,-67.799343,31/12/2022 03:08,31/12/2022 00:08
KB_23_42768_43,Female,Killingbeck,2023,31/12/2022,03:10:30,-67.54738,-67.799351,31/12/2022 03:10,31/12/2022 00:10
KB_23_42768_43,Female,Killingbeck,2023,31/12/2022,03:12:29,-67.547336,-67.799309,31/12/2022 03:12,31/12/2022 00:12
KB_23_42768_43,Female,Killingbeck,2023,31/12/2022,03:14:29,-67.54739,-67.799284,31/12/2022 03:14,31/12/2022 00:14
KB_23_42768_43,Female,Killingbeck,2023,31/12/2022,03:16:30,-67.54738,-67.799399,31/12/2022 03:16,31/12/2022 00:16
KB_23_42768_43,Female,Killingbeck,2023,31/12/2022,03:18:29,-67.547368,-67.799346,31/12/2022 03:18,31/12/2022 00:18
KB_23_42768_43,Female,Killingbeck,2023,31/12/2022,03:20:28,-67.54736,-67.799413,31/12/2022 03:20,31/12/2022 00:20
KB_23_42768_43,Female,Killingbeck,2023,31/12/2022,03:22:27,-67.547422,-67.799274,31/12/2022 03:22,31/12/2022 00:22
KB_23_42768_43,Female,Killingbeck,2023,31/12/2022,03:24:26,-67.547371,-67.799291,31/12/2022 03:24,31/12/2022 00:24
KB_23_42768_43,Female,Killingbeck,2023,31/12/2022,03:26:26,-67.547206,-67.798973,31/12/2022 03:26,31/12/2022 00:26
KB_23_42768_43,Female,Killingbeck,2023,31/12/2022,03:28:26,-67.546996,-67.799632,31/12/2022 03:28,31/12/2022 00:28
KB_23_42768_43,Female,Killingbeck,2023,31/12/2022,03:31:29,-67.546805,-67.799966,31/12/2022 03:31,31/12/2022 00:31
KB_23_42768_43,Female,Killingbeck,2023,31/12/2022,03:33:29,-67.54742,-67.799462,31/12/2022 03:33,31/12/2022 00:33
KB_23_42768_43,Female,Killingbeck,2023,31/12/2022,03:35:28,-67.54747,-67.79949,31/12/2022 03:35,31/12/2022 00:35
KB_23_42768_43,Female,Killingbeck,2023,31/12/2022,03:37:27,-67.547374,-67.799396,31/12/2022 03:37,31/12/2022 00:37
KB_23_42768_43,Female,Killingbeck,2023,31/12/2022,03:39:26,-67.547604,-67.799528,31/12/2022 03:39,31/12/2022 00:39
KB_23_42768_43,Female,Killingbeck,2023,31/12/2022,03:41:25,-67.54739,-67.799449,31/12/2022 03:41,31/12/2022 00:41
KB_23_42768_43,Female,Killingbeck,2023,31/12/2022,03:43:24,-67.547514,-67.799455,31/12/2022 03:43,31/12/2022 00:43
KB_23_42768_43,Female,Killingbeck,2023,31/12/2022,03:45:22,-67.54748,-67.799541,31/12/2022 03:45,31/12/2022 00:45
KB_23_42768_43,Female,Killingbeck,2023,31/12/2022,03:47:23,-67.547485,-67.799594,31/12/2022 03:47,31/12/2022 00:47
KB_23_42768_43,Female,Killingbeck,2023,31/12/2022,03:49:22,-67.547439,-67.799548,31/12/2022 03:49,31/12/2022 00:49
KB_23_42768_43,Female,Killingbeck,2023,31/12/2022,03:51:21,-67.547472,-67.799627,31/12/2022 03:51,31/12/2022 00:51
KB_23_42768_43,Female,Killingbeck,2023,31/12/2022,03:53:21,-67.547429,-67.799561,31/12/2022 03:53,31/12/2022 00:53
KB_23_42768_43,Female,Killingbeck,2023,31/12/2022,03:55:20,-67.547429,-67.799528,31/12/2022 03:55,31/12/2022 00:55
KB_23_42768_43,Female,Killingbeck,2023,31/12/2022,03:57:19,-67.547414,-67.799568,31/12/2022 03:57,31/12/2022 00:57
KB_23_42768_43,Female,Killingbeck,2023,31/12/2022,03:59:18,-67.547407,-67.799406,31/12/2022 03:59,31/12/2022 00:59
KB_23_42768_43,Female,Killingbeck,2023,31/12/2022,04:01:17,-67.54741,-67.79936,31/12/2022 04:01,31/12/2022 01:01
KB_23_42768_43,Female,Killingbeck,2023,31/12/2022,04:03:16,-67.547436,-67.799622,31/12/2022 04:03,31/12/2022 01:03
KB_23_42768_43,Female,Killingbeck,2023,31/12/2022,04:05:15,-67.547428,-67.79969,31/12/2022 04:05,31/12/2022 01:05
KB_23_42768_43,Female,Killingbeck,2023,31/12/2022,04:07:15,-67.547427,-67.79936,31/12/2022 04:07,31/12/2022 01:07
KB_23_42768_43,Female,Killingbeck,2023,31/12/2022,04:09:13,-67.547394,-67.79953,31/12/2022 04:09,31/12/2022 01:09
KB_23_42768_43,Female,Killingbeck,2023,31/12/2022,04:11:12,-67.547357,-67.799493,31/12/2022 04:11,31/12/2022 01:11
KB_23_42768_43,Female,Killingbeck,2023,31/12/2022,04:13:13,-67.547452,-67.799675,31/12/2022 04:13,31/12/2022 01:13
KB_23_42768_43,Female,Killingbeck,2023,31/12/2022,04:16:03,-67.5468,-67.800182,31/12/2022 04:16,31/12/2022 01:16
KB_23_42768_43,Female,Killingbeck,2023,31/12/2022,04:18:03,-67.546999,-67.799915,31/12/2022 04:18,31/12/2022 01:18
KB_23_42768_43,Female,Killingbeck,2023,31/12/2022,04:20:02,-67.547051,-67.80041,31/12/2022 04:20,31/12/2022 01:20
KB_23_42768_43,Female,Killingbeck,2023,31/12/2022,04:22:02,-67.547088,-67.800046,31/12/2022 04:22,31/12/2022 01:22
KB_23_42768_43,Female,Killingbeck,2023,31/12/2022,04:24:57,-67.547093,-67.800334,31/12/2022 04:24,31/12/2022 01:24
KB_23_42768_43,Female,Killingbeck,2023,31/12/2022,04:26:58,-67.547341,-67.799259,31/12/2022 04:26,31/12/2022 01:26
KB_23_42768_43,Female,Killingbeck,2023,31/12/2022,04:28:56,-67.547484,-67.799442,31/12/2022 04:28,31/12/2022 01:28
KB_23_42768_43,Female,Killingbeck,2023,31/12/2022,04:30:55,-67.547405,-67.79964,31/12/2022 04:30,31/12/2022 01:30
KB_23_42768_43,Female,Killingbeck,2023,31/12/2022,04:32:55,-67.547519,-67.79952,31/12/2022 04:32,31/12/2022 01:32
KB_23_42768_43,Female,Killingbeck,2023,31/12/2022,04:34:54,-67.547443,-67.799511,31/12/2022 04:34,31/12/2022 01:34
KB_23_42768_43,Female,Killingbeck,2023,31/12/2022,04:36:54,-67.547468,-67.799619,31/12/2022 04:36,31/12/2022 01:36
KB_23_42768_43,Female,Killingbeck,2023,31/12/2022,04:38:52,-67.547455,-67.799486,31/12/2022 04:38,31/12/2022 01:38
KB_23_42768_43,Female,Killingbeck,2023,31/12/2022,04:40:54,-67.547419,-67.799405,31/12/2022 04:40,31/12/2022 01:40
KB_23_42768_43,Female,Killingbeck,2023,31/12/2022,04:42:51,-67.547388,-67.799483,31/12/2022 04:42,31/12/2022 01:42
KB_23_42768_43,Female,Killingbeck,2023,31/12/2022,04:44:49,-67.547438,-67.799634,31/12/2022 04:44,31/12/2022 01:44
KB_23_42768_43,Female,Killingbeck,2023,31/12/2022,04:46:49,-67.547432,-67.79972,31/12/2022 04:46,31/12/2022 01:46
KB_23_42768_43,Female,Killingbeck,2023,31/12/2022,04:48:49,-67.547508,-67.799717,31/12/2022 04:48,31/12/2022 01:48
KB_23_42768_43,Female,Killingbeck,2023,31/12/2022,04:50:47,-67.547491,-67.799616,31/12/2022 04:50,31/12/2022 01:50
KB_23_42768_43,Female,Killingbeck,2023,31/12/2022,04:52:46,-67.547463,-67.799656,31/12/2022 04:52,31/12/2022 01:52
KB_23_42768_43,Female,Killingbeck,2023,31/12/2022,04:54:46,-67.547349,-67.799135,31/12/2022 04:54,31/12/2022 01:54
KB_23_42768_43,Female,Killingbeck,2023,31/12/2022,04:56:45,-67.547515,-67.79932,31/12/2022 04:56,31/12/2022 01:56
KB_23_42768_43,Female,Killingbeck,2023,31/12/2022,04:58:44,-67.547409,-67.799527,31/12/2022 04:58,31/12/2022 01:58
KB_23_42768_43,Female,Killingbeck,2023,31/12/2022,05:00:43,-67.547422,-67.799526,31/12/2022 05:00,31/12/2022 02:00
KB_23_42768_43,Female,Killingbeck,2023,31/12/2022,05:02:43,-67.547415,-67.799636,31/12/2022 05:02,31/12/2022 02:02
KB_23_42768_43,Female,Killingbeck,2023,31/12/2022,05:04:41,-67.547449,-67.799741,31/12/2022 05:04,31/12/2022 02:04
KB_23_42768_43,Female,Killingbeck,2023,31/12/2022,05:06:40,-67.547453,-67.799611,31/12/2022 05:06,31/12/2022 02:06
KB_23_42768_43,Female,Killingbeck,2023,31/12/2022,05:08:40,-67.547405,-67.799323,31/12/2022 05:08,31/12/2022 02:08
KB_23_42768_43,Female,Killingbeck,2023,31/12/2022,05:10:39,-67.54738,-67.799574,31/12/2022 05:10,31/12/2022 02:10
KB_23_42768_43,Female,Killingbeck,2023,31/12/2022,05:12:38,-67.547306,-67.799252,31/12/2022 05:12,31/12/2022 02:12
KB_23_42768_43,Female,Killingbeck,2023,31/12/2022,05:14:38,-67.547376,-67.800143,31/12/2022 05:14,31/12/2022 02:14
KB_23_42768_43,Female,Killingbeck,2023,31/12/2022,05:17:01,-67.546836,-67.800606,31/12/2022 05:17,31/12/2022 02:17
KB_23_42768_43,Female,Killingbeck,2023,31/12/2022,05:18:59,-67.547153,-67.800833,31/12/2022 05:18,31/12/2022 02:18
KB_23_42768_43,Female,Killingbeck,2023,31/12/2022,05:20:58,-67.546435,-67.797888,31/12/2022 05:20,31/12/2022 02:20
KB_23_42768_43,Female,Killingbeck,2023,31/12/2022,05:22:57,-67.547444,-67.799445,31/12/2022 05:22,31/12/2022 02:22
KB_23_42768_43,Female,Killingbeck,2023,31/12/2022,05:24:56,-67.547338,-67.799422,31/12/2022 05:24,31/12/2022 02:24
KB_23_42768_43,Female,Killingbeck,2023,31/12/2022,05:26:55,-67.547388,-67.799354,31/12/2022 05:26,31/12/2022 02:26
KB_23_42768_43,Female,Killingbeck,2023,31/12/2022,05:28:54,-67.547379,-67.799515,31/12/2022 05:28,31/12/2022 02:28
KB_23_42768_43,Female,Killingbeck,2023,31/12/2022,05:30:53,-67.547373,-67.799524,31/12/2022 05:30,31/12/2022 02:30
KB_23_42768_43,Female,Killingbeck,2023,31/12/2022,05:32:52,-67.547362,-67.799358,31/12/2022 05:32,31/12/2022 02:32
KB_23_42768_43,Female,Killingbeck,2023,31/12/2022,05:34:51,-67.547415,-67.799259,31/12/2022 05:34,31/12/2022 02:34
KB_23_42768_43,Female,Killingbeck,2023,31/12/2022,05:38:31,-67.546387,-67.799369,31/12/2022 05:38,31/12/2022 02:38
KB_23_42768_43,Female,Killingbeck,2023,31/12/2022,05:40:24,-67.546538,-67.799205,31/12/2022 05:40,31/12/2022 02:40
KB_23_42768_43,Female,Killingbeck,2023,31/12/2022,05:42:22,-67.546466,-67.79938,31/12/2022 05:42,31/12/2022 02:42
KB_23_42768_43,Female,Killingbeck,2023,31/12/2022,05:44:21,-67.544821,-67.803529,31/12/2022 05:44,31/12/2022 02:44
KB_23_42768_43,Female,Killingbeck,2023,31/12/2022,05:46:20,-67.544661,-67.803176,31/12/2022 05:46,31/12/2022 02:46
KB_23_42768_43,Female,Killingbeck,2023,31/12/2022,05:48:20,-67.544921,-67.803078,31/12/2022 05:48,31/12/2022 02:48
KB_23_42768_43,Female,Killingbeck,2023,31/12/2022,05:50:20,-67.54484,-67.803204,31/12/2022 05:50,31/12/2022 02:50
KB_23_42768_43,Female,Killingbeck,2023,31/12/2022,05:52:20,-67.544901,-67.803041,31/12/2022 05:52,31/12/2022 02:52
KB_23_42768_43,Female,Killingbeck,2023,31/12/2022,05:54:18,-67.544899,-67.803065,31/12/2022 05:54,31/12/2022 02:54
KB_23_42768_43,Female,Killingbeck,2023,31/12/2022,05:56:17,-67.544794,-67.803124,31/12/2022 05:56,31/12/2022 02:56
KB_23_42768_43,Female,Killingbeck,2023,31/12/2022,05:58:17,-67.544765,-67.803064,31/12/2022 05:58,31/12/2022 02:58
KB_23_42768_43,Female,Killingbeck,2023,31/12/2022,06:00:16,-67.544729,-67.80314,31/12/2022 06:00,31/12/2022 03:00
KB_23_42768_43,Female,Killingbeck,2023,31/12/2022,06:02:15,-67.550996,-67.836382,31/12/2022 06:02,31/12/2022 03:02
KB_23_42768_43,Female,Killingbeck,2023,31/12/2022,06:04:19,-67.553811,-67.859172,31/12/2022 06:04,31/12/2022 03:04
KB_23_42768_43,Female,Killingbeck,2023,31/12/2022,06:06:57,-67.553635,-67.858385,31/12/2022 06:06,31/12/2022 03:06
KB_23_42768_43,Female,Killingbeck,2023,31/12/2022,06:09:34,-67.553991,-67.860114,31/12/2022 06:09,31/12/2022 03:09
KB_23_42768_43,Female,Killingbeck,2023,31/12/2022,06:11:49,0,0,31/12/2022 06:11,31/12/2022 03:11
KB_23_42768_43,Female,Killingbeck,2023,31/12/2022,06:13:56,-67.553254,-67.861663,31/12/2022 06:13,31/12/2022 03:13
KB_23_42768_43,Female,Killingbeck,2023,31/12/2022,06:15:56,-67.553002,-67.862145,31/12/2022 06:15,31/12/2022 03:15
KB_23_42768_43,Female,Killingbeck,2023,31/12/2022,06:18:19,0,0,31/12/2022 06:18,31/12/2022 03:18
KB_23_42768_43,Female,Killingbeck,2023,31/12/2022,06:20:38,-67.551713,-67.861348,31/12/2022 06:20,31/12/2022 03:20
KB_23_42768_43,Female,Killingbeck,2023,31/12/2022,06:22:41,-67.552135,-67.860413,31/12/2022 06:22,31/12/2022 03:22
KB_23_42768_43,Female,Killingbeck,2023,31/12/2022,06:24:40,-67.552314,-67.860718,31/12/2022 06:24,31/12/2022 03:24
KB_23_42768_43,Female,Killingbeck,2023,31/12/2022,06:26:39,-67.552639,-67.861156,31/12/2022 06:26,31/12/2022 03:26
KB_23_42768_43,Female,Killingbeck,2023,31/12/2022,06:28:38,-67.552997,-67.861911,31/12/2022 06:28,31/12/2022 03:28
KB_23_42768_43,Female,Killingbeck,2023,31/12/2022,06:30:37,-67.553395,-67.862475,31/12/2022 06:30,31/12/2022 03:30
KB_23_42768_43,Female,Killingbeck,2023,31/12/2022,06:32:36,-67.553163,-67.871671,31/12/2022 06:32,31/12/2022 03:32
KB_23_42768_43,Female,Killingbeck,2023,31/12/2022,06:34:35,-67.559703,-67.924831,31/12/2022 06:34,31/12/2022 03:34
KB_23_42768_43,Female,Killingbeck,2023,31/12/2022,06:36:34,-67.564047,-67.981147,31/12/2022 06:36,31/12/2022 03:36
KB_23_42768_43,Female,Killingbeck,2023,31/12/2022,06:38:33,-67.569214,-68.036518,31/12/2022 06:38,31/12/2022 03:38
KB_23_42768_43,Female,Killingbeck,2023,31/12/2022,06:40:34,-67.570738,-68.069248,31/12/2022 06:40,31/12/2022 03:40
KB_23_42768_43,Female,Killingbeck,2023,31/12/2022,06:42:33,-67.570741,-68.069597,31/12/2022 06:42,31/12/2022 03:42
KB_23_42768_43,Female,Killingbeck,2023,31/12/2022,06:44:31,-67.570666,-68.069336,31/12/2022 06:44,31/12/2022 03:44
KB_23_42768_43,Female,Killingbeck,2023,31/12/2022,06:46:30,-67.57074,-68.069586,31/12/2022 06:46,31/12/2022 03:46
KB_23_42768_43,Female,Killingbeck,2023,31/12/2022,06:48:30,-67.57079,-68.070532,31/12/2022 06:48,31/12/2022 03:48
KB_23_42768_43,Female,Killingbeck,2023,31/12/2022,06:50:31,-67.570803,-68.070246,31/12/2022 06:50,31/12/2022 03:50
KB_23_42768_43,Female,Killingbeck,2023,31/12/2022,06:52:18,-67.570721,-68.069777,31/12/2022 06:52,31/12/2022 03:52
KB_23_42768_43,Female,Killingbeck,2023,31/12/2022,06:54:17,-67.5708,-68.070159,31/12/2022 06:54,31/12/2022 03:54
KB_23_42768_43,Female,Killingbeck,2023,31/12/2022,06:56:25,-67.570792,-68.070059,31/12/2022 06:56,31/12/2022 03:56
KB_23_42768_43,Female,Killingbeck,2023,31/12/2022,06:58:15,-67.570726,-68.069747,31/12/2022 06:58,31/12/2022 03:58
KB_23_42768_43,Female,Killingbeck,2023,31/12/2022,07:00:17,-67.570755,-68.069379,31/12/2022 07:00,31/12/2022 04:00
KB_23_42768_43,Female,Killingbeck,2023,31/12/2022,07:02:21,-67.570774,-68.069311,31/12/2022 07:02,31/12/2022 04:02
KB_23_42768_43,Female,Killingbeck,2023,31/12/2022,07:04:16,-67.570751,-68.069242,31/12/2022 07:04,31/12/2022 04:04
KB_23_42768_43,Female,Killingbeck,2023,31/12/2022,07:06:15,-67.570737,-68.069943,31/12/2022 07:06,31/12/2022 04:06
KB_23_42768_43,Female,Killingbeck,2023,31/12/2022,07:08:14,-67.570785,-68.070017,31/12/2022 07:08,31/12/2022 04:08
KB_23_42768_43,Female,Killingbeck,2023,31/12/2022,07:10:11,-67.570675,-68.069585,31/12/2022 07:10,31/12/2022 04:10
KB_23_42768_43,Female,Killingbeck,2023,31/12/2022,07:12:09,-67.570693,-68.069601,31/12/2022 07:12,31/12/2022 04:12
KB_23_42768_43,Female,Killingbeck,2023,31/12/2022,07:14:11,-67.570831,-68.070145,31/12/2022 07:14,31/12/2022 04:14
KB_23_42768_43,Female,Killingbeck,2023,31/12/2022,07:16:17,-67.570671,-68.069407,31/12/2022 07:16,31/12/2022 04:16
KB_23_42768_43,Female,Killingbeck,2023,31/12/2022,07:18:23,-67.570683,-68.071451,31/12/2022 07:18,31/12/2022 04:18
KB_23_42768_43,Female,Killingbeck,2023,31/12/2022,07:20:15,-67.570769,-68.070053,31/12/2022 07:20,31/12/2022 04:20
KB_23_42768_43,Female,Killingbeck,2023,31/12/2022,07:21:56,-67.570814,-68.069691,31/12/2022 07:21,31/12/2022 04:21
KB_23_42768_43,Female,Killingbeck,2023,31/12/2022,07:23:54,-67.570666,-68.069598,31/12/2022 07:23,31/12/2022 04:23
KB_23_42768_43,Female,Killingbeck,2023,31/12/2022,07:25:54,-67.570746,-68.069938,31/12/2022 07:25,31/12/2022 04:25
KB_23_42768_43,Female,Killingbeck,2023,31/12/2022,07:27:53,-67.570714,-68.069742,31/12/2022 07:27,31/12/2022 04:27
KB_23_42768_43,Female,Killingbeck,2023,31/12/2022,07:29:54,-67.570788,-68.070117,31/12/2022 07:29,31/12/2022 04:29
KB_23_42768_43,Female,Killingbeck,2023,31/12/2022,07:31:53,-67.570812,-68.07033,31/12/2022 07:31,31/12/2022 04:31
KB_23_42768_43,Female,Killingbeck,2023,31/12/2022,07:33:52,-67.570649,-68.069371,31/12/2022 07:33,31/12/2022 04:33
KB_23_42768_43,Female,Killingbeck,2023,31/12/2022,07:36:04,-67.570736,-68.069298,31/12/2022 07:36,31/12/2022 04:36
KB_23_42768_43,Female,Killingbeck,2023,31/12/2022,07:37:50,-67.570754,-68.069614,31/12/2022 07:37,31/12/2022 04:37
KB_23_42768_43,Female,Killingbeck,2023,31/12/2022,07:39:58,-67.570732,-68.070007,31/12/2022 07:39,31/12/2022 04:39
KB_23_42768_43,Female,Killingbeck,2023,31/12/2022,07:41:49,-67.570742,-68.069709,31/12/2022 07:41,31/12/2022 04:41
KB_23_42768_43,Female,Killingbeck,2023,31/12/2022,07:43:55,-67.570782,-68.069188,31/12/2022 07:43,31/12/2022 04:43
KB_23_42768_43,Female,Killingbeck,2023,31/12/2022,07:45:46,-67.570742,-68.069827,31/12/2022 07:45,31/12/2022 04:45
KB_23_42768_43,Female,Killingbeck,2023,31/12/2022,07:47:56,-67.570744,-68.069421,31/12/2022 07:47,31/12/2022 04:47
KB_23_42768_43,Female,Killingbeck,2023,31/12/2022,07:49:46,-67.570722,-68.069491,31/12/2022 07:49,31/12/2022 04:49
KB_23_42768_43,Female,Killingbeck,2023,31/12/2022,07:51:34,-67.570947,-68.069586,31/12/2022 07:51,31/12/2022 04:51
KB_23_42768_43,Female,Killingbeck,2023,31/12/2022,07:53:34,-67.570595,-68.06972,31/12/2022 07:53,31/12/2022 04:53
KB_23_42768_43,Female,Killingbeck,2023,31/12/2022,07:55:46,-67.570514,-68.069689,31/12/2022 07:55,31/12/2022 04:55
KB_23_42768_43,Female,Killingbeck,2023,31/12/2022,07:57:34,-67.570456,-68.069327,31/12/2022 07:57,31/12/2022 04:57
KB_23_42768_43,Female,Killingbeck,2023,31/12/2022,07:59:39,-67.570705,-68.069589,31/12/2022 07:59,31/12/2022 04:59
KB_23_42768_43,Female,Killingbeck,2023,31/12/2022,08:01:37,-67.570758,-68.069599,31/12/2022 08:01,31/12/2022 05:01
KB_23_42768_43,Female,Killingbeck,2023,31/12/2022,08:03:34,-67.570522,-68.069485,31/12/2022 08:03,31/12/2022 05:03
KB_23_42768_43,Female,Killingbeck,2023,31/12/2022,08:05:29,-67.5706,-68.069863,31/12/2022 08:05,31/12/2022 05:05
KB_23_42768_43,Female,Killingbeck,2023,31/12/2022,08:07:35,-67.570067,-68.071663,31/12/2022 08:07,31/12/2022 05:07
KB_23_42768_43,Female,Killingbeck,2023,31/12/2022,08:09:40,-67.570025,-68.071564,31/12/2022 08:09,31/12/2022 05:09
KB_23_42768_43,Female,Killingbeck,2023,31/12/2022,08:11:30,-67.570688,-68.069531,31/12/2022 08:11,31/12/2022 05:11
KB_23_42768_43,Female,Killingbeck,2023,31/12/2022,08:13:27,-67.570584,-68.069723,31/12/2022 08:13,31/12/2022 05:13
KB_23_42768_43,Female,Killingbeck,2023,31/12/2022,08:15:28,-67.570702,-68.069611,31/12/2022 08:15,31/12/2022 05:15
KB_23_42768_43,Female,Killingbeck,2023,31/12/2022,08:17:27,-67.570332,-68.069439,31/12/2022 08:17,31/12/2022 05:17
KB_23_42768_43,Female,Killingbeck,2023,31/12/2022,08:19:27,-67.570717,-68.069588,31/12/2022 08:19,31/12/2022 05:19
KB_23_42768_43,Female,Killingbeck,2023,31/12/2022,08:21:48,-67.570627,-68.069708,31/12/2022 08:21,31/12/2022 05:21
KB_23_42768_43,Female,Killingbeck,2023,31/12/2022,08:23:55,-67.570713,-68.069371,31/12/2022 08:23,31/12/2022 05:23
KB_23_42768_43,Female,Killingbeck,2023,31/12/2022,08:25:55,-67.570713,-68.069357,31/12/2022 08:25,31/12/2022 05:25
KB_23_42768_43,Female,Killingbeck,2023,31/12/2022,08:27:57,-67.570758,-68.069423,31/12/2022 08:27,31/12/2022 05:27
KB_23_42768_43,Female,Killingbeck,2023,31/12/2022,08:29:49,-67.57068,-68.069397,31/12/2022 08:29,31/12/2022 05:29
KB_23_42768_43,Female,Killingbeck,2023,31/12/2022,08:31:54,-67.570691,-68.069446,31/12/2022 08:31,31/12/2022 05:31
KB_23_42768_43,Female,Killingbeck,2023,31/12/2022,08:33:48,-67.570744,-68.069349,31/12/2022 08:33,31/12/2022 05:33
KB_23_42768_43,Female,Killingbeck,2023,31/12/2022,08:35:47,-67.57075,-68.069402,31/12/2022 08:35,31/12/2022 05:35
KB_23_42768_43,Female,Killingbeck,2023,31/12/2022,08:37:46,-67.570795,-68.069342,31/12/2022 08:37,31/12/2022 05:37
KB_23_42768_43,Female,Killingbeck,2023,31/12/2022,08:39:45,-67.570718,-68.069484,31/12/2022 08:39,31/12/2022 05:39
KB_23_42768_43,Female,Killingbeck,2023,31/12/2022,08:41:44,-67.569921,-68.069537,31/12/2022 08:41,31/12/2022 05:41
KB_23_42768_43,Female,Killingbeck,2023,31/12/2022,08:43:41,-67.570758,-68.069459,31/12/2022 08:43,31/12/2022 05:43
KB_23_42768_43,Female,Killingbeck,2023,31/12/2022,08:45:40,-67.570683,-68.069464,31/12/2022 08:45,31/12/2022 05:45
KB_23_42768_43,Female,Killingbeck,2023,31/12/2022,08:47:41,-67.569822,-68.069516,31/12/2022 08:47,31/12/2022 05:47
KB_23_42768_43,Female,Killingbeck,2023,31/12/2022,08:49:39,-67.570692,-68.069356,31/12/2022 08:49,31/12/2022 05:49
KB_23_42768_43,Female,Killingbeck,2023,31/12/2022,08:51:29,-67.570002,-68.06951,31/12/2022 08:51,31/12/2022 05:51
KB_23_42768_43,Female,Killingbeck,2023,31/12/2022,08:53:26,-67.570641,-68.069402,31/12/2022 08:53,31/12/2022 05:53
KB_23_42768_43,Female,Killingbeck,2023,31/12/2022,08:55:25,-67.570568,-68.069424,31/12/2022 08:55,31/12/2022 05:55
KB_23_42768_43,Female,Killingbeck,2023,31/12/2022,08:57:26,-67.570751,-68.069424,31/12/2022 08:57,31/12/2022 05:57
KB_23_42768_43,Female,Killingbeck,2023,31/12/2022,08:59:25,-67.570621,-68.069445,31/12/2022 08:59,31/12/2022 05:59
KB_23_42768_43,Female,Killingbeck,2023,31/12/2022,09:01:22,-67.570584,-68.069273,31/12/2022 09:01,31/12/2022 06:01
KB_23_42768_43,Female,Killingbeck,2023,31/12/2022,09:03:26,-67.570579,-68.069353,31/12/2022 09:03,31/12/2022 06:03
KB_23_42768_43,Female,Killingbeck,2023,31/12/2022,09:05:20,-67.570589,-68.069502,31/12/2022 09:05,31/12/2022 06:05
KB_23_42768_43,Female,Killingbeck,2023,31/12/2022,09:07:20,-67.570631,-68.069498,31/12/2022 09:07,31/12/2022 06:07
KB_23_42768_43,Female,Killingbeck,2023,31/12/2022,09:09:18,-67.570629,-68.069376,31/12/2022 09:09,31/12/2022 06:09
KB_23_42768_43,Female,Killingbeck,2023,31/12/2022,09:11:18,-67.57086,-68.069487,31/12/2022 09:11,31/12/2022 06:11
KB_23_42768_43,Female,Killingbeck,2023,31/12/2022,09:13:24,-67.570856,-68.069483,31/12/2022 09:13,31/12/2022 06:13
KB_23_42768_43,Female,Killingbeck,2023,31/12/2022,09:15:19,-67.569896,-68.069073,31/12/2022 09:15,31/12/2022 06:15
KB_23_42768_43,Female,Killingbeck,2023,31/12/2022,09:17:19,-67.570603,-68.069348,31/12/2022 09:17,31/12/2022 06:17
KB_23_42768_43,Female,Killingbeck,2023,31/12/2022,09:19:16,-67.570577,-68.069377,31/12/2022 09:19,31/12/2022 06:19
KB_23_42768_43,Female,Killingbeck,2023,31/12/2022,09:21:06,-67.569132,-68.0686,31/12/2022 09:21,31/12/2022 06:21
KB_23_42768_43,Female,Killingbeck,2023,31/12/2022,09:23:11,-67.567896,-68.067824,31/12/2022 09:23,31/12/2022 06:23
KB_23_42768_43,Female,Killingbeck,2023,31/12/2022,09:25:03,-67.570645,-68.069417,31/12/2022 09:25,31/12/2022 06:25
KB_23_42768_43,Female,Killingbeck,2023,31/12/2022,09:27:01,-67.570792,-68.069502,31/12/2022 09:27,31/12/2022 06:27
KB_23_42768_43,Female,Killingbeck,2023,31/12/2022,09:29:01,-67.57055,-68.069399,31/12/2022 09:29,31/12/2022 06:29
KB_23_42768_43,Female,Killingbeck,2023,31/12/2022,09:31:13,-67.57023,-68.066355,31/12/2022 09:31,31/12/2022 06:31
KB_23_42768_43,Female,Killingbeck,2023,31/12/2022,09:33:14,-67.570132,-68.066206,31/12/2022 09:33,31/12/2022 06:33
KB_23_42768_43,Female,Killingbeck,2023,31/12/2022,09:35:13,-67.569949,-68.066167,31/12/2022 09:35,31/12/2022 06:35
KB_23_42768_43,Female,Killingbeck,2023,31/12/2022,09:37:15,-67.569534,-68.067486,31/12/2022 09:37,31/12/2022 06:37
KB_23_42768_43,Female,Killingbeck,2023,31/12/2022,09:39:14,-67.569538,-68.067748,31/12/2022 09:39,31/12/2022 06:39
KB_23_42768_43,Female,Killingbeck,2023,31/12/2022,09:41:13,-67.569635,-68.067547,31/12/2022 09:41,31/12/2022 06:41
KB_23_42768_43,Female,Killingbeck,2023,31/12/2022,09:43:12,-67.56793,-68.061131,31/12/2022 09:43,31/12/2022 06:43
KB_23_42768_43,Female,Killingbeck,2023,31/12/2022,09:45:11,-67.563604,-68.022899,31/12/2022 09:45,31/12/2022 06:45
KB_23_42768_43,Female,Killingbeck,2023,31/12/2022,09:47:11,-67.56003,-67.978763,31/12/2022 09:47,31/12/2022 06:47
KB_23_42768_43,Female,Killingbeck,2023,31/12/2022,09:49:10,-67.559405,-67.931952,31/12/2022 09:49,31/12/2022 06:49
KB_23_42768_43,Female,Killingbeck,2023,31/12/2022,09:51:43,-67.556713,-67.872105,31/12/2022 09:51,31/12/2022 06:51
KB_23_42768_43,Female,Killingbeck,2023,31/12/2022,09:53:41,-67.551951,-67.828485,31/12/2022 09:53,31/12/2022 06:53
KB_23_42768_43,Female,Killingbeck,2023,31/12/2022,09:55:40,-67.546785,-67.80096,31/12/2022 09:55,31/12/2022 06:55
KB_23_42768_43,Female,Killingbeck,2023,31/12/2022,09:57:39,-67.546784,-67.800847,31/12/2022 09:57,31/12/2022 06:57
KB_23_42768_43,Female,Killingbeck,2023,31/12/2022,09:59:38,-67.546853,-67.800778,31/12/2022 09:59,31/12/2022 06:59
KB_23_42768_43,Female,Killingbeck,2023,31/12/2022,10:01:37,-67.547623,-67.797893,31/12/2022 10:01,31/12/2022 07:01
KB_23_42768_43,Female,Killingbeck,2023,31/12/2022,10:04:52,-67.547144,-67.799725,31/12/2022 10:04,31/12/2022 07:04
KB_23_42768_43,Female,Killingbeck,2023,31/12/2022,10:07:01,-67.547024,-67.800149,31/12/2022 10:07,31/12/2022 07:07
KB_23_42768_43,Female,Killingbeck,2023,31/12/2022,10:08:59,-67.546324,-67.800844,31/12/2022 10:08,31/12/2022 07:08
KB_23_42768_43,Female,Killingbeck,2023,31/12/2022,10:11:01,-67.546276,-67.800842,31/12/2022 10:11,31/12/2022 07:11
KB_23_42768_43,Female,Killingbeck,2023,31/12/2022,10:12:57,-67.546304,-67.800917,31/12/2022 10:12,31/12/2022 07:12
KB_23_42768_43,Female,Killingbeck,2023,31/12/2022,10:14:57,-67.546335,-67.800836,31/12/2022 10:14,31/12/2022 07:14
KB_23_42768_43,Female,Killingbeck,2023,31/12/2022,10:16:56,-67.546202,-67.800706,31/12/2022 10:16,31/12/2022 07:16
KB_23_42768_43,Female,Killingbeck,2023,31/12/2022,10:18:54,-67.546338,-67.800796,31/12/2022 10:18,31/12/2022 07:18
KB_23_42768_43,Female,Killingbeck,2023,31/12/2022,10:20:53,-67.546299,-67.800788,31/12/2022 10:20,31/12/2022 07:20
KB_23_42768_43,Female,Killingbeck,2023,31/12/2022,10:22:53,-67.5463,-67.800806,31/12/2022 10:22,31/12/2022 07:22
KB_23_42768_43,Female,Killingbeck,2023,31/12/2022,10:24:52,-67.546512,-67.800885,31/12/2022 10:24,31/12/2022 07:24
KB_23_42768_43,Female,Killingbeck,2023,31/12/2022,10:26:52,-67.546334,-67.800743,31/12/2022 10:26,31/12/2022 07:26
KB_23_42768_43,Female,Killingbeck,2023,31/12/2022,10:28:50,-67.546355,-67.800863,31/12/2022 10:28,31/12/2022 07:28
KB_23_42768_43,Female,Killingbeck,2023,31/12/2022,10:31:59,-67.54722,-67.799211,31/12/2022 10:31,31/12/2022 07:31
KB_23_42768_43,Female,Killingbeck,2023,31/12/2022,10:34:56,-67.54756,-67.798821,31/12/2022 10:34,31/12/2022 07:34
KB_23_42768_43,Female,Killingbeck,2023,31/12/2022,10:36:55,-67.547171,-67.799919,31/12/2022 10:36,31/12/2022 07:36
KB_23_42768_43,Female,Killingbeck,2023,31/12/2022,10:39:25,-67.54734,-67.800815,31/12/2022 10:39,31/12/2022 07:39
KB_23_42768_43,Female,Killingbeck,2023,31/12/2022,10:41:26,-67.547303,-67.800591,31/12/2022 10:41,31/12/2022 07:41
KB_23_42768_43,Female,Killingbeck,2023,31/12/2022,10:43:28,-67.544565,-67.799762,31/12/2022 10:43,31/12/2022 07:43
KB_23_42768_43,Female,Killingbeck,2023,31/12/2022,10:45:25,-67.546825,-67.800939,31/12/2022 10:45,31/12/2022 07:45
KB_23_42768_43,Female,Killingbeck,2023,31/12/2022,10:47:24,-67.546727,-67.801031,31/12/2022 10:47,31/12/2022 07:47
KB_23_42768_43,Female,Killingbeck,2023,31/12/2022,10:49:22,-67.546865,-67.800984,31/12/2022 10:49,31/12/2022 07:49
KB_23_42768_43,Female,Killingbeck,2023,31/12/2022,10:51:22,-67.546869,-67.800985,31/12/2022 10:51,31/12/2022 07:51
KB_23_42768_43,Female,Killingbeck,2023,31/12/2022,10:53:20,-67.54673,-67.800961,31/12/2022 10:53,31/12/2022 07:53
KB_23_42768_43,Female,Killingbeck,2023,31/12/2022,10:55:21,-67.546747,-67.800951,31/12/2022 10:55,31/12/2022 07:55
KB_23_42768_43,Female,Killingbeck,2023,31/12/2022,10:57:20,-67.546792,-67.800695,31/12/2022 10:57,31/12/2022 07:57
KB_23_42768_43,Female,Killingbeck,2023,31/12/2022,10:59:19,-67.546844,-67.801111,31/12/2022 10:59,31/12/2022 07:59
KB_23_42768_43,Female,Killingbeck,2023,31/12/2022,11:01:18,-67.546711,-67.801024,31/12/2022 11:01,31/12/2022 08:01
KB_23_42768_43,Female,Killingbeck,2023,31/12/2022,11:03:17,-67.546726,-67.801024,31/12/2022 11:03,31/12/2022 08:03
KB_23_42768_43,Female,Killingbeck,2023,31/12/2022,11:05:16,-67.546822,-67.801065,31/12/2022 11:05,31/12/2022 08:05
KB_23_42768_43,Female,Killingbeck,2023,31/12/2022,11:07:15,-67.546821,-67.80094,31/12/2022 11:07,31/12/2022 08:07
KB_23_42768_43,Female,Killingbeck,2023,31/12/2022,11:09:15,-67.546747,-67.800818,31/12/2022 11:09,31/12/2022 08:09
KB_23_42768_43,Female,Killingbeck,2023,31/12/2022,11:11:13,-67.546811,-67.800941,31/12/2022 11:11,31/12/2022 08:11
KB_23_42768_43,Female,Killingbeck,2023,31/12/2022,11:13:12,-67.54672,-67.800978,31/12/2022 11:13,31/12/2022 08:13
KB_23_42768_43,Female,Killingbeck,2023,31/12/2022,11:15:12,-67.54726,-67.797694,31/12/2022 11:15,31/12/2022 08:15
KB_23_42768_43,Female,Killingbeck,2023,31/12/2022,11:17:11,-67.547227,-67.799019,31/12/2022 11:17,31/12/2022 08:17
KB_23_42768_43,Female,Killingbeck,2023,31/12/2022,11:20:20,-67.547305,-67.800333,31/12/2022 11:20,31/12/2022 08:20
KB_23_42768_43,Female,Killingbeck,2023,31/12/2022,11:22:16,-67.547224,-67.800272,31/12/2022 11:22,31/12/2022 08:22
KB_23_42768_43,Female,Killingbeck,2023,31/12/2022,11:24:14,-67.547052,-67.800498,31/12/2022 11:24,31/12/2022 08:24
KB_23_42768_43,Female,Killingbeck,2023,31/12/2022,11:26:14,-67.546627,-67.799175,31/12/2022 11:26,31/12/2022 08:26
KB_23_42768_43,Female,Killingbeck,2023,31/12/2022,11:28:13,-67.54706,-67.796674,31/12/2022 11:28,31/12/2022 08:28
KB_23_42768_43,Female,Killingbeck,2023,31/12/2022,11:30:27,-67.547363,-67.797021,31/12/2022 11:30,31/12/2022 08:30
KB_23_42768_43,Female,Killingbeck,2023,31/12/2022,11:32:26,-67.547352,-67.797146,31/12/2022 11:32,31/12/2022 08:32
KB_23_42768_43,Female,Killingbeck,2023,31/12/2022,11:34:25,-67.547377,-67.797402,31/12/2022 11:34,31/12/2022 08:34
KB_23_42768_43,Female,Killingbeck,2023,31/12/2022,11:36:25,-67.547803,-67.797784,31/12/2022 11:36,31/12/2022 08:36
KB_23_42768_43,Female,Killingbeck,2023,31/12/2022,11:38:24,-67.550232,-67.794316,31/12/2022 11:38,31/12/2022 08:38
KB_23_42768_43,Female,Killingbeck,2023,31/12/2022,11:40:23,-67.550257,-67.794547,31/12/2022 11:40,31/12/2022 08:40
KB_23_42768_43,Female,Killingbeck,2023,31/12/2022,11:42:22,-67.550224,-67.794443,31/12/2022 11:42,31/12/2022 08:42
KB_23_42768_43,Female,Killingbeck,2023,31/12/2022,11:44:21,-67.550229,-67.794442,31/12/2022 11:44,31/12/2022 08:44
KB_23_42768_43,Female,Killingbeck,2023,31/12/2022,11:46:20,-67.550215,-67.794372,31/12/2022 11:46,31/12/2022 08:46
KB_23_42768_43,Female,Killingbeck,2023,31/12/2022,11:48:19,-67.550215,-67.794315,31/12/2022 11:48,31/12/2022 08:48
KB_23_42768_43,Female,Killingbeck,2023,31/12/2022,11:50:18,-67.55022,-67.79424,31/12/2022 11:50,31/12/2022 08:50
KB_23_42768_43,Female,Killingbeck,2023,31/12/2022,11:52:17,-67.549234,-67.799475,31/12/2022 11:52,31/12/2022 08:52
KB_23_42768_43,Female,Killingbeck,2023,31/12/2022,11:55:19,-67.571813,-67.845935,31/12/2022 11:55,31/12/2022 08:55
KB_23_42768_43,Female,Killingbeck,2023,31/12/2022,11:57:19,-67.571638,-67.904371,31/12/2022 11:57,31/12/2022 08:57
KB_23_42768_43,Female,Killingbeck,2023,31/12/2022,11:59:18,-67.567753,-67.960485,31/12/2022 11:59,31/12/2022 08:59
KB_23_42768_43,Female,Killingbeck,2023,31/12/2022,12:01:17,-67.570013,-68.021447,31/12/2022 12:01,31/12/2022 09:01
KB_23_42768_43,Female,Killingbeck,2023,31/12/2022,12:03:17,-67.570563,-68.069698,31/12/2022 12:03,31/12/2022 09:03
KB_23_42768_43,Female,Killingbeck,2023,31/12/2022,12:05:16,-67.570647,-68.069502,31/12/2022 12:05,31/12/2022 09:05
KB_23_42768_43,Female,Killingbeck,2023,31/12/2022,12:07:15,-67.570562,-68.069667,31/12/2022 12:07,31/12/2022 09:07
KB_23_42768_43,Female,Killingbeck,2023,31/12/2022,12:09:21,-67.57039,-68.069779,31/12/2022 12:09,31/12/2022 09:09
KB_23_42768_43,Female,Killingbeck,2023,31/12/2022,12:11:12,-67.570572,-68.069646,31/12/2022 12:11,31/12/2022 09:11
KB_23_42768_43,Female,Killingbeck,2023,31/12/2022,12:13:11,-67.570604,-68.069783,31/12/2022 12:13,31/12/2022 09:13
KB_23_42768_43,Female,Killingbeck,2023,31/12/2022,12:15:11,-67.570626,-68.069718,31/12/2022 12:15,31/12/2022 09:15
KB_23_42768_43,Female,Killingbeck,2023,31/12/2022,12:17:15,-67.570684,-68.070144,31/12/2022 12:17,31/12/2022 09:17
KB_23_42768_43,Female,Killingbeck,2023,31/12/2022,12:19:10,-67.570702,-68.070298,31/12/2022 12:19,31/12/2022 09:19
KB_23_42768_43,Female,Killingbeck,2023,31/12/2022,12:21:09,-67.570623,-68.069668,31/12/2022 12:21,31/12/2022 09:21
KB_23_42768_43,Female,Killingbeck,2023,31/12/2022,12:23:07,-67.570582,-68.069557,31/12/2022 12:23,31/12/2022 09:23
KB_23_42768_43,Female,Killingbeck,2023,31/12/2022,12:24:29,-67.570586,-68.069634,31/12/2022 12:24,31/12/2022 09:24
KB_23_42768_43,Female,Killingbeck,2023,31/12/2022,12:26:28,-67.570585,-68.069355,31/12/2022 12:26,31/12/2022 09:26
KB_23_42768_43,Female,Killingbeck,2023,31/12/2022,12:28:27,-67.570636,-68.069479,31/12/2022 12:28,31/12/2022 09:28
KB_23_42768_43,Female,Killingbeck,2023,31/12/2022,12:30:27,-67.570591,-68.06962,31/12/2022 12:30,31/12/2022 09:30
KB_23_42768_43,Female,Killingbeck,2023,31/12/2022,12:32:26,-67.570657,-68.06971,31/12/2022 12:32,31/12/2022 09:32
KB_23_42768_43,Female,Killingbeck,2023,31/12/2022,12:34:24,-67.570643,-68.069583,31/12/2022 12:34,31/12/2022 09:34
KB_23_42768_43,Female,Killingbeck,2023,31/12/2022,12:36:23,-67.570622,-68.069479,31/12/2022 12:36,31/12/2022 09:36
KB_23_42768_43,Female,Killingbeck,2023,31/12/2022,12:38:22,-67.570658,-68.069642,31/12/2022 12:38,31/12/2022 09:38
KB_23_42768_43,Female,Killingbeck,2023,31/12/2022,12:40:21,-67.570631,-68.069494,31/12/2022 12:40,31/12/2022 09:40
KB_23_42768_43,Female,Killingbeck,2023,31/12/2022,12:42:23,-67.570521,-68.069636,31/12/2022 12:42,31/12/2022 09:42
KB_23_42768_43,Female,Killingbeck,2023,31/12/2022,12:44:22,-67.570617,-68.069521,31/12/2022 12:44,31/12/2022 09:44
KB_23_42768_43,Female,Killingbeck,2023,31/12/2022,12:46:28,-67.570578,-68.069394,31/12/2022 12:46,31/12/2022 09:46
KB_23_42768_43,Female,Killingbeck,2023,31/12/2022,12:48:19,-67.570644,-68.06957,31/12/2022 12:48,31/12/2022 09:48
KB_23_42768_43,Female,Killingbeck,2023,31/12/2022,12:50:17,-67.570683,-68.069496,31/12/2022 12:50,31/12/2022 09:50
KB_23_42768_43,Female,Killingbeck,2023,31/12/2022,12:52:17,-67.570593,-68.069549,31/12/2022 12:52,31/12/2022 09:52
KB_23_42768_43,Female,Killingbeck,2023,31/12/2022,12:54:05,-67.570579,-68.06956,31/12/2022 12:54,31/12/2022 09:54
KB_23_42768_43,Female,Killingbeck,2023,31/12/2022,12:56:04,-67.570586,-68.069456,31/12/2022 12:56,31/12/2022 09:56
KB_23_42768_43,Female,Killingbeck,2023,31/12/2022,12:58:05,-67.570448,-68.069399,31/12/2022 12:58,31/12/2022 09:58
KB_23_42768_43,Female,Killingbeck,2023,31/12/2022,13:00:05,-67.570404,-68.069015,31/12/2022 13:00,31/12/2022 10:00
KB_23_42768_43,Female,Killingbeck,2023,31/12/2022,13:02:01,-67.570543,-68.06936,31/12/2022 13:02,31/12/2022 10:02
KB_23_42768_43,Female,Killingbeck,2023,31/12/2022,13:04:02,-67.57069,-68.069688,31/12/2022 13:04,31/12/2022 10:04
KB_23_42768_43,Female,Killingbeck,2023,31/12/2022,13:05:59,-67.570555,-68.069665,31/12/2022 13:05,31/12/2022 10:05
KB_23_42768_43,Female,Killingbeck,2023,31/12/2022,13:07:57,-67.570685,-68.069655,31/12/2022 13:07,31/12/2022 10:07
KB_23_42768_43,Female,Killingbeck,2023,31/12/2022,13:09:57,-67.570626,-68.069545,31/12/2022 13:09,31/12/2022 10:09
KB_23_42768_43,Female,Killingbeck,2023,31/12/2022,13:11:56,-67.570612,-68.069542,31/12/2022 13:11,31/12/2022 10:11
KB_23_42768_43,Female,Killingbeck,2023,31/12/2022,13:13:54,-67.570543,-68.069339,31/12/2022 13:13,31/12/2022 10:13
KB_23_42768_43,Female,Killingbeck,2023,31/12/2022,13:15:54,-67.570677,-68.069625,31/12/2022 13:15,31/12/2022 10:15
KB_23_42768_43,Female,Killingbeck,2023,31/12/2022,13:17:53,-67.570534,-68.069571,31/12/2022 13:17,31/12/2022 10:17
KB_23_42768_43,Female,Killingbeck,2023,31/12/2022,13:19:56,-67.570395,-68.069159,31/12/2022 13:19,31/12/2022 10:19
KB_23_42768_43,Female,Killingbeck,2023,31/12/2022,13:21:54,-67.570524,-68.069409,31/12/2022 13:21,31/12/2022 10:21
KB_23_42768_43,Female,Killingbeck,2023,31/12/2022,13:23:40,-67.570618,-68.069562,31/12/2022 13:23,31/12/2022 10:23
KB_23_42768_43,Female,Killingbeck,2023,31/12/2022,13:25:38,-67.570656,-68.06957,31/12/2022 13:25,31/12/2022 10:25
KB_23_42768_43,Female,Killingbeck,2023,31/12/2022,13:27:45,-67.570766,-68.069507,31/12/2022 13:27,31/12/2022 10:27
KB_23_42768_43,Female,Killingbeck,2023,31/12/2022,13:29:40,-67.570693,-68.069373,31/12/2022 13:29,31/12/2022 10:29
KB_23_42768_43,Female,Killingbeck,2023,31/12/2022,13:31:39,-67.570714,-68.0694,31/12/2022 13:31,31/12/2022 10:31
KB_23_42768_43,Female,Killingbeck,2023,31/12/2022,13:33:36,-67.570817,-68.069543,31/12/2022 13:33,31/12/2022 10:33
KB_23_42768_43,Female,Killingbeck,2023,31/12/2022,13:35:37,-67.570679,-68.069476,31/12/2022 13:35,31/12/2022 10:35
KB_23_42768_43,Female,Killingbeck,2023,31/12/2022,13:37:34,-67.570757,-68.069522,31/12/2022 13:37,31/12/2022 10:37
KB_23_42768_43,Female,Killingbeck,2023,31/12/2022,13:39:35,-67.570809,-68.069446,31/12/2022 13:39,31/12/2022 10:39
KB_23_42768_43,Female,Killingbeck,2023,31/12/2022,13:41:39,-67.571145,-68.069343,31/12/2022 13:41,31/12/2022 10:41
KB_23_42768_43,Female,Killingbeck,2023,31/12/2022,13:43:32,-67.570899,-68.069533,31/12/2022 13:43,31/12/2022 10:43
KB_23_42768_43,Female,Killingbeck,2023,31/12/2022,13:45:33,-67.57085,-68.069671,31/12/2022 13:45,31/12/2022 10:45
KB_23_42768_43,Female,Killingbeck,2023,31/12/2022,13:47:33,-67.570881,-68.069498,31/12/2022 13:47,31/12/2022 10:47
KB_23_42768_43,Female,Killingbeck,2023,31/12/2022,13:49:31,-67.570713,-68.069432,31/12/2022 13:49,31/12/2022 10:49
KB_23_42768_43,Female,Killingbeck,2023,31/12/2022,13:51:31,-67.570757,-68.069506,31/12/2022 13:51,31/12/2022 10:51
KB_23_42768_43,Female,Killingbeck,2023,31/12/2022,13:53:17,-67.570579,-68.069431,31/12/2022 13:53,31/12/2022 10:53
KB_23_42768_43,Female,Killingbeck,2023,31/12/2022,13:55:18,-67.570805,-68.069586,31/12/2022 13:55,31/12/2022 10:55
KB_23_42768_43,Female,Killingbeck,2023,31/12/2022,13:57:15,-67.570686,-68.069475,31/12/2022 13:57,31/12/2022 10:57
KB_23_42768_43,Female,Killingbeck,2023,31/12/2022,13:59:14,-67.570719,-68.069558,31/12/2022 13:59,31/12/2022 10:59
KB_23_42768_43,Female,Killingbeck,2023,31/12/2022,14:01:12,-67.570777,-68.069408,31/12/2022 14:01,31/12/2022 11:01
KB_23_42768_43,Female,Killingbeck,2023,31/12/2022,14:03:14,-67.570524,-68.0693,31/12/2022 14:03,31/12/2022 11:03
KB_23_42768_43,Female,Killingbeck,2023,31/12/2022,14:05:11,-67.570785,-68.069462,31/12/2022 14:05,31/12/2022 11:05
KB_23_42768_43,Female,Killingbeck,2023,31/12/2022,14:07:10,-67.570642,-68.069527,31/12/2022 14:07,31/12/2022 11:07
KB_23_42768_43,Female,Killingbeck,2023,31/12/2022,14:09:09,-67.570593,-68.069606,31/12/2022 14:09,31/12/2022 11:09
KB_23_42768_43,Female,Killingbeck,2023,31/12/2022,14:11:07,-67.57069,-68.069595,31/12/2022 14:11,31/12/2022 11:11
KB_23_42768_43,Female,Killingbeck,2023,31/12/2022,14:13:06,-67.570716,-68.069583,31/12/2022 14:13,31/12/2022 11:13
KB_23_42768_43,Female,Killingbeck,2023,31/12/2022,14:15:05,-67.570708,-68.069684,31/12/2022 14:15,31/12/2022 11:15
KB_23_42768_43,Female,Killingbeck,2023,31/12/2022,14:17:05,-67.570714,-68.069452,31/12/2022 14:17,31/12/2022 11:17
KB_23_42768_43,Female,Killingbeck,2023,31/12/2022,14:19:04,-67.570737,-68.069723,31/12/2022 14:19,31/12/2022 11:19
KB_23_42768_43,Female,Killingbeck,2023,31/12/2022,14:21:03,-67.570731,-68.069608,31/12/2022 14:21,31/12/2022 11:21
KB_23_42768_43,Female,Killingbeck,2023,31/12/2022,14:22:59,-67.570696,-68.069781,31/12/2022 14:22,31/12/2022 11:22
KB_23_42768_43,Female,Killingbeck,2023,31/12/2022,14:24:58,-67.570796,-68.069799,31/12/2022 14:24,31/12/2022 11:24
KB_23_42768_43,Female,Killingbeck,2023,31/12/2022,14:27:06,-67.570591,-68.069337,31/12/2022 14:27,31/12/2022 11:27
KB_23_42768_43,Female,Killingbeck,2023,31/12/2022,14:28:58,-67.570702,-68.069848,31/12/2022 14:28,31/12/2022 11:28
KB_23_42768_43,Female,Killingbeck,2023,31/12/2022,14:30:57,-67.570715,-68.069697,31/12/2022 14:30,31/12/2022 11:30
KB_23_42768_43,Female,Killingbeck,2023,31/12/2022,14:32:58,-67.570651,-68.069639,31/12/2022 14:32,31/12/2022 11:32
KB_23_42768_43,Female,Killingbeck,2023,31/12/2022,14:34:55,-67.570683,-68.069574,31/12/2022 14:34,31/12/2022 11:34
KB_23_42768_43,Female,Killingbeck,2023,31/12/2022,14:36:57,-67.570538,-68.069698,31/12/2022 14:36,31/12/2022 11:36
KB_23_42768_43,Female,Killingbeck,2023,31/12/2022,14:38:53,-67.570631,-68.069772,31/12/2022 14:38,31/12/2022 11:38
KB_23_42768_43,Female,Killingbeck,2023,31/12/2022,14:40:51,-67.570694,-68.069546,31/12/2022 14:40,31/12/2022 11:40
KB_23_42768_43,Female,Killingbeck,2023,31/12/2022,14:42:51,-67.570702,-68.069724,31/12/2022 14:42,31/12/2022 11:42
KB_23_42768_43,Female,Killingbeck,2023,31/12/2022,14:44:49,-67.570694,-68.069721,31/12/2022 14:44,31/12/2022 11:44
KB_23_42768_43,Female,Killingbeck,2023,31/12/2022,14:46:50,-67.570711,-68.069612,31/12/2022 14:46,31/12/2022 11:46
KB_23_42768_43,Female,Killingbeck,2023,31/12/2022,14:48:49,-67.570701,-68.069588,31/12/2022 14:48,31/12/2022 11:48
KB_23_42768_43,Female,Killingbeck,2023,31/12/2022,14:50:47,-67.570746,-68.069556,31/12/2022 14:50,31/12/2022 11:50
KB_23_42768_43,Female,Killingbeck,2023,31/12/2022,14:52:46,-67.570672,-68.069839,31/12/2022 14:52,31/12/2022 11:52
KB_23_42768_43,Female,Killingbeck,2023,31/12/2022,14:54:45,-67.570694,-68.069548,31/12/2022 14:54,31/12/2022 11:54
KB_23_42768_43,Female,Killingbeck,2023,31/12/2022,14:56:44,-67.570666,-68.0695,31/12/2022 14:56,31/12/2022 11:56
KB_23_42768_43,Female,Killingbeck,2023,31/12/2022,14:58:43,-67.57077,-68.069685,31/12/2022 14:58,31/12/2022 11:58
KB_23_42768_43,Female,Killingbeck,2023,31/12/2022,15:00:42,-67.570727,-68.069777,31/12/2022 15:00,31/12/2022 12:00
KB_23_42768_43,Female,Killingbeck,2023,31/12/2022,15:02:41,-67.570732,-68.069438,31/12/2022 15:02,31/12/2022 12:02
KB_23_42768_43,Female,Killingbeck,2023,31/12/2022,15:04:40,-67.570741,-68.06961,31/12/2022 15:04,31/12/2022 12:04
KB_23_42768_43,Female,Killingbeck,2023,31/12/2022,15:06:39,-67.570709,-68.069506,31/12/2022 15:06,31/12/2022 12:06
KB_23_42768_43,Female,Killingbeck,2023,31/12/2022,15:08:38,-67.570685,-68.069734,31/12/2022 15:08,31/12/2022 12:08
KB_23_42768_43,Female,Killingbeck,2023,31/12/2022,15:10:37,-67.570701,-68.069733,31/12/2022 15:10,31/12/2022 12:10
KB_23_42768_43,Female,Killingbeck,2023,31/12/2022,15:12:36,-67.57074,-68.069842,31/12/2022 15:12,31/12/2022 12:12
KB_23_42768_43,Female,Killingbeck,2023,31/12/2022,15:14:36,-67.570737,-68.069795,31/12/2022 15:14,31/12/2022 12:14
KB_23_42768_43,Female,Killingbeck,2023,31/12/2022,15:16:35,-67.570735,-68.069733,31/12/2022 15:16,31/12/2022 12:16
KB_23_42768_43,Female,Killingbeck,2023,31/12/2022,15:18:34,-67.570797,-68.069724,31/12/2022 15:18,31/12/2022 12:18
KB_23_42768_43,Female,Killingbeck,2023,31/12/2022,15:20:34,-67.570706,-68.069861,31/12/2022 15:20,31/12/2022 12:20
KB_23_42768_43,Female,Killingbeck,2023,31/12/2022,15:22:32,-67.570765,-68.069818,31/12/2022 15:22,31/12/2022 12:22
KB_23_42768_43,Female,Killingbeck,2023,31/12/2022,15:24:31,-67.570773,-68.069857,31/12/2022 15:24,31/12/2022 12:24
KB_23_42768_43,Female,Killingbeck,2023,31/12/2022,15:26:30,-67.570797,-68.069934,31/12/2022 15:26,31/12/2022 12:26
KB_23_42768_43,Female,Killingbeck,2023,31/12/2022,15:28:29,-67.570761,-68.069806,31/12/2022 15:28,31/12/2022 12:28
KB_23_42768_43,Female,Killingbeck,2023,31/12/2022,15:30:28,-67.570687,-68.069724,31/12/2022 15:30,31/12/2022 12:30
KB_23_42768_43,Female,Killingbeck,2023,31/12/2022,15:32:27,-67.570694,-68.069598,31/12/2022 15:32,31/12/2022 12:32
KB_23_42768_43,Female,Killingbeck,2023,31/12/2022,15:34:26,-67.570732,-68.069875,31/12/2022 15:34,31/12/2022 12:34
KB_23_42768_43,Female,Killingbeck,2023,31/12/2022,15:36:25,-67.570713,-68.06996,31/12/2022 15:36,31/12/2022 12:36
KB_23_42768_43,Female,Killingbeck,2023,31/12/2022,15:38:24,-67.570772,-68.069909,31/12/2022 15:38,31/12/2022 12:38
KB_23_42768_43,Female,Killingbeck,2023,31/12/2022,15:40:23,-67.570729,-68.069628,31/12/2022 15:40,31/12/2022 12:40
KB_23_42768_43,Female,Killingbeck,2023,31/12/2022,15:42:22,-67.570681,-68.069784,31/12/2022 15:42,31/12/2022 12:42
KB_23_42768_43,Female,Killingbeck,2023,31/12/2022,15:44:25,-67.57076,-68.069404,31/12/2022 15:44,31/12/2022 12:44
KB_23_42768_43,Female,Killingbeck,2023,31/12/2022,15:46:21,-67.570792,-68.069638,31/12/2022 15:46,31/12/2022 12:46
KB_23_42768_43,Female,Killingbeck,2023,31/12/2022,15:48:20,-67.570844,-68.069952,31/12/2022 15:48,31/12/2022 12:48
KB_23_42768_43,Female,Killingbeck,2023,31/12/2022,15:50:20,-67.570795,-68.069383,31/12/2022 15:50,31/12/2022 12:50
KB_23_42768_43,Female,Killingbeck,2023,31/12/2022,15:52:18,-67.570743,-68.069905,31/12/2022 15:52,31/12/2022 12:52
KB_23_42768_43,Female,Killingbeck,2023,31/12/2022,15:54:17,-67.570731,-68.069774,31/12/2022 15:54,31/12/2022 12:54
KB_23_42768_43,Female,Killingbeck,2023,31/12/2022,15:56:16,-67.570675,-68.069625,31/12/2022 15:56,31/12/2022 12:56
KB_23_42768_43,Female,Killingbeck,2023,31/12/2022,15:58:15,-67.570693,-68.069618,31/12/2022 15:58,31/12/2022 12:58
KB_23_42768_43,Female,Killingbeck,2023,31/12/2022,16:00:14,-67.570744,-68.06977,31/12/2022 16:00,31/12/2022 13:00
KB_23_42768_43,Female,Killingbeck,2023,31/12/2022,16:02:13,-67.570648,-68.069474,31/12/2022 16:02,31/12/2022 13:02
KB_23_42768_43,Female,Killingbeck,2023,31/12/2022,16:04:12,-67.570716,-68.069567,31/12/2022 16:04,31/12/2022 13:04
KB_23_42768_43,Female,Killingbeck,2023,31/12/2022,16:06:11,-67.570747,-68.069685,31/12/2022 16:06,31/12/2022 13:06
KB_23_42768_43,Female,Killingbeck,2023,31/12/2022,16:08:10,-67.570707,-68.069721,31/12/2022 16:08,31/12/2022 13:08
KB_23_42768_43,Female,Killingbeck,2023,31/12/2022,16:10:10,-67.570671,-68.069623,31/12/2022 16:10,31/12/2022 13:10
KB_23_42768_43,Female,Killingbeck,2023,31/12/2022,16:12:08,-67.570657,-68.069627,31/12/2022 16:12,31/12/2022 13:12
KB_23_42768_43,Female,Killingbeck,2023,31/12/2022,16:14:08,-67.570714,-68.06972,31/12/2022 16:14,31/12/2022 13:14
KB_23_42768_43,Female,Killingbeck,2023,31/12/2022,16:16:07,-67.570703,-68.069654,31/12/2022 16:16,31/12/2022 13:16
KB_23_42768_43,Female,Killingbeck,2023,31/12/2022,16:18:06,-67.570737,-68.069552,31/12/2022 16:18,31/12/2022 13:18
KB_23_42768_43,Female,Killingbeck,2023,31/12/2022,16:20:06,-67.570776,-68.069491,31/12/2022 16:20,31/12/2022 13:20
KB_23_42768_43,Female,Killingbeck,2023,31/12/2022,16:22:04,-67.570668,-68.069599,31/12/2022 16:22,31/12/2022 13:22
KB_23_42768_43,Female,Killingbeck,2023,31/12/2022,16:24:06,-67.57075,-68.069427,31/12/2022 16:24,31/12/2022 13:24
KB_23_42768_43,Female,Killingbeck,2023,31/12/2022,16:26:02,-67.570705,-68.069515,31/12/2022 16:26,31/12/2022 13:26
KB_23_42768_43,Female,Killingbeck,2023,31/12/2022,16:28:04,-67.57075,-68.069528,31/12/2022 16:28,31/12/2022 13:28
KB_23_42768_43,Female,Killingbeck,2023,31/12/2022,16:30:01,-67.570694,-68.069791,31/12/2022 16:30,31/12/2022 13:30
KB_23_42768_43,Female,Killingbeck,2023,31/12/2022,16:32:10,-67.57075,-68.069432,31/12/2022 16:32,31/12/2022 13:32
KB_23_42768_43,Female,Killingbeck,2023,31/12/2022,16:34:08,-67.570757,-68.069605,31/12/2022 16:34,31/12/2022 13:34
KB_23_42768_43,Female,Killingbeck,2023,31/12/2022,16:36:08,-67.570735,-68.069508,31/12/2022 16:36,31/12/2022 13:36
KB_23_42768_43,Female,Killingbeck,2023,31/12/2022,16:38:12,-67.570826,-68.069341,31/12/2022 16:38,31/12/2022 13:38
KB_23_42768_43,Female,Killingbeck,2023,31/12/2022,16:40:02,-67.570804,-68.069594,31/12/2022 16:40,31/12/2022 13:40
KB_23_42768_43,Female,Killingbeck,2023,31/12/2022,16:41:59,-67.570745,-68.069596,31/12/2022 16:41,31/12/2022 13:41
KB_23_42768_43,Female,Killingbeck,2023,31/12/2022,16:43:58,-67.570722,-68.0697,31/12/2022 16:43,31/12/2022 13:43
KB_23_42768_43,Female,Killingbeck,2023,31/12/2022,16:45:56,-67.570787,-68.069799,31/12/2022 16:45,31/12/2022 13:45
KB_23_42768_43,Female,Killingbeck,2023,31/12/2022,16:48:06,-67.570715,-68.06972,31/12/2022 16:48,31/12/2022 13:48
KB_23_42768_43,Female,Killingbeck,2023,31/12/2022,16:49:59,-67.570777,-68.069578,31/12/2022 16:49,31/12/2022 13:49
KB_23_42768_43,Female,Killingbeck,2023,31/12/2022,16:51:58,-67.570764,-68.069957,31/12/2022 16:51,31/12/2022 13:51
KB_23_42768_43,Female,Killingbeck,2023,31/12/2022,16:53:57,-67.570737,-68.069895,31/12/2022 16:53,31/12/2022 13:53
KB_23_42768_43,Female,Killingbeck,2023,31/12/2022,16:55:54,-67.570632,-68.069529,31/12/2022 16:55,31/12/2022 13:55
KB_23_42768_43,Female,Killingbeck,2023,31/12/2022,16:57:53,-67.570763,-68.069634,31/12/2022 16:57,31/12/2022 13:57
KB_23_42768_43,Female,Killingbeck,2023,31/12/2022,16:59:51,-67.570761,-68.069627,31/12/2022 16:59,31/12/2022 13:59
KB_23_42768_43,Female,Killingbeck,2023,31/12/2022,17:01:50,-67.570728,-68.069645,31/12/2022 17:01,31/12/2022 14:01
KB_23_42768_43,Female,Killingbeck,2023,31/12/2022,17:03:50,-67.570709,-68.07003,31/12/2022 17:03,31/12/2022 14:03
KB_23_42768_43,Female,Killingbeck,2023,31/12/2022,17:05:49,-67.570699,-68.069571,31/12/2022 17:05,31/12/2022 14:05
KB_23_42768_43,Female,Killingbeck,2023,31/12/2022,17:07:47,-67.570701,-68.069743,31/12/2022 17:07,31/12/2022 14:07
KB_23_42768_43,Female,Killingbeck,2023,31/12/2022,17:09:47,-67.570754,-68.069731,31/12/2022 17:09,31/12/2022 14:09
KB_23_42768_43,Female,Killingbeck,2023,31/12/2022,17:11:45,-67.570711,-68.06965,31/12/2022 17:11,31/12/2022 14:11
KB_23_42768_43,Female,Killingbeck,2023,31/12/2022,17:13:45,-67.570782,-68.069624,31/12/2022 17:13,31/12/2022 14:13
KB_23_42768_43,Female,Killingbeck,2023,31/12/2022,17:15:45,-67.570733,-68.069793,31/12/2022 17:15,31/12/2022 14:15
KB_23_42768_43,Female,Killingbeck,2023,31/12/2022,17:17:43,-67.570634,-68.06967,31/12/2022 17:17,31/12/2022 14:17
KB_23_42768_43,Female,Killingbeck,2023,31/12/2022,17:19:42,-67.570679,-68.069864,31/12/2022 17:19,31/12/2022 14:19
KB_23_42768_43,Female,Killingbeck,2023,31/12/2022,17:21:42,-67.570683,-68.069804,31/12/2022 17:21,31/12/2022 14:21
KB_23_42768_43,Female,Killingbeck,2023,31/12/2022,17:23:40,-67.570687,-68.069601,31/12/2022 17:23,31/12/2022 14:23
KB_23_42768_43,Female,Killingbeck,2023,31/12/2022,17:25:39,-67.570724,-68.069879,31/12/2022 17:25,31/12/2022 14:25
KB_23_42768_43,Female,Killingbeck,2023,31/12/2022,17:27:38,-67.570752,-68.069831,31/12/2022 17:27,31/12/2022 14:27
KB_23_42768_43,Female,Killingbeck,2023,31/12/2022,17:29:37,-67.570731,-68.069889,31/12/2022 17:29,31/12/2022 14:29
KB_23_42768_43,Female,Killingbeck,2023,31/12/2022,17:31:36,-67.570697,-68.070048,31/12/2022 17:31,31/12/2022 14:31
KB_23_42768_43,Female,Killingbeck,2023,31/12/2022,17:33:35,-67.570716,-68.069815,31/12/2022 17:33,31/12/2022 14:33
KB_23_42768_43,Female,Killingbeck,2023,31/12/2022,17:35:34,-67.570666,-68.069852,31/12/2022 17:35,31/12/2022 14:35
KB_23_42768_43,Female,Killingbeck,2023,31/12/2022,17:37:33,-67.570718,-68.069904,31/12/2022 17:37,31/12/2022 14:37
KB_23_42768_43,Female,Killingbeck,2023,31/12/2022,17:39:32,-67.570758,-68.069735,31/12/2022 17:39,31/12/2022 14:39
KB_23_42768_43,Female,Killingbeck,2023,31/12/2022,17:41:31,-67.570703,-68.069889,31/12/2022 17:41,31/12/2022 14:41
KB_23_42768_43,Female,Killingbeck,2023,31/12/2022,17:43:32,-67.570752,-68.069851,31/12/2022 17:43,31/12/2022 14:43
KB_23_42768_43,Female,Killingbeck,2023,31/12/2022,17:45:30,-67.570718,-68.069799,31/12/2022 17:45,31/12/2022 14:45
KB_23_42768_43,Female,Killingbeck,2023,31/12/2022,17:47:29,-67.570701,-68.069846,31/12/2022 17:47,31/12/2022 14:47
KB_23_42768_43,Female,Killingbeck,2023,31/12/2022,17:49:28,-67.570729,-68.069945,31/12/2022 17:49,31/12/2022 14:49
KB_23_42768_43,Female,Killingbeck,2023,31/12/2022,17:51:29,-67.570709,-68.069644,31/12/2022 17:51,31/12/2022 14:51
KB_23_42768_43,Female,Killingbeck,2023,31/12/2022,17:53:29,-67.570691,-68.070027,31/12/2022 17:53,31/12/2022 14:53
KB_23_42768_43,Female,Killingbeck,2023,31/12/2022,17:55:25,-67.570676,-68.069823,31/12/2022 17:55,31/12/2022 14:55
KB_23_42768_43,Female,Killingbeck,2023,31/12/2022,17:57:24,-67.570694,-68.070008,31/12/2022 17:57,31/12/2022 14:57
KB_23_42768_43,Female,Killingbeck,2023,31/12/2022,17:59:26,-67.570727,-68.069288,31/12/2022 17:59,31/12/2022 14:59
KB_23_42768_43,Female,Killingbeck,2023,31/12/2022,18:01:22,-67.57068,-68.069812,31/12/2022 18:01,31/12/2022 15:01
KB_23_42768_43,Female,Killingbeck,2023,31/12/2022,18:03:22,-67.57067,-68.069738,31/12/2022 18:03,31/12/2022 15:03
KB_23_42768_43,Female,Killingbeck,2023,31/12/2022,18:05:21,-67.570673,-68.069788,31/12/2022 18:05,31/12/2022 15:05
KB_23_42768_43,Female,Killingbeck,2023,31/12/2022,18:07:20,-67.57066,-68.069789,31/12/2022 18:07,31/12/2022 15:07
KB_23_42768_43,Female,Killingbeck,2023,31/12/2022,18:09:19,-67.570611,-68.069512,31/12/2022 18:09,31/12/2022 15:09
KB_23_42768_43,Female,Killingbeck,2023,31/12/2022,18:11:17,-67.5706,-68.069445,31/12/2022 18:11,31/12/2022 15:11
KB_23_42768_43,Female,Killingbeck,2023,31/12/2022,18:13:16,-67.570656,-68.069589,31/12/2022 18:13,31/12/2022 15:13
KB_23_42768_43,Female,Killingbeck,2023,31/12/2022,18:15:17,-67.570655,-68.069596,31/12/2022 18:15,31/12/2022 15:15
KB_23_42768_43,Female,Killingbeck,2023,31/12/2022,18:17:15,-67.57066,-68.0696,31/12/2022 18:17,31/12/2022 15:17
KB_23_42768_43,Female,Killingbeck,2023,31/12/2022,18:19:14,-67.570666,-68.069577,31/12/2022 18:19,31/12/2022 15:19
KB_23_42768_43,Female,Killingbeck,2023,31/12/2022,18:21:13,-67.570687,-68.069549,31/12/2022 18:21,31/12/2022 15:21
KB_23_42768_43,Female,Killingbeck,2023,31/12/2022,18:23:12,-67.570644,-68.06965,31/12/2022 18:23,31/12/2022 15:23
KB_23_42768_43,Female,Killingbeck,2023,31/12/2022,18:25:12,-67.570603,-68.069394,31/12/2022 18:25,31/12/2022 15:25
KB_23_42768_43,Female,Killingbeck,2023,31/12/2022,18:27:10,-67.570652,-68.069657,31/12/2022 18:27,31/12/2022 15:27
KB_23_42768_43,Female,Killingbeck,2023,31/12/2022,18:29:09,-67.570675,-68.069747,31/12/2022 18:29,31/12/2022 15:29
KB_23_42768_43,Female,Killingbeck,2023,31/12/2022,18:31:08,-67.570632,-68.069514,31/12/2022 18:31,31/12/2022 15:31
KB_23_42768_43,Female,Killingbeck,2023,31/12/2022,18:33:07,-67.570658,-68.069572,31/12/2022 18:33,31/12/2022 15:33
KB_23_42768_43,Female,Killingbeck,2023,31/12/2022,18:35:06,-67.570682,-68.069546,31/12/2022 18:35,31/12/2022 15:35
KB_23_42768_43,Female,Killingbeck,2023,31/12/2022,18:37:05,-67.57067,-68.069399,31/12/2022 18:37,31/12/2022 15:37
KB_23_42768_43,Female,Killingbeck,2023,31/12/2022,18:39:04,-67.57065,-68.069797,31/12/2022 18:39,31/12/2022 15:39
KB_23_42768_43,Female,Killingbeck,2023,31/12/2022,18:41:03,-67.570736,-68.069958,31/12/2022 18:41,31/12/2022 15:41
KB_23_42768_43,Female,Killingbeck,2023,31/12/2022,18:43:03,-67.570672,-68.069523,31/12/2022 18:43,31/12/2022 15:43
KB_23_42768_43,Female,Killingbeck,2023,31/12/2022,18:45:02,-67.570672,-68.069515,31/12/2022 18:45,31/12/2022 15:45
KB_23_42768_43,Female,Killingbeck,2023,31/12/2022,18:47:01,-67.570644,-68.069463,31/12/2022 18:47,31/12/2022 15:47
KB_23_42768_43,Female,Killingbeck,2023,31/12/2022,18:49:00,-67.570647,-68.069494,31/12/2022 18:49,31/12/2022 15:49
KB_23_42768_43,Female,Killingbeck,2023,31/12/2022,18:50:59,-67.570689,-68.069847,31/12/2022 18:50,31/12/2022 15:50
KB_23_42768_43,Female,Killingbeck,2023,31/12/2022,18:53:01,-67.570664,-68.06968,31/12/2022 18:53,31/12/2022 15:53
KB_23_42768_43,Female,Killingbeck,2023,31/12/2022,18:55:00,-67.570653,-68.069576,31/12/2022 18:55,31/12/2022 15:55
KB_23_42768_43,Female,Killingbeck,2023,31/12/2022,18:56:56,-67.570656,-68.069674,31/12/2022 18:56,31/12/2022 15:56
KB_23_42768_43,Female,Killingbeck,2023,31/12/2022,18:58:55,-67.570683,-68.069613,31/12/2022 18:58,31/12/2022 15:58
KB_23_42768_43,Female,Killingbeck,2023,31/12/2022,19:00:55,-67.570728,-68.069819,31/12/2022 19:00,31/12/2022 16:00
KB_23_42768_43,Female,Killingbeck,2023,31/12/2022,19:02:53,-67.57065,-68.069621,31/12/2022 19:02,31/12/2022 16:02
KB_23_42768_43,Female,Killingbeck,2023,31/12/2022,19:04:52,-67.570673,-68.069734,31/12/2022 19:04,31/12/2022 16:04
KB_23_42768_43,Female,Killingbeck,2023,31/12/2022,19:06:51,-67.570646,-68.069655,31/12/2022 19:06,31/12/2022 16:06
KB_23_42768_43,Female,Killingbeck,2023,31/12/2022,19:08:52,-67.570564,-68.069555,31/12/2022 19:08,31/12/2022 16:08
KB_23_42768_43,Female,Killingbeck,2023,31/12/2022,19:10:50,-67.570565,-68.069482,31/12/2022 19:10,31/12/2022 16:10
KB_23_42768_43,Female,Killingbeck,2023,31/12/2022,19:12:49,-67.570533,-68.069456,31/12/2022 19:12,31/12/2022 16:12
KB_23_42768_43,Female,Killingbeck,2023,31/12/2022,19:14:50,-67.570598,-68.069507,31/12/2022 19:14,31/12/2022 16:14
KB_23_42768_43,Female,Killingbeck,2023,31/12/2022,19:16:48,-67.570497,-68.069451,31/12/2022 19:16,31/12/2022 16:16
KB_23_42768_43,Female,Killingbeck,2023,31/12/2022,19:18:47,-67.570569,-68.069632,31/12/2022 19:18,31/12/2022 16:18
KB_23_42768_43,Female,Killingbeck,2023,31/12/2022,19:21:09,-67.570532,-68.069522,31/12/2022 19:21,31/12/2022 16:21
KB_23_42768_43,Female,Killingbeck,2023,31/12/2022,19:23:06,-67.570549,-68.069591,31/12/2022 19:23,31/12/2022 16:23
KB_23_42768_43,Female,Killingbeck,2023,31/12/2022,19:25:06,-67.570541,-68.06938,31/12/2022 19:25,31/12/2022 16:25
KB_23_42768_43,Female,Killingbeck,2023,31/12/2022,19:27:04,-67.570463,-68.069336,31/12/2022 19:27,31/12/2022 16:27
KB_23_42768_43,Female,Killingbeck,2023,31/12/2022,19:29:03,-67.570532,-68.069629,31/12/2022 19:29,31/12/2022 16:29
KB_23_42768_43,Female,Killingbeck,2023,31/12/2022,19:31:02,-67.57058,-68.069355,31/12/2022 19:31,31/12/2022 16:31
KB_23_42768_43,Female,Killingbeck,2023,31/12/2022,19:33:04,-67.570555,-68.069636,31/12/2022 19:33,31/12/2022 16:33
KB_23_42768_43,Female,Killingbeck,2023,31/12/2022,19:35:01,-67.570545,-68.069464,31/12/2022 19:35,31/12/2022 16:35
KB_23_42768_43,Female,Killingbeck,2023,31/12/2022,19:37:00,-67.570509,-68.069604,31/12/2022 19:37,31/12/2022 16:37
KB_23_42768_43,Female,Killingbeck,2023,31/12/2022,19:38:59,-67.570578,-68.069489,31/12/2022 19:38,31/12/2022 16:38
KB_23_42768_43,Female,Killingbeck,2023,31/12/2022,19:41:06,-67.570707,-68.069361,31/12/2022 19:41,31/12/2022 16:41
KB_23_42768_43,Female,Killingbeck,2023,31/12/2022,19:42:57,-67.570621,-68.069511,31/12/2022 19:42,31/12/2022 16:42
KB_23_42768_43,Female,Killingbeck,2023,31/12/2022,19:44:56,-67.570592,-68.069607,31/12/2022 19:44,31/12/2022 16:44
KB_23_42768_43,Female,Killingbeck,2023,31/12/2022,19:46:56,-67.570645,-68.069727,31/12/2022 19:46,31/12/2022 16:46
KB_23_42768_43,Female,Killingbeck,2023,31/12/2022,19:48:57,-67.570871,-68.069571,31/12/2022 19:48,31/12/2022 16:48
KB_23_42768_43,Female,Killingbeck,2023,31/12/2022,19:50:53,-67.570578,-68.069491,31/12/2022 19:50,31/12/2022 16:50
KB_23_42768_43,Female,Killingbeck,2023,31/12/2022,19:52:52,-67.570542,-68.069433,31/12/2022 19:52,31/12/2022 16:52
KB_23_42768_43,Female,Killingbeck,2023,31/12/2022,19:54:52,-67.570572,-68.069432,31/12/2022 19:54,31/12/2022 16:54
KB_23_42768_43,Female,Killingbeck,2023,31/12/2022,19:56:53,-67.570721,-68.06989,31/12/2022 19:56,31/12/2022 16:56
KB_23_42768_43,Female,Killingbeck,2023,31/12/2022,19:58:50,-67.570576,-68.069565,31/12/2022 19:58,31/12/2022 16:58
KB_23_42768_43,Female,Killingbeck,2023,31/12/2022,20:00:51,-67.570594,-68.069326,31/12/2022 20:00,31/12/2022 17:00
KB_23_42768_43,Female,Killingbeck,2023,31/12/2022,20:02:48,-67.570595,-68.069513,31/12/2022 20:02,31/12/2022 17:02
KB_23_42768_43,Female,Killingbeck,2023,31/12/2022,20:04:58,-67.570586,-68.069306,31/12/2022 20:04,31/12/2022 17:04
KB_23_42768_43,Female,Killingbeck,2023,31/12/2022,20:07:01,-67.57059,-68.069335,31/12/2022 20:07,31/12/2022 17:07
KB_23_42768_43,Female,Killingbeck,2023,31/12/2022,20:08:55,-67.571837,-68.070005,31/12/2022 20:08,31/12/2022 17:08
KB_23_42768_43,Female,Killingbeck,2023,31/12/2022,20:10:58,-67.570565,-68.06946,31/12/2022 20:10,31/12/2022 17:10
KB_23_42768_43,Female,Killingbeck,2023,31/12/2022,20:12:49,-67.570737,-68.069479,31/12/2022 20:12,31/12/2022 17:12
KB_23_42768_43,Female,Killingbeck,2023,31/12/2022,20:14:54,-67.570746,-68.069376,31/12/2022 20:14,31/12/2022 17:14
KB_23_42768_43,Female,Killingbeck,2023,31/12/2022,20:16:48,-67.570722,-68.069477,31/12/2022 20:16,31/12/2022 17:16
KB_23_42768_43,Female,Killingbeck,2023,31/12/2022,20:18:47,-67.570682,-68.069637,31/12/2022 20:18,31/12/2022 17:18
KB_23_42768_43,Female,Killingbeck,2023,31/12/2022,20:20:46,-67.570946,-68.06952,31/12/2022 20:20,31/12/2022 17:20
KB_23_42768_43,Female,Killingbeck,2023,31/12/2022,20:22:45,-67.570869,-68.069534,31/12/2022 20:22,31/12/2022 17:22
KB_23_42768_43,Female,Killingbeck,2023,31/12/2022,20:24:44,-67.570631,-68.069643,31/12/2022 20:24,31/12/2022 17:24
KB_23_42768_43,Female,Killingbeck,2023,31/12/2022,20:26:42,-67.570645,-68.06955,31/12/2022 20:26,31/12/2022 17:26
KB_23_42768_43,Female,Killingbeck,2023,31/12/2022,20:28:41,-67.570682,-68.069586,31/12/2022 20:28,31/12/2022 17:28
KB_23_42768_43,Female,Killingbeck,2023,31/12/2022,20:30:40,-67.570674,-68.069575,31/12/2022 20:30,31/12/2022 17:30
KB_23_42768_43,Female,Killingbeck,2023,31/12/2022,20:32:38,-67.57066,-68.069582,31/12/2022 20:32,31/12/2022 17:32
KB_23_42768_43,Female,Killingbeck,2023,31/12/2022,20:34:38,-67.570663,-68.069511,31/12/2022 20:34,31/12/2022 17:34
KB_23_42768_43,Female,Killingbeck,2023,31/12/2022,20:36:36,-67.570667,-68.069574,31/12/2022 20:36,31/12/2022 17:36
KB_23_42768_43,Female,Killingbeck,2023,31/12/2022,20:38:36,-67.570671,-68.069426,31/12/2022 20:38,31/12/2022 17:38
KB_23_42768_43,Female,Killingbeck,2023,31/12/2022,20:40:37,-67.570913,-68.069083,31/12/2022 20:40,31/12/2022 17:40
KB_23_42768_43,Female,Killingbeck,2023,31/12/2022,20:42:36,-67.570929,-68.069139,31/12/2022 20:42,31/12/2022 17:42
KB_23_42768_43,Female,Killingbeck,2023,31/12/2022,20:44:32,-67.570661,-68.069488,31/12/2022 20:44,31/12/2022 17:44
KB_23_42768_43,Female,Killingbeck,2023,31/12/2022,20:46:32,-67.570695,-68.069439,31/12/2022 20:46,31/12/2022 17:46
KB_23_42768_43,Female,Killingbeck,2023,31/12/2022,20:48:31,-67.570613,-68.069612,31/12/2022 20:48,31/12/2022 17:48
KB_23_42768_43,Female,Killingbeck,2023,31/12/2022,20:50:19,-67.57064,-68.069525,31/12/2022 20:50,31/12/2022 17:50
KB_23_42768_43,Female,Killingbeck,2023,31/12/2022,20:52:18,-67.570617,-68.069463,31/12/2022 20:52,31/12/2022 17:52
KB_23_42768_43,Female,Killingbeck,2023,31/12/2022,20:54:19,-67.570628,-68.06949,31/12/2022 20:54,31/12/2022 17:54
KB_23_42768_43,Female,Killingbeck,2023,31/12/2022,20:56:16,-67.570695,-68.069503,31/12/2022 20:56,31/12/2022 17:56
KB_23_42768_43,Female,Killingbeck,2023,31/12/2022,20:58:14,-67.570637,-68.069494,31/12/2022 20:58,31/12/2022 17:58
KB_23_42768_43,Female,Killingbeck,2023,31/12/2022,21:00:13,-67.570654,-68.069572,31/12/2022 21:00,31/12/2022 18:00
KB_23_42768_43,Female,Killingbeck,2023,31/12/2022,21:02:12,-67.570605,-68.069517,31/12/2022 21:02,31/12/2022 18:02
KB_23_42768_43,Female,Killingbeck,2023,31/12/2022,21:04:11,-67.570598,-68.069522,31/12/2022 21:04,31/12/2022 18:04
KB_23_42768_43,Female,Killingbeck,2023,31/12/2022,21:06:10,-67.570688,-68.069403,31/12/2022 21:06,31/12/2022 18:06
KB_23_42768_43,Female,Killingbeck,2023,31/12/2022,21:08:11,-67.570645,-68.06956,31/12/2022 21:08,31/12/2022 18:08
KB_23_42768_43,Female,Killingbeck,2023,31/12/2022,21:10:11,-67.570097,-68.070471,31/12/2022 21:10,31/12/2022 18:10
KB_23_42768_43,Female,Killingbeck,2023,31/12/2022,21:12:07,-67.570654,-68.069494,31/12/2022 21:12,31/12/2022 18:12
KB_23_42768_43,Female,Killingbeck,2023,31/12/2022,21:14:08,-67.57069,-68.069494,31/12/2022 21:14,31/12/2022 18:14
KB_23_42768_43,Female,Killingbeck,2023,31/12/2022,21:16:07,-67.57069,-68.069532,31/12/2022 21:16,31/12/2022 18:16
KB_23_42768_43,Female,Killingbeck,2023,31/12/2022,21:18:06,-67.570639,-68.069527,31/12/2022 21:18,31/12/2022 18:18
KB_23_42768_43,Female,Killingbeck,2023,31/12/2022,21:20:17,-67.570688,-68.069465,31/12/2022 21:20,31/12/2022 18:20
KB_23_42768_43,Female,Killingbeck,2023,31/12/2022,21:22:18,-67.570338,-68.069925,31/12/2022 21:22,31/12/2022 18:22
KB_23_42768_43,Female,Killingbeck,2023,31/12/2022,21:24:17,-67.57012,-68.070282,31/12/2022 21:24,31/12/2022 18:24
KB_23_42768_43,Female,Killingbeck,2023,31/12/2022,21:26:16,-67.570395,-68.069857,31/12/2022 21:26,31/12/2022 18:26
KB_23_42768_43,Female,Killingbeck,2023,31/12/2022,21:28:13,-67.570674,-68.069614,31/12/2022 21:28,31/12/2022 18:28
KB_23_42768_43,Female,Killingbeck,2023,31/12/2022,21:30:14,-67.570249,-68.070059,31/12/2022 21:30,31/12/2022 18:30
KB_23_42768_43,Female,Killingbeck,2023,31/12/2022,21:32:10,-67.57059,-68.069621,31/12/2022 21:32,31/12/2022 18:32
KB_23_42768_43,Female,Killingbeck,2023,31/12/2022,21:34:12,-67.570741,-68.069456,31/12/2022 21:34,31/12/2022 18:34
KB_23_42768_43,Female,Killingbeck,2023,31/12/2022,21:36:11,-67.570377,-68.069868,31/12/2022 21:36,31/12/2022 18:36
KB_23_42768_43,Female,Killingbeck,2023,31/12/2022,21:38:11,-67.570539,-68.069622,31/12/2022 21:38,31/12/2022 18:38
KB_23_42768_43,Female,Killingbeck,2023,31/12/2022,21:40:09,-67.570299,-68.069918,31/12/2022 21:40,31/12/2022 18:40
KB_23_42768_43,Female,Killingbeck,2023,31/12/2022,21:42:06,-67.570712,-68.069507,31/12/2022 21:42,31/12/2022 18:42
KB_23_42768_43,Female,Killingbeck,2023,31/12/2022,21:44:05,-67.570648,-68.069466,31/12/2022 21:44,31/12/2022 18:44
KB_23_42768_43,Female,Killingbeck,2023,31/12/2022,21:46:06,-67.570168,-68.067958,31/12/2022 21:46,31/12/2022 18:46
KB_23_42768_43,Female,Killingbeck,2023,31/12/2022,21:48:06,-67.570663,-68.06981,31/12/2022 21:48,31/12/2022 18:48
KB_23_42768_43,Female,Killingbeck,2023,31/12/2022,21:50:57,-67.569094,-68.064606,31/12/2022 21:50,31/12/2022 18:50
KB_23_42768_43,Female,Killingbeck,2023,31/12/2022,21:52:55,-67.567563,-68.040822,31/12/2022 21:52,31/12/2022 18:52
KB_23_42768_43,Female,Killingbeck,2023,31/12/2022,21:54:54,-67.565249,-68.002833,31/12/2022 21:54,31/12/2022 18:54
KB_23_42768_43,Female,Killingbeck,2023,31/12/2022,21:56:53,-67.564377,-67.956392,31/12/2022 21:56,31/12/2022 18:56
KB_23_42768_43,Female,Killingbeck,2023,31/12/2022,21:58:52,-67.563218,-67.908041,31/12/2022 21:58,31/12/2022 18:58
KB_23_42768_43,Female,Killingbeck,2023,31/12/2022,22:00:51,-67.560613,-67.86641,31/12/2022 22:00,31/12/2022 19:00
KB_23_42768_43,Female,Killingbeck,2023,31/12/2022,22:02:50,-67.556299,-67.831789,31/12/2022 22:02,31/12/2022 19:02
KB_23_42768_43,Female,Killingbeck,2023,31/12/2022,22:04:49,-67.548294,-67.806957,31/12/2022 22:04,31/12/2022 19:04
KB_23_42768_43,Female,Killingbeck,2023,31/12/2022,22:06:48,-67.546939,-67.798978,31/12/2022 22:06,31/12/2022 19:06
KB_23_42768_43,Female,Killingbeck,2023,31/12/2022,22:10:20,-67.546891,-67.79835,31/12/2022 22:10,31/12/2022 19:10
KB_23_42768_43,Female,Killingbeck,2023,31/12/2022,22:12:22,-67.546447,-67.796593,31/12/2022 22:12,31/12/2022 19:12
KB_23_42768_43,Female,Killingbeck,2023,31/12/2022,22:14:22,-67.546486,-67.796865,31/12/2022 22:14,31/12/2022 19:14
KB_23_42768_43,Female,Killingbeck,2023,31/12/2022,22:16:22,-67.54643,-67.796661,31/12/2022 22:16,31/12/2022 19:16
KB_23_42768_43,Female,Killingbeck,2023,31/12/2022,22:18:20,-67.546484,-67.79685,31/12/2022 22:18,31/12/2022 19:18
KB_23_42768_43,Female,Killingbeck,2023,31/12/2022,22:20:20,-67.546466,-67.796804,31/12/2022 22:20,31/12/2022 19:20
KB_23_42768_43,Female,Killingbeck,2023,31/12/2022,22:22:19,-67.546415,-67.796649,31/12/2022 22:22,31/12/2022 19:22
KB_23_42768_43,Female,Killingbeck,2023,31/12/2022,22:24:18,-67.54649,-67.796595,31/12/2022 22:24,31/12/2022 19:24
KB_23_42768_43,Female,Killingbeck,2023,31/12/2022,22:26:17,-67.546379,-67.796679,31/12/2022 22:26,31/12/2022 19:26
KB_23_42768_43,Female,Killingbeck,2023,31/12/2022,22:28:16,-67.546425,-67.79667,31/12/2022 22:28,31/12/2022 19:28
KB_23_42768_43,Female,Killingbeck,2023,31/12/2022,22:30:17,-67.546418,-67.796489,31/12/2022 22:30,31/12/2022 19:30
KB_23_42768_43,Female,Killingbeck,2023,31/12/2022,22:32:15,-67.546396,-67.796879,31/12/2022 22:32,31/12/2022 19:32
KB_23_42768_43,Female,Killingbeck,2023,31/12/2022,22:34:14,-67.546468,-67.796661,31/12/2022 22:34,31/12/2022 19:34
KB_23_42768_43,Female,Killingbeck,2023,31/12/2022,22:36:13,-67.546438,-67.796666,31/12/2022 22:36,31/12/2022 19:36
KB_23_42768_43,Female,Killingbeck,2023,31/12/2022,22:38:13,-67.546401,-67.796521,31/12/2022 22:38,31/12/2022 19:38
KB_23_42768_43,Female,Killingbeck,2023,31/12/2022,22:40:12,-67.546409,-67.796557,31/12/2022 22:40,31/12/2022 19:40
KB_23_42768_43,Female,Killingbeck,2023,31/12/2022,22:42:16,-67.546448,-67.796726,31/12/2022 22:42,31/12/2022 19:42
KB_23_42768_43,Female,Killingbeck,2023,31/12/2022,22:44:10,-67.546968,-67.800054,31/12/2022 22:44,31/12/2022 19:44
KB_23_42768_43,Female,Killingbeck,2023,31/12/2022,22:46:54,-67.546879,-67.800351,31/12/2022 22:46,31/12/2022 19:46
KB_23_42768_43,Female,Killingbeck,2023,31/12/2022,22:48:53,-67.546626,-67.800288,31/12/2022 22:48,31/12/2022 19:48
KB_23_42768_43,Female,Killingbeck,2023,31/12/2022,22:50:53,-67.546752,-67.797987,31/12/2022 22:50,31/12/2022 19:50
KB_23_42768_43,Female,Killingbeck,2023,31/12/2022,22:53:24,-67.547083,-67.797415,31/12/2022 22:53,31/12/2022 19:53
KB_23_42768_43,Female,Killingbeck,2023,31/12/2022,22:55:21,-67.547285,-67.797735,31/12/2022 22:55,31/12/2022 19:55
KB_23_42768_43,Female,Killingbeck,2023,31/12/2022,22:58:22,-67.547095,-67.797304,31/12/2022 22:58,31/12/2022 19:58
KB_23_42768_43,Female,Killingbeck,2023,31/12/2022,23:00:22,-67.547248,-67.797395,31/12/2022 23:00,31/12/2022 20:00
KB_23_42768_43,Female,Killingbeck,2023,31/12/2022,23:02:18,-67.547364,-67.797455,31/12/2022 23:02,31/12/2022 20:02
KB_23_42768_43,Female,Killingbeck,2023,31/12/2022,23:04:18,-67.546893,-67.800573,31/12/2022 23:04,31/12/2022 20:04
KB_23_42768_43,Female,Killingbeck,2023,31/12/2022,23:06:16,-67.546869,-67.799616,31/12/2022 23:06,31/12/2022 20:06
KB_23_42768_43,Female,Killingbeck,2023,31/12/2022,23:09:06,-67.546628,-67.800162,31/12/2022 23:09,31/12/2022 20:09
KB_23_42768_43,Female,Killingbeck,2023,31/12/2022,23:11:06,-67.547138,-67.800037,31/12/2022 23:11,31/12/2022 20:11
KB_23_42768_43,Female,Killingbeck,2023,31/12/2022,23:14:11,-67.547208,-67.799019,31/12/2022 23:14,31/12/2022 20:14
KB_23_42768_43,Female,Killingbeck,2023,31/12/2022,23:16:11,-67.546559,-67.796491,31/12/2022 23:16,31/12/2022 20:16
KB_23_42768_43,Female,Killingbeck,2023,31/12/2022,23:18:11,-67.546441,-67.796556,31/12/2022 23:18,31/12/2022 20:18
KB_23_42768_43,Female,Killingbeck,2023,31/12/2022,23:20:09,-67.546417,-67.796372,31/12/2022 23:20,31/12/2022 20:20
KB_23_42768_43,Female,Killingbeck,2023,31/12/2022,23:22:08,-67.546509,-67.796507,31/12/2022 23:22,31/12/2022 20:22
KB_23_42768_43,Female,Killingbeck,2023,31/12/2022,23:24:07,-67.546446,-67.796416,31/12/2022 23:24,31/12/2022 20:24
KB_23_42768_43,Female,Killingbeck,2023,31/12/2022,23:26:09,-67.546486,-67.796353,31/12/2022 23:26,31/12/2022 20:26
KB_23_42768_43,Female,Killingbeck,2023,31/12/2022,23:28:09,-67.547633,-67.800131,31/12/2022 23:28,31/12/2022 20:28
KB_23_42768_43,Female,Killingbeck,2023,31/12/2022,23:31:08,-67.54791,-67.800014,31/12/2022 23:31,31/12/2022 20:31
KB_23_42768_43,Female,Killingbeck,2023,31/12/2022,23:33:00,-67.547805,-67.796091,31/12/2022 23:33,31/12/2022 20:33
KB_23_42768_43,Female,Killingbeck,2023,31/12/2022,23:36:00,-67.547976,-67.797623,31/12/2022 23:36,31/12/2022 20:36
KB_23_42768_43,Female,Killingbeck,2023,31/12/2022,23:37:53,-67.547305,-67.809362,31/12/2022 23:37,31/12/2022 20:37
KB_23_42768_43,Female,Killingbeck,2023,31/12/2022,23:39:50,-67.547713,-67.808092,31/12/2022 23:39,31/12/2022 20:39
KB_23_42768_43,Female,Killingbeck,2023,31/12/2022,23:42:01,-67.548395,-67.809188,31/12/2022 23:42,31/12/2022 20:42
KB_23_42768_43,Female,Killingbeck,2023,31/12/2022,23:43:53,-67.559639,-67.797463,31/12/2022 23:43,31/12/2022 20:43
KB_23_42768_43,Female,Killingbeck,2023,31/12/2022,23:45:52,-67.575211,-67.845728,31/12/2022 23:45,31/12/2022 20:45
KB_23_42768_43,Female,Killingbeck,2023,31/12/2022,23:47:51,-67.573206,-67.903218,31/12/2022 23:47,31/12/2022 20:47
KB_23_42768_43,Female,Killingbeck,2023,31/12/2022,23:49:50,-67.570437,-67.95955,31/12/2022 23:49,31/12/2022 20:49
KB_23_42768_43,Female,Killingbeck,2023,31/12/2022,23:51:49,-67.571281,-68.01562,31/12/2022 23:51,31/12/2022 20:51
KB_23_42768_43,Female,Killingbeck,2023,31/12/2022,23:53:48,-67.570726,-68.069168,31/12/2022 23:53,31/12/2022 20:53
KB_23_42768_43,Female,Killingbeck,2023,31/12/2022,23:55:50,-67.5705,-68.069186,31/12/2022 23:55,31/12/2022 20:55
KB_23_42768_43,Female,Killingbeck,2023,31/12/2022,23:57:19,-67.570762,-68.069605,31/12/2022 23:57,31/12/2022 20:57
KB_23_42768_43,Female,Killingbeck,2023,31/12/2022,23:59:14,-67.570925,-68.06948,31/12/2022 23:59,31/12/2022 20:59
KB_23_42768_43,Female,Killingbeck,2023,01/01/2023,00:01:12,-67.570624,-68.069652,01/01/2023 00:01,31/12/2022 21:01
KB_23_42768_43,Female,Killingbeck,2023,01/01/2023,00:03:21,-67.570826,-68.069327,01/01/2023 00:03,31/12/2022 21:03
KB_23_42768_43,Female,Killingbeck,2023,01/01/2023,00:05:12,-67.570613,-68.069716,01/01/2023 00:05,31/12/2022 21:05
KB_23_42768_43,Female,Killingbeck,2023,01/01/2023,00:07:12,-67.57065,-68.069562,01/01/2023 00:07,31/12/2022 21:07
KB_23_42768_43,Female,Killingbeck,2023,01/01/2023,00:09:16,-67.570685,-68.069488,01/01/2023 00:09,31/12/2022 21:09
KB_23_42768_43,Female,Killingbeck,2023,01/01/2023,00:11:06,-67.570687,-68.069617,01/01/2023 00:11,31/12/2022 21:11
KB_23_42768_43,Female,Killingbeck,2023,01/01/2023,00:13:06,-67.570558,-68.069454,01/01/2023 00:13,31/12/2022 21:13
KB_23_42768_43,Female,Killingbeck,2023,01/01/2023,00:15:07,-67.570655,-68.069526,01/01/2023 00:15,31/12/2022 21:15
KB_23_42768_43,Female,Killingbeck,2023,01/01/2023,00:17:06,-67.570713,-68.06943,01/01/2023 00:17,31/12/2022 21:17
KB_23_42768_43,Female,Killingbeck,2023,01/01/2023,00:19:05,-67.570667,-68.069527,01/01/2023 00:19,31/12/2022 21:19
KB_23_42768_43,Female,Killingbeck,2023,01/01/2023,00:21:04,-67.570663,-68.069533,01/01/2023 00:21,31/12/2022 21:21
KB_23_42768_43,Female,Killingbeck,2023,01/01/2023,00:23:03,-67.570693,-68.069633,01/01/2023 00:23,31/12/2022 21:23
KB_23_42768_43,Female,Killingbeck,2023,01/01/2023,00:25:01,-67.570668,-68.069584,01/01/2023 00:25,31/12/2022 21:25
KB_23_42768_43,Female,Killingbeck,2023,01/01/2023,00:26:51,-67.570701,-68.069419,01/01/2023 00:26,31/12/2022 21:26
KB_23_42768_43,Female,Killingbeck,2023,01/01/2023,00:28:48,-67.570638,-68.069587,01/01/2023 00:28,31/12/2022 21:28
KB_23_42768_43,Female,Killingbeck,2023,01/01/2023,00:30:47,-67.570653,-68.069516,01/01/2023 00:30,31/12/2022 21:30
KB_23_42768_43,Female,Killingbeck,2023,01/01/2023,00:32:50,-67.570732,-68.069489,01/01/2023 00:32,31/12/2022 21:32
KB_23_42768_43,Female,Killingbeck,2023,01/01/2023,00:34:45,-67.57071,-68.069565,01/01/2023 00:34,31/12/2022 21:34
KB_23_42768_43,Female,Killingbeck,2023,01/01/2023,00:36:48,-67.570681,-68.069632,01/01/2023 00:36,31/12/2022 21:36
KB_23_42768_43,Female,Killingbeck,2023,01/01/2023,00:38:42,-67.570655,-68.069502,01/01/2023 00:38,31/12/2022 21:38
KB_23_42768_43,Female,Killingbeck,2023,01/01/2023,00:40:42,-67.570692,-68.069514,01/01/2023 00:40,31/12/2022 21:40
KB_23_42768_43,Female,Killingbeck,2023,01/01/2023,00:42:40,-67.570715,-68.069544,01/01/2023 00:42,31/12/2022 21:42
KB_23_42768_43,Female,Killingbeck,2023,01/01/2023,00:44:40,-67.570603,-68.069328,01/01/2023 00:44,31/12/2022 21:44
KB_23_42768_43,Female,Killingbeck,2023,01/01/2023,00:46:39,-67.570687,-68.069573,01/01/2023 00:46,31/12/2022 21:46
KB_23_42768_43,Female,Killingbeck,2023,01/01/2023,00:48:37,-67.570628,-68.069531,01/01/2023 00:48,31/12/2022 21:48
KB_23_42768_43,Female,Killingbeck,2023,01/01/2023,00:50:37,-67.570516,-68.069921,01/01/2023 00:50,31/12/2022 21:50
KB_23_42768_43,Female,Killingbeck,2023,01/01/2023,00:52:39,-67.570466,-68.070078,01/01/2023 00:52,31/12/2022 21:52
KB_23_42768_43,Female,Killingbeck,2023,01/01/2023,00:54:36,-67.570653,-68.069634,01/01/2023 00:54,31/12/2022 21:54
KB_23_42768_43,Female,Killingbeck,2023,01/01/2023,00:56:24,-67.570625,-68.0695,01/01/2023 00:56,31/12/2022 21:56
KB_23_42768_43,Female,Killingbeck,2023,01/01/2023,00:58:23,-67.570662,-68.069322,01/01/2023 00:58,31/12/2022 21:58
KB_23_42768_43,Female,Killingbeck,2023,01/01/2023,01:00:22,-67.570583,-68.069523,01/01/2023 01:00,31/12/2022 22:00
KB_23_42768_43,Female,Killingbeck,2023,01/01/2023,01:02:23,-67.570459,-68.06998,01/01/2023 01:02,31/12/2022 22:02
KB_23_42768_43,Female,Killingbeck,2023,01/01/2023,01:04:19,-67.570635,-68.069512,01/01/2023 01:04,31/12/2022 22:04
KB_23_42768_43,Female,Killingbeck,2023,01/01/2023,01:06:18,-67.570714,-68.069477,01/01/2023 01:06,31/12/2022 22:06
KB_23_42768_43,Female,Killingbeck,2023,01/01/2023,01:08:18,-67.570721,-68.069351,01/01/2023 01:08,31/12/2022 22:08
KB_23_42768_43,Female,Killingbeck,2023,01/01/2023,01:10:17,-67.570596,-68.069547,01/01/2023 01:10,31/12/2022 22:10
KB_23_42768_43,Female,Killingbeck,2023,01/01/2023,01:12:15,-67.570737,-68.069454,01/01/2023 01:12,31/12/2022 22:12
KB_23_42768_43,Female,Killingbeck,2023,01/01/2023,01:14:14,-67.570709,-68.069489,01/01/2023 01:14,31/12/2022 22:14
KB_23_42768_43,Female,Killingbeck,2023,01/01/2023,01:16:14,-67.57036,-68.070129,01/01/2023 01:16,31/12/2022 22:16
KB_23_42768_43,Female,Killingbeck,2023,01/01/2023,01:18:13,-67.570566,-68.069617,01/01/2023 01:18,31/12/2022 22:18
KB_23_42768_43,Female,Killingbeck,2023,01/01/2023,01:20:11,-67.570571,-68.069614,01/01/2023 01:20,31/12/2022 22:20
KB_23_42768_43,Female,Killingbeck,2023,01/01/2023,01:22:14,-67.570441,-68.069892,01/01/2023 01:22,31/12/2022 22:22
KB_23_42768_43,Female,Killingbeck,2023,01/01/2023,01:24:13,-67.570529,-68.069571,01/01/2023 01:24,31/12/2022 22:24
KB_23_42768_43,Female,Killingbeck,2023,01/01/2023,01:25:59,-67.570715,-68.069361,01/01/2023 01:25,31/12/2022 22:25
KB_23_42768_43,Female,Killingbeck,2023,01/01/2023,01:28:00,-67.570427,-68.069912,01/01/2023 01:28,31/12/2022 22:28
KB_23_42768_43,Female,Killingbeck,2023,01/01/2023,01:29:56,-67.570679,-68.069465,01/01/2023 01:29,31/12/2022 22:29
KB_23_42768_43,Female,Killingbeck,2023,01/01/2023,01:31:56,-67.570639,-68.069526,01/01/2023 01:31,31/12/2022 22:31
KB_23_42768_43,Female,Killingbeck,2023,01/01/2023,01:33:57,-67.570519,-68.069538,01/01/2023 01:33,31/12/2022 22:33
KB_23_42768_43,Female,Killingbeck,2023,01/01/2023,01:35:54,-67.570484,-68.069638,01/01/2023 01:35,31/12/2022 22:35
KB_23_42768_43,Female,Killingbeck,2023,01/01/2023,01:37:53,-67.570555,-68.06956,01/01/2023 01:37,31/12/2022 22:37
KB_23_42768_43,Female,Killingbeck,2023,01/01/2023,01:39:54,-67.570775,-68.069356,01/01/2023 01:39,31/12/2022 22:39
KB_23_42768_43,Female,Killingbeck,2023,01/01/2023,01:41:53,-67.571291,-68.069739,01/01/2023 01:41,31/12/2022 22:41
KB_23_42768_43,Female,Killingbeck,2023,01/01/2023,01:43:52,-67.570609,-68.069506,01/01/2023 01:43,31/12/2022 22:43
KB_23_42768_43,Female,Killingbeck,2023,01/01/2023,01:45:49,-67.570677,-68.069517,01/01/2023 01:45,31/12/2022 22:45
KB_23_42768_43,Female,Killingbeck,2023,01/01/2023,01:47:48,-67.570707,-68.069602,01/01/2023 01:47,31/12/2022 22:47
KB_23_42768_43,Female,Killingbeck,2023,01/01/2023,01:49:47,-67.570591,-68.069552,01/01/2023 01:49,31/12/2022 22:49
KB_23_42768_43,Female,Killingbeck,2023,01/01/2023,01:51:49,-67.570428,-68.069642,01/01/2023 01:51,31/12/2022 22:51
KB_23_42768_43,Female,Killingbeck,2023,01/01/2023,01:53:48,-67.570339,-68.069745,01/01/2023 01:53,31/12/2022 22:53
KB_23_42768_43,Female,Killingbeck,2023,01/01/2023,01:55:50,-67.570895,-68.069452,01/01/2023 01:55,31/12/2022 22:55
KB_23_42768_43,Female,Killingbeck,2023,01/01/2023,01:57:42,-67.570769,-68.069487,01/01/2023 01:57,31/12/2022 22:57
KB_23_42768_43,Female,Killingbeck,2023,01/01/2023,01:59:41,-67.570728,-68.069448,01/01/2023 01:59,31/12/2022 22:59
KB_23_42768_43,Female,Killingbeck,2023,01/01/2023,02:01:46,-67.570749,-68.069405,01/01/2023 02:01,31/12/2022 23:01
KB_23_42768_43,Female,Killingbeck,2023,01/01/2023,02:03:47,-67.570724,-68.069464,01/01/2023 02:03,31/12/2022 23:03
KB_23_42768_43,Female,Killingbeck,2023,01/01/2023,02:05:40,-67.570761,-68.069436,01/01/2023 02:05,31/12/2022 23:05
KB_23_42768_43,Female,Killingbeck,2023,01/01/2023,02:07:38,-67.57071,-68.068199,01/01/2023 02:07,31/12/2022 23:07
KB_23_42768_43,Female,Killingbeck,2023,01/01/2023,02:09:37,-67.565688,-68.03918,01/01/2023 02:09,31/12/2022 23:09
KB_23_42768_43,Female,Killingbeck,2023,01/01/2023,02:11:36,-67.562331,-67.995755,01/01/2023 02:11,31/12/2022 23:11
KB_23_42768_43,Female,Killingbeck,2023,01/01/2023,02:13:35,-67.561905,-67.948376,01/01/2023 02:13,31/12/2022 23:13
KB_23_42768_43,Female,Killingbeck,2023,01/01/2023,02:15:34,-67.559609,-67.901274,01/01/2023 02:15,31/12/2022 23:15
KB_23_42768_43,Female,Killingbeck,2023,01/01/2023,02:17:33,-67.55542,-67.852155,01/01/2023 02:17,31/12/2022 23:17
KB_23_42768_43,Female,Killingbeck,2023,01/01/2023,02:19:33,-67.548238,-67.807281,01/01/2023 02:19,31/12/2022 23:19
KB_23_42768_43,Female,Killingbeck,2023,01/01/2023,02:21:33,-67.547066,-67.798903,01/01/2023 02:21,31/12/2022 23:21
KB_23_42768_43,Female,Killingbeck,2023,01/01/2023,02:23:31,-67.547091,-67.798857,01/01/2023 02:23,31/12/2022 23:23
KB_23_42768_43,Female,Killingbeck,2023,01/01/2023,02:26:45,-67.546963,-67.798845,01/01/2023 02:26,31/12/2022 23:26
KB_23_42768_43,Female,Killingbeck,2023,01/01/2023,02:28:43,-67.547017,-67.798822,01/01/2023 02:28,31/12/2022 23:28
KB_23_42768_43,Female,Killingbeck,2023,01/01/2023,02:32:01,-67.546761,-67.800492,01/01/2023 02:32,31/12/2022 23:32
KB_23_42768_43,Female,Killingbeck,2023,01/01/2023,02:33:56,-67.547064,-67.798761,01/01/2023 02:33,31/12/2022 23:33
KB_23_42768_43,Female,Killingbeck,2023,01/01/2023,02:35:55,-67.547179,-67.798544,01/01/2023 02:35,31/12/2022 23:35
KB_23_42768_43,Female,Killingbeck,2023,01/01/2023,02:37:54,-67.547085,-67.798572,01/01/2023 02:37,31/12/2022 23:37
KB_23_42768_43,Female,Killingbeck,2023,01/01/2023,02:39:53,-67.547228,-67.800207,01/01/2023 02:39,31/12/2022 23:39
KB_23_42768_43,Female,Killingbeck,2023,01/01/2023,02:41:53,-67.547065,-67.799888,01/01/2023 02:41,31/12/2022 23:41
KB_23_42768_43,Female,Killingbeck,2023,01/01/2023,02:43:55,-67.546936,-67.80018,01/01/2023 02:43,31/12/2022 23:43
KB_23_42768_43,Female,Killingbeck,2023,01/01/2023,02:45:54,-67.54704,-67.799749,01/01/2023 02:45,31/12/2022 23:45
KB_23_42768_43,Female,Killingbeck,2023,01/01/2023,02:47:53,-67.547005,-67.799807,01/01/2023 02:47,31/12/2022 23:47
KB_23_42768_43,Female,Killingbeck,2023,01/01/2023,02:49:52,-67.547002,-67.800157,01/01/2023 02:49,31/12/2022 23:49
KB_23_42768_43,Female,Killingbeck,2023,01/01/2023,02:51:51,-67.547049,-67.800381,01/01/2023 02:51,31/12/2022 23:51
KB_23_42768_43,Female,Killingbeck,2023,01/01/2023,02:53:50,-67.546967,-67.800337,01/01/2023 02:53,31/12/2022 23:53
KB_23_42768_43,Female,Killingbeck,2023,01/01/2023,02:55:49,-67.54715,-67.800498,01/01/2023 02:55,31/12/2022 23:55
KB_23_42768_43,Female,Killingbeck,2023,01/01/2023,02:57:53,-67.546667,-67.801124,01/01/2023 02:57,31/12/2022 23:57
KB_23_42768_43,Female,Killingbeck,2023,01/01/2023,02:59:53,-67.546645,-67.801298,01/01/2023 02:59,31/12/2022 23:59
KB_23_42768_43,Female,Killingbeck,2023,01/01/2023,03:01:53,-67.546656,-67.801072,01/01/2023 03:01,01/01/2023 00:01
KB_23_42768_43,Female,Killingbeck,2023,01/01/2023,03:03:51,-67.546634,-67.80117,01/01/2023 03:03,01/01/2023 00:03
KB_23_42768_43,Female,Killingbeck,2023,01/01/2023,03:05:50,-67.546743,-67.801116,01/01/2023 03:05,01/01/2023 00:05
KB_23_42768_43,Female,Killingbeck,2023,01/01/2023,03:07:49,-67.546658,-67.801078,01/01/2023 03:07,01/01/2023 00:07
KB_23_42768_43,Female,Killingbeck,2023,01/01/2023,03:09:49,-67.546727,-67.801159,01/01/2023 03:09,01/01/2023 00:09
KB_23_42768_43,Female,Killingbeck,2023,01/01/2023,03:11:47,-67.546749,-67.801152,01/01/2023 03:11,01/01/2023 00:11
KB_23_42768_43,Female,Killingbeck,2023,01/01/2023,03:13:49,-67.546747,-67.801068,01/01/2023 03:13,01/01/2023 00:13
KB_23_42768_43,Female,Killingbeck,2023,01/01/2023,03:15:46,-67.546741,-67.801082,01/01/2023 03:15,01/01/2023 00:15
KB_23_42768_43,Female,Killingbeck,2023,01/01/2023,03:17:44,-67.546709,-67.801066,01/01/2023 03:17,01/01/2023 00:17
KB_23_42768_43,Female,Killingbeck,2023,01/01/2023,03:19:44,-67.546711,-67.801185,01/01/2023 03:19,01/01/2023 00:19
KB_23_42768_43,Female,Killingbeck,2023,01/01/2023,03:21:43,-67.546624,-67.801065,01/01/2023 03:21,01/01/2023 00:21
KB_23_42768_43,Female,Killingbeck,2023,01/01/2023,03:23:42,-67.546771,-67.801269,01/01/2023 03:23,01/01/2023 00:23
KB_23_42768_43,Female,Killingbeck,2023,01/01/2023,03:25:41,-67.546719,-67.801104,01/01/2023 03:25,01/01/2023 00:25
KB_23_42768_43,Female,Killingbeck,2023,01/01/2023,03:27:42,-67.546676,-67.801032,01/01/2023 03:27,01/01/2023 00:27
KB_23_42768_43,Female,Killingbeck,2023,01/01/2023,03:29:42,-67.546632,-67.801208,01/01/2023 03:29,01/01/2023 00:29
KB_23_42768_43,Female,Killingbeck,2023,01/01/2023,03:31:40,-67.546596,-67.801061,01/01/2023 03:31,01/01/2023 00:31
KB_23_42768_43,Female,Killingbeck,2023,01/01/2023,03:33:40,-67.54657,-67.800975,01/01/2023 03:33,01/01/2023 00:33
KB_23_42768_43,Female,Killingbeck,2023,01/01/2023,03:35:38,-67.546734,-67.801476,01/01/2023 03:35,01/01/2023 00:35
KB_23_42768_43,Female,Killingbeck,2023,01/01/2023,03:37:37,-67.546671,-67.801126,01/01/2023 03:37,01/01/2023 00:37
KB_23_42768_43,Female,Killingbeck,2023,01/01/2023,03:39:38,-67.546702,-67.801089,01/01/2023 03:39,01/01/2023 00:39
KB_23_42768_43,Female,Killingbeck,2023,01/01/2023,03:41:37,-67.54672,-67.801126,01/01/2023 03:41,01/01/2023 00:41
KB_23_42768_43,Female,Killingbeck,2023,01/01/2023,03:43:35,-67.546691,-67.800861,01/01/2023 03:43,01/01/2023 00:43
KB_23_42768_43,Female,Killingbeck,2023,01/01/2023,03:45:34,-67.546735,-67.801172,01/01/2023 03:45,01/01/2023 00:45
KB_23_42768_43,Female,Killingbeck,2023,01/01/2023,03:48:26,-67.547234,-67.800752,01/01/2023 03:48,01/01/2023 00:48
KB_23_42768_43,Female,Killingbeck,2023,01/01/2023,03:50:39,-67.546436,-67.799934,01/01/2023 03:50,01/01/2023 00:50
KB_23_42768_43,Female,Killingbeck,2023,01/01/2023,03:52:39,-67.546679,-67.800427,01/01/2023 03:52,01/01/2023 00:52
KB_23_42768_43,Female,Killingbeck,2023,01/01/2023,03:54:39,-67.547057,-67.801745,01/01/2023 03:54,01/01/2023 00:54
KB_23_42768_43,Female,Killingbeck,2023,01/01/2023,03:56:38,-67.546763,-67.801919,01/01/2023 03:56,01/01/2023 00:56
KB_23_42768_43,Female,Killingbeck,2023,01/01/2023,03:58:40,-67.54657,-67.801245,01/01/2023 03:58,01/01/2023 00:58
KB_23_42768_43,Female,Killingbeck,2023,01/01/2023,04:00:40,-67.546605,-67.801241,01/01/2023 04:00,01/01/2023 01:00
KB_23_42768_43,Female,Killingbeck,2023,01/01/2023,04:02:40,-67.546645,-67.801218,01/01/2023 04:02,01/01/2023 01:02
KB_23_42768_43,Female,Killingbeck,2023,01/01/2023,04:04:39,-67.546641,-67.801183,01/01/2023 04:04,01/01/2023 01:04
KB_23_42768_43,Female,Killingbeck,2023,01/01/2023,04:06:38,-67.546793,-67.801214,01/01/2023 04:06,01/01/2023 01:06
KB_23_42768_43,Female,Killingbeck,2023,01/01/2023,04:08:36,-67.546784,-67.801333,01/01/2023 04:08,01/01/2023 01:08
KB_23_42768_43,Female,Killingbeck,2023,01/01/2023,04:10:36,-67.546684,-67.80149,01/01/2023 04:10,01/01/2023 01:10
KB_23_42768_43,Female,Killingbeck,2023,01/01/2023,04:12:34,-67.546525,-67.80231,01/01/2023 04:12,01/01/2023 01:12
KB_23_42768_43,Female,Killingbeck,2023,01/01/2023,04:14:34,-67.548158,-67.802931,01/01/2023 04:14,01/01/2023 01:14
KB_23_42768_43,Female,Killingbeck,2023,01/01/2023,04:16:33,-67.546833,-67.802981,01/01/2023 04:16,01/01/2023 01:16
KB_23_42768_43,Female,Killingbeck,2023,01/01/2023,04:18:32,-67.546496,-67.802373,01/01/2023 04:18,01/01/2023 01:18
KB_23_42768_43,Female,Killingbeck,2023,01/01/2023,04:20:30,-67.546525,-67.802421,01/01/2023 04:20,01/01/2023 01:20
KB_23_42768_43,Female,Killingbeck,2023,01/01/2023,04:22:31,-67.546514,-67.802414,01/01/2023 04:22,01/01/2023 01:22
KB_23_42768_43,Female,Killingbeck,2023,01/01/2023,04:24:29,-67.546536,-67.802484,01/01/2023 04:24,01/01/2023 01:24
KB_23_42768_43,Female,Killingbeck,2023,01/01/2023,04:26:29,-67.546429,-67.802197,01/01/2023 04:26,01/01/2023 01:26
KB_23_42768_43,Female,Killingbeck,2023,01/01/2023,04:28:30,-67.546473,-67.802244,01/01/2023 04:28,01/01/2023 01:28
KB_23_42768_43,Female,Killingbeck,2023,01/01/2023,04:30:29,-67.546488,-67.8024,01/01/2023 04:30,01/01/2023 01:30
KB_23_42768_43,Female,Killingbeck,2023,01/01/2023,04:32:31,-67.546493,-67.802084,01/01/2023 04:32,01/01/2023 01:32
KB_23_42768_43,Female,Killingbeck,2023,01/01/2023,04:34:27,-67.546594,-67.802474,01/01/2023 04:34,01/01/2023 01:34
KB_23_42768_43,Female,Killingbeck,2023,01/01/2023,04:36:27,-67.546525,-67.802011,01/01/2023 04:36,01/01/2023 01:36
KB_23_42768_43,Female,Killingbeck,2023,01/01/2023,04:38:26,-67.546529,-67.802224,01/01/2023 04:38,01/01/2023 01:38
KB_23_42768_43,Female,Killingbeck,2023,01/01/2023,04:40:24,-67.546625,-67.802421,01/01/2023 04:40,01/01/2023 01:40
KB_23_42768_43,Female,Killingbeck,2023,01/01/2023,04:42:24,-67.546571,-67.802137,01/01/2023 04:42,01/01/2023 01:42
KB_23_42768_43,Female,Killingbeck,2023,01/01/2023,04:44:24,-67.54645,-67.802339,01/01/2023 04:44,01/01/2023 01:44
KB_23_42768_43,Female,Killingbeck,2023,01/01/2023,04:46:23,-67.546517,-67.802446,01/01/2023 04:46,01/01/2023 01:46
KB_23_42768_43,Female,Killingbeck,2023,01/01/2023,04:48:21,-67.546509,-67.802113,01/01/2023 04:48,01/01/2023 01:48
KB_23_42768_43,Female,Killingbeck,2023,01/01/2023,04:50:20,-67.54655,-67.802384,01/01/2023 04:50,01/01/2023 01:50
KB_23_42768_43,Female,Killingbeck,2023,01/01/2023,04:52:20,-67.546586,-67.802521,01/01/2023 04:52,01/01/2023 01:52
KB_23_42768_43,Female,Killingbeck,2023,01/01/2023,04:54:18,-67.546489,-67.802234,01/01/2023 04:54,01/01/2023 01:54
KB_23_42768_43,Female,Killingbeck,2023,01/01/2023,04:56:18,-67.546572,-67.802292,01/01/2023 04:56,01/01/2023 01:56
KB_23_42768_43,Female,Killingbeck,2023,01/01/2023,04:58:19,-67.54646,-67.801927,01/01/2023 04:58,01/01/2023 01:58
KB_23_42768_43,Female,Killingbeck,2023,01/01/2023,05:00:19,-67.546492,-67.802427,01/01/2023 05:00,01/01/2023 02:00
KB_23_42768_43,Female,Killingbeck,2023,01/01/2023,05:02:18,-67.547391,-67.805698,01/01/2023 05:02,01/01/2023 02:02
KB_23_42768_43,Female,Killingbeck,2023,01/01/2023,05:04:17,-67.547619,-67.805316,01/01/2023 05:04,01/01/2023 02:04
KB_23_42768_43,Female,Killingbeck,2023,01/01/2023,05:06:16,-67.547654,-67.805639,01/01/2023 05:06,01/01/2023 02:06
KB_23_42768_43,Female,Killingbeck,2023,01/01/2023,05:08:15,-67.5476,-67.803509,01/01/2023 05:08,01/01/2023 02:08
KB_23_42768_43,Female,Killingbeck,2023,01/01/2023,05:10:15,-67.547089,-67.798368,01/01/2023 05:10,01/01/2023 02:10
KB_23_42768_43,Female,Killingbeck,2023,01/01/2023,05:12:14,-67.54716,-67.798846,01/01/2023 05:12,01/01/2023 02:12
KB_23_42768_43,Female,Killingbeck,2023,01/01/2023,05:14:13,-67.547063,-67.798443,01/01/2023 05:14,01/01/2023 02:14
KB_23_42768_43,Female,Killingbeck,2023,01/01/2023,05:16:11,-67.547219,-67.799121,01/01/2023 05:16,01/01/2023 02:16
KB_23_42768_43,Female,Killingbeck,2023,01/01/2023,05:18:11,-67.547075,-67.798339,01/01/2023 05:18,01/01/2023 02:18
KB_23_42768_43,Female,Killingbeck,2023,01/01/2023,05:20:09,-67.547196,-67.799179,01/01/2023 05:20,01/01/2023 02:20
KB_23_42768_43,Female,Killingbeck,2023,01/01/2023,05:22:09,-67.547178,-67.798896,01/01/2023 05:22,01/01/2023 02:22
KB_23_42768_43,Female,Killingbeck,2023,01/01/2023,05:24:08,-67.54709,-67.798309,01/01/2023 05:24,01/01/2023 02:24
KB_23_42768_43,Female,Killingbeck,2023,01/01/2023,05:26:09,-67.547131,-67.798371,01/01/2023 05:26,01/01/2023 02:26
KB_23_42768_43,Female,Killingbeck,2023,01/01/2023,05:28:09,-67.54713,-67.798459,01/01/2023 05:28,01/01/2023 02:28
KB_23_42768_43,Female,Killingbeck,2023,01/01/2023,05:30:10,-67.547098,-67.798736,01/01/2023 05:30,01/01/2023 02:30
KB_23_42768_43,Female,Killingbeck,2023,01/01/2023,05:32:09,-67.547124,-67.798529,01/01/2023 05:32,01/01/2023 02:32
KB_23_42768_43,Female,Killingbeck,2023,01/01/2023,05:34:05,-67.547394,-67.796852,01/01/2023 05:34,01/01/2023 02:34
KB_23_42768_43,Female,Killingbeck,2023,01/01/2023,05:36:04,-67.551596,-67.748416,01/01/2023 05:36,01/01/2023 02:36
KB_23_42768_43,Female,Killingbeck,2023,01/01/2023,05:38:03,-67.555422,-67.697589,01/01/2023 05:38,01/01/2023 02:38
KB_23_42768_43,Female,Killingbeck,2023,01/01/2023,05:40:02,-67.557229,-67.645494,01/01/2023 05:40,01/01/2023 02:40
KB_23_42768_43,Female,Killingbeck,2023,01/01/2023,05:42:01,-67.55879,-67.608506,01/01/2023 05:42,01/01/2023 02:42
KB_23_42768_43,Female,Killingbeck,2023,01/01/2023,05:44:01,-67.557478,-67.56181,01/01/2023 05:44,01/01/2023 02:44
KB_23_42768_43,Female,Killingbeck,2023,01/01/2023,05:46:00,-67.554965,-67.51988,01/01/2023 05:46,01/01/2023 02:46
KB_23_42768_43,Female,Killingbeck,2023,01/01/2023,05:47:59,-67.55176,-67.482733,01/01/2023 05:47,01/01/2023 02:47
KB_23_42768_43,Female,Killingbeck,2023,01/01/2023,05:49:58,-67.547092,-67.442182,01/01/2023 05:49,01/01/2023 02:49
KB_23_42768_43,Female,Killingbeck,2023,01/01/2023,05:51:58,-67.546848,-67.440929,01/01/2023 05:51,01/01/2023 02:51
KB_23_42768_43,Female,Killingbeck,2023,01/01/2023,05:53:57,-67.54681,-67.440456,01/01/2023 05:53,01/01/2023 02:53
KB_23_42768_43,Female,Killingbeck,2023,01/01/2023,05:55:58,-67.54684,-67.440809,01/01/2023 05:55,01/01/2023 02:55
KB_23_42768_43,Female,Killingbeck,2023,01/01/2023,05:57:58,-67.54694,-67.44041,01/01/2023 05:57,01/01/2023 02:57
KB_23_42768_43,Female,Killingbeck,2023,01/01/2023,05:59:59,-67.546731,-67.440587,01/01/2023 05:59,01/01/2023 02:59
KB_23_42768_43,Female,Killingbeck,2023,01/01/2023,06:01:55,-67.54668,-67.440494,01/01/2023 06:01,01/01/2023 03:01
KB_23_42768_43,Female,Killingbeck,2023,01/01/2023,06:03:54,-67.547133,-67.439908,01/01/2023 06:03,01/01/2023 03:03
KB_23_42768_43,Female,Killingbeck,2023,01/01/2023,06:05:56,-67.546804,-67.440377,01/01/2023 06:05,01/01/2023 03:05
KB_23_42768_43,Female,Killingbeck,2023,01/01/2023,06:07:53,-67.546973,-67.439935,01/01/2023 06:07,01/01/2023 03:07
KB_23_42768_43,Female,Killingbeck,2023,01/01/2023,06:09:51,-67.546769,-67.44008,01/01/2023 06:09,01/01/2023 03:09
KB_23_42768_43,Female,Killingbeck,2023,01/01/2023,06:11:51,-67.54662,-67.440501,01/01/2023 06:11,01/01/2023 03:11
KB_23_42768_43,Female,Killingbeck,2023,01/01/2023,06:13:51,-67.546525,-67.440296,01/01/2023 06:13,01/01/2023 03:13
KB_23_42768_43,Female,Killingbeck,2023,01/01/2023,06:15:50,-67.546453,-67.440683,01/01/2023 06:15,01/01/2023 03:15
KB_23_42768_43,Female,Killingbeck,2023,01/01/2023,06:17:48,-67.546552,-67.440354,01/01/2023 06:17,01/01/2023 03:17
KB_23_42768_43,Female,Killingbeck,2023,01/01/2023,06:19:47,-67.546535,-67.439999,01/01/2023 06:19,01/01/2023 03:19
KB_23_42768_43,Female,Killingbeck,2023,01/01/2023,06:21:46,-67.546746,-67.439631,01/01/2023 06:21,01/01/2023 03:21
KB_23_42768_43,Female,Killingbeck,2023,01/01/2023,06:23:45,-67.546287,-67.439663,01/01/2023 06:23,01/01/2023 03:23
KB_23_42768_43,Female,Killingbeck,2023,01/01/2023,06:25:44,-67.546561,-67.439154,01/01/2023 06:25,01/01/2023 03:25
KB_23_42768_43,Female,Killingbeck,2023,01/01/2023,06:27:59,-67.547008,-67.438904,01/01/2023 06:27,01/01/2023 03:27
KB_23_42768_43,Female,Killingbeck,2023,01/01/2023,06:29:58,-67.546808,-67.439173,01/01/2023 06:29,01/01/2023 03:29
KB_23_42768_43,Female,Killingbeck,2023,01/01/2023,06:31:58,-67.546831,-67.439127,01/01/2023 06:31,01/01/2023 03:31
KB_23_42768_43,Female,Killingbeck,2023,01/01/2023,06:33:57,-67.546748,-67.438963,01/01/2023 06:33,01/01/2023 03:33
KB_23_42768_43,Female,Killingbeck,2023,01/01/2023,06:37:24,-67.547613,-67.438685,01/01/2023 06:37,01/01/2023 03:37
KB_23_42768_43,Female,Killingbeck,2023,01/01/2023,06:39:20,-67.547301,-67.439677,01/01/2023 06:39,01/01/2023 03:39
KB_23_42768_43,Female,Killingbeck,2023,01/01/2023,06:41:19,-67.547318,-67.438979,01/01/2023 06:41,01/01/2023 03:41
KB_23_42768_43,Female,Killingbeck,2023,01/01/2023,06:43:18,-67.545895,-67.430089,01/01/2023 06:43,01/01/2023 03:43
KB_23_42768_43,Female,Killingbeck,2023,01/01/2023,06:45:17,-67.538638,-67.399087,01/01/2023 06:45,01/01/2023 03:45
KB_23_42768_43,Female,Killingbeck,2023,01/01/2023,06:47:21,-67.538911,-67.399641,01/01/2023 06:47,01/01/2023 03:47
KB_23_42768_43,Female,Killingbeck,2023,01/01/2023,06:49:18,-67.538779,-67.399196,01/01/2023 06:49,01/01/2023 03:49
KB_23_42768_43,Female,Killingbeck,2023,01/01/2023,06:51:17,-67.538725,-67.399019,01/01/2023 06:51,01/01/2023 03:51
KB_23_42768_43,Female,Killingbeck,2023,01/01/2023,06:53:19,-67.538796,-67.399051,01/01/2023 06:53,01/01/2023 03:53
KB_23_42768_43,Female,Killingbeck,2023,01/01/2023,06:55:18,-67.538757,-67.399009,01/01/2023 06:55,01/01/2023 03:55
KB_23_42768_43,Female,Killingbeck,2023,01/01/2023,06:57:17,-67.538808,-67.398947,01/01/2023 06:57,01/01/2023 03:57
KB_23_42768_43,Female,Killingbeck,2023,01/01/2023,06:59:20,-67.539595,-67.399605,01/01/2023 06:59,01/01/2023 03:59
KB_23_42768_43,Female,Killingbeck,2023,01/01/2023,07:01:16,-67.538691,-67.398987,01/01/2023 07:01,01/01/2023 04:01
KB_23_42768_43,Female,Killingbeck,2023,01/01/2023,07:03:16,-67.538847,-67.399056,01/01/2023 07:03,01/01/2023 04:03
KB_23_42768_43,Female,Killingbeck,2023,01/01/2023,07:05:17,-67.539656,-67.399837,01/01/2023 07:05,01/01/2023 04:05
KB_23_42768_43,Female,Killingbeck,2023,01/01/2023,07:07:16,-67.539594,-67.399837,01/01/2023 07:07,01/01/2023 04:07
KB_23_42768_43,Female,Killingbeck,2023,01/01/2023,07:09:15,-67.538887,-67.399093,01/01/2023 07:09,01/01/2023 04:09
KB_23_42768_43,Female,Killingbeck,2023,01/01/2023,07:11:14,-67.539955,-67.400117,01/01/2023 07:11,01/01/2023 04:11
KB_23_42768_43,Female,Killingbeck,2023,01/01/2023,07:13:11,-67.53879,-67.399171,01/01/2023 07:13,01/01/2023 04:13
KB_23_42768_43,Female,Killingbeck,2023,01/01/2023,07:15:12,-67.538377,-67.398572,01/01/2023 07:15,01/01/2023 04:15
KB_23_42768_43,Female,Killingbeck,2023,01/01/2023,07:17:10,-67.538921,-67.399135,01/01/2023 07:17,01/01/2023 04:17
KB_23_42768_43,Female,Killingbeck,2023,01/01/2023,07:19:09,-67.538592,-67.399074,01/01/2023 07:19,01/01/2023 04:19
KB_23_42768_43,Female,Killingbeck,2023,01/01/2023,07:21:07,-67.538619,-67.398932,01/01/2023 07:21,01/01/2023 04:21
KB_23_42768_43,Female,Killingbeck,2023,01/01/2023,07:23:07,-67.5386,-67.399011,01/01/2023 07:23,01/01/2023 04:23
KB_23_42768_43,Female,Killingbeck,2023,01/01/2023,07:25:05,-67.538615,-67.399095,01/01/2023 07:25,01/01/2023 04:25
KB_23_42768_43,Female,Killingbeck,2023,01/01/2023,07:27:06,-67.538591,-67.398909,01/01/2023 07:27,01/01/2023 04:27
KB_23_42768_43,Female,Killingbeck,2023,01/01/2023,07:29:06,-67.538626,-67.3991,01/01/2023 07:29,01/01/2023 04:29
KB_23_42768_43,Female,Killingbeck,2023,01/01/2023,07:31:05,-67.538667,-67.399084,01/01/2023 07:31,01/01/2023 04:31
KB_23_42768_43,Female,Killingbeck,2023,01/01/2023,07:33:05,-67.538576,-67.398797,01/01/2023 07:33,01/01/2023 04:33
KB_23_42768_43,Female,Killingbeck,2023,01/01/2023,07:35:14,-67.538613,-67.399077,01/01/2023 07:35,01/01/2023 04:35
KB_23_42768_43,Female,Killingbeck,2023,01/01/2023,07:37:03,-67.538591,-67.398949,01/01/2023 07:37,01/01/2023 04:37
KB_23_42768_43,Female,Killingbeck,2023,01/01/2023,07:39:01,-67.538579,-67.398908,01/01/2023 07:39,01/01/2023 04:39
KB_23_42768_43,Female,Killingbeck,2023,01/01/2023,07:41:02,-67.538569,-67.39871,01/01/2023 07:41,01/01/2023 04:41
KB_23_42768_43,Female,Killingbeck,2023,01/01/2023,07:43:00,-67.538686,-67.399229,01/01/2023 07:43,01/01/2023 04:43
KB_23_42768_43,Female,Killingbeck,2023,01/01/2023,07:44:59,-67.53869,-67.399086,01/01/2023 07:44,01/01/2023 04:44
KB_23_42768_43,Female,Killingbeck,2023,01/01/2023,07:47:00,-67.538567,-67.398929,01/01/2023 07:47,01/01/2023 04:47
KB_23_42768_43,Female,Killingbeck,2023,01/01/2023,07:48:58,-67.538572,-67.398669,01/01/2023 07:48,01/01/2023 04:48
KB_23_42768_43,Female,Killingbeck,2023,01/01/2023,07:50:56,-67.538637,-67.398906,01/01/2023 07:50,01/01/2023 04:50
KB_23_42768_43,Female,Killingbeck,2023,01/01/2023,07:52:57,-67.538513,-67.398535,01/01/2023 07:52,01/01/2023 04:52
KB_23_42768_43,Female,Killingbeck,2023,01/01/2023,07:54:54,-67.53864,-67.399108,01/01/2023 07:54,01/01/2023 04:54
KB_23_42768_43,Female,Killingbeck,2023,01/01/2023,07:56:58,-67.538319,-67.399734,01/01/2023 07:56,01/01/2023 04:56
KB_23_42768_43,Female,Killingbeck,2023,01/01/2023,07:58:55,-67.538532,-67.399275,01/01/2023 07:58,01/01/2023 04:58
KB_23_42768_43,Female,Killingbeck,2023,01/01/2023,08:00:56,-67.538508,-67.398816,01/01/2023 08:00,01/01/2023 05:00
KB_23_42768_43,Female,Killingbeck,2023,01/01/2023,08:02:56,-67.538275,-67.399769,01/01/2023 08:02,01/01/2023 05:02
KB_23_42768_43,Female,Killingbeck,2023,01/01/2023,08:04:53,-67.538678,-67.399222,01/01/2023 08:04,01/01/2023 05:04
KB_23_42768_43,Female,Killingbeck,2023,01/01/2023,08:06:52,-67.538646,-67.399181,01/01/2023 08:06,01/01/2023 05:06
KB_23_42768_43,Female,Killingbeck,2023,01/01/2023,08:08:51,-67.538667,-67.399134,01/01/2023 08:08,01/01/2023 05:08
KB_23_42768_43,Female,Killingbeck,2023,01/01/2023,08:10:49,-67.538648,-67.399042,01/01/2023 08:10,01/01/2023 05:10
KB_23_42768_43,Female,Killingbeck,2023,01/01/2023,08:12:48,-67.538656,-67.399036,01/01/2023 08:12,01/01/2023 05:12
KB_23_42768_43,Female,Killingbeck,2023,01/01/2023,08:14:48,-67.538645,-67.399099,01/01/2023 08:14,01/01/2023 05:14
KB_23_42768_43,Female,Killingbeck,2023,01/01/2023,08:16:47,-67.538677,-67.399076,01/01/2023 08:16,01/01/2023 05:16
KB_23_42768_43,Female,Killingbeck,2023,01/01/2023,08:18:46,-67.538564,-67.399136,01/01/2023 08:18,01/01/2023 05:18
KB_23_42768_43,Female,Killingbeck,2023,01/01/2023,08:20:45,-67.538618,-67.398956,01/01/2023 08:20,01/01/2023 05:20
KB_23_42768_43,Female,Killingbeck,2023,01/01/2023,08:22:44,-67.538679,-67.399061,01/01/2023 08:22,01/01/2023 05:22
KB_23_42768_43,Female,Killingbeck,2023,01/01/2023,08:24:42,-67.538641,-67.399238,01/01/2023 08:24,01/01/2023 05:24
KB_23_42768_43,Female,Killingbeck,2023,01/01/2023,08:26:43,-67.538679,-67.399038,01/01/2023 08:26,01/01/2023 05:26
KB_23_42768_43,Female,Killingbeck,2023,01/01/2023,08:28:44,-67.538571,-67.398819,01/01/2023 08:28,01/01/2023 05:28
KB_23_42768_43,Female,Killingbeck,2023,01/01/2023,08:30:41,-67.539085,-67.398522,01/01/2023 08:30,01/01/2023 05:30
KB_23_42768_43,Female,Killingbeck,2023,01/01/2023,08:32:40,-67.546556,-67.438353,01/01/2023 08:32,01/01/2023 05:32
KB_23_42768_43,Female,Killingbeck,2023,01/01/2023,08:34:39,-67.54583,-67.434145,01/01/2023 08:34,01/01/2023 05:34
KB_23_42768_43,Female,Killingbeck,2023,01/01/2023,08:38:11,-67.545107,-67.431677,01/01/2023 08:38,01/01/2023 05:38
KB_23_42768_43,Female,Killingbeck,2023,01/01/2023,08:40:08,-67.545182,-67.431282,01/01/2023 08:40,01/01/2023 05:40
KB_23_42768_43,Female,Killingbeck,2023,01/01/2023,08:43:37,-67.544625,-67.428797,01/01/2023 08:43,01/01/2023 05:43
KB_23_42768_43,Female,Killingbeck,2023,01/01/2023,08:45:36,-67.548066,-67.44218,01/01/2023 08:45,01/01/2023 05:45
KB_23_42768_43,Female,Killingbeck,2023,01/01/2023,08:47:36,-67.546955,-67.439746,01/01/2023 08:47,01/01/2023 05:47
KB_23_42768_43,Female,Killingbeck,2023,01/01/2023,08:49:49,-67.547002,-67.439539,01/01/2023 08:49,01/01/2023 05:49
KB_23_42768_43,Female,Killingbeck,2023,01/01/2023,08:51:47,-67.546289,-67.440165,01/01/2023 08:51,01/01/2023 05:51
KB_23_42768_43,Female,Killingbeck,2023,01/01/2023,08:53:46,-67.551426,-67.489466,01/01/2023 08:53,01/01/2023 05:53
KB_23_42768_43,Female,Killingbeck,2023,01/01/2023,08:55:46,-67.552487,-67.539944,01/01/2023 08:55,01/01/2023 05:55
KB_23_42768_43,Female,Killingbeck,2023,01/01/2023,08:57:44,-67.552416,-67.540298,01/01/2023 08:57,01/01/2023 05:57
KB_23_42768_43,Female,Killingbeck,2023,01/01/2023,08:59:46,-67.5524,-67.540057,01/01/2023 08:59,01/01/2023 05:59
KB_23_42768_43,Female,Killingbeck,2023,01/01/2023,09:01:45,-67.552419,-67.540006,01/01/2023 09:01,01/01/2023 06:01
KB_23_42768_43,Female,Killingbeck,2023,01/01/2023,09:03:44,-67.552394,-67.539942,01/01/2023 09:03,01/01/2023 06:03
KB_23_42768_43,Female,Killingbeck,2023,01/01/2023,09:05:43,-67.55243,-67.540016,01/01/2023 09:05,01/01/2023 06:05
KB_23_42768_43,Female,Killingbeck,2023,01/01/2023,09:07:43,-67.553743,-67.549037,01/01/2023 09:07,01/01/2023 06:07
KB_23_42768_43,Female,Killingbeck,2023,01/01/2023,09:09:41,-67.557608,-67.591843,01/01/2023 09:09,01/01/2023 06:09
KB_23_42768_43,Female,Killingbeck,2023,01/01/2023,09:11:40,-67.557842,-67.642644,01/01/2023 09:11,01/01/2023 06:11
KB_23_42768_43,Female,Killingbeck,2023,01/01/2023,09:13:40,-67.557604,-67.697206,01/01/2023 09:13,01/01/2023 06:13
KB_23_42768_43,Female,Killingbeck,2023,01/01/2023,09:15:39,-67.556545,-67.709193,01/01/2023 09:15,01/01/2023 06:15
KB_23_42768_43,Female,Killingbeck,2023,01/01/2023,09:17:38,-67.556611,-67.709112,01/01/2023 09:17,01/01/2023 06:17
KB_23_42768_43,Female,Killingbeck,2023,01/01/2023,09:19:37,-67.556541,-67.709159,01/01/2023 09:19,01/01/2023 06:19
KB_23_42768_43,Female,Killingbeck,2023,01/01/2023,09:21:36,-67.556581,-67.709209,01/01/2023 09:21,01/01/2023 06:21
KB_23_42768_43,Female,Killingbeck,2023,01/01/2023,09:23:35,-67.556602,-67.708977,01/01/2023 09:23,01/01/2023 06:23
KB_23_42768_43,Female,Killingbeck,2023,01/01/2023,09:25:34,-67.556565,-67.708947,01/01/2023 09:25,01/01/2023 06:25
KB_23_42768_43,Female,Killingbeck,2023,01/01/2023,09:27:33,-67.556584,-67.709054,01/01/2023 09:27,01/01/2023 06:27
KB_23_42768_43,Female,Killingbeck,2023,01/01/2023,09:29:33,-67.556165,-67.743661,01/01/2023 09:29,01/01/2023 06:29
KB_23_42768_43,Female,Killingbeck,2023,01/01/2023,09:31:34,-67.561898,-67.796224,01/01/2023 09:31,01/01/2023 06:31
KB_23_42768_43,Female,Killingbeck,2023,01/01/2023,09:33:33,-67.57376,-67.840057,01/01/2023 09:33,01/01/2023 06:33
KB_23_42768_43,Female,Killingbeck,2023,01/01/2023,09:35:32,-67.575538,-67.898758,01/01/2023 09:35,01/01/2023 06:35
KB_23_42768_43,Female,Killingbeck,2023,01/01/2023,09:37:31,-67.574536,-67.958534,01/01/2023 09:37,01/01/2023 06:37
KB_23_42768_43,Female,Killingbeck,2023,01/01/2023,09:39:30,-67.572965,-68.015774,01/01/2023 09:39,01/01/2023 06:39
KB_23_42768_43,Female,Killingbeck,2023,01/01/2023,09:41:38,-67.570639,-68.069561,01/01/2023 09:41,01/01/2023 06:41
KB_23_42768_43,Female,Killingbeck,2023,01/01/2023,09:43:30,-67.570641,-68.0694,01/01/2023 09:43,01/01/2023 06:43
KB_23_42768_43,Female,Killingbeck,2023,01/01/2023,09:45:29,-67.570641,-68.069485,01/01/2023 09:45,01/01/2023 06:45
KB_23_42768_43,Female,Killingbeck,2023,01/01/2023,09:47:30,-67.570533,-68.069478,01/01/2023 09:47,01/01/2023 06:47
KB_23_42768_43,Female,Killingbeck,2023,01/01/2023,09:49:34,-67.570586,-68.069495,01/01/2023 09:49,01/01/2023 06:49
KB_23_42768_43,Female,Killingbeck,2023,01/01/2023,09:51:39,-67.569793,-68.064671,01/01/2023 09:51,01/01/2023 06:51
KB_23_42768_43,Female,Killingbeck,2023,01/01/2023,09:53:29,-67.570329,-68.067511,01/01/2023 09:53,01/01/2023 06:53
KB_23_42768_43,Female,Killingbeck,2023,01/01/2023,09:55:26,-67.570636,-68.069434,01/01/2023 09:55,01/01/2023 06:55
KB_23_42768_43,Female,Killingbeck,2023,01/01/2023,09:57:25,-67.570668,-68.069495,01/01/2023 09:57,01/01/2023 06:57
KB_23_42768_43,Female,Killingbeck,2023,01/01/2023,09:59:24,-67.570681,-68.069554,01/01/2023 09:59,01/01/2023 06:59
KB_23_42768_43,Female,Killingbeck,2023,01/01/2023,10:01:06,-67.570689,-68.069417,01/01/2023 10:01,01/01/2023 07:01
KB_23_42768_43,Female,Killingbeck,2023,01/01/2023,10:03:04,-67.570587,-68.069424,01/01/2023 10:03,01/01/2023 07:03
KB_23_42768_43,Female,Killingbeck,2023,01/01/2023,10:05:06,-67.570423,-68.067797,01/01/2023 10:05,01/01/2023 07:05
KB_23_42768_43,Female,Killingbeck,2023,01/01/2023,10:07:05,-67.570646,-68.069548,01/01/2023 10:07,01/01/2023 07:07
KB_23_42768_43,Female,Killingbeck,2023,01/01/2023,10:09:02,-67.570563,-68.06942,01/01/2023 10:09,01/01/2023 07:09
KB_23_42768_43,Female,Killingbeck,2023,01/01/2023,10:11:01,-67.570667,-68.069422,01/01/2023 10:11,01/01/2023 07:11
KB_23_42768_43,Female,Killingbeck,2023,01/01/2023,10:13:00,-67.570558,-68.069383,01/01/2023 10:13,01/01/2023 07:13
KB_23_42768_43,Female,Killingbeck,2023,01/01/2023,10:15:01,-67.570605,-68.069483,01/01/2023 10:15,01/01/2023 07:15
KB_23_42768_43,Female,Killingbeck,2023,01/01/2023,10:17:00,-67.570709,-68.069726,01/01/2023 10:17,01/01/2023 07:17
KB_23_42768_43,Female,Killingbeck,2023,01/01/2023,10:18:57,-67.570686,-68.069584,01/01/2023 10:18,01/01/2023 07:18
KB_23_42768_43,Female,Killingbeck,2023,01/01/2023,10:20:56,-67.570643,-68.06942,01/01/2023 10:20,01/01/2023 07:20
KB_23_42768_43,Female,Killingbeck,2023,01/01/2023,10:22:57,-67.570577,-68.069342,01/01/2023 10:22,01/01/2023 07:22
KB_23_42768_43,Female,Killingbeck,2023,01/01/2023,10:24:54,-67.570543,-68.069321,01/01/2023 10:24,01/01/2023 07:24
KB_23_42768_43,Female,Killingbeck,2023,01/01/2023,10:27:06,-67.570588,-68.06936,01/01/2023 10:27,01/01/2023 07:27
KB_23_42768_43,Female,Killingbeck,2023,01/01/2023,10:28:54,-67.570596,-68.069451,01/01/2023 10:28,01/01/2023 07:28
KB_23_42768_43,Female,Killingbeck,2023,01/01/2023,10:30:42,-67.570607,-68.069286,01/01/2023 10:30,01/01/2023 07:30
KB_23_42768_43,Female,Killingbeck,2023,01/01/2023,10:32:41,-67.570497,-68.069576,01/01/2023 10:32,01/01/2023 07:32
KB_23_42768_43,Female,Killingbeck,2023,01/01/2023,10:34:41,-67.570781,-68.069633,01/01/2023 10:34,01/01/2023 07:34
KB_23_42768_43,Female,Killingbeck,2023,01/01/2023,10:36:39,-67.570597,-68.069472,01/01/2023 10:36,01/01/2023 07:36
KB_23_42768_43,Female,Killingbeck,2023,01/01/2023,10:38:37,-67.57058,-68.069429,01/01/2023 10:38,01/01/2023 07:38
KB_23_42768_43,Female,Killingbeck,2023,01/01/2023,10:40:36,-67.570574,-68.069682,01/01/2023 10:40,01/01/2023 07:40
KB_23_42768_43,Female,Killingbeck,2023,01/01/2023,10:42:35,-67.570545,-68.069522,01/01/2023 10:42,01/01/2023 07:42
KB_23_42768_43,Female,Killingbeck,2023,01/01/2023,10:44:35,-67.57048,-68.069532,01/01/2023 10:44,01/01/2023 07:44
KB_23_42768_43,Female,Killingbeck,2023,01/01/2023,10:46:36,-67.569553,-68.067364,01/01/2023 10:46,01/01/2023 07:46
KB_23_42768_43,Female,Killingbeck,2023,01/01/2023,10:48:33,-67.570509,-68.069512,01/01/2023 10:48,01/01/2023 07:48
KB_23_42768_43,Female,Killingbeck,2023,01/01/2023,10:50:31,-67.570541,-68.069665,01/01/2023 10:50,01/01/2023 07:50
KB_23_42768_43,Female,Killingbeck,2023,01/01/2023,10:52:30,-67.570562,-68.069555,01/01/2023 10:52,01/01/2023 07:52
KB_23_42768_43,Female,Killingbeck,2023,01/01/2023,10:54:31,-67.570636,-68.069487,01/01/2023 10:54,01/01/2023 07:54
KB_23_42768_43,Female,Killingbeck,2023,01/01/2023,10:56:29,-67.570586,-68.069417,01/01/2023 10:56,01/01/2023 07:56
KB_23_42768_43,Female,Killingbeck,2023,01/01/2023,10:58:28,-67.570479,-68.06949,01/01/2023 10:58,01/01/2023 07:58
KB_23_42768_43,Female,Killingbeck,2023,01/01/2023,11:00:25,-67.570499,-68.069615,01/01/2023 11:00,01/01/2023 08:00
KB_23_42768_43,Female,Killingbeck,2023,01/01/2023,11:02:24,-67.570619,-68.069334,01/01/2023 11:02,01/01/2023 08:02
KB_23_42768_43,Female,Killingbeck,2023,01/01/2023,11:04:24,-67.570551,-68.069524,01/01/2023 11:04,01/01/2023 08:04
KB_23_42768_43,Female,Killingbeck,2023,01/01/2023,11:06:22,-67.57057,-68.069808,01/01/2023 11:06,01/01/2023 08:06
KB_23_42768_43,Female,Killingbeck,2023,01/01/2023,11:08:22,-67.570559,-68.069501,01/01/2023 11:08,01/01/2023 08:08
KB_23_42768_43,Female,Killingbeck,2023,01/01/2023,11:10:21,-67.570604,-68.069834,01/01/2023 11:10,01/01/2023 08:10
KB_23_42768_43,Female,Killingbeck,2023,01/01/2023,11:12:22,-67.570556,-68.069759,01/01/2023 11:12,01/01/2023 08:12
KB_23_42768_43,Female,Killingbeck,2023,01/01/2023,11:14:19,-67.570634,-68.069638,01/01/2023 11:14,01/01/2023 08:14
KB_23_42768_43,Female,Killingbeck,2023,01/01/2023,11:16:18,-67.570617,-68.069882,01/01/2023 11:16,01/01/2023 08:16
KB_23_42768_43,Female,Killingbeck,2023,01/01/2023,11:18:17,-67.570601,-68.069519,01/01/2023 11:18,01/01/2023 08:18
KB_23_42768_43,Female,Killingbeck,2023,01/01/2023,11:20:16,-67.57065,-68.069592,01/01/2023 11:20,01/01/2023 08:20
KB_23_42768_43,Female,Killingbeck,2023,01/01/2023,11:22:14,-67.570622,-68.069888,01/01/2023 11:22,01/01/2023 08:22
KB_23_42768_43,Female,Killingbeck,2023,01/01/2023,11:24:14,-67.570595,-68.069663,01/01/2023 11:24,01/01/2023 08:24
KB_23_42768_43,Female,Killingbeck,2023,01/01/2023,11:26:14,-67.570632,-68.069816,01/01/2023 11:26,01/01/2023 08:26
KB_23_42768_43,Female,Killingbeck,2023,01/01/2023,11:28:14,-67.57063,-68.069566,01/01/2023 11:28,01/01/2023 08:28
KB_23_42768_43,Female,Killingbeck,2023,01/01/2023,11:30:10,-67.570645,-68.069588,01/01/2023 11:30,01/01/2023 08:30
KB_23_42768_43,Female,Killingbeck,2023,01/01/2023,11:32:09,-67.57062,-68.069496,01/01/2023 11:32,01/01/2023 08:32
KB_23_42768_43,Female,Killingbeck,2023,01/01/2023,11:34:08,-67.570655,-68.069952,01/01/2023 11:34,01/01/2023 08:34
KB_23_42768_43,Female,Killingbeck,2023,01/01/2023,11:36:07,-67.570608,-68.069774,01/01/2023 11:36,01/01/2023 08:36
KB_23_42768_43,Female,Killingbeck,2023,01/01/2023,11:38:06,-67.570608,-68.069749,01/01/2023 11:38,01/01/2023 08:38
KB_23_42768_43,Female,Killingbeck,2023,01/01/2023,11:40:05,-67.570625,-68.069481,01/01/2023 11:40,01/01/2023 08:40
KB_23_42768_43,Female,Killingbeck,2023,01/01/2023,11:42:04,-67.570659,-68.069682,01/01/2023 11:42,01/01/2023 08:42
KB_23_42768_43,Female,Killingbeck,2023,01/01/2023,11:44:02,-67.570644,-68.069593,01/01/2023 11:44,01/01/2023 08:44
KB_23_42768_43,Female,Killingbeck,2023,01/01/2023,11:46:01,-67.57068,-68.069661,01/01/2023 11:46,01/01/2023 08:46
KB_23_42768_43,Female,Killingbeck,2023,01/01/2023,11:48:00,-67.570644,-68.069564,01/01/2023 11:48,01/01/2023 08:48
KB_23_42768_43,Female,Killingbeck,2023,01/01/2023,11:49:59,-67.570632,-68.069522,01/01/2023 11:49,01/01/2023 08:49
KB_23_42768_43,Female,Killingbeck,2023,01/01/2023,11:51:59,-67.5706,-68.069605,01/01/2023 11:51,01/01/2023 08:51
KB_23_42768_43,Female,Killingbeck,2023,01/01/2023,11:53:58,-67.57059,-68.069445,01/01/2023 11:53,01/01/2023 08:53
KB_23_42768_43,Female,Killingbeck,2023,01/01/2023,11:55:57,-67.570671,-68.069628,01/01/2023 11:55,01/01/2023 08:55
KB_23_42768_43,Female,Killingbeck,2023,01/01/2023,11:57:56,-67.570577,-68.069387,01/01/2023 11:57,01/01/2023 08:57
KB_23_42768_43,Female,Killingbeck,2023,01/01/2023,11:59:44,-67.570643,-68.069498,01/01/2023 11:59,01/01/2023 08:59
KB_23_42768_43,Female,Killingbeck,2023,01/01/2023,12:01:43,-67.570649,-68.069548,01/01/2023 12:01,01/01/2023 09:01
KB_23_42768_43,Female,Killingbeck,2023,01/01/2023,12:03:42,-67.570614,-68.069535,01/01/2023 12:03,01/01/2023 09:03
KB_23_42768_43,Female,Killingbeck,2023,01/01/2023,12:05:41,-67.570679,-68.06941,01/01/2023 12:05,01/01/2023 09:05
KB_23_42768_43,Female,Killingbeck,2023,01/01/2023,12:07:40,-67.570656,-68.069475,01/01/2023 12:07,01/01/2023 09:07
KB_23_42768_43,Female,Killingbeck,2023,01/01/2023,12:09:39,-67.570634,-68.069433,01/01/2023 12:09,01/01/2023 09:09
KB_23_42768_43,Female,Killingbeck,2023,01/01/2023,12:11:38,-67.570637,-68.069529,01/01/2023 12:11,01/01/2023 09:11
KB_23_42768_43,Female,Killingbeck,2023,01/01/2023,12:13:37,-67.570636,-68.069595,01/01/2023 12:13,01/01/2023 09:13
KB_23_42768_43,Female,Killingbeck,2023,01/01/2023,12:15:36,-67.570657,-68.069558,01/01/2023 12:15,01/01/2023 09:15
KB_23_42768_43,Female,Killingbeck,2023,01/01/2023,12:17:36,-67.570653,-68.069599,01/01/2023 12:17,01/01/2023 09:17
KB_23_42768_43,Female,Killingbeck,2023,01/01/2023,12:19:35,-67.570648,-68.0696,01/01/2023 12:19,01/01/2023 09:19
KB_23_42768_43,Female,Killingbeck,2023,01/01/2023,12:21:35,-67.570711,-68.069731,01/01/2023 12:21,01/01/2023 09:21
KB_23_42768_43,Female,Killingbeck,2023,01/01/2023,12:23:34,-67.570555,-68.069483,01/01/2023 12:23,01/01/2023 09:23
KB_23_42768_43,Female,Killingbeck,2023,01/01/2023,12:25:33,-67.57062,-68.069573,01/01/2023 12:25,01/01/2023 09:25
KB_23_42768_43,Female,Killingbeck,2023,01/01/2023,12:27:32,-67.570613,-68.069526,01/01/2023 12:27,01/01/2023 09:27
KB_23_42768_43,Female,Killingbeck,2023,01/01/2023,12:29:20,-67.570646,-68.069592,01/01/2023 12:29,01/01/2023 09:29
KB_23_42768_43,Female,Killingbeck,2023,01/01/2023,12:31:19,-67.570593,-68.069609,01/01/2023 12:31,01/01/2023 09:31
KB_23_42768_43,Female,Killingbeck,2023,01/01/2023,12:33:19,-67.570646,-68.069541,01/01/2023 12:33,01/01/2023 09:33
KB_23_42768_43,Female,Killingbeck,2023,01/01/2023,12:35:17,-67.570621,-68.069533,01/01/2023 12:35,01/01/2023 09:35
KB_23_42768_43,Female,Killingbeck,2023,01/01/2023,12:37:16,-67.570591,-68.069513,01/01/2023 12:37,01/01/2023 09:37
KB_23_42768_43,Female,Killingbeck,2023,01/01/2023,12:39:15,-67.570624,-68.069497,01/01/2023 12:39,01/01/2023 09:39
KB_23_42768_43,Female,Killingbeck,2023,01/01/2023,12:41:14,-67.570609,-68.069605,01/01/2023 12:41,01/01/2023 09:41
KB_23_42768_43,Female,Killingbeck,2023,01/01/2023,12:43:13,-67.570605,-68.06949,01/01/2023 12:43,01/01/2023 09:43
KB_23_42768_43,Female,Killingbeck,2023,01/01/2023,12:45:12,-67.570599,-68.069569,01/01/2023 12:45,01/01/2023 09:45
KB_23_42768_43,Female,Killingbeck,2023,01/01/2023,12:47:11,-67.570669,-68.069743,01/01/2023 12:47,01/01/2023 09:47
KB_23_42768_43,Female,Killingbeck,2023,01/01/2023,12:49:11,-67.570747,-68.069749,01/01/2023 12:49,01/01/2023 09:49
KB_23_42768_43,Female,Killingbeck,2023,01/01/2023,12:51:09,-67.570518,-68.069372,01/01/2023 12:51,01/01/2023 09:51
KB_23_42768_43,Female,Killingbeck,2023,01/01/2023,12:53:08,-67.570631,-68.069583,01/01/2023 12:53,01/01/2023 09:53
KB_23_42768_43,Female,Killingbeck,2023,01/01/2023,12:55:07,-67.570566,-68.069406,01/01/2023 12:55,01/01/2023 09:55
KB_23_42768_43,Female,Killingbeck,2023,01/01/2023,12:57:06,-67.570646,-68.06962,01/01/2023 12:57,01/01/2023 09:57
KB_23_42768_43,Female,Killingbeck,2023,01/01/2023,12:59:07,-67.570635,-68.069569,01/01/2023 12:59,01/01/2023 09:59
KB_23_42768_43,Female,Killingbeck,2023,01/01/2023,13:01:07,-67.570662,-68.069633,01/01/2023 13:01,01/01/2023 10:01
KB_23_42768_43,Female,Killingbeck,2023,01/01/2023,13:03:06,-67.570546,-68.069673,01/01/2023 13:03,01/01/2023 10:03
KB_23_42768_43,Female,Killingbeck,2023,01/01/2023,13:05:05,-67.570653,-68.06961,01/01/2023 13:05,01/01/2023 10:05
KB_23_42768_43,Female,Killingbeck,2023,01/01/2023,13:07:03,-67.57062,-68.06952,01/01/2023 13:07,01/01/2023 10:07
KB_23_42768_43,Female,Killingbeck,2023,01/01/2023,13:09:02,-67.570624,-68.069479,01/01/2023 13:09,01/01/2023 10:09
KB_23_42768_43,Female,Killingbeck,2023,01/01/2023,13:11:01,-67.570684,-68.069634,01/01/2023 13:11,01/01/2023 10:11
KB_23_42768_43,Female,Killingbeck,2023,01/01/2023,13:13:00,-67.570604,-68.069721,01/01/2023 13:13,01/01/2023 10:13
KB_23_42768_43,Female,Killingbeck,2023,01/01/2023,13:15:01,-67.570656,-68.069705,01/01/2023 13:15,01/01/2023 10:15
KB_23_42768_43,Female,Killingbeck,2023,01/01/2023,13:17:00,-67.570623,-68.069589,01/01/2023 13:17,01/01/2023 10:17
KB_23_42768_43,Female,Killingbeck,2023,01/01/2023,13:18:58,-67.570637,-68.06955,01/01/2023 13:18,01/01/2023 10:18
KB_23_42768_43,Female,Killingbeck,2023,01/01/2023,13:20:58,-67.570708,-68.069723,01/01/2023 13:20,01/01/2023 10:20
KB_23_42768_43,Female,Killingbeck,2023,01/01/2023,13:22:58,-67.570689,-68.069551,01/01/2023 13:22,01/01/2023 10:22
KB_23_42768_43,Female,Killingbeck,2023,01/01/2023,13:24:56,-67.57071,-68.069626,01/01/2023 13:24,01/01/2023 10:24
KB_23_42768_43,Female,Killingbeck,2023,01/01/2023,13:26:58,-67.57146,-68.069274,01/01/2023 13:26,01/01/2023 10:26
KB_23_42768_43,Female,Killingbeck,2023,01/01/2023,13:28:43,-67.570717,-68.06972,01/01/2023 13:28,01/01/2023 10:28
KB_23_42768_43,Female,Killingbeck,2023,01/01/2023,13:30:43,-67.570611,-68.069506,01/01/2023 13:30,01/01/2023 10:30
KB_23_42768_43,Female,Killingbeck,2023,01/01/2023,13:32:42,-67.570661,-68.069555,01/01/2023 13:32,01/01/2023 10:32
KB_23_42768_43,Female,Killingbeck,2023,01/01/2023,13:34:41,-67.570583,-68.069459,01/01/2023 13:34,01/01/2023 10:34
KB_23_42768_43,Female,Killingbeck,2023,01/01/2023,13:36:40,-67.570602,-68.069519,01/01/2023 13:36,01/01/2023 10:36
KB_23_42768_43,Female,Killingbeck,2023,01/01/2023,13:38:41,-67.571159,-68.070028,01/01/2023 13:38,01/01/2023 10:38
KB_23_42768_43,Female,Killingbeck,2023,01/01/2023,13:40:41,-67.570939,-68.069472,01/01/2023 13:40,01/01/2023 10:40
KB_23_42768_43,Female,Killingbeck,2023,01/01/2023,13:42:39,-67.570728,-68.069565,01/01/2023 13:42,01/01/2023 10:42
KB_23_42768_43,Female,Killingbeck,2023,01/01/2023,13:44:38,-67.570743,-68.069516,01/01/2023 13:44,01/01/2023 10:44
KB_23_42768_43,Female,Killingbeck,2023,01/01/2023,13:46:35,-67.570713,-68.069495,01/01/2023 13:46,01/01/2023 10:46
KB_23_42768_43,Female,Killingbeck,2023,01/01/2023,13:48:33,-67.570753,-68.06977,01/01/2023 13:48,01/01/2023 10:48
KB_23_42768_43,Female,Killingbeck,2023,01/01/2023,13:50:33,-67.570768,-68.069632,01/01/2023 13:50,01/01/2023 10:50
KB_23_42768_43,Female,Killingbeck,2023,01/01/2023,13:52:31,-67.570694,-68.069486,01/01/2023 13:52,01/01/2023 10:52
KB_23_42768_43,Female,Killingbeck,2023,01/01/2023,13:54:31,-67.570697,-68.069515,01/01/2023 13:54,01/01/2023 10:54
KB_23_42768_43,Female,Killingbeck,2023,01/01/2023,13:56:32,-67.570538,-68.069353,01/01/2023 13:56,01/01/2023 10:56
KB_23_42768_43,Female,Killingbeck,2023,01/01/2023,13:58:18,-67.57067,-68.069462,01/01/2023 13:58,01/01/2023 10:58
KB_23_42768_43,Female,Killingbeck,2023,01/01/2023,14:00:16,-67.570701,-68.069579,01/01/2023 14:00,01/01/2023 11:00
KB_23_42768_43,Female,Killingbeck,2023,01/01/2023,14:02:16,-67.570684,-68.069442,01/01/2023 14:02,01/01/2023 11:02
KB_23_42768_43,Female,Killingbeck,2023,01/01/2023,14:04:15,-67.570672,-68.069552,01/01/2023 14:04,01/01/2023 11:04
KB_23_42768_43,Female,Killingbeck,2023,01/01/2023,14:06:15,-67.57067,-68.069391,01/01/2023 14:06,01/01/2023 11:06
KB_23_42768_43,Female,Killingbeck,2023,01/01/2023,14:08:14,-67.570666,-68.069578,01/01/2023 14:08,01/01/2023 11:08
KB_23_42768_43,Female,Killingbeck,2023,01/01/2023,14:10:12,-67.570701,-68.069795,01/01/2023 14:10,01/01/2023 11:10
KB_23_42768_43,Female,Killingbeck,2023,01/01/2023,14:12:11,-67.570703,-68.069635,01/01/2023 14:12,01/01/2023 11:12
KB_23_42768_43,Female,Killingbeck,2023,01/01/2023,14:14:11,-67.570655,-68.069268,01/01/2023 14:14,01/01/2023 11:14
KB_23_42768_43,Female,Killingbeck,2023,01/01/2023,14:16:09,-67.570716,-68.069721,01/01/2023 14:16,01/01/2023 11:16
KB_23_42768_43,Female,Killingbeck,2023,01/01/2023,14:18:08,-67.570703,-68.069783,01/01/2023 14:18,01/01/2023 11:18
KB_23_42768_43,Female,Killingbeck,2023,01/01/2023,14:20:08,-67.570757,-68.070076,01/01/2023 14:20,01/01/2023 11:20
KB_23_42768_43,Female,Killingbeck,2023,01/01/2023,14:22:07,-67.570679,-68.069826,01/01/2023 14:22,01/01/2023 11:22
KB_23_42768_43,Female,Killingbeck,2023,01/01/2023,14:24:06,-67.570686,-68.069415,01/01/2023 14:24,01/01/2023 11:24
KB_23_42768_43,Female,Killingbeck,2023,01/01/2023,14:26:05,-67.570676,-68.069387,01/01/2023 14:26,01/01/2023 11:26
KB_23_42768_43,Female,Killingbeck,2023,01/01/2023,14:28:05,-67.570723,-68.069663,01/01/2023 14:28,01/01/2023 11:28
KB_23_42768_43,Female,Killingbeck,2023,01/01/2023,14:30:04,-67.570717,-68.0698,01/01/2023 14:30,01/01/2023 11:30
KB_23_42768_43,Female,Killingbeck,2023,01/01/2023,14:32:03,-67.570706,-68.069627,01/01/2023 14:32,01/01/2023 11:32
KB_23_42768_43,Female,Killingbeck,2023,01/01/2023,14:34:02,-67.57068,-68.069611,01/01/2023 14:34,01/01/2023 11:34
KB_23_42768_43,Female,Killingbeck,2023,01/01/2023,14:36:01,-67.570676,-68.069274,01/01/2023 14:36,01/01/2023 11:36
KB_23_42768_43,Female,Killingbeck,2023,01/01/2023,14:38:00,-67.570641,-68.069538,01/01/2023 14:38,01/01/2023 11:38
KB_23_42768_43,Female,Killingbeck,2023,01/01/2023,14:39:59,-67.570726,-68.069594,01/01/2023 14:39,01/01/2023 11:39
KB_23_42768_43,Female,Killingbeck,2023,01/01/2023,14:41:58,-67.570638,-68.069535,01/01/2023 14:41,01/01/2023 11:41
KB_23_42768_43,Female,Killingbeck,2023,01/01/2023,14:43:57,-67.570701,-68.06962,01/01/2023 14:43,01/01/2023 11:43
KB_23_42768_43,Female,Killingbeck,2023,01/01/2023,14:45:56,-67.570679,-68.069637,01/01/2023 14:45,01/01/2023 11:45
KB_23_42768_43,Female,Killingbeck,2023,01/01/2023,14:47:55,-67.570687,-68.069455,01/01/2023 14:47,01/01/2023 11:47
KB_23_42768_43,Female,Killingbeck,2023,01/01/2023,14:49:55,-67.570705,-68.069591,01/01/2023 14:49,01/01/2023 11:49
KB_23_42768_43,Female,Killingbeck,2023,01/01/2023,14:51:54,-67.570701,-68.069544,01/01/2023 14:51,01/01/2023 11:51
KB_23_42768_43,Female,Killingbeck,2023,01/01/2023,14:53:53,-67.570721,-68.069719,01/01/2023 14:53,01/01/2023 11:53
KB_23_42768_43,Female,Killingbeck,2023,01/01/2023,14:55:52,-67.57073,-68.069724,01/01/2023 14:55,01/01/2023 11:55
KB_23_42768_43,Female,Killingbeck,2023,01/01/2023,14:57:51,-67.570705,-68.069622,01/01/2023 14:57,01/01/2023 11:57
KB_23_42768_43,Female,Killingbeck,2023,01/01/2023,14:59:50,-67.570777,-68.069782,01/01/2023 14:59,01/01/2023 11:59
KB_23_42768_43,Female,Killingbeck,2023,01/01/2023,15:01:49,-67.570721,-68.069666,01/01/2023 15:01,01/01/2023 12:01
KB_23_42768_43,Female,Killingbeck,2023,01/01/2023,15:03:48,-67.570714,-68.069734,01/01/2023 15:03,01/01/2023 12:03
KB_23_42768_43,Female,Killingbeck,2023,01/01/2023,15:05:47,-67.570723,-68.069754,01/01/2023 15:05,01/01/2023 12:05
KB_23_42768_43,Female,Killingbeck,2023,01/01/2023,15:07:46,-67.570753,-68.069765,01/01/2023 15:07,01/01/2023 12:07
KB_23_42768_43,Female,Killingbeck,2023,01/01/2023,15:09:46,-67.570703,-68.069496,01/01/2023 15:09,01/01/2023 12:09
KB_23_42768_43,Female,Killingbeck,2023,01/01/2023,15:11:45,-67.570575,-68.069528,01/01/2023 15:11,01/01/2023 12:11
KB_23_42768_43,Female,Killingbeck,2023,01/01/2023,15:13:43,-67.570683,-68.069639,01/01/2023 15:13,01/01/2023 12:13
KB_23_42768_43,Female,Killingbeck,2023,01/01/2023,15:15:43,-67.570638,-68.069518,01/01/2023 15:15,01/01/2023 12:15
KB_23_42768_43,Female,Killingbeck,2023,01/01/2023,15:17:41,-67.570679,-68.069603,01/01/2023 15:17,01/01/2023 12:17
KB_23_42768_43,Female,Killingbeck,2023,01/01/2023,15:19:41,-67.570702,-68.069741,01/01/2023 15:19,01/01/2023 12:19
KB_23_42768_43,Female,Killingbeck,2023,01/01/2023,15:21:40,-67.570687,-68.069662,01/01/2023 15:21,01/01/2023 12:21
KB_23_42768_43,Female,Killingbeck,2023,01/01/2023,15:23:39,-67.570698,-68.069723,01/01/2023 15:23,01/01/2023 12:23
KB_23_42768_43,Female,Killingbeck,2023,01/01/2023,15:25:38,-67.570681,-68.069768,01/01/2023 15:25,01/01/2023 12:25
KB_23_42768_43,Female,Killingbeck,2023,01/01/2023,15:27:38,-67.570701,-68.06969,01/01/2023 15:27,01/01/2023 12:27
KB_23_42768_43,Female,Killingbeck,2023,01/01/2023,15:29:37,-67.570714,-68.069677,01/01/2023 15:29,01/01/2023 12:29
KB_23_42768_43,Female,Killingbeck,2023,01/01/2023,15:31:38,-67.570353,-68.070015,01/01/2023 15:31,01/01/2023 12:31
KB_23_42768_43,Female,Killingbeck,2023,01/01/2023,15:33:35,-67.570583,-68.069525,01/01/2023 15:33,01/01/2023 12:33
KB_23_42768_43,Female,Killingbeck,2023,01/01/2023,15:35:34,-67.570692,-68.069831,01/01/2023 15:35,01/01/2023 12:35
KB_23_42768_43,Female,Killingbeck,2023,01/01/2023,15:37:36,-67.570738,-68.069883,01/01/2023 15:37,01/01/2023 12:37
KB_23_42768_43,Female,Killingbeck,2023,01/01/2023,15:39:31,-67.570665,-68.069622,01/01/2023 15:39,01/01/2023 12:39
KB_23_42768_43,Female,Killingbeck,2023,01/01/2023,15:41:30,-67.57055,-68.069621,01/01/2023 15:41,01/01/2023 12:41
KB_23_42768_43,Female,Killingbeck,2023,01/01/2023,15:43:29,-67.570806,-68.070209,01/01/2023 15:43,01/01/2023 12:43
KB_23_42768_43,Female,Killingbeck,2023,01/01/2023,15:45:31,-67.570512,-68.069925,01/01/2023 15:45,01/01/2023 12:45
KB_23_42768_43,Female,Killingbeck,2023,01/01/2023,15:47:27,-67.570681,-68.069633,01/01/2023 15:47,01/01/2023 12:47
KB_23_42768_43,Female,Killingbeck,2023,01/01/2023,15:49:34,-67.571061,-68.070201,01/01/2023 15:49,01/01/2023 12:49
KB_23_42768_43,Female,Killingbeck,2023,01/01/2023,15:51:29,-67.570419,-68.069498,01/01/2023 15:51,01/01/2023 12:51
KB_23_42768_43,Female,Killingbeck,2023,01/01/2023,15:53:27,-67.570553,-68.069564,01/01/2023 15:53,01/01/2023 12:53
KB_23_42768_43,Female,Killingbeck,2023,01/01/2023,15:55:39,-67.570376,-68.070541,01/01/2023 15:55,01/01/2023 12:55
KB_23_42768_43,Female,Killingbeck,2023,01/01/2023,15:57:28,-67.570413,-68.069462,01/01/2023 15:57,01/01/2023 12:57
KB_23_42768_43,Female,Killingbeck,2023,01/01/2023,15:59:25,-67.570665,-68.06973,01/01/2023 15:59,01/01/2023 12:59
KB_23_42768_43,Female,Killingbeck,2023,01/01/2023,16:01:24,-67.57065,-68.06959,01/01/2023 16:01,01/01/2023 13:01
KB_23_42768_43,Female,Killingbeck,2023,01/01/2023,16:03:23,-67.570695,-68.069721,01/01/2023 16:03,01/01/2023 13:03
KB_23_42768_43,Female,Killingbeck,2023,01/01/2023,16:05:22,-67.570674,-68.06971,01/01/2023 16:05,01/01/2023 13:05
KB_23_42768_43,Female,Killingbeck,2023,01/01/2023,16:07:21,-67.570721,-68.069818,01/01/2023 16:07,01/01/2023 13:07
KB_23_42768_43,Female,Killingbeck,2023,01/01/2023,16:09:20,-67.570719,-68.069837,01/01/2023 16:09,01/01/2023 13:09
KB_23_42768_43,Female,Killingbeck,2023,01/01/2023,16:11:19,-67.570647,-68.069604,01/01/2023 16:11,01/01/2023 13:11
KB_23_42768_43,Female,Killingbeck,2023,01/01/2023,16:13:17,-67.570716,-68.069792,01/01/2023 16:13,01/01/2023 13:13
KB_23_42768_43,Female,Killingbeck,2023,01/01/2023,16:15:16,-67.570618,-68.069575,01/01/2023 16:15,01/01/2023 13:15
KB_23_42768_43,Female,Killingbeck,2023,01/01/2023,16:17:16,-67.570714,-68.069762,01/01/2023 16:17,01/01/2023 13:17
KB_23_42768_43,Female,Killingbeck,2023,01/01/2023,16:19:15,-67.570716,-68.069751,01/01/2023 16:19,01/01/2023 13:19
KB_23_42768_43,Female,Killingbeck,2023,01/01/2023,16:21:16,-67.570716,-68.069751,01/01/2023 16:21,01/01/2023 13:21
KB_23_42768_43,Female,Killingbeck,2023,01/01/2023,16:23:16,-67.570766,-68.069951,01/01/2023 16:23,01/01/2023 13:23
KB_23_42768_43,Female,Killingbeck,2023,01/01/2023,16:25:25,-67.57073,-68.069878,01/01/2023 16:25,01/01/2023 13:25
KB_23_42768_43,Female,Killingbeck,2023,01/01/2023,16:27:11,-67.570698,-68.069684,01/01/2023 16:27,01/01/2023 13:27
KB_23_42768_43,Female,Killingbeck,2023,01/01/2023,16:29:10,-67.570734,-68.069831,01/01/2023 16:29,01/01/2023 13:29
KB_23_42768_43,Female,Killingbeck,2023,01/01/2023,16:31:08,-67.570726,-68.069708,01/01/2023 16:31,01/01/2023 13:31
KB_23_42768_43,Female,Killingbeck,2023,01/01/2023,16:33:08,-67.570696,-68.069707,01/01/2023 16:33,01/01/2023 13:33
KB_23_42768_43,Female,Killingbeck,2023,01/01/2023,16:35:06,-67.570651,-68.069658,01/01/2023 16:35,01/01/2023 13:35
KB_23_42768_43,Female,Killingbeck,2023,01/01/2023,16:37:06,-67.57068,-68.06984,01/01/2023 16:37,01/01/2023 13:37
KB_23_42768_43,Female,Killingbeck,2023,01/01/2023,16:39:05,-67.570676,-68.069641,01/01/2023 16:39,01/01/2023 13:39
KB_23_42768_43,Female,Killingbeck,2023,01/01/2023,16:41:06,-67.5707,-68.069654,01/01/2023 16:41,01/01/2023 13:41
KB_23_42768_43,Female,Killingbeck,2023,01/01/2023,16:43:05,-67.57067,-68.069645,01/01/2023 16:43,01/01/2023 13:43
KB_23_42768_43,Female,Killingbeck,2023,01/01/2023,16:45:04,-67.570693,-68.069707,01/01/2023 16:45,01/01/2023 13:45
KB_23_42768_43,Female,Killingbeck,2023,01/01/2023,16:47:03,-67.570906,-68.070106,01/01/2023 16:47,01/01/2023 13:47
KB_23_42768_43,Female,Killingbeck,2023,01/01/2023,16:49:13,-67.570643,-68.069654,01/01/2023 16:49,01/01/2023 13:49
KB_23_42768_43,Female,Killingbeck,2023,01/01/2023,16:51:00,-67.570693,-68.069639,01/01/2023 16:51,01/01/2023 13:51
KB_23_42768_43,Female,Killingbeck,2023,01/01/2023,16:53:00,-67.570704,-68.069619,01/01/2023 16:53,01/01/2023 13:53
KB_23_42768_43,Female,Killingbeck,2023,01/01/2023,16:54:59,-67.570682,-68.069767,01/01/2023 16:54,01/01/2023 13:54
KB_23_42768_43,Female,Killingbeck,2023,01/01/2023,16:56:59,-67.570733,-68.069835,01/01/2023 16:56,01/01/2023 13:56
KB_23_42768_43,Female,Killingbeck,2023,01/01/2023,16:58:58,-67.570664,-68.069674,01/01/2023 16:58,01/01/2023 13:58
KB_23_42768_43,Female,Killingbeck,2023,01/01/2023,17:00:57,-67.570672,-68.069538,01/01/2023 17:00,01/01/2023 14:00
KB_23_42768_43,Female,Killingbeck,2023,01/01/2023,17:02:56,-67.570645,-68.069555,01/01/2023 17:02,01/01/2023 14:02
KB_23_42768_43,Female,Killingbeck,2023,01/01/2023,17:04:55,-67.570736,-68.069804,01/01/2023 17:04,01/01/2023 14:04
KB_23_42768_43,Female,Killingbeck,2023,01/01/2023,17:06:55,-67.570643,-68.069619,01/01/2023 17:06,01/01/2023 14:06
KB_23_42768_43,Female,Killingbeck,2023,01/01/2023,17:08:53,-67.570674,-68.069733,01/01/2023 17:08,01/01/2023 14:08
KB_23_42768_43,Female,Killingbeck,2023,01/01/2023,17:10:53,-67.570563,-68.069516,01/01/2023 17:10,01/01/2023 14:10
KB_23_42768_43,Female,Killingbeck,2023,01/01/2023,17:12:52,-67.570722,-68.06971,01/01/2023 17:12,01/01/2023 14:12
KB_23_42768_43,Female,Killingbeck,2023,01/01/2023,17:14:53,-67.570669,-68.069706,01/01/2023 17:14,01/01/2023 14:14
KB_23_42768_43,Female,Killingbeck,2023,01/01/2023,17:16:49,-67.570631,-68.06965,01/01/2023 17:16,01/01/2023 14:16
KB_23_42768_43,Female,Killingbeck,2023,01/01/2023,17:18:58,-67.570677,-68.069706,01/01/2023 17:18,01/01/2023 14:18
KB_23_42768_43,Female,Killingbeck,2023,01/01/2023,17:20:50,-67.570663,-68.069838,01/01/2023 17:20,01/01/2023 14:20
KB_23_42768_43,Female,Killingbeck,2023,01/01/2023,17:22:47,-67.570675,-68.069858,01/01/2023 17:22,01/01/2023 14:22
KB_23_42768_43,Female,Killingbeck,2023,01/01/2023,17:24:47,-67.5707,-68.06983,01/01/2023 17:24,01/01/2023 14:24
KB_23_42768_43,Female,Killingbeck,2023,01/01/2023,17:26:46,-67.570644,-68.069869,01/01/2023 17:26,01/01/2023 14:26
KB_23_42768_43,Female,Killingbeck,2023,01/01/2023,17:28:45,-67.570698,-68.069943,01/01/2023 17:28,01/01/2023 14:28
KB_23_42768_43,Female,Killingbeck,2023,01/01/2023,17:30:44,-67.570796,-68.069701,01/01/2023 17:30,01/01/2023 14:30
KB_23_42768_43,Female,Killingbeck,2023,01/01/2023,17:32:52,-67.570902,-68.069737,01/01/2023 17:32,01/01/2023 14:32
KB_23_42768_43,Female,Killingbeck,2023,01/01/2023,17:34:56,-67.571073,-68.06964,01/01/2023 17:34,01/01/2023 14:34
KB_23_42768_43,Female,Killingbeck,2023,01/01/2023,17:36:45,-67.57087,-68.069831,01/01/2023 17:36,01/01/2023 14:36
KB_23_42768_43,Female,Killingbeck,2023,01/01/2023,17:38:42,-67.570731,-68.069608,01/01/2023 17:38,01/01/2023 14:38
KB_23_42768_43,Female,Killingbeck,2023,01/01/2023,17:40:41,-67.570708,-68.069871,01/01/2023 17:40,01/01/2023 14:40
KB_23_42768_43,Female,Killingbeck,2023,01/01/2023,17:42:41,-67.57067,-68.070008,01/01/2023 17:42,01/01/2023 14:42
KB_23_42768_43,Female,Killingbeck,2023,01/01/2023,17:44:49,-67.57063,-68.069838,01/01/2023 17:44,01/01/2023 14:44
KB_23_42768_43,Female,Killingbeck,2023,01/01/2023,17:46:41,-67.570736,-68.070043,01/01/2023 17:46,01/01/2023 14:46
KB_23_42768_43,Female,Killingbeck,2023,01/01/2023,17:48:38,-67.570704,-68.069745,01/01/2023 17:48,01/01/2023 14:48
KB_23_42768_43,Female,Killingbeck,2023,01/01/2023,17:50:36,-67.5707,-68.069873,01/01/2023 17:50,01/01/2023 14:50
KB_23_42768_43,Female,Killingbeck,2023,01/01/2023,17:52:37,-67.570671,-68.069611,01/01/2023 17:52,01/01/2023 14:52
KB_23_42768_43,Female,Killingbeck,2023,01/01/2023,17:54:38,-67.570721,-68.069535,01/01/2023 17:54,01/01/2023 14:54
KB_23_42768_43,Female,Killingbeck,2023,01/01/2023,17:58:01,-67.570192,-68.069776,01/01/2023 17:58,01/01/2023 14:58
KB_23_42768_43,Female,Killingbeck,2023,01/01/2023,17:59:59,-67.570698,-68.069818,01/01/2023 17:59,01/01/2023 14:59
KB_23_42768_43,Female,Killingbeck,2023,01/01/2023,18:02:01,-67.57273,-68.064989,01/01/2023 18:02,01/01/2023 15:02
KB_23_42768_43,Female,Killingbeck,2023,01/01/2023,18:03:55,-67.57068,-68.069846,01/01/2023 18:03,01/01/2023 15:03
KB_23_42768_43,Female,Killingbeck,2023,01/01/2023,18:05:54,-67.570734,-68.069838,01/01/2023 18:05,01/01/2023 15:05
KB_23_42768_43,Female,Killingbeck,2023,01/01/2023,18:07:56,-67.570594,-68.069812,01/01/2023 18:07,01/01/2023 15:07
KB_23_42768_43,Female,Killingbeck,2023,01/01/2023,18:09:52,-67.570633,-68.069752,01/01/2023 18:09,01/01/2023 15:09
KB_23_42768_43,Female,Killingbeck,2023,01/01/2023,18:11:54,-67.570324,-68.069633,01/01/2023 18:11,01/01/2023 15:11
KB_23_42768_43,Female,Killingbeck,2023,01/01/2023,18:13:50,-67.570546,-68.069621,01/01/2023 18:13,01/01/2023 15:13
KB_23_42768_43,Female,Killingbeck,2023,01/01/2023,18:15:49,-67.570686,-68.069761,01/01/2023 18:15,01/01/2023 15:15
KB_23_42768_43,Female,Killingbeck,2023,01/01/2023,18:17:51,-67.570639,-68.069416,01/01/2023 18:17,01/01/2023 15:17
KB_23_42768_43,Female,Killingbeck,2023,01/01/2023,18:19:47,-67.570608,-68.069852,01/01/2023 18:19,01/01/2023 15:19
KB_23_42768_43,Female,Killingbeck,2023,01/01/2023,18:21:50,-67.570675,-68.069517,01/01/2023 18:21,01/01/2023 15:21
KB_23_42768_43,Female,Killingbeck,2023,01/01/2023,18:23:46,-67.570675,-68.069561,01/01/2023 18:23,01/01/2023 15:23
KB_23_42768_43,Female,Killingbeck,2023,01/01/2023,18:25:45,-67.570644,-68.06965,01/01/2023 18:25,01/01/2023 15:25
KB_23_42768_43,Female,Killingbeck,2023,01/01/2023,18:27:33,-67.570733,-68.06988,01/01/2023 18:27,01/01/2023 15:27
KB_23_42768_43,Female,Killingbeck,2023,01/01/2023,18:29:32,-67.570703,-68.069722,01/01/2023 18:29,01/01/2023 15:29
KB_23_42768_43,Female,Killingbeck,2023,01/01/2023,18:31:31,-67.570622,-68.069649,01/01/2023 18:31,01/01/2023 15:31
KB_23_42768_43,Female,Killingbeck,2023,01/01/2023,18:33:30,-67.570629,-68.069527,01/01/2023 18:33,01/01/2023 15:33
KB_23_42768_43,Female,Killingbeck,2023,01/01/2023,18:35:29,-67.57057,-68.069653,01/01/2023 18:35,01/01/2023 15:35
KB_23_42768_43,Female,Killingbeck,2023,01/01/2023,18:37:28,-67.570708,-68.069961,01/01/2023 18:37,01/01/2023 15:37
KB_23_42768_43,Female,Killingbeck,2023,01/01/2023,18:39:27,-67.570691,-68.069695,01/01/2023 18:39,01/01/2023 15:39
KB_23_42768_43,Female,Killingbeck,2023,01/01/2023,18:41:27,-67.570807,-68.070104,01/01/2023 18:41,01/01/2023 15:41
KB_23_42768_43,Female,Killingbeck,2023,01/01/2023,18:43:26,-67.570663,-68.06976,01/01/2023 18:43,01/01/2023 15:43
KB_23_42768_43,Female,Killingbeck,2023,01/01/2023,18:45:27,-67.570392,-68.069621,01/01/2023 18:45,01/01/2023 15:45
KB_23_42768_43,Female,Killingbeck,2023,01/01/2023,18:47:26,-67.570638,-68.06958,01/01/2023 18:47,01/01/2023 15:47
KB_23_42768_43,Female,Killingbeck,2023,01/01/2023,18:49:23,-67.570638,-68.069519,01/01/2023 18:49,01/01/2023 15:49
KB_23_42768_43,Female,Killingbeck,2023,01/01/2023,18:51:22,-67.570619,-68.069608,01/01/2023 18:51,01/01/2023 15:51
KB_23_42768_43,Female,Killingbeck,2023,01/01/2023,18:53:22,-67.57065,-68.069571,01/01/2023 18:53,01/01/2023 15:53
KB_23_42768_43,Female,Killingbeck,2023,01/01/2023,18:55:20,-67.570636,-68.069665,01/01/2023 18:55,01/01/2023 15:55
KB_23_42768_43,Female,Killingbeck,2023,01/01/2023,18:57:08,-67.570629,-68.069539,01/01/2023 18:57,01/01/2023 15:57
KB_23_42768_43,Female,Killingbeck,2023,01/01/2023,18:59:07,-67.570637,-68.069682,01/01/2023 18:59,01/01/2023 15:59
KB_23_42768_43,Female,Killingbeck,2023,01/01/2023,19:01:09,-67.570589,-68.069514,01/01/2023 19:01,01/01/2023 16:01
KB_23_42768_43,Female,Killingbeck,2023,01/01/2023,19:03:05,-67.570525,-68.069476,01/01/2023 19:03,01/01/2023 16:03
KB_23_42768_43,Female,Killingbeck,2023,01/01/2023,19:05:05,-67.570552,-68.069515,01/01/2023 19:05,01/01/2023 16:05
KB_23_42768_43,Female,Killingbeck,2023,01/01/2023,19:07:04,-67.570591,-68.069562,01/01/2023 19:07,01/01/2023 16:07
KB_23_42768_43,Female,Killingbeck,2023,01/01/2023,19:09:03,-67.570584,-68.069473,01/01/2023 19:09,01/01/2023 16:09
KB_23_42768_43,Female,Killingbeck,2023,01/01/2023,19:11:04,-67.570495,-68.069297,01/01/2023 19:11,01/01/2023 16:11
KB_23_42768_43,Female,Killingbeck,2023,01/01/2023,19:13:02,-67.570601,-68.069468,01/01/2023 19:13,01/01/2023 16:13
KB_23_42768_43,Female,Killingbeck,2023,01/01/2023,19:15:01,-67.570578,-68.069456,01/01/2023 19:15,01/01/2023 16:15
KB_23_42768_43,Female,Killingbeck,2023,01/01/2023,19:16:59,-67.570524,-68.069441,01/01/2023 19:16,01/01/2023 16:16
KB_23_42768_43,Female,Killingbeck,2023,01/01/2023,19:18:58,-67.570572,-68.069505,01/01/2023 19:18,01/01/2023 16:18
KB_23_42768_43,Female,Killingbeck,2023,01/01/2023,19:20:57,-67.570543,-68.06939,01/01/2023 19:20,01/01/2023 16:20
KB_23_42768_43,Female,Killingbeck,2023,01/01/2023,19:22:57,-67.57058,-68.069535,01/01/2023 19:22,01/01/2023 16:22
KB_23_42768_43,Female,Killingbeck,2023,01/01/2023,19:24:56,-67.570623,-68.069611,01/01/2023 19:24,01/01/2023 16:24
KB_23_42768_43,Female,Killingbeck,2023,01/01/2023,19:26:44,-67.570645,-68.069734,01/01/2023 19:26,01/01/2023 16:26
KB_23_42768_43,Female,Killingbeck,2023,01/01/2023,19:28:45,-67.570417,-68.069478,01/01/2023 19:28,01/01/2023 16:28
KB_23_42768_43,Female,Killingbeck,2023,01/01/2023,19:30:50,-67.570555,-68.069564,01/01/2023 19:30,01/01/2023 16:30
KB_23_42768_43,Female,Killingbeck,2023,01/01/2023,19:32:42,-67.570696,-68.069753,01/01/2023 19:32,01/01/2023 16:32
KB_23_42768_43,Female,Killingbeck,2023,01/01/2023,19:34:52,-67.570619,-68.069393,01/01/2023 19:34,01/01/2023 16:34
KB_23_42768_43,Female,Killingbeck,2023,01/01/2023,19:36:42,-67.57054,-68.069403,01/01/2023 19:36,01/01/2023 16:36
KB_23_42768_43,Female,Killingbeck,2023,01/01/2023,19:38:52,-67.570575,-68.069517,01/01/2023 19:38,01/01/2023 16:38
KB_23_42768_43,Female,Killingbeck,2023,01/01/2023,19:40:40,-67.570599,-68.069574,01/01/2023 19:40,01/01/2023 16:40
KB_23_42768_43,Female,Killingbeck,2023,01/01/2023,19:42:40,-67.570534,-68.06934,01/01/2023 19:42,01/01/2023 16:42
KB_23_42768_43,Female,Killingbeck,2023,01/01/2023,19:44:39,-67.570531,-68.069591,01/01/2023 19:44,01/01/2023 16:44
KB_23_42768_43,Female,Killingbeck,2023,01/01/2023,19:46:44,-67.569891,-68.067831,01/01/2023 19:46,01/01/2023 16:46
KB_23_42768_43,Female,Killingbeck,2023,01/01/2023,19:48:39,-67.570526,-68.06942,01/01/2023 19:48,01/01/2023 16:48
KB_23_42768_43,Female,Killingbeck,2023,01/01/2023,19:50:36,-67.570698,-68.069537,01/01/2023 19:50,01/01/2023 16:50
KB_23_42768_43,Female,Killingbeck,2023,01/01/2023,19:52:36,-67.570605,-68.0696,01/01/2023 19:52,01/01/2023 16:52
KB_23_42768_43,Female,Killingbeck,2023,01/01/2023,19:54:45,-67.570857,-68.070175,01/01/2023 19:54,01/01/2023 16:54
KB_23_42768_43,Female,Killingbeck,2023,01/01/2023,19:56:31,-67.57083,-68.070441,01/01/2023 19:56,01/01/2023 16:56
KB_23_42768_43,Female,Killingbeck,2023,01/01/2023,19:58:37,-67.570649,-68.069554,01/01/2023 19:58,01/01/2023 16:58
KB_23_42768_43,Female,Killingbeck,2023,01/01/2023,20:00:39,-67.570873,-68.069611,01/01/2023 20:00,01/01/2023 17:00
KB_23_42768_43,Female,Killingbeck,2023,01/01/2023,20:02:35,-67.570901,-68.07067,01/01/2023 20:02,01/01/2023 17:02
KB_23_42768_43,Female,Killingbeck,2023,01/01/2023,20:04:38,-67.571011,-68.071776,01/01/2023 20:04,01/01/2023 17:04
KB_23_42768_43,Female,Killingbeck,2023,01/01/2023,20:06:37,-67.570846,-68.068934,01/01/2023 20:06,01/01/2023 17:06
KB_23_42768_43,Female,Killingbeck,2023,01/01/2023,20:08:36,-67.570997,-68.070999,01/01/2023 20:08,01/01/2023 17:08
KB_23_42768_43,Female,Killingbeck,2023,01/01/2023,20:10:32,-67.570847,-68.070364,01/01/2023 20:10,01/01/2023 17:10
KB_23_42768_43,Female,Killingbeck,2023,01/01/2023,20:12:35,-67.570681,-68.069692,01/01/2023 20:12,01/01/2023 17:12
KB_23_42768_43,Female,Killingbeck,2023,01/01/2023,20:14:34,-67.571238,-68.072031,01/01/2023 20:14,01/01/2023 17:14
KB_23_42768_43,Female,Killingbeck,2023,01/01/2023,20:16:34,-67.571003,-68.068355,01/01/2023 20:16,01/01/2023 17:16
KB_23_42768_43,Female,Killingbeck,2023,01/01/2023,20:18:30,-67.570712,-68.069741,01/01/2023 20:18,01/01/2023 17:18
KB_23_42768_43,Female,Killingbeck,2023,01/01/2023,20:20:27,-67.57069,-68.069698,01/01/2023 20:20,01/01/2023 17:20
KB_23_42768_43,Female,Killingbeck,2023,01/01/2023,20:22:31,-67.569953,-68.070118,01/01/2023 20:22,01/01/2023 17:22
KB_23_42768_43,Female,Killingbeck,2023,01/01/2023,20:24:34,-67.569949,-68.069892,01/01/2023 20:24,01/01/2023 17:24
KB_23_42768_43,Female,Killingbeck,2023,01/01/2023,20:26:12,-67.570459,-68.069931,01/01/2023 20:26,01/01/2023 17:26
KB_23_42768_43,Female,Killingbeck,2023,01/01/2023,20:28:09,-67.5707,-68.069717,01/01/2023 20:28,01/01/2023 17:28
KB_23_42768_43,Female,Killingbeck,2023,01/01/2023,20:30:08,-67.572498,-68.064219,01/01/2023 20:30,01/01/2023 17:30
KB_23_42768_43,Female,Killingbeck,2023,01/01/2023,20:32:04,-67.570635,-68.069587,01/01/2023 20:32,01/01/2023 17:32
KB_23_42768_43,Female,Killingbeck,2023,01/01/2023,20:34:05,-67.570661,-68.069421,01/01/2023 20:34,01/01/2023 17:34
KB_23_42768_43,Female,Killingbeck,2023,01/01/2023,20:36:02,-67.570651,-68.069598,01/01/2023 20:36,01/01/2023 17:36
KB_23_42768_43,Female,Killingbeck,2023,01/01/2023,20:38:03,-67.570642,-68.069639,01/01/2023 20:38,01/01/2023 17:38
KB_23_42768_43,Female,Killingbeck,2023,01/01/2023,20:40:02,-67.570693,-68.069576,01/01/2023 20:40,01/01/2023 17:40
KB_23_42768_43,Female,Killingbeck,2023,01/01/2023,20:42:00,-67.570734,-68.069422,01/01/2023 20:42,01/01/2023 17:42
KB_23_42768_43,Female,Killingbeck,2023,01/01/2023,20:43:58,-67.570719,-68.069521,01/01/2023 20:43,01/01/2023 17:43
KB_23_42768_43,Female,Killingbeck,2023,01/01/2023,20:45:59,-67.570474,-68.069496,01/01/2023 20:45,01/01/2023 17:45
KB_23_42768_43,Female,Killingbeck,2023,01/01/2023,20:47:56,-67.570677,-68.069338,01/01/2023 20:47,01/01/2023 17:47
KB_23_42768_43,Female,Killingbeck,2023,01/01/2023,20:49:57,-67.570576,-68.069453,01/01/2023 20:49,01/01/2023 17:49
KB_23_42768_43,Female,Killingbeck,2023,01/01/2023,20:51:55,-67.570649,-68.069535,01/01/2023 20:51,01/01/2023 17:51
KB_23_42768_43,Female,Killingbeck,2023,01/01/2023,20:53:56,-67.570633,-68.069476,01/01/2023 20:53,01/01/2023 17:53
KB_23_42768_43,Female,Killingbeck,2023,01/01/2023,20:56:50,-67.570726,-68.069361,01/01/2023 20:56,01/01/2023 17:56
KB_23_42768_43,Female,Killingbeck,2023,01/01/2023,20:58:50,-67.570819,-68.069251,01/01/2023 20:58,01/01/2023 17:58
KB_23_42768_43,Female,Killingbeck,2023,01/01/2023,21:00:48,-67.570636,-68.069424,01/01/2023 21:00,01/01/2023 18:00
KB_23_42768_43,Female,Killingbeck,2023,01/01/2023,21:02:47,-67.570698,-68.069478,01/01/2023 21:02,01/01/2023 18:02
KB_23_42768_43,Female,Killingbeck,2023,01/01/2023,21:04:46,-67.570652,-68.06938,01/01/2023 21:04,01/01/2023 18:04
KB_23_42768_43,Female,Killingbeck,2023,01/01/2023,21:06:43,-67.570662,-68.069286,01/01/2023 21:06,01/01/2023 18:06
KB_23_42768_43,Female,Killingbeck,2023,01/01/2023,21:08:43,-67.570697,-68.069746,01/01/2023 21:08,01/01/2023 18:08
KB_23_42768_43,Female,Killingbeck,2023,01/01/2023,21:10:41,-67.570685,-68.069435,01/01/2023 21:10,01/01/2023 18:10
KB_23_42768_43,Female,Killingbeck,2023,01/01/2023,21:12:40,-67.570667,-68.069444,01/01/2023 21:12,01/01/2023 18:12
KB_23_42768_43,Female,Killingbeck,2023,01/01/2023,21:14:39,-67.570678,-68.069485,01/01/2023 21:14,01/01/2023 18:14
KB_23_42768_43,Female,Killingbeck,2023,01/01/2023,21:16:38,-67.570647,-68.069529,01/01/2023 21:16,01/01/2023 18:16
KB_23_42768_43,Female,Killingbeck,2023,01/01/2023,21:18:38,-67.570639,-68.069308,01/01/2023 21:18,01/01/2023 18:18
KB_23_42768_43,Female,Killingbeck,2023,01/01/2023,21:20:37,-67.570641,-68.069481,01/01/2023 21:20,01/01/2023 18:20
KB_23_42768_43,Female,Killingbeck,2023,01/01/2023,21:22:37,-67.570686,-68.069455,01/01/2023 21:22,01/01/2023 18:22
KB_23_42768_43,Female,Killingbeck,2023,01/01/2023,21:24:36,-67.570679,-68.069531,01/01/2023 21:24,01/01/2023 18:24
KB_23_42768_43,Female,Killingbeck,2023,01/01/2023,21:26:23,-67.570633,-68.069455,01/01/2023 21:26,01/01/2023 18:26
KB_23_42768_43,Female,Killingbeck,2023,01/01/2023,21:28:24,-67.570776,-68.069764,01/01/2023 21:28,01/01/2023 18:28
KB_23_42768_43,Female,Killingbeck,2023,01/01/2023,21:30:23,-67.570622,-68.069473,01/01/2023 21:30,01/01/2023 18:30
KB_23_42768_43,Female,Killingbeck,2023,01/01/2023,21:32:22,-67.570634,-68.06942,01/01/2023 21:32,01/01/2023 18:32
KB_23_42768_43,Female,Killingbeck,2023,01/01/2023,21:34:19,-67.570674,-68.06931,01/01/2023 21:34,01/01/2023 18:34
KB_23_42768_43,Female,Killingbeck,2023,01/01/2023,21:36:18,-67.570674,-68.069449,01/01/2023 21:36,01/01/2023 18:36
KB_23_42768_43,Female,Killingbeck,2023,01/01/2023,21:38:22,-67.569496,-68.068876,01/01/2023 21:38,01/01/2023 18:38
KB_23_42768_43,Female,Killingbeck,2023,01/01/2023,21:40:22,-67.570709,-68.069407,01/01/2023 21:40,01/01/2023 18:40
KB_23_42768_43,Female,Killingbeck,2023,01/01/2023,21:42:31,-67.570663,-68.069421,01/01/2023 21:42,01/01/2023 18:42
KB_23_42768_43,Female,Killingbeck,2023,01/01/2023,21:44:28,-67.570673,-68.069475,01/01/2023 21:44,01/01/2023 18:44
KB_23_42768_43,Female,Killingbeck,2023,01/01/2023,21:46:27,-67.570707,-68.069427,01/01/2023 21:46,01/01/2023 18:46
KB_23_42768_43,Female,Killingbeck,2023,01/01/2023,21:48:28,-67.57196,-68.078653,01/01/2023 21:48,01/01/2023 18:48
KB_23_42768_43,Female,Killingbeck,2023,01/01/2023,21:50:25,-67.570702,-68.069369,01/01/2023 21:50,01/01/2023 18:50
KB_23_42768_43,Female,Killingbeck,2023,01/01/2023,21:52:27,-67.57055,-68.070403,01/01/2023 21:52,01/01/2023 18:52
KB_23_42768_43,Female,Killingbeck,2023,01/01/2023,21:54:32,-67.570377,-68.070344,01/01/2023 21:54,01/01/2023 18:54
KB_23_42768_43,Female,Killingbeck,2023,01/01/2023,21:56:22,-67.579338,-68.063591,01/01/2023 21:56,01/01/2023 18:56
KB_23_42768_43,Female,Killingbeck,2023,01/01/2023,21:58:13,-67.570625,-68.069613,01/01/2023 21:58,01/01/2023 18:58
KB_23_42768_43,Female,Killingbeck,2023,01/01/2023,22:00:14,-67.570628,-68.069659,01/01/2023 22:00,01/01/2023 19:00
KB_23_42768_43,Female,Killingbeck,2023,01/01/2023,22:02:13,-67.571017,-68.068695,01/01/2023 22:02,01/01/2023 19:02
KB_23_42768_43,Female,Killingbeck,2023,01/01/2023,22:04:18,-67.570479,-68.068708,01/01/2023 22:04,01/01/2023 19:04
KB_23_42768_43,Female,Killingbeck,2023,01/01/2023,22:06:12,-67.570634,-68.069208,01/01/2023 22:06,01/01/2023 19:06
KB_23_42768_43,Female,Killingbeck,2023,01/01/2023,22:08:11,-67.570333,-68.068387,01/01/2023 22:08,01/01/2023 19:08
KB_23_42768_43,Female,Killingbeck,2023,01/01/2023,22:10:11,-67.57055,-68.069046,01/01/2023 22:10,01/01/2023 19:10
KB_23_42768_43,Female,Killingbeck,2023,01/01/2023,22:12:07,-67.570436,-68.068663,01/01/2023 22:12,01/01/2023 19:12
KB_23_42768_43,Female,Killingbeck,2023,01/01/2023,22:14:08,-67.57042,-68.068375,01/01/2023 22:14,01/01/2023 19:14
KB_23_42768_43,Female,Killingbeck,2023,01/01/2023,22:16:07,-67.570468,-68.06859,01/01/2023 22:16,01/01/2023 19:16
KB_23_42768_43,Female,Killingbeck,2023,01/01/2023,22:18:11,-67.571259,-68.071345,01/01/2023 22:18,01/01/2023 19:18
KB_23_42768_43,Female,Killingbeck,2023,01/01/2023,22:20:11,-67.570517,-68.069928,01/01/2023 22:20,01/01/2023 19:20
KB_23_42768_43,Female,Killingbeck,2023,01/01/2023,22:22:04,-67.57066,-68.069387,01/01/2023 22:22,01/01/2023 19:22
KB_23_42768_43,Female,Killingbeck,2023,01/01/2023,22:24:08,-67.570499,-68.070924,01/01/2023 22:24,01/01/2023 19:24
KB_23_42768_43,Female,Killingbeck,2023,01/01/2023,22:25:57,-67.570562,-68.069639,01/01/2023 22:25,01/01/2023 19:25
KB_23_42768_43,Female,Killingbeck,2023,01/01/2023,22:27:51,-67.57023,-68.067847,01/01/2023 22:27,01/01/2023 19:27
KB_23_42768_43,Female,Killingbeck,2023,01/01/2023,22:29:49,-67.570753,-68.069375,01/01/2023 22:29,01/01/2023 19:29
KB_23_42768_43,Female,Killingbeck,2023,01/01/2023,22:31:52,-67.570882,-68.06966,01/01/2023 22:31,01/01/2023 19:31
KB_23_42768_43,Female,Killingbeck,2023,01/01/2023,22:33:47,-67.570796,-68.069583,01/01/2023 22:33,01/01/2023 19:33
KB_23_42768_43,Female,Killingbeck,2023,01/01/2023,22:35:50,-67.570852,-68.069516,01/01/2023 22:35,01/01/2023 19:35
KB_23_42768_43,Female,Killingbeck,2023,01/01/2023,22:37:47,-67.57085,-68.069577,01/01/2023 22:37,01/01/2023 19:37
KB_23_42768_43,Female,Killingbeck,2023,01/01/2023,22:39:45,-67.570471,-68.069169,01/01/2023 22:39,01/01/2023 19:39
KB_23_42768_43,Female,Killingbeck,2023,01/01/2023,22:41:45,-67.570856,-68.069532,01/01/2023 22:41,01/01/2023 19:41
KB_23_42768_43,Female,Killingbeck,2023,01/01/2023,22:43:44,-67.571175,-68.072181,01/01/2023 22:43,01/01/2023 19:43
KB_23_42768_43,Female,Killingbeck,2023,01/01/2023,22:45:40,-67.570723,-68.069453,01/01/2023 22:45,01/01/2023 19:45
KB_23_42768_43,Female,Killingbeck,2023,01/01/2023,22:47:40,-67.570845,-68.069613,01/01/2023 22:47,01/01/2023 19:47
KB_23_42768_43,Female,Killingbeck,2023,01/01/2023,22:49:41,-67.570797,-68.069592,01/01/2023 22:49,01/01/2023 19:49
KB_23_42768_43,Female,Killingbeck,2023,01/01/2023,22:51:42,-67.570873,-68.069461,01/01/2023 22:51,01/01/2023 19:51
KB_23_42768_43,Female,Killingbeck,2023,01/01/2023,22:53:37,-67.570794,-68.069502,01/01/2023 22:53,01/01/2023 19:53
KB_23_42768_43,Female,Killingbeck,2023,01/01/2023,22:55:28,-67.570752,-68.069357,01/01/2023 22:55,01/01/2023 19:55
KB_23_42768_43,Female,Killingbeck,2023,01/01/2023,22:57:32,-67.570758,-68.069382,01/01/2023 22:57,01/01/2023 19:57
KB_23_42768_43,Female,Killingbeck,2023,01/01/2023,22:59:38,-67.570809,-68.069302,01/01/2023 22:59,01/01/2023 19:59
KB_23_42768_43,Female,Killingbeck,2023,01/01/2023,23:01:40,-67.570731,-68.069439,01/01/2023 23:01,01/01/2023 20:01
KB_23_42768_43,Female,Killingbeck,2023,01/01/2023,23:03:33,-67.570773,-68.069285,01/01/2023 23:03,01/01/2023 20:03
KB_23_42768_43,Female,Killingbeck,2023,01/01/2023,23:05:37,-67.570791,-68.069382,01/01/2023 23:05,01/01/2023 20:05
KB_23_42768_43,Female,Killingbeck,2023,01/01/2023,23:07:31,-67.570721,-68.0694,01/01/2023 23:07,01/01/2023 20:07
KB_23_42768_43,Female,Killingbeck,2023,01/01/2023,23:09:26,-67.570774,-68.06938,01/01/2023 23:09,01/01/2023 20:09
KB_23_42768_43,Female,Killingbeck,2023,01/01/2023,23:11:38,-67.570646,-68.069573,01/01/2023 23:11,01/01/2023 20:11
KB_23_42768_43,Female,Killingbeck,2023,01/01/2023,23:13:37,-67.570601,-68.069567,01/01/2023 23:13,01/01/2023 20:13
KB_23_42768_43,Female,Killingbeck,2023,01/01/2023,23:15:36,-67.570657,-68.069474,01/01/2023 23:15,01/01/2023 20:15
KB_23_42768_43,Female,Killingbeck,2023,01/01/2023,23:17:35,-67.570654,-68.06954,01/01/2023 23:17,01/01/2023 20:17
KB_23_42768_43,Female,Killingbeck,2023,01/01/2023,23:19:34,-67.570615,-68.069596,01/01/2023 23:19,01/01/2023 20:19
KB_23_42768_43,Female,Killingbeck,2023,01/01/2023,23:21:33,-67.570631,-68.069632,01/01/2023 23:21,01/01/2023 20:21
KB_23_42768_43,Female,Killingbeck,2023,01/01/2023,23:23:21,-67.570806,-68.069669,01/01/2023 23:23,01/01/2023 20:23
KB_23_42768_43,Female,Killingbeck,2023,01/01/2023,23:25:10,-67.570744,-68.069703,01/01/2023 23:25,01/01/2023 20:25
KB_23_42768_43,Female,Killingbeck,2023,01/01/2023,23:27:07,-67.570776,-68.069536,01/01/2023 23:27,01/01/2023 20:27
KB_23_42768_43,Female,Killingbeck,2023,01/01/2023,23:29:15,-67.570743,-68.069387,01/01/2023 23:29,01/01/2023 20:29
KB_23_42768_43,Female,Killingbeck,2023,01/01/2023,23:31:12,-67.570772,-68.069573,01/01/2023 23:31,01/01/2023 20:31
KB_23_42768_43,Female,Killingbeck,2023,01/01/2023,23:33:06,-67.570811,-68.06952,01/01/2023 23:33,01/01/2023 20:33
KB_23_42768_43,Female,Killingbeck,2023,01/01/2023,23:35:07,-67.570743,-68.069362,01/01/2023 23:35,01/01/2023 20:35
KB_23_42768_43,Female,Killingbeck,2023,01/01/2023,23:37:06,-67.570774,-68.069586,01/01/2023 23:37,01/01/2023 20:37
KB_23_42768_43,Female,Killingbeck,2023,01/01/2023,23:39:03,-67.570739,-68.069531,01/01/2023 23:39,01/01/2023 20:39
KB_23_42768_43,Female,Killingbeck,2023,01/01/2023,23:41:02,-67.570725,-68.069572,01/01/2023 23:41,01/01/2023 20:41
KB_23_42768_43,Female,Killingbeck,2023,01/01/2023,23:42:59,-67.570847,-68.069749,01/01/2023 23:42,01/01/2023 20:42
KB_23_42768_43,Female,Killingbeck,2023,01/01/2023,23:44:58,-67.570698,-68.069433,01/01/2023 23:44,01/01/2023 20:44
KB_23_42768_43,Female,Killingbeck,2023,01/01/2023,23:46:57,-67.570778,-68.069578,01/01/2023 23:46,01/01/2023 20:46
KB_23_42768_43,Female,Killingbeck,2023,01/01/2023,23:48:58,-67.570885,-68.069553,01/01/2023 23:48,01/01/2023 20:48
KB_23_42768_43,Female,Killingbeck,2023,01/01/2023,23:50:57,-67.571042,-68.069753,01/01/2023 23:50,01/01/2023 20:50
KB_23_42768_43,Female,Killingbeck,2023,01/01/2023,23:52:55,-67.570758,-68.069453,01/01/2023 23:52,01/01/2023 20:52
KB_23_42768_43,Female,Killingbeck,2023,01/01/2023,23:54:45,-67.57066,-68.06969,01/01/2023 23:54,01/01/2023 20:54
KB_23_42768_43,Female,Killingbeck,2023,01/01/2023,23:56:44,-67.57075,-68.069601,01/01/2023 23:56,01/01/2023 20:56
KB_23_42768_43,Female,Killingbeck,2023,01/01/2023,23:58:49,-67.570677,-68.069442,01/01/2023 23:58,01/01/2023 20:58
KB_23_42768_43,Female,Killingbeck,2023,02/01/2023,00:00:43,-67.570705,-68.071349,02/01/2023 00:00,01/01/2023 21:00
KB_23_42768_43,Female,Killingbeck,2023,02/01/2023,00:02:40,-67.570735,-68.069517,02/01/2023 00:02,01/01/2023 21:02
KB_23_42768_43,Female,Killingbeck,2023,02/01/2023,00:04:39,-67.570811,-68.069529,02/01/2023 00:04,01/01/2023 21:04
KB_23_42768_43,Female,Killingbeck,2023,02/01/2023,00:06:40,-67.570746,-68.070092,02/01/2023 00:06,01/01/2023 21:06
KB_23_42768_43,Female,Killingbeck,2023,02/01/2023,00:08:44,-67.571194,-68.070022,02/01/2023 00:08,01/01/2023 21:08
KB_23_42768_43,Female,Killingbeck,2023,02/01/2023,00:10:38,-67.570732,-68.069552,02/01/2023 00:10,01/01/2023 21:10
KB_23_42768_43,Female,Killingbeck,2023,02/01/2023,00:12:42,-67.570957,-68.069512,02/01/2023 00:12,01/01/2023 21:12
KB_23_42768_43,Female,Killingbeck,2023,02/01/2023,00:14:36,-67.570658,-68.069446,02/01/2023 00:14,01/01/2023 21:14
KB_23_42768_43,Female,Killingbeck,2023,02/01/2023,00:16:35,-67.570693,-68.069451,02/01/2023 00:16,01/01/2023 21:16
KB_23_42768_43,Female,Killingbeck,2023,02/01/2023,00:18:40,-67.570671,-68.069518,02/01/2023 00:18,01/01/2023 21:18
KB_23_42768_43,Female,Killingbeck,2023,02/01/2023,00:20:34,-67.570731,-68.069492,02/01/2023 00:20,01/01/2023 21:20
KB_23_42768_43,Female,Killingbeck,2023,02/01/2023,00:22:31,-67.570689,-68.069372,02/01/2023 00:22,01/01/2023 21:22
KB_23_42768_43,Female,Killingbeck,2023,02/01/2023,00:24:22,-67.570651,-68.069513,02/01/2023 00:24,01/01/2023 21:24
KB_23_42768_43,Female,Killingbeck,2023,02/01/2023,00:26:18,-67.570677,-68.069495,02/01/2023 00:26,01/01/2023 21:26
KB_23_42768_43,Female,Killingbeck,2023,02/01/2023,00:28:22,-67.570732,-68.069511,02/01/2023 00:28,01/01/2023 21:28
KB_23_42768_43,Female,Killingbeck,2023,02/01/2023,00:30:23,-67.570724,-68.069621,02/01/2023 00:30,01/01/2023 21:30
KB_23_42768_43,Female,Killingbeck,2023,02/01/2023,00:32:22,-67.570709,-68.069669,02/01/2023 00:32,01/01/2023 21:32
KB_23_42768_43,Female,Killingbeck,2023,02/01/2023,00:34:18,-67.570602,-68.06953,02/01/2023 00:34,01/01/2023 21:34
KB_23_42768_43,Female,Killingbeck,2023,02/01/2023,00:36:28,-67.570835,-68.069987,02/01/2023 00:36,01/01/2023 21:36
KB_23_42768_43,Female,Killingbeck,2023,02/01/2023,00:38:17,-67.570819,-68.069485,02/01/2023 00:38,01/01/2023 21:38
KB_23_42768_43,Female,Killingbeck,2023,02/01/2023,00:40:25,-67.570625,-68.069499,02/01/2023 00:40,01/01/2023 21:40
KB_23_42768_43,Female,Killingbeck,2023,02/01/2023,00:42:25,-67.570722,-68.069464,02/01/2023 00:42,01/01/2023 21:42
KB_23_42768_43,Female,Killingbeck,2023,02/01/2023,00:44:22,-67.570693,-68.069385,02/01/2023 00:44,01/01/2023 21:44
KB_23_42768_43,Female,Killingbeck,2023,02/01/2023,00:46:16,-67.570549,-68.069439,02/01/2023 00:46,01/01/2023 21:46
KB_23_42768_43,Female,Killingbeck,2023,02/01/2023,00:48:15,-67.570631,-68.06933,02/01/2023 00:48,01/01/2023 21:48
KB_23_42768_43,Female,Killingbeck,2023,02/01/2023,00:50:14,-67.57064,-68.069432,02/01/2023 00:50,01/01/2023 21:50
KB_23_42768_43,Female,Killingbeck,2023,02/01/2023,00:52:12,-67.570653,-68.06938,02/01/2023 00:52,01/01/2023 21:52
KB_23_42768_43,Female,Killingbeck,2023,02/01/2023,00:54:09,-67.570585,-68.069466,02/01/2023 00:54,01/01/2023 21:54
KB_23_42768_43,Female,Killingbeck,2023,02/01/2023,00:56:08,-67.570677,-68.069445,02/01/2023 00:56,01/01/2023 21:56
KB_23_42768_43,Female,Killingbeck,2023,02/01/2023,00:58:06,-67.570711,-68.069429,02/01/2023 00:58,01/01/2023 21:58
KB_23_42768_43,Female,Killingbeck,2023,02/01/2023,01:00:06,-67.570625,-68.069521,02/01/2023 01:00,01/01/2023 22:00
KB_23_42768_43,Female,Killingbeck,2023,02/01/2023,01:02:07,-67.570669,-68.069445,02/01/2023 01:02,01/01/2023 22:02
KB_23_42768_43,Female,Killingbeck,2023,02/01/2023,01:04:03,-67.569727,-68.059047,02/01/2023 01:04,01/01/2023 22:04
KB_23_42768_43,Female,Killingbeck,2023,02/01/2023,01:06:02,-67.562324,-68.005237,02/01/2023 01:06,01/01/2023 22:06
KB_23_42768_43,Female,Killingbeck,2023,02/01/2023,01:08:01,-67.555591,-67.948318,02/01/2023 01:08,01/01/2023 22:08
KB_23_42768_43,Female,Killingbeck,2023,02/01/2023,01:10:00,-67.552133,-67.891882,02/01/2023 01:10,01/01/2023 22:10
KB_23_42768_43,Female,Killingbeck,2023,02/01/2023,01:11:59,-67.550518,-67.838613,02/01/2023 01:11,01/01/2023 22:11
KB_23_42768_43,Female,Killingbeck,2023,02/01/2023,01:13:58,-67.546962,-67.79562,02/01/2023 01:13,01/01/2023 22:13
KB_23_42768_43,Female,Killingbeck,2023,02/01/2023,01:15:58,-67.546626,-67.794568,02/01/2023 01:15,01/01/2023 22:15
KB_23_42768_43,Female,Killingbeck,2023,02/01/2023,01:17:57,-67.546591,-67.794622,02/01/2023 01:17,01/01/2023 22:17
KB_23_42768_43,Female,Killingbeck,2023,02/01/2023,01:19:59,-67.546676,-67.794151,02/01/2023 01:19,01/01/2023 22:19
KB_23_42768_43,Female,Killingbeck,2023,02/01/2023,01:21:56,-67.546576,-67.794676,02/01/2023 01:21,01/01/2023 22:21
KB_23_42768_43,Female,Killingbeck,2023,02/01/2023,01:25:04,-67.546544,-67.794503,02/01/2023 01:25,01/01/2023 22:25
KB_23_42768_43,Female,Killingbeck,2023,02/01/2023,01:27:03,-67.54677,-67.798709,02/01/2023 01:27,01/01/2023 22:27
KB_23_42768_43,Female,Killingbeck,2023,02/01/2023,01:29:45,-67.546591,-67.799524,02/01/2023 01:29,01/01/2023 22:29
KB_23_42768_43,Female,Killingbeck,2023,02/01/2023,01:31:45,-67.54716,-67.798728,02/01/2023 01:31,01/01/2023 22:31
KB_23_42768_43,Female,Killingbeck,2023,02/01/2023,01:33:45,-67.547163,-67.798718,02/01/2023 01:33,01/01/2023 22:33
KB_23_42768_43,Female,Killingbeck,2023,02/01/2023,01:35:43,-67.547129,-67.798763,02/01/2023 01:35,01/01/2023 22:35
KB_23_42768_43,Female,Killingbeck,2023,02/01/2023,01:37:52,-67.547284,-67.798941,02/01/2023 01:37,01/01/2023 22:37
KB_23_42768_43,Female,Killingbeck,2023,02/01/2023,01:39:44,-67.547195,-67.79899,02/01/2023 01:39,01/01/2023 22:39
KB_23_42768_43,Female,Killingbeck,2023,02/01/2023,01:41:43,-67.54715,-67.798862,02/01/2023 01:41,01/01/2023 22:41
KB_23_42768_43,Female,Killingbeck,2023,02/01/2023,01:43:42,-67.547209,-67.798832,02/01/2023 01:43,01/01/2023 22:43
KB_23_42768_43,Female,Killingbeck,2023,02/01/2023,01:45:41,-67.547238,-67.798863,02/01/2023 01:45,01/01/2023 22:45
KB_23_42768_43,Female,Killingbeck,2023,02/01/2023,01:47:40,-67.547185,-67.798839,02/01/2023 01:47,01/01/2023 22:47
KB_23_42768_43,Female,Killingbeck,2023,02/01/2023,01:49:38,-67.547233,-67.798642,02/01/2023 01:49,01/01/2023 22:49
KB_23_42768_43,Female,Killingbeck,2023,02/01/2023,01:51:37,-67.547164,-67.798813,02/01/2023 01:51,01/01/2023 22:51
KB_23_42768_43,Female,Killingbeck,2023,02/01/2023,01:53:37,-67.547186,-67.798735,02/01/2023 01:53,01/01/2023 22:53
KB_23_42768_43,Female,Killingbeck,2023,02/01/2023,01:55:37,-67.547326,-67.783369,02/01/2023 01:55,01/01/2023 22:55
KB_23_42768_43,Female,Killingbeck,2023,02/01/2023,01:57:36,-67.549177,-67.739887,02/01/2023 01:57,01/01/2023 22:57
KB_23_42768_43,Female,Killingbeck,2023,02/01/2023,01:59:36,-67.546805,-67.697522,02/01/2023 01:59,01/01/2023 22:59
KB_23_42768_43,Female,Killingbeck,2023,02/01/2023,02:01:35,-67.547871,-67.655681,02/01/2023 02:01,01/01/2023 23:01
KB_23_42768_43,Female,Killingbeck,2023,02/01/2023,02:03:34,-67.542639,-67.633861,02/01/2023 02:03,01/01/2023 23:03
KB_23_42768_43,Female,Killingbeck,2023,02/01/2023,02:05:33,0,0,02/01/2023 02:05,01/01/2023 23:05
KB_23_42768_43,Female,Killingbeck,2023,02/01/2023,02:07:33,0,0,02/01/2023 02:07,01/01/2023 23:07
KB_23_42768_43,Female,Killingbeck,2023,02/01/2023,02:09:31,0,0,02/01/2023 02:09,01/01/2023 23:09
KB_23_42768_43,Female,Killingbeck,2023,02/01/2023,02:11:30,0,0,02/01/2023 02:11,01/01/2023 23:11
KB_23_42768_43,Female,Killingbeck,2023,02/01/2023,02:14:52,0,0,02/01/2023 02:14,01/01/2023 23:14
KB_23_42768_43,Female,Killingbeck,2023,02/01/2023,02:16:48,0,0,02/01/2023 02:16,01/01/2023 23:16
KB_23_42768_43,Female,Killingbeck,2023,02/01/2023,02:18:47,0,0,02/01/2023 02:18,01/01/2023 23:18
KB_23_42768_43,Female,Killingbeck,2023,02/01/2023,02:20:47,0,0,02/01/2023 02:20,01/01/2023 23:20
KB_23_42768_43,Female,Killingbeck,2023,02/01/2023,02:22:57,0,0,02/01/2023 02:22,01/01/2023 23:22
KB_23_42768_43,Female,Killingbeck,2023,02/01/2023,02:24:56,0,0,02/01/2023 02:24,01/01/2023 23:24
KB_23_42768_43,Female,Killingbeck,2023,02/01/2023,02:26:56,0,0,02/01/2023 02:26,01/01/2023 23:26
KB_23_42768_43,Female,Killingbeck,2023,02/01/2023,02:28:55,0,0,02/01/2023 02:28,01/01/2023 23:28
KB_23_42768_43,Female,Killingbeck,2023,02/01/2023,02:30:54,0,0,02/01/2023 02:30,01/01/2023 23:30
KB_23_42768_43,Female,Killingbeck,2023,02/01/2023,02:32:53,0,0,02/01/2023 02:32,01/01/2023 23:32
KB_23_42768_43,Female,Killingbeck,2023,02/01/2023,02:34:52,0,0,02/01/2023 02:34,01/01/2023 23:34
KB_23_42768_43,Female,Killingbeck,2023,02/01/2023,02:36:51,0,0,02/01/2023 02:36,01/01/2023 23:36
KB_23_42768_43,Female,Killingbeck,2023,02/01/2023,02:39:04,0,0,02/01/2023 02:39,01/01/2023 23:39
KB_23_42768_43,Female,Killingbeck,2023,02/01/2023,02:41:03,0,0,02/01/2023 02:41,01/01/2023 23:41
KB_23_42768_43,Female,Killingbeck,2023,02/01/2023,02:43:02,0,0,02/01/2023 02:43,01/01/2023 23:43
KB_23_42768_43,Female,Killingbeck,2023,02/01/2023,02:45:01,0,0,02/01/2023 02:45,01/01/2023 23:45
KB_23_42768_43,Female,Killingbeck,2023,02/01/2023,02:47:00,0,0,02/01/2023 02:47,01/01/2023 23:47
KB_23_42768_43,Female,Killingbeck,2023,02/01/2023,02:48:59,0,0,02/01/2023 02:48,01/01/2023 23:48
KB_23_42768_43,Female,Killingbeck,2023,02/01/2023,02:50:59,0,0,02/01/2023 02:50,01/01/2023 23:50
KB_23_42768_43,Female,Killingbeck,2023,02/01/2023,02:52:57,0,0,02/01/2023 02:52,01/01/2023 23:52
KB_23_42768_43,Female,Killingbeck,2023,02/01/2023,02:54:56,0,0,02/01/2023 02:54,01/01/2023 23:54
KB_23_42768_43,Female,Killingbeck,2023,02/01/2023,02:56:56,-67.538611,-67.398955,02/01/2023 02:56,01/01/2023 23:56
KB_23_42768_43,Female,Killingbeck,2023,02/01/2023,02:58:56,-67.538574,-67.39886,02/01/2023 02:58,01/01/2023 23:58
KB_23_42768_43,Female,Killingbeck,2023,02/01/2023,03:00:56,-67.538606,-67.398839,02/01/2023 03:00,02/01/2023 00:00
KB_23_42768_43,Female,Killingbeck,2023,02/01/2023,03:02:54,-67.538593,-67.398882,02/01/2023 03:02,02/01/2023 00:02
KB_23_42768_43,Female,Killingbeck,2023,02/01/2023,03:04:53,-67.538701,-67.398867,02/01/2023 03:04,02/01/2023 00:04
KB_23_42768_43,Female,Killingbeck,2023,02/01/2023,03:06:52,-67.538643,-67.398918,02/01/2023 03:06,02/01/2023 00:06
KB_23_42768_43,Female,Killingbeck,2023,02/01/2023,03:08:51,-67.538644,-67.398869,02/01/2023 03:08,02/01/2023 00:08
KB_23_42768_43,Female,Killingbeck,2023,02/01/2023,03:10:50,-67.538619,-67.39898,02/01/2023 03:10,02/01/2023 00:10
KB_23_42768_43,Female,Killingbeck,2023,02/01/2023,03:12:49,-67.538587,-67.398889,02/01/2023 03:12,02/01/2023 00:12
KB_23_42768_43,Female,Killingbeck,2023,02/01/2023,03:14:48,-67.538322,-67.39866,02/01/2023 03:14,02/01/2023 00:14
KB_23_42768_43,Female,Killingbeck,2023,02/01/2023,03:16:47,-67.538569,-67.398801,02/01/2023 03:16,02/01/2023 00:16
KB_23_42768_43,Female,Killingbeck,2023,02/01/2023,03:18:47,-67.538567,-67.398941,02/01/2023 03:18,02/01/2023 00:18
KB_23_42768_43,Female,Killingbeck,2023,02/01/2023,03:20:47,-67.538661,-67.399025,02/01/2023 03:20,02/01/2023 00:20
KB_23_42768_43,Female,Killingbeck,2023,02/01/2023,03:22:45,-67.539444,-67.395462,02/01/2023 03:22,02/01/2023 00:22
KB_23_42768_43,Female,Killingbeck,2023,02/01/2023,03:24:44,-67.537388,-67.390794,02/01/2023 03:24,02/01/2023 00:24
KB_23_42768_43,Female,Killingbeck,2023,02/01/2023,03:27:22,-67.537323,-67.391321,02/01/2023 03:27,02/01/2023 00:27
KB_23_42768_43,Female,Killingbeck,2023,02/01/2023,03:29:20,-67.534736,-67.360503,02/01/2023 03:29,02/01/2023 00:29
KB_23_42768_43,Female,Killingbeck,2023,02/01/2023,03:31:19,-67.526979,-67.32094,02/01/2023 03:31,02/01/2023 00:31
KB_23_42768_43,Female,Killingbeck,2023,02/01/2023,03:33:18,-67.524279,-67.308008,02/01/2023 03:33,02/01/2023 00:33
KB_23_42768_43,Female,Killingbeck,2023,02/01/2023,03:35:34,-67.524231,-67.307737,02/01/2023 03:35,02/01/2023 00:35
KB_23_42768_43,Female,Killingbeck,2023,02/01/2023,03:38:49,-67.524068,-67.306734,02/01/2023 03:38,02/01/2023 00:38
KB_23_42768_43,Female,Killingbeck,2023,02/01/2023,03:40:38,-67.522862,-67.303409,02/01/2023 03:40,02/01/2023 00:40
KB_23_42768_43,Female,Killingbeck,2023,02/01/2023,03:42:37,-67.522986,-67.303011,02/01/2023 03:42,02/01/2023 00:42
KB_23_42768_43,Female,Killingbeck,2023,02/01/2023,03:44:36,-67.523004,-67.30303,02/01/2023 03:44,02/01/2023 00:44
KB_23_42768_43,Female,Killingbeck,2023,02/01/2023,03:46:35,-67.522775,-67.303245,02/01/2023 03:46,02/01/2023 00:46
KB_23_42768_43,Female,Killingbeck,2023,02/01/2023,03:48:35,-67.522576,-67.309968,02/01/2023 03:48,02/01/2023 00:48
KB_23_42768_43,Female,Killingbeck,2023,02/01/2023,03:50:34,-67.522534,-67.310103,02/01/2023 03:50,02/01/2023 00:50
KB_23_42768_43,Female,Killingbeck,2023,02/01/2023,03:52:55,-67.522636,-67.310032,02/01/2023 03:52,02/01/2023 00:52
KB_23_42768_43,Female,Killingbeck,2023,02/01/2023,03:55:52,-67.522547,-67.309841,02/01/2023 03:55,02/01/2023 00:55
KB_23_42768_43,Female,Killingbeck,2023,02/01/2023,04:01:24,-67.522684,-67.310166,02/01/2023 04:01,02/01/2023 01:01
KB_23_42768_43,Female,Killingbeck,2023,02/01/2023,04:03:41,-67.522655,-67.310135,02/01/2023 04:03,02/01/2023 01:03
KB_23_42768_43,Female,Killingbeck,2023,02/01/2023,04:05:41,-67.522587,-67.310064,02/01/2023 04:05,02/01/2023 01:05
KB_23_42768_43,Female,Killingbeck,2023,02/01/2023,04:07:41,-67.522595,-67.310052,02/01/2023 04:07,02/01/2023 01:07
KB_23_42768_43,Female,Killingbeck,2023,02/01/2023,04:09:46,-67.522564,-67.310018,02/01/2023 04:09,02/01/2023 01:09
KB_23_42768_43,Female,Killingbeck,2023,02/01/2023,04:11:40,-67.522643,-67.310107,02/01/2023 04:11,02/01/2023 01:11
KB_23_42768_43,Female,Killingbeck,2023,02/01/2023,04:13:47,-67.522676,-67.310179,02/01/2023 04:13,02/01/2023 01:13
KB_23_42768_43,Female,Killingbeck,2023,02/01/2023,04:15:39,-67.52268,-67.310149,02/01/2023 04:15,02/01/2023 01:15
KB_23_42768_43,Female,Killingbeck,2023,02/01/2023,04:17:43,-67.522312,-67.310149,02/01/2023 04:17,02/01/2023 01:17
KB_23_42768_43,Female,Killingbeck,2023,02/01/2023,04:19:38,-67.522631,-67.310121,02/01/2023 04:19,02/01/2023 01:19
KB_23_42768_43,Female,Killingbeck,2023,02/01/2023,04:21:37,-67.522565,-67.310019,02/01/2023 04:21,02/01/2023 01:21
KB_23_42768_43,Female,Killingbeck,2023,02/01/2023,04:23:46,-67.522632,-67.310109,02/01/2023 04:23,02/01/2023 01:23
KB_23_42768_43,Female,Killingbeck,2023,02/01/2023,04:25:36,-67.522536,-67.309976,02/01/2023 04:25,02/01/2023 01:25
KB_23_42768_43,Female,Killingbeck,2023,02/01/2023,04:27:35,-67.522688,-67.310157,02/01/2023 04:27,02/01/2023 01:27
KB_23_42768_43,Female,Killingbeck,2023,02/01/2023,04:30:10,0,0,02/01/2023 04:30,02/01/2023 01:30
KB_23_42768_43,Female,Killingbeck,2023,02/01/2023,04:32:17,0,0,02/01/2023 04:32,02/01/2023 01:32
KB_23_42768_43,Female,Killingbeck,2023,02/01/2023,04:34:11,0,0,02/01/2023 04:34,02/01/2023 01:34
KB_23_42768_43,Female,Killingbeck,2023,02/01/2023,04:36:08,0,0,02/01/2023 04:36,02/01/2023 01:36
KB_23_42768_43,Female,Killingbeck,2023,02/01/2023,04:38:07,0,0,02/01/2023 04:38,02/01/2023 01:38
KB_23_42768_43,Female,Killingbeck,2023,02/01/2023,04:40:15,0,0,02/01/2023 04:40,02/01/2023 01:40
KB_23_42768_43,Female,Killingbeck,2023,02/01/2023,04:42:06,0,0,02/01/2023 04:42,02/01/2023 01:42
KB_23_42768_43,Female,Killingbeck,2023,02/01/2023,04:44:05,0,0,02/01/2023 04:44,02/01/2023 01:44
KB_23_42768_43,Female,Killingbeck,2023,02/01/2023,04:46:16,0,0,02/01/2023 04:46,02/01/2023 01:46
KB_23_42768_43,Female,Killingbeck,2023,02/01/2023,04:48:04,0,0,02/01/2023 04:48,02/01/2023 01:48
KB_23_42768_43,Female,Killingbeck,2023,02/01/2023,04:50:05,0,0,02/01/2023 04:50,02/01/2023 01:50
KB_23_42768_43,Female,Killingbeck,2023,02/01/2023,04:52:33,0,0,02/01/2023 04:52,02/01/2023 01:52
KB_23_42768_43,Female,Killingbeck,2023,02/01/2023,04:54:38,0,0,02/01/2023 04:54,02/01/2023 01:54
KB_23_42768_43,Female,Killingbeck,2023,02/01/2023,04:56:33,0,0,02/01/2023 04:56,02/01/2023 01:56
KB_23_42768_43,Female,Killingbeck,2023,02/01/2023,04:58:47,0,0,02/01/2023 04:58,02/01/2023 01:58
KB_23_42768_43,Female,Killingbeck,2023,02/01/2023,05:00:41,0,0,02/01/2023 05:00,02/01/2023 02:00
KB_23_42768_43,Female,Killingbeck,2023,02/01/2023,05:02:40,0,0,02/01/2023 05:02,02/01/2023 02:02
KB_23_42768_43,Female,Killingbeck,2023,02/01/2023,05:04:40,0,0,02/01/2023 05:04,02/01/2023 02:04
KB_23_42768_43,Female,Killingbeck,2023,02/01/2023,05:06:38,0,0,02/01/2023 05:06,02/01/2023 02:06
KB_23_42768_43,Female,Killingbeck,2023,02/01/2023,05:08:37,0,0,02/01/2023 05:08,02/01/2023 02:08
KB_23_42768_43,Female,Killingbeck,2023,02/01/2023,05:10:37,0,0,02/01/2023 05:10,02/01/2023 02:10
KB_23_42768_43,Female,Killingbeck,2023,02/01/2023,05:12:36,0,0,02/01/2023 05:12,02/01/2023 02:12
KB_23_42768_43,Female,Killingbeck,2023,02/01/2023,05:14:34,0,0,02/01/2023 05:14,02/01/2023 02:14
KB_23_42768_43,Female,Killingbeck,2023,02/01/2023,05:16:33,0,0,02/01/2023 05:16,02/01/2023 02:16
KB_23_42768_43,Female,Killingbeck,2023,02/01/2023,05:18:32,0,0,02/01/2023 05:18,02/01/2023 02:18
KB_23_42768_43,Female,Killingbeck,2023,02/01/2023,05:20:33,0,0,02/01/2023 05:20,02/01/2023 02:20
KB_23_42768_43,Female,Killingbeck,2023,02/01/2023,05:22:31,0,0,02/01/2023 05:22,02/01/2023 02:22
KB_23_42768_43,Female,Killingbeck,2023,02/01/2023,05:24:30,0,0,02/01/2023 05:24,02/01/2023 02:24
KB_23_42768_43,Female,Killingbeck,2023,02/01/2023,05:27:20,0,0,02/01/2023 05:27,02/01/2023 02:27
KB_23_42768_43,Female,Killingbeck,2023,02/01/2023,05:29:08,-67.525744,-67.330488,02/01/2023 05:29,02/01/2023 02:29
KB_23_42768_43,Female,Killingbeck,2023,02/01/2023,05:31:08,-67.534803,-67.363069,02/01/2023 05:31,02/01/2023 02:31
KB_23_42768_43,Female,Killingbeck,2023,02/01/2023,05:33:07,-67.539943,-67.410957,02/01/2023 05:33,02/01/2023 02:33
KB_23_42768_43,Female,Killingbeck,2023,02/01/2023,05:35:08,-67.548425,-67.455107,02/01/2023 05:35,02/01/2023 02:35
KB_23_42768_43,Female,Killingbeck,2023,02/01/2023,05:37:05,-67.553498,-67.506237,02/01/2023 05:37,02/01/2023 02:37
KB_23_42768_43,Female,Killingbeck,2023,02/01/2023,05:39:04,-67.55612,-67.560243,02/01/2023 05:39,02/01/2023 02:39
KB_23_42768_43,Female,Killingbeck,2023,02/01/2023,05:41:04,-67.559375,-67.610036,02/01/2023 05:41,02/01/2023 02:41
KB_23_42768_43,Female,Killingbeck,2023,02/01/2023,05:43:03,-67.556775,-67.654852,02/01/2023 05:43,02/01/2023 02:43
KB_23_42768_43,Female,Killingbeck,2023,02/01/2023,05:45:02,-67.557013,-67.702252,02/01/2023 05:45,02/01/2023 02:45
KB_23_42768_43,Female,Killingbeck,2023,02/01/2023,05:47:01,-67.556368,-67.749669,02/01/2023 05:47,02/01/2023 02:47
KB_23_42768_43,Female,Killingbeck,2023,02/01/2023,05:49:00,-67.55105,-67.790787,02/01/2023 05:49,02/01/2023 02:49
KB_23_42768_43,Female,Killingbeck,2023,02/01/2023,05:50:59,-67.550281,-67.79432,02/01/2023 05:50,02/01/2023 02:50
KB_23_42768_43,Female,Killingbeck,2023,02/01/2023,05:52:58,-67.550277,-67.794808,02/01/2023 05:52,02/01/2023 02:52
KB_23_42768_43,Female,Killingbeck,2023,02/01/2023,05:54:57,-67.550246,-67.794336,02/01/2023 05:54,02/01/2023 02:54
KB_23_42768_43,Female,Killingbeck,2023,02/01/2023,05:56:56,-67.550301,-67.794323,02/01/2023 05:56,02/01/2023 02:56
KB_23_42768_43,Female,Killingbeck,2023,02/01/2023,05:59:59,-67.550284,-67.794251,02/01/2023 05:59,02/01/2023 02:59
KB_23_42768_43,Female,Killingbeck,2023,02/01/2023,06:01:58,-67.550144,-67.794303,02/01/2023 06:01,02/01/2023 03:01
KB_23_42768_43,Female,Killingbeck,2023,02/01/2023,06:03:57,-67.556957,-67.837178,02/01/2023 06:03,02/01/2023 03:03
KB_23_42768_43,Female,Killingbeck,2023,02/01/2023,06:05:56,-67.566123,-67.888264,02/01/2023 06:05,02/01/2023 03:05
KB_23_42768_43,Female,Killingbeck,2023,02/01/2023,06:07:55,-67.569023,-67.943893,02/01/2023 06:07,02/01/2023 03:07
KB_23_42768_43,Female,Killingbeck,2023,02/01/2023,06:09:54,-67.570775,-67.996602,02/01/2023 06:09,02/01/2023 03:09
KB_23_42768_43,Female,Killingbeck,2023,02/01/2023,06:11:53,-67.571109,-68.047267,02/01/2023 06:11,02/01/2023 03:11
KB_23_42768_43,Female,Killingbeck,2023,02/01/2023,06:13:55,-67.571424,-68.071306,02/01/2023 06:13,02/01/2023 03:13
KB_23_42768_43,Female,Killingbeck,2023,02/01/2023,06:15:54,-67.570955,-68.068909,02/01/2023 06:15,02/01/2023 03:15
KB_23_42768_43,Female,Killingbeck,2023,02/01/2023,06:17:59,-67.570745,-68.069806,02/01/2023 06:17,02/01/2023 03:17
KB_23_42768_43,Female,Killingbeck,2023,02/01/2023,06:20:07,0,0,02/01/2023 06:20,02/01/2023 03:20
KB_23_42768_43,Female,Killingbeck,2023,02/01/2023,06:21:51,-67.570692,-68.069351,02/01/2023 06:21,02/01/2023 03:21
KB_23_42768_43,Female,Killingbeck,2023,02/01/2023,06:23:56,-67.570677,-68.069475,02/01/2023 06:23,02/01/2023 03:23
KB_23_42768_43,Female,Killingbeck,2023,02/01/2023,06:25:48,-67.570734,-68.069762,02/01/2023 06:25,02/01/2023 03:25
KB_23_42768_43,Female,Killingbeck,2023,02/01/2023,06:27:49,-67.570419,-68.069255,02/01/2023 06:27,02/01/2023 03:27
KB_23_42768_43,Female,Killingbeck,2023,02/01/2023,06:29:50,-67.570714,-68.069534,02/01/2023 06:29,02/01/2023 03:29
KB_23_42768_43,Female,Killingbeck,2023,02/01/2023,06:31:49,-67.570323,-68.069373,02/01/2023 06:31,02/01/2023 03:31
KB_23_42768_43,Female,Killingbeck,2023,02/01/2023,06:33:48,-67.570376,-68.069329,02/01/2023 06:33,02/01/2023 03:33
KB_23_42768_43,Female,Killingbeck,2023,02/01/2023,06:35:45,-67.570585,-68.069545,02/01/2023 06:35,02/01/2023 03:35
KB_23_42768_43,Female,Killingbeck,2023,02/01/2023,06:37:51,-67.570275,-68.069295,02/01/2023 06:37,02/01/2023 03:37
KB_23_42768_43,Female,Killingbeck,2023,02/01/2023,06:39:42,-67.570566,-68.069508,02/01/2023 06:39,02/01/2023 03:39
KB_23_42768_43,Female,Killingbeck,2023,02/01/2023,06:41:41,-67.570843,-68.069536,02/01/2023 06:41,02/01/2023 03:41
KB_23_42768_43,Female,Killingbeck,2023,02/01/2023,06:43:41,-67.570619,-68.069529,02/01/2023 06:43,02/01/2023 03:43
KB_23_42768_43,Female,Killingbeck,2023,02/01/2023,06:45:42,-67.570071,-68.069071,02/01/2023 06:45,02/01/2023 03:45
KB_23_42768_43,Female,Killingbeck,2023,02/01/2023,06:47:39,-67.570762,-68.069533,02/01/2023 06:47,02/01/2023 03:47
KB_23_42768_43,Female,Killingbeck,2023,02/01/2023,06:49:39,-67.570737,-68.069416,02/01/2023 06:49,02/01/2023 03:49
KB_23_42768_43,Female,Killingbeck,2023,02/01/2023,06:51:37,-67.570699,-68.06978,02/01/2023 06:51,02/01/2023 03:51
KB_23_42768_43,Female,Killingbeck,2023,02/01/2023,06:53:35,-67.568241,-68.03922,02/01/2023 06:53,02/01/2023 03:53
KB_23_42768_43,Female,Killingbeck,2023,02/01/2023,06:55:34,-67.565951,-67.993686,02/01/2023 06:55,02/01/2023 03:55
KB_23_42768_43,Female,Killingbeck,2023,02/01/2023,06:57:33,-67.565273,-67.947527,02/01/2023 06:57,02/01/2023 03:57
KB_23_42768_43,Female,Killingbeck,2023,02/01/2023,06:59:34,-67.564272,-67.899753,02/01/2023 06:59,02/01/2023 03:59
KB_23_42768_43,Female,Killingbeck,2023,02/01/2023,07:01:33,-67.561689,-67.854795,02/01/2023 07:01,02/01/2023 04:01
KB_23_42768_43,Female,Killingbeck,2023,02/01/2023,07:03:33,-67.555658,-67.818783,02/01/2023 07:03,02/01/2023 04:03
KB_23_42768_43,Female,Killingbeck,2023,02/01/2023,07:05:32,-67.549565,-67.810122,02/01/2023 07:05,02/01/2023 04:05
KB_23_42768_43,Female,Killingbeck,2023,02/01/2023,07:07:35,-67.549622,-67.810313,02/01/2023 07:07,02/01/2023 04:07
KB_23_42768_43,Female,Killingbeck,2023,02/01/2023,07:09:44,-67.549575,-67.810097,02/01/2023 07:09,02/01/2023 04:09
KB_23_42768_43,Female,Killingbeck,2023,02/01/2023,07:12:53,-67.549618,-67.810639,02/01/2023 07:12,02/01/2023 04:12
KB_23_42768_43,Female,Killingbeck,2023,02/01/2023,07:14:53,-67.549661,-67.810641,02/01/2023 07:14,02/01/2023 04:14
KB_23_42768_43,Female,Killingbeck,2023,02/01/2023,07:16:51,-67.552037,-67.788048,02/01/2023 07:16,02/01/2023 04:16
KB_23_42768_43,Female,Killingbeck,2023,02/01/2023,07:18:51,-67.553711,-67.786145,02/01/2023 07:18,02/01/2023 04:18
KB_23_42768_43,Female,Killingbeck,2023,02/01/2023,07:21:06,-67.553995,-67.78579,02/01/2023 07:21,02/01/2023 04:21
KB_23_42768_43,Female,Killingbeck,2023,02/01/2023,07:23:03,-67.553459,-67.75379,02/01/2023 07:23,02/01/2023 04:23
KB_23_42768_43,Female,Killingbeck,2023,02/01/2023,07:25:02,-67.55376,-67.744531,02/01/2023 07:25,02/01/2023 04:25
KB_23_42768_43,Female,Killingbeck,2023,02/01/2023,07:27:01,-67.552921,-67.739175,02/01/2023 07:27,02/01/2023 04:27
KB_23_42768_43,Female,Killingbeck,2023,02/01/2023,07:29:01,-67.55641,-67.690819,02/01/2023 07:29,02/01/2023 04:29
KB_23_42768_43,Female,Killingbeck,2023,02/01/2023,07:31:02,-67.556807,-67.64239,02/01/2023 07:31,02/01/2023 04:31
KB_23_42768_43,Female,Killingbeck,2023,02/01/2023,07:33:02,-67.55933,-67.595944,02/01/2023 07:33,02/01/2023 04:33
KB_23_42768_43,Female,Killingbeck,2023,02/01/2023,07:35:08,-67.558606,-67.582286,02/01/2023 07:35,02/01/2023 04:35
KB_23_42768_43,Female,Killingbeck,2023,02/01/2023,07:37:09,-67.558756,-67.582484,02/01/2023 07:37,02/01/2023 04:37
KB_23_42768_43,Female,Killingbeck,2023,02/01/2023,07:39:08,-67.55855,-67.582066,02/01/2023 07:39,02/01/2023 04:39
KB_23_42768_43,Female,Killingbeck,2023,02/01/2023,07:41:06,-67.558706,-67.582592,02/01/2023 07:41,02/01/2023 04:41
KB_23_42768_43,Female,Killingbeck,2023,02/01/2023,07:43:08,-67.558557,-67.582074,02/01/2023 07:43,02/01/2023 04:43
KB_23_42768_43,Female,Killingbeck,2023,02/01/2023,07:45:04,-67.553323,-67.550348,02/01/2023 07:45,02/01/2023 04:45
KB_23_42768_43,Female,Killingbeck,2023,02/01/2023,07:47:03,-67.552678,-67.516951,02/01/2023 07:47,02/01/2023 04:47
KB_23_42768_43,Female,Killingbeck,2023,02/01/2023,07:49:50,-67.552649,-67.519938,02/01/2023 07:49,02/01/2023 04:49
KB_23_42768_43,Female,Killingbeck,2023,02/01/2023,07:53:36,-67.551542,-67.52054,02/01/2023 07:53,02/01/2023 04:53
KB_23_42768_43,Female,Killingbeck,2023,02/01/2023,07:55:33,-67.553333,-67.515698,02/01/2023 07:55,02/01/2023 04:55
KB_23_42768_43,Female,Killingbeck,2023,02/01/2023,07:57:32,-67.550748,-67.471513,02/01/2023 07:57,02/01/2023 04:57
KB_23_42768_43,Female,Killingbeck,2023,02/01/2023,07:59:31,-67.547067,-67.440337,02/01/2023 07:59,02/01/2023 04:59
KB_23_42768_43,Female,Killingbeck,2023,02/01/2023,08:01:30,-67.546823,-67.440264,02/01/2023 08:01,02/01/2023 05:01
KB_23_42768_43,Female,Killingbeck,2023,02/01/2023,08:04:41,-67.546922,-67.439262,02/01/2023 08:04,02/01/2023 05:04
KB_23_42768_43,Female,Killingbeck,2023,02/01/2023,08:06:39,-67.546954,-67.439233,02/01/2023 08:06,02/01/2023 05:06
KB_23_42768_43,Female,Killingbeck,2023,02/01/2023,08:08:39,-67.547096,-67.439145,02/01/2023 08:08,02/01/2023 05:08
KB_23_42768_43,Female,Killingbeck,2023,02/01/2023,08:11:27,-67.547111,-67.439383,02/01/2023 08:11,02/01/2023 05:11
KB_23_42768_43,Female,Killingbeck,2023,02/01/2023,08:13:25,-67.547624,-67.439796,02/01/2023 08:13,02/01/2023 05:13
KB_23_42768_43,Female,Killingbeck,2023,02/01/2023,08:15:24,-67.547613,-67.439672,02/01/2023 08:15,02/01/2023 05:15
KB_23_42768_43,Female,Killingbeck,2023,02/01/2023,08:17:24,-67.547396,-67.4374,02/01/2023 08:17,02/01/2023 05:17
KB_23_42768_43,Female,Killingbeck,2023,02/01/2023,08:19:24,-67.549168,-67.454928,02/01/2023 08:19,02/01/2023 05:19
KB_23_42768_43,Female,Killingbeck,2023,02/01/2023,08:22:01,-67.549223,-67.455036,02/01/2023 08:22,02/01/2023 05:22
KB_23_42768_43,Female,Killingbeck,2023,02/01/2023,08:24:01,-67.548934,-67.455062,02/01/2023 08:24,02/01/2023 05:24
KB_23_42768_43,Female,Killingbeck,2023,02/01/2023,08:28:34,-67.549121,-67.454893,02/01/2023 08:28,02/01/2023 05:28
KB_23_42768_43,Female,Killingbeck,2023,02/01/2023,08:30:34,-67.548679,-67.455356,02/01/2023 08:30,02/01/2023 05:30
KB_23_42768_43,Female,Killingbeck,2023,02/01/2023,08:32:30,-67.548864,-67.455069,02/01/2023 08:32,02/01/2023 05:32
KB_23_42768_43,Female,Killingbeck,2023,02/01/2023,08:34:30,-67.549192,-67.454563,02/01/2023 08:34,02/01/2023 05:34
KB_23_42768_43,Female,Killingbeck,2023,02/01/2023,08:36:32,-67.549255,-67.455258,02/01/2023 08:36,02/01/2023 05:36
KB_23_42768_43,Female,Killingbeck,2023,02/01/2023,08:38:30,-67.549142,-67.455159,02/01/2023 08:38,02/01/2023 05:38
KB_23_42768_43,Female,Killingbeck,2023,02/01/2023,08:40:29,-67.549088,-67.454786,02/01/2023 08:40,02/01/2023 05:40
KB_23_42768_43,Female,Killingbeck,2023,02/01/2023,08:42:27,-67.549131,-67.455022,02/01/2023 08:42,02/01/2023 05:42
KB_23_42768_43,Female,Killingbeck,2023,02/01/2023,08:44:35,-67.548906,-67.454192,02/01/2023 08:44,02/01/2023 05:44
KB_23_42768_43,Female,Killingbeck,2023,02/01/2023,08:46:27,-67.549288,-67.454881,02/01/2023 08:46,02/01/2023 05:46
KB_23_42768_43,Female,Killingbeck,2023,02/01/2023,08:48:26,-67.549107,-67.455246,02/01/2023 08:48,02/01/2023 05:48
KB_23_42768_43,Female,Killingbeck,2023,02/01/2023,08:50:35,-67.549264,-67.455074,02/01/2023 08:50,02/01/2023 05:50
KB_23_42768_43,Female,Killingbeck,2023,02/01/2023,08:52:30,-67.549223,-67.455038,02/01/2023 08:52,02/01/2023 05:52
KB_23_42768_43,Female,Killingbeck,2023,02/01/2023,08:54:25,-67.548925,-67.454426,02/01/2023 08:54,02/01/2023 05:54
KB_23_42768_43,Female,Killingbeck,2023,02/01/2023,08:56:26,-67.54919,-67.454987,02/01/2023 08:56,02/01/2023 05:56
KB_23_42768_43,Female,Killingbeck,2023,02/01/2023,08:58:25,-67.549203,-67.455007,02/01/2023 08:58,02/01/2023 05:58
KB_23_42768_43,Female,Killingbeck,2023,02/01/2023,09:00:23,-67.549226,-67.454995,02/01/2023 09:00,02/01/2023 06:00
KB_23_42768_43,Female,Killingbeck,2023,02/01/2023,09:02:23,-67.549028,-67.454872,02/01/2023 09:02,02/01/2023 06:02
KB_23_42768_43,Female,Killingbeck,2023,02/01/2023,09:04:19,-67.549164,-67.455035,02/01/2023 09:04,02/01/2023 06:04
KB_23_42768_43,Female,Killingbeck,2023,02/01/2023,09:06:23,-67.549239,-67.455013,02/01/2023 09:06,02/01/2023 06:06
KB_23_42768_43,Female,Killingbeck,2023,02/01/2023,09:08:23,-67.549124,-67.454912,02/01/2023 09:08,02/01/2023 06:08
KB_23_42768_43,Female,Killingbeck,2023,02/01/2023,09:10:22,-67.549257,-67.455164,02/01/2023 09:10,02/01/2023 06:10
KB_23_42768_43,Female,Killingbeck,2023,02/01/2023,09:12:19,-67.549,-67.454658,02/01/2023 09:12,02/01/2023 06:12
KB_23_42768_43,Female,Killingbeck,2023,02/01/2023,09:14:18,-67.549431,-67.454594,02/01/2023 09:14,02/01/2023 06:14
KB_23_42768_43,Female,Killingbeck,2023,02/01/2023,09:16:17,-67.549015,-67.454169,02/01/2023 09:16,02/01/2023 06:16
KB_23_42768_43,Female,Killingbeck,2023,02/01/2023,09:18:18,-67.549191,-67.454994,02/01/2023 09:18,02/01/2023 06:18
KB_23_42768_43,Female,Killingbeck,2023,02/01/2023,09:20:17,-67.549145,-67.454872,02/01/2023 09:20,02/01/2023 06:20
KB_23_42768_43,Female,Killingbeck,2023,02/01/2023,09:22:16,-67.54911,-67.45467,02/01/2023 09:22,02/01/2023 06:22
KB_23_42768_43,Female,Killingbeck,2023,02/01/2023,09:24:15,-67.549181,-67.455044,02/01/2023 09:24,02/01/2023 06:24
KB_23_42768_43,Female,Killingbeck,2023,02/01/2023,09:26:14,-67.549219,-67.45492,02/01/2023 09:26,02/01/2023 06:26
KB_23_42768_43,Female,Killingbeck,2023,02/01/2023,09:28:11,-67.549064,-67.454622,02/01/2023 09:28,02/01/2023 06:28
KB_23_42768_43,Female,Killingbeck,2023,02/01/2023,09:30:22,-67.546987,-67.44643,02/01/2023 09:30,02/01/2023 06:30
KB_23_42768_43,Female,Killingbeck,2023,02/01/2023,09:32:10,-67.549019,-67.455067,02/01/2023 09:32,02/01/2023 06:32
KB_23_42768_43,Female,Killingbeck,2023,02/01/2023,09:34:15,-67.546601,-67.450047,02/01/2023 09:34,02/01/2023 06:34
KB_23_42768_43,Female,Killingbeck,2023,02/01/2023,09:36:15,-67.549088,-67.45478,02/01/2023 09:36,02/01/2023 06:36
KB_23_42768_43,Female,Killingbeck,2023,02/01/2023,09:38:12,-67.549126,-67.454768,02/01/2023 09:38,02/01/2023 06:38
KB_23_42768_43,Female,Killingbeck,2023,02/01/2023,09:40:11,-67.549044,-67.454742,02/01/2023 09:40,02/01/2023 06:40
KB_23_42768_43,Female,Killingbeck,2023,02/01/2023,09:42:12,-67.549265,-67.454943,02/01/2023 09:42,02/01/2023 06:42
KB_23_42768_43,Female,Killingbeck,2023,02/01/2023,09:44:09,-67.54889,-67.454571,02/01/2023 09:44,02/01/2023 06:44
KB_23_42768_43,Female,Killingbeck,2023,02/01/2023,09:46:10,-67.549124,-67.45502,02/01/2023 09:46,02/01/2023 06:46
KB_23_42768_43,Female,Killingbeck,2023,02/01/2023,09:48:07,-67.549065,-67.454657,02/01/2023 09:48,02/01/2023 06:48
KB_23_42768_43,Female,Killingbeck,2023,02/01/2023,09:50:06,-67.549038,-67.454726,02/01/2023 09:50,02/01/2023 06:50
KB_23_42768_43,Female,Killingbeck,2023,02/01/2023,09:52:13,-67.549059,-67.453362,02/01/2023 09:52,02/01/2023 06:52
KB_23_42768_43,Female,Killingbeck,2023,02/01/2023,09:54:18,-67.54913,-67.454874,02/01/2023 09:54,02/01/2023 06:54
KB_23_42768_43,Female,Killingbeck,2023,02/01/2023,09:56:12,-67.549249,-67.454602,02/01/2023 09:56,02/01/2023 06:56
KB_23_42768_43,Female,Killingbeck,2023,02/01/2023,09:58:12,-67.547145,-67.450396,02/01/2023 09:58,02/01/2023 06:58
KB_23_42768_43,Female,Killingbeck,2023,02/01/2023,10:00:13,-67.549032,-67.455408,02/01/2023 10:00,02/01/2023 07:00
KB_23_42768_43,Female,Killingbeck,2023,02/01/2023,10:02:13,-67.549085,-67.454854,02/01/2023 10:02,02/01/2023 07:02
KB_23_42768_43,Female,Killingbeck,2023,02/01/2023,10:04:13,-67.548715,-67.454571,02/01/2023 10:04,02/01/2023 07:04
KB_23_42768_43,Female,Killingbeck,2023,02/01/2023,10:06:14,-67.549453,-67.454216,02/01/2023 10:06,02/01/2023 07:06
KB_23_42768_43,Female,Killingbeck,2023,02/01/2023,10:08:16,-67.54943,-67.454618,02/01/2023 10:08,02/01/2023 07:08
KB_23_42768_43,Female,Killingbeck,2023,02/01/2023,10:10:07,-67.549498,-67.455034,02/01/2023 10:10,02/01/2023 07:10
KB_23_42768_43,Female,Killingbeck,2023,02/01/2023,10:12:14,-67.546076,-67.456616,02/01/2023 10:12,02/01/2023 07:12
KB_23_42768_43,Female,Killingbeck,2023,02/01/2023,10:14:05,-67.547313,-67.440533,02/01/2023 10:14,02/01/2023 07:14
KB_23_42768_43,Female,Killingbeck,2023,02/01/2023,10:16:05,-67.547233,-67.440264,02/01/2023 10:16,02/01/2023 07:16
KB_23_42768_43,Female,Killingbeck,2023,02/01/2023,10:18:04,-67.547053,-67.440015,02/01/2023 10:18,02/01/2023 07:18
KB_23_42768_43,Female,Killingbeck,2023,02/01/2023,10:20:30,-67.547295,-67.439625,02/01/2023 10:20,02/01/2023 07:20
KB_23_42768_43,Female,Killingbeck,2023,02/01/2023,10:22:30,-67.547388,-67.439837,02/01/2023 10:22,02/01/2023 07:22
KB_23_42768_43,Female,Killingbeck,2023,02/01/2023,10:24:28,-67.547363,-67.439847,02/01/2023 10:24,02/01/2023 07:24
KB_23_42768_43,Female,Killingbeck,2023,02/01/2023,10:26:28,-67.547302,-67.440089,02/01/2023 10:26,02/01/2023 07:26
KB_23_42768_43,Female,Killingbeck,2023,02/01/2023,10:28:28,-67.547288,-67.439944,02/01/2023 10:28,02/01/2023 07:28
KB_23_42768_43,Female,Killingbeck,2023,02/01/2023,10:30:26,-67.547176,-67.439769,02/01/2023 10:30,02/01/2023 07:30
KB_23_42768_43,Female,Killingbeck,2023,02/01/2023,10:33:47,-67.547246,-67.439732,02/01/2023 10:33,02/01/2023 07:33
KB_23_42768_43,Female,Killingbeck,2023,02/01/2023,10:35:45,-67.547307,-67.439754,02/01/2023 10:35,02/01/2023 07:35
KB_23_42768_43,Female,Killingbeck,2023,02/01/2023,10:37:48,-67.547328,-67.439986,02/01/2023 10:37,02/01/2023 07:37
KB_23_42768_43,Female,Killingbeck,2023,02/01/2023,10:39:46,-67.547343,-67.439971,02/01/2023 10:39,02/01/2023 07:39
KB_23_42768_43,Female,Killingbeck,2023,02/01/2023,10:41:46,-67.547238,-67.439811,02/01/2023 10:41,02/01/2023 07:41
KB_23_42768_43,Female,Killingbeck,2023,02/01/2023,10:43:44,-67.547198,-67.439418,02/01/2023 10:43,02/01/2023 07:43
KB_23_42768_43,Female,Killingbeck,2023,02/01/2023,10:47:12,-67.547039,-67.439312,02/01/2023 10:47,02/01/2023 07:47
KB_23_42768_43,Female,Killingbeck,2023,02/01/2023,10:49:06,-67.547412,-67.439936,02/01/2023 10:49,02/01/2023 07:49
KB_23_42768_43,Female,Killingbeck,2023,02/01/2023,10:51:06,-67.549959,-67.469728,02/01/2023 10:51,02/01/2023 07:51
KB_23_42768_43,Female,Killingbeck,2023,02/01/2023,10:53:05,-67.552994,-67.516098,02/01/2023 10:53,02/01/2023 07:53
KB_23_42768_43,Female,Killingbeck,2023,02/01/2023,10:55:03,-67.556424,-67.560009,02/01/2023 10:55,02/01/2023 07:55
KB_23_42768_43,Female,Killingbeck,2023,02/01/2023,10:57:02,-67.558998,-67.613493,02/01/2023 10:57,02/01/2023 07:57
KB_23_42768_43,Female,Killingbeck,2023,02/01/2023,10:59:01,-67.555847,-67.655642,02/01/2023 10:59,02/01/2023 07:59
KB_23_42768_43,Female,Killingbeck,2023,02/01/2023,11:01:00,-67.556885,-67.702895,02/01/2023 11:01,02/01/2023 08:01
KB_23_42768_43,Female,Killingbeck,2023,02/01/2023,11:02:59,-67.555153,-67.750982,02/01/2023 11:02,02/01/2023 08:02
KB_23_42768_43,Female,Killingbeck,2023,02/01/2023,11:05:01,-67.549778,-67.794875,02/01/2023 11:05,02/01/2023 08:05
KB_23_42768_43,Female,Killingbeck,2023,02/01/2023,11:06:57,-67.548417,-67.831078,02/01/2023 11:06,02/01/2023 08:06
KB_23_42768_43,Female,Killingbeck,2023,02/01/2023,11:08:59,-67.548644,-67.83212,02/01/2023 11:08,02/01/2023 08:08
KB_23_42768_43,Female,Killingbeck,2023,02/01/2023,11:10:58,-67.54904,-67.833282,02/01/2023 11:10,02/01/2023 08:10
KB_23_42768_43,Female,Killingbeck,2023,02/01/2023,11:12:58,-67.549433,-67.834506,02/01/2023 11:12,02/01/2023 08:12
KB_23_42768_43,Female,Killingbeck,2023,02/01/2023,11:14:57,-67.549843,-67.835968,02/01/2023 11:14,02/01/2023 08:14
KB_23_42768_43,Female,Killingbeck,2023,02/01/2023,11:17:02,-67.550335,-67.837485,02/01/2023 11:17,02/01/2023 08:17
KB_23_42768_43,Female,Killingbeck,2023,02/01/2023,11:19:01,-67.550122,-67.841014,02/01/2023 11:19,02/01/2023 08:19
KB_23_42768_43,Female,Killingbeck,2023,02/01/2023,11:21:00,-67.560695,-67.887199,02/01/2023 11:21,02/01/2023 08:21
KB_23_42768_43,Female,Killingbeck,2023,02/01/2023,11:22:59,-67.563896,-67.944188,02/01/2023 11:22,02/01/2023 08:22
KB_23_42768_43,Female,Killingbeck,2023,02/01/2023,11:24:58,-67.566066,-68.001103,02/01/2023 11:24,02/01/2023 08:24
KB_23_42768_43,Female,Killingbeck,2023,02/01/2023,11:26:57,-67.569483,-68.057004,02/01/2023 11:26,02/01/2023 08:26
KB_23_42768_43,Female,Killingbeck,2023,02/01/2023,11:29:03,-67.570441,-68.07003,02/01/2023 11:29,02/01/2023 08:29
KB_23_42768_43,Female,Killingbeck,2023,02/01/2023,11:30:57,-67.570669,-68.070038,02/01/2023 11:30,02/01/2023 08:30
KB_23_42768_43,Female,Killingbeck,2023,02/01/2023,11:32:57,-67.570598,-68.069691,02/01/2023 11:32,02/01/2023 08:32
KB_23_42768_43,Female,Killingbeck,2023,02/01/2023,11:34:58,-67.570413,-68.06999,02/01/2023 11:34,02/01/2023 08:34
KB_23_42768_43,Female,Killingbeck,2023,02/01/2023,11:36:56,-67.569847,-68.069197,02/01/2023 11:36,02/01/2023 08:36
KB_23_42768_43,Female,Killingbeck,2023,02/01/2023,11:38:56,-67.569466,-68.070561,02/01/2023 11:38,02/01/2023 08:38
KB_23_42768_43,Female,Killingbeck,2023,02/01/2023,11:41:23,-67.570567,-68.069759,02/01/2023 11:41,02/01/2023 08:41
KB_23_42768_43,Female,Killingbeck,2023,02/01/2023,11:43:21,-67.570636,-68.069719,02/01/2023 11:43,02/01/2023 08:43
KB_23_42768_43,Female,Killingbeck,2023,02/01/2023,11:45:33,-67.570714,-68.070011,02/01/2023 11:45,02/01/2023 08:45
KB_23_42768_43,Female,Killingbeck,2023,02/01/2023,11:47:31,-67.570718,-68.070364,02/01/2023 11:47,02/01/2023 08:47
KB_23_42768_43,Female,Killingbeck,2023,02/01/2023,11:49:30,-67.57069,-68.070249,02/01/2023 11:49,02/01/2023 08:49
KB_23_42768_43,Female,Killingbeck,2023,02/01/2023,11:51:29,-67.570667,-68.070087,02/01/2023 11:51,02/01/2023 08:51
KB_23_42768_43,Female,Killingbeck,2023,02/01/2023,11:53:28,-67.570595,-68.069613,02/01/2023 11:53,02/01/2023 08:53
KB_23_42768_43,Female,Killingbeck,2023,02/01/2023,11:55:26,-67.570635,-68.069816,02/01/2023 11:55,02/01/2023 08:55
KB_23_42768_43,Female,Killingbeck,2023,02/01/2023,11:57:26,-67.570694,-68.070136,02/01/2023 11:57,02/01/2023 08:57
KB_23_42768_43,Female,Killingbeck,2023,02/01/2023,11:59:25,-67.570725,-68.07039,02/01/2023 11:59,02/01/2023 08:59
KB_23_42768_43,Female,Killingbeck,2023,02/01/2023,12:01:24,-67.570565,-68.069563,02/01/2023 12:01,02/01/2023 09:01
KB_23_42768_43,Female,Killingbeck,2023,02/01/2023,12:03:24,-67.570684,-68.07013,02/01/2023 12:03,02/01/2023 09:03
KB_23_42768_43,Female,Killingbeck,2023,02/01/2023,12:05:23,-67.570734,-68.070395,02/01/2023 12:05,02/01/2023 09:05
KB_23_42768_43,Female,Killingbeck,2023,02/01/2023,12:07:22,-67.570653,-68.070146,02/01/2023 12:07,02/01/2023 09:07
KB_23_42768_43,Female,Killingbeck,2023,02/01/2023,12:10:54,-67.570654,-68.069633,02/01/2023 12:10,02/01/2023 09:10
KB_23_42768_43,Female,Killingbeck,2023,02/01/2023,12:12:56,-67.571478,-68.071035,02/01/2023 12:12,02/01/2023 09:12
KB_23_42768_43,Female,Killingbeck,2023,02/01/2023,12:14:49,-67.570786,-68.069863,02/01/2023 12:14,02/01/2023 09:14
KB_23_42768_43,Female,Killingbeck,2023,02/01/2023,12:16:48,-67.57059,-68.069545,02/01/2023 12:16,02/01/2023 09:16
KB_23_42768_43,Female,Killingbeck,2023,02/01/2023,12:19:00,-67.57053,-68.0694,02/01/2023 12:19,02/01/2023 09:19
KB_23_42768_43,Female,Killingbeck,2023,02/01/2023,12:20:50,-67.570728,-68.069604,02/01/2023 12:20,02/01/2023 09:20
KB_23_42768_43,Female,Killingbeck,2023,02/01/2023,12:22:48,-67.570478,-68.069224,02/01/2023 12:22,02/01/2023 09:22
KB_23_42768_43,Female,Killingbeck,2023,02/01/2023,12:24:48,-67.570747,-68.069527,02/01/2023 12:24,02/01/2023 09:24
KB_23_42768_43,Female,Killingbeck,2023,02/01/2023,12:26:56,-67.570756,-68.07018,02/01/2023 12:26,02/01/2023 09:26
KB_23_42768_43,Female,Killingbeck,2023,02/01/2023,12:28:44,-67.570618,-68.069608,02/01/2023 12:28,02/01/2023 09:28
KB_23_42768_43,Female,Killingbeck,2023,02/01/2023,12:30:45,-67.570635,-68.06958,02/01/2023 12:30,02/01/2023 09:30
KB_23_42768_43,Female,Killingbeck,2023,02/01/2023,12:32:44,-67.570738,-68.069523,02/01/2023 12:32,02/01/2023 09:32
KB_23_42768_43,Female,Killingbeck,2023,02/01/2023,12:34:43,-67.570696,-68.069696,02/01/2023 12:34,02/01/2023 09:34
KB_23_42768_43,Female,Killingbeck,2023,02/01/2023,12:36:42,-67.570661,-68.070351,02/01/2023 12:36,02/01/2023 09:36
KB_23_42768_43,Female,Killingbeck,2023,02/01/2023,12:38:31,-67.570628,-68.070211,02/01/2023 12:38,02/01/2023 09:38
KB_23_42768_43,Female,Killingbeck,2023,02/01/2023,12:40:28,-67.570663,-68.069625,02/01/2023 12:40,02/01/2023 09:40
KB_23_42768_43,Female,Killingbeck,2023,02/01/2023,12:42:27,-67.570642,-68.069638,02/01/2023 12:42,02/01/2023 09:42
KB_23_42768_43,Female,Killingbeck,2023,02/01/2023,12:44:33,-67.570539,-68.069514,02/01/2023 12:44,02/01/2023 09:44
KB_23_42768_43,Female,Killingbeck,2023,02/01/2023,12:46:28,-67.570441,-68.069448,02/01/2023 12:46,02/01/2023 09:46
KB_23_42768_43,Female,Killingbeck,2023,02/01/2023,12:48:40,-67.570486,-68.069219,02/01/2023 12:48,02/01/2023 09:48
KB_23_42768_43,Female,Killingbeck,2023,02/01/2023,12:50:27,-67.570515,-68.069592,02/01/2023 12:50,02/01/2023 09:50
KB_23_42768_43,Female,Killingbeck,2023,02/01/2023,12:52:23,-67.570662,-68.069617,02/01/2023 12:52,02/01/2023 09:52
KB_23_42768_43,Female,Killingbeck,2023,02/01/2023,12:54:22,-67.570676,-68.069552,02/01/2023 12:54,02/01/2023 09:54
KB_23_42768_43,Female,Killingbeck,2023,02/01/2023,12:56:21,-67.570525,-68.069709,02/01/2023 12:56,02/01/2023 09:56
KB_23_42768_43,Female,Killingbeck,2023,02/01/2023,12:58:20,-67.570592,-68.069504,02/01/2023 12:58,02/01/2023 09:58
KB_23_42768_43,Female,Killingbeck,2023,02/01/2023,13:00:21,-67.57057,-68.071684,02/01/2023 13:00,02/01/2023 10:00
KB_23_42768_43,Female,Killingbeck,2023,02/01/2023,13:02:17,-67.570583,-68.069369,02/01/2023 13:02,02/01/2023 10:02
KB_23_42768_43,Female,Killingbeck,2023,02/01/2023,13:04:25,-67.570484,-68.069517,02/01/2023 13:04,02/01/2023 10:04
KB_23_42768_43,Female,Killingbeck,2023,02/01/2023,13:06:20,-67.570506,-68.069496,02/01/2023 13:06,02/01/2023 10:06
KB_23_42768_43,Female,Killingbeck,2023,02/01/2023,13:08:05,-67.570663,-68.069389,02/01/2023 13:08,02/01/2023 10:08
KB_23_42768_43,Female,Killingbeck,2023,02/01/2023,13:10:13,-67.570456,-68.069287,02/01/2023 13:10,02/01/2023 10:10
KB_23_42768_43,Female,Killingbeck,2023,02/01/2023,13:12:07,-67.570493,-68.069465,02/01/2023 13:12,02/01/2023 10:12
KB_23_42768_43,Female,Killingbeck,2023,02/01/2023,13:14:04,-67.570514,-68.069568,02/01/2023 13:14,02/01/2023 10:14
KB_23_42768_43,Female,Killingbeck,2023,02/01/2023,13:16:03,-67.570806,-68.069502,02/01/2023 13:16,02/01/2023 10:16
KB_23_42768_43,Female,Killingbeck,2023,02/01/2023,13:18:04,-67.570802,-68.069406,02/01/2023 13:18,02/01/2023 10:18
KB_23_42768_43,Female,Killingbeck,2023,02/01/2023,13:20:16,-67.570793,-68.069626,02/01/2023 13:20,02/01/2023 10:20
KB_23_42768_43,Female,Killingbeck,2023,02/01/2023,13:22:02,-67.570753,-68.069408,02/01/2023 13:22,02/01/2023 10:22
KB_23_42768_43,Female,Killingbeck,2023,02/01/2023,13:24:01,-67.570892,-68.069445,02/01/2023 13:24,02/01/2023 10:24
KB_23_42768_43,Female,Killingbeck,2023,02/01/2023,13:26:13,-67.570892,-68.068947,02/01/2023 13:26,02/01/2023 10:26
KB_23_42768_43,Female,Killingbeck,2023,02/01/2023,13:27:57,-67.570674,-68.069325,02/01/2023 13:27,02/01/2023 10:27
KB_23_42768_43,Female,Killingbeck,2023,02/01/2023,13:30:04,-67.570757,-68.06937,02/01/2023 13:30,02/01/2023 10:30
KB_23_42768_43,Female,Killingbeck,2023,02/01/2023,13:31:58,-67.570779,-68.069599,02/01/2023 13:31,02/01/2023 10:31
KB_23_42768_43,Female,Killingbeck,2023,02/01/2023,13:33:57,-67.570657,-68.069578,02/01/2023 13:33,02/01/2023 10:33
KB_23_42768_43,Female,Killingbeck,2023,02/01/2023,13:35:57,-67.570768,-68.06936,02/01/2023 13:35,02/01/2023 10:35
KB_23_42768_43,Female,Killingbeck,2023,02/01/2023,13:37:58,-67.5708,-68.069503,02/01/2023 13:37,02/01/2023 10:37
KB_23_42768_43,Female,Killingbeck,2023,02/01/2023,13:39:54,-67.570518,-68.069501,02/01/2023 13:39,02/01/2023 10:39
KB_23_42768_43,Female,Killingbeck,2023,02/01/2023,13:41:58,0,0,02/01/2023 13:41,02/01/2023 10:41
KB_23_42768_43,Female,Killingbeck,2023,02/01/2023,13:43:44,-67.57067,-68.069448,02/01/2023 13:43,02/01/2023 10:43
KB_23_42768_43,Female,Killingbeck,2023,02/01/2023,13:45:41,-67.570668,-68.069496,02/01/2023 13:45,02/01/2023 10:45
KB_23_42768_43,Female,Killingbeck,2023,02/01/2023,13:47:42,-67.570692,-68.069368,02/01/2023 13:47,02/01/2023 10:47
KB_23_42768_43,Female,Killingbeck,2023,02/01/2023,13:49:47,-67.570593,-68.069307,02/01/2023 13:49,02/01/2023 10:49
KB_23_42768_43,Female,Killingbeck,2023,02/01/2023,13:51:51,-67.570666,-68.069404,02/01/2023 13:51,02/01/2023 10:51
KB_23_42768_43,Female,Killingbeck,2023,02/01/2023,13:53:41,-67.570463,-68.069481,02/01/2023 13:53,02/01/2023 10:53
KB_23_42768_43,Female,Killingbeck,2023,02/01/2023,13:55:49,-67.570657,-68.069618,02/01/2023 13:55,02/01/2023 10:55
KB_23_42768_43,Female,Killingbeck,2023,02/01/2023,13:57:40,-67.570534,-68.069894,02/01/2023 13:57,02/01/2023 10:57
KB_23_42768_43,Female,Killingbeck,2023,02/01/2023,13:59:40,-67.57066,-68.069566,02/01/2023 13:59,02/01/2023 10:59
KB_23_42768_43,Female,Killingbeck,2023,02/01/2023,14:01:38,-67.570381,-68.070231,02/01/2023 14:01,02/01/2023 11:01
KB_23_42768_43,Female,Killingbeck,2023,02/01/2023,14:03:34,-67.57072,-68.06932,02/01/2023 14:03,02/01/2023 11:03
KB_23_42768_43,Female,Killingbeck,2023,02/01/2023,14:05:34,-67.570619,-68.069604,02/01/2023 14:05,02/01/2023 11:05
KB_23_42768_43,Female,Killingbeck,2023,02/01/2023,14:07:23,-67.570794,-68.069603,02/01/2023 14:07,02/01/2023 11:07
KB_23_42768_43,Female,Killingbeck,2023,02/01/2023,14:09:33,-67.570712,-68.069511,02/01/2023 14:09,02/01/2023 11:09
KB_23_42768_43,Female,Killingbeck,2023,02/01/2023,14:11:22,-67.570728,-68.069783,02/01/2023 14:11,02/01/2023 11:11
KB_23_42768_43,Female,Killingbeck,2023,02/01/2023,14:13:24,-67.571174,-68.064173,02/01/2023 14:13,02/01/2023 11:13
KB_23_42768_43,Female,Killingbeck,2023,02/01/2023,14:15:22,-67.570738,-68.069747,02/01/2023 14:15,02/01/2023 11:15
KB_23_42768_43,Female,Killingbeck,2023,02/01/2023,14:17:18,-67.570751,-68.069781,02/01/2023 14:17,02/01/2023 11:17
KB_23_42768_43,Female,Killingbeck,2023,02/01/2023,14:19:18,-67.570724,-68.069867,02/01/2023 14:19,02/01/2023 11:19
KB_23_42768_43,Female,Killingbeck,2023,02/01/2023,14:21:19,-67.571097,-68.06619,02/01/2023 14:21,02/01/2023 11:21
KB_23_42768_43,Female,Killingbeck,2023,02/01/2023,14:23:18,-67.570881,-68.068404,02/01/2023 14:23,02/01/2023 11:23
KB_23_42768_43,Female,Killingbeck,2023,02/01/2023,14:25:14,-67.570725,-68.070092,02/01/2023 14:25,02/01/2023 11:25
KB_23_42768_43,Female,Killingbeck,2023,02/01/2023,14:27:14,-67.570744,-68.069695,02/01/2023 14:27,02/01/2023 11:27
KB_23_42768_43,Female,Killingbeck,2023,02/01/2023,14:29:12,-67.570757,-68.069923,02/01/2023 14:29,02/01/2023 11:29
KB_23_42768_43,Female,Killingbeck,2023,02/01/2023,14:31:11,-67.570707,-68.069585,02/01/2023 14:31,02/01/2023 11:31
KB_23_42768_43,Female,Killingbeck,2023,02/01/2023,14:33:11,-67.570726,-68.069818,02/01/2023 14:33,02/01/2023 11:33
KB_23_42768_43,Female,Killingbeck,2023,02/01/2023,14:35:10,-67.570741,-68.06978,02/01/2023 14:35,02/01/2023 11:35
KB_23_42768_43,Female,Killingbeck,2023,02/01/2023,14:37:08,-67.570737,-68.070039,02/01/2023 14:37,02/01/2023 11:37
KB_23_42768_43,Female,Killingbeck,2023,02/01/2023,14:39:09,-67.570399,-68.071907,02/01/2023 14:39,02/01/2023 11:39
KB_23_42768_43,Female,Killingbeck,2023,02/01/2023,14:41:06,-67.570707,-68.069779,02/01/2023 14:41,02/01/2023 11:41
KB_23_42768_43,Female,Killingbeck,2023,02/01/2023,14:43:04,-67.570739,-68.069989,02/01/2023 14:43,02/01/2023 11:43
KB_23_42768_43,Female,Killingbeck,2023,02/01/2023,14:45:04,-67.570716,-68.070088,02/01/2023 14:45,02/01/2023 11:45
KB_23_42768_43,Female,Killingbeck,2023,02/01/2023,14:47:03,-67.570744,-68.069667,02/01/2023 14:47,02/01/2023 11:47
KB_23_42768_43,Female,Killingbeck,2023,02/01/2023,14:49:01,-67.570704,-68.069986,02/01/2023 14:49,02/01/2023 11:49
KB_23_42768_43,Female,Killingbeck,2023,02/01/2023,14:51:00,-67.57074,-68.069675,02/01/2023 14:51,02/01/2023 11:51
KB_23_42768_43,Female,Killingbeck,2023,02/01/2023,14:53:00,-67.570722,-68.069749,02/01/2023 14:53,02/01/2023 11:53
KB_23_42768_43,Female,Killingbeck,2023,02/01/2023,14:54:59,-67.57067,-68.069662,02/01/2023 14:54,02/01/2023 11:54
KB_23_42768_43,Female,Killingbeck,2023,02/01/2023,14:57:00,-67.570659,-68.070091,02/01/2023 14:57,02/01/2023 11:57
KB_23_42768_43,Female,Killingbeck,2023,02/01/2023,14:58:57,-67.570695,-68.069673,02/01/2023 14:58,02/01/2023 11:58
KB_23_42768_43,Female,Killingbeck,2023,02/01/2023,15:00:56,-67.570717,-68.069741,02/01/2023 15:00,02/01/2023 12:00
KB_23_42768_43,Female,Killingbeck,2023,02/01/2023,15:02:55,-67.570669,-68.069509,02/01/2023 15:02,02/01/2023 12:02
KB_23_42768_43,Female,Killingbeck,2023,02/01/2023,15:04:54,-67.570727,-68.069736,02/01/2023 15:04,02/01/2023 12:04
KB_23_42768_43,Female,Killingbeck,2023,02/01/2023,15:07:15,-67.570759,-68.069858,02/01/2023 15:07,02/01/2023 12:07
KB_23_42768_43,Female,Killingbeck,2023,02/01/2023,15:09:14,-67.570665,-68.069675,02/01/2023 15:09,02/01/2023 12:09
KB_23_42768_43,Female,Killingbeck,2023,02/01/2023,15:11:13,-67.570691,-68.06962,02/01/2023 15:11,02/01/2023 12:11
KB_23_42768_43,Female,Killingbeck,2023,02/01/2023,15:13:12,-67.570799,-68.069949,02/01/2023 15:13,02/01/2023 12:13
KB_23_42768_43,Female,Killingbeck,2023,02/01/2023,15:15:14,-67.569402,-68.061927,02/01/2023 15:15,02/01/2023 12:15
KB_23_42768_43,Female,Killingbeck,2023,02/01/2023,15:17:10,-67.570743,-68.069791,02/01/2023 15:17,02/01/2023 12:17
KB_23_42768_43,Female,Killingbeck,2023,02/01/2023,15:19:09,-67.570707,-68.069655,02/01/2023 15:19,02/01/2023 12:19
KB_23_42768_43,Female,Killingbeck,2023,02/01/2023,15:21:08,-67.570756,-68.069773,02/01/2023 15:21,02/01/2023 12:21
KB_23_42768_43,Female,Killingbeck,2023,02/01/2023,15:23:07,-67.570797,-68.069875,02/01/2023 15:23,02/01/2023 12:23
KB_23_42768_43,Female,Killingbeck,2023,02/01/2023,15:25:07,-67.570781,-68.069778,02/01/2023 15:25,02/01/2023 12:25
KB_23_42768_43,Female,Killingbeck,2023,02/01/2023,15:27:05,-67.570758,-68.069793,02/01/2023 15:27,02/01/2023 12:27
KB_23_42768_43,Female,Killingbeck,2023,02/01/2023,15:29:05,-67.570756,-68.06993,02/01/2023 15:29,02/01/2023 12:29
KB_23_42768_43,Female,Killingbeck,2023,02/01/2023,15:31:04,-67.570689,-68.069619,02/01/2023 15:31,02/01/2023 12:31
KB_23_42768_43,Female,Killingbeck,2023,02/01/2023,15:33:03,-67.57075,-68.069765,02/01/2023 15:33,02/01/2023 12:33
KB_23_42768_43,Female,Killingbeck,2023,02/01/2023,15:35:02,-67.570759,-68.069956,02/01/2023 15:35,02/01/2023 12:35
KB_23_42768_43,Female,Killingbeck,2023,02/01/2023,15:36:59,-67.570763,-68.069886,02/01/2023 15:36,02/01/2023 12:36
KB_23_42768_43,Female,Killingbeck,2023,02/01/2023,15:38:58,-67.570701,-68.069795,02/01/2023 15:38,02/01/2023 12:38
KB_23_42768_43,Female,Killingbeck,2023,02/01/2023,15:40:57,-67.570717,-68.069833,02/01/2023 15:40,02/01/2023 12:40
KB_23_42768_43,Female,Killingbeck,2023,02/01/2023,15:42:56,-67.570737,-68.06994,02/01/2023 15:42,02/01/2023 12:42
KB_23_42768_43,Female,Killingbeck,2023,02/01/2023,15:44:55,-67.57072,-68.069678,02/01/2023 15:44,02/01/2023 12:44
KB_23_42768_43,Female,Killingbeck,2023,02/01/2023,15:46:54,-67.570832,-68.070058,02/01/2023 15:46,02/01/2023 12:46
KB_23_42768_43,Female,Killingbeck,2023,02/01/2023,15:48:54,-67.570862,-68.07002,02/01/2023 15:48,02/01/2023 12:48
KB_23_42768_43,Female,Killingbeck,2023,02/01/2023,15:50:52,-67.570752,-68.069796,02/01/2023 15:50,02/01/2023 12:50
KB_23_42768_43,Female,Killingbeck,2023,02/01/2023,15:52:51,-67.570878,-68.070002,02/01/2023 15:52,02/01/2023 12:52
KB_23_42768_43,Female,Killingbeck,2023,02/01/2023,15:54:51,-67.570718,-68.069612,02/01/2023 15:54,02/01/2023 12:54
KB_23_42768_43,Female,Killingbeck,2023,02/01/2023,15:56:49,-67.570702,-68.069767,02/01/2023 15:56,02/01/2023 12:56
KB_23_42768_43,Female,Killingbeck,2023,02/01/2023,15:58:49,-67.570762,-68.069789,02/01/2023 15:58,02/01/2023 12:58
KB_23_42768_43,Female,Killingbeck,2023,02/01/2023,16:00:48,-67.570676,-68.069668,02/01/2023 16:00,02/01/2023 13:00
KB_23_42768_43,Female,Killingbeck,2023,02/01/2023,16:02:48,-67.570708,-68.069729,02/01/2023 16:02,02/01/2023 13:02
KB_23_42768_43,Female,Killingbeck,2023,02/01/2023,16:04:47,-67.570714,-68.069658,02/01/2023 16:04,02/01/2023 13:04
KB_23_42768_43,Female,Killingbeck,2023,02/01/2023,16:06:35,-67.570794,-68.069969,02/01/2023 16:06,02/01/2023 13:06
KB_23_42768_43,Female,Killingbeck,2023,02/01/2023,16:08:34,-67.570709,-68.069715,02/01/2023 16:08,02/01/2023 13:08
KB_23_42768_43,Female,Killingbeck,2023,02/01/2023,16:10:33,-67.570749,-68.069789,02/01/2023 16:10,02/01/2023 13:10
KB_23_42768_43,Female,Killingbeck,2023,02/01/2023,16:12:34,-67.570659,-68.069546,02/01/2023 16:12,02/01/2023 13:12
KB_23_42768_43,Female,Killingbeck,2023,02/01/2023,16:14:33,-67.570919,-68.070371,02/01/2023 16:14,02/01/2023 13:14
KB_23_42768_43,Female,Killingbeck,2023,02/01/2023,16:16:42,-67.570579,-68.069385,02/01/2023 16:16,02/01/2023 13:16
KB_23_42768_43,Female,Killingbeck,2023,02/01/2023,16:18:30,-67.570706,-68.069668,02/01/2023 16:18,02/01/2023 13:18
KB_23_42768_43,Female,Killingbeck,2023,02/01/2023,16:20:31,-67.570709,-68.069724,02/01/2023 16:20,02/01/2023 13:20
KB_23_42768_43,Female,Killingbeck,2023,02/01/2023,16:22:30,-67.570734,-68.069888,02/01/2023 16:22,02/01/2023 13:22
KB_23_42768_43,Female,Killingbeck,2023,02/01/2023,16:24:26,-67.57071,-68.06974,02/01/2023 16:24,02/01/2023 13:24
KB_23_42768_43,Female,Killingbeck,2023,02/01/2023,16:26:38,-67.570722,-68.069654,02/01/2023 16:26,02/01/2023 13:26
KB_23_42768_43,Female,Killingbeck,2023,02/01/2023,16:28:24,-67.570772,-68.069693,02/01/2023 16:28,02/01/2023 13:28
KB_23_42768_43,Female,Killingbeck,2023,02/01/2023,16:30:24,-67.570713,-68.069726,02/01/2023 16:30,02/01/2023 13:30
KB_23_42768_43,Female,Killingbeck,2023,02/01/2023,16:32:26,-67.57077,-68.069922,02/01/2023 16:32,02/01/2023 13:32
KB_23_42768_43,Female,Killingbeck,2023,02/01/2023,16:34:25,-67.570695,-68.069755,02/01/2023 16:34,02/01/2023 13:34
KB_23_42768_43,Female,Killingbeck,2023,02/01/2023,16:36:20,-67.570776,-68.069908,02/01/2023 16:36,02/01/2023 13:36
KB_23_42768_43,Female,Killingbeck,2023,02/01/2023,16:38:19,-67.570726,-68.06986,02/01/2023 16:38,02/01/2023 13:38
KB_23_42768_43,Female,Killingbeck,2023,02/01/2023,16:40:18,-67.570714,-68.069833,02/01/2023 16:40,02/01/2023 13:40
KB_23_42768_43,Female,Killingbeck,2023,02/01/2023,16:42:16,-67.570737,-68.069714,02/01/2023 16:42,02/01/2023 13:42
KB_23_42768_43,Female,Killingbeck,2023,02/01/2023,16:44:16,-67.570767,-68.069789,02/01/2023 16:44,02/01/2023 13:44
KB_23_42768_43,Female,Killingbeck,2023,02/01/2023,16:46:15,-67.570735,-68.069902,02/01/2023 16:46,02/01/2023 13:46
KB_23_42768_43,Female,Killingbeck,2023,02/01/2023,16:48:13,-67.570685,-68.06957,02/01/2023 16:48,02/01/2023 13:48
KB_23_42768_43,Female,Killingbeck,2023,02/01/2023,16:50:13,-67.570735,-68.069727,02/01/2023 16:50,02/01/2023 13:50
KB_23_42768_43,Female,Killingbeck,2023,02/01/2023,16:52:11,-67.570665,-68.069629,02/01/2023 16:52,02/01/2023 13:52
KB_23_42768_43,Female,Killingbeck,2023,02/01/2023,16:54:11,-67.570694,-68.069746,02/01/2023 16:54,02/01/2023 13:54
KB_23_42768_43,Female,Killingbeck,2023,02/01/2023,16:56:10,-67.570694,-68.069777,02/01/2023 16:56,02/01/2023 13:56
KB_23_42768_43,Female,Killingbeck,2023,02/01/2023,16:58:08,-67.570694,-68.069765,02/01/2023 16:58,02/01/2023 13:58
KB_23_42768_43,Female,Killingbeck,2023,02/01/2023,17:00:08,-67.570684,-68.069715,02/01/2023 17:00,02/01/2023 14:00
KB_23_42768_43,Female,Killingbeck,2023,02/01/2023,17:02:07,-67.570697,-68.069782,02/01/2023 17:02,02/01/2023 14:02
KB_23_42768_43,Female,Killingbeck,2023,02/01/2023,17:04:06,-67.570679,-68.069754,02/01/2023 17:04,02/01/2023 14:04
KB_23_42768_43,Female,Killingbeck,2023,02/01/2023,17:06:20,-67.570721,-68.069746,02/01/2023 17:06,02/01/2023 14:06
KB_23_42768_43,Female,Killingbeck,2023,02/01/2023,17:08:19,-67.570691,-68.069663,02/01/2023 17:08,02/01/2023 14:08
KB_23_42768_43,Female,Killingbeck,2023,02/01/2023,17:10:18,-67.570661,-68.069934,02/01/2023 17:10,02/01/2023 14:10
KB_23_42768_43,Female,Killingbeck,2023,02/01/2023,17:12:17,-67.570702,-68.06976,02/01/2023 17:12,02/01/2023 14:12
KB_23_42768_43,Female,Killingbeck,2023,02/01/2023,17:14:17,-67.570602,-68.069497,02/01/2023 17:14,02/01/2023 14:14
KB_23_42768_43,Female,Killingbeck,2023,02/01/2023,17:16:18,-67.57065,-68.069715,02/01/2023 17:16,02/01/2023 14:16
KB_23_42768_43,Female,Killingbeck,2023,02/01/2023,17:18:15,-67.570721,-68.069839,02/01/2023 17:18,02/01/2023 14:18
KB_23_42768_43,Female,Killingbeck,2023,02/01/2023,17:20:14,-67.570733,-68.069852,02/01/2023 17:20,02/01/2023 14:20
KB_23_42768_43,Female,Killingbeck,2023,02/01/2023,17:22:13,-67.570653,-68.069784,02/01/2023 17:22,02/01/2023 14:22
KB_23_42768_43,Female,Killingbeck,2023,02/01/2023,17:24:11,-67.570688,-68.069822,02/01/2023 17:24,02/01/2023 14:24
KB_23_42768_43,Female,Killingbeck,2023,02/01/2023,17:26:13,-67.570625,-68.069706,02/01/2023 17:26,02/01/2023 14:26
KB_23_42768_43,Female,Killingbeck,2023,02/01/2023,17:28:12,-67.570425,-68.071248,02/01/2023 17:28,02/01/2023 14:28
KB_23_42768_43,Female,Killingbeck,2023,02/01/2023,17:30:10,-67.570675,-68.069884,02/01/2023 17:30,02/01/2023 14:30
KB_23_42768_43,Female,Killingbeck,2023,02/01/2023,17:32:09,-67.570678,-68.069971,02/01/2023 17:32,02/01/2023 14:32
KB_23_42768_43,Female,Killingbeck,2023,02/01/2023,17:34:08,-67.570718,-68.069891,02/01/2023 17:34,02/01/2023 14:34
KB_23_42768_43,Female,Killingbeck,2023,02/01/2023,17:35:58,-67.57066,-68.069996,02/01/2023 17:35,02/01/2023 14:35
KB_23_42768_43,Female,Killingbeck,2023,02/01/2023,17:38:10,-67.570739,-68.069919,02/01/2023 17:38,02/01/2023 14:38
KB_23_42768_43,Female,Killingbeck,2023,02/01/2023,17:40:06,-67.570732,-68.069922,02/01/2023 17:40,02/01/2023 14:40
KB_23_42768_43,Female,Killingbeck,2023,02/01/2023,17:42:05,-67.571384,-68.070655,02/01/2023 17:42,02/01/2023 14:42
KB_23_42768_43,Female,Killingbeck,2023,02/01/2023,17:44:07,-67.570655,-68.06992,02/01/2023 17:44,02/01/2023 14:44
KB_23_42768_43,Female,Killingbeck,2023,02/01/2023,17:46:00,-67.572273,-68.072033,02/01/2023 17:46,02/01/2023 14:46
KB_23_42768_43,Female,Killingbeck,2023,02/01/2023,17:48:02,-67.570989,-68.070181,02/01/2023 17:48,02/01/2023 14:48
KB_23_42768_43,Female,Killingbeck,2023,02/01/2023,17:49:53,-67.570797,-68.069759,02/01/2023 17:49,02/01/2023 14:49
KB_23_42768_43,Female,Killingbeck,2023,02/01/2023,17:51:52,-67.57043,-68.069698,02/01/2023 17:51,02/01/2023 14:51
KB_23_42768_43,Female,Killingbeck,2023,02/01/2023,17:54:02,-67.570786,-68.069469,02/01/2023 17:54,02/01/2023 14:54
KB_23_42768_43,Female,Killingbeck,2023,02/01/2023,17:55:51,-67.570658,-68.069745,02/01/2023 17:55,02/01/2023 14:55
KB_23_42768_43,Female,Killingbeck,2023,02/01/2023,17:58:01,-67.570866,-68.070472,02/01/2023 17:58,02/01/2023 14:58
KB_23_42768_43,Female,Killingbeck,2023,02/01/2023,18:00:00,-67.570258,-68.069164,02/01/2023 18:00,02/01/2023 15:00
KB_23_42768_43,Female,Killingbeck,2023,02/01/2023,18:01:50,-67.570862,-68.069801,02/01/2023 18:01,02/01/2023 15:01
KB_23_42768_43,Female,Killingbeck,2023,02/01/2023,18:03:59,-67.570767,-68.06942,02/01/2023 18:03,02/01/2023 15:03
KB_23_42768_43,Female,Killingbeck,2023,02/01/2023,18:05:39,-67.570572,-68.069753,02/01/2023 18:05,02/01/2023 15:05
KB_23_42768_43,Female,Killingbeck,2023,02/01/2023,18:07:36,-67.570684,-68.069652,02/01/2023 18:07,02/01/2023 15:07
KB_23_42768_43,Female,Killingbeck,2023,02/01/2023,18:09:37,-67.57084,-68.069415,02/01/2023 18:09,02/01/2023 15:09
KB_23_42768_43,Female,Killingbeck,2023,02/01/2023,18:11:33,-67.570582,-68.069599,02/01/2023 18:11,02/01/2023 15:11
KB_23_42768_43,Female,Killingbeck,2023,02/01/2023,18:13:34,-67.570393,-68.069643,02/01/2023 18:13,02/01/2023 15:13
KB_23_42768_43,Female,Killingbeck,2023,02/01/2023,18:15:31,-67.570598,-68.069489,02/01/2023 18:15,02/01/2023 15:15
KB_23_42768_43,Female,Killingbeck,2023,02/01/2023,18:17:33,-67.570386,-68.069566,02/01/2023 18:17,02/01/2023 15:17
KB_23_42768_43,Female,Killingbeck,2023,02/01/2023,18:19:32,-67.570261,-68.069009,02/01/2023 18:19,02/01/2023 15:19
KB_23_42768_43,Female,Killingbeck,2023,02/01/2023,18:21:30,-67.57063,-68.069565,02/01/2023 18:21,02/01/2023 15:21
KB_23_42768_43,Female,Killingbeck,2023,02/01/2023,18:23:27,-67.570584,-68.069626,02/01/2023 18:23,02/01/2023 15:23
KB_23_42768_43,Female,Killingbeck,2023,02/01/2023,18:25:28,-67.570595,-68.069596,02/01/2023 18:25,02/01/2023 15:25
KB_23_42768_43,Female,Killingbeck,2023,02/01/2023,18:27:27,-67.570536,-68.069519,02/01/2023 18:27,02/01/2023 15:27
KB_23_42768_43,Female,Killingbeck,2023,02/01/2023,18:29:26,-67.570599,-68.069584,02/01/2023 18:29,02/01/2023 15:29
KB_23_42768_43,Female,Killingbeck,2023,02/01/2023,18:31:26,-67.570573,-68.069598,02/01/2023 18:31,02/01/2023 15:31
KB_23_42768_43,Female,Killingbeck,2023,02/01/2023,18:33:23,-67.570509,-68.069612,02/01/2023 18:33,02/01/2023 15:33
KB_23_42768_43,Female,Killingbeck,2023,02/01/2023,18:35:46,-67.570557,-68.069562,02/01/2023 18:35,02/01/2023 15:35
KB_23_42768_43,Female,Killingbeck,2023,02/01/2023,18:37:54,-67.570492,-68.069712,02/01/2023 18:37,02/01/2023 15:37
KB_23_42768_43,Female,Killingbeck,2023,02/01/2023,18:39:47,-67.570538,-68.069538,02/01/2023 18:39,02/01/2023 15:39
KB_23_42768_43,Female,Killingbeck,2023,02/01/2023,18:41:44,-67.570537,-68.069666,02/01/2023 18:41,02/01/2023 15:41
KB_23_42768_43,Female,Killingbeck,2023,02/01/2023,18:43:43,-67.570704,-68.069919,02/01/2023 18:43,02/01/2023 15:43
KB_23_42768_43,Female,Killingbeck,2023,02/01/2023,18:45:41,-67.570578,-68.069655,02/01/2023 18:45,02/01/2023 15:45
KB_23_42768_43,Female,Killingbeck,2023,02/01/2023,18:47:41,-67.570668,-68.069708,02/01/2023 18:47,02/01/2023 15:47
KB_23_42768_43,Female,Killingbeck,2023,02/01/2023,18:49:42,-67.570574,-68.069662,02/01/2023 18:49,02/01/2023 15:49
KB_23_42768_43,Female,Killingbeck,2023,02/01/2023,18:51:43,-67.570632,-68.069577,02/01/2023 18:51,02/01/2023 15:51
KB_23_42768_43,Female,Killingbeck,2023,02/01/2023,18:53:42,-67.570612,-68.069606,02/01/2023 18:53,02/01/2023 15:53
KB_23_42768_43,Female,Killingbeck,2023,02/01/2023,18:55:40,-67.570646,-68.06964,02/01/2023 18:55,02/01/2023 15:55
KB_23_42768_43,Female,Killingbeck,2023,02/01/2023,18:57:39,-67.570566,-68.06949,02/01/2023 18:57,02/01/2023 15:57
KB_23_42768_43,Female,Killingbeck,2023,02/01/2023,18:59:37,-67.570486,-68.069463,02/01/2023 18:59,02/01/2023 15:59
KB_23_42768_43,Female,Killingbeck,2023,02/01/2023,19:01:38,-67.570483,-68.069285,02/01/2023 19:01,02/01/2023 16:01
KB_23_42768_43,Female,Killingbeck,2023,02/01/2023,19:03:37,-67.570496,-68.06962,02/01/2023 19:03,02/01/2023 16:03
KB_23_42768_43,Female,Killingbeck,2023,02/01/2023,19:05:25,-67.570509,-68.06944,02/01/2023 19:05,02/01/2023 16:05
KB_23_42768_43,Female,Killingbeck,2023,02/01/2023,19:07:24,-67.570404,-68.069588,02/01/2023 19:07,02/01/2023 16:07
KB_23_42768_43,Female,Killingbeck,2023,02/01/2023,19:09:23,-67.570452,-68.069518,02/01/2023 19:09,02/01/2023 16:09
KB_23_42768_43,Female,Killingbeck,2023,02/01/2023,19:11:21,-67.570642,-68.069565,02/01/2023 19:11,02/01/2023 16:11
KB_23_42768_43,Female,Killingbeck,2023,02/01/2023,19:13:19,-67.5706,-68.06963,02/01/2023 19:13,02/01/2023 16:13
KB_23_42768_43,Female,Killingbeck,2023,02/01/2023,19:15:20,-67.570572,-68.069511,02/01/2023 19:15,02/01/2023 16:15
KB_23_42768_43,Female,Killingbeck,2023,02/01/2023,19:17:20,-67.57047,-68.069542,02/01/2023 19:17,02/01/2023 16:17
KB_23_42768_43,Female,Killingbeck,2023,02/01/2023,19:19:18,-67.570528,-68.069526,02/01/2023 19:19,02/01/2023 16:19
KB_23_42768_43,Female,Killingbeck,2023,02/01/2023,19:21:17,-67.57052,-68.069513,02/01/2023 19:21,02/01/2023 16:21
KB_23_42768_43,Female,Killingbeck,2023,02/01/2023,19:23:16,-67.570475,-68.069557,02/01/2023 19:23,02/01/2023 16:23
KB_23_42768_43,Female,Killingbeck,2023,02/01/2023,19:25:15,-67.570473,-68.069493,02/01/2023 19:25,02/01/2023 16:25
KB_23_42768_43,Female,Killingbeck,2023,02/01/2023,19:27:14,-67.570552,-68.069495,02/01/2023 19:27,02/01/2023 16:27
KB_23_42768_43,Female,Killingbeck,2023,02/01/2023,19:29:14,-67.570491,-68.069495,02/01/2023 19:29,02/01/2023 16:29
KB_23_42768_43,Female,Killingbeck,2023,02/01/2023,19:31:13,-67.57057,-68.069515,02/01/2023 19:31,02/01/2023 16:31
KB_23_42768_43,Female,Killingbeck,2023,02/01/2023,19:33:11,-67.570578,-68.069497,02/01/2023 19:33,02/01/2023 16:33
KB_23_42768_43,Female,Killingbeck,2023,02/01/2023,19:35:00,-67.570583,-68.069504,02/01/2023 19:35,02/01/2023 16:35
KB_23_42768_43,Female,Killingbeck,2023,02/01/2023,19:36:57,-67.570607,-68.069526,02/01/2023 19:36,02/01/2023 16:36
KB_23_42768_43,Female,Killingbeck,2023,02/01/2023,19:38:56,-67.570637,-68.069588,02/01/2023 19:38,02/01/2023 16:38
KB_23_42768_43,Female,Killingbeck,2023,02/01/2023,19:40:56,-67.57054,-68.069461,02/01/2023 19:40,02/01/2023 16:40
KB_23_42768_43,Female,Killingbeck,2023,02/01/2023,19:42:54,-67.570613,-68.069532,02/01/2023 19:42,02/01/2023 16:42
KB_23_42768_43,Female,Killingbeck,2023,02/01/2023,19:44:54,-67.570495,-68.069228,02/01/2023 19:44,02/01/2023 16:44
KB_23_42768_43,Female,Killingbeck,2023,02/01/2023,19:46:53,-67.570376,-68.069025,02/01/2023 19:46,02/01/2023 16:46
KB_23_42768_43,Female,Killingbeck,2023,02/01/2023,19:48:54,-67.57057,-68.069513,02/01/2023 19:48,02/01/2023 16:48
KB_23_42768_43,Female,Killingbeck,2023,02/01/2023,19:50:50,-67.570598,-68.069579,02/01/2023 19:50,02/01/2023 16:50
KB_23_42768_43,Female,Killingbeck,2023,02/01/2023,19:52:50,-67.570521,-68.06956,02/01/2023 19:52,02/01/2023 16:52
KB_23_42768_43,Female,Killingbeck,2023,02/01/2023,19:54:49,-67.570648,-68.069312,02/01/2023 19:54,02/01/2023 16:54
KB_23_42768_43,Female,Killingbeck,2023,02/01/2023,19:56:49,-67.570681,-68.069695,02/01/2023 19:56,02/01/2023 16:56
KB_23_42768_43,Female,Killingbeck,2023,02/01/2023,19:58:49,-67.570627,-68.069447,02/01/2023 19:58,02/01/2023 16:58
KB_23_42768_43,Female,Killingbeck,2023,02/01/2023,20:00:47,-67.570584,-68.069549,02/01/2023 20:00,02/01/2023 17:00
KB_23_42768_43,Female,Killingbeck,2023,02/01/2023,20:02:48,-67.570612,-68.069328,02/01/2023 20:02,02/01/2023 17:02
KB_23_42768_43,Female,Killingbeck,2023,02/01/2023,20:04:45,-67.570681,-68.069438,02/01/2023 20:04,02/01/2023 17:04
KB_23_42768_43,Female,Killingbeck,2023,02/01/2023,20:06:44,-67.570616,-68.069219,02/01/2023 20:06,02/01/2023 17:06
KB_23_42768_43,Female,Killingbeck,2023,02/01/2023,20:08:42,-67.570695,-68.069621,02/01/2023 20:08,02/01/2023 17:08
KB_23_42768_43,Female,Killingbeck,2023,02/01/2023,20:10:41,-67.570687,-68.069479,02/01/2023 20:10,02/01/2023 17:10
KB_23_42768_43,Female,Killingbeck,2023,02/01/2023,20:12:41,-67.570635,-68.069489,02/01/2023 20:12,02/01/2023 17:12
KB_23_42768_43,Female,Killingbeck,2023,02/01/2023,20:14:42,-67.570581,-68.069357,02/01/2023 20:14,02/01/2023 17:14
KB_23_42768_43,Female,Killingbeck,2023,02/01/2023,20:16:39,-67.570632,-68.069373,02/01/2023 20:16,02/01/2023 17:16
KB_23_42768_43,Female,Killingbeck,2023,02/01/2023,20:18:38,-67.570643,-68.069497,02/01/2023 20:18,02/01/2023 17:18
KB_23_42768_43,Female,Killingbeck,2023,02/01/2023,20:20:36,-67.570648,-68.069609,02/01/2023 20:20,02/01/2023 17:20
KB_23_42768_43,Female,Killingbeck,2023,02/01/2023,20:22:36,-67.570567,-68.06954,02/01/2023 20:22,02/01/2023 17:22
KB_23_42768_43,Female,Killingbeck,2023,02/01/2023,20:24:36,-67.570591,-68.06954,02/01/2023 20:24,02/01/2023 17:24
KB_23_42768_43,Female,Killingbeck,2023,02/01/2023,20:26:36,-67.570326,-68.070408,02/01/2023 20:26,02/01/2023 17:26
KB_23_42768_43,Female,Killingbeck,2023,02/01/2023,20:28:33,-67.570661,-68.069563,02/01/2023 20:28,02/01/2023 17:28
KB_23_42768_43,Female,Killingbeck,2023,02/01/2023,20:30:32,-67.570651,-68.069491,02/01/2023 20:30,02/01/2023 17:30
KB_23_42768_43,Female,Killingbeck,2023,02/01/2023,20:32:32,-67.570641,-68.069589,02/01/2023 20:32,02/01/2023 17:32
KB_23_42768_43,Female,Killingbeck,2023,02/01/2023,20:34:31,-67.570676,-68.069475,02/01/2023 20:34,02/01/2023 17:34
KB_23_42768_43,Female,Killingbeck,2023,02/01/2023,20:36:32,-67.570607,-68.069587,02/01/2023 20:36,02/01/2023 17:36
KB_23_42768_43,Female,Killingbeck,2023,02/01/2023,20:38:30,-67.57026,-68.069449,02/01/2023 20:38,02/01/2023 17:38
KB_23_42768_43,Female,Killingbeck,2023,02/01/2023,20:40:31,-67.57062,-68.069472,02/01/2023 20:40,02/01/2023 17:40
KB_23_42768_43,Female,Killingbeck,2023,02/01/2023,20:42:30,-67.570586,-68.069526,02/01/2023 20:42,02/01/2023 17:42
KB_23_42768_43,Female,Killingbeck,2023,02/01/2023,20:44:29,-67.570596,-68.069529,02/01/2023 20:44,02/01/2023 17:44
KB_23_42768_43,Female,Killingbeck,2023,02/01/2023,20:46:27,-67.570544,-68.069518,02/01/2023 20:46,02/01/2023 17:46
KB_23_42768_43,Female,Killingbeck,2023,02/01/2023,20:48:23,-67.570763,-68.069508,02/01/2023 20:48,02/01/2023 17:48
KB_23_42768_43,Female,Killingbeck,2023,02/01/2023,20:50:22,-67.570564,-68.069494,02/01/2023 20:50,02/01/2023 17:50
KB_23_42768_43,Female,Killingbeck,2023,02/01/2023,20:52:22,-67.570676,-68.069509,02/01/2023 20:52,02/01/2023 17:52
KB_23_42768_43,Female,Killingbeck,2023,02/01/2023,20:54:23,-67.570785,-68.069776,02/01/2023 20:54,02/01/2023 17:54
KB_23_42768_43,Female,Killingbeck,2023,02/01/2023,20:56:23,-67.570559,-68.069454,02/01/2023 20:56,02/01/2023 17:56
KB_23_42768_43,Female,Killingbeck,2023,02/01/2023,20:58:18,-67.570661,-68.069546,02/01/2023 20:58,02/01/2023 17:58
KB_23_42768_43,Female,Killingbeck,2023,02/01/2023,21:00:20,-67.570634,-68.069495,02/01/2023 21:00,02/01/2023 18:00
KB_23_42768_43,Female,Killingbeck,2023,02/01/2023,21:02:18,-67.570603,-68.069511,02/01/2023 21:02,02/01/2023 18:02
KB_23_42768_43,Female,Killingbeck,2023,02/01/2023,21:04:16,-67.570607,-68.069498,02/01/2023 21:04,02/01/2023 18:04
KB_23_42768_43,Female,Killingbeck,2023,02/01/2023,21:06:16,-67.570605,-68.069452,02/01/2023 21:06,02/01/2023 18:06
KB_23_42768_43,Female,Killingbeck,2023,02/01/2023,21:08:24,-67.57064,-68.069513,02/01/2023 21:08,02/01/2023 18:08
KB_23_42768_43,Female,Killingbeck,2023,02/01/2023,21:10:17,-67.570624,-68.06941,02/01/2023 21:10,02/01/2023 18:10
KB_23_42768_43,Female,Killingbeck,2023,02/01/2023,21:12:16,-67.570621,-68.069396,02/01/2023 21:12,02/01/2023 18:12
KB_23_42768_43,Female,Killingbeck,2023,02/01/2023,21:14:16,-67.570573,-68.069367,02/01/2023 21:14,02/01/2023 18:14
KB_23_42768_43,Female,Killingbeck,2023,02/01/2023,21:16:15,-67.570653,-68.069574,02/01/2023 21:16,02/01/2023 18:16
KB_23_42768_43,Female,Killingbeck,2023,02/01/2023,21:18:14,-67.570516,-68.069463,02/01/2023 21:18,02/01/2023 18:18
KB_23_42768_43,Female,Killingbeck,2023,02/01/2023,21:20:11,-67.570568,-68.069417,02/01/2023 21:20,02/01/2023 18:20
KB_23_42768_43,Female,Killingbeck,2023,02/01/2023,21:22:11,-67.570532,-68.069371,02/01/2023 21:22,02/01/2023 18:22
KB_23_42768_43,Female,Killingbeck,2023,02/01/2023,21:24:09,-67.570645,-68.069415,02/01/2023 21:24,02/01/2023 18:24
KB_23_42768_43,Female,Killingbeck,2023,02/01/2023,21:26:08,-67.570624,-68.069433,02/01/2023 21:26,02/01/2023 18:26
KB_23_42768_43,Female,Killingbeck,2023,02/01/2023,21:28:09,-67.570619,-68.069463,02/01/2023 21:28,02/01/2023 18:28
KB_23_42768_43,Female,Killingbeck,2023,02/01/2023,21:30:07,-67.570581,-68.069393,02/01/2023 21:30,02/01/2023 18:30
KB_23_42768_43,Female,Killingbeck,2023,02/01/2023,21:32:12,-67.570673,-68.069989,02/01/2023 21:32,02/01/2023 18:32
KB_23_42768_43,Female,Killingbeck,2023,02/01/2023,21:34:06,-67.57066,-68.069485,02/01/2023 21:34,02/01/2023 18:34
KB_23_42768_43,Female,Killingbeck,2023,02/01/2023,21:36:08,-67.570584,-68.069431,02/01/2023 21:36,02/01/2023 18:36
KB_23_42768_43,Female,Killingbeck,2023,02/01/2023,21:38:05,-67.570638,-68.069404,02/01/2023 21:38,02/01/2023 18:38
KB_23_42768_43,Female,Killingbeck,2023,02/01/2023,21:40:05,-67.570848,-68.071026,02/01/2023 21:40,02/01/2023 18:40
KB_23_42768_43,Female,Killingbeck,2023,02/01/2023,21:42:14,-67.570751,-68.070129,02/01/2023 21:42,02/01/2023 18:42
KB_23_42768_43,Female,Killingbeck,2023,02/01/2023,21:44:07,-67.571022,-68.07175,02/01/2023 21:44,02/01/2023 18:44
KB_23_42768_43,Female,Killingbeck,2023,02/01/2023,21:46:07,-67.570631,-68.069379,02/01/2023 21:46,02/01/2023 18:46
KB_23_42768_43,Female,Killingbeck,2023,02/01/2023,21:48:13,-67.570299,-68.069735,02/01/2023 21:48,02/01/2023 18:48
KB_23_42768_43,Female,Killingbeck,2023,02/01/2023,21:50:03,-67.570525,-68.069513,02/01/2023 21:50,02/01/2023 18:50
KB_23_42768_43,Female,Killingbeck,2023,02/01/2023,21:52:08,-67.570626,-68.069341,02/01/2023 21:52,02/01/2023 18:52
KB_23_42768_43,Female,Killingbeck,2023,02/01/2023,21:54:13,-67.570452,-68.06858,02/01/2023 21:54,02/01/2023 18:54
KB_23_42768_43,Female,Killingbeck,2023,02/01/2023,21:56:10,-67.571807,-68.071489,02/01/2023 21:56,02/01/2023 18:56
KB_23_42768_43,Female,Killingbeck,2023,02/01/2023,21:58:01,-67.57045,-68.068639,02/01/2023 21:58,02/01/2023 18:58
KB_23_42768_43,Female,Killingbeck,2023,02/01/2023,22:00:06,-67.570486,-68.068776,02/01/2023 22:00,02/01/2023 19:00
KB_23_42768_43,Female,Killingbeck,2023,02/01/2023,22:02:01,-67.57065,-68.069994,02/01/2023 22:02,02/01/2023 19:02
KB_23_42768_43,Female,Killingbeck,2023,02/01/2023,22:04:04,-67.570511,-68.069254,02/01/2023 22:04,02/01/2023 19:04
KB_23_42768_43,Female,Killingbeck,2023,02/01/2023,22:05:59,-67.570563,-68.069121,02/01/2023 22:05,02/01/2023 19:05
KB_23_42768_43,Female,Killingbeck,2023,02/01/2023,22:07:59,-67.570753,-68.069533,02/01/2023 22:07,02/01/2023 19:07
KB_23_42768_43,Female,Killingbeck,2023,02/01/2023,22:09:58,-67.570339,-68.068242,02/01/2023 22:09,02/01/2023 19:09
KB_23_42768_43,Female,Killingbeck,2023,02/01/2023,22:12:00,-67.570688,-68.069305,02/01/2023 22:12,02/01/2023 19:12
KB_23_42768_43,Female,Killingbeck,2023,02/01/2023,22:14:03,-67.570696,-68.069312,02/01/2023 22:14,02/01/2023 19:14
KB_23_42768_43,Female,Killingbeck,2023,02/01/2023,22:15:58,-67.570714,-68.070029,02/01/2023 22:15,02/01/2023 19:15
KB_23_42768_43,Female,Killingbeck,2023,02/01/2023,22:18:00,-67.570685,-68.069339,02/01/2023 22:18,02/01/2023 19:18
KB_23_42768_43,Female,Killingbeck,2023,02/01/2023,22:19:59,-67.570764,-68.06948,02/01/2023 22:19,02/01/2023 19:19
KB_23_42768_43,Female,Killingbeck,2023,02/01/2023,22:22:09,-67.570881,-68.068554,02/01/2023 22:22,02/01/2023 19:22
KB_23_42768_43,Female,Killingbeck,2023,02/01/2023,22:23:58,-67.570719,-68.069478,02/01/2023 22:23,02/01/2023 19:23
KB_23_42768_43,Female,Killingbeck,2023,02/01/2023,22:25:56,-67.569947,-68.072449,02/01/2023 22:25,02/01/2023 19:25
KB_23_42768_43,Female,Killingbeck,2023,02/01/2023,22:28:07,-67.570739,-68.06925,02/01/2023 22:28,02/01/2023 19:28
KB_23_42768_43,Female,Killingbeck,2023,02/01/2023,22:30:06,-67.5708,-68.069043,02/01/2023 22:30,02/01/2023 19:30
KB_23_42768_43,Female,Killingbeck,2023,02/01/2023,22:32:04,-67.570485,-68.070179,02/01/2023 22:32,02/01/2023 19:32
KB_23_42768_43,Female,Killingbeck,2023,02/01/2023,22:35:07,-67.570658,-68.06965,02/01/2023 22:35,02/01/2023 19:35
KB_23_42768_43,Female,Killingbeck,2023,02/01/2023,22:37:18,-67.570847,-68.068934,02/01/2023 22:37,02/01/2023 19:37
KB_23_42768_43,Female,Killingbeck,2023,02/01/2023,22:39:03,-67.570397,-68.070469,02/01/2023 22:39,02/01/2023 19:39
KB_23_42768_43,Female,Killingbeck,2023,02/01/2023,22:41:03,-67.570496,-68.070069,02/01/2023 22:41,02/01/2023 19:41
KB_23_42768_43,Female,Killingbeck,2023,02/01/2023,22:43:14,-67.570307,-68.070566,02/01/2023 22:43,02/01/2023 19:43
KB_23_42768_43,Female,Killingbeck,2023,02/01/2023,22:45:02,-67.570601,-68.069493,02/01/2023 22:45,02/01/2023 19:45
KB_23_42768_43,Female,Killingbeck,2023,02/01/2023,22:47:12,-67.57074,-68.069312,02/01/2023 22:47,02/01/2023 19:47
KB_23_42768_43,Female,Killingbeck,2023,02/01/2023,22:48:58,-67.570706,-68.069438,02/01/2023 22:48,02/01/2023 19:48
KB_23_42768_43,Female,Killingbeck,2023,02/01/2023,22:50:59,-67.570676,-68.0697,02/01/2023 22:50,02/01/2023 19:50
KB_23_42768_43,Female,Killingbeck,2023,02/01/2023,22:52:59,-67.570698,-68.069524,02/01/2023 22:52,02/01/2023 19:52
KB_23_42768_43,Female,Killingbeck,2023,02/01/2023,22:55:05,-67.570682,-68.069343,02/01/2023 22:55,02/01/2023 19:55
KB_23_42768_43,Female,Killingbeck,2023,02/01/2023,22:57:02,-67.570738,-68.069656,02/01/2023 22:57,02/01/2023 19:57
KB_23_42768_43,Female,Killingbeck,2023,02/01/2023,22:59:01,-67.570771,-68.069692,02/01/2023 22:59,02/01/2023 19:59
KB_23_42768_43,Female,Killingbeck,2023,02/01/2023,23:01:10,-67.570809,-68.06941,02/01/2023 23:01,02/01/2023 20:01
KB_23_42768_43,Female,Killingbeck,2023,02/01/2023,23:03:02,-67.570832,-68.069644,02/01/2023 23:03,02/01/2023 20:03
KB_23_42768_43,Female,Killingbeck,2023,02/01/2023,23:04:47,-67.570713,-68.069378,02/01/2023 23:04,02/01/2023 20:04
KB_23_42768_43,Female,Killingbeck,2023,02/01/2023,23:06:45,-67.570707,-68.069409,02/01/2023 23:06,02/01/2023 20:06
KB_23_42768_43,Female,Killingbeck,2023,02/01/2023,23:08:39,-67.570717,-68.069548,02/01/2023 23:08,02/01/2023 20:08
KB_23_42768_43,Female,Killingbeck,2023,02/01/2023,23:10:36,-67.570701,-68.069501,02/01/2023 23:10,02/01/2023 20:10
KB_23_42768_43,Female,Killingbeck,2023,02/01/2023,23:12:39,-67.57031,-68.07159,02/01/2023 23:12,02/01/2023 20:12
KB_23_42768_43,Female,Killingbeck,2023,02/01/2023,23:14:39,-67.570689,-68.06943,02/01/2023 23:14,02/01/2023 20:14
KB_23_42768_43,Female,Killingbeck,2023,02/01/2023,23:16:38,-67.570697,-68.069405,02/01/2023 23:16,02/01/2023 20:16
KB_23_42768_43,Female,Killingbeck,2023,02/01/2023,23:18:37,-67.570747,-68.069601,02/01/2023 23:18,02/01/2023 20:18
KB_23_42768_43,Female,Killingbeck,2023,02/01/2023,23:20:44,-67.571181,-68.067407,02/01/2023 23:20,02/01/2023 20:20
KB_23_42768_43,Female,Killingbeck,2023,02/01/2023,23:22:36,-67.570682,-68.069669,02/01/2023 23:22,02/01/2023 20:22
KB_23_42768_43,Female,Killingbeck,2023,02/01/2023,23:24:36,-67.570771,-68.06945,02/01/2023 23:24,02/01/2023 20:24
KB_23_42768_43,Female,Killingbeck,2023,02/01/2023,23:26:35,-67.569105,-68.070564,02/01/2023 23:26,02/01/2023 20:26
KB_23_42768_43,Female,Killingbeck,2023,02/01/2023,23:28:30,-67.570685,-68.069483,02/01/2023 23:28,02/01/2023 20:28
KB_23_42768_43,Female,Killingbeck,2023,02/01/2023,23:30:29,-67.570751,-68.069734,02/01/2023 23:30,02/01/2023 20:30
KB_23_42768_43,Female,Killingbeck,2023,02/01/2023,23:32:33,-67.570549,-68.069566,02/01/2023 23:32,02/01/2023 20:32
KB_23_42768_43,Female,Killingbeck,2023,02/01/2023,23:34:16,-67.57067,-68.069633,02/01/2023 23:34,02/01/2023 20:34
KB_23_42768_43,Female,Killingbeck,2023,02/01/2023,23:36:15,-67.57064,-68.069567,02/01/2023 23:36,02/01/2023 20:36
KB_23_42768_43,Female,Killingbeck,2023,02/01/2023,23:38:17,-67.570759,-68.069801,02/01/2023 23:38,02/01/2023 20:38
KB_23_42768_43,Female,Killingbeck,2023,02/01/2023,23:40:13,-67.570575,-68.069518,02/01/2023 23:40,02/01/2023 20:40
KB_23_42768_43,Female,Killingbeck,2023,02/01/2023,23:42:13,-67.570699,-68.069585,02/01/2023 23:42,02/01/2023 20:42
KB_23_42768_43,Female,Killingbeck,2023,02/01/2023,23:44:12,-67.570503,-68.069674,02/01/2023 23:44,02/01/2023 20:44
KB_23_42768_43,Female,Killingbeck,2023,02/01/2023,23:46:13,-67.570841,-68.069497,02/01/2023 23:46,02/01/2023 20:46
KB_23_42768_43,Female,Killingbeck,2023,02/01/2023,23:48:09,-67.570674,-68.069585,02/01/2023 23:48,02/01/2023 20:48
KB_23_42768_43,Female,Killingbeck,2023,02/01/2023,23:50:08,-67.570507,-68.069427,02/01/2023 23:50,02/01/2023 20:50
KB_23_42768_43,Female,Killingbeck,2023,02/01/2023,23:52:12,-67.570652,-68.069512,02/01/2023 23:52,02/01/2023 20:52
KB_23_42768_43,Female,Killingbeck,2023,02/01/2023,23:54:07,-67.569338,-68.069172,02/01/2023 23:54,02/01/2023 20:54
KB_23_42768_43,Female,Killingbeck,2023,02/01/2023,23:56:05,-67.569379,-68.069325,02/01/2023 23:56,02/01/2023 20:56
KB_23_42768_43,Female,Killingbeck,2023,02/01/2023,23:59:01,-67.570618,-68.069607,02/01/2023 23:59,02/01/2023 20:59
KB_23_42768_43,Female,Killingbeck,2023,03/01/2023,00:01:00,-67.570763,-68.069264,03/01/2023 00:01,02/01/2023 21:01
KB_23_42768_43,Female,Killingbeck,2023,03/01/2023,00:03:01,-67.570666,-68.069561,03/01/2023 00:03,02/01/2023 21:03
KB_23_42768_43,Female,Killingbeck,2023,03/01/2023,00:04:46,-67.570105,-68.069325,03/01/2023 00:04,02/01/2023 21:04
KB_23_42768_43,Female,Killingbeck,2023,03/01/2023,00:06:46,-67.570649,-68.069327,03/01/2023 00:06,02/01/2023 21:06
KB_23_42768_43,Female,Killingbeck,2023,03/01/2023,00:08:54,-67.570169,-68.069348,03/01/2023 00:08,02/01/2023 21:08
KB_23_42768_43,Female,Killingbeck,2023,03/01/2023,00:10:45,-67.570254,-68.064463,03/01/2023 00:10,02/01/2023 21:10
KB_23_42768_43,Female,Killingbeck,2023,03/01/2023,00:12:43,-67.57026,-68.064429,03/01/2023 00:12,02/01/2023 21:12
KB_23_42768_43,Female,Killingbeck,2023,03/01/2023,00:14:42,-67.570239,-68.064364,03/01/2023 00:14,02/01/2023 21:14
KB_23_42768_43,Female,Killingbeck,2023,03/01/2023,00:16:42,-67.570306,-68.064427,03/01/2023 00:16,02/01/2023 21:16
KB_23_42768_43,Female,Killingbeck,2023,03/01/2023,00:18:40,-67.570216,-68.0644,03/01/2023 00:18,02/01/2023 21:18
KB_23_42768_43,Female,Killingbeck,2023,03/01/2023,00:20:39,-67.570353,-68.064611,03/01/2023 00:20,02/01/2023 21:20
KB_23_42768_43,Female,Killingbeck,2023,03/01/2023,00:22:39,-67.567421,-68.025955,03/01/2023 00:22,02/01/2023 21:22
KB_23_42768_43,Female,Killingbeck,2023,03/01/2023,00:24:37,-67.562021,-67.973899,03/01/2023 00:24,02/01/2023 21:24
KB_23_42768_43,Female,Killingbeck,2023,03/01/2023,00:26:36,-67.555032,-67.919832,03/01/2023 00:26,02/01/2023 21:26
KB_23_42768_43,Female,Killingbeck,2023,03/01/2023,00:28:36,-67.552144,-67.862985,03/01/2023 00:28,02/01/2023 21:28
KB_23_42768_43,Female,Killingbeck,2023,03/01/2023,00:30:35,-67.547893,-67.807703,03/01/2023 00:30,02/01/2023 21:30
KB_23_42768_43,Female,Killingbeck,2023,03/01/2023,00:32:34,-67.548091,-67.797309,03/01/2023 00:32,02/01/2023 21:32
KB_23_42768_43,Female,Killingbeck,2023,03/01/2023,00:35:14,-67.548291,-67.781695,03/01/2023 00:35,02/01/2023 21:35
KB_23_42768_43,Female,Killingbeck,2023,03/01/2023,00:37:13,-67.548087,-67.782106,03/01/2023 00:37,02/01/2023 21:37
KB_23_42768_43,Female,Killingbeck,2023,03/01/2023,00:39:12,-67.548043,-67.782109,03/01/2023 00:39,02/01/2023 21:39
KB_23_42768_43,Female,Killingbeck,2023,03/01/2023,00:41:47,-67.547919,-67.782186,03/01/2023 00:41,02/01/2023 21:41
KB_23_42768_43,Female,Killingbeck,2023,03/01/2023,00:43:45,-67.547697,-67.782161,03/01/2023 00:43,02/01/2023 21:43
KB_23_42768_43,Female,Killingbeck,2023,03/01/2023,00:45:44,-67.549199,-67.784551,03/01/2023 00:45,02/01/2023 21:45
KB_23_42768_43,Female,Killingbeck,2023,03/01/2023,00:48:37,-67.549261,-67.784704,03/01/2023 00:48,02/01/2023 21:48
KB_23_42768_43,Female,Killingbeck,2023,03/01/2023,00:50:33,-67.549302,-67.784849,03/01/2023 00:50,02/01/2023 21:50
KB_23_42768_43,Female,Killingbeck,2023,03/01/2023,00:52:32,-67.549268,-67.784726,03/01/2023 00:52,02/01/2023 21:52
KB_23_42768_43,Female,Killingbeck,2023,03/01/2023,00:54:31,-67.549264,-67.784969,03/01/2023 00:54,02/01/2023 21:54
KB_23_42768_43,Female,Killingbeck,2023,03/01/2023,00:56:30,-67.5493,-67.784767,03/01/2023 00:56,02/01/2023 21:56
KB_23_42768_43,Female,Killingbeck,2023,03/01/2023,00:58:29,-67.549302,-67.784845,03/01/2023 00:58,02/01/2023 21:58
KB_23_42768_43,Female,Killingbeck,2023,03/01/2023,01:00:29,-67.549317,-67.784711,03/01/2023 01:00,02/01/2023 22:00
KB_23_42768_43,Female,Killingbeck,2023,03/01/2023,01:02:28,-67.549299,-67.784745,03/01/2023 01:02,02/01/2023 22:02
KB_23_42768_43,Female,Killingbeck,2023,03/01/2023,01:04:27,-67.549306,-67.784951,03/01/2023 01:04,02/01/2023 22:04
KB_23_42768_43,Female,Killingbeck,2023,03/01/2023,01:06:26,-67.549291,-67.784636,03/01/2023 01:06,02/01/2023 22:06
KB_23_42768_43,Female,Killingbeck,2023,03/01/2023,01:08:25,-67.549303,-67.784884,03/01/2023 01:08,02/01/2023 22:08
KB_23_42768_43,Female,Killingbeck,2023,03/01/2023,01:10:25,-67.549354,-67.78496,03/01/2023 01:10,02/01/2023 22:10
KB_23_42768_43,Female,Killingbeck,2023,03/01/2023,01:12:25,-67.54928,-67.784632,03/01/2023 01:12,02/01/2023 22:12
KB_23_42768_43,Female,Killingbeck,2023,03/01/2023,01:14:24,-67.549332,-67.784615,03/01/2023 01:14,02/01/2023 22:14
KB_23_42768_43,Female,Killingbeck,2023,03/01/2023,01:16:23,-67.549275,-67.784607,03/01/2023 01:16,02/01/2023 22:16
KB_23_42768_43,Female,Killingbeck,2023,03/01/2023,01:18:22,-67.549289,-67.784762,03/01/2023 01:18,02/01/2023 22:18
KB_23_42768_43,Female,Killingbeck,2023,03/01/2023,01:20:20,-67.54934,-67.784711,03/01/2023 01:20,02/01/2023 22:20
KB_23_42768_43,Female,Killingbeck,2023,03/01/2023,01:22:19,-67.549295,-67.784796,03/01/2023 01:22,02/01/2023 22:22
KB_23_42768_43,Female,Killingbeck,2023,03/01/2023,01:24:19,-67.549354,-67.784718,03/01/2023 01:24,02/01/2023 22:24
KB_23_42768_43,Female,Killingbeck,2023,03/01/2023,01:26:17,-67.549281,-67.784634,03/01/2023 01:26,02/01/2023 22:26
KB_23_42768_43,Female,Killingbeck,2023,03/01/2023,01:28:16,-67.549361,-67.784775,03/01/2023 01:28,02/01/2023 22:28
KB_23_42768_43,Female,Killingbeck,2023,03/01/2023,01:30:15,-67.547724,-67.782654,03/01/2023 01:30,02/01/2023 22:30
KB_23_42768_43,Female,Killingbeck,2023,03/01/2023,01:32:23,-67.547895,-67.782328,03/01/2023 01:32,02/01/2023 22:32
KB_23_42768_43,Female,Killingbeck,2023,03/01/2023,01:34:23,-67.547776,-67.78227,03/01/2023 01:34,02/01/2023 22:34
KB_23_42768_43,Female,Killingbeck,2023,03/01/2023,01:38:17,-67.547389,-67.78246,03/01/2023 01:38,02/01/2023 22:38
KB_23_42768_43,Female,Killingbeck,2023,03/01/2023,01:40:04,-67.548902,-67.78789,03/01/2023 01:40,02/01/2023 22:40
KB_23_42768_43,Female,Killingbeck,2023,03/01/2023,01:42:12,-67.548826,-67.788045,03/01/2023 01:42,02/01/2023 22:42
KB_23_42768_43,Female,Killingbeck,2023,03/01/2023,01:44:11,-67.54889,-67.787922,03/01/2023 01:44,02/01/2023 22:44
KB_23_42768_43,Female,Killingbeck,2023,03/01/2023,01:46:23,-67.548893,-67.787869,03/01/2023 01:46,02/01/2023 22:46
KB_23_42768_43,Female,Killingbeck,2023,03/01/2023,01:48:22,-67.548914,-67.788028,03/01/2023 01:48,02/01/2023 22:48
KB_23_42768_43,Female,Killingbeck,2023,03/01/2023,01:50:21,-67.548896,-67.787939,03/01/2023 01:50,02/01/2023 22:50
KB_23_42768_43,Female,Killingbeck,2023,03/01/2023,01:52:20,-67.548946,-67.787967,03/01/2023 01:52,02/01/2023 22:52
KB_23_42768_43,Female,Killingbeck,2023,03/01/2023,01:54:20,-67.548886,-67.787903,03/01/2023 01:54,02/01/2023 22:54
KB_23_42768_43,Female,Killingbeck,2023,03/01/2023,01:56:19,-67.54893,-67.787939,03/01/2023 01:56,02/01/2023 22:56
KB_23_42768_43,Female,Killingbeck,2023,03/01/2023,01:58:18,-67.548971,-67.78792,03/01/2023 01:58,02/01/2023 22:58
KB_23_42768_43,Female,Killingbeck,2023,03/01/2023,02:00:17,-67.548889,-67.787955,03/01/2023 02:00,02/01/2023 23:00
KB_23_42768_43,Female,Killingbeck,2023,03/01/2023,02:02:17,-67.548862,-67.787941,03/01/2023 02:02,02/01/2023 23:02
KB_23_42768_43,Female,Killingbeck,2023,03/01/2023,02:04:16,-67.548983,-67.788034,03/01/2023 02:04,02/01/2023 23:04
KB_23_42768_43,Female,Killingbeck,2023,03/01/2023,02:06:14,-67.548884,-67.788002,03/01/2023 02:06,02/01/2023 23:06
KB_23_42768_43,Female,Killingbeck,2023,03/01/2023,02:08:19,-67.548831,-67.787929,03/01/2023 02:08,02/01/2023 23:08
KB_23_42768_43,Female,Killingbeck,2023,03/01/2023,02:10:16,-67.548945,-67.787988,03/01/2023 02:10,02/01/2023 23:10
KB_23_42768_43,Female,Killingbeck,2023,03/01/2023,02:12:14,-67.548316,-67.795629,03/01/2023 02:12,02/01/2023 23:12
KB_23_42768_43,Female,Killingbeck,2023,03/01/2023,02:14:14,-67.548734,-67.795167,03/01/2023 02:14,02/01/2023 23:14
KB_23_42768_43,Female,Killingbeck,2023,03/01/2023,02:16:13,-67.548735,-67.795108,03/01/2023 02:16,02/01/2023 23:16
KB_23_42768_43,Female,Killingbeck,2023,03/01/2023,02:18:12,-67.548715,-67.795044,03/01/2023 02:18,02/01/2023 23:18
KB_23_42768_43,Female,Killingbeck,2023,03/01/2023,02:20:50,-67.54842,-67.796112,03/01/2023 02:20,02/01/2023 23:20
KB_23_42768_43,Female,Killingbeck,2023,03/01/2023,02:22:49,-67.548194,-67.79665,03/01/2023 02:22,02/01/2023 23:22
KB_23_42768_43,Female,Killingbeck,2023,03/01/2023,02:24:48,-67.548588,-67.796065,03/01/2023 02:24,02/01/2023 23:24
KB_23_42768_43,Female,Killingbeck,2023,03/01/2023,02:26:48,-67.547954,-67.796855,03/01/2023 02:26,02/01/2023 23:26
KB_23_42768_43,Female,Killingbeck,2023,03/01/2023,02:30:23,-67.547629,-67.798095,03/01/2023 02:30,02/01/2023 23:30
KB_23_42768_43,Female,Killingbeck,2023,03/01/2023,02:32:22,-67.547526,-67.798576,03/01/2023 02:32,02/01/2023 23:32
KB_23_42768_43,Female,Killingbeck,2023,03/01/2023,02:35:01,-67.547493,-67.799537,03/01/2023 02:35,02/01/2023 23:35
KB_23_42768_43,Female,Killingbeck,2023,03/01/2023,02:37:02,-67.547583,-67.798668,03/01/2023 02:37,02/01/2023 23:37
KB_23_42768_43,Female,Killingbeck,2023,03/01/2023,02:39:01,-67.547457,-67.798834,03/01/2023 02:39,02/01/2023 23:39
KB_23_42768_43,Female,Killingbeck,2023,03/01/2023,02:41:03,-67.547979,-67.798591,03/01/2023 02:41,02/01/2023 23:41
KB_23_42768_43,Female,Killingbeck,2023,03/01/2023,02:43:02,-67.54725,-67.79768,03/01/2023 02:43,02/01/2023 23:43
KB_23_42768_43,Female,Killingbeck,2023,03/01/2023,02:45:00,-67.547347,-67.798143,03/01/2023 02:45,02/01/2023 23:45
KB_23_42768_43,Female,Killingbeck,2023,03/01/2023,02:47:28,-67.547627,-67.796923,03/01/2023 02:47,02/01/2023 23:47
KB_23_42768_43,Female,Killingbeck,2023,03/01/2023,02:49:27,-67.547421,-67.797021,03/01/2023 02:49,02/01/2023 23:49
KB_23_42768_43,Female,Killingbeck,2023,03/01/2023,02:51:26,-67.547217,-67.797225,03/01/2023 02:51,02/01/2023 23:51
KB_23_42768_43,Female,Killingbeck,2023,03/01/2023,02:53:44,-67.547458,-67.796954,03/01/2023 02:53,02/01/2023 23:53
KB_23_42768_43,Female,Killingbeck,2023,03/01/2023,02:55:42,-67.547294,-67.797322,03/01/2023 02:55,02/01/2023 23:55
KB_23_42768_43,Female,Killingbeck,2023,03/01/2023,02:57:41,-67.547636,-67.786766,03/01/2023 02:57,02/01/2023 23:57
KB_23_42768_43,Female,Killingbeck,2023,03/01/2023,02:59:40,-67.548408,-67.781624,03/01/2023 02:59,02/01/2023 23:59
KB_23_42778_45,Female,Killingbeck,2023,30/12/2022,17:51:16,-67.570675,-68.069272,30/12/2022 17:51,30/12/2022 14:51
KB_23_42778_45,Female,Killingbeck,2023,30/12/2022,17:53:15,-67.570546,-68.068909,30/12/2022 17:53,30/12/2022 14:53
KB_23_42778_45,Female,Killingbeck,2023,30/12/2022,17:55:14,0,0,30/12/2022 17:55,30/12/2022 14:55
KB_23_42778_45,Female,Killingbeck,2023,30/12/2022,17:57:05,-67.570703,-68.069372,30/12/2022 17:57,30/12/2022 14:57
KB_23_42778_45,Female,Killingbeck,2023,30/12/2022,17:58:57,-67.570665,-68.069147,30/12/2022 17:58,30/12/2022 14:58
KB_23_42778_45,Female,Killingbeck,2023,30/12/2022,18:01:02,-67.570733,-68.068899,30/12/2022 18:01,30/12/2022 15:01
KB_23_42778_45,Female,Killingbeck,2023,30/12/2022,18:02:57,-67.570672,-68.069111,30/12/2022 18:02,30/12/2022 15:02
KB_23_42778_45,Female,Killingbeck,2023,30/12/2022,18:04:56,-67.570763,-68.069237,30/12/2022 18:04,30/12/2022 15:04
KB_23_42778_45,Female,Killingbeck,2023,30/12/2022,18:07:02,-67.570717,-68.069267,30/12/2022 18:07,30/12/2022 15:07
KB_23_42778_45,Female,Killingbeck,2023,30/12/2022,18:08:54,-67.570781,-68.069295,30/12/2022 18:08,30/12/2022 15:08
KB_23_42778_45,Female,Killingbeck,2023,30/12/2022,18:10:56,-67.570583,-68.069088,30/12/2022 18:10,30/12/2022 15:10
KB_23_42778_45,Female,Killingbeck,2023,30/12/2022,18:12:53,-67.570627,-68.069163,30/12/2022 18:12,30/12/2022 15:12
KB_23_42778_45,Female,Killingbeck,2023,30/12/2022,18:15:00,-67.570426,-68.06919,30/12/2022 18:15,30/12/2022 15:15
KB_23_42778_45,Female,Killingbeck,2023,30/12/2022,18:16:47,-67.570187,-68.068272,30/12/2022 18:16,30/12/2022 15:16
KB_23_42778_45,Female,Killingbeck,2023,30/12/2022,18:18:37,-67.570525,-68.068539,30/12/2022 18:18,30/12/2022 15:18
KB_23_42778_45,Female,Killingbeck,2023,30/12/2022,18:20:49,0,0,30/12/2022 18:20,30/12/2022 15:20
KB_23_42778_45,Female,Killingbeck,2023,30/12/2022,18:22:33,-67.570677,-68.068907,30/12/2022 18:22,30/12/2022 15:22
KB_23_42778_45,Female,Killingbeck,2023,30/12/2022,18:24:34,-67.5708,-68.069588,30/12/2022 18:24,30/12/2022 15:24
KB_23_42778_45,Female,Killingbeck,2023,30/12/2022,18:26:30,-67.570644,-68.069522,30/12/2022 18:26,30/12/2022 15:26
KB_23_42778_45,Female,Killingbeck,2023,30/12/2022,18:28:29,-67.570629,-68.069502,30/12/2022 18:28,30/12/2022 15:28
KB_23_42778_45,Female,Killingbeck,2023,30/12/2022,18:30:28,-67.570549,-68.069487,30/12/2022 18:30,30/12/2022 15:30
KB_23_42778_45,Female,Killingbeck,2023,30/12/2022,18:32:27,-67.570516,-68.069463,30/12/2022 18:32,30/12/2022 15:32
KB_23_42778_45,Female,Killingbeck,2023,30/12/2022,18:34:27,-67.570516,-68.069508,30/12/2022 18:34,30/12/2022 15:34
KB_23_42778_45,Female,Killingbeck,2023,30/12/2022,18:36:25,-67.570496,-68.069491,30/12/2022 18:36,30/12/2022 15:36
KB_23_42778_45,Female,Killingbeck,2023,30/12/2022,18:38:24,-67.570586,-68.069395,30/12/2022 18:38,30/12/2022 15:38
KB_23_42778_45,Female,Killingbeck,2023,30/12/2022,18:40:23,-67.570657,-68.069635,30/12/2022 18:40,30/12/2022 15:40
KB_23_42778_45,Female,Killingbeck,2023,30/12/2022,18:42:24,-67.570548,-68.069527,30/12/2022 18:42,30/12/2022 15:42
KB_23_42778_45,Female,Killingbeck,2023,30/12/2022,18:44:22,-67.570541,-68.069369,30/12/2022 18:44,30/12/2022 15:44
KB_23_42778_45,Female,Killingbeck,2023,30/12/2022,18:46:40,-67.570687,-68.069376,30/12/2022 18:46,30/12/2022 15:46
KB_23_42778_45,Female,Killingbeck,2023,30/12/2022,18:48:39,-67.570531,-68.069394,30/12/2022 18:48,30/12/2022 15:48
KB_23_42778_45,Female,Killingbeck,2023,30/12/2022,18:50:38,-67.570642,-68.069322,30/12/2022 18:50,30/12/2022 15:50
KB_23_42778_45,Female,Killingbeck,2023,30/12/2022,18:52:37,-67.570666,-68.069384,30/12/2022 18:52,30/12/2022 15:52
KB_23_42778_45,Female,Killingbeck,2023,30/12/2022,18:54:36,-67.570617,-68.069333,30/12/2022 18:54,30/12/2022 15:54
KB_23_42778_45,Female,Killingbeck,2023,30/12/2022,18:56:35,-67.570631,-68.069538,30/12/2022 18:56,30/12/2022 15:56
KB_23_42778_45,Female,Killingbeck,2023,30/12/2022,18:58:34,-67.570473,-68.069401,30/12/2022 18:58,30/12/2022 15:58
KB_23_42778_45,Female,Killingbeck,2023,30/12/2022,19:00:33,-67.570608,-68.069449,30/12/2022 19:00,30/12/2022 16:00
KB_23_42778_45,Female,Killingbeck,2023,30/12/2022,19:02:34,-67.570821,-68.069914,30/12/2022 19:02,30/12/2022 16:02
KB_23_42778_45,Female,Killingbeck,2023,30/12/2022,19:04:32,-67.570738,-68.069656,30/12/2022 19:04,30/12/2022 16:04
KB_23_42778_45,Female,Killingbeck,2023,30/12/2022,19:06:32,-67.570786,-68.069795,30/12/2022 19:06,30/12/2022 16:06
KB_23_42778_45,Female,Killingbeck,2023,30/12/2022,19:08:31,-67.570771,-68.069787,30/12/2022 19:08,30/12/2022 16:08
KB_23_42778_45,Female,Killingbeck,2023,30/12/2022,19:10:31,-67.570619,-68.069425,30/12/2022 19:10,30/12/2022 16:10
KB_23_42778_45,Female,Killingbeck,2023,30/12/2022,19:12:30,-67.570584,-68.069339,30/12/2022 19:12,30/12/2022 16:12
KB_23_42778_45,Female,Killingbeck,2023,30/12/2022,19:14:29,-67.570614,-68.069501,30/12/2022 19:14,30/12/2022 16:14
KB_23_42778_45,Female,Killingbeck,2023,30/12/2022,19:16:30,-67.570637,-68.069412,30/12/2022 19:16,30/12/2022 16:16
KB_23_42778_45,Female,Killingbeck,2023,30/12/2022,19:18:28,-67.570576,-68.069284,30/12/2022 19:18,30/12/2022 16:18
KB_23_42778_45,Female,Killingbeck,2023,30/12/2022,19:20:27,-67.570662,-68.069476,30/12/2022 19:20,30/12/2022 16:20
KB_23_42778_45,Female,Killingbeck,2023,30/12/2022,19:22:27,-67.570625,-68.069358,30/12/2022 19:22,30/12/2022 16:22
KB_23_42778_45,Female,Killingbeck,2023,30/12/2022,19:24:24,-67.570676,-68.069536,30/12/2022 19:24,30/12/2022 16:24
KB_23_42778_45,Female,Killingbeck,2023,30/12/2022,19:26:25,-67.570603,-68.069388,30/12/2022 19:26,30/12/2022 16:26
KB_23_42778_45,Female,Killingbeck,2023,30/12/2022,19:28:24,-67.570665,-68.0694,30/12/2022 19:28,30/12/2022 16:28
KB_23_42778_45,Female,Killingbeck,2023,30/12/2022,19:30:21,-67.570705,-68.069659,30/12/2022 19:30,30/12/2022 16:30
KB_23_42778_45,Female,Killingbeck,2023,30/12/2022,19:32:20,-67.570648,-68.06953,30/12/2022 19:32,30/12/2022 16:32
KB_23_42778_45,Female,Killingbeck,2023,30/12/2022,19:34:19,-67.570629,-68.069463,30/12/2022 19:34,30/12/2022 16:34
KB_23_42778_45,Female,Killingbeck,2023,30/12/2022,19:36:19,-67.570681,-68.069659,30/12/2022 19:36,30/12/2022 16:36
KB_23_42778_45,Female,Killingbeck,2023,30/12/2022,19:38:17,-67.57067,-68.069407,30/12/2022 19:38,30/12/2022 16:38
KB_23_42778_45,Female,Killingbeck,2023,30/12/2022,19:40:17,-67.570704,-68.069661,30/12/2022 19:40,30/12/2022 16:40
KB_23_42778_45,Female,Killingbeck,2023,30/12/2022,19:42:15,-67.57068,-68.069358,30/12/2022 19:42,30/12/2022 16:42
KB_23_42778_45,Female,Killingbeck,2023,30/12/2022,19:44:15,-67.570736,-68.069578,30/12/2022 19:44,30/12/2022 16:44
KB_23_42778_45,Female,Killingbeck,2023,30/12/2022,19:46:16,-67.57054,-68.069272,30/12/2022 19:46,30/12/2022 16:46
KB_23_42778_45,Female,Killingbeck,2023,30/12/2022,19:48:18,-67.570542,-68.06932,30/12/2022 19:48,30/12/2022 16:48
KB_23_42778_45,Female,Killingbeck,2023,30/12/2022,19:50:15,-67.570552,-68.06928,30/12/2022 19:50,30/12/2022 16:50
KB_23_42778_45,Female,Killingbeck,2023,30/12/2022,19:52:14,-67.570614,-68.069265,30/12/2022 19:52,30/12/2022 16:52
KB_23_42778_45,Female,Killingbeck,2023,30/12/2022,19:54:13,-67.570594,-68.069241,30/12/2022 19:54,30/12/2022 16:54
KB_23_42778_45,Female,Killingbeck,2023,30/12/2022,19:56:14,-67.570604,-68.069439,30/12/2022 19:56,30/12/2022 16:56
KB_23_42778_45,Female,Killingbeck,2023,30/12/2022,19:58:11,-67.570584,-68.069268,30/12/2022 19:58,30/12/2022 16:58
KB_23_42778_45,Female,Killingbeck,2023,30/12/2022,20:00:10,-67.570588,-68.069292,30/12/2022 20:00,30/12/2022 17:00
KB_23_42778_45,Female,Killingbeck,2023,30/12/2022,20:02:08,-67.570708,-68.06932,30/12/2022 20:02,30/12/2022 17:02
KB_23_42778_45,Female,Killingbeck,2023,30/12/2022,20:04:07,-67.570706,-68.069093,30/12/2022 20:04,30/12/2022 17:04
KB_23_42778_45,Female,Killingbeck,2023,30/12/2022,20:06:07,-67.570622,-68.069511,30/12/2022 20:06,30/12/2022 17:06
KB_23_42778_45,Female,Killingbeck,2023,30/12/2022,20:08:05,-67.570624,-68.069374,30/12/2022 20:08,30/12/2022 17:08
KB_23_42778_45,Female,Killingbeck,2023,30/12/2022,20:10:05,-67.570685,-68.069294,30/12/2022 20:10,30/12/2022 17:10
KB_23_42778_45,Female,Killingbeck,2023,30/12/2022,20:12:04,-67.570644,-68.069308,30/12/2022 20:12,30/12/2022 17:12
KB_23_42778_45,Female,Killingbeck,2023,30/12/2022,20:14:03,-67.570668,-68.069194,30/12/2022 20:14,30/12/2022 17:14
KB_23_42778_45,Female,Killingbeck,2023,30/12/2022,20:15:32,-67.570598,-68.069521,30/12/2022 20:15,30/12/2022 17:15
KB_23_42778_45,Female,Killingbeck,2023,30/12/2022,20:17:31,-67.570719,-68.069604,30/12/2022 20:17,30/12/2022 17:17
KB_23_42778_45,Female,Killingbeck,2023,30/12/2022,20:19:29,-67.570661,-68.069398,30/12/2022 20:19,30/12/2022 17:19
KB_23_42778_45,Female,Killingbeck,2023,30/12/2022,20:21:29,-67.57065,-68.06933,30/12/2022 20:21,30/12/2022 17:21
KB_23_42778_45,Female,Killingbeck,2023,30/12/2022,20:23:27,-67.570642,-68.069389,30/12/2022 20:23,30/12/2022 17:23
KB_23_42778_45,Female,Killingbeck,2023,30/12/2022,20:25:27,-67.57062,-68.069409,30/12/2022 20:25,30/12/2022 17:25
KB_23_42778_45,Female,Killingbeck,2023,30/12/2022,20:27:26,-67.57066,-68.069466,30/12/2022 20:27,30/12/2022 17:27
KB_23_42778_45,Female,Killingbeck,2023,30/12/2022,20:29:24,-67.570664,-68.069371,30/12/2022 20:29,30/12/2022 17:29
KB_23_42778_45,Female,Killingbeck,2023,30/12/2022,20:31:24,-67.570663,-68.069345,30/12/2022 20:31,30/12/2022 17:31
KB_23_42778_45,Female,Killingbeck,2023,30/12/2022,20:33:22,-67.570678,-68.069415,30/12/2022 20:33,30/12/2022 17:33
KB_23_42778_45,Female,Killingbeck,2023,30/12/2022,20:35:21,-67.570638,-68.069233,30/12/2022 20:35,30/12/2022 17:35
KB_23_42778_45,Female,Killingbeck,2023,30/12/2022,20:37:20,-67.570627,-68.069402,30/12/2022 20:37,30/12/2022 17:37
KB_23_42778_45,Female,Killingbeck,2023,30/12/2022,20:39:20,-67.570625,-68.069278,30/12/2022 20:39,30/12/2022 17:39
KB_23_42778_45,Female,Killingbeck,2023,30/12/2022,20:41:19,-67.570664,-68.06948,30/12/2022 20:41,30/12/2022 17:41
KB_23_42778_45,Female,Killingbeck,2023,30/12/2022,20:43:18,-67.570685,-68.069417,30/12/2022 20:43,30/12/2022 17:43
KB_23_42778_45,Female,Killingbeck,2023,30/12/2022,20:45:06,-67.570653,-68.069252,30/12/2022 20:45,30/12/2022 17:45
KB_23_42778_45,Female,Killingbeck,2023,30/12/2022,20:47:05,-67.570693,-68.06935,30/12/2022 20:47,30/12/2022 17:47
KB_23_42778_45,Female,Killingbeck,2023,30/12/2022,20:49:04,-67.570658,-68.069412,30/12/2022 20:49,30/12/2022 17:49
KB_23_42778_45,Female,Killingbeck,2023,30/12/2022,20:51:03,-67.57068,-68.069319,30/12/2022 20:51,30/12/2022 17:51
KB_23_42778_45,Female,Killingbeck,2023,30/12/2022,20:53:02,-67.570648,-68.069344,30/12/2022 20:53,30/12/2022 17:53
KB_23_42778_45,Female,Killingbeck,2023,30/12/2022,20:55:01,-67.570639,-68.069291,30/12/2022 20:55,30/12/2022 17:55
KB_23_42778_45,Female,Killingbeck,2023,30/12/2022,20:57:00,-67.570669,-68.069375,30/12/2022 20:57,30/12/2022 17:57
KB_23_42778_45,Female,Killingbeck,2023,30/12/2022,20:58:59,-67.570612,-68.069321,30/12/2022 20:58,30/12/2022 17:58
KB_23_42778_45,Female,Killingbeck,2023,30/12/2022,21:00:58,-67.570704,-68.069371,30/12/2022 21:00,30/12/2022 18:00
KB_23_42778_45,Female,Killingbeck,2023,30/12/2022,21:02:57,-67.570677,-68.069414,30/12/2022 21:02,30/12/2022 18:02
KB_23_42778_45,Female,Killingbeck,2023,30/12/2022,21:04:56,-67.570657,-68.069417,30/12/2022 21:04,30/12/2022 18:04
KB_23_42778_45,Female,Killingbeck,2023,30/12/2022,21:06:56,-67.57071,-68.069315,30/12/2022 21:06,30/12/2022 18:06
KB_23_42778_45,Female,Killingbeck,2023,30/12/2022,21:08:55,-67.570641,-68.069356,30/12/2022 21:08,30/12/2022 18:08
KB_23_42778_45,Female,Killingbeck,2023,30/12/2022,21:10:54,-67.570677,-68.069307,30/12/2022 21:10,30/12/2022 18:10
KB_23_42778_45,Female,Killingbeck,2023,30/12/2022,21:12:53,-67.570708,-68.069279,30/12/2022 21:12,30/12/2022 18:12
KB_23_42778_45,Female,Killingbeck,2023,30/12/2022,21:14:41,-67.570654,-68.069312,30/12/2022 21:14,30/12/2022 18:14
KB_23_42778_45,Female,Killingbeck,2023,30/12/2022,21:16:40,-67.570637,-68.069363,30/12/2022 21:16,30/12/2022 18:16
KB_23_42778_45,Female,Killingbeck,2023,30/12/2022,21:18:39,-67.570668,-68.069318,30/12/2022 21:18,30/12/2022 18:18
KB_23_42778_45,Female,Killingbeck,2023,30/12/2022,21:20:38,-67.570625,-68.069349,30/12/2022 21:20,30/12/2022 18:20
KB_23_42778_45,Female,Killingbeck,2023,30/12/2022,21:22:37,-67.570654,-68.069195,30/12/2022 21:22,30/12/2022 18:22
KB_23_42778_45,Female,Killingbeck,2023,30/12/2022,21:24:36,-67.570587,-68.06874,30/12/2022 21:24,30/12/2022 18:24
KB_23_42778_45,Female,Killingbeck,2023,30/12/2022,21:26:35,-67.570593,-68.069126,30/12/2022 21:26,30/12/2022 18:26
KB_23_42778_45,Female,Killingbeck,2023,30/12/2022,21:28:34,-67.570662,-68.069288,30/12/2022 21:28,30/12/2022 18:28
KB_23_42778_45,Female,Killingbeck,2023,30/12/2022,21:30:33,-67.570645,-68.069162,30/12/2022 21:30,30/12/2022 18:30
KB_23_42778_45,Female,Killingbeck,2023,30/12/2022,21:32:32,-67.570667,-68.069321,30/12/2022 21:32,30/12/2022 18:32
KB_23_42778_45,Female,Killingbeck,2023,30/12/2022,21:34:32,-67.570659,-68.069352,30/12/2022 21:34,30/12/2022 18:34
KB_23_42778_45,Female,Killingbeck,2023,30/12/2022,21:36:31,-67.570648,-68.069244,30/12/2022 21:36,30/12/2022 18:36
KB_23_42778_45,Female,Killingbeck,2023,30/12/2022,21:38:30,-67.57068,-68.069358,30/12/2022 21:38,30/12/2022 18:38
KB_23_42778_45,Female,Killingbeck,2023,30/12/2022,21:40:29,-67.57064,-68.069286,30/12/2022 21:40,30/12/2022 18:40
KB_23_42778_45,Female,Killingbeck,2023,30/12/2022,21:42:28,-67.570685,-68.069396,30/12/2022 21:42,30/12/2022 18:42
KB_23_42778_45,Female,Killingbeck,2023,30/12/2022,21:45:33,-67.570688,-68.069333,30/12/2022 21:45,30/12/2022 18:45
KB_23_42778_45,Female,Killingbeck,2023,30/12/2022,21:47:32,-67.570736,-68.069516,30/12/2022 21:47,30/12/2022 18:47
KB_23_42778_45,Female,Killingbeck,2023,30/12/2022,21:49:31,-67.570717,-68.069505,30/12/2022 21:49,30/12/2022 18:49
KB_23_42778_45,Female,Killingbeck,2023,30/12/2022,21:51:30,-67.570601,-68.068914,30/12/2022 21:51,30/12/2022 18:51
KB_23_42778_45,Female,Killingbeck,2023,30/12/2022,21:53:30,-67.570642,-68.069175,30/12/2022 21:53,30/12/2022 18:53
KB_23_42778_45,Female,Killingbeck,2023,30/12/2022,21:55:28,-67.570634,-68.069314,30/12/2022 21:55,30/12/2022 18:55
KB_23_42778_45,Female,Killingbeck,2023,30/12/2022,21:57:28,-67.570637,-68.069151,30/12/2022 21:57,30/12/2022 18:57
KB_23_42778_45,Female,Killingbeck,2023,30/12/2022,21:59:27,-67.570594,-68.068944,30/12/2022 21:59,30/12/2022 18:59
KB_23_42778_45,Female,Killingbeck,2023,30/12/2022,22:01:25,-67.570642,-68.069072,30/12/2022 22:01,30/12/2022 19:01
KB_23_42778_45,Female,Killingbeck,2023,30/12/2022,22:03:25,-67.570442,-68.068584,30/12/2022 22:03,30/12/2022 19:03
KB_23_42778_45,Female,Killingbeck,2023,30/12/2022,22:05:23,-67.570567,-68.068759,30/12/2022 22:05,30/12/2022 19:05
KB_23_42778_45,Female,Killingbeck,2023,30/12/2022,22:07:26,-67.570459,-68.068684,30/12/2022 22:07,30/12/2022 19:07
KB_23_42778_45,Female,Killingbeck,2023,30/12/2022,22:09:23,-67.570609,-68.069099,30/12/2022 22:09,30/12/2022 19:09
KB_23_42778_45,Female,Killingbeck,2023,30/12/2022,22:11:21,-67.570669,-68.069322,30/12/2022 22:11,30/12/2022 19:11
KB_23_42778_45,Female,Killingbeck,2023,30/12/2022,22:13:20,-67.570664,-68.069449,30/12/2022 22:13,30/12/2022 19:13
KB_23_42778_45,Female,Killingbeck,2023,30/12/2022,22:15:08,-67.570647,-68.069159,30/12/2022 22:15,30/12/2022 19:15
KB_23_42778_45,Female,Killingbeck,2023,30/12/2022,22:17:07,-67.570581,-68.069076,30/12/2022 22:17,30/12/2022 19:17
KB_23_42778_45,Female,Killingbeck,2023,30/12/2022,22:19:07,-67.570664,-68.069279,30/12/2022 22:19,30/12/2022 19:19
KB_23_42778_45,Female,Killingbeck,2023,30/12/2022,22:21:05,-67.570679,-68.069214,30/12/2022 22:21,30/12/2022 19:21
KB_23_42778_45,Female,Killingbeck,2023,30/12/2022,22:23:04,-67.570621,-68.069197,30/12/2022 22:23,30/12/2022 19:23
KB_23_42778_45,Female,Killingbeck,2023,30/12/2022,22:25:03,-67.570591,-68.069345,30/12/2022 22:25,30/12/2022 19:25
KB_23_42778_45,Female,Killingbeck,2023,30/12/2022,22:27:02,-67.570596,-68.069155,30/12/2022 22:27,30/12/2022 19:27
KB_23_42778_45,Female,Killingbeck,2023,30/12/2022,22:29:01,-67.5706,-68.06928,30/12/2022 22:29,30/12/2022 19:29
KB_23_42778_45,Female,Killingbeck,2023,30/12/2022,22:31:05,-67.569516,-68.069998,30/12/2022 22:31,30/12/2022 19:31
KB_23_42778_45,Female,Killingbeck,2023,30/12/2022,22:33:04,-67.570908,-68.068777,30/12/2022 22:33,30/12/2022 19:33
KB_23_42778_45,Female,Killingbeck,2023,30/12/2022,22:35:05,-67.570842,-68.069091,30/12/2022 22:35,30/12/2022 19:35
KB_23_42778_45,Female,Killingbeck,2023,30/12/2022,22:37:04,-67.570874,-68.069098,30/12/2022 22:37,30/12/2022 19:37
KB_23_42778_45,Female,Killingbeck,2023,30/12/2022,22:39:05,-67.570667,-68.06943,30/12/2022 22:39,30/12/2022 19:39
KB_23_42778_45,Female,Killingbeck,2023,30/12/2022,22:41:05,-67.570805,-68.070353,30/12/2022 22:41,30/12/2022 19:41
KB_23_42778_45,Female,Killingbeck,2023,30/12/2022,22:43:02,-67.570791,-68.069659,30/12/2022 22:43,30/12/2022 19:43
KB_23_42778_45,Female,Killingbeck,2023,30/12/2022,22:44:51,-67.570645,-68.069366,30/12/2022 22:44,30/12/2022 19:44
KB_23_42778_45,Female,Killingbeck,2023,30/12/2022,22:46:49,-67.570667,-68.069301,30/12/2022 22:46,30/12/2022 19:46
KB_23_42778_45,Female,Killingbeck,2023,30/12/2022,22:48:51,-67.570734,-68.069422,30/12/2022 22:48,30/12/2022 19:48
KB_23_42778_45,Female,Killingbeck,2023,30/12/2022,22:50:50,-67.570686,-68.069251,30/12/2022 22:50,30/12/2022 19:50
KB_23_42778_45,Female,Killingbeck,2023,30/12/2022,22:52:48,-67.570521,-68.069871,30/12/2022 22:52,30/12/2022 19:52
KB_23_42778_45,Female,Killingbeck,2023,30/12/2022,22:54:48,-67.570719,-68.06913,30/12/2022 22:54,30/12/2022 19:54
KB_23_42778_45,Female,Killingbeck,2023,30/12/2022,22:56:46,-67.570722,-68.06917,30/12/2022 22:56,30/12/2022 19:56
KB_23_42778_45,Female,Killingbeck,2023,30/12/2022,22:58:59,-67.570754,-68.069116,30/12/2022 22:58,30/12/2022 19:58
KB_23_42778_45,Female,Killingbeck,2023,30/12/2022,23:00:57,-67.57061,-68.069495,30/12/2022 23:00,30/12/2022 20:00
KB_23_42778_45,Female,Killingbeck,2023,30/12/2022,23:02:55,-67.570705,-68.069268,30/12/2022 23:02,30/12/2022 20:02
KB_23_42778_45,Female,Killingbeck,2023,30/12/2022,23:04:54,-67.570723,-68.069225,30/12/2022 23:04,30/12/2022 20:04
KB_23_42778_45,Female,Killingbeck,2023,30/12/2022,23:06:56,-67.570751,-68.069166,30/12/2022 23:06,30/12/2022 20:06
KB_23_42778_45,Female,Killingbeck,2023,30/12/2022,23:08:54,-67.570691,-68.069336,30/12/2022 23:08,30/12/2022 20:08
KB_23_42778_45,Female,Killingbeck,2023,30/12/2022,23:10:39,-67.570685,-68.069415,30/12/2022 23:10,30/12/2022 20:10
KB_23_42778_45,Female,Killingbeck,2023,30/12/2022,23:12:41,-67.569127,-68.070456,30/12/2022 23:12,30/12/2022 20:12
KB_23_42778_45,Female,Killingbeck,2023,30/12/2022,23:14:59,-67.570618,-68.069305,30/12/2022 23:14,30/12/2022 20:14
KB_23_42778_45,Female,Killingbeck,2023,30/12/2022,23:17:02,-67.570306,-68.069389,30/12/2022 23:17,30/12/2022 20:17
KB_23_42778_45,Female,Killingbeck,2023,30/12/2022,23:19:02,-67.570269,-68.069333,30/12/2022 23:19,30/12/2022 20:19
KB_23_42778_45,Female,Killingbeck,2023,30/12/2022,23:21:01,-67.570214,-68.069238,30/12/2022 23:21,30/12/2022 20:21
KB_23_42778_45,Female,Killingbeck,2023,30/12/2022,23:23:00,-67.570247,-68.069217,30/12/2022 23:23,30/12/2022 20:23
KB_23_42778_45,Female,Killingbeck,2023,30/12/2022,23:24:59,-67.570269,-68.069214,30/12/2022 23:24,30/12/2022 20:24
KB_23_42778_45,Female,Killingbeck,2023,30/12/2022,23:26:43,-67.569882,-68.06946,30/12/2022 23:26,30/12/2022 20:26
KB_23_42778_45,Female,Killingbeck,2023,30/12/2022,23:28:42,-67.561815,-68.067756,30/12/2022 23:28,30/12/2022 20:28
KB_23_42778_45,Female,Killingbeck,2023,30/12/2022,23:30:41,-67.547644,-68.063369,30/12/2022 23:30,30/12/2022 20:30
KB_23_42778_45,Female,Killingbeck,2023,30/12/2022,23:32:39,-67.534122,-68.056445,30/12/2022 23:32,30/12/2022 20:32
KB_23_42778_45,Female,Killingbeck,2023,30/12/2022,23:34:39,-67.520719,-68.047441,30/12/2022 23:34,30/12/2022 20:34
KB_23_42778_45,Female,Killingbeck,2023,30/12/2022,23:36:38,-67.50744,-68.037918,30/12/2022 23:36,30/12/2022 20:36
KB_23_42778_45,Female,Killingbeck,2023,30/12/2022,23:38:38,-67.494645,-68.023887,30/12/2022 23:38,30/12/2022 20:38
KB_23_42778_45,Female,Killingbeck,2023,30/12/2022,23:40:37,-67.482993,-68.004689,30/12/2022 23:40,30/12/2022 20:40
KB_23_42778_45,Female,Killingbeck,2023,30/12/2022,23:42:36,-67.472443,-67.9825,30/12/2022 23:42,30/12/2022 20:42
KB_23_42778_45,Female,Killingbeck,2023,30/12/2022,23:44:37,-67.463841,-67.949145,30/12/2022 23:44,30/12/2022 20:44
KB_23_42778_45,Female,Killingbeck,2023,30/12/2022,23:46:39,-67.453788,-67.917773,30/12/2022 23:46,30/12/2022 20:46
KB_23_42778_45,Female,Killingbeck,2023,30/12/2022,23:48:38,-67.440894,-67.896526,30/12/2022 23:48,30/12/2022 20:48
KB_23_42778_45,Female,Killingbeck,2023,30/12/2022,23:50:35,-67.428843,-67.879201,30/12/2022 23:50,30/12/2022 20:50
KB_23_42778_45,Female,Killingbeck,2023,30/12/2022,23:52:37,-67.416261,-67.853058,30/12/2022 23:52,30/12/2022 20:52
KB_23_42778_45,Female,Killingbeck,2023,30/12/2022,23:54:32,-67.402801,-67.830418,30/12/2022 23:54,30/12/2022 20:54
KB_23_42778_45,Female,Killingbeck,2023,30/12/2022,23:56:30,-67.391294,-67.798951,30/12/2022 23:56,30/12/2022 20:56
KB_23_42778_45,Female,Killingbeck,2023,30/12/2022,23:58:29,-67.380033,-67.775912,30/12/2022 23:58,30/12/2022 20:58
KB_23_42778_45,Female,Killingbeck,2023,31/12/2022,00:00:29,-67.369855,-67.757972,31/12/2022 00:00,30/12/2022 21:00
KB_23_42778_45,Female,Killingbeck,2023,31/12/2022,00:02:31,-67.366748,-67.745092,31/12/2022 00:02,30/12/2022 21:02
KB_23_42778_45,Female,Killingbeck,2023,31/12/2022,00:04:50,-67.366125,-67.744718,31/12/2022 00:04,30/12/2022 21:04
KB_23_42778_45,Female,Killingbeck,2023,31/12/2022,00:06:48,-67.360051,-67.752612,31/12/2022 00:06,30/12/2022 21:06
KB_23_42778_45,Female,Killingbeck,2023,31/12/2022,00:08:47,-67.348503,-67.749549,31/12/2022 00:08,30/12/2022 21:08
KB_23_42778_45,Female,Killingbeck,2023,31/12/2022,00:10:46,-67.335189,-67.740579,31/12/2022 00:10,30/12/2022 21:10
KB_23_42778_45,Female,Killingbeck,2023,31/12/2022,00:12:46,-67.324943,-67.719568,31/12/2022 00:12,30/12/2022 21:12
KB_23_42778_45,Female,Killingbeck,2023,31/12/2022,00:15:47,-67.324073,-67.711773,31/12/2022 00:15,30/12/2022 21:15
KB_23_42778_45,Female,Killingbeck,2023,31/12/2022,00:17:42,-67.323764,-67.708307,31/12/2022 00:17,30/12/2022 21:17
KB_23_42778_45,Female,Killingbeck,2023,31/12/2022,00:19:43,-67.323707,-67.708682,31/12/2022 00:19,30/12/2022 21:19
KB_23_42778_45,Female,Killingbeck,2023,31/12/2022,00:21:39,-67.323351,-67.710681,31/12/2022 00:21,30/12/2022 21:21
KB_23_42778_45,Female,Killingbeck,2023,31/12/2022,00:23:36,-67.32377,-67.708779,31/12/2022 00:23,30/12/2022 21:23
KB_23_42778_45,Female,Killingbeck,2023,31/12/2022,00:25:35,-67.32377,-67.708632,31/12/2022 00:25,30/12/2022 21:25
KB_23_42778_45,Female,Killingbeck,2023,31/12/2022,00:27:35,-67.323774,-67.708768,31/12/2022 00:27,30/12/2022 21:27
KB_23_42778_45,Female,Killingbeck,2023,31/12/2022,00:29:36,-67.323528,-67.70998,31/12/2022 00:29,30/12/2022 21:29
KB_23_42778_45,Female,Killingbeck,2023,31/12/2022,00:31:43,-67.323603,-67.709745,31/12/2022 00:31,30/12/2022 21:31
KB_23_42778_45,Female,Killingbeck,2023,31/12/2022,00:33:39,-67.323954,-67.70921,31/12/2022 00:33,30/12/2022 21:33
KB_23_42778_45,Female,Killingbeck,2023,31/12/2022,00:35:38,-67.323715,-67.708001,31/12/2022 00:35,30/12/2022 21:35
KB_23_42778_45,Female,Killingbeck,2023,31/12/2022,00:37:35,-67.323835,-67.70894,31/12/2022 00:37,30/12/2022 21:37
KB_23_42778_45,Female,Killingbeck,2023,31/12/2022,00:39:31,-67.323822,-67.709139,31/12/2022 00:39,30/12/2022 21:39
KB_23_42778_45,Female,Killingbeck,2023,31/12/2022,00:41:31,-67.323841,-67.709378,31/12/2022 00:41,30/12/2022 21:41
KB_23_42778_45,Female,Killingbeck,2023,31/12/2022,00:43:32,-67.323878,-67.709133,31/12/2022 00:43,30/12/2022 21:43
KB_23_42778_45,Female,Killingbeck,2023,31/12/2022,00:45:32,-67.323894,-67.709527,31/12/2022 00:45,30/12/2022 21:45
KB_23_42778_45,Female,Killingbeck,2023,31/12/2022,00:47:28,-67.323881,-67.7099,31/12/2022 00:47,30/12/2022 21:47
KB_23_42778_45,Female,Killingbeck,2023,31/12/2022,00:49:29,-67.324018,-67.710219,31/12/2022 00:49,30/12/2022 21:49
KB_23_42778_45,Female,Killingbeck,2023,31/12/2022,00:51:25,-67.324094,-67.712193,31/12/2022 00:51,30/12/2022 21:51
KB_23_42778_45,Female,Killingbeck,2023,31/12/2022,00:53:32,-67.324417,-67.711753,31/12/2022 00:53,30/12/2022 21:53
KB_23_42778_45,Female,Killingbeck,2023,31/12/2022,00:55:34,-67.323919,-67.712018,31/12/2022 00:55,30/12/2022 21:55
KB_23_42778_45,Female,Killingbeck,2023,31/12/2022,00:57:31,-67.324172,-67.711529,31/12/2022 00:57,30/12/2022 21:57
KB_23_42778_45,Female,Killingbeck,2023,31/12/2022,00:59:32,-67.323999,-67.711336,31/12/2022 00:59,30/12/2022 21:59
KB_23_42778_45,Female,Killingbeck,2023,31/12/2022,01:01:28,-67.323538,-67.710841,31/12/2022 01:01,30/12/2022 22:01
KB_23_42778_45,Female,Killingbeck,2023,31/12/2022,01:03:27,-67.323189,-67.711562,31/12/2022 01:03,30/12/2022 22:03
KB_23_42778_45,Female,Killingbeck,2023,31/12/2022,01:05:27,-67.32296,-67.712668,31/12/2022 01:05,30/12/2022 22:05
KB_23_42778_45,Female,Killingbeck,2023,31/12/2022,01:07:28,-67.322904,-67.712931,31/12/2022 01:07,30/12/2022 22:07
KB_23_42778_45,Female,Killingbeck,2023,31/12/2022,01:09:25,-67.322329,-67.704204,31/12/2022 01:09,30/12/2022 22:09
KB_23_42778_45,Female,Killingbeck,2023,31/12/2022,01:11:23,-67.322534,-67.704268,31/12/2022 01:11,30/12/2022 22:11
KB_23_42778_45,Female,Killingbeck,2023,31/12/2022,01:13:23,-67.322628,-67.704306,31/12/2022 01:13,30/12/2022 22:13
KB_23_42778_45,Female,Killingbeck,2023,31/12/2022,01:15:26,-67.322617,-67.704723,31/12/2022 01:15,30/12/2022 22:15
KB_23_42778_45,Female,Killingbeck,2023,31/12/2022,01:17:29,-67.322463,-67.704155,31/12/2022 01:17,30/12/2022 22:17
KB_23_42778_45,Female,Killingbeck,2023,31/12/2022,01:19:28,-67.32292,-67.705202,31/12/2022 01:19,30/12/2022 22:19
KB_23_42778_45,Female,Killingbeck,2023,31/12/2022,01:21:23,-67.322616,-67.70512,31/12/2022 01:21,30/12/2022 22:21
KB_23_42778_45,Female,Killingbeck,2023,31/12/2022,01:23:22,-67.3228,-67.705306,31/12/2022 01:23,30/12/2022 22:23
KB_23_42778_45,Female,Killingbeck,2023,31/12/2022,01:25:21,-67.322774,-67.705373,31/12/2022 01:25,30/12/2022 22:25
KB_23_42778_45,Female,Killingbeck,2023,31/12/2022,01:27:20,-67.322813,-67.705608,31/12/2022 01:27,30/12/2022 22:27
KB_23_42778_45,Female,Killingbeck,2023,31/12/2022,01:29:24,-67.323016,-67.705703,31/12/2022 01:29,30/12/2022 22:29
KB_23_42778_45,Female,Killingbeck,2023,31/12/2022,01:31:21,-67.322843,-67.70563,31/12/2022 01:31,30/12/2022 22:31
KB_23_42778_45,Female,Killingbeck,2023,31/12/2022,01:33:23,-67.322929,-67.705572,31/12/2022 01:33,30/12/2022 22:33
KB_23_42778_45,Female,Killingbeck,2023,31/12/2022,01:35:20,-67.324136,-67.707746,31/12/2022 01:35,30/12/2022 22:35
KB_23_42778_45,Female,Killingbeck,2023,31/12/2022,01:37:17,-67.324215,-67.70753,31/12/2022 01:37,30/12/2022 22:37
KB_23_42778_45,Female,Killingbeck,2023,31/12/2022,01:40:09,-67.324172,-67.70794,31/12/2022 01:40,30/12/2022 22:40
KB_23_42778_45,Female,Killingbeck,2023,31/12/2022,01:42:52,-67.324183,-67.707053,31/12/2022 01:42,30/12/2022 22:42
KB_23_42778_45,Female,Killingbeck,2023,31/12/2022,01:44:53,-67.324001,-67.707037,31/12/2022 01:44,30/12/2022 22:44
KB_23_42778_45,Female,Killingbeck,2023,31/12/2022,01:46:52,-67.323894,-67.707258,31/12/2022 01:46,30/12/2022 22:46
KB_23_42778_45,Female,Killingbeck,2023,31/12/2022,01:48:51,-67.323446,-67.704945,31/12/2022 01:48,30/12/2022 22:48
KB_23_42778_45,Female,Killingbeck,2023,31/12/2022,01:50:52,-67.336133,-67.728776,31/12/2022 01:50,30/12/2022 22:50
KB_23_42778_45,Female,Killingbeck,2023,31/12/2022,01:52:48,-67.348829,-67.746201,31/12/2022 01:52,30/12/2022 22:52
KB_23_42778_45,Female,Killingbeck,2023,31/12/2022,01:54:47,-67.348842,-67.746517,31/12/2022 01:54,30/12/2022 22:54
KB_23_42778_45,Female,Killingbeck,2023,31/12/2022,01:56:47,-67.348883,-67.746868,31/12/2022 01:56,30/12/2022 22:56
KB_23_42778_45,Female,Killingbeck,2023,31/12/2022,01:58:45,-67.348894,-67.746774,31/12/2022 01:58,30/12/2022 22:58
KB_23_42778_45,Female,Killingbeck,2023,31/12/2022,02:00:44,-67.348779,-67.746321,31/12/2022 02:00,30/12/2022 23:00
KB_23_42778_45,Female,Killingbeck,2023,31/12/2022,02:02:43,-67.348837,-67.746666,31/12/2022 02:02,30/12/2022 23:02
KB_23_42778_45,Female,Killingbeck,2023,31/12/2022,02:04:43,-67.36159,-67.763378,31/12/2022 02:04,30/12/2022 23:04
KB_23_42778_45,Female,Killingbeck,2023,31/12/2022,02:06:45,-67.382572,-67.805695,31/12/2022 02:06,30/12/2022 23:06
KB_23_42778_45,Female,Killingbeck,2023,31/12/2022,02:08:41,-67.399264,-67.845512,31/12/2022 02:08,30/12/2022 23:08
KB_23_42778_45,Female,Killingbeck,2023,31/12/2022,02:10:43,-67.415859,-67.888521,31/12/2022 02:10,30/12/2022 23:10
KB_23_42778_45,Female,Killingbeck,2023,31/12/2022,02:12:42,-67.436203,-67.92334,31/12/2022 02:12,30/12/2022 23:12
KB_23_42778_45,Female,Killingbeck,2023,31/12/2022,02:14:39,-67.455575,-67.957439,31/12/2022 02:14,30/12/2022 23:14
KB_23_42778_45,Female,Killingbeck,2023,31/12/2022,02:16:40,-67.474009,-67.99476,31/12/2022 02:16,30/12/2022 23:16
KB_23_42778_45,Female,Killingbeck,2023,31/12/2022,02:18:39,-67.492279,-68.034982,31/12/2022 02:18,30/12/2022 23:18
KB_23_42778_45,Female,Killingbeck,2023,31/12/2022,02:20:38,-67.515858,-68.052224,31/12/2022 02:20,30/12/2022 23:20
KB_23_42778_45,Female,Killingbeck,2023,31/12/2022,02:22:37,-67.540774,-68.069097,31/12/2022 02:22,30/12/2022 23:22
KB_23_42778_45,Female,Killingbeck,2023,31/12/2022,02:24:36,-67.565973,-68.070839,31/12/2022 02:24,30/12/2022 23:24
KB_23_42778_45,Female,Killingbeck,2023,31/12/2022,02:26:51,-67.570736,-68.069472,31/12/2022 02:26,30/12/2022 23:26
KB_23_42778_45,Female,Killingbeck,2023,31/12/2022,02:28:44,-67.57076,-68.06938,31/12/2022 02:28,30/12/2022 23:28
KB_23_42778_45,Female,Killingbeck,2023,31/12/2022,02:30:50,0,0,31/12/2022 02:30,30/12/2022 23:30
KB_23_42778_45,Female,Killingbeck,2023,31/12/2022,02:32:43,-67.570833,-68.069287,31/12/2022 02:32,30/12/2022 23:32
KB_23_42778_45,Female,Killingbeck,2023,31/12/2022,02:34:49,-67.571253,-68.068425,31/12/2022 02:34,30/12/2022 23:34
KB_23_42778_45,Female,Killingbeck,2023,31/12/2022,02:36:45,-67.570515,-68.069791,31/12/2022 02:36,30/12/2022 23:36
KB_23_42778_45,Female,Killingbeck,2023,31/12/2022,02:38:33,-67.570653,-68.069388,31/12/2022 02:38,30/12/2022 23:38
KB_23_42778_45,Female,Killingbeck,2023,31/12/2022,02:40:32,-67.570158,-68.069561,31/12/2022 02:40,30/12/2022 23:40
KB_23_42778_45,Female,Killingbeck,2023,31/12/2022,02:42:38,-67.561437,-68.068871,31/12/2022 02:42,30/12/2022 23:42
KB_23_42778_45,Female,Killingbeck,2023,31/12/2022,02:44:29,-67.54933,-68.062294,31/12/2022 02:44,30/12/2022 23:44
KB_23_42778_45,Female,Killingbeck,2023,31/12/2022,02:46:30,-67.536362,-68.05765,31/12/2022 02:46,30/12/2022 23:46
KB_23_42778_45,Female,Killingbeck,2023,31/12/2022,02:48:29,-67.523401,-68.051115,31/12/2022 02:48,30/12/2022 23:48
KB_23_42778_45,Female,Killingbeck,2023,31/12/2022,02:50:28,-67.510651,-68.040385,31/12/2022 02:50,30/12/2022 23:50
KB_23_42778_45,Female,Killingbeck,2023,31/12/2022,02:52:27,-67.498076,-68.027757,31/12/2022 02:52,30/12/2022 23:52
KB_23_42778_45,Female,Killingbeck,2023,31/12/2022,02:54:27,-67.486497,-68.013428,31/12/2022 02:54,30/12/2022 23:54
KB_23_42778_45,Female,Killingbeck,2023,31/12/2022,02:56:26,-67.475574,-67.993789,31/12/2022 02:56,30/12/2022 23:56
KB_23_42778_45,Female,Killingbeck,2023,31/12/2022,02:58:25,-67.464781,-67.973685,31/12/2022 02:58,30/12/2022 23:58
KB_23_42778_45,Female,Killingbeck,2023,31/12/2022,03:00:25,-67.451856,-67.958174,31/12/2022 03:00,31/12/2022 00:00
KB_23_42778_45,Female,Killingbeck,2023,31/12/2022,03:02:24,-67.442907,-67.930655,31/12/2022 03:02,31/12/2022 00:02
KB_23_42778_45,Female,Killingbeck,2023,31/12/2022,03:05:34,-67.440683,-67.927091,31/12/2022 03:05,31/12/2022 00:05
KB_23_42778_45,Female,Killingbeck,2023,31/12/2022,03:07:23,-67.431522,-67.917366,31/12/2022 03:07,31/12/2022 00:07
KB_23_42778_45,Female,Killingbeck,2023,31/12/2022,03:09:21,-67.418237,-67.932719,31/12/2022 03:09,31/12/2022 00:09
KB_23_42778_45,Female,Killingbeck,2023,31/12/2022,03:11:20,-67.417407,-67.933639,31/12/2022 03:11,31/12/2022 00:11
KB_23_42778_45,Female,Killingbeck,2023,31/12/2022,03:13:20,-67.417663,-67.933406,31/12/2022 03:13,31/12/2022 00:13
KB_23_42778_45,Female,Killingbeck,2023,31/12/2022,03:15:19,-67.417456,-67.933617,31/12/2022 03:15,31/12/2022 00:15
KB_23_42778_45,Female,Killingbeck,2023,31/12/2022,03:17:22,-67.417613,-67.933553,31/12/2022 03:17,31/12/2022 00:17
KB_23_42778_45,Female,Killingbeck,2023,31/12/2022,03:19:22,-67.417623,-67.933512,31/12/2022 03:19,31/12/2022 00:19
KB_23_42778_45,Female,Killingbeck,2023,31/12/2022,03:21:21,-67.417459,-67.933601,31/12/2022 03:21,31/12/2022 00:21
KB_23_42778_45,Female,Killingbeck,2023,31/12/2022,03:23:19,-67.411717,-67.914617,31/12/2022 03:23,31/12/2022 00:23
KB_23_42778_45,Female,Killingbeck,2023,31/12/2022,03:25:18,-67.405323,-67.881861,31/12/2022 03:25,31/12/2022 00:25
KB_23_42778_45,Female,Killingbeck,2023,31/12/2022,03:27:17,-67.395711,-67.850418,31/12/2022 03:27,31/12/2022 00:27
KB_23_42778_45,Female,Killingbeck,2023,31/12/2022,03:29:17,-67.386724,-67.818345,31/12/2022 03:29,31/12/2022 00:29
KB_23_42778_45,Female,Killingbeck,2023,31/12/2022,03:31:17,-67.379193,-67.794192,31/12/2022 03:31,31/12/2022 00:31
KB_23_42778_45,Female,Killingbeck,2023,31/12/2022,03:33:16,-67.373067,-67.770075,31/12/2022 03:33,31/12/2022 00:33
KB_23_42778_45,Female,Killingbeck,2023,31/12/2022,03:35:15,-67.362819,-67.755115,31/12/2022 03:35,31/12/2022 00:35
KB_23_42778_45,Female,Killingbeck,2023,31/12/2022,03:37:14,-67.358109,-67.75267,31/12/2022 03:37,31/12/2022 00:37
KB_23_42778_45,Female,Killingbeck,2023,31/12/2022,03:39:13,-67.348687,-67.746172,31/12/2022 03:39,31/12/2022 00:39
KB_23_42778_45,Female,Killingbeck,2023,31/12/2022,03:41:11,-67.345273,-67.744757,31/12/2022 03:41,31/12/2022 00:41
KB_23_42778_45,Female,Killingbeck,2023,31/12/2022,03:43:10,-67.332532,-67.733408,31/12/2022 03:43,31/12/2022 00:43
KB_23_42778_45,Female,Killingbeck,2023,31/12/2022,03:45:11,-67.324385,-67.712229,31/12/2022 03:45,31/12/2022 00:45
KB_23_42778_45,Female,Killingbeck,2023,31/12/2022,03:47:55,-67.323834,-67.71187,31/12/2022 03:47,31/12/2022 00:47
KB_23_42778_45,Female,Killingbeck,2023,31/12/2022,03:49:46,-67.32414,-67.712539,31/12/2022 03:49,31/12/2022 00:49
KB_23_42778_45,Female,Killingbeck,2023,31/12/2022,03:51:46,-67.32375,-67.709562,31/12/2022 03:51,31/12/2022 00:51
KB_23_42778_45,Female,Killingbeck,2023,31/12/2022,03:53:45,-67.32299,-67.701396,31/12/2022 03:53,31/12/2022 00:53
KB_23_42778_45,Female,Killingbeck,2023,31/12/2022,03:55:44,-67.322929,-67.701164,31/12/2022 03:55,31/12/2022 00:55
KB_23_42778_45,Female,Killingbeck,2023,31/12/2022,03:57:45,-67.322988,-67.70072,31/12/2022 03:57,31/12/2022 00:57
KB_23_42778_45,Female,Killingbeck,2023,31/12/2022,03:59:42,-67.322983,-67.700888,31/12/2022 03:59,31/12/2022 00:59
KB_23_42778_45,Female,Killingbeck,2023,31/12/2022,04:01:41,-67.322843,-67.701862,31/12/2022 04:01,31/12/2022 01:01
KB_23_42778_45,Female,Killingbeck,2023,31/12/2022,04:03:41,-67.322927,-67.701401,31/12/2022 04:03,31/12/2022 01:03
KB_23_42778_45,Female,Killingbeck,2023,31/12/2022,04:05:39,-67.322924,-67.701084,31/12/2022 04:05,31/12/2022 01:05
KB_23_42778_45,Female,Killingbeck,2023,31/12/2022,04:07:41,-67.32297,-67.701157,31/12/2022 04:07,31/12/2022 01:07
KB_23_42778_45,Female,Killingbeck,2023,31/12/2022,04:09:42,-67.322935,-67.701628,31/12/2022 04:09,31/12/2022 01:09
KB_23_42778_45,Female,Killingbeck,2023,31/12/2022,04:11:49,-67.322959,-67.701646,31/12/2022 04:11,31/12/2022 01:11
KB_23_42778_45,Female,Killingbeck,2023,31/12/2022,04:13:43,-67.322933,-67.701492,31/12/2022 04:13,31/12/2022 01:13
KB_23_42778_45,Female,Killingbeck,2023,31/12/2022,04:15:40,-67.322848,-67.701522,31/12/2022 04:15,31/12/2022 01:15
KB_23_42778_45,Female,Killingbeck,2023,31/12/2022,04:17:42,-67.32293,-67.701719,31/12/2022 04:17,31/12/2022 01:17
KB_23_42778_45,Female,Killingbeck,2023,31/12/2022,04:19:41,-67.322925,-67.700823,31/12/2022 04:19,31/12/2022 01:19
KB_23_42778_45,Female,Killingbeck,2023,31/12/2022,04:21:40,-67.322849,-67.701233,31/12/2022 04:21,31/12/2022 01:21
KB_23_42778_45,Female,Killingbeck,2023,31/12/2022,04:23:38,-67.322933,-67.701345,31/12/2022 04:23,31/12/2022 01:23
KB_23_42778_45,Female,Killingbeck,2023,31/12/2022,04:25:39,-67.32297,-67.701005,31/12/2022 04:25,31/12/2022 01:25
KB_23_42778_45,Female,Killingbeck,2023,31/12/2022,04:27:37,-67.323094,-67.702556,31/12/2022 04:27,31/12/2022 01:27
KB_23_42778_45,Female,Killingbeck,2023,31/12/2022,04:29:36,-67.323222,-67.702055,31/12/2022 04:29,31/12/2022 01:29
KB_23_42778_45,Female,Killingbeck,2023,31/12/2022,04:31:35,-67.323423,-67.70137,31/12/2022 04:31,31/12/2022 01:31
KB_23_42778_45,Female,Killingbeck,2023,31/12/2022,04:33:43,-67.323528,-67.701529,31/12/2022 04:33,31/12/2022 01:33
KB_23_42778_45,Female,Killingbeck,2023,31/12/2022,04:35:34,-67.323309,-67.701956,31/12/2022 04:35,31/12/2022 01:35
KB_23_42778_45,Female,Killingbeck,2023,31/12/2022,04:38:05,-67.323394,-67.701909,31/12/2022 04:38,31/12/2022 01:38
KB_23_42778_45,Female,Killingbeck,2023,31/12/2022,04:39:59,-67.321672,-67.700782,31/12/2022 04:39,31/12/2022 01:39
KB_23_42778_45,Female,Killingbeck,2023,31/12/2022,04:42:06,-67.321575,-67.696852,31/12/2022 04:42,31/12/2022 01:42
KB_23_42778_45,Female,Killingbeck,2023,31/12/2022,04:44:08,-67.321033,-67.696049,31/12/2022 04:44,31/12/2022 01:44
KB_23_42778_45,Female,Killingbeck,2023,31/12/2022,04:46:07,-67.321678,-67.696694,31/12/2022 04:46,31/12/2022 01:46
KB_23_42778_45,Female,Killingbeck,2023,31/12/2022,04:48:01,-67.322056,-67.697626,31/12/2022 04:48,31/12/2022 01:48
KB_23_42778_45,Female,Killingbeck,2023,31/12/2022,04:50:08,-67.321425,-67.696719,31/12/2022 04:50,31/12/2022 01:50
KB_23_42778_45,Female,Killingbeck,2023,31/12/2022,04:52:09,-67.321661,-67.696684,31/12/2022 04:52,31/12/2022 01:52
KB_23_42778_45,Female,Killingbeck,2023,31/12/2022,04:53:59,-67.321597,-67.696503,31/12/2022 04:53,31/12/2022 01:53
KB_23_42778_45,Female,Killingbeck,2023,31/12/2022,04:56:08,-67.321542,-67.696787,31/12/2022 04:56,31/12/2022 01:56
KB_23_42778_45,Female,Killingbeck,2023,31/12/2022,04:58:13,-67.32176,-67.696106,31/12/2022 04:58,31/12/2022 01:58
KB_23_42778_45,Female,Killingbeck,2023,31/12/2022,05:00:07,-67.321532,-67.696748,31/12/2022 05:00,31/12/2022 02:00
KB_23_42778_45,Female,Killingbeck,2023,31/12/2022,05:02:24,-67.321481,-67.696875,31/12/2022 05:02,31/12/2022 02:02
KB_23_42778_45,Female,Killingbeck,2023,31/12/2022,05:04:15,-67.321543,-67.696561,31/12/2022 05:04,31/12/2022 02:04
KB_23_42778_45,Female,Killingbeck,2023,31/12/2022,05:06:14,-67.321548,-67.696496,31/12/2022 05:06,31/12/2022 02:06
KB_23_42778_45,Female,Killingbeck,2023,31/12/2022,05:08:12,-67.321648,-67.696243,31/12/2022 05:08,31/12/2022 02:08
KB_23_42778_45,Female,Killingbeck,2023,31/12/2022,05:10:12,-67.321322,-67.696621,31/12/2022 05:10,31/12/2022 02:10
KB_23_42778_45,Female,Killingbeck,2023,31/12/2022,05:12:11,-67.321553,-67.696586,31/12/2022 05:12,31/12/2022 02:12
KB_23_42778_45,Female,Killingbeck,2023,31/12/2022,05:14:10,-67.321501,-67.696563,31/12/2022 05:14,31/12/2022 02:14
KB_23_42778_45,Female,Killingbeck,2023,31/12/2022,05:17:15,-67.321608,-67.696221,31/12/2022 05:17,31/12/2022 02:17
KB_23_42778_45,Female,Killingbeck,2023,31/12/2022,05:19:12,-67.321512,-67.696603,31/12/2022 05:19,31/12/2022 02:19
KB_23_42778_45,Female,Killingbeck,2023,31/12/2022,05:21:13,-67.321691,-67.696244,31/12/2022 05:21,31/12/2022 02:21
KB_23_42778_45,Female,Killingbeck,2023,31/12/2022,05:23:12,-67.321774,-67.696098,31/12/2022 05:23,31/12/2022 02:23
KB_23_42778_45,Female,Killingbeck,2023,31/12/2022,05:25:22,-67.321732,-67.696191,31/12/2022 05:25,31/12/2022 02:25
KB_23_42778_45,Female,Killingbeck,2023,31/12/2022,05:27:11,-67.321673,-67.696202,31/12/2022 05:27,31/12/2022 02:27
KB_23_42778_45,Female,Killingbeck,2023,31/12/2022,05:29:10,-67.321803,-67.696129,31/12/2022 05:29,31/12/2022 02:29
KB_23_42778_45,Female,Killingbeck,2023,31/12/2022,05:31:10,-67.321802,-67.6961,31/12/2022 05:31,31/12/2022 02:31
KB_23_42778_45,Female,Killingbeck,2023,31/12/2022,05:33:08,-67.321798,-67.696124,31/12/2022 05:33,31/12/2022 02:33
KB_23_42778_45,Female,Killingbeck,2023,31/12/2022,05:35:08,-67.321715,-67.69625,31/12/2022 05:35,31/12/2022 02:35
KB_23_42778_45,Female,Killingbeck,2023,31/12/2022,05:37:06,-67.321773,-67.696169,31/12/2022 05:37,31/12/2022 02:37
KB_23_42778_45,Female,Killingbeck,2023,31/12/2022,05:39:18,-67.322232,-67.695736,31/12/2022 05:39,31/12/2022 02:39
KB_23_42778_45,Female,Killingbeck,2023,31/12/2022,05:41:01,-67.321535,-67.696732,31/12/2022 05:41,31/12/2022 02:41
KB_23_42778_45,Female,Killingbeck,2023,31/12/2022,05:43:01,-67.321625,-67.696543,31/12/2022 05:43,31/12/2022 02:43
KB_23_42778_45,Female,Killingbeck,2023,31/12/2022,05:45:00,-67.321273,-67.697581,31/12/2022 05:45,31/12/2022 02:45
KB_23_42778_45,Female,Killingbeck,2023,31/12/2022,05:47:02,-67.321526,-67.696761,31/12/2022 05:47,31/12/2022 02:47
KB_23_42778_45,Female,Killingbeck,2023,31/12/2022,05:49:01,-67.321626,-67.696582,31/12/2022 05:49,31/12/2022 02:49
KB_23_42778_45,Female,Killingbeck,2023,31/12/2022,05:50:57,-67.321632,-67.696538,31/12/2022 05:50,31/12/2022 02:50
KB_23_42778_45,Female,Killingbeck,2023,31/12/2022,05:52:57,-67.321628,-67.696476,31/12/2022 05:52,31/12/2022 02:52
KB_23_42778_45,Female,Killingbeck,2023,31/12/2022,05:54:55,-67.321616,-67.696519,31/12/2022 05:54,31/12/2022 02:54
KB_23_42778_45,Female,Killingbeck,2023,31/12/2022,05:56:54,-67.321491,-67.696745,31/12/2022 05:56,31/12/2022 02:56
KB_23_42778_45,Female,Killingbeck,2023,31/12/2022,05:58:53,-67.321404,-67.694896,31/12/2022 05:58,31/12/2022 02:58
KB_23_42778_45,Female,Killingbeck,2023,31/12/2022,06:00:52,-67.323431,-67.702825,31/12/2022 06:00,31/12/2022 03:00
KB_23_42778_45,Female,Killingbeck,2023,31/12/2022,06:02:53,-67.323275,-67.70286,31/12/2022 06:02,31/12/2022 03:02
KB_23_42778_45,Female,Killingbeck,2023,31/12/2022,06:05:40,-67.323756,-67.703847,31/12/2022 06:05,31/12/2022 03:05
KB_23_42778_45,Female,Killingbeck,2023,31/12/2022,06:08:19,-67.323866,-67.704441,31/12/2022 06:08,31/12/2022 03:08
KB_23_42778_45,Female,Killingbeck,2023,31/12/2022,06:10:17,-67.323544,-67.705034,31/12/2022 06:10,31/12/2022 03:10
KB_23_42778_45,Female,Killingbeck,2023,31/12/2022,06:13:10,-67.323581,-67.704254,31/12/2022 06:13,31/12/2022 03:13
KB_23_42778_45,Female,Killingbeck,2023,31/12/2022,06:15:10,-67.323618,-67.704638,31/12/2022 06:15,31/12/2022 03:15
KB_23_42778_45,Female,Killingbeck,2023,31/12/2022,06:17:25,-67.32336,-67.702936,31/12/2022 06:17,31/12/2022 03:17
KB_23_42778_45,Female,Killingbeck,2023,31/12/2022,06:20:03,-67.323729,-67.697317,31/12/2022 06:20,31/12/2022 03:20
KB_23_42778_45,Female,Killingbeck,2023,31/12/2022,06:22:02,-67.323729,-67.697509,31/12/2022 06:22,31/12/2022 03:22
KB_23_42778_45,Female,Killingbeck,2023,31/12/2022,06:24:15,-67.323836,-67.696898,31/12/2022 06:24,31/12/2022 03:24
KB_23_42778_45,Female,Killingbeck,2023,31/12/2022,06:26:13,-67.323955,-67.696679,31/12/2022 06:26,31/12/2022 03:26
KB_23_42778_45,Female,Killingbeck,2023,31/12/2022,06:28:23,-67.32389,-67.697283,31/12/2022 06:28,31/12/2022 03:28
KB_23_42778_45,Female,Killingbeck,2023,31/12/2022,06:30:37,-67.323891,-67.696644,31/12/2022 06:30,31/12/2022 03:30
KB_23_42778_45,Female,Killingbeck,2023,31/12/2022,06:32:36,-67.323738,-67.697282,31/12/2022 06:32,31/12/2022 03:32
KB_23_42778_45,Female,Killingbeck,2023,31/12/2022,06:34:37,-67.323718,-67.696952,31/12/2022 06:34,31/12/2022 03:34
KB_23_42778_45,Female,Killingbeck,2023,31/12/2022,06:36:34,-67.323639,-67.697556,31/12/2022 06:36,31/12/2022 03:36
KB_23_42778_45,Female,Killingbeck,2023,31/12/2022,06:38:33,-67.323752,-67.69711,31/12/2022 06:38,31/12/2022 03:38
KB_23_42778_45,Female,Killingbeck,2023,31/12/2022,06:40:32,-67.323645,-67.697316,31/12/2022 06:40,31/12/2022 03:40
KB_23_42778_45,Female,Killingbeck,2023,31/12/2022,06:42:36,-67.32381,-67.696813,31/12/2022 06:42,31/12/2022 03:42
KB_23_42778_45,Female,Killingbeck,2023,31/12/2022,06:44:35,-67.323847,-67.697038,31/12/2022 06:44,31/12/2022 03:44
KB_23_42778_45,Female,Killingbeck,2023,31/12/2022,06:46:36,-67.323699,-67.697143,31/12/2022 06:46,31/12/2022 03:46
KB_23_42778_45,Female,Killingbeck,2023,31/12/2022,06:48:34,-67.323682,-67.697207,31/12/2022 06:48,31/12/2022 03:48
KB_23_42778_45,Female,Killingbeck,2023,31/12/2022,06:50:34,-67.323622,-67.697583,31/12/2022 06:50,31/12/2022 03:50
KB_23_42778_45,Female,Killingbeck,2023,31/12/2022,06:52:36,-67.323618,-67.696688,31/12/2022 06:52,31/12/2022 03:52
KB_23_42778_45,Female,Killingbeck,2023,31/12/2022,06:54:42,-67.323731,-67.697256,31/12/2022 06:54,31/12/2022 03:54
KB_23_42778_45,Female,Killingbeck,2023,31/12/2022,06:56:35,-67.323708,-67.696834,31/12/2022 06:56,31/12/2022 03:56
KB_23_42778_45,Female,Killingbeck,2023,31/12/2022,06:58:40,-67.323656,-67.697319,31/12/2022 06:58,31/12/2022 03:58
KB_23_42778_45,Female,Killingbeck,2023,31/12/2022,07:00:32,-67.323678,-67.697153,31/12/2022 07:00,31/12/2022 04:00
KB_23_42778_45,Female,Killingbeck,2023,31/12/2022,07:02:31,-67.323635,-67.697344,31/12/2022 07:02,31/12/2022 04:02
KB_23_42778_45,Female,Killingbeck,2023,31/12/2022,07:04:45,-67.323666,-67.697282,31/12/2022 07:04,31/12/2022 04:04
KB_23_42778_45,Female,Killingbeck,2023,31/12/2022,07:06:31,-67.323637,-67.697405,31/12/2022 07:06,31/12/2022 04:06
KB_23_42778_45,Female,Killingbeck,2023,31/12/2022,07:08:27,-67.323853,-67.697141,31/12/2022 07:08,31/12/2022 04:08
KB_23_42778_45,Female,Killingbeck,2023,31/12/2022,07:10:26,-67.323594,-67.697321,31/12/2022 07:10,31/12/2022 04:10
KB_23_42778_45,Female,Killingbeck,2023,31/12/2022,07:12:25,-67.323771,-67.697007,31/12/2022 07:12,31/12/2022 04:12
KB_23_42778_45,Female,Killingbeck,2023,31/12/2022,07:14:35,-67.324354,-67.697631,31/12/2022 07:14,31/12/2022 04:14
KB_23_42778_45,Female,Killingbeck,2023,31/12/2022,07:16:25,-67.32426,-67.697624,31/12/2022 07:16,31/12/2022 04:16
KB_23_42778_45,Female,Killingbeck,2023,31/12/2022,07:18:24,-67.324086,-67.698701,31/12/2022 07:18,31/12/2022 04:18
KB_23_42778_45,Female,Killingbeck,2023,31/12/2022,07:20:25,-67.323751,-67.69876,31/12/2022 07:20,31/12/2022 04:20
KB_23_42778_45,Female,Killingbeck,2023,31/12/2022,07:23:00,-67.324402,-67.697914,31/12/2022 07:23,31/12/2022 04:23
KB_23_42778_45,Female,Killingbeck,2023,31/12/2022,07:24:58,-67.323907,-67.69624,31/12/2022 07:24,31/12/2022 04:24
KB_23_42778_45,Female,Killingbeck,2023,31/12/2022,07:27:15,-67.324031,-67.691701,31/12/2022 07:27,31/12/2022 04:27
KB_23_42778_45,Female,Killingbeck,2023,31/12/2022,07:29:14,-67.323982,-67.692198,31/12/2022 07:29,31/12/2022 04:29
KB_23_42778_45,Female,Killingbeck,2023,31/12/2022,07:31:13,-67.323931,-67.692455,31/12/2022 07:31,31/12/2022 04:31
KB_23_42778_45,Female,Killingbeck,2023,31/12/2022,07:33:12,-67.323897,-67.6924,31/12/2022 07:33,31/12/2022 04:33
KB_23_42778_45,Female,Killingbeck,2023,31/12/2022,07:35:11,-67.323879,-67.692612,31/12/2022 07:35,31/12/2022 04:35
KB_23_42778_45,Female,Killingbeck,2023,31/12/2022,07:37:12,-67.323996,-67.692533,31/12/2022 07:37,31/12/2022 04:37
KB_23_42778_45,Female,Killingbeck,2023,31/12/2022,07:39:11,-67.324755,-67.698939,31/12/2022 07:39,31/12/2022 04:39
KB_23_42778_45,Female,Killingbeck,2023,31/12/2022,07:41:10,-67.32425,-67.712299,31/12/2022 07:41,31/12/2022 04:41
KB_23_42778_45,Female,Killingbeck,2023,31/12/2022,07:43:08,-67.324146,-67.711701,31/12/2022 07:43,31/12/2022 04:43
KB_23_42778_45,Female,Killingbeck,2023,31/12/2022,07:45:09,-67.323831,-67.711198,31/12/2022 07:45,31/12/2022 04:45
KB_23_42778_45,Female,Killingbeck,2023,31/12/2022,07:47:08,-67.336688,-67.736352,31/12/2022 07:47,31/12/2022 04:47
KB_23_42778_45,Female,Killingbeck,2023,31/12/2022,07:49:09,-67.360465,-67.756445,31/12/2022 07:49,31/12/2022 04:49
KB_23_42778_45,Female,Killingbeck,2023,31/12/2022,07:51:06,-67.372965,-67.764207,31/12/2022 07:51,31/12/2022 04:51
KB_23_42778_45,Female,Killingbeck,2023,31/12/2022,07:53:05,-67.390427,-67.814649,31/12/2022 07:53,31/12/2022 04:53
KB_23_42778_45,Female,Killingbeck,2023,31/12/2022,07:55:05,-67.405516,-67.866317,31/12/2022 07:55,31/12/2022 04:55
KB_23_42778_45,Female,Killingbeck,2023,31/12/2022,07:57:03,-67.423389,-67.913026,31/12/2022 07:57,31/12/2022 04:57
KB_23_42778_45,Female,Killingbeck,2023,31/12/2022,07:59:03,-67.442839,-67.945612,31/12/2022 07:59,31/12/2022 04:59
KB_23_42778_45,Female,Killingbeck,2023,31/12/2022,08:01:03,-67.464459,-67.970864,31/12/2022 08:01,31/12/2022 05:01
KB_23_42778_45,Female,Killingbeck,2023,31/12/2022,08:03:01,-67.469185,-67.969516,31/12/2022 08:03,31/12/2022 05:03
KB_23_42778_45,Female,Killingbeck,2023,31/12/2022,08:05:01,-67.46921,-67.969745,31/12/2022 08:05,31/12/2022 05:05
KB_23_42778_45,Female,Killingbeck,2023,31/12/2022,08:07:00,-67.471277,-67.996219,31/12/2022 08:07,31/12/2022 05:07
KB_23_42778_45,Female,Killingbeck,2023,31/12/2022,08:09:01,-67.490244,-68.038537,31/12/2022 08:09,31/12/2022 05:09
KB_23_42778_45,Female,Killingbeck,2023,31/12/2022,08:10:58,-67.512876,-68.049964,31/12/2022 08:10,31/12/2022 05:10
KB_23_42778_45,Female,Killingbeck,2023,31/12/2022,08:12:59,-67.536102,-68.066288,31/12/2022 08:12,31/12/2022 05:12
KB_23_42778_45,Female,Killingbeck,2023,31/12/2022,08:14:57,-67.559477,-68.071533,31/12/2022 08:14,31/12/2022 05:14
KB_23_42778_45,Female,Killingbeck,2023,31/12/2022,08:17:11,0,0,31/12/2022 08:17,31/12/2022 05:17
KB_23_42778_45,Female,Killingbeck,2023,31/12/2022,08:19:10,0,0,31/12/2022 08:19,31/12/2022 05:19
KB_23_42778_45,Female,Killingbeck,2023,31/12/2022,08:21:43,-67.570735,-68.069074,31/12/2022 08:21,31/12/2022 05:21
KB_23_42778_45,Female,Killingbeck,2023,31/12/2022,08:23:36,-67.570499,-68.06928,31/12/2022 08:23,31/12/2022 05:23
KB_23_42778_45,Female,Killingbeck,2023,31/12/2022,08:25:50,-67.570458,-68.069342,31/12/2022 08:25,31/12/2022 05:25
KB_23_42778_45,Female,Killingbeck,2023,31/12/2022,08:27:53,-67.570442,-68.069566,31/12/2022 08:27,31/12/2022 05:27
KB_23_42778_45,Female,Killingbeck,2023,31/12/2022,08:29:39,-67.570408,-68.069352,31/12/2022 08:29,31/12/2022 05:29
KB_23_42778_45,Female,Killingbeck,2023,31/12/2022,08:31:38,-67.570696,-68.068848,31/12/2022 08:31,31/12/2022 05:31
KB_23_42778_45,Female,Killingbeck,2023,31/12/2022,08:33:37,-67.570834,-68.069282,31/12/2022 08:33,31/12/2022 05:33
KB_23_42778_45,Female,Killingbeck,2023,31/12/2022,08:35:40,-67.570536,-68.069213,31/12/2022 08:35,31/12/2022 05:35
KB_23_42778_45,Female,Killingbeck,2023,31/12/2022,08:37:36,-67.570196,-68.069711,31/12/2022 08:37,31/12/2022 05:37
KB_23_42778_45,Female,Killingbeck,2023,31/12/2022,08:39:43,-67.570746,-68.069288,31/12/2022 08:39,31/12/2022 05:39
KB_23_42778_45,Female,Killingbeck,2023,31/12/2022,08:41:35,-67.570697,-68.069286,31/12/2022 08:41,31/12/2022 05:41
KB_23_42778_45,Female,Killingbeck,2023,31/12/2022,08:43:34,-67.570319,-68.069253,31/12/2022 08:43,31/12/2022 05:43
KB_23_42778_45,Female,Killingbeck,2023,31/12/2022,08:45:33,-67.570719,-68.0693,31/12/2022 08:45,31/12/2022 05:45
KB_23_42778_45,Female,Killingbeck,2023,31/12/2022,08:47:39,-67.571332,-68.069172,31/12/2022 08:47,31/12/2022 05:47
KB_23_42778_45,Female,Killingbeck,2023,31/12/2022,08:50:09,-67.570633,-68.06945,31/12/2022 08:50,31/12/2022 05:50
KB_23_42778_45,Female,Killingbeck,2023,31/12/2022,08:52:01,-67.570872,-68.069109,31/12/2022 08:52,31/12/2022 05:52
KB_23_42778_45,Female,Killingbeck,2023,31/12/2022,08:54:00,-67.57072,-68.069249,31/12/2022 08:54,31/12/2022 05:54
KB_23_42778_45,Female,Killingbeck,2023,31/12/2022,08:56:06,-67.570869,-68.069236,31/12/2022 08:56,31/12/2022 05:56
KB_23_42778_45,Female,Killingbeck,2023,31/12/2022,08:57:57,-67.570765,-68.069201,31/12/2022 08:57,31/12/2022 05:57
KB_23_42778_45,Female,Killingbeck,2023,31/12/2022,08:59:58,-67.57076,-68.069203,31/12/2022 08:59,31/12/2022 05:59
KB_23_42778_45,Female,Killingbeck,2023,31/12/2022,09:02:03,-67.570844,-68.069255,31/12/2022 09:02,31/12/2022 06:02
KB_23_42778_45,Female,Killingbeck,2023,31/12/2022,09:03:57,-67.570994,-68.069453,31/12/2022 09:03,31/12/2022 06:03
KB_23_42778_45,Female,Killingbeck,2023,31/12/2022,09:05:54,-67.570798,-68.069273,31/12/2022 09:05,31/12/2022 06:05
KB_23_42778_45,Female,Killingbeck,2023,31/12/2022,09:07:55,-67.570892,-68.069384,31/12/2022 09:07,31/12/2022 06:07
KB_23_42778_45,Female,Killingbeck,2023,31/12/2022,09:09:52,-67.570745,-68.069167,31/12/2022 09:09,31/12/2022 06:09
KB_23_42778_45,Female,Killingbeck,2023,31/12/2022,09:12:00,-67.570784,-68.069289,31/12/2022 09:12,31/12/2022 06:12
KB_23_42778_45,Female,Killingbeck,2023,31/12/2022,09:13:53,-67.570801,-68.069327,31/12/2022 09:13,31/12/2022 06:13
KB_23_42778_45,Female,Killingbeck,2023,31/12/2022,09:15:52,-67.570724,-68.06928,31/12/2022 09:15,31/12/2022 06:15
KB_23_42778_45,Female,Killingbeck,2023,31/12/2022,09:17:52,-67.570775,-68.069277,31/12/2022 09:17,31/12/2022 06:17
KB_23_42778_45,Female,Killingbeck,2023,31/12/2022,09:19:40,-67.570721,-68.069292,31/12/2022 09:19,31/12/2022 06:19
KB_23_42778_45,Female,Killingbeck,2023,31/12/2022,09:21:45,-67.570765,-68.069317,31/12/2022 09:21,31/12/2022 06:21
KB_23_42778_45,Female,Killingbeck,2023,31/12/2022,09:23:50,-67.570788,-68.069312,31/12/2022 09:23,31/12/2022 06:23
KB_23_42778_45,Female,Killingbeck,2023,31/12/2022,09:25:53,-67.570784,-68.069344,31/12/2022 09:25,31/12/2022 06:25
KB_23_42778_45,Female,Killingbeck,2023,31/12/2022,09:27:38,-67.570788,-68.069304,31/12/2022 09:27,31/12/2022 06:27
KB_23_42778_45,Female,Killingbeck,2023,31/12/2022,09:29:42,-67.57102,-68.069545,31/12/2022 09:29,31/12/2022 06:29
KB_23_42778_45,Female,Killingbeck,2023,31/12/2022,09:31:42,-67.570943,-68.069464,31/12/2022 09:31,31/12/2022 06:31
KB_23_42778_45,Female,Killingbeck,2023,31/12/2022,09:33:51,-67.570873,-68.069452,31/12/2022 09:33,31/12/2022 06:33
KB_23_42778_45,Female,Killingbeck,2023,31/12/2022,09:35:47,-67.570745,-68.069337,31/12/2022 09:35,31/12/2022 06:35
KB_23_42778_45,Female,Killingbeck,2023,31/12/2022,09:37:50,-67.570746,-68.06927,31/12/2022 09:37,31/12/2022 06:37
KB_23_42778_45,Female,Killingbeck,2023,31/12/2022,09:39:49,-67.570726,-68.069252,31/12/2022 09:39,31/12/2022 06:39
KB_23_42778_45,Female,Killingbeck,2023,31/12/2022,09:41:40,-67.570887,-68.069459,31/12/2022 09:41,31/12/2022 06:41
KB_23_42778_45,Female,Killingbeck,2023,31/12/2022,09:43:41,-67.570778,-68.069364,31/12/2022 09:43,31/12/2022 06:43
KB_23_42778_45,Female,Killingbeck,2023,31/12/2022,09:45:33,-67.570807,-68.069321,31/12/2022 09:45,31/12/2022 06:45
KB_23_42778_45,Female,Killingbeck,2023,31/12/2022,09:47:33,-67.570786,-68.069298,31/12/2022 09:47,31/12/2022 06:47
KB_23_42778_45,Female,Killingbeck,2023,31/12/2022,09:49:23,-67.570799,-68.069345,31/12/2022 09:49,31/12/2022 06:49
KB_23_42778_45,Female,Killingbeck,2023,31/12/2022,09:51:22,-67.570806,-68.069401,31/12/2022 09:51,31/12/2022 06:51
KB_23_42778_45,Female,Killingbeck,2023,31/12/2022,09:53:26,-67.570969,-68.069277,31/12/2022 09:53,31/12/2022 06:53
KB_23_42778_45,Female,Killingbeck,2023,31/12/2022,09:55:21,-67.5708,-68.069378,31/12/2022 09:55,31/12/2022 06:55
KB_23_42778_45,Female,Killingbeck,2023,31/12/2022,09:57:24,-67.570693,-68.068975,31/12/2022 09:57,31/12/2022 06:57
KB_23_42778_45,Female,Killingbeck,2023,31/12/2022,09:59:22,-67.571186,-68.069422,31/12/2022 09:59,31/12/2022 06:59
KB_23_42778_45,Female,Killingbeck,2023,31/12/2022,10:01:24,-67.570639,-68.069242,31/12/2022 10:01,31/12/2022 07:01
KB_23_42778_45,Female,Killingbeck,2023,31/12/2022,10:03:28,-67.570772,-68.06932,31/12/2022 10:03,31/12/2022 07:03
KB_23_42778_45,Female,Killingbeck,2023,31/12/2022,10:05:19,-67.57058,-68.069213,31/12/2022 10:05,31/12/2022 07:05
KB_23_42778_45,Female,Killingbeck,2023,31/12/2022,10:07:28,-67.570656,-68.069301,31/12/2022 10:07,31/12/2022 07:07
KB_23_42778_45,Female,Killingbeck,2023,31/12/2022,10:09:18,-67.57071,-68.06938,31/12/2022 10:09,31/12/2022 07:09
KB_23_42778_45,Female,Killingbeck,2023,31/12/2022,10:11:17,-67.570685,-68.069228,31/12/2022 10:11,31/12/2022 07:11
KB_23_42778_45,Female,Killingbeck,2023,31/12/2022,10:13:24,-67.570359,-68.069096,31/12/2022 10:13,31/12/2022 07:13
KB_23_42778_45,Female,Killingbeck,2023,31/12/2022,10:15:29,-67.570647,-68.069263,31/12/2022 10:15,31/12/2022 07:15
KB_23_42778_45,Female,Killingbeck,2023,31/12/2022,10:17:28,-67.570455,-68.068986,31/12/2022 10:17,31/12/2022 07:17
KB_23_42778_45,Female,Killingbeck,2023,31/12/2022,10:19:28,-67.57037,-68.068883,31/12/2022 10:19,31/12/2022 07:19
KB_23_42778_45,Female,Killingbeck,2023,31/12/2022,10:21:28,-67.57082,-68.069803,31/12/2022 10:21,31/12/2022 07:21
KB_23_42778_45,Female,Killingbeck,2023,31/12/2022,10:23:28,-67.570473,-68.069131,31/12/2022 10:23,31/12/2022 07:23
KB_23_42778_45,Female,Killingbeck,2023,31/12/2022,10:25:26,-67.570743,-68.069542,31/12/2022 10:25,31/12/2022 07:25
KB_23_42778_45,Female,Killingbeck,2023,31/12/2022,10:27:26,-67.570594,-68.069716,31/12/2022 10:27,31/12/2022 07:27
KB_23_42778_45,Female,Killingbeck,2023,31/12/2022,10:29:25,-67.570204,-68.069923,31/12/2022 10:29,31/12/2022 07:29
KB_23_42778_45,Female,Killingbeck,2023,31/12/2022,10:31:25,-67.570351,-68.069767,31/12/2022 10:31,31/12/2022 07:31
KB_23_42778_45,Female,Killingbeck,2023,31/12/2022,10:33:24,-67.57041,-68.069869,31/12/2022 10:33,31/12/2022 07:33
KB_23_42778_45,Female,Killingbeck,2023,31/12/2022,10:35:23,0,0,31/12/2022 10:35,31/12/2022 07:35
KB_23_42778_45,Female,Killingbeck,2023,31/12/2022,10:37:23,-67.571068,-68.068793,31/12/2022 10:37,31/12/2022 07:37
KB_23_42778_45,Female,Killingbeck,2023,31/12/2022,10:39:21,-67.569008,-68.071343,31/12/2022 10:39,31/12/2022 07:39
KB_23_42778_45,Female,Killingbeck,2023,31/12/2022,10:41:13,-67.570589,-68.069596,31/12/2022 10:41,31/12/2022 07:41
KB_23_42778_45,Female,Killingbeck,2023,31/12/2022,10:43:09,-67.570798,-68.069344,31/12/2022 10:43,31/12/2022 07:43
KB_23_42778_45,Female,Killingbeck,2023,31/12/2022,10:45:13,-67.57089,-68.06933,31/12/2022 10:45,31/12/2022 07:45
KB_23_42778_45,Female,Killingbeck,2023,31/12/2022,10:47:20,0,0,31/12/2022 10:47,31/12/2022 07:47
KB_23_42778_45,Female,Killingbeck,2023,31/12/2022,10:49:19,-67.570814,-68.069443,31/12/2022 10:49,31/12/2022 07:49
KB_23_42778_45,Female,Killingbeck,2023,31/12/2022,10:51:18,-67.570776,-68.069452,31/12/2022 10:51,31/12/2022 07:51
KB_23_42778_45,Female,Killingbeck,2023,31/12/2022,10:53:17,-67.570835,-68.069402,31/12/2022 10:53,31/12/2022 07:53
KB_23_42778_45,Female,Killingbeck,2023,31/12/2022,10:55:11,-67.5706,-68.06948,31/12/2022 10:55,31/12/2022 07:55
KB_23_42778_45,Female,Killingbeck,2023,31/12/2022,10:57:14,-67.570849,-68.069441,31/12/2022 10:57,31/12/2022 07:57
KB_23_42778_45,Female,Killingbeck,2023,31/12/2022,10:59:08,-67.570596,-68.069515,31/12/2022 10:59,31/12/2022 07:59
KB_23_42778_45,Female,Killingbeck,2023,31/12/2022,11:01:12,-67.570098,-68.071076,31/12/2022 11:01,31/12/2022 08:01
KB_23_42778_45,Female,Killingbeck,2023,31/12/2022,11:03:11,-67.570789,-68.069477,31/12/2022 11:03,31/12/2022 08:03
KB_23_42778_45,Female,Killingbeck,2023,31/12/2022,11:05:11,-67.570573,-68.06989,31/12/2022 11:05,31/12/2022 08:05
KB_23_42778_45,Female,Killingbeck,2023,31/12/2022,11:07:02,-67.570624,-68.069569,31/12/2022 11:07,31/12/2022 08:07
KB_23_42778_45,Female,Killingbeck,2023,31/12/2022,11:09:02,-67.570585,-68.069572,31/12/2022 11:09,31/12/2022 08:09
KB_23_42778_45,Female,Killingbeck,2023,31/12/2022,11:11:00,-67.570627,-68.069474,31/12/2022 11:11,31/12/2022 08:11
KB_23_42778_45,Female,Killingbeck,2023,31/12/2022,11:12:59,-67.570609,-68.069503,31/12/2022 11:12,31/12/2022 08:12
KB_23_42778_45,Female,Killingbeck,2023,31/12/2022,11:14:58,-67.570589,-68.069624,31/12/2022 11:14,31/12/2022 08:14
KB_23_42778_45,Female,Killingbeck,2023,31/12/2022,11:16:58,-67.570593,-68.069543,31/12/2022 11:16,31/12/2022 08:16
KB_23_42778_45,Female,Killingbeck,2023,31/12/2022,11:18:55,-67.570612,-68.069574,31/12/2022 11:18,31/12/2022 08:18
KB_23_42778_45,Female,Killingbeck,2023,31/12/2022,11:20:56,-67.570596,-68.069508,31/12/2022 11:20,31/12/2022 08:20
KB_23_42778_45,Female,Killingbeck,2023,31/12/2022,11:22:55,-67.570593,-68.069532,31/12/2022 11:22,31/12/2022 08:22
KB_23_42778_45,Female,Killingbeck,2023,31/12/2022,11:24:58,-67.570654,-68.069574,31/12/2022 11:24,31/12/2022 08:24
KB_23_42778_45,Female,Killingbeck,2023,31/12/2022,11:26:58,-67.570764,-68.069507,31/12/2022 11:26,31/12/2022 08:26
KB_23_42778_45,Female,Killingbeck,2023,31/12/2022,11:28:56,-67.570446,-68.069418,31/12/2022 11:28,31/12/2022 08:28
KB_23_42778_45,Female,Killingbeck,2023,31/12/2022,11:30:53,-67.570644,-68.069507,31/12/2022 11:30,31/12/2022 08:30
KB_23_42778_45,Female,Killingbeck,2023,31/12/2022,11:32:57,-67.570547,-68.069437,31/12/2022 11:32,31/12/2022 08:32
KB_23_42778_45,Female,Killingbeck,2023,31/12/2022,11:34:52,-67.570626,-68.069307,31/12/2022 11:34,31/12/2022 08:34
KB_23_42778_45,Female,Killingbeck,2023,31/12/2022,11:36:49,-67.570623,-68.069507,31/12/2022 11:36,31/12/2022 08:36
KB_23_42778_45,Female,Killingbeck,2023,31/12/2022,11:38:48,-67.570646,-68.069461,31/12/2022 11:38,31/12/2022 08:38
KB_23_42778_45,Female,Killingbeck,2023,31/12/2022,11:40:49,-67.570726,-68.066788,31/12/2022 11:40,31/12/2022 08:40
KB_23_42778_45,Female,Killingbeck,2023,31/12/2022,11:42:46,-67.570639,-68.069334,31/12/2022 11:42,31/12/2022 08:42
KB_23_42778_45,Female,Killingbeck,2023,31/12/2022,11:44:47,-67.570707,-68.066725,31/12/2022 11:44,31/12/2022 08:44
KB_23_42778_45,Female,Killingbeck,2023,31/12/2022,11:46:45,-67.570673,-68.06926,31/12/2022 11:46,31/12/2022 08:46
KB_23_42778_45,Female,Killingbeck,2023,31/12/2022,11:48:48,-67.570465,-68.069235,31/12/2022 11:48,31/12/2022 08:48
KB_23_42778_45,Female,Killingbeck,2023,31/12/2022,11:50:45,-67.57064,-68.069134,31/12/2022 11:50,31/12/2022 08:50
KB_23_42778_45,Female,Killingbeck,2023,31/12/2022,11:52:44,-67.570634,-68.069507,31/12/2022 11:52,31/12/2022 08:52
KB_23_42778_45,Female,Killingbeck,2023,31/12/2022,11:54:41,-67.570653,-68.069562,31/12/2022 11:54,31/12/2022 08:54
KB_23_42778_45,Female,Killingbeck,2023,31/12/2022,11:56:42,-67.57066,-68.069703,31/12/2022 11:56,31/12/2022 08:56
KB_23_42778_45,Female,Killingbeck,2023,31/12/2022,11:58:39,-67.570628,-68.06941,31/12/2022 11:58,31/12/2022 08:58
KB_23_42778_45,Female,Killingbeck,2023,31/12/2022,12:00:37,-67.570601,-68.069563,31/12/2022 12:00,31/12/2022 09:00
KB_23_42778_45,Female,Killingbeck,2023,31/12/2022,12:02:37,-67.570683,-68.069395,31/12/2022 12:02,31/12/2022 09:02
KB_23_42778_45,Female,Killingbeck,2023,31/12/2022,12:04:36,-67.570768,-68.070416,31/12/2022 12:04,31/12/2022 09:04
KB_23_42778_45,Female,Killingbeck,2023,31/12/2022,12:06:35,-67.5707,-68.069339,31/12/2022 12:06,31/12/2022 09:06
KB_23_42778_45,Female,Killingbeck,2023,31/12/2022,12:08:41,-67.570512,-68.069417,31/12/2022 12:08,31/12/2022 09:08
KB_23_42778_45,Female,Killingbeck,2023,31/12/2022,12:10:33,-67.57064,-68.069462,31/12/2022 12:10,31/12/2022 09:10
KB_23_42778_45,Female,Killingbeck,2023,31/12/2022,12:12:35,-67.570566,-68.069404,31/12/2022 12:12,31/12/2022 09:12
KB_23_42778_45,Female,Killingbeck,2023,31/12/2022,12:14:33,-67.570734,-68.070299,31/12/2022 12:14,31/12/2022 09:14
KB_23_42778_45,Female,Killingbeck,2023,31/12/2022,12:16:36,-67.570653,-68.070101,31/12/2022 12:16,31/12/2022 09:16
KB_23_42778_45,Female,Killingbeck,2023,31/12/2022,12:18:30,-67.57069,-68.06919,31/12/2022 12:18,31/12/2022 09:18
KB_23_42778_45,Female,Killingbeck,2023,31/12/2022,12:20:29,-67.570618,-68.069668,31/12/2022 12:20,31/12/2022 09:20
KB_23_42778_45,Female,Killingbeck,2023,31/12/2022,12:22:28,-67.570605,-68.069625,31/12/2022 12:22,31/12/2022 09:22
KB_23_42778_45,Female,Killingbeck,2023,31/12/2022,12:24:27,-67.570627,-68.069467,31/12/2022 12:24,31/12/2022 09:24
KB_23_42778_45,Female,Killingbeck,2023,31/12/2022,12:26:26,-67.570609,-68.069461,31/12/2022 12:26,31/12/2022 09:26
KB_23_42778_45,Female,Killingbeck,2023,31/12/2022,12:28:25,-67.570652,-68.069354,31/12/2022 12:28,31/12/2022 09:28
KB_23_42778_45,Female,Killingbeck,2023,31/12/2022,12:30:24,-67.570655,-68.069423,31/12/2022 12:30,31/12/2022 09:30
KB_23_42778_45,Female,Killingbeck,2023,31/12/2022,12:32:24,-67.570646,-68.069526,31/12/2022 12:32,31/12/2022 09:32
KB_23_42778_45,Female,Killingbeck,2023,31/12/2022,12:34:22,-67.570687,-68.069356,31/12/2022 12:34,31/12/2022 09:34
KB_23_42778_45,Female,Killingbeck,2023,31/12/2022,12:36:22,-67.570665,-68.069385,31/12/2022 12:36,31/12/2022 09:36
KB_23_42778_45,Female,Killingbeck,2023,31/12/2022,12:38:20,-67.570669,-68.069325,31/12/2022 12:38,31/12/2022 09:38
KB_23_42778_45,Female,Killingbeck,2023,31/12/2022,12:40:22,-67.570505,-68.069673,31/12/2022 12:40,31/12/2022 09:40
KB_23_42778_45,Female,Killingbeck,2023,31/12/2022,12:42:20,-67.570548,-68.069559,31/12/2022 12:42,31/12/2022 09:42
KB_23_42778_45,Female,Killingbeck,2023,31/12/2022,12:44:19,-67.570562,-68.069461,31/12/2022 12:44,31/12/2022 09:44
KB_23_42778_45,Female,Killingbeck,2023,31/12/2022,12:46:20,-67.570573,-68.069546,31/12/2022 12:46,31/12/2022 09:46
KB_23_42778_45,Female,Killingbeck,2023,31/12/2022,12:48:44,-67.570627,-68.069434,31/12/2022 12:48,31/12/2022 09:48
KB_23_42778_45,Female,Killingbeck,2023,31/12/2022,12:50:40,-67.570562,-68.069499,31/12/2022 12:50,31/12/2022 09:50
KB_23_42778_45,Female,Killingbeck,2023,31/12/2022,12:52:39,-67.570502,-68.069144,31/12/2022 12:52,31/12/2022 09:52
KB_23_42778_45,Female,Killingbeck,2023,31/12/2022,12:54:36,-67.570638,-68.06935,31/12/2022 12:54,31/12/2022 09:54
KB_23_42778_45,Female,Killingbeck,2023,31/12/2022,12:56:37,-67.570644,-68.069427,31/12/2022 12:56,31/12/2022 09:56
KB_23_42778_45,Female,Killingbeck,2023,31/12/2022,12:58:36,-67.570703,-68.069509,31/12/2022 12:58,31/12/2022 09:58
KB_23_42778_45,Female,Killingbeck,2023,31/12/2022,13:00:35,-67.570643,-68.069384,31/12/2022 13:00,31/12/2022 10:00
KB_23_42778_45,Female,Killingbeck,2023,31/12/2022,13:02:34,-67.570787,-68.069436,31/12/2022 13:02,31/12/2022 10:02
KB_23_42778_45,Female,Killingbeck,2023,31/12/2022,13:04:31,-67.570588,-68.069165,31/12/2022 13:04,31/12/2022 10:04
KB_23_42778_45,Female,Killingbeck,2023,31/12/2022,13:06:32,-67.57056,-68.069443,31/12/2022 13:06,31/12/2022 10:06
KB_23_42778_45,Female,Killingbeck,2023,31/12/2022,13:08:29,-67.570547,-68.069351,31/12/2022 13:08,31/12/2022 10:08
KB_23_42778_45,Female,Killingbeck,2023,31/12/2022,13:10:30,-67.570614,-68.06937,31/12/2022 13:10,31/12/2022 10:10
KB_23_42778_45,Female,Killingbeck,2023,31/12/2022,13:12:29,-67.570655,-68.069504,31/12/2022 13:12,31/12/2022 10:12
KB_23_42778_45,Female,Killingbeck,2023,31/12/2022,13:14:28,-67.570616,-68.069427,31/12/2022 13:14,31/12/2022 10:14
KB_23_42778_45,Female,Killingbeck,2023,31/12/2022,13:16:41,-67.570568,-68.069375,31/12/2022 13:16,31/12/2022 10:16
KB_23_42778_45,Female,Killingbeck,2023,31/12/2022,13:18:26,-67.570382,-68.069539,31/12/2022 13:18,31/12/2022 10:18
KB_23_42778_45,Female,Killingbeck,2023,31/12/2022,13:20:24,-67.57073,-68.069284,31/12/2022 13:20,31/12/2022 10:20
KB_23_42778_45,Female,Killingbeck,2023,31/12/2022,13:22:17,-67.571447,-68.064959,31/12/2022 13:22,31/12/2022 10:22
KB_23_42778_45,Female,Killingbeck,2023,31/12/2022,13:24:31,-67.570724,-68.069221,31/12/2022 13:24,31/12/2022 10:24
KB_23_42778_45,Female,Killingbeck,2023,31/12/2022,13:26:26,-67.570699,-68.069295,31/12/2022 13:26,31/12/2022 10:26
KB_23_42778_45,Female,Killingbeck,2023,31/12/2022,13:28:19,-67.570573,-68.069391,31/12/2022 13:28,31/12/2022 10:28
KB_23_42778_45,Female,Killingbeck,2023,31/12/2022,13:30:18,-67.569541,-68.06788,31/12/2022 13:30,31/12/2022 10:30
KB_23_42778_45,Female,Killingbeck,2023,31/12/2022,13:32:20,-67.565893,-68.077924,31/12/2022 13:32,31/12/2022 10:32
KB_23_42778_45,Female,Killingbeck,2023,31/12/2022,13:34:15,-67.565869,-68.078954,31/12/2022 13:34,31/12/2022 10:34
KB_23_42778_45,Female,Killingbeck,2023,31/12/2022,13:36:19,-67.565466,-68.092007,31/12/2022 13:36,31/12/2022 10:36
KB_23_42778_45,Female,Killingbeck,2023,31/12/2022,13:40:13,-67.564421,-68.090077,31/12/2022 13:40,31/12/2022 10:40
KB_23_42778_45,Female,Killingbeck,2023,31/12/2022,13:42:07,-67.570419,-68.075422,31/12/2022 13:42,31/12/2022 10:42
KB_23_42778_45,Female,Killingbeck,2023,31/12/2022,13:44:15,-67.570668,-68.069255,31/12/2022 13:44,31/12/2022 10:44
KB_23_42778_45,Female,Killingbeck,2023,31/12/2022,13:46:11,-67.570822,-68.069434,31/12/2022 13:46,31/12/2022 10:46
KB_23_42778_45,Female,Killingbeck,2023,31/12/2022,13:48:03,-67.570703,-68.06944,31/12/2022 13:48,31/12/2022 10:48
KB_23_42778_45,Female,Killingbeck,2023,31/12/2022,13:51:06,-67.557784,-68.075884,31/12/2022 13:51,31/12/2022 10:51
KB_23_42778_45,Female,Killingbeck,2023,31/12/2022,13:53:05,-67.553818,-68.102014,31/12/2022 13:53,31/12/2022 10:53
KB_23_42778_45,Female,Killingbeck,2023,31/12/2022,13:57:43,-67.553385,-68.102078,31/12/2022 13:57,31/12/2022 10:57
KB_23_42778_45,Female,Killingbeck,2023,31/12/2022,13:59:46,-67.553135,-68.102215,31/12/2022 13:59,31/12/2022 10:59
KB_23_42778_45,Female,Killingbeck,2023,31/12/2022,14:01:40,-67.552228,-68.116912,31/12/2022 14:01,31/12/2022 11:01
KB_23_42778_45,Female,Killingbeck,2023,31/12/2022,14:04:54,-67.552326,-68.116473,31/12/2022 14:04,31/12/2022 11:04
KB_23_42778_45,Female,Killingbeck,2023,31/12/2022,14:08:30,-67.552453,-68.116602,31/12/2022 14:08,31/12/2022 11:08
KB_23_42778_45,Female,Killingbeck,2023,31/12/2022,14:10:23,-67.552379,-68.11495,31/12/2022 14:10,31/12/2022 11:10
KB_23_42778_45,Female,Killingbeck,2023,31/12/2022,14:12:21,-67.564653,-68.094116,31/12/2022 14:12,31/12/2022 11:12
KB_23_42778_45,Female,Killingbeck,2023,31/12/2022,14:14:36,-67.570654,-68.069269,31/12/2022 14:14,31/12/2022 11:14
KB_23_42778_45,Female,Killingbeck,2023,31/12/2022,14:16:35,-67.570689,-68.069617,31/12/2022 14:16,31/12/2022 11:16
KB_23_42778_45,Female,Killingbeck,2023,31/12/2022,14:18:22,-67.570715,-68.069356,31/12/2022 14:18,31/12/2022 11:18
KB_23_42778_45,Female,Killingbeck,2023,31/12/2022,14:20:18,-67.564623,-68.080198,31/12/2022 14:20,31/12/2022 11:20
KB_23_42778_45,Female,Killingbeck,2023,31/12/2022,14:22:18,-67.555388,-68.112055,31/12/2022 14:22,31/12/2022 11:22
KB_23_42778_45,Female,Killingbeck,2023,31/12/2022,14:25:34,-67.552619,-68.116384,31/12/2022 14:25,31/12/2022 11:25
KB_23_42778_45,Female,Killingbeck,2023,31/12/2022,14:27:50,-67.55233,-68.1163,31/12/2022 14:27,31/12/2022 11:27
KB_23_42778_45,Female,Killingbeck,2023,31/12/2022,14:30:19,-67.552133,-68.117422,31/12/2022 14:30,31/12/2022 11:30
KB_23_42778_45,Female,Killingbeck,2023,31/12/2022,14:33:19,-67.55228,-68.116561,31/12/2022 14:33,31/12/2022 11:33
KB_23_42778_45,Female,Killingbeck,2023,31/12/2022,14:35:19,-67.551597,-68.118191,31/12/2022 14:35,31/12/2022 11:35
KB_23_42778_45,Female,Killingbeck,2023,31/12/2022,14:37:19,-67.548233,-68.118367,31/12/2022 14:37,31/12/2022 11:37
KB_23_42778_45,Female,Killingbeck,2023,31/12/2022,14:39:33,-67.548978,-68.1232,31/12/2022 14:39,31/12/2022 11:39
KB_23_42778_45,Female,Killingbeck,2023,31/12/2022,14:41:28,-67.5555,-68.118052,31/12/2022 14:41,31/12/2022 11:41
KB_23_42778_45,Female,Killingbeck,2023,31/12/2022,14:43:27,-67.555892,-68.119982,31/12/2022 14:43,31/12/2022 11:43
KB_23_42778_45,Female,Killingbeck,2023,31/12/2022,14:45:35,-67.556031,-68.120234,31/12/2022 14:45,31/12/2022 11:45
KB_23_42778_45,Female,Killingbeck,2023,31/12/2022,14:47:35,-67.556128,-68.120616,31/12/2022 14:47,31/12/2022 11:47
KB_23_42778_45,Female,Killingbeck,2023,31/12/2022,14:49:40,-67.556038,-68.120831,31/12/2022 14:49,31/12/2022 11:49
KB_23_42778_45,Female,Killingbeck,2023,31/12/2022,14:51:32,-67.555759,-68.120636,31/12/2022 14:51,31/12/2022 11:51
KB_23_42778_45,Female,Killingbeck,2023,31/12/2022,14:53:31,-67.565779,-68.094849,31/12/2022 14:53,31/12/2022 11:53
KB_23_42778_45,Female,Killingbeck,2023,31/12/2022,14:55:37,-67.570803,-68.070436,31/12/2022 14:55,31/12/2022 11:55
KB_23_42778_45,Female,Killingbeck,2023,31/12/2022,14:57:36,-67.570754,-68.069551,31/12/2022 14:57,31/12/2022 11:57
KB_23_42778_45,Female,Killingbeck,2023,31/12/2022,14:59:44,-67.570733,-68.069488,31/12/2022 14:59,31/12/2022 11:59
KB_23_42778_45,Female,Killingbeck,2023,31/12/2022,15:01:31,-67.567633,-68.075273,31/12/2022 15:01,31/12/2022 12:01
KB_23_42778_45,Female,Killingbeck,2023,31/12/2022,15:03:30,-67.5579,-68.102027,31/12/2022 15:03,31/12/2022 12:03
KB_23_42778_45,Female,Killingbeck,2023,31/12/2022,15:07:53,-67.555976,-68.109887,31/12/2022 15:07,31/12/2022 12:07
KB_23_42778_45,Female,Killingbeck,2023,31/12/2022,15:09:55,-67.556453,-68.1102,31/12/2022 15:09,31/12/2022 12:09
KB_23_42778_45,Female,Killingbeck,2023,31/12/2022,15:13:00,-67.556419,-68.108787,31/12/2022 15:13,31/12/2022 12:13
KB_23_42778_45,Female,Killingbeck,2023,31/12/2022,15:14:51,-67.563708,-68.095661,31/12/2022 15:14,31/12/2022 12:14
KB_23_42778_45,Female,Killingbeck,2023,31/12/2022,15:16:58,-67.570534,-68.069833,31/12/2022 15:16,31/12/2022 12:16
KB_23_42778_45,Female,Killingbeck,2023,31/12/2022,15:18:51,-67.570717,-68.06972,31/12/2022 15:18,31/12/2022 12:18
KB_23_42778_45,Female,Killingbeck,2023,31/12/2022,15:20:58,-67.571364,-68.067342,31/12/2022 15:20,31/12/2022 12:20
KB_23_42778_45,Female,Killingbeck,2023,31/12/2022,15:22:49,-67.570638,-68.069911,31/12/2022 15:22,31/12/2022 12:22
KB_23_42778_45,Female,Killingbeck,2023,31/12/2022,15:24:48,-67.570735,-68.069648,31/12/2022 15:24,31/12/2022 12:24
KB_23_42778_45,Female,Killingbeck,2023,31/12/2022,15:26:47,-67.570719,-68.069411,31/12/2022 15:26,31/12/2022 12:26
KB_23_42778_45,Female,Killingbeck,2023,31/12/2022,15:28:22,-67.570725,-68.069513,31/12/2022 15:28,31/12/2022 12:28
KB_23_42778_45,Female,Killingbeck,2023,31/12/2022,15:30:19,-67.570701,-68.069528,31/12/2022 15:30,31/12/2022 12:30
KB_23_42778_45,Female,Killingbeck,2023,31/12/2022,15:32:20,-67.570674,-68.069389,31/12/2022 15:32,31/12/2022 12:32
KB_23_42778_45,Female,Killingbeck,2023,31/12/2022,15:34:16,-67.5707,-68.069618,31/12/2022 15:34,31/12/2022 12:34
KB_23_42778_45,Female,Killingbeck,2023,31/12/2022,15:36:15,-67.570734,-68.069485,31/12/2022 15:36,31/12/2022 12:36
KB_23_42778_45,Female,Killingbeck,2023,31/12/2022,15:38:14,-67.570671,-68.069372,31/12/2022 15:38,31/12/2022 12:38
KB_23_42778_45,Female,Killingbeck,2023,31/12/2022,15:40:14,-67.570768,-68.069391,31/12/2022 15:40,31/12/2022 12:40
KB_23_42778_45,Female,Killingbeck,2023,31/12/2022,15:42:13,-67.570767,-68.069336,31/12/2022 15:42,31/12/2022 12:42
KB_23_42778_45,Female,Killingbeck,2023,31/12/2022,15:44:11,-67.570701,-68.069336,31/12/2022 15:44,31/12/2022 12:44
KB_23_42778_45,Female,Killingbeck,2023,31/12/2022,15:46:10,-67.570684,-68.069256,31/12/2022 15:46,31/12/2022 12:46
KB_23_42778_45,Female,Killingbeck,2023,31/12/2022,15:48:10,-67.570703,-68.069376,31/12/2022 15:48,31/12/2022 12:48
KB_23_42778_45,Female,Killingbeck,2023,31/12/2022,15:50:09,-67.57077,-68.069265,31/12/2022 15:50,31/12/2022 12:50
KB_23_42778_45,Female,Killingbeck,2023,31/12/2022,15:52:08,-67.570695,-68.069355,31/12/2022 15:52,31/12/2022 12:52
KB_23_42778_45,Female,Killingbeck,2023,31/12/2022,15:54:07,-67.570726,-68.069301,31/12/2022 15:54,31/12/2022 12:54
KB_23_42778_45,Female,Killingbeck,2023,31/12/2022,15:56:06,-67.570748,-68.069369,31/12/2022 15:56,31/12/2022 12:56
KB_23_42778_45,Female,Killingbeck,2023,31/12/2022,15:57:55,-67.570724,-68.069493,31/12/2022 15:57,31/12/2022 12:57
KB_23_42778_45,Female,Killingbeck,2023,31/12/2022,15:59:53,-67.570732,-68.069278,31/12/2022 15:59,31/12/2022 12:59
KB_23_42778_45,Female,Killingbeck,2023,31/12/2022,16:01:52,-67.570748,-68.069204,31/12/2022 16:01,31/12/2022 13:01
KB_23_42778_45,Female,Killingbeck,2023,31/12/2022,16:03:52,-67.570711,-68.069334,31/12/2022 16:03,31/12/2022 13:03
KB_23_42778_45,Female,Killingbeck,2023,31/12/2022,16:05:53,-67.570746,-68.069431,31/12/2022 16:05,31/12/2022 13:05
KB_23_42778_45,Female,Killingbeck,2023,31/12/2022,16:07:52,-67.570746,-68.06935,31/12/2022 16:07,31/12/2022 13:07
KB_23_42778_45,Female,Killingbeck,2023,31/12/2022,16:09:51,-67.570702,-68.069303,31/12/2022 16:09,31/12/2022 13:09
KB_23_42778_45,Female,Killingbeck,2023,31/12/2022,16:11:50,-67.57073,-68.06944,31/12/2022 16:11,31/12/2022 13:11
KB_23_42778_45,Female,Killingbeck,2023,31/12/2022,16:14:02,-67.570635,-68.068337,31/12/2022 16:14,31/12/2022 13:14
KB_23_42778_45,Female,Killingbeck,2023,31/12/2022,16:16:00,-67.570705,-68.069095,31/12/2022 16:16,31/12/2022 13:16
KB_23_42778_45,Female,Killingbeck,2023,31/12/2022,16:17:54,-67.570781,-68.06954,31/12/2022 16:17,31/12/2022 13:17
KB_23_42778_45,Female,Killingbeck,2023,31/12/2022,16:19:58,-67.57074,-68.069527,31/12/2022 16:19,31/12/2022 13:19
KB_23_42778_45,Female,Killingbeck,2023,31/12/2022,16:21:58,-67.570713,-68.069104,31/12/2022 16:21,31/12/2022 13:21
KB_23_42778_45,Female,Killingbeck,2023,31/12/2022,16:24:02,-67.567678,-68.023993,31/12/2022 16:24,31/12/2022 13:24
KB_23_42778_45,Female,Killingbeck,2023,31/12/2022,16:25:47,-67.570772,-68.069588,31/12/2022 16:25,31/12/2022 13:25
KB_23_42778_45,Female,Killingbeck,2023,31/12/2022,16:28:22,-67.57081,-68.069643,31/12/2022 16:28,31/12/2022 13:28
KB_23_42778_45,Female,Killingbeck,2023,31/12/2022,16:30:18,-67.570831,-68.069594,31/12/2022 16:30,31/12/2022 13:30
KB_23_42778_45,Female,Killingbeck,2023,31/12/2022,16:32:25,-67.568823,-68.017344,31/12/2022 16:32,31/12/2022 13:32
KB_23_42778_45,Female,Killingbeck,2023,31/12/2022,16:34:10,-67.570763,-68.069419,31/12/2022 16:34,31/12/2022 13:34
KB_23_42778_45,Female,Killingbeck,2023,31/12/2022,16:36:09,-67.570712,-68.069282,31/12/2022 16:36,31/12/2022 13:36
KB_23_42778_45,Female,Killingbeck,2023,31/12/2022,16:38:21,-67.570698,-68.069433,31/12/2022 16:38,31/12/2022 13:38
KB_23_42778_45,Female,Killingbeck,2023,31/12/2022,16:40:18,-67.570744,-68.069445,31/12/2022 16:40,31/12/2022 13:40
KB_23_42778_45,Female,Killingbeck,2023,31/12/2022,16:42:19,0,0,31/12/2022 16:42,31/12/2022 13:42
KB_23_42778_45,Female,Killingbeck,2023,31/12/2022,16:44:18,0,0,31/12/2022 16:44,31/12/2022 13:44
KB_23_42778_45,Female,Killingbeck,2023,31/12/2022,16:46:17,0,0,31/12/2022 16:46,31/12/2022 13:46
KB_23_42778_45,Female,Killingbeck,2023,31/12/2022,16:48:16,-67.570737,-68.069746,31/12/2022 16:48,31/12/2022 13:48
KB_23_42778_45,Female,Killingbeck,2023,31/12/2022,16:50:12,-67.570701,-68.069657,31/12/2022 16:50,31/12/2022 13:50
KB_23_42778_45,Female,Killingbeck,2023,31/12/2022,16:52:12,-67.570807,-68.069295,31/12/2022 16:52,31/12/2022 13:52
KB_23_42778_45,Female,Killingbeck,2023,31/12/2022,16:54:12,-67.570783,-68.069573,31/12/2022 16:54,31/12/2022 13:54
KB_23_42778_45,Female,Killingbeck,2023,31/12/2022,16:56:02,-67.570727,-68.070045,31/12/2022 16:56,31/12/2022 13:56
KB_23_42778_45,Female,Killingbeck,2023,31/12/2022,16:58:04,0,0,31/12/2022 16:58,31/12/2022 13:58
KB_23_42778_45,Female,Killingbeck,2023,31/12/2022,17:00:00,-67.570706,-68.07004,31/12/2022 17:00,31/12/2022 14:00
KB_23_42778_45,Female,Killingbeck,2023,31/12/2022,17:02:00,-67.570901,-68.069028,31/12/2022 17:02,31/12/2022 14:02
KB_23_42778_45,Female,Killingbeck,2023,31/12/2022,17:03:50,-67.570752,-68.069719,31/12/2022 17:03,31/12/2022 14:03
KB_23_42778_45,Female,Killingbeck,2023,31/12/2022,17:05:49,-67.570746,-68.069836,31/12/2022 17:05,31/12/2022 14:05
KB_23_42778_45,Female,Killingbeck,2023,31/12/2022,17:07:46,-67.570754,-68.069869,31/12/2022 17:07,31/12/2022 14:07
KB_23_42778_45,Female,Killingbeck,2023,31/12/2022,17:09:47,-67.570758,-68.069731,31/12/2022 17:09,31/12/2022 14:09
KB_23_42778_45,Female,Killingbeck,2023,31/12/2022,17:11:46,-67.570741,-68.069749,31/12/2022 17:11,31/12/2022 14:11
KB_23_42778_45,Female,Killingbeck,2023,31/12/2022,17:13:45,-67.570752,-68.069594,31/12/2022 17:13,31/12/2022 14:13
KB_23_42778_45,Female,Killingbeck,2023,31/12/2022,17:15:44,-67.570737,-68.069716,31/12/2022 17:15,31/12/2022 14:15
KB_23_42778_45,Female,Killingbeck,2023,31/12/2022,17:17:50,-67.570791,-68.069982,31/12/2022 17:17,31/12/2022 14:17
KB_23_42778_45,Female,Killingbeck,2023,31/12/2022,17:19:51,-67.570719,-68.069643,31/12/2022 17:19,31/12/2022 14:19
KB_23_42778_45,Female,Killingbeck,2023,31/12/2022,17:21:43,-67.570771,-68.069307,31/12/2022 17:21,31/12/2022 14:21
KB_23_42778_45,Female,Killingbeck,2023,31/12/2022,17:23:49,-67.570727,-68.069786,31/12/2022 17:23,31/12/2022 14:23
KB_23_42778_45,Female,Killingbeck,2023,31/12/2022,17:25:42,-67.570705,-68.069788,31/12/2022 17:25,31/12/2022 14:25
KB_23_42778_45,Female,Killingbeck,2023,31/12/2022,17:27:27,-67.570747,-68.069763,31/12/2022 17:27,31/12/2022 14:27
KB_23_42778_45,Female,Killingbeck,2023,31/12/2022,17:29:27,-67.570775,-68.069704,31/12/2022 17:29,31/12/2022 14:29
KB_23_42778_45,Female,Killingbeck,2023,31/12/2022,17:31:28,-67.570733,-68.069596,31/12/2022 17:31,31/12/2022 14:31
KB_23_42778_45,Female,Killingbeck,2023,31/12/2022,17:33:27,-67.570642,-68.069572,31/12/2022 17:33,31/12/2022 14:33
KB_23_42778_45,Female,Killingbeck,2023,31/12/2022,17:35:32,-67.570177,-68.069818,31/12/2022 17:35,31/12/2022 14:35
KB_23_42778_45,Female,Killingbeck,2023,31/12/2022,17:37:31,-67.569766,-68.069924,31/12/2022 17:37,31/12/2022 14:37
KB_23_42778_45,Female,Killingbeck,2023,31/12/2022,17:39:35,-67.57093,-68.069748,31/12/2022 17:39,31/12/2022 14:39
KB_23_42778_45,Female,Killingbeck,2023,31/12/2022,17:41:25,-67.569967,-68.069785,31/12/2022 17:41,31/12/2022 14:41
KB_23_42778_45,Female,Killingbeck,2023,31/12/2022,17:43:24,-67.57065,-68.069881,31/12/2022 17:43,31/12/2022 14:43
KB_23_42778_45,Female,Killingbeck,2023,31/12/2022,17:45:31,-67.570378,-68.069858,31/12/2022 17:45,31/12/2022 14:45
KB_23_42778_45,Female,Killingbeck,2023,31/12/2022,17:47:31,-67.571332,-68.070028,31/12/2022 17:47,31/12/2022 14:47
KB_23_42778_45,Female,Killingbeck,2023,31/12/2022,17:49:23,-67.570644,-68.069856,31/12/2022 17:49,31/12/2022 14:49
KB_23_42778_45,Female,Killingbeck,2023,31/12/2022,17:51:32,-67.57121,-68.069984,31/12/2022 17:51,31/12/2022 14:51
KB_23_42778_45,Female,Killingbeck,2023,31/12/2022,17:53:28,-67.570721,-68.06954,31/12/2022 17:53,31/12/2022 14:53
KB_23_42778_45,Female,Killingbeck,2023,31/12/2022,17:55:27,-67.570715,-68.069738,31/12/2022 17:55,31/12/2022 14:55
KB_23_42778_45,Female,Killingbeck,2023,31/12/2022,17:57:21,-67.57066,-68.069807,31/12/2022 17:57,31/12/2022 14:57
KB_23_42778_45,Female,Killingbeck,2023,31/12/2022,17:59:09,-67.570676,-68.069671,31/12/2022 17:59,31/12/2022 14:59
KB_23_42778_45,Female,Killingbeck,2023,31/12/2022,18:01:10,-67.57082,-68.068746,31/12/2022 18:01,31/12/2022 15:01
KB_23_42778_45,Female,Killingbeck,2023,31/12/2022,18:03:09,-67.570732,-68.069175,31/12/2022 18:03,31/12/2022 15:03
KB_23_42778_45,Female,Killingbeck,2023,31/12/2022,18:05:08,-67.570652,-68.06933,31/12/2022 18:05,31/12/2022 15:05
KB_23_42778_45,Female,Killingbeck,2023,31/12/2022,18:07:07,-67.570602,-68.069927,31/12/2022 18:07,31/12/2022 15:07
KB_23_42778_45,Female,Killingbeck,2023,31/12/2022,18:09:06,-67.570662,-68.069506,31/12/2022 18:09,31/12/2022 15:09
KB_23_42778_45,Female,Killingbeck,2023,31/12/2022,18:11:05,-67.570718,-68.069378,31/12/2022 18:11,31/12/2022 15:11
KB_23_42778_45,Female,Killingbeck,2023,31/12/2022,18:13:02,-67.570663,-68.06947,31/12/2022 18:13,31/12/2022 15:13
KB_23_42778_45,Female,Killingbeck,2023,31/12/2022,18:15:01,-67.570715,-68.069465,31/12/2022 18:15,31/12/2022 15:15
KB_23_42778_45,Female,Killingbeck,2023,31/12/2022,18:17:00,-67.570687,-68.069469,31/12/2022 18:17,31/12/2022 15:17
KB_23_42778_45,Female,Killingbeck,2023,31/12/2022,18:19:01,-67.573708,-68.072662,31/12/2022 18:19,31/12/2022 15:19
KB_23_42778_45,Female,Killingbeck,2023,31/12/2022,18:21:00,-67.570675,-68.069777,31/12/2022 18:21,31/12/2022 15:21
KB_23_42778_45,Female,Killingbeck,2023,31/12/2022,18:23:00,-67.570738,-68.069341,31/12/2022 18:23,31/12/2022 15:23
KB_23_42778_45,Female,Killingbeck,2023,31/12/2022,18:24:57,-67.570694,-68.069387,31/12/2022 18:24,31/12/2022 15:24
KB_23_42778_45,Female,Killingbeck,2023,31/12/2022,18:26:47,-67.570729,-68.069366,31/12/2022 18:26,31/12/2022 15:26
KB_23_42778_45,Female,Killingbeck,2023,31/12/2022,18:28:44,-67.570712,-68.069469,31/12/2022 18:28,31/12/2022 15:28
KB_23_42778_45,Female,Killingbeck,2023,31/12/2022,18:30:43,-67.570632,-68.069462,31/12/2022 18:30,31/12/2022 15:30
KB_23_42778_45,Female,Killingbeck,2023,31/12/2022,18:32:44,-67.570677,-68.06931,31/12/2022 18:32,31/12/2022 15:32
KB_23_42778_45,Female,Killingbeck,2023,31/12/2022,18:34:43,-67.570662,-68.069138,31/12/2022 18:34,31/12/2022 15:34
KB_23_42778_45,Female,Killingbeck,2023,31/12/2022,18:36:40,-67.570721,-68.069375,31/12/2022 18:36,31/12/2022 15:36
KB_23_42778_45,Female,Killingbeck,2023,31/12/2022,18:38:41,-67.569325,-68.066823,31/12/2022 18:38,31/12/2022 15:38
KB_23_42778_45,Female,Killingbeck,2023,31/12/2022,18:40:37,-67.570638,-68.069621,31/12/2022 18:40,31/12/2022 15:40
KB_23_42778_45,Female,Killingbeck,2023,31/12/2022,18:42:37,-67.570655,-68.069468,31/12/2022 18:42,31/12/2022 15:42
KB_23_42778_45,Female,Killingbeck,2023,31/12/2022,18:44:38,-67.570683,-68.069339,31/12/2022 18:44,31/12/2022 15:44
KB_23_42778_45,Female,Killingbeck,2023,31/12/2022,18:46:37,-67.570651,-68.069416,31/12/2022 18:46,31/12/2022 15:46
KB_23_42778_45,Female,Killingbeck,2023,31/12/2022,18:48:36,-67.570674,-68.069419,31/12/2022 18:48,31/12/2022 15:48
KB_23_42778_45,Female,Killingbeck,2023,31/12/2022,18:50:41,-67.570701,-68.069474,31/12/2022 18:50,31/12/2022 15:50
KB_23_42778_45,Female,Killingbeck,2023,31/12/2022,18:52:35,-67.570674,-68.069438,31/12/2022 18:52,31/12/2022 15:52
KB_23_42778_45,Female,Killingbeck,2023,31/12/2022,18:54:32,-67.57069,-68.069368,31/12/2022 18:54,31/12/2022 15:54
KB_23_42778_45,Female,Killingbeck,2023,31/12/2022,18:56:20,-67.570689,-68.069649,31/12/2022 18:56,31/12/2022 15:56
KB_23_42778_45,Female,Killingbeck,2023,31/12/2022,18:58:21,-67.57066,-68.069544,31/12/2022 18:58,31/12/2022 15:58
KB_23_42778_45,Female,Killingbeck,2023,31/12/2022,19:00:18,-67.570694,-68.069454,31/12/2022 19:00,31/12/2022 16:00
KB_23_42778_45,Female,Killingbeck,2023,31/12/2022,19:02:28,-67.570724,-68.069387,31/12/2022 19:02,31/12/2022 16:02
KB_23_42778_45,Female,Killingbeck,2023,31/12/2022,19:04:27,-67.570627,-68.069439,31/12/2022 19:04,31/12/2022 16:04
KB_23_42778_45,Female,Killingbeck,2023,31/12/2022,19:06:27,-67.570708,-68.06931,31/12/2022 19:06,31/12/2022 16:06
KB_23_42778_45,Female,Killingbeck,2023,31/12/2022,19:08:27,-67.57064,-68.069347,31/12/2022 19:08,31/12/2022 16:08
KB_23_42778_45,Female,Killingbeck,2023,31/12/2022,19:10:27,-67.570563,-68.06939,31/12/2022 19:10,31/12/2022 16:10
KB_23_42778_45,Female,Killingbeck,2023,31/12/2022,19:12:32,-67.570546,-68.069452,31/12/2022 19:12,31/12/2022 16:12
KB_23_42778_45,Female,Killingbeck,2023,31/12/2022,19:14:26,-67.570667,-68.06944,31/12/2022 19:14,31/12/2022 16:14
KB_23_42778_45,Female,Killingbeck,2023,31/12/2022,19:16:26,-67.570744,-68.069383,31/12/2022 19:16,31/12/2022 16:16
KB_23_42778_45,Female,Killingbeck,2023,31/12/2022,19:18:24,-67.570709,-68.069434,31/12/2022 19:18,31/12/2022 16:18
KB_23_42778_45,Female,Killingbeck,2023,31/12/2022,19:20:26,-67.570645,-68.069346,31/12/2022 19:20,31/12/2022 16:20
KB_23_42778_45,Female,Killingbeck,2023,31/12/2022,19:22:31,-67.57065,-68.069341,31/12/2022 19:22,31/12/2022 16:22
KB_23_42778_45,Female,Killingbeck,2023,31/12/2022,19:24:27,-67.57098,-68.069476,31/12/2022 19:24,31/12/2022 16:24
KB_23_42778_45,Female,Killingbeck,2023,31/12/2022,19:26:09,-67.57085,-68.069472,31/12/2022 19:26,31/12/2022 16:26
KB_23_42778_45,Female,Killingbeck,2023,31/12/2022,19:28:17,-67.570762,-68.069801,31/12/2022 19:28,31/12/2022 16:28
KB_23_42778_45,Female,Killingbeck,2023,31/12/2022,19:30:08,-67.570659,-68.069505,31/12/2022 19:30,31/12/2022 16:30
KB_23_42778_45,Female,Killingbeck,2023,31/12/2022,19:32:16,-67.570711,-68.069463,31/12/2022 19:32,31/12/2022 16:32
KB_23_42778_45,Female,Killingbeck,2023,31/12/2022,19:34:12,-67.570737,-68.069377,31/12/2022 19:34,31/12/2022 16:34
KB_23_42778_45,Female,Killingbeck,2023,31/12/2022,19:36:10,-67.570797,-68.069182,31/12/2022 19:36,31/12/2022 16:36
KB_23_42778_45,Female,Killingbeck,2023,31/12/2022,19:38:05,-67.57068,-68.069513,31/12/2022 19:38,31/12/2022 16:38
KB_23_42778_45,Female,Killingbeck,2023,31/12/2022,19:40:05,-67.570797,-68.069302,31/12/2022 19:40,31/12/2022 16:40
KB_23_42778_45,Female,Killingbeck,2023,31/12/2022,19:42:08,-67.570791,-68.069068,31/12/2022 19:42,31/12/2022 16:42
KB_23_42778_45,Female,Killingbeck,2023,31/12/2022,19:44:05,-67.570743,-68.06941,31/12/2022 19:44,31/12/2022 16:44
KB_23_42778_45,Female,Killingbeck,2023,31/12/2022,19:46:02,-67.570668,-68.069349,31/12/2022 19:46,31/12/2022 16:46
KB_23_42778_45,Female,Killingbeck,2023,31/12/2022,19:48:00,-67.570611,-68.069488,31/12/2022 19:48,31/12/2022 16:48
KB_23_42778_45,Female,Killingbeck,2023,31/12/2022,19:50:02,-67.570532,-68.069003,31/12/2022 19:50,31/12/2022 16:50
KB_23_42778_45,Female,Killingbeck,2023,31/12/2022,19:52:01,-67.570408,-68.069218,31/12/2022 19:52,31/12/2022 16:52
KB_23_42778_45,Female,Killingbeck,2023,31/12/2022,19:53:59,-67.570728,-68.069249,31/12/2022 19:53,31/12/2022 16:53
KB_23_42778_45,Female,Killingbeck,2023,31/12/2022,19:55:58,-67.570661,-68.069544,31/12/2022 19:55,31/12/2022 16:55
KB_23_42778_45,Female,Killingbeck,2023,31/12/2022,19:57:58,-67.5707,-68.069415,31/12/2022 19:57,31/12/2022 16:57
KB_23_42778_45,Female,Killingbeck,2023,31/12/2022,19:59:56,-67.570755,-68.069344,31/12/2022 19:59,31/12/2022 16:59
KB_23_42778_45,Female,Killingbeck,2023,31/12/2022,20:01:55,-67.570658,-68.069478,31/12/2022 20:01,31/12/2022 17:01
KB_23_42778_45,Female,Killingbeck,2023,31/12/2022,20:03:54,-67.570696,-68.069396,31/12/2022 20:03,31/12/2022 17:03
KB_23_42778_45,Female,Killingbeck,2023,31/12/2022,20:05:53,-67.570669,-68.069458,31/12/2022 20:05,31/12/2022 17:05
KB_23_42778_45,Female,Killingbeck,2023,31/12/2022,20:07:52,-67.570687,-68.069449,31/12/2022 20:07,31/12/2022 17:07
KB_23_42778_45,Female,Killingbeck,2023,31/12/2022,20:09:50,-67.57061,-68.069394,31/12/2022 20:09,31/12/2022 17:09
KB_23_42778_45,Female,Killingbeck,2023,31/12/2022,20:11:49,-67.570711,-68.06943,31/12/2022 20:11,31/12/2022 17:11
KB_23_42778_45,Female,Killingbeck,2023,31/12/2022,20:13:49,-67.570716,-68.069282,31/12/2022 20:13,31/12/2022 17:13
KB_23_42778_45,Female,Killingbeck,2023,31/12/2022,20:15:50,-67.570573,-68.069694,31/12/2022 20:15,31/12/2022 17:15
KB_23_42778_45,Female,Killingbeck,2023,31/12/2022,20:17:49,-67.570691,-68.069389,31/12/2022 20:17,31/12/2022 17:17
KB_23_42778_45,Female,Killingbeck,2023,31/12/2022,20:19:48,-67.5706,-68.069155,31/12/2022 20:19,31/12/2022 17:19
KB_23_42778_45,Female,Killingbeck,2023,31/12/2022,20:21:47,-67.570651,-68.069477,31/12/2022 20:21,31/12/2022 17:21
KB_23_42778_45,Female,Killingbeck,2023,31/12/2022,20:23:44,-67.57065,-68.069296,31/12/2022 20:23,31/12/2022 17:23
KB_23_42778_45,Female,Killingbeck,2023,31/12/2022,20:25:43,-67.570692,-68.069151,31/12/2022 20:25,31/12/2022 17:25
KB_23_42778_45,Female,Killingbeck,2023,31/12/2022,20:27:43,-67.570641,-68.069128,31/12/2022 20:27,31/12/2022 17:27
KB_23_42778_45,Female,Killingbeck,2023,31/12/2022,20:29:41,-67.570646,-68.069267,31/12/2022 20:29,31/12/2022 17:29
KB_23_42778_45,Female,Killingbeck,2023,31/12/2022,20:31:42,-67.57067,-68.069384,31/12/2022 20:31,31/12/2022 17:31
KB_23_42778_45,Female,Killingbeck,2023,31/12/2022,20:33:41,-67.570689,-68.06919,31/12/2022 20:33,31/12/2022 17:33
KB_23_42778_45,Female,Killingbeck,2023,31/12/2022,20:35:38,-67.570739,-68.069517,31/12/2022 20:35,31/12/2022 17:35
KB_23_42778_45,Female,Killingbeck,2023,31/12/2022,20:37:38,-67.570658,-68.069297,31/12/2022 20:37,31/12/2022 17:37
KB_23_42778_45,Female,Killingbeck,2023,31/12/2022,20:39:36,-67.570631,-68.06948,31/12/2022 20:39,31/12/2022 17:39
KB_23_42778_45,Female,Killingbeck,2023,31/12/2022,20:41:35,-67.570638,-68.069093,31/12/2022 20:41,31/12/2022 17:41
KB_23_42778_45,Female,Killingbeck,2023,31/12/2022,20:43:34,-67.570716,-68.069429,31/12/2022 20:43,31/12/2022 17:43
KB_23_42778_45,Female,Killingbeck,2023,31/12/2022,20:45:33,-67.570673,-68.069308,31/12/2022 20:45,31/12/2022 17:45
KB_23_42778_45,Female,Killingbeck,2023,31/12/2022,20:47:32,-67.570609,-68.069254,31/12/2022 20:47,31/12/2022 17:47
KB_23_42778_45,Female,Killingbeck,2023,31/12/2022,20:49:32,-67.570643,-68.069319,31/12/2022 20:49,31/12/2022 17:49
KB_23_42778_45,Female,Killingbeck,2023,31/12/2022,20:51:31,-67.570653,-68.069391,31/12/2022 20:51,31/12/2022 17:51
KB_23_42778_45,Female,Killingbeck,2023,31/12/2022,20:53:30,-67.570663,-68.069327,31/12/2022 20:53,31/12/2022 17:53
KB_23_42778_45,Female,Killingbeck,2023,31/12/2022,20:55:29,-67.570648,-68.069364,31/12/2022 20:55,31/12/2022 17:55
KB_23_42778_45,Female,Killingbeck,2023,31/12/2022,20:57:29,-67.57061,-68.069174,31/12/2022 20:57,31/12/2022 17:57
KB_23_42778_45,Female,Killingbeck,2023,31/12/2022,20:59:28,-67.570678,-68.069234,31/12/2022 20:59,31/12/2022 17:59
KB_23_42778_45,Female,Killingbeck,2023,31/12/2022,21:01:26,-67.570705,-68.06943,31/12/2022 21:01,31/12/2022 18:01
KB_23_42778_45,Female,Killingbeck,2023,31/12/2022,21:03:26,-67.570595,-68.069351,31/12/2022 21:03,31/12/2022 18:03
KB_23_42778_45,Female,Killingbeck,2023,31/12/2022,21:05:24,-67.570602,-68.069125,31/12/2022 21:05,31/12/2022 18:05
KB_23_42778_45,Female,Killingbeck,2023,31/12/2022,21:07:23,-67.570676,-68.069329,31/12/2022 21:07,31/12/2022 18:07
KB_23_42778_45,Female,Killingbeck,2023,31/12/2022,21:09:23,-67.570668,-68.069392,31/12/2022 21:09,31/12/2022 18:09
KB_23_42778_45,Female,Killingbeck,2023,31/12/2022,21:11:21,-67.570667,-68.069401,31/12/2022 21:11,31/12/2022 18:11
KB_23_42778_45,Female,Killingbeck,2023,31/12/2022,21:13:20,-67.570662,-68.069242,31/12/2022 21:13,31/12/2022 18:13
KB_23_42778_45,Female,Killingbeck,2023,31/12/2022,21:15:19,-67.570656,-68.069287,31/12/2022 21:15,31/12/2022 18:15
KB_23_42778_45,Female,Killingbeck,2023,31/12/2022,21:17:18,-67.570714,-68.069362,31/12/2022 21:17,31/12/2022 18:17
KB_23_42778_45,Female,Killingbeck,2023,31/12/2022,21:19:18,-67.570672,-68.069306,31/12/2022 21:19,31/12/2022 18:19
KB_23_42778_45,Female,Killingbeck,2023,31/12/2022,21:21:17,-67.570667,-68.069368,31/12/2022 21:21,31/12/2022 18:21
KB_23_42778_45,Female,Killingbeck,2023,31/12/2022,21:23:17,-67.570668,-68.069302,31/12/2022 21:23,31/12/2022 18:23
KB_23_42928_42,Female,Killingbeck,2023,30/12/2022,17:29:32,-67.570731,-68.069368,30/12/2022 17:29,30/12/2022 14:29
KB_23_42928_42,Female,Killingbeck,2023,30/12/2022,17:31:29,-67.570804,-68.069191,30/12/2022 17:31,30/12/2022 14:31
KB_23_42928_42,Female,Killingbeck,2023,30/12/2022,17:33:28,-67.57072,-68.069148,30/12/2022 17:33,30/12/2022 14:33
KB_23_42928_42,Female,Killingbeck,2023,30/12/2022,17:35:27,-67.570669,-68.068841,30/12/2022 17:35,30/12/2022 14:35
KB_23_42928_42,Female,Killingbeck,2023,30/12/2022,17:37:31,-67.570671,-68.069059,30/12/2022 17:37,30/12/2022 14:37
KB_23_42928_42,Female,Killingbeck,2023,30/12/2022,17:39:29,-67.570825,-68.069732,30/12/2022 17:39,30/12/2022 14:39
KB_23_42928_42,Female,Killingbeck,2023,30/12/2022,17:41:31,-67.570565,-68.068962,30/12/2022 17:41,30/12/2022 14:41
KB_23_42928_42,Female,Killingbeck,2023,30/12/2022,17:43:30,-67.570769,-68.069399,30/12/2022 17:43,30/12/2022 14:43
KB_23_42928_42,Female,Killingbeck,2023,30/12/2022,17:45:29,-67.57071,-68.069304,30/12/2022 17:45,30/12/2022 14:45
KB_23_42928_42,Female,Killingbeck,2023,30/12/2022,17:47:28,-67.570688,-68.069195,30/12/2022 17:47,30/12/2022 14:47
KB_23_42928_42,Female,Killingbeck,2023,30/12/2022,17:49:27,-67.570705,-68.069105,30/12/2022 17:49,30/12/2022 14:49
KB_23_42928_42,Female,Killingbeck,2023,30/12/2022,17:51:14,-67.570723,-68.069189,30/12/2022 17:51,30/12/2022 14:51
KB_23_42928_42,Female,Killingbeck,2023,30/12/2022,17:53:18,-67.570759,-68.06933,30/12/2022 17:53,30/12/2022 14:53
KB_23_42928_42,Female,Killingbeck,2023,30/12/2022,17:55:11,-67.570874,-68.069809,30/12/2022 17:55,30/12/2022 14:55
KB_23_42928_42,Female,Killingbeck,2023,30/12/2022,17:57:10,-67.570723,-68.069328,30/12/2022 17:57,30/12/2022 14:57
KB_23_42928_42,Female,Killingbeck,2023,30/12/2022,17:59:09,-67.570756,-68.069286,30/12/2022 17:59,30/12/2022 14:59
KB_23_42928_42,Female,Killingbeck,2023,30/12/2022,18:01:07,-67.570719,-68.069202,30/12/2022 18:01,30/12/2022 15:01
KB_23_42928_42,Female,Killingbeck,2023,30/12/2022,18:03:19,-67.570083,-68.068251,30/12/2022 18:03,30/12/2022 15:03
KB_23_42928_42,Female,Killingbeck,2023,30/12/2022,18:05:06,-67.57077,-68.069312,30/12/2022 18:05,30/12/2022 15:05
KB_23_42928_42,Female,Killingbeck,2023,30/12/2022,18:07:05,-67.570618,-68.069112,30/12/2022 18:07,30/12/2022 15:07
KB_23_42928_42,Female,Killingbeck,2023,30/12/2022,18:09:04,-67.570766,-68.069356,30/12/2022 18:09,30/12/2022 15:09
KB_23_42928_42,Female,Killingbeck,2023,30/12/2022,18:11:01,-67.570769,-68.069284,30/12/2022 18:11,30/12/2022 15:11
KB_23_42928_42,Female,Killingbeck,2023,30/12/2022,18:13:10,-67.570588,-68.068958,30/12/2022 18:13,30/12/2022 15:13
KB_23_42928_42,Female,Killingbeck,2023,30/12/2022,18:15:13,-67.570926,-68.069115,30/12/2022 18:15,30/12/2022 15:15
KB_23_42928_42,Female,Killingbeck,2023,30/12/2022,18:17:00,-67.570748,-68.069239,30/12/2022 18:17,30/12/2022 15:17
KB_23_42928_42,Female,Killingbeck,2023,30/12/2022,18:18:57,-67.570773,-68.06922,30/12/2022 18:18,30/12/2022 15:18
KB_23_42928_42,Female,Killingbeck,2023,30/12/2022,18:20:58,-67.570766,-68.069237,30/12/2022 18:20,30/12/2022 15:20
KB_23_42928_42,Female,Killingbeck,2023,30/12/2022,18:22:55,-67.570687,-68.069376,30/12/2022 18:22,30/12/2022 15:22
KB_23_42928_42,Female,Killingbeck,2023,30/12/2022,18:24:54,-67.57066,-68.06926,30/12/2022 18:24,30/12/2022 15:24
KB_23_42928_42,Female,Killingbeck,2023,30/12/2022,18:26:55,-67.569882,-68.069765,30/12/2022 18:26,30/12/2022 15:26
KB_23_42928_42,Female,Killingbeck,2023,30/12/2022,18:28:53,-67.57067,-68.06933,30/12/2022 18:28,30/12/2022 15:28
KB_23_42928_42,Female,Killingbeck,2023,30/12/2022,18:30:52,-67.57062,-68.068986,30/12/2022 18:30,30/12/2022 15:30
KB_23_42928_42,Female,Killingbeck,2023,30/12/2022,18:32:49,-67.570697,-68.069149,30/12/2022 18:32,30/12/2022 15:32
KB_23_42928_42,Female,Killingbeck,2023,30/12/2022,18:34:48,-67.570693,-68.069059,30/12/2022 18:34,30/12/2022 15:34
KB_23_42928_42,Female,Killingbeck,2023,30/12/2022,18:36:47,-67.570774,-68.06918,30/12/2022 18:36,30/12/2022 15:36
KB_23_42928_42,Female,Killingbeck,2023,30/12/2022,18:38:46,-67.570732,-68.069172,30/12/2022 18:38,30/12/2022 15:38
KB_23_42928_42,Female,Killingbeck,2023,30/12/2022,18:40:44,-67.57069,-68.06908,30/12/2022 18:40,30/12/2022 15:40
KB_23_42928_42,Female,Killingbeck,2023,30/12/2022,18:42:43,-67.570665,-68.06896,30/12/2022 18:42,30/12/2022 15:42
KB_23_42928_42,Female,Killingbeck,2023,30/12/2022,18:44:43,-67.570697,-68.069049,30/12/2022 18:44,30/12/2022 15:44
KB_23_42928_42,Female,Killingbeck,2023,30/12/2022,18:46:41,-67.570706,-68.068987,30/12/2022 18:46,30/12/2022 15:46
KB_23_42928_42,Female,Killingbeck,2023,30/12/2022,18:48:41,-67.570604,-68.069052,30/12/2022 18:48,30/12/2022 15:48
KB_23_42928_42,Female,Killingbeck,2023,30/12/2022,18:50:42,-67.570607,-68.06898,30/12/2022 18:50,30/12/2022 15:50
KB_23_42928_42,Female,Killingbeck,2023,30/12/2022,18:52:55,0,0,30/12/2022 18:52,30/12/2022 15:52
KB_23_42928_42,Female,Killingbeck,2023,30/12/2022,18:54:48,-67.570972,-68.070054,30/12/2022 18:54,30/12/2022 15:54
KB_23_42928_42,Female,Killingbeck,2023,30/12/2022,18:56:39,-67.57063,-68.068826,30/12/2022 18:56,30/12/2022 15:56
KB_23_42928_42,Female,Killingbeck,2023,30/12/2022,18:58:36,-67.570706,-68.069077,30/12/2022 18:58,30/12/2022 15:58
KB_23_42928_42,Female,Killingbeck,2023,30/12/2022,19:00:23,-67.570719,-68.069612,30/12/2022 19:00,30/12/2022 16:00
KB_23_42928_42,Female,Killingbeck,2023,30/12/2022,19:02:22,-67.570717,-68.069592,30/12/2022 19:02,30/12/2022 16:02
KB_23_42928_42,Female,Killingbeck,2023,30/12/2022,19:04:22,-67.570719,-68.069542,30/12/2022 19:04,30/12/2022 16:04
KB_23_42928_42,Female,Killingbeck,2023,30/12/2022,19:06:21,-67.570755,-68.069583,30/12/2022 19:06,30/12/2022 16:06
KB_23_42928_42,Female,Killingbeck,2023,30/12/2022,19:08:20,-67.570634,-68.069422,30/12/2022 19:08,30/12/2022 16:08
KB_23_42928_42,Female,Killingbeck,2023,30/12/2022,19:10:19,-67.570678,-68.069365,30/12/2022 19:10,30/12/2022 16:10
KB_23_42928_42,Female,Killingbeck,2023,30/12/2022,19:12:19,-67.57069,-68.069366,30/12/2022 19:12,30/12/2022 16:12
KB_23_42928_42,Female,Killingbeck,2023,30/12/2022,19:14:17,-67.570703,-68.06951,30/12/2022 19:14,30/12/2022 16:14
KB_23_42928_42,Female,Killingbeck,2023,30/12/2022,19:16:17,-67.570735,-68.06941,30/12/2022 19:16,30/12/2022 16:16
KB_23_42928_42,Female,Killingbeck,2023,30/12/2022,19:18:15,-67.570766,-68.06939,30/12/2022 19:18,30/12/2022 16:18
KB_23_42928_42,Female,Killingbeck,2023,30/12/2022,19:20:14,-67.570749,-68.069363,30/12/2022 19:20,30/12/2022 16:20
KB_23_42928_42,Female,Killingbeck,2023,30/12/2022,19:22:16,-67.570702,-68.069548,30/12/2022 19:22,30/12/2022 16:22
KB_23_42928_42,Female,Killingbeck,2023,30/12/2022,19:24:13,-67.570694,-68.06924,30/12/2022 19:24,30/12/2022 16:24
KB_23_42928_42,Female,Killingbeck,2023,30/12/2022,19:26:13,-67.570781,-68.069433,30/12/2022 19:26,30/12/2022 16:26
KB_23_42928_42,Female,Killingbeck,2023,30/12/2022,19:28:12,-67.57073,-68.069322,30/12/2022 19:28,30/12/2022 16:28
KB_23_42928_42,Female,Killingbeck,2023,30/12/2022,19:30:29,-67.570761,-68.069459,30/12/2022 19:30,30/12/2022 16:30
KB_23_42928_42,Female,Killingbeck,2023,30/12/2022,19:32:28,-67.57071,-68.069527,30/12/2022 19:32,30/12/2022 16:32
KB_23_42928_42,Female,Killingbeck,2023,30/12/2022,19:34:29,-67.570825,-68.069467,30/12/2022 19:34,30/12/2022 16:34
KB_23_42928_42,Female,Killingbeck,2023,30/12/2022,19:36:28,-67.571039,-68.069189,30/12/2022 19:36,30/12/2022 16:36
KB_23_42928_42,Female,Killingbeck,2023,30/12/2022,19:38:25,-67.570783,-68.06944,30/12/2022 19:38,30/12/2022 16:38
KB_23_42928_42,Female,Killingbeck,2023,30/12/2022,19:40:25,-67.570831,-68.069349,30/12/2022 19:40,30/12/2022 16:40
KB_23_42928_42,Female,Killingbeck,2023,30/12/2022,19:42:23,-67.57075,-68.069562,30/12/2022 19:42,30/12/2022 16:42
KB_23_42928_42,Female,Killingbeck,2023,30/12/2022,19:44:23,-67.570756,-68.069803,30/12/2022 19:44,30/12/2022 16:44
KB_23_42928_42,Female,Killingbeck,2023,30/12/2022,19:46:21,-67.570788,-68.069769,30/12/2022 19:46,30/12/2022 16:46
KB_23_42928_42,Female,Killingbeck,2023,30/12/2022,19:48:29,-67.57096,-68.070139,30/12/2022 19:48,30/12/2022 16:48
KB_23_42928_42,Female,Killingbeck,2023,30/12/2022,19:50:21,-67.570683,-68.069523,30/12/2022 19:50,30/12/2022 16:50
KB_23_42928_42,Female,Killingbeck,2023,30/12/2022,19:52:20,-67.570588,-68.069274,30/12/2022 19:52,30/12/2022 16:52
KB_23_42928_42,Female,Killingbeck,2023,30/12/2022,19:54:19,-67.570705,-68.069544,30/12/2022 19:54,30/12/2022 16:54
KB_23_42928_42,Female,Killingbeck,2023,30/12/2022,19:56:18,-67.570365,-68.069325,30/12/2022 19:56,30/12/2022 16:56
KB_23_42928_42,Female,Killingbeck,2023,30/12/2022,19:58:17,-67.570702,-68.069678,30/12/2022 19:58,30/12/2022 16:58
KB_23_42928_42,Female,Killingbeck,2023,30/12/2022,20:01:05,-67.570698,-68.069742,30/12/2022 20:01,30/12/2022 17:01
KB_23_42928_42,Female,Killingbeck,2023,30/12/2022,20:03:05,-67.570664,-68.069638,30/12/2022 20:03,30/12/2022 17:03
KB_23_42928_42,Female,Killingbeck,2023,30/12/2022,20:04:52,-67.570705,-68.069377,30/12/2022 20:04,30/12/2022 17:04
KB_23_42928_42,Female,Killingbeck,2023,30/12/2022,20:06:52,-67.570591,-68.069346,30/12/2022 20:06,30/12/2022 17:06
KB_23_42928_42,Female,Killingbeck,2023,30/12/2022,20:08:50,-67.570742,-68.069513,30/12/2022 20:08,30/12/2022 17:08
KB_23_42928_42,Female,Killingbeck,2023,30/12/2022,20:10:49,-67.570652,-68.069228,30/12/2022 20:10,30/12/2022 17:10
KB_23_42928_42,Female,Killingbeck,2023,30/12/2022,20:12:48,-67.570792,-68.069802,30/12/2022 20:12,30/12/2022 17:12
KB_23_42928_42,Female,Killingbeck,2023,30/12/2022,20:14:47,-67.570672,-68.069545,30/12/2022 20:14,30/12/2022 17:14
KB_23_42928_42,Female,Killingbeck,2023,30/12/2022,20:16:48,-67.570681,-68.069603,30/12/2022 20:16,30/12/2022 17:16
KB_23_42928_42,Female,Killingbeck,2023,30/12/2022,20:18:48,-67.570747,-68.069469,30/12/2022 20:18,30/12/2022 17:18
KB_23_42928_42,Female,Killingbeck,2023,30/12/2022,20:20:46,-67.571013,-68.069308,30/12/2022 20:20,30/12/2022 17:20
KB_23_42928_42,Female,Killingbeck,2023,30/12/2022,20:22:46,-67.570876,-68.069398,30/12/2022 20:22,30/12/2022 17:22
KB_23_42928_42,Female,Killingbeck,2023,30/12/2022,20:24:46,-67.570847,-68.069391,30/12/2022 20:24,30/12/2022 17:24
KB_23_42928_42,Female,Killingbeck,2023,30/12/2022,20:26:46,-67.570815,-68.069438,30/12/2022 20:26,30/12/2022 17:26
KB_23_42928_42,Female,Killingbeck,2023,30/12/2022,20:29:01,-67.570768,-68.069496,30/12/2022 20:29,30/12/2022 17:29
KB_23_42928_42,Female,Killingbeck,2023,30/12/2022,20:30:59,-67.57061,-68.06947,30/12/2022 20:30,30/12/2022 17:30
KB_23_42928_42,Female,Killingbeck,2023,30/12/2022,20:32:56,-67.570706,-68.069491,30/12/2022 20:32,30/12/2022 17:32
KB_23_42928_42,Female,Killingbeck,2023,30/12/2022,20:34:57,-67.5707,-68.069465,30/12/2022 20:34,30/12/2022 17:34
KB_23_42928_42,Female,Killingbeck,2023,30/12/2022,20:36:54,-67.570715,-68.069421,30/12/2022 20:36,30/12/2022 17:36
KB_23_42928_42,Female,Killingbeck,2023,30/12/2022,20:38:53,-67.570711,-68.069477,30/12/2022 20:38,30/12/2022 17:38
KB_23_42928_42,Female,Killingbeck,2023,30/12/2022,20:40:52,-67.570701,-68.069437,30/12/2022 20:40,30/12/2022 17:40
KB_23_42928_42,Female,Killingbeck,2023,30/12/2022,20:42:51,-67.570684,-68.069574,30/12/2022 20:42,30/12/2022 17:42
KB_23_42928_42,Female,Killingbeck,2023,30/12/2022,20:44:51,-67.570693,-68.06946,30/12/2022 20:44,30/12/2022 17:44
KB_23_42928_42,Female,Killingbeck,2023,30/12/2022,20:46:48,-67.57068,-68.069358,30/12/2022 20:46,30/12/2022 17:46
KB_23_42928_42,Female,Killingbeck,2023,30/12/2022,20:48:47,-67.570723,-68.069343,30/12/2022 20:48,30/12/2022 17:48
KB_23_42928_42,Female,Killingbeck,2023,30/12/2022,20:50:46,-67.570708,-68.06944,30/12/2022 20:50,30/12/2022 17:50
KB_23_42928_42,Female,Killingbeck,2023,30/12/2022,20:52:46,-67.570603,-68.069361,30/12/2022 20:52,30/12/2022 17:52
KB_23_42928_42,Female,Killingbeck,2023,30/12/2022,20:54:45,-67.570747,-68.069479,30/12/2022 20:54,30/12/2022 17:54
KB_23_42928_42,Female,Killingbeck,2023,30/12/2022,20:56:44,-67.570744,-68.069251,30/12/2022 20:56,30/12/2022 17:56
KB_23_42928_42,Female,Killingbeck,2023,30/12/2022,20:58:38,-67.570696,-68.069323,30/12/2022 20:58,30/12/2022 17:58
KB_23_42928_42,Female,Killingbeck,2023,30/12/2022,21:00:37,-67.57068,-68.069516,30/12/2022 21:00,30/12/2022 18:00
KB_23_42928_42,Female,Killingbeck,2023,30/12/2022,21:02:36,-67.570669,-68.069455,30/12/2022 21:02,30/12/2022 18:02
KB_23_42928_42,Female,Killingbeck,2023,30/12/2022,21:04:35,-67.57071,-68.069445,30/12/2022 21:04,30/12/2022 18:04
KB_23_42928_42,Female,Killingbeck,2023,30/12/2022,21:06:34,-67.570704,-68.069439,30/12/2022 21:06,30/12/2022 18:06
KB_23_42928_42,Female,Killingbeck,2023,30/12/2022,21:08:33,-67.57069,-68.069409,30/12/2022 21:08,30/12/2022 18:08
KB_23_42928_42,Female,Killingbeck,2023,30/12/2022,21:10:32,-67.570705,-68.069409,30/12/2022 21:10,30/12/2022 18:10
KB_23_42928_42,Female,Killingbeck,2023,30/12/2022,21:12:31,-67.570721,-68.06937,30/12/2022 21:12,30/12/2022 18:12
KB_23_42928_42,Female,Killingbeck,2023,30/12/2022,21:14:30,-67.570697,-68.069382,30/12/2022 21:14,30/12/2022 18:14
KB_23_42928_42,Female,Killingbeck,2023,30/12/2022,21:16:29,-67.570731,-68.069416,30/12/2022 21:16,30/12/2022 18:16
KB_23_42928_42,Female,Killingbeck,2023,30/12/2022,21:18:29,-67.570749,-68.069478,30/12/2022 21:18,30/12/2022 18:18
KB_23_42928_42,Female,Killingbeck,2023,30/12/2022,21:20:28,-67.5707,-68.069278,30/12/2022 21:20,30/12/2022 18:20
KB_23_42928_42,Female,Killingbeck,2023,30/12/2022,21:22:27,-67.570783,-68.069489,30/12/2022 21:22,30/12/2022 18:22
KB_23_42928_42,Female,Killingbeck,2023,30/12/2022,21:24:27,-67.570699,-68.069395,30/12/2022 21:24,30/12/2022 18:24
KB_23_42928_42,Female,Killingbeck,2023,30/12/2022,21:26:26,-67.570788,-68.069534,30/12/2022 21:26,30/12/2022 18:26
KB_23_42928_42,Female,Killingbeck,2023,30/12/2022,21:28:25,-67.570699,-68.069423,30/12/2022 21:28,30/12/2022 18:28
KB_23_42928_42,Female,Killingbeck,2023,30/12/2022,21:30:26,-67.570483,-68.069201,30/12/2022 21:30,30/12/2022 18:30
KB_23_42928_42,Female,Killingbeck,2023,30/12/2022,21:32:23,-67.570652,-68.069346,30/12/2022 21:32,30/12/2022 18:32
KB_23_42928_42,Female,Killingbeck,2023,30/12/2022,21:34:22,-67.570712,-68.069419,30/12/2022 21:34,30/12/2022 18:34
KB_23_42928_42,Female,Killingbeck,2023,30/12/2022,21:36:21,-67.570727,-68.06934,30/12/2022 21:36,30/12/2022 18:36
KB_23_42928_42,Female,Killingbeck,2023,30/12/2022,21:38:20,-67.570714,-68.069312,30/12/2022 21:38,30/12/2022 18:38
KB_23_42928_42,Female,Killingbeck,2023,30/12/2022,21:40:19,-67.570693,-68.069343,30/12/2022 21:40,30/12/2022 18:40
KB_23_42928_42,Female,Killingbeck,2023,30/12/2022,21:42:17,-67.570677,-68.069257,30/12/2022 21:42,30/12/2022 18:42
KB_23_42928_42,Female,Killingbeck,2023,30/12/2022,21:44:16,-67.570646,-68.069406,30/12/2022 21:44,30/12/2022 18:44
KB_23_42928_42,Female,Killingbeck,2023,30/12/2022,21:46:15,-67.570666,-68.069331,30/12/2022 21:46,30/12/2022 18:46
KB_23_42928_42,Female,Killingbeck,2023,30/12/2022,21:48:14,-67.570665,-68.069312,30/12/2022 21:48,30/12/2022 18:48
KB_23_42928_42,Female,Killingbeck,2023,30/12/2022,21:50:14,-67.570681,-68.069406,30/12/2022 21:50,30/12/2022 18:50
KB_23_42928_42,Female,Killingbeck,2023,30/12/2022,21:52:13,-67.570674,-68.069378,30/12/2022 21:52,30/12/2022 18:52
KB_23_42928_42,Female,Killingbeck,2023,30/12/2022,21:54:12,-67.570678,-68.069365,30/12/2022 21:54,30/12/2022 18:54
KB_23_42928_42,Female,Killingbeck,2023,30/12/2022,21:56:11,-67.570708,-68.069371,30/12/2022 21:56,30/12/2022 18:56
KB_23_42928_42,Female,Killingbeck,2023,30/12/2022,21:58:10,-67.57067,-68.069368,30/12/2022 21:58,30/12/2022 18:58
KB_23_42928_42,Female,Killingbeck,2023,30/12/2022,22:00:09,-67.570671,-68.069413,30/12/2022 22:00,30/12/2022 19:00
KB_23_42928_42,Female,Killingbeck,2023,30/12/2022,22:02:08,-67.570716,-68.069451,30/12/2022 22:02,30/12/2022 19:02
KB_23_42928_42,Female,Killingbeck,2023,30/12/2022,22:04:07,-67.570671,-68.069314,30/12/2022 22:04,30/12/2022 19:04
KB_23_42928_42,Female,Killingbeck,2023,30/12/2022,22:06:06,-67.570684,-68.06935,30/12/2022 22:06,30/12/2022 19:06
KB_23_42928_42,Female,Killingbeck,2023,30/12/2022,22:08:05,-67.570715,-68.069439,30/12/2022 22:08,30/12/2022 19:08
KB_23_42928_42,Female,Killingbeck,2023,30/12/2022,22:10:05,-67.570619,-68.069371,30/12/2022 22:10,30/12/2022 19:10
KB_23_42928_42,Female,Killingbeck,2023,30/12/2022,22:12:03,-67.570657,-68.069361,30/12/2022 22:12,30/12/2022 19:12
KB_23_42928_42,Female,Killingbeck,2023,30/12/2022,22:14:02,-67.570685,-68.069238,30/12/2022 22:14,30/12/2022 19:14
KB_23_42928_42,Female,Killingbeck,2023,30/12/2022,22:16:01,-67.570683,-68.069372,30/12/2022 22:16,30/12/2022 19:16
KB_23_42928_42,Female,Killingbeck,2023,30/12/2022,22:18:00,-67.57069,-68.06932,30/12/2022 22:18,30/12/2022 19:18
KB_23_42928_42,Female,Killingbeck,2023,30/12/2022,22:20:00,-67.570687,-68.069615,30/12/2022 22:20,30/12/2022 19:20
KB_23_42928_42,Female,Killingbeck,2023,30/12/2022,22:21:59,-67.570705,-68.069329,30/12/2022 22:21,30/12/2022 19:21
KB_23_42928_42,Female,Killingbeck,2023,30/12/2022,22:23:58,-67.570676,-68.06936,30/12/2022 22:23,30/12/2022 19:23
KB_23_42928_42,Female,Killingbeck,2023,30/12/2022,22:25:58,-67.57069,-68.069386,30/12/2022 22:25,30/12/2022 19:25
KB_23_42928_42,Female,Killingbeck,2023,30/12/2022,22:27:57,-67.570677,-68.06931,30/12/2022 22:27,30/12/2022 19:27
KB_23_42928_42,Female,Killingbeck,2023,30/12/2022,22:29:55,-67.570704,-68.069419,30/12/2022 22:29,30/12/2022 19:29
KB_23_42928_42,Female,Killingbeck,2023,30/12/2022,22:31:56,-67.570773,-68.069355,30/12/2022 22:31,30/12/2022 19:31
KB_23_42928_42,Female,Killingbeck,2023,30/12/2022,22:33:54,-67.57082,-68.069369,30/12/2022 22:33,30/12/2022 19:33
KB_23_42928_42,Female,Killingbeck,2023,30/12/2022,22:35:53,-67.570733,-68.069673,30/12/2022 22:35,30/12/2022 19:35
KB_23_42928_42,Female,Killingbeck,2023,30/12/2022,22:37:51,-67.570696,-68.06939,30/12/2022 22:37,30/12/2022 19:37
KB_23_42928_42,Female,Killingbeck,2023,30/12/2022,22:39:50,-67.570662,-68.069314,30/12/2022 22:39,30/12/2022 19:39
KB_23_42928_42,Female,Killingbeck,2023,30/12/2022,22:41:49,-67.570706,-68.069556,30/12/2022 22:41,30/12/2022 19:41
KB_23_42928_42,Female,Killingbeck,2023,30/12/2022,22:43:49,-67.570815,-68.069561,30/12/2022 22:43,30/12/2022 19:43
KB_23_42928_42,Female,Killingbeck,2023,30/12/2022,22:45:47,-67.570691,-68.069404,30/12/2022 22:45,30/12/2022 19:45
KB_23_42928_42,Female,Killingbeck,2023,30/12/2022,22:47:47,-67.570678,-68.069338,30/12/2022 22:47,30/12/2022 19:47
KB_23_42928_42,Female,Killingbeck,2023,30/12/2022,22:49:45,-67.570739,-68.069542,30/12/2022 22:49,30/12/2022 19:49
KB_23_42928_42,Female,Killingbeck,2023,30/12/2022,22:51:45,-67.570659,-68.069363,30/12/2022 22:51,30/12/2022 19:51
KB_23_42928_42,Female,Killingbeck,2023,30/12/2022,22:53:45,-67.570812,-68.069171,30/12/2022 22:53,30/12/2022 19:53
KB_23_42928_42,Female,Killingbeck,2023,30/12/2022,22:55:46,-67.570817,-68.068793,30/12/2022 22:55,30/12/2022 19:55
KB_23_42928_42,Female,Killingbeck,2023,30/12/2022,22:57:45,-67.570748,-68.068667,30/12/2022 22:57,30/12/2022 19:57
KB_23_42928_42,Female,Killingbeck,2023,30/12/2022,22:59:42,-67.570747,-68.06937,30/12/2022 22:59,30/12/2022 19:59
KB_23_42928_42,Female,Killingbeck,2023,30/12/2022,23:01:43,-67.570845,-68.068969,30/12/2022 23:01,30/12/2022 20:01
KB_23_42928_42,Female,Killingbeck,2023,30/12/2022,23:03:40,-67.570775,-68.069455,30/12/2022 23:03,30/12/2022 20:03
KB_23_42928_42,Female,Killingbeck,2023,30/12/2022,23:05:39,-67.570766,-68.069426,30/12/2022 23:05,30/12/2022 20:05
KB_23_42928_42,Female,Killingbeck,2023,30/12/2022,23:07:38,-67.57075,-68.069436,30/12/2022 23:07,30/12/2022 20:07
KB_23_42928_42,Female,Killingbeck,2023,30/12/2022,23:09:39,-67.570646,-68.069326,30/12/2022 23:09,30/12/2022 20:09
KB_23_42928_42,Female,Killingbeck,2023,30/12/2022,23:11:38,-67.570786,-68.069617,30/12/2022 23:11,30/12/2022 20:11
KB_23_42928_42,Female,Killingbeck,2023,30/12/2022,23:13:37,-67.57063,-68.069453,30/12/2022 23:13,30/12/2022 20:13
KB_23_42928_42,Female,Killingbeck,2023,30/12/2022,23:15:36,-67.570762,-68.069549,30/12/2022 23:15,30/12/2022 20:15
KB_23_42928_42,Female,Killingbeck,2023,30/12/2022,23:17:33,-67.570742,-68.069405,30/12/2022 23:17,30/12/2022 20:17
KB_23_42928_42,Female,Killingbeck,2023,30/12/2022,23:19:32,-67.570731,-68.069466,30/12/2022 23:19,30/12/2022 20:19
KB_23_42928_42,Female,Killingbeck,2023,30/12/2022,23:21:31,-67.570772,-68.069415,30/12/2022 23:21,30/12/2022 20:21
KB_23_42928_42,Female,Killingbeck,2023,30/12/2022,23:23:29,-67.570733,-68.069435,30/12/2022 23:23,30/12/2022 20:23
KB_23_42928_42,Female,Killingbeck,2023,30/12/2022,23:25:29,-67.570714,-68.069553,30/12/2022 23:25,30/12/2022 20:25
KB_23_42928_42,Female,Killingbeck,2023,30/12/2022,23:27:28,-67.57069,-68.069439,30/12/2022 23:27,30/12/2022 20:27
KB_23_42928_42,Female,Killingbeck,2023,30/12/2022,23:29:28,-67.570759,-68.069445,30/12/2022 23:29,30/12/2022 20:29
KB_23_42928_42,Female,Killingbeck,2023,30/12/2022,23:31:26,-67.570777,-68.069472,30/12/2022 23:31,30/12/2022 20:31
KB_23_42928_42,Female,Killingbeck,2023,30/12/2022,23:33:26,-67.570758,-68.069376,30/12/2022 23:33,30/12/2022 20:33
KB_23_42928_42,Female,Killingbeck,2023,30/12/2022,23:35:24,-67.57073,-68.069357,30/12/2022 23:35,30/12/2022 20:35
KB_23_42928_42,Female,Killingbeck,2023,30/12/2022,23:37:23,-67.570679,-68.069616,30/12/2022 23:37,30/12/2022 20:37
KB_23_42928_42,Female,Killingbeck,2023,30/12/2022,23:39:23,-67.570729,-68.069411,30/12/2022 23:39,30/12/2022 20:39
KB_23_42928_42,Female,Killingbeck,2023,30/12/2022,23:41:21,-67.570747,-68.069629,30/12/2022 23:41,30/12/2022 20:41
KB_23_42928_42,Female,Killingbeck,2023,30/12/2022,23:43:20,-67.570691,-68.069718,30/12/2022 23:43,30/12/2022 20:43
KB_23_42928_42,Female,Killingbeck,2023,30/12/2022,23:45:19,-67.570754,-68.069611,30/12/2022 23:45,30/12/2022 20:45
KB_23_42928_42,Female,Killingbeck,2023,30/12/2022,23:47:18,-67.570729,-68.069577,30/12/2022 23:47,30/12/2022 20:47
KB_23_42928_42,Female,Killingbeck,2023,30/12/2022,23:49:20,-67.570687,-68.069637,30/12/2022 23:49,30/12/2022 20:49
KB_23_42928_42,Female,Killingbeck,2023,30/12/2022,23:51:18,-67.570703,-68.069654,30/12/2022 23:51,30/12/2022 20:51
KB_23_42928_42,Female,Killingbeck,2023,30/12/2022,23:53:16,-67.570683,-68.069472,30/12/2022 23:53,30/12/2022 20:53
KB_23_42928_42,Female,Killingbeck,2023,30/12/2022,23:55:15,-67.570711,-68.069663,30/12/2022 23:55,30/12/2022 20:55
KB_23_42928_42,Female,Killingbeck,2023,30/12/2022,23:57:15,-67.570656,-68.069373,30/12/2022 23:57,30/12/2022 20:57
KB_23_42928_42,Female,Killingbeck,2023,30/12/2022,23:59:13,-67.570733,-68.069475,30/12/2022 23:59,30/12/2022 20:59
KB_23_42928_42,Female,Killingbeck,2023,31/12/2022,00:01:12,-67.570691,-68.069396,31/12/2022 00:01,30/12/2022 21:01
KB_23_42928_42,Female,Killingbeck,2023,31/12/2022,00:03:12,-67.570768,-68.069336,31/12/2022 00:03,30/12/2022 21:03
KB_23_42928_42,Female,Killingbeck,2023,31/12/2022,00:05:10,-67.570774,-68.069373,31/12/2022 00:05,30/12/2022 21:05
KB_23_42928_42,Female,Killingbeck,2023,31/12/2022,00:07:09,-67.570729,-68.06943,31/12/2022 00:07,30/12/2022 21:07
KB_23_42928_42,Female,Killingbeck,2023,31/12/2022,00:09:09,-67.570744,-68.069487,31/12/2022 00:09,30/12/2022 21:09
KB_23_42928_42,Female,Killingbeck,2023,31/12/2022,00:11:08,-67.57069,-68.069547,31/12/2022 00:11,30/12/2022 21:11
KB_23_42928_42,Female,Killingbeck,2023,31/12/2022,00:13:07,-67.570627,-68.069355,31/12/2022 00:13,30/12/2022 21:13
KB_23_42928_42,Female,Killingbeck,2023,31/12/2022,00:15:05,-67.570642,-68.069449,31/12/2022 00:15,30/12/2022 21:15
KB_23_42928_42,Female,Killingbeck,2023,31/12/2022,00:17:05,-67.570678,-68.06935,31/12/2022 00:17,30/12/2022 21:17
KB_23_42928_42,Female,Killingbeck,2023,31/12/2022,00:19:03,-67.570646,-68.069342,31/12/2022 00:19,30/12/2022 21:19
KB_23_42928_42,Female,Killingbeck,2023,31/12/2022,00:21:03,-67.570664,-68.069472,31/12/2022 00:21,30/12/2022 21:21
KB_23_42928_42,Female,Killingbeck,2023,31/12/2022,00:23:05,-67.570751,-68.069744,31/12/2022 00:23,30/12/2022 21:23
KB_23_42928_42,Female,Killingbeck,2023,31/12/2022,00:25:02,-67.570666,-68.069384,31/12/2022 00:25,30/12/2022 21:25
KB_23_42928_42,Female,Killingbeck,2023,31/12/2022,00:27:01,-67.570633,-68.069235,31/12/2022 00:27,30/12/2022 21:27
KB_23_42928_42,Female,Killingbeck,2023,31/12/2022,00:29:00,-67.570698,-68.069559,31/12/2022 00:29,30/12/2022 21:29
KB_23_42928_42,Female,Killingbeck,2023,31/12/2022,00:31:05,-67.57038,-68.068954,31/12/2022 00:31,30/12/2022 21:31
KB_23_42928_42,Female,Killingbeck,2023,31/12/2022,00:33:05,-67.570681,-68.069403,31/12/2022 00:33,30/12/2022 21:33
KB_23_42928_42,Female,Killingbeck,2023,31/12/2022,00:35:04,-67.570796,-68.069351,31/12/2022 00:35,30/12/2022 21:35
KB_23_42928_42,Female,Killingbeck,2023,31/12/2022,00:37:00,-67.570743,-68.069616,31/12/2022 00:37,30/12/2022 21:37
KB_23_42928_42,Female,Killingbeck,2023,31/12/2022,00:38:57,-67.570727,-68.069445,31/12/2022 00:38,30/12/2022 21:38
KB_23_42928_42,Female,Killingbeck,2023,31/12/2022,00:40:58,-67.57075,-68.069517,31/12/2022 00:40,30/12/2022 21:40
KB_23_42928_42,Female,Killingbeck,2023,31/12/2022,00:42:57,-67.570727,-68.069298,31/12/2022 00:42,30/12/2022 21:42
KB_23_42928_42,Female,Killingbeck,2023,31/12/2022,00:44:56,-67.570811,-68.069401,31/12/2022 00:44,30/12/2022 21:44
KB_23_42928_42,Female,Killingbeck,2023,31/12/2022,00:46:53,-67.570687,-68.069396,31/12/2022 00:46,30/12/2022 21:46
KB_23_42928_42,Female,Killingbeck,2023,31/12/2022,00:48:52,-67.570702,-68.069394,31/12/2022 00:48,30/12/2022 21:48
KB_23_42928_42,Female,Killingbeck,2023,31/12/2022,00:50:51,-67.570607,-68.069474,31/12/2022 00:50,30/12/2022 21:50
KB_23_42928_42,Female,Killingbeck,2023,31/12/2022,00:52:53,-67.570611,-68.069425,31/12/2022 00:52,30/12/2022 21:52
KB_23_42928_42,Female,Killingbeck,2023,31/12/2022,00:54:50,-67.570661,-68.069391,31/12/2022 00:54,30/12/2022 21:54
KB_23_42928_42,Female,Killingbeck,2023,31/12/2022,00:56:51,-67.570545,-68.069798,31/12/2022 00:56,30/12/2022 21:56
KB_23_42928_42,Female,Killingbeck,2023,31/12/2022,00:58:48,-67.57072,-68.069425,31/12/2022 00:58,30/12/2022 21:58
KB_23_42928_42,Female,Killingbeck,2023,31/12/2022,01:00:46,-67.570734,-68.069445,31/12/2022 01:00,30/12/2022 22:00
KB_23_42928_42,Female,Killingbeck,2023,31/12/2022,01:02:45,-67.570703,-68.069419,31/12/2022 01:02,30/12/2022 22:02
KB_23_42928_42,Female,Killingbeck,2023,31/12/2022,01:04:47,-67.570401,-68.070275,31/12/2022 01:04,30/12/2022 22:04
KB_23_42928_42,Female,Killingbeck,2023,31/12/2022,01:06:44,-67.570724,-68.069368,31/12/2022 01:06,30/12/2022 22:06
KB_23_42928_42,Female,Killingbeck,2023,31/12/2022,01:08:42,-67.57071,-68.069404,31/12/2022 01:08,30/12/2022 22:08
KB_23_42928_42,Female,Killingbeck,2023,31/12/2022,01:10:42,-67.570652,-68.069444,31/12/2022 01:10,30/12/2022 22:10
KB_23_42928_42,Female,Killingbeck,2023,31/12/2022,01:12:41,-67.570666,-68.069401,31/12/2022 01:12,30/12/2022 22:12
KB_23_42928_42,Female,Killingbeck,2023,31/12/2022,01:14:40,-67.570707,-68.069359,31/12/2022 01:14,30/12/2022 22:14
KB_23_42928_42,Female,Killingbeck,2023,31/12/2022,01:16:41,-67.570432,-68.069892,31/12/2022 01:16,30/12/2022 22:16
KB_23_42928_42,Female,Killingbeck,2023,31/12/2022,01:18:37,-67.570767,-68.069385,31/12/2022 01:18,30/12/2022 22:18
KB_23_42928_42,Female,Killingbeck,2023,31/12/2022,01:20:38,-67.57075,-68.069417,31/12/2022 01:20,30/12/2022 22:20
KB_23_42928_42,Female,Killingbeck,2023,31/12/2022,01:22:36,-67.570704,-68.069371,31/12/2022 01:22,30/12/2022 22:22
KB_23_42928_42,Female,Killingbeck,2023,31/12/2022,01:24:36,-67.570708,-68.069335,31/12/2022 01:24,30/12/2022 22:24
KB_23_42928_42,Female,Killingbeck,2023,31/12/2022,01:26:35,-67.570722,-68.069392,31/12/2022 01:26,30/12/2022 22:26
KB_23_42928_42,Female,Killingbeck,2023,31/12/2022,01:28:34,-67.570639,-68.069167,31/12/2022 01:28,30/12/2022 22:28
KB_23_42928_42,Female,Killingbeck,2023,31/12/2022,01:30:33,-67.570732,-68.069416,31/12/2022 01:30,30/12/2022 22:30
KB_23_42928_42,Female,Killingbeck,2023,31/12/2022,01:32:34,-67.570589,-68.069513,31/12/2022 01:32,30/12/2022 22:32
KB_23_42928_42,Female,Killingbeck,2023,31/12/2022,01:34:30,-67.57081,-68.069466,31/12/2022 01:34,30/12/2022 22:34
KB_23_42928_42,Female,Killingbeck,2023,31/12/2022,01:36:29,-67.570751,-68.069441,31/12/2022 01:36,30/12/2022 22:36
KB_23_42928_42,Female,Killingbeck,2023,31/12/2022,01:38:31,-67.570642,-68.069496,31/12/2022 01:38,30/12/2022 22:38
KB_23_42928_42,Female,Killingbeck,2023,31/12/2022,01:40:30,-67.570471,-68.069496,31/12/2022 01:40,30/12/2022 22:40
KB_23_42928_42,Female,Killingbeck,2023,31/12/2022,01:42:33,-67.570663,-68.069437,31/12/2022 01:42,30/12/2022 22:42
KB_23_42928_42,Female,Killingbeck,2023,31/12/2022,01:44:41,-67.570732,-68.069434,31/12/2022 01:44,30/12/2022 22:44
KB_23_42928_42,Female,Killingbeck,2023,31/12/2022,01:46:27,-67.57078,-68.06956,31/12/2022 01:46,30/12/2022 22:46
KB_23_42928_42,Female,Killingbeck,2023,31/12/2022,01:48:26,-67.570707,-68.069399,31/12/2022 01:48,30/12/2022 22:48
KB_23_42928_42,Female,Killingbeck,2023,31/12/2022,01:50:25,-67.570688,-68.0693,31/12/2022 01:50,30/12/2022 22:50
KB_23_42928_42,Female,Killingbeck,2023,31/12/2022,01:52:25,-67.570761,-68.069427,31/12/2022 01:52,30/12/2022 22:52
KB_23_42928_42,Female,Killingbeck,2023,31/12/2022,01:54:23,-67.570726,-68.069501,31/12/2022 01:54,30/12/2022 22:54
KB_23_42928_42,Female,Killingbeck,2023,31/12/2022,01:56:23,-67.570738,-68.069508,31/12/2022 01:56,30/12/2022 22:56
KB_23_42928_42,Female,Killingbeck,2023,31/12/2022,01:58:21,-67.570747,-68.069482,31/12/2022 01:58,30/12/2022 22:58
KB_23_42928_42,Female,Killingbeck,2023,31/12/2022,02:00:21,-67.570715,-68.069411,31/12/2022 02:00,30/12/2022 23:00
KB_23_42928_42,Female,Killingbeck,2023,31/12/2022,02:02:20,-67.570788,-68.069488,31/12/2022 02:02,30/12/2022 23:02
KB_23_42928_42,Female,Killingbeck,2023,31/12/2022,02:04:19,-67.570802,-68.06957,31/12/2022 02:04,30/12/2022 23:04
KB_23_42928_42,Female,Killingbeck,2023,31/12/2022,02:06:18,-67.570815,-68.069786,31/12/2022 02:06,30/12/2022 23:06
KB_23_42928_42,Female,Killingbeck,2023,31/12/2022,02:08:16,-67.570796,-68.069473,31/12/2022 02:08,30/12/2022 23:08
KB_23_42928_42,Female,Killingbeck,2023,31/12/2022,02:10:15,-67.570836,-68.069411,31/12/2022 02:10,30/12/2022 23:10
KB_23_42928_42,Female,Killingbeck,2023,31/12/2022,02:12:15,-67.570841,-68.069599,31/12/2022 02:12,30/12/2022 23:12
KB_23_42928_42,Female,Killingbeck,2023,31/12/2022,02:14:14,-67.570784,-68.069404,31/12/2022 02:14,30/12/2022 23:14
KB_23_42928_42,Female,Killingbeck,2023,31/12/2022,02:16:13,-67.570774,-68.069462,31/12/2022 02:16,30/12/2022 23:16
KB_23_42928_42,Female,Killingbeck,2023,31/12/2022,02:18:14,-67.570385,-68.070988,31/12/2022 02:18,30/12/2022 23:18
KB_23_42928_42,Female,Killingbeck,2023,31/12/2022,02:20:19,-67.570763,-68.069553,31/12/2022 02:20,30/12/2022 23:20
KB_23_42928_42,Female,Killingbeck,2023,31/12/2022,02:22:11,-67.570818,-68.069398,31/12/2022 02:22,30/12/2022 23:22
KB_23_42928_42,Female,Killingbeck,2023,31/12/2022,02:24:11,-67.570822,-68.069388,31/12/2022 02:24,30/12/2022 23:24
KB_23_42928_42,Female,Killingbeck,2023,31/12/2022,02:26:20,-67.570789,-68.069346,31/12/2022 02:26,30/12/2022 23:26
KB_23_42928_42,Female,Killingbeck,2023,31/12/2022,02:28:12,-67.570776,-68.069482,31/12/2022 02:28,30/12/2022 23:28
KB_23_42928_42,Female,Killingbeck,2023,31/12/2022,02:30:11,-67.57084,-68.069459,31/12/2022 02:30,30/12/2022 23:30
KB_23_42928_42,Female,Killingbeck,2023,31/12/2022,02:32:10,-67.570809,-68.069371,31/12/2022 02:32,30/12/2022 23:32
KB_23_42928_42,Female,Killingbeck,2023,31/12/2022,02:34:09,-67.570799,-68.069449,31/12/2022 02:34,30/12/2022 23:34
KB_23_42928_42,Female,Killingbeck,2023,31/12/2022,02:36:08,-67.570807,-68.069491,31/12/2022 02:36,30/12/2022 23:36
KB_23_42928_42,Female,Killingbeck,2023,31/12/2022,02:38:07,-67.570814,-68.06936,31/12/2022 02:38,30/12/2022 23:38
KB_23_42928_42,Female,Killingbeck,2023,31/12/2022,02:40:06,-67.570816,-68.069477,31/12/2022 02:40,30/12/2022 23:40
KB_23_42928_42,Female,Killingbeck,2023,31/12/2022,02:42:03,-67.570784,-68.069454,31/12/2022 02:42,30/12/2022 23:42
KB_23_42928_42,Female,Killingbeck,2023,31/12/2022,02:44:01,-67.570765,-68.069696,31/12/2022 02:44,30/12/2022 23:44
KB_23_42928_42,Female,Killingbeck,2023,31/12/2022,02:46:01,-67.570808,-68.069642,31/12/2022 02:46,30/12/2022 23:46
KB_23_42928_42,Female,Killingbeck,2023,31/12/2022,02:48:07,-67.57114,-68.069791,31/12/2022 02:48,30/12/2022 23:48
KB_23_42928_42,Female,Killingbeck,2023,31/12/2022,02:50:08,-67.570843,-68.069969,31/12/2022 02:50,30/12/2022 23:50
KB_23_42928_42,Female,Killingbeck,2023,31/12/2022,02:52:02,-67.570748,-68.069556,31/12/2022 02:52,30/12/2022 23:52
KB_23_42928_42,Female,Killingbeck,2023,31/12/2022,02:54:02,-67.570798,-68.069575,31/12/2022 02:54,30/12/2022 23:54
KB_23_42928_42,Female,Killingbeck,2023,31/12/2022,02:55:58,-67.570731,-68.069459,31/12/2022 02:55,30/12/2022 23:55
KB_23_42928_42,Female,Killingbeck,2023,31/12/2022,02:58:00,-67.570574,-68.069167,31/12/2022 02:58,30/12/2022 23:58
KB_23_42928_42,Female,Killingbeck,2023,31/12/2022,02:59:59,-67.570779,-68.069469,31/12/2022 02:59,30/12/2022 23:59
KB_23_42928_42,Female,Killingbeck,2023,31/12/2022,03:01:55,-67.570748,-68.069646,31/12/2022 03:01,31/12/2022 00:01
KB_23_42928_42,Female,Killingbeck,2023,31/12/2022,03:03:54,-67.570754,-68.069598,31/12/2022 03:03,31/12/2022 00:03
KB_23_42928_42,Female,Killingbeck,2023,31/12/2022,03:05:54,-67.570783,-68.069508,31/12/2022 03:05,31/12/2022 00:05
KB_23_42928_42,Female,Killingbeck,2023,31/12/2022,03:07:52,-67.570861,-68.069521,31/12/2022 03:07,31/12/2022 00:07
KB_23_42928_42,Female,Killingbeck,2023,31/12/2022,03:09:51,-67.570759,-68.069578,31/12/2022 03:09,31/12/2022 00:09
KB_23_42928_42,Female,Killingbeck,2023,31/12/2022,03:11:50,-67.570794,-68.069575,31/12/2022 03:11,31/12/2022 00:11
KB_23_42928_42,Female,Killingbeck,2023,31/12/2022,03:13:49,-67.570773,-68.069478,31/12/2022 03:13,31/12/2022 00:13
KB_23_42928_42,Female,Killingbeck,2023,31/12/2022,03:15:49,-67.570799,-68.069554,31/12/2022 03:15,31/12/2022 00:15
KB_23_42928_42,Female,Killingbeck,2023,31/12/2022,03:17:48,-67.570771,-68.069582,31/12/2022 03:17,31/12/2022 00:17
KB_23_42928_42,Female,Killingbeck,2023,31/12/2022,03:19:47,-67.570705,-68.069457,31/12/2022 03:19,31/12/2022 00:19
KB_23_42928_42,Female,Killingbeck,2023,31/12/2022,03:21:46,-67.570742,-68.069495,31/12/2022 03:21,31/12/2022 00:21
KB_23_42928_42,Female,Killingbeck,2023,31/12/2022,03:23:45,-67.570754,-68.069564,31/12/2022 03:23,31/12/2022 00:23
KB_23_42928_42,Female,Killingbeck,2023,31/12/2022,03:26:05,-67.570781,-68.069585,31/12/2022 03:26,31/12/2022 00:26
KB_23_42928_42,Female,Killingbeck,2023,31/12/2022,03:28:12,-67.57114,-68.069421,31/12/2022 03:28,31/12/2022 00:28
KB_23_42928_42,Female,Killingbeck,2023,31/12/2022,03:30:05,-67.570692,-68.069586,31/12/2022 03:30,31/12/2022 00:30
KB_23_42928_42,Female,Killingbeck,2023,31/12/2022,03:32:04,-67.570723,-68.069584,31/12/2022 03:32,31/12/2022 00:32
KB_23_42928_42,Female,Killingbeck,2023,31/12/2022,03:34:03,-67.570766,-68.06955,31/12/2022 03:34,31/12/2022 00:34
KB_23_42928_42,Female,Killingbeck,2023,31/12/2022,03:36:01,-67.570743,-68.069563,31/12/2022 03:36,31/12/2022 00:36
KB_23_42928_42,Female,Killingbeck,2023,31/12/2022,03:38:01,-67.570846,-68.069649,31/12/2022 03:38,31/12/2022 00:38
KB_23_42928_42,Female,Killingbeck,2023,31/12/2022,03:40:00,-67.570748,-68.069607,31/12/2022 03:40,31/12/2022 00:40
KB_23_42928_42,Female,Killingbeck,2023,31/12/2022,03:41:59,-67.57075,-68.069594,31/12/2022 03:41,31/12/2022 00:41
KB_23_42928_42,Female,Killingbeck,2023,31/12/2022,03:43:58,-67.57075,-68.069633,31/12/2022 03:43,31/12/2022 00:43
KB_23_42928_42,Female,Killingbeck,2023,31/12/2022,03:45:59,-67.571041,-68.069736,31/12/2022 03:45,31/12/2022 00:45
KB_23_42928_42,Female,Killingbeck,2023,31/12/2022,03:47:56,-67.570734,-68.069621,31/12/2022 03:47,31/12/2022 00:47
KB_23_42928_42,Female,Killingbeck,2023,31/12/2022,03:49:55,-67.570797,-68.069577,31/12/2022 03:49,31/12/2022 00:49
KB_23_42928_42,Female,Killingbeck,2023,31/12/2022,03:51:55,-67.570767,-68.069677,31/12/2022 03:51,31/12/2022 00:51
KB_23_42928_42,Female,Killingbeck,2023,31/12/2022,03:53:53,-67.57078,-68.069632,31/12/2022 03:53,31/12/2022 00:53
KB_23_42928_42,Female,Killingbeck,2023,31/12/2022,03:55:41,-67.570731,-68.069614,31/12/2022 03:55,31/12/2022 00:55
KB_23_42928_42,Female,Killingbeck,2023,31/12/2022,03:57:41,-67.570728,-68.069611,31/12/2022 03:57,31/12/2022 00:57
KB_23_42928_42,Female,Killingbeck,2023,31/12/2022,03:59:42,-67.570727,-68.069588,31/12/2022 03:59,31/12/2022 00:59
KB_23_42928_42,Female,Killingbeck,2023,31/12/2022,04:01:46,-67.570768,-68.069712,31/12/2022 04:01,31/12/2022 01:01
KB_23_42928_42,Female,Killingbeck,2023,31/12/2022,04:03:41,-67.57079,-68.069702,31/12/2022 04:03,31/12/2022 01:03
KB_23_42928_42,Female,Killingbeck,2023,31/12/2022,04:05:40,-67.570811,-68.069793,31/12/2022 04:05,31/12/2022 01:05
KB_23_42928_42,Female,Killingbeck,2023,31/12/2022,04:07:39,-67.570652,-68.069576,31/12/2022 04:07,31/12/2022 01:07
KB_23_42928_42,Female,Killingbeck,2023,31/12/2022,04:09:38,-67.570622,-68.069702,31/12/2022 04:09,31/12/2022 01:09
KB_23_42928_42,Female,Killingbeck,2023,31/12/2022,04:11:37,-67.570712,-68.069908,31/12/2022 04:11,31/12/2022 01:11
KB_23_42928_42,Female,Killingbeck,2023,31/12/2022,04:13:34,-67.570644,-68.069639,31/12/2022 04:13,31/12/2022 01:13
KB_23_42928_42,Female,Killingbeck,2023,31/12/2022,04:15:33,-67.570748,-68.069701,31/12/2022 04:15,31/12/2022 01:15
KB_23_42928_42,Female,Killingbeck,2023,31/12/2022,04:17:31,-67.570948,-68.069811,31/12/2022 04:17,31/12/2022 01:17
KB_23_42928_42,Female,Killingbeck,2023,31/12/2022,04:19:31,-67.57072,-68.069422,31/12/2022 04:19,31/12/2022 01:19
KB_23_42928_42,Female,Killingbeck,2023,31/12/2022,04:21:42,-67.570675,-68.06973,31/12/2022 04:21,31/12/2022 01:21
KB_23_42928_42,Female,Killingbeck,2023,31/12/2022,04:23:40,-67.570692,-68.069567,31/12/2022 04:23,31/12/2022 01:23
KB_23_42928_42,Female,Killingbeck,2023,31/12/2022,04:25:30,-67.570632,-68.06957,31/12/2022 04:25,31/12/2022 01:25
KB_23_42928_42,Female,Killingbeck,2023,31/12/2022,04:27:30,-67.570692,-68.069477,31/12/2022 04:27,31/12/2022 01:27
KB_23_42928_42,Female,Killingbeck,2023,31/12/2022,04:29:30,-67.570621,-68.069477,31/12/2022 04:29,31/12/2022 01:29
KB_23_42928_42,Female,Killingbeck,2023,31/12/2022,04:31:20,-67.570742,-68.069579,31/12/2022 04:31,31/12/2022 01:31
KB_23_42928_42,Female,Killingbeck,2023,31/12/2022,04:33:27,-67.570747,-68.06949,31/12/2022 04:33,31/12/2022 01:33
KB_23_42928_42,Female,Killingbeck,2023,31/12/2022,04:35:21,-67.57071,-68.069495,31/12/2022 04:35,31/12/2022 01:35
KB_23_42928_42,Female,Killingbeck,2023,31/12/2022,04:37:28,-67.570718,-68.069517,31/12/2022 04:37,31/12/2022 01:37
KB_23_42928_42,Female,Killingbeck,2023,31/12/2022,04:39:20,-67.57066,-68.069552,31/12/2022 04:39,31/12/2022 01:39
KB_23_42928_42,Female,Killingbeck,2023,31/12/2022,04:41:19,-67.570648,-68.069629,31/12/2022 04:41,31/12/2022 01:41
KB_23_42928_42,Female,Killingbeck,2023,31/12/2022,04:43:16,-67.570663,-68.069568,31/12/2022 04:43,31/12/2022 01:43
KB_23_42928_42,Female,Killingbeck,2023,31/12/2022,04:45:17,-67.570985,-68.069974,31/12/2022 04:45,31/12/2022 01:45
KB_23_42928_42,Female,Killingbeck,2023,31/12/2022,04:47:14,-67.570671,-68.06954,31/12/2022 04:47,31/12/2022 01:47
KB_23_42928_42,Female,Killingbeck,2023,31/12/2022,04:49:15,-67.570679,-68.06952,31/12/2022 04:49,31/12/2022 01:49
KB_23_42928_42,Female,Killingbeck,2023,31/12/2022,04:51:14,-67.57073,-68.069569,31/12/2022 04:51,31/12/2022 01:51
KB_23_42928_42,Female,Killingbeck,2023,31/12/2022,04:53:14,-67.570716,-68.069523,31/12/2022 04:53,31/12/2022 01:53
KB_23_42928_42,Female,Killingbeck,2023,31/12/2022,04:55:14,-67.570662,-68.069674,31/12/2022 04:55,31/12/2022 01:55
KB_23_42928_42,Female,Killingbeck,2023,31/12/2022,04:57:13,-67.570807,-68.069576,31/12/2022 04:57,31/12/2022 01:57
KB_23_42928_42,Female,Killingbeck,2023,31/12/2022,04:59:10,-67.570637,-68.0695,31/12/2022 04:59,31/12/2022 01:59
KB_23_42928_42,Female,Killingbeck,2023,31/12/2022,05:01:17,-67.570734,-68.069562,31/12/2022 05:01,31/12/2022 02:01
KB_23_42928_42,Female,Killingbeck,2023,31/12/2022,05:03:07,-67.570717,-68.069598,31/12/2022 05:03,31/12/2022 02:03
KB_23_42928_42,Female,Killingbeck,2023,31/12/2022,05:05:07,-67.5707,-68.069498,31/12/2022 05:05,31/12/2022 02:05
KB_23_42928_42,Female,Killingbeck,2023,31/12/2022,05:07:06,-67.570701,-68.069525,31/12/2022 05:07,31/12/2022 02:07
KB_23_42928_42,Female,Killingbeck,2023,31/12/2022,05:09:05,-67.570756,-68.069512,31/12/2022 05:09,31/12/2022 02:09
KB_23_42928_42,Female,Killingbeck,2023,31/12/2022,05:11:04,-67.570699,-68.069453,31/12/2022 05:11,31/12/2022 02:11
KB_23_42928_42,Female,Killingbeck,2023,31/12/2022,05:13:03,-67.570757,-68.069622,31/12/2022 05:13,31/12/2022 02:13
KB_23_42928_42,Female,Killingbeck,2023,31/12/2022,05:15:02,-67.570719,-68.069621,31/12/2022 05:15,31/12/2022 02:15
KB_23_42928_42,Female,Killingbeck,2023,31/12/2022,05:17:12,-67.570494,-68.069603,31/12/2022 05:17,31/12/2022 02:17
KB_23_42928_42,Female,Killingbeck,2023,31/12/2022,05:19:12,-67.570717,-68.069554,31/12/2022 05:19,31/12/2022 02:19
KB_23_42928_42,Female,Killingbeck,2023,31/12/2022,05:21:15,-67.570643,-68.06961,31/12/2022 05:21,31/12/2022 02:21
KB_23_42928_42,Female,Killingbeck,2023,31/12/2022,05:23:11,-67.5704,-68.06957,31/12/2022 05:23,31/12/2022 02:23
KB_23_42928_42,Female,Killingbeck,2023,31/12/2022,05:25:13,-67.570678,-68.069567,31/12/2022 05:25,31/12/2022 02:25
KB_23_42928_42,Female,Killingbeck,2023,31/12/2022,05:27:09,-67.570541,-68.069528,31/12/2022 05:27,31/12/2022 02:27
KB_23_42928_42,Female,Killingbeck,2023,31/12/2022,05:29:10,-67.570745,-68.069644,31/12/2022 05:29,31/12/2022 02:29
KB_23_42928_42,Female,Killingbeck,2023,31/12/2022,05:30:58,-67.570913,-68.067681,31/12/2022 05:30,31/12/2022 02:30
KB_23_42928_42,Female,Killingbeck,2023,31/12/2022,05:32:57,-67.570707,-68.069589,31/12/2022 05:32,31/12/2022 02:32
KB_23_42928_42,Female,Killingbeck,2023,31/12/2022,05:35:04,-67.570245,-68.069506,31/12/2022 05:35,31/12/2022 02:35
KB_23_42928_42,Female,Killingbeck,2023,31/12/2022,05:36:56,-67.570734,-68.069486,31/12/2022 05:36,31/12/2022 02:36
KB_23_42928_42,Female,Killingbeck,2023,31/12/2022,05:39:06,-67.570712,-68.06945,31/12/2022 05:39,31/12/2022 02:39
KB_23_42928_42,Female,Killingbeck,2023,31/12/2022,05:40:55,-67.569363,-68.073303,31/12/2022 05:40,31/12/2022 02:40
KB_23_42928_42,Female,Killingbeck,2023,31/12/2022,05:43:00,-67.572013,-68.066865,31/12/2022 05:43,31/12/2022 02:43
KB_23_42928_42,Female,Killingbeck,2023,31/12/2022,05:45:03,-67.571596,-68.067776,31/12/2022 05:45,31/12/2022 02:45
KB_23_42928_42,Female,Killingbeck,2023,31/12/2022,05:47:02,-67.571596,-68.067776,31/12/2022 05:47,31/12/2022 02:47
KB_23_42928_42,Female,Killingbeck,2023,31/12/2022,05:48:51,-67.570882,-68.069433,31/12/2022 05:48,31/12/2022 02:48
KB_23_42928_42,Female,Killingbeck,2023,31/12/2022,05:51:00,-67.571023,-68.069343,31/12/2022 05:51,31/12/2022 02:51
KB_23_42928_42,Female,Killingbeck,2023,31/12/2022,05:52:49,-67.571061,-68.068461,31/12/2022 05:52,31/12/2022 02:52
KB_23_42928_42,Female,Killingbeck,2023,31/12/2022,05:54:46,-67.570845,-68.069062,31/12/2022 05:54,31/12/2022 02:54
KB_23_42928_42,Female,Killingbeck,2023,31/12/2022,05:56:47,-67.570879,-68.06918,31/12/2022 05:56,31/12/2022 02:56
KB_23_42928_42,Female,Killingbeck,2023,31/12/2022,05:58:54,-67.570834,-68.06905,31/12/2022 05:58,31/12/2022 02:58
KB_23_42928_42,Female,Killingbeck,2023,31/12/2022,06:00:51,-67.570764,-68.069731,31/12/2022 06:00,31/12/2022 03:00
KB_23_42928_42,Female,Killingbeck,2023,31/12/2022,06:02:44,-67.570839,-68.069337,31/12/2022 06:02,31/12/2022 03:02
KB_23_42928_42,Female,Killingbeck,2023,31/12/2022,06:04:49,-67.570947,-68.069282,31/12/2022 06:04,31/12/2022 03:04
KB_23_42928_42,Female,Killingbeck,2023,31/12/2022,06:06:42,-67.570662,-68.069374,31/12/2022 06:06,31/12/2022 03:06
KB_23_42928_42,Female,Killingbeck,2023,31/12/2022,06:08:40,-67.570624,-68.069444,31/12/2022 06:08,31/12/2022 03:08
KB_23_42928_42,Female,Killingbeck,2023,31/12/2022,06:10:39,-67.570536,-68.069349,31/12/2022 06:10,31/12/2022 03:10
KB_23_42928_42,Female,Killingbeck,2023,31/12/2022,06:12:38,-67.570491,-68.069142,31/12/2022 06:12,31/12/2022 03:12
KB_23_42928_42,Female,Killingbeck,2023,31/12/2022,06:14:38,-67.571037,-68.069185,31/12/2022 06:14,31/12/2022 03:14
KB_23_42928_42,Female,Killingbeck,2023,31/12/2022,06:16:37,-67.570778,-68.069815,31/12/2022 06:16,31/12/2022 03:16
KB_23_42928_42,Female,Killingbeck,2023,31/12/2022,06:18:34,-67.570677,-68.069533,31/12/2022 06:18,31/12/2022 03:18
KB_23_42928_42,Female,Killingbeck,2023,31/12/2022,06:20:32,-67.570646,-68.069484,31/12/2022 06:20,31/12/2022 03:20
KB_23_42928_42,Female,Killingbeck,2023,31/12/2022,06:22:33,-67.57072,-68.069677,31/12/2022 06:22,31/12/2022 03:22
KB_23_42928_42,Female,Killingbeck,2023,31/12/2022,06:24:32,-67.570713,-68.06958,31/12/2022 06:24,31/12/2022 03:24
KB_23_42928_42,Female,Killingbeck,2023,31/12/2022,06:26:31,-67.570985,-68.070245,31/12/2022 06:26,31/12/2022 03:26
KB_23_42928_42,Female,Killingbeck,2023,31/12/2022,06:28:29,-67.570739,-68.06956,31/12/2022 06:28,31/12/2022 03:28
KB_23_42928_42,Female,Killingbeck,2023,31/12/2022,06:30:28,-67.570744,-68.069392,31/12/2022 06:30,31/12/2022 03:30
KB_23_42928_42,Female,Killingbeck,2023,31/12/2022,06:32:27,-67.570767,-68.069537,31/12/2022 06:32,31/12/2022 03:32
KB_23_42928_42,Female,Killingbeck,2023,31/12/2022,06:34:26,-67.57076,-68.069625,31/12/2022 06:34,31/12/2022 03:34
KB_23_42928_42,Female,Killingbeck,2023,31/12/2022,06:36:26,-67.570924,-68.068978,31/12/2022 06:36,31/12/2022 03:36
KB_23_42928_42,Female,Killingbeck,2023,31/12/2022,06:38:25,-67.571003,-68.068987,31/12/2022 06:38,31/12/2022 03:38
KB_23_42928_42,Female,Killingbeck,2023,31/12/2022,06:40:25,-67.570983,-68.068991,31/12/2022 06:40,31/12/2022 03:40
KB_23_42928_42,Female,Killingbeck,2023,31/12/2022,06:42:22,-67.570725,-68.069436,31/12/2022 06:42,31/12/2022 03:42
KB_23_42928_42,Female,Killingbeck,2023,31/12/2022,06:44:21,-67.570736,-68.069379,31/12/2022 06:44,31/12/2022 03:44
KB_23_42928_42,Female,Killingbeck,2023,31/12/2022,06:46:21,-67.570815,-68.069641,31/12/2022 06:46,31/12/2022 03:46
KB_23_42928_42,Female,Killingbeck,2023,31/12/2022,06:48:20,-67.570765,-68.06951,31/12/2022 06:48,31/12/2022 03:48
KB_23_42928_42,Female,Killingbeck,2023,31/12/2022,06:50:20,-67.570773,-68.069514,31/12/2022 06:50,31/12/2022 03:50
KB_23_42928_42,Female,Killingbeck,2023,31/12/2022,06:52:18,-67.570782,-68.069487,31/12/2022 06:52,31/12/2022 03:52
KB_23_42928_42,Female,Killingbeck,2023,31/12/2022,06:54:17,-67.570754,-68.069476,31/12/2022 06:54,31/12/2022 03:54
KB_23_42928_42,Female,Killingbeck,2023,31/12/2022,06:56:16,-67.570765,-68.069385,31/12/2022 06:56,31/12/2022 03:56
KB_23_42928_42,Female,Killingbeck,2023,31/12/2022,06:58:16,-67.570643,-68.069539,31/12/2022 06:58,31/12/2022 03:58
KB_23_42928_42,Female,Killingbeck,2023,31/12/2022,07:00:14,-67.57073,-68.069441,31/12/2022 07:00,31/12/2022 04:00
KB_23_42928_42,Female,Killingbeck,2023,31/12/2022,07:02:13,-67.570758,-68.069455,31/12/2022 07:02,31/12/2022 04:02
KB_23_42928_42,Female,Killingbeck,2023,31/12/2022,07:04:14,-67.570769,-68.069522,31/12/2022 07:04,31/12/2022 04:04
KB_23_42928_42,Female,Killingbeck,2023,31/12/2022,07:06:11,-67.570807,-68.069523,31/12/2022 07:06,31/12/2022 04:06
KB_23_42928_42,Female,Killingbeck,2023,31/12/2022,07:08:11,-67.570939,-68.069467,31/12/2022 07:08,31/12/2022 04:08
KB_23_42928_42,Female,Killingbeck,2023,31/12/2022,07:10:12,-67.570824,-68.069478,31/12/2022 07:10,31/12/2022 04:10
KB_23_42928_42,Female,Killingbeck,2023,31/12/2022,07:12:19,-67.570869,-68.069884,31/12/2022 07:12,31/12/2022 04:12
KB_23_42928_42,Female,Killingbeck,2023,31/12/2022,07:14:09,-67.570694,-68.069625,31/12/2022 07:14,31/12/2022 04:14
KB_23_42928_42,Female,Killingbeck,2023,31/12/2022,07:16:07,-67.570855,-68.069704,31/12/2022 07:16,31/12/2022 04:16
KB_23_42928_42,Female,Killingbeck,2023,31/12/2022,07:18:21,-67.57064,-68.069369,31/12/2022 07:18,31/12/2022 04:18
KB_23_42928_42,Female,Killingbeck,2023,31/12/2022,07:20:07,-67.57059,-68.069641,31/12/2022 07:20,31/12/2022 04:20
KB_23_42928_42,Female,Killingbeck,2023,31/12/2022,07:22:11,-67.570757,-68.069641,31/12/2022 07:22,31/12/2022 04:22
KB_23_42928_42,Female,Killingbeck,2023,31/12/2022,07:24:05,-67.570808,-68.069642,31/12/2022 07:24,31/12/2022 04:24
KB_23_42928_42,Female,Killingbeck,2023,31/12/2022,07:26:02,-67.570709,-68.069594,31/12/2022 07:26,31/12/2022 04:26
KB_23_42928_42,Female,Killingbeck,2023,31/12/2022,07:28:10,-67.570794,-68.069498,31/12/2022 07:28,31/12/2022 04:28
KB_23_42928_42,Female,Killingbeck,2023,31/12/2022,07:30:02,-67.570751,-68.069645,31/12/2022 07:30,31/12/2022 04:30
KB_23_42928_42,Female,Killingbeck,2023,31/12/2022,07:32:08,-67.570833,-68.070163,31/12/2022 07:32,31/12/2022 04:32
KB_23_42928_42,Female,Killingbeck,2023,31/12/2022,07:34:11,-67.570799,-68.069939,31/12/2022 07:34,31/12/2022 04:34
KB_23_42928_42,Female,Killingbeck,2023,31/12/2022,07:36:01,-67.570742,-68.069527,31/12/2022 07:36,31/12/2022 04:36
KB_23_42928_42,Female,Killingbeck,2023,31/12/2022,07:38:07,-67.570849,-68.07015,31/12/2022 07:38,31/12/2022 04:38
KB_23_42928_42,Female,Killingbeck,2023,31/12/2022,07:39:59,-67.570743,-68.069618,31/12/2022 07:39,31/12/2022 04:39
KB_23_42928_42,Female,Killingbeck,2023,31/12/2022,07:41:58,-67.570779,-68.069332,31/12/2022 07:41,31/12/2022 04:41
KB_23_42928_42,Female,Killingbeck,2023,31/12/2022,07:43:58,-67.570558,-68.069516,31/12/2022 07:43,31/12/2022 04:43
KB_23_42928_42,Female,Killingbeck,2023,31/12/2022,07:45:57,-67.570798,-68.069341,31/12/2022 07:45,31/12/2022 04:45
KB_23_42928_42,Female,Killingbeck,2023,31/12/2022,07:47:55,-67.570748,-68.069447,31/12/2022 07:47,31/12/2022 04:47
KB_23_42928_42,Female,Killingbeck,2023,31/12/2022,07:49:55,-67.570736,-68.06953,31/12/2022 07:49,31/12/2022 04:49
KB_23_42928_42,Female,Killingbeck,2023,31/12/2022,07:51:57,-67.570787,-68.069558,31/12/2022 07:51,31/12/2022 04:51
KB_23_42928_42,Female,Killingbeck,2023,31/12/2022,07:53:54,-67.570807,-68.069507,31/12/2022 07:53,31/12/2022 04:53
KB_23_42928_42,Female,Killingbeck,2023,31/12/2022,07:55:52,-67.570754,-68.069464,31/12/2022 07:55,31/12/2022 04:55
KB_23_42928_42,Female,Killingbeck,2023,31/12/2022,07:57:52,-67.570617,-68.069521,31/12/2022 07:57,31/12/2022 04:57
KB_23_42928_42,Female,Killingbeck,2023,31/12/2022,07:59:51,-67.57049,-68.06962,31/12/2022 07:59,31/12/2022 04:59
KB_23_42928_42,Female,Killingbeck,2023,31/12/2022,08:01:51,-67.570545,-68.069573,31/12/2022 08:01,31/12/2022 05:01
KB_23_42928_42,Female,Killingbeck,2023,31/12/2022,08:03:53,-67.570599,-68.069635,31/12/2022 08:03,31/12/2022 05:03
KB_23_42928_42,Female,Killingbeck,2023,31/12/2022,08:05:49,-67.570535,-68.069607,31/12/2022 08:05,31/12/2022 05:05
KB_23_42928_42,Female,Killingbeck,2023,31/12/2022,08:07:48,-67.570609,-68.06968,31/12/2022 08:07,31/12/2022 05:07
KB_23_42928_42,Female,Killingbeck,2023,31/12/2022,08:09:46,-67.57065,-68.069588,31/12/2022 08:09,31/12/2022 05:09
KB_23_42928_42,Female,Killingbeck,2023,31/12/2022,08:11:47,-67.570493,-68.069782,31/12/2022 08:11,31/12/2022 05:11
KB_23_42928_42,Female,Killingbeck,2023,31/12/2022,08:13:46,-67.570491,-68.069797,31/12/2022 08:13,31/12/2022 05:13
KB_23_42928_42,Female,Killingbeck,2023,31/12/2022,08:15:43,-67.570796,-68.069302,31/12/2022 08:15,31/12/2022 05:15
KB_23_42928_42,Female,Killingbeck,2023,31/12/2022,08:17:44,-67.570893,-68.06931,31/12/2022 08:17,31/12/2022 05:17
KB_23_42928_42,Female,Killingbeck,2023,31/12/2022,08:19:47,-67.570746,-68.069364,31/12/2022 08:19,31/12/2022 05:19
KB_23_42928_42,Female,Killingbeck,2023,31/12/2022,08:21:53,-67.570794,-68.069319,31/12/2022 08:21,31/12/2022 05:21
KB_23_42928_42,Female,Killingbeck,2023,31/12/2022,08:23:40,-67.570719,-68.069286,31/12/2022 08:23,31/12/2022 05:23
KB_23_42928_42,Female,Killingbeck,2023,31/12/2022,08:25:39,-67.570716,-68.069301,31/12/2022 08:25,31/12/2022 05:25
KB_23_42928_42,Female,Killingbeck,2023,31/12/2022,08:27:54,0,0,31/12/2022 08:27,31/12/2022 05:27
KB_23_42928_42,Female,Killingbeck,2023,31/12/2022,08:29:47,-67.570795,-68.069444,31/12/2022 08:29,31/12/2022 05:29
KB_23_42928_42,Female,Killingbeck,2023,31/12/2022,08:31:44,-67.570757,-68.069313,31/12/2022 08:31,31/12/2022 05:31
KB_23_42928_42,Female,Killingbeck,2023,31/12/2022,08:33:36,-67.570674,-68.069426,31/12/2022 08:33,31/12/2022 05:33
KB_23_42928_42,Female,Killingbeck,2023,31/12/2022,08:35:35,-67.570619,-68.069632,31/12/2022 08:35,31/12/2022 05:35
KB_23_42928_42,Female,Killingbeck,2023,31/12/2022,08:37:33,-67.5707,-68.069375,31/12/2022 08:37,31/12/2022 05:37
KB_23_42928_42,Female,Killingbeck,2023,31/12/2022,08:39:32,-67.570689,-68.069405,31/12/2022 08:39,31/12/2022 05:39
KB_23_42928_42,Female,Killingbeck,2023,31/12/2022,08:41:31,-67.570739,-68.069294,31/12/2022 08:41,31/12/2022 05:41
KB_23_42928_42,Female,Killingbeck,2023,31/12/2022,08:43:31,-67.570685,-68.069353,31/12/2022 08:43,31/12/2022 05:43
KB_23_42928_42,Female,Killingbeck,2023,31/12/2022,08:45:34,-67.570436,-68.068712,31/12/2022 08:45,31/12/2022 05:45
KB_23_42928_42,Female,Killingbeck,2023,31/12/2022,08:47:29,-67.57068,-68.069376,31/12/2022 08:47,31/12/2022 05:47
KB_23_42928_42,Female,Killingbeck,2023,31/12/2022,08:49:33,-67.573014,-68.080386,31/12/2022 08:49,31/12/2022 05:49
KB_23_42928_42,Female,Killingbeck,2023,31/12/2022,08:51:32,-67.572747,-68.076341,31/12/2022 08:51,31/12/2022 05:51
KB_23_42928_42,Female,Killingbeck,2023,31/12/2022,08:54:46,-67.57266,-68.076417,31/12/2022 08:54,31/12/2022 05:54
KB_23_42928_42,Female,Killingbeck,2023,31/12/2022,08:56:45,-67.572732,-68.076377,31/12/2022 08:56,31/12/2022 05:56
KB_23_42928_42,Female,Killingbeck,2023,31/12/2022,08:58:43,-67.57295,-68.079187,31/12/2022 08:58,31/12/2022 05:58
KB_23_42928_42,Female,Killingbeck,2023,31/12/2022,09:01:16,-67.57323,-68.080731,31/12/2022 09:01,31/12/2022 06:01
KB_23_42928_42,Female,Killingbeck,2023,31/12/2022,09:03:52,-67.573087,-68.080035,31/12/2022 09:03,31/12/2022 06:03
KB_23_42928_42,Female,Killingbeck,2023,31/12/2022,09:06:08,-67.573092,-68.078902,31/12/2022 09:06,31/12/2022 06:06
KB_23_42928_42,Female,Killingbeck,2023,31/12/2022,09:09:09,-67.573299,-68.080734,31/12/2022 09:09,31/12/2022 06:09
KB_23_42928_42,Female,Killingbeck,2023,31/12/2022,09:11:08,-67.572779,-68.076297,31/12/2022 09:11,31/12/2022 06:11
KB_23_42928_42,Female,Killingbeck,2023,31/12/2022,09:13:08,-67.572743,-68.0764,31/12/2022 09:13,31/12/2022 06:13
KB_23_42928_42,Female,Killingbeck,2023,31/12/2022,09:15:07,-67.573624,-68.087751,31/12/2022 09:15,31/12/2022 06:15
KB_23_42928_42,Female,Killingbeck,2023,31/12/2022,09:17:52,-67.577975,-68.089537,31/12/2022 09:17,31/12/2022 06:17
KB_23_42928_42,Female,Killingbeck,2023,31/12/2022,09:19:51,-67.57686,-68.088055,31/12/2022 09:19,31/12/2022 06:19
KB_23_42928_42,Female,Killingbeck,2023,31/12/2022,09:22:20,-67.573065,-68.078619,31/12/2022 09:22,31/12/2022 06:22
KB_23_42928_42,Female,Killingbeck,2023,31/12/2022,09:24:53,-67.57358,-68.079212,31/12/2022 09:24,31/12/2022 06:24
KB_23_42928_42,Female,Killingbeck,2023,31/12/2022,09:26:53,-67.573855,-68.079576,31/12/2022 09:26,31/12/2022 06:26
KB_23_42928_42,Female,Killingbeck,2023,31/12/2022,09:28:53,-67.573938,-68.079323,31/12/2022 09:28,31/12/2022 06:28
KB_23_42928_42,Female,Killingbeck,2023,31/12/2022,09:31:29,-67.573867,-68.079941,31/12/2022 09:31,31/12/2022 06:31
KB_23_42928_42,Female,Killingbeck,2023,31/12/2022,09:34:12,-67.573463,-68.081013,31/12/2022 09:34,31/12/2022 06:34
KB_23_42928_42,Female,Killingbeck,2023,31/12/2022,09:36:12,-67.572827,-68.077184,31/12/2022 09:36,31/12/2022 06:36
KB_23_42928_42,Female,Killingbeck,2023,31/12/2022,09:38:11,-67.57275,-68.076374,31/12/2022 09:38,31/12/2022 06:38
KB_23_42928_42,Female,Killingbeck,2023,31/12/2022,09:40:10,-67.57274,-68.076297,31/12/2022 09:40,31/12/2022 06:40
KB_23_42928_42,Female,Killingbeck,2023,31/12/2022,09:42:09,-67.572704,-68.076345,31/12/2022 09:42,31/12/2022 06:42
KB_23_42928_42,Female,Killingbeck,2023,31/12/2022,09:44:08,-67.572763,-68.07636,31/12/2022 09:44,31/12/2022 06:44
KB_23_42928_42,Female,Killingbeck,2023,31/12/2022,09:46:07,-67.572714,-68.076232,31/12/2022 09:46,31/12/2022 06:46
KB_23_42928_42,Female,Killingbeck,2023,31/12/2022,09:48:06,-67.572733,-68.076332,31/12/2022 09:48,31/12/2022 06:48
KB_23_42928_42,Female,Killingbeck,2023,31/12/2022,09:50:05,-67.572688,-68.076241,31/12/2022 09:50,31/12/2022 06:50
KB_23_42928_42,Female,Killingbeck,2023,31/12/2022,09:52:04,-67.572846,-68.076256,31/12/2022 09:52,31/12/2022 06:52
KB_23_42928_42,Female,Killingbeck,2023,31/12/2022,09:54:06,-67.57268,-68.076231,31/12/2022 09:54,31/12/2022 06:54
KB_23_42928_42,Female,Killingbeck,2023,31/12/2022,09:56:03,-67.572739,-68.076,31/12/2022 09:56,31/12/2022 06:56
KB_23_42928_42,Female,Killingbeck,2023,31/12/2022,09:58:02,-67.572635,-68.069005,31/12/2022 09:58,31/12/2022 06:58
KB_23_42928_42,Female,Killingbeck,2023,31/12/2022,10:00:02,-67.573593,-68.075757,31/12/2022 10:00,31/12/2022 07:00
KB_23_42928_42,Female,Killingbeck,2023,31/12/2022,10:02:02,-67.5739,-68.075624,31/12/2022 10:02,31/12/2022 07:02
KB_23_42928_42,Female,Killingbeck,2023,31/12/2022,10:04:58,-67.574107,-68.077423,31/12/2022 10:04,31/12/2022 07:04
KB_23_42928_42,Female,Killingbeck,2023,31/12/2022,10:07:44,-67.573771,-68.077395,31/12/2022 10:07,31/12/2022 07:07
KB_23_42928_42,Female,Killingbeck,2023,31/12/2022,10:09:43,-67.574097,-68.077463,31/12/2022 10:09,31/12/2022 07:09
KB_23_42928_42,Female,Killingbeck,2023,31/12/2022,10:11:45,-67.572823,-68.079491,31/12/2022 10:11,31/12/2022 07:11
KB_23_42928_42,Female,Killingbeck,2023,31/12/2022,10:13:43,-67.573242,-68.079085,31/12/2022 10:13,31/12/2022 07:13
KB_23_42928_42,Female,Killingbeck,2023,31/12/2022,10:16:01,-67.573317,-68.079344,31/12/2022 10:16,31/12/2022 07:16
KB_23_42928_42,Female,Killingbeck,2023,31/12/2022,10:18:09,-67.573411,-68.079641,31/12/2022 10:18,31/12/2022 07:18
KB_23_42928_42,Female,Killingbeck,2023,31/12/2022,10:20:21,-67.573668,-68.079788,31/12/2022 10:20,31/12/2022 07:20
KB_23_42928_42,Female,Killingbeck,2023,31/12/2022,10:22:21,-67.573735,-68.07925,31/12/2022 10:22,31/12/2022 07:22
KB_23_42928_42,Female,Killingbeck,2023,31/12/2022,10:24:20,-67.574033,-68.078847,31/12/2022 10:24,31/12/2022 07:24
KB_23_42928_42,Female,Killingbeck,2023,31/12/2022,10:26:19,-67.574074,-68.079048,31/12/2022 10:26,31/12/2022 07:26
KB_23_42928_42,Female,Killingbeck,2023,31/12/2022,10:28:40,-67.573922,-68.078798,31/12/2022 10:28,31/12/2022 07:28
KB_23_42928_42,Female,Killingbeck,2023,31/12/2022,10:30:40,-67.573981,-68.078996,31/12/2022 10:30,31/12/2022 07:30
KB_23_42928_42,Female,Killingbeck,2023,31/12/2022,10:32:41,-67.573926,-68.079108,31/12/2022 10:32,31/12/2022 07:32
KB_23_42928_42,Female,Killingbeck,2023,31/12/2022,10:34:40,-67.574022,-68.079134,31/12/2022 10:34,31/12/2022 07:34
KB_23_42928_42,Female,Killingbeck,2023,31/12/2022,10:36:40,-67.573914,-68.078864,31/12/2022 10:36,31/12/2022 07:36
KB_23_42928_42,Female,Killingbeck,2023,31/12/2022,10:38:39,-67.573938,-68.078934,31/12/2022 10:38,31/12/2022 07:38
KB_23_42928_42,Female,Killingbeck,2023,31/12/2022,10:40:44,-67.57391,-68.079296,31/12/2022 10:40,31/12/2022 07:40
KB_23_42928_42,Female,Killingbeck,2023,31/12/2022,10:42:43,-67.573924,-68.079271,31/12/2022 10:42,31/12/2022 07:42
KB_23_42928_42,Female,Killingbeck,2023,31/12/2022,10:44:45,-67.573911,-68.078941,31/12/2022 10:44,31/12/2022 07:44
KB_23_42928_42,Female,Killingbeck,2023,31/12/2022,10:46:44,-67.572709,-68.076355,31/12/2022 10:46,31/12/2022 07:46
KB_23_42928_42,Female,Killingbeck,2023,31/12/2022,10:48:44,-67.572411,-68.076756,31/12/2022 10:48,31/12/2022 07:48
KB_23_42928_42,Female,Killingbeck,2023,31/12/2022,10:50:47,-67.572496,-68.076935,31/12/2022 10:50,31/12/2022 07:50
KB_23_42928_42,Female,Killingbeck,2023,31/12/2022,10:52:52,-67.571617,-68.080506,31/12/2022 10:52,31/12/2022 07:52
KB_23_42928_42,Female,Killingbeck,2023,31/12/2022,10:54:51,-67.57176,-68.080486,31/12/2022 10:54,31/12/2022 07:54
KB_23_42928_42,Female,Killingbeck,2023,31/12/2022,10:56:50,-67.57182,-68.080069,31/12/2022 10:56,31/12/2022 07:56
KB_23_42928_42,Female,Killingbeck,2023,31/12/2022,10:58:58,-67.570744,-68.069899,31/12/2022 10:58,31/12/2022 07:58
KB_23_42928_42,Female,Killingbeck,2023,31/12/2022,11:00:50,-67.570207,-68.071117,31/12/2022 11:00,31/12/2022 08:00
KB_23_42928_42,Female,Killingbeck,2023,31/12/2022,11:02:05,-67.570688,-68.069701,31/12/2022 11:02,31/12/2022 08:02
KB_23_42928_42,Female,Killingbeck,2023,31/12/2022,11:04:14,-67.571026,-68.06937,31/12/2022 11:04,31/12/2022 08:04
KB_23_42928_42,Female,Killingbeck,2023,31/12/2022,11:06:15,-67.570251,-68.07072,31/12/2022 11:06,31/12/2022 08:06
KB_23_42928_42,Female,Killingbeck,2023,31/12/2022,11:08:14,-67.571102,-68.069296,31/12/2022 11:08,31/12/2022 08:08
KB_23_42928_42,Female,Killingbeck,2023,31/12/2022,11:10:13,-67.57108,-68.069423,31/12/2022 11:10,31/12/2022 08:10
KB_23_42928_42,Female,Killingbeck,2023,31/12/2022,11:12:04,-67.570633,-68.069565,31/12/2022 11:12,31/12/2022 08:12
KB_23_42928_42,Female,Killingbeck,2023,31/12/2022,11:14:04,-67.570614,-68.069483,31/12/2022 11:14,31/12/2022 08:14
KB_23_42928_42,Female,Killingbeck,2023,31/12/2022,11:16:02,-67.570557,-68.06942,31/12/2022 11:16,31/12/2022 08:16
KB_23_42928_42,Female,Killingbeck,2023,31/12/2022,11:18:02,-67.570634,-68.069497,31/12/2022 11:18,31/12/2022 08:18
KB_23_42928_42,Female,Killingbeck,2023,31/12/2022,11:20:01,-67.570682,-68.069542,31/12/2022 11:20,31/12/2022 08:20
KB_23_42928_42,Female,Killingbeck,2023,31/12/2022,11:22:02,-67.570664,-68.069169,31/12/2022 11:22,31/12/2022 08:22
KB_23_42928_42,Female,Killingbeck,2023,31/12/2022,11:23:59,-67.570606,-68.069507,31/12/2022 11:23,31/12/2022 08:23
KB_23_42928_42,Female,Killingbeck,2023,31/12/2022,11:25:58,-67.570598,-68.069596,31/12/2022 11:25,31/12/2022 08:25
KB_23_42928_42,Female,Killingbeck,2023,31/12/2022,11:27:57,-67.570662,-68.069291,31/12/2022 11:27,31/12/2022 08:27
KB_23_42928_42,Female,Killingbeck,2023,31/12/2022,11:29:57,-67.570628,-68.069491,31/12/2022 11:29,31/12/2022 08:29
KB_23_42928_42,Female,Killingbeck,2023,31/12/2022,11:31:44,-67.570668,-68.069521,31/12/2022 11:31,31/12/2022 08:31
KB_23_42928_42,Female,Killingbeck,2023,31/12/2022,11:33:43,-67.570651,-68.069674,31/12/2022 11:33,31/12/2022 08:33
KB_23_42928_42,Female,Killingbeck,2023,31/12/2022,11:35:42,-67.570611,-68.069538,31/12/2022 11:35,31/12/2022 08:35
KB_23_42928_42,Female,Killingbeck,2023,31/12/2022,11:37:41,-67.570613,-68.069462,31/12/2022 11:37,31/12/2022 08:37
KB_23_42928_42,Female,Killingbeck,2023,31/12/2022,11:39:40,-67.570658,-68.069583,31/12/2022 11:39,31/12/2022 08:39
KB_23_42928_42,Female,Killingbeck,2023,31/12/2022,11:41:39,-67.573313,-68.079295,31/12/2022 11:41,31/12/2022 08:41
KB_23_42928_42,Female,Killingbeck,2023,31/12/2022,11:44:36,-67.573614,-68.07969,31/12/2022 11:44,31/12/2022 08:44
KB_23_42928_42,Female,Killingbeck,2023,31/12/2022,11:46:48,-67.573784,-68.079151,31/12/2022 11:46,31/12/2022 08:46
KB_23_42928_42,Female,Killingbeck,2023,31/12/2022,11:48:47,-67.573783,-68.079221,31/12/2022 11:48,31/12/2022 08:48
KB_23_42928_42,Female,Killingbeck,2023,31/12/2022,11:50:46,-67.573785,-68.079614,31/12/2022 11:50,31/12/2022 08:50
KB_23_42928_42,Female,Killingbeck,2023,31/12/2022,11:52:45,-67.573578,-68.078197,31/12/2022 11:52,31/12/2022 08:52
KB_23_42928_42,Female,Killingbeck,2023,31/12/2022,11:54:45,-67.573061,-68.078864,31/12/2022 11:54,31/12/2022 08:54
KB_23_42928_42,Female,Killingbeck,2023,31/12/2022,11:57:10,-67.572981,-68.079817,31/12/2022 11:57,31/12/2022 08:57
KB_23_42928_42,Female,Killingbeck,2023,31/12/2022,11:59:09,-67.572888,-68.078936,31/12/2022 11:59,31/12/2022 08:59
KB_23_42928_42,Female,Killingbeck,2023,31/12/2022,12:01:21,-67.572527,-68.078428,31/12/2022 12:01,31/12/2022 09:01
KB_23_42928_42,Female,Killingbeck,2023,31/12/2022,12:04:45,-67.572409,-68.079071,31/12/2022 12:04,31/12/2022 09:04
KB_23_42928_42,Female,Killingbeck,2023,31/12/2022,12:07:00,-67.572345,-68.078139,31/12/2022 12:07,31/12/2022 09:07
KB_23_42928_42,Female,Killingbeck,2023,31/12/2022,12:09:00,-67.572803,-68.078545,31/12/2022 12:09,31/12/2022 09:09
KB_23_42928_42,Female,Killingbeck,2023,31/12/2022,12:11:37,-67.573185,-68.080574,31/12/2022 12:11,31/12/2022 09:11
KB_23_42928_42,Female,Killingbeck,2023,31/12/2022,12:14:33,-67.573106,-68.080948,31/12/2022 12:14,31/12/2022 09:14
KB_23_42928_42,Female,Killingbeck,2023,31/12/2022,12:16:33,-67.572828,-68.080553,31/12/2022 12:16,31/12/2022 09:16
KB_23_42928_42,Female,Killingbeck,2023,31/12/2022,12:18:46,-67.571327,-68.076713,31/12/2022 12:18,31/12/2022 09:18
KB_23_42928_42,Female,Killingbeck,2023,31/12/2022,12:20:56,-67.571325,-68.070044,31/12/2022 12:20,31/12/2022 09:20
KB_23_42928_42,Female,Killingbeck,2023,31/12/2022,12:22:56,-67.570724,-68.069532,31/12/2022 12:22,31/12/2022 09:22
KB_23_42928_42,Female,Killingbeck,2023,31/12/2022,12:24:53,-67.570592,-68.069397,31/12/2022 12:24,31/12/2022 09:24
KB_23_42928_42,Female,Killingbeck,2023,31/12/2022,12:26:44,-67.570642,-68.069454,31/12/2022 12:26,31/12/2022 09:26
KB_23_42928_42,Female,Killingbeck,2023,31/12/2022,12:28:42,-67.570613,-68.069559,31/12/2022 12:28,31/12/2022 09:28
KB_23_42928_42,Female,Killingbeck,2023,31/12/2022,12:30:41,-67.570673,-68.06951,31/12/2022 12:30,31/12/2022 09:30
KB_23_42928_42,Female,Killingbeck,2023,31/12/2022,12:32:43,-67.570617,-68.069466,31/12/2022 12:32,31/12/2022 09:32
KB_23_42928_42,Female,Killingbeck,2023,31/12/2022,12:34:42,-67.570655,-68.069618,31/12/2022 12:34,31/12/2022 09:34
KB_23_42928_42,Female,Killingbeck,2023,31/12/2022,12:36:24,-67.570713,-68.069612,31/12/2022 12:36,31/12/2022 09:36
KB_23_42928_42,Female,Killingbeck,2023,31/12/2022,12:38:28,-67.570571,-68.069567,31/12/2022 12:38,31/12/2022 09:38
KB_23_42928_42,Female,Killingbeck,2023,31/12/2022,12:40:20,-67.5704,-68.085744,31/12/2022 12:40,31/12/2022 09:40
KB_23_42928_42,Female,Killingbeck,2023,31/12/2022,12:42:19,-67.570685,-68.137253,31/12/2022 12:42,31/12/2022 09:42
KB_23_42928_42,Female,Killingbeck,2023,31/12/2022,12:44:18,-67.560129,-68.175377,31/12/2022 12:44,31/12/2022 09:44
KB_23_42928_42,Female,Killingbeck,2023,31/12/2022,12:46:17,-67.551606,-68.210574,31/12/2022 12:46,31/12/2022 09:46
KB_23_42928_42,Female,Killingbeck,2023,31/12/2022,12:49:23,-67.550541,-68.217762,31/12/2022 12:49,31/12/2022 09:49
KB_23_42928_42,Female,Killingbeck,2023,31/12/2022,12:51:22,-67.544563,-68.226496,31/12/2022 12:51,31/12/2022 09:51
KB_23_42928_42,Female,Killingbeck,2023,31/12/2022,12:54:19,-67.545225,-68.225498,31/12/2022 12:54,31/12/2022 09:54
KB_23_42928_42,Female,Killingbeck,2023,31/12/2022,12:56:59,-67.54582,-68.224563,31/12/2022 12:56,31/12/2022 09:56
KB_23_42928_42,Female,Killingbeck,2023,31/12/2022,12:58:58,-67.54379,-68.229514,31/12/2022 12:58,31/12/2022 09:58
KB_23_42928_42,Female,Killingbeck,2023,31/12/2022,13:02:38,-67.543891,-68.231179,31/12/2022 13:02,31/12/2022 10:02
KB_23_42928_42,Female,Killingbeck,2023,31/12/2022,13:04:37,-67.54386,-68.231721,31/12/2022 13:04,31/12/2022 10:04
KB_23_42928_42,Female,Killingbeck,2023,31/12/2022,13:06:36,-67.543994,-68.232058,31/12/2022 13:06,31/12/2022 10:06
KB_23_42928_42,Female,Killingbeck,2023,31/12/2022,13:08:35,-67.552214,-68.208437,31/12/2022 13:08,31/12/2022 10:08
KB_23_42928_42,Female,Killingbeck,2023,31/12/2022,13:11:09,0,0,31/12/2022 13:11,31/12/2022 10:11
KB_23_42928_42,Female,Killingbeck,2023,31/12/2022,13:13:51,-67.560821,-68.171571,31/12/2022 13:13,31/12/2022 10:13
KB_23_42928_42,Female,Killingbeck,2023,31/12/2022,13:15:50,-67.560996,-68.172038,31/12/2022 13:15,31/12/2022 10:15
KB_23_42928_42,Female,Killingbeck,2023,31/12/2022,13:17:49,-67.55993,-68.169894,31/12/2022 13:17,31/12/2022 10:17
KB_23_42928_42,Female,Killingbeck,2023,31/12/2022,13:19:51,-67.55874,-68.169703,31/12/2022 13:19,31/12/2022 10:19
KB_23_42928_42,Female,Killingbeck,2023,31/12/2022,13:22:08,-67.559031,-68.16918,31/12/2022 13:22,31/12/2022 10:22
KB_23_42928_42,Female,Killingbeck,2023,31/12/2022,13:24:27,-67.559464,-68.168869,31/12/2022 13:24,31/12/2022 10:24
KB_23_42928_42,Female,Killingbeck,2023,31/12/2022,13:26:52,-67.560139,-68.168032,31/12/2022 13:26,31/12/2022 10:26
KB_23_42928_42,Female,Killingbeck,2023,31/12/2022,13:29:00,-67.560598,-68.166983,31/12/2022 13:29,31/12/2022 10:29
KB_23_42928_42,Female,Killingbeck,2023,31/12/2022,13:30:50,-67.564566,-68.165186,31/12/2022 13:30,31/12/2022 10:30
KB_23_42928_42,Female,Killingbeck,2023,31/12/2022,13:32:49,-67.568997,-68.130507,31/12/2022 13:32,31/12/2022 10:32
KB_23_42928_42,Female,Killingbeck,2023,31/12/2022,13:34:48,-67.568995,-68.134383,31/12/2022 13:34,31/12/2022 10:34
KB_23_42928_42,Female,Killingbeck,2023,31/12/2022,13:36:57,-67.569003,-68.133926,31/12/2022 13:36,31/12/2022 10:36
KB_23_42928_42,Female,Killingbeck,2023,31/12/2022,13:39:11,-67.568998,-68.132764,31/12/2022 13:39,31/12/2022 10:39
KB_23_42928_42,Female,Killingbeck,2023,31/12/2022,13:41:33,-67.569048,-68.13183,31/12/2022 13:41,31/12/2022 10:41
KB_23_42928_42,Female,Killingbeck,2023,31/12/2022,13:43:33,-67.575744,-68.108988,31/12/2022 13:43,31/12/2022 10:43
KB_23_42928_42,Female,Killingbeck,2023,31/12/2022,13:45:33,-67.573281,-68.080208,31/12/2022 13:45,31/12/2022 10:45
KB_23_42928_42,Female,Killingbeck,2023,31/12/2022,13:47:35,-67.573404,-68.080884,31/12/2022 13:47,31/12/2022 10:47
KB_23_42928_42,Female,Killingbeck,2023,31/12/2022,13:50:08,-67.573277,-68.08007,31/12/2022 13:50,31/12/2022 10:50
KB_23_42928_42,Female,Killingbeck,2023,31/12/2022,13:52:24,-67.573313,-68.080267,31/12/2022 13:52,31/12/2022 10:52
KB_23_42928_42,Female,Killingbeck,2023,31/12/2022,13:54:57,-67.573273,-68.080535,31/12/2022 13:54,31/12/2022 10:54
KB_23_42928_42,Female,Killingbeck,2023,31/12/2022,13:56:57,-67.573486,-68.080789,31/12/2022 13:56,31/12/2022 10:56
KB_23_42928_42,Female,Killingbeck,2023,31/12/2022,13:59:23,-67.573249,-68.080339,31/12/2022 13:59,31/12/2022 10:59
KB_23_42928_42,Female,Killingbeck,2023,31/12/2022,14:01:59,-67.573565,-68.08058,31/12/2022 14:01,31/12/2022 11:01
KB_23_42928_42,Female,Killingbeck,2023,31/12/2022,14:04:00,-67.573414,-68.080703,31/12/2022 14:04,31/12/2022 11:04
KB_23_42928_42,Female,Killingbeck,2023,31/12/2022,14:06:47,-67.573269,-68.080689,31/12/2022 14:06,31/12/2022 11:06
KB_23_42928_42,Female,Killingbeck,2023,31/12/2022,14:08:47,-67.573157,-68.08083,31/12/2022 14:08,31/12/2022 11:08
KB_23_42928_42,Female,Killingbeck,2023,31/12/2022,14:10:54,-67.573385,-68.080788,31/12/2022 14:10,31/12/2022 11:10
KB_23_42928_42,Female,Killingbeck,2023,31/12/2022,14:13:11,-67.573397,-68.080496,31/12/2022 14:13,31/12/2022 11:13
KB_23_42928_42,Female,Killingbeck,2023,31/12/2022,14:15:11,-67.573732,-68.08025,31/12/2022 14:15,31/12/2022 11:15
KB_23_42928_42,Female,Killingbeck,2023,31/12/2022,14:17:12,-67.573628,-68.080456,31/12/2022 14:17,31/12/2022 11:17
KB_23_42928_42,Female,Killingbeck,2023,31/12/2022,14:19:12,-67.573879,-68.080049,31/12/2022 14:19,31/12/2022 11:19
KB_23_42928_42,Female,Killingbeck,2023,31/12/2022,14:21:10,-67.571451,-68.0685,31/12/2022 14:21,31/12/2022 11:21
KB_23_42928_42,Female,Killingbeck,2023,31/12/2022,14:23:10,-67.570689,-68.069628,31/12/2022 14:23,31/12/2022 11:23
KB_23_42928_42,Female,Killingbeck,2023,31/12/2022,14:25:11,-67.570802,-68.06964,31/12/2022 14:25,31/12/2022 11:25
KB_23_42928_42,Female,Killingbeck,2023,31/12/2022,14:27:10,-67.570791,-68.069186,31/12/2022 14:27,31/12/2022 11:27
KB_23_42928_42,Female,Killingbeck,2023,31/12/2022,14:29:10,-67.570825,-68.069573,31/12/2022 14:29,31/12/2022 11:29
KB_23_42928_42,Female,Killingbeck,2023,31/12/2022,14:31:06,-67.570758,-68.069552,31/12/2022 14:31,31/12/2022 11:31
KB_23_42928_42,Female,Killingbeck,2023,31/12/2022,14:33:05,-67.570935,-68.073053,31/12/2022 14:33,31/12/2022 11:33
KB_23_42928_42,Female,Killingbeck,2023,31/12/2022,14:35:05,-67.573359,-68.081316,31/12/2022 14:35,31/12/2022 11:35
KB_23_42928_42,Female,Killingbeck,2023,31/12/2022,14:37:34,-67.573279,-68.080316,31/12/2022 14:37,31/12/2022 11:37
KB_23_42928_42,Female,Killingbeck,2023,31/12/2022,14:39:50,-67.572957,-68.080359,31/12/2022 14:39,31/12/2022 11:39
KB_23_42928_42,Female,Killingbeck,2023,31/12/2022,14:42:04,-67.572877,-68.080318,31/12/2022 14:42,31/12/2022 11:42
KB_23_42928_42,Female,Killingbeck,2023,31/12/2022,14:44:08,-67.57251,-68.079519,31/12/2022 14:44,31/12/2022 11:44
KB_23_42928_42,Female,Killingbeck,2023,31/12/2022,14:46:12,-67.572792,-68.079022,31/12/2022 14:46,31/12/2022 11:46
KB_23_42928_42,Female,Killingbeck,2023,31/12/2022,14:48:14,-67.572694,-68.07831,31/12/2022 14:48,31/12/2022 11:48
KB_23_42928_42,Female,Killingbeck,2023,31/12/2022,14:50:15,-67.573112,-68.079586,31/12/2022 14:50,31/12/2022 11:50
KB_23_42928_42,Female,Killingbeck,2023,31/12/2022,14:52:57,-67.573361,-68.080524,31/12/2022 14:52,31/12/2022 11:52
KB_23_42928_42,Female,Killingbeck,2023,31/12/2022,14:54:56,-67.573094,-68.0798,31/12/2022 14:54,31/12/2022 11:54
KB_23_42928_42,Female,Killingbeck,2023,31/12/2022,14:57:12,-67.572578,-68.07959,31/12/2022 14:57,31/12/2022 11:57
KB_23_42928_42,Female,Killingbeck,2023,31/12/2022,14:59:37,-67.572377,-68.079122,31/12/2022 14:59,31/12/2022 11:59
KB_23_42928_42,Female,Killingbeck,2023,31/12/2022,15:02:13,-67.572743,-68.077956,31/12/2022 15:02,31/12/2022 12:02
KB_23_42928_42,Female,Killingbeck,2023,31/12/2022,15:04:44,-67.573053,-68.081328,31/12/2022 15:04,31/12/2022 12:04
KB_23_42928_42,Female,Killingbeck,2023,31/12/2022,15:06:47,-67.573465,-68.08087,31/12/2022 15:06,31/12/2022 12:06
KB_23_42928_42,Female,Killingbeck,2023,31/12/2022,15:08:46,-67.573423,-68.081251,31/12/2022 15:08,31/12/2022 12:08
KB_23_42928_42,Female,Killingbeck,2023,31/12/2022,15:10:45,-67.57264,-68.072384,31/12/2022 15:10,31/12/2022 12:10
KB_23_42928_42,Female,Killingbeck,2023,31/12/2022,15:12:45,-67.57215,-68.072701,31/12/2022 15:12,31/12/2022 12:12
KB_23_42928_42,Female,Killingbeck,2023,31/12/2022,15:14:48,-67.572446,-68.07319,31/12/2022 15:14,31/12/2022 12:14
KB_23_42928_42,Female,Killingbeck,2023,31/12/2022,15:17:03,-67.572687,-68.072509,31/12/2022 15:17,31/12/2022 12:17
KB_23_42928_42,Female,Killingbeck,2023,31/12/2022,15:19:05,-67.570605,-68.069692,31/12/2022 15:19,31/12/2022 12:19
KB_23_42928_42,Female,Killingbeck,2023,31/12/2022,15:20:22,-67.570709,-68.069462,31/12/2022 15:20,31/12/2022 12:20
KB_23_42928_42,Female,Killingbeck,2023,31/12/2022,15:22:21,-67.570695,-68.069595,31/12/2022 15:22,31/12/2022 12:22
KB_23_42928_42,Female,Killingbeck,2023,31/12/2022,15:24:20,-67.57069,-68.06959,31/12/2022 15:24,31/12/2022 12:24
KB_23_42928_42,Female,Killingbeck,2023,31/12/2022,15:26:21,-67.570447,-68.068916,31/12/2022 15:26,31/12/2022 12:26
KB_23_42928_42,Female,Killingbeck,2023,31/12/2022,15:28:18,-67.570702,-68.069329,31/12/2022 15:28,31/12/2022 12:28
KB_23_42928_42,Female,Killingbeck,2023,31/12/2022,15:30:17,-67.570754,-68.069591,31/12/2022 15:30,31/12/2022 12:30
KB_23_42928_42,Female,Killingbeck,2023,31/12/2022,15:32:15,-67.570722,-68.069459,31/12/2022 15:32,31/12/2022 12:32
KB_23_42928_42,Female,Killingbeck,2023,31/12/2022,15:34:24,-67.57078,-68.069576,31/12/2022 15:34,31/12/2022 12:34
KB_23_42928_42,Female,Killingbeck,2023,31/12/2022,15:36:14,-67.570715,-68.069527,31/12/2022 15:36,31/12/2022 12:36
KB_23_42928_42,Female,Killingbeck,2023,31/12/2022,15:38:14,-67.570785,-68.069868,31/12/2022 15:38,31/12/2022 12:38
KB_23_42928_42,Female,Killingbeck,2023,31/12/2022,15:40:13,-67.570679,-68.069422,31/12/2022 15:40,31/12/2022 12:40
KB_23_42928_42,Female,Killingbeck,2023,31/12/2022,15:42:11,-67.570738,-68.0694,31/12/2022 15:42,31/12/2022 12:42
KB_23_42928_42,Female,Killingbeck,2023,31/12/2022,15:44:12,-67.570732,-68.069504,31/12/2022 15:44,31/12/2022 12:44
KB_23_42928_42,Female,Killingbeck,2023,31/12/2022,15:46:18,-67.57074,-68.069668,31/12/2022 15:46,31/12/2022 12:46
KB_23_42928_42,Female,Killingbeck,2023,31/12/2022,15:48:10,-67.570659,-68.069136,31/12/2022 15:48,31/12/2022 12:48
KB_23_42928_42,Female,Killingbeck,2023,31/12/2022,15:50:00,-67.570747,-68.069668,31/12/2022 15:50,31/12/2022 12:50
KB_23_42928_42,Female,Killingbeck,2023,31/12/2022,15:51:57,-67.570736,-68.069713,31/12/2022 15:51,31/12/2022 12:51
KB_23_42928_42,Female,Killingbeck,2023,31/12/2022,15:53:55,-67.57076,-68.069679,31/12/2022 15:53,31/12/2022 12:53
KB_23_42928_42,Female,Killingbeck,2023,31/12/2022,15:55:57,-67.570765,-68.069659,31/12/2022 15:55,31/12/2022 12:55
KB_23_42928_42,Female,Killingbeck,2023,31/12/2022,15:57:53,-67.57076,-68.069549,31/12/2022 15:57,31/12/2022 12:57
KB_23_42928_42,Female,Killingbeck,2023,31/12/2022,16:00:22,-67.571722,-68.077631,31/12/2022 16:00,31/12/2022 13:00
KB_23_42928_42,Female,Killingbeck,2023,31/12/2022,16:03:21,-67.571655,-68.077717,31/12/2022 16:03,31/12/2022 13:03
KB_23_42928_42,Female,Killingbeck,2023,31/12/2022,16:05:20,-67.571291,-68.074589,31/12/2022 16:05,31/12/2022 13:05
KB_23_42928_42,Female,Killingbeck,2023,31/12/2022,16:07:19,-67.570789,-68.073265,31/12/2022 16:07,31/12/2022 13:07
KB_23_42928_42,Female,Killingbeck,2023,31/12/2022,16:09:46,-67.570695,-68.07258,31/12/2022 16:09,31/12/2022 13:09
KB_23_42928_42,Female,Killingbeck,2023,31/12/2022,16:12:07,-67.570417,-68.071529,31/12/2022 16:12,31/12/2022 13:12
KB_23_42928_42,Female,Killingbeck,2023,31/12/2022,16:14:48,-67.570371,-68.071432,31/12/2022 16:14,31/12/2022 13:14
KB_23_42928_42,Female,Killingbeck,2023,31/12/2022,16:17:05,-67.570464,-68.071914,31/12/2022 16:17,31/12/2022 13:17
KB_23_42928_42,Female,Killingbeck,2023,31/12/2022,16:19:39,-67.570416,-68.071752,31/12/2022 16:19,31/12/2022 13:19
KB_23_42928_42,Female,Killingbeck,2023,31/12/2022,16:21:39,-67.570718,-68.069538,31/12/2022 16:21,31/12/2022 13:21
KB_23_42928_42,Female,Killingbeck,2023,31/12/2022,16:23:27,-67.570707,-68.06954,31/12/2022 16:23,31/12/2022 13:23
KB_23_42928_42,Female,Killingbeck,2023,31/12/2022,16:25:25,-67.570704,-68.069592,31/12/2022 16:25,31/12/2022 13:25
KB_23_42928_42,Female,Killingbeck,2023,31/12/2022,16:27:25,-67.570719,-68.069621,31/12/2022 16:27,31/12/2022 13:27
KB_23_42928_42,Female,Killingbeck,2023,31/12/2022,16:29:26,-67.570758,-68.069726,31/12/2022 16:29,31/12/2022 13:29
KB_23_42928_42,Female,Killingbeck,2023,31/12/2022,16:31:31,-67.570729,-68.069618,31/12/2022 16:31,31/12/2022 13:31
KB_23_42928_42,Female,Killingbeck,2023,31/12/2022,16:33:33,-67.570733,-68.0696,31/12/2022 16:33,31/12/2022 13:33
KB_23_42928_42,Female,Killingbeck,2023,31/12/2022,16:35:23,-67.57073,-68.069612,31/12/2022 16:35,31/12/2022 13:35
KB_23_42928_42,Female,Killingbeck,2023,31/12/2022,16:37:20,-67.570705,-68.069678,31/12/2022 16:37,31/12/2022 13:37
KB_23_42928_42,Female,Killingbeck,2023,31/12/2022,16:39:21,-67.570656,-68.069671,31/12/2022 16:39,31/12/2022 13:39
KB_23_42928_42,Female,Killingbeck,2023,31/12/2022,16:41:30,-67.570746,-68.069504,31/12/2022 16:41,31/12/2022 13:41
KB_23_42928_42,Female,Killingbeck,2023,31/12/2022,16:43:32,-67.570772,-68.069484,31/12/2022 16:43,31/12/2022 13:43
KB_23_42928_42,Female,Killingbeck,2023,31/12/2022,16:45:31,-67.570824,-68.069394,31/12/2022 16:45,31/12/2022 13:45
KB_23_42928_42,Female,Killingbeck,2023,31/12/2022,16:47:25,-67.570762,-68.069517,31/12/2022 16:47,31/12/2022 13:47
KB_23_42928_42,Female,Killingbeck,2023,31/12/2022,16:49:29,-67.570682,-68.069696,31/12/2022 16:49,31/12/2022 13:49
KB_23_42928_42,Female,Killingbeck,2023,31/12/2022,16:51:29,-67.570747,-68.069587,31/12/2022 16:51,31/12/2022 13:51
KB_23_42928_42,Female,Killingbeck,2023,31/12/2022,16:53:49,-67.570648,-68.069682,31/12/2022 16:53,31/12/2022 13:53
KB_23_42928_42,Female,Killingbeck,2023,31/12/2022,16:55:59,-67.570744,-68.069477,31/12/2022 16:55,31/12/2022 13:55
KB_23_42928_42,Female,Killingbeck,2023,31/12/2022,16:57:48,-67.56946,-68.071016,31/12/2022 16:57,31/12/2022 13:57
KB_23_42928_42,Female,Killingbeck,2023,31/12/2022,16:59:52,-67.569775,-68.070798,31/12/2022 16:59,31/12/2022 13:59
KB_23_42928_42,Female,Killingbeck,2023,31/12/2022,17:01:59,-67.57037,-68.069845,31/12/2022 17:01,31/12/2022 14:01
KB_23_42928_42,Female,Killingbeck,2023,31/12/2022,17:03:56,-67.570827,-68.069546,31/12/2022 17:03,31/12/2022 14:03
KB_23_42928_42,Female,Killingbeck,2023,31/12/2022,17:05:45,-67.57078,-68.069583,31/12/2022 17:05,31/12/2022 14:05
KB_23_42928_42,Female,Killingbeck,2023,31/12/2022,17:07:43,-67.570737,-68.069586,31/12/2022 17:07,31/12/2022 14:07
KB_23_42928_42,Female,Killingbeck,2023,31/12/2022,17:09:43,-67.570756,-68.069536,31/12/2022 17:09,31/12/2022 14:09
KB_23_42928_42,Female,Killingbeck,2023,31/12/2022,17:11:44,-67.570641,-68.06963,31/12/2022 17:11,31/12/2022 14:11
KB_23_42928_42,Female,Killingbeck,2023,31/12/2022,17:13:43,-67.571014,-68.069492,31/12/2022 17:13,31/12/2022 14:13
KB_23_42928_42,Female,Killingbeck,2023,31/12/2022,17:15:40,-67.57077,-68.069834,31/12/2022 17:15,31/12/2022 14:15
KB_23_42928_42,Female,Killingbeck,2023,31/12/2022,17:17:39,-67.570751,-68.069658,31/12/2022 17:17,31/12/2022 14:17
KB_23_42928_42,Female,Killingbeck,2023,31/12/2022,17:19:39,-67.570801,-68.069933,31/12/2022 17:19,31/12/2022 14:19
KB_23_42928_42,Female,Killingbeck,2023,31/12/2022,17:21:38,-67.570738,-68.069567,31/12/2022 17:21,31/12/2022 14:21
KB_23_42928_42,Female,Killingbeck,2023,31/12/2022,17:23:26,-67.570778,-68.069812,31/12/2022 17:23,31/12/2022 14:23
KB_23_42928_42,Female,Killingbeck,2023,31/12/2022,17:25:25,-67.570784,-68.069963,31/12/2022 17:25,31/12/2022 14:25
KB_23_42928_42,Female,Killingbeck,2023,31/12/2022,17:27:24,-67.570749,-68.06983,31/12/2022 17:27,31/12/2022 14:27
KB_23_42928_42,Female,Killingbeck,2023,31/12/2022,17:29:23,-67.570682,-68.069848,31/12/2022 17:29,31/12/2022 14:29
KB_23_42928_42,Female,Killingbeck,2023,31/12/2022,17:31:22,-67.570739,-68.0699,31/12/2022 17:31,31/12/2022 14:31
KB_23_42928_42,Female,Killingbeck,2023,31/12/2022,17:33:21,-67.570761,-68.069884,31/12/2022 17:33,31/12/2022 14:33
KB_23_42928_42,Female,Killingbeck,2023,31/12/2022,17:35:20,-67.570781,-68.069883,31/12/2022 17:35,31/12/2022 14:35
KB_23_42928_42,Female,Killingbeck,2023,31/12/2022,17:37:21,-67.570279,-68.069875,31/12/2022 17:37,31/12/2022 14:37
KB_23_42928_42,Female,Killingbeck,2023,31/12/2022,17:39:20,-67.570603,-68.069433,31/12/2022 17:39,31/12/2022 14:39
KB_23_42928_42,Female,Killingbeck,2023,31/12/2022,17:41:19,-67.570365,-68.069212,31/12/2022 17:41,31/12/2022 14:41
KB_23_42928_42,Female,Killingbeck,2023,31/12/2022,17:43:18,-67.570749,-68.069804,31/12/2022 17:43,31/12/2022 14:43
KB_23_42928_42,Female,Killingbeck,2023,31/12/2022,17:45:15,-67.570868,-68.06973,31/12/2022 17:45,31/12/2022 14:45
KB_23_42928_42,Female,Killingbeck,2023,31/12/2022,17:47:26,-67.57067,-68.069781,31/12/2022 17:47,31/12/2022 14:47
KB_23_42928_42,Female,Killingbeck,2023,31/12/2022,17:49:15,-67.570702,-68.069585,31/12/2022 17:49,31/12/2022 14:49
KB_23_42928_42,Female,Killingbeck,2023,31/12/2022,17:51:11,-67.570734,-68.069851,31/12/2022 17:51,31/12/2022 14:51
KB_23_42928_42,Female,Killingbeck,2023,31/12/2022,17:53:01,-67.570688,-68.069729,31/12/2022 17:53,31/12/2022 14:53
KB_23_42928_42,Female,Killingbeck,2023,31/12/2022,17:55:00,-67.570776,-68.069751,31/12/2022 17:55,31/12/2022 14:55
KB_23_42928_42,Female,Killingbeck,2023,31/12/2022,17:57:01,-67.570759,-68.069612,31/12/2022 17:57,31/12/2022 14:57
KB_23_42928_42,Female,Killingbeck,2023,31/12/2022,17:59:11,-67.570778,-68.069692,31/12/2022 17:59,31/12/2022 14:59
KB_23_42928_42,Female,Killingbeck,2023,31/12/2022,18:01:08,-67.570729,-68.069768,31/12/2022 18:01,31/12/2022 15:01
KB_23_42928_42,Female,Killingbeck,2023,31/12/2022,18:03:00,-67.570793,-68.069629,31/12/2022 18:03,31/12/2022 15:03
KB_23_42928_42,Female,Killingbeck,2023,31/12/2022,18:04:56,-67.570748,-68.069687,31/12/2022 18:04,31/12/2022 15:04
KB_23_42928_42,Female,Killingbeck,2023,31/12/2022,18:06:58,-67.57079,-68.069304,31/12/2022 18:06,31/12/2022 15:06
KB_23_42928_42,Female,Killingbeck,2023,31/12/2022,18:08:54,-67.570713,-68.069745,31/12/2022 18:08,31/12/2022 15:08
KB_23_42928_42,Female,Killingbeck,2023,31/12/2022,18:10:53,-67.570725,-68.069782,31/12/2022 18:10,31/12/2022 15:10
KB_23_42928_42,Female,Killingbeck,2023,31/12/2022,18:12:52,-67.570685,-68.069592,31/12/2022 18:12,31/12/2022 15:12
KB_23_42928_42,Female,Killingbeck,2023,31/12/2022,18:14:51,-67.570666,-68.069436,31/12/2022 18:14,31/12/2022 15:14
KB_23_42928_42,Female,Killingbeck,2023,31/12/2022,18:16:51,-67.570705,-68.069469,31/12/2022 18:16,31/12/2022 15:16
KB_23_42928_42,Female,Killingbeck,2023,31/12/2022,18:18:50,-67.570839,-68.069534,31/12/2022 18:18,31/12/2022 15:18
KB_23_42928_42,Female,Killingbeck,2023,31/12/2022,18:20:50,-67.570703,-68.06949,31/12/2022 18:20,31/12/2022 15:20
KB_23_42928_42,Female,Killingbeck,2023,31/12/2022,18:22:38,-67.570676,-68.069455,31/12/2022 18:22,31/12/2022 15:22
KB_23_42928_42,Female,Killingbeck,2023,31/12/2022,18:24:37,-67.570706,-68.06948,31/12/2022 18:24,31/12/2022 15:24
KB_23_42928_42,Female,Killingbeck,2023,31/12/2022,18:26:35,-67.570677,-68.069324,31/12/2022 18:26,31/12/2022 15:26
KB_23_42928_42,Female,Killingbeck,2023,31/12/2022,18:28:34,-67.570699,-68.069442,31/12/2022 18:28,31/12/2022 15:28
KB_23_42928_42,Female,Killingbeck,2023,31/12/2022,18:30:33,-67.570711,-68.069475,31/12/2022 18:30,31/12/2022 15:30
KB_23_42928_42,Female,Killingbeck,2023,31/12/2022,18:32:33,-67.570675,-68.069528,31/12/2022 18:32,31/12/2022 15:32
KB_23_42928_42,Female,Killingbeck,2023,31/12/2022,18:34:32,-67.570717,-68.069728,31/12/2022 18:34,31/12/2022 15:34
KB_23_42928_42,Female,Killingbeck,2023,31/12/2022,18:36:31,-67.570698,-68.069437,31/12/2022 18:36,31/12/2022 15:36
KB_23_42928_42,Female,Killingbeck,2023,31/12/2022,18:38:29,-67.570701,-68.069536,31/12/2022 18:38,31/12/2022 15:38
KB_23_42928_42,Female,Killingbeck,2023,31/12/2022,18:40:29,-67.570741,-68.06927,31/12/2022 18:40,31/12/2022 15:40
KB_23_42928_42,Female,Killingbeck,2023,31/12/2022,18:42:28,-67.570708,-68.069493,31/12/2022 18:42,31/12/2022 15:42
KB_23_42928_42,Female,Killingbeck,2023,31/12/2022,18:44:26,-67.570802,-68.069825,31/12/2022 18:44,31/12/2022 15:44
KB_23_42928_42,Female,Killingbeck,2023,31/12/2022,18:46:26,-67.570719,-68.06968,31/12/2022 18:46,31/12/2022 15:46
KB_23_42928_42,Female,Killingbeck,2023,31/12/2022,18:48:26,-67.570781,-68.068746,31/12/2022 18:48,31/12/2022 15:48
KB_23_42928_42,Female,Killingbeck,2023,31/12/2022,18:50:27,-67.570699,-68.069325,31/12/2022 18:50,31/12/2022 15:50
KB_23_42928_42,Female,Killingbeck,2023,31/12/2022,18:52:13,-67.570725,-68.069677,31/12/2022 18:52,31/12/2022 15:52
KB_23_42928_42,Female,Killingbeck,2023,31/12/2022,18:54:14,-67.570737,-68.069085,31/12/2022 18:54,31/12/2022 15:54
KB_23_42928_42,Female,Killingbeck,2023,31/12/2022,18:56:10,-67.570784,-68.069648,31/12/2022 18:56,31/12/2022 15:56
KB_23_42928_42,Female,Killingbeck,2023,31/12/2022,18:58:10,-67.570682,-68.069532,31/12/2022 18:58,31/12/2022 15:58
KB_23_42928_42,Female,Killingbeck,2023,31/12/2022,19:00:08,-67.570711,-68.069553,31/12/2022 19:00,31/12/2022 16:00
KB_23_42928_42,Female,Killingbeck,2023,31/12/2022,19:02:09,-67.570738,-68.069268,31/12/2022 19:02,31/12/2022 16:02
KB_23_42928_42,Female,Killingbeck,2023,31/12/2022,19:04:06,-67.570628,-68.069194,31/12/2022 19:04,31/12/2022 16:04
KB_23_42928_42,Female,Killingbeck,2023,31/12/2022,19:06:08,-67.571081,-68.06925,31/12/2022 19:06,31/12/2022 16:06
KB_23_42928_42,Female,Killingbeck,2023,31/12/2022,19:08:07,-67.57073,-68.06947,31/12/2022 19:08,31/12/2022 16:08
KB_23_42928_42,Female,Killingbeck,2023,31/12/2022,19:10:05,-67.570684,-68.069444,31/12/2022 19:10,31/12/2022 16:10
KB_23_42928_42,Female,Killingbeck,2023,31/12/2022,19:12:05,-67.570637,-68.069372,31/12/2022 19:12,31/12/2022 16:12
KB_23_42928_42,Female,Killingbeck,2023,31/12/2022,19:14:04,-67.571068,-68.069419,31/12/2022 19:14,31/12/2022 16:14
KB_23_42928_42,Female,Killingbeck,2023,31/12/2022,19:16:03,-67.570697,-68.069494,31/12/2022 19:16,31/12/2022 16:16
KB_23_42928_42,Female,Killingbeck,2023,31/12/2022,19:18:02,-67.570683,-68.069647,31/12/2022 19:18,31/12/2022 16:18
KB_23_42928_42,Female,Killingbeck,2023,31/12/2022,19:20:01,-67.570687,-68.069625,31/12/2022 19:20,31/12/2022 16:20
KB_23_42928_42,Female,Killingbeck,2023,31/12/2022,19:22:00,-67.570758,-68.069441,31/12/2022 19:22,31/12/2022 16:22
KB_23_42928_42,Female,Killingbeck,2023,31/12/2022,19:23:59,-67.570637,-68.069704,31/12/2022 19:23,31/12/2022 16:23
KB_23_42928_42,Female,Killingbeck,2023,31/12/2022,19:25:57,-67.570702,-68.06943,31/12/2022 19:25,31/12/2022 16:25
KB_23_42928_42,Female,Killingbeck,2023,31/12/2022,19:27:57,-67.570624,-68.069651,31/12/2022 19:27,31/12/2022 16:27
KB_23_42928_42,Female,Killingbeck,2023,31/12/2022,19:29:55,-67.570754,-68.069619,31/12/2022 19:29,31/12/2022 16:29
KB_23_42928_42,Female,Killingbeck,2023,31/12/2022,19:31:57,-67.570697,-68.069733,31/12/2022 19:31,31/12/2022 16:31
KB_23_42928_42,Female,Killingbeck,2023,31/12/2022,19:33:54,-67.570684,-68.069608,31/12/2022 19:33,31/12/2022 16:33
KB_23_42928_42,Female,Killingbeck,2023,31/12/2022,19:35:53,-67.570696,-68.069554,31/12/2022 19:35,31/12/2022 16:35
KB_23_42928_42,Female,Killingbeck,2023,31/12/2022,19:37:52,-67.570685,-68.069522,31/12/2022 19:37,31/12/2022 16:37
KB_23_42928_42,Female,Killingbeck,2023,31/12/2022,19:39:51,-67.57065,-68.069673,31/12/2022 19:39,31/12/2022 16:39
KB_23_42928_42,Female,Killingbeck,2023,31/12/2022,19:41:50,-67.570688,-68.069696,31/12/2022 19:41,31/12/2022 16:41
KB_23_42928_42,Female,Killingbeck,2023,31/12/2022,19:43:50,-67.570697,-68.069597,31/12/2022 19:43,31/12/2022 16:43
KB_23_42928_42,Female,Killingbeck,2023,31/12/2022,19:45:47,-67.570733,-68.069716,31/12/2022 19:45,31/12/2022 16:45
KB_23_42928_42,Female,Killingbeck,2023,31/12/2022,19:47:47,-67.570698,-68.069705,31/12/2022 19:47,31/12/2022 16:47
KB_23_42928_42,Female,Killingbeck,2023,31/12/2022,19:49:47,-67.57025,-68.068414,31/12/2022 19:49,31/12/2022 16:49
KB_23_42928_42,Female,Killingbeck,2023,31/12/2022,19:51:46,-67.570743,-68.069781,31/12/2022 19:51,31/12/2022 16:51
KB_23_42928_42,Female,Killingbeck,2023,31/12/2022,19:53:45,-67.570738,-68.069557,31/12/2022 19:53,31/12/2022 16:53
KB_23_42928_42,Female,Killingbeck,2023,31/12/2022,19:55:44,-67.570659,-68.069532,31/12/2022 19:55,31/12/2022 16:55
KB_23_42928_42,Female,Killingbeck,2023,31/12/2022,19:57:43,-67.570726,-68.069817,31/12/2022 19:57,31/12/2022 16:57
KB_23_42928_42,Female,Killingbeck,2023,31/12/2022,19:59:44,-67.570427,-68.069128,31/12/2022 19:59,31/12/2022 16:59
KB_23_42928_42,Female,Killingbeck,2023,31/12/2022,20:01:41,-67.570703,-68.06931,31/12/2022 20:01,31/12/2022 17:01
KB_23_42928_42,Female,Killingbeck,2023,31/12/2022,20:03:40,-67.570711,-68.069504,31/12/2022 20:03,31/12/2022 17:03
KB_23_42928_42,Female,Killingbeck,2023,31/12/2022,20:05:38,-67.570668,-68.069915,31/12/2022 20:05,31/12/2022 17:05
KB_23_42928_42,Female,Killingbeck,2023,31/12/2022,20:07:37,-67.570671,-68.069341,31/12/2022 20:07,31/12/2022 17:07
KB_23_42928_42,Female,Killingbeck,2023,31/12/2022,20:09:36,-67.570692,-68.069421,31/12/2022 20:09,31/12/2022 17:09
KB_23_42928_42,Female,Killingbeck,2023,31/12/2022,20:11:35,-67.570677,-68.069461,31/12/2022 20:11,31/12/2022 17:11
KB_23_42928_42,Female,Killingbeck,2023,31/12/2022,20:13:34,-67.570672,-68.069519,31/12/2022 20:13,31/12/2022 17:13
KB_23_42928_42,Female,Killingbeck,2023,31/12/2022,20:15:36,-67.570713,-68.069503,31/12/2022 20:15,31/12/2022 17:15
KB_23_42928_42,Female,Killingbeck,2023,31/12/2022,20:17:33,-67.57066,-68.069372,31/12/2022 20:17,31/12/2022 17:17
KB_23_42928_42,Female,Killingbeck,2023,31/12/2022,20:19:32,-67.570754,-68.069496,31/12/2022 20:19,31/12/2022 17:19
KB_23_42928_42,Female,Killingbeck,2023,31/12/2022,20:21:31,-67.570699,-68.069456,31/12/2022 20:21,31/12/2022 17:21
KB_23_42928_42,Female,Killingbeck,2023,31/12/2022,20:23:30,-67.570778,-68.069416,31/12/2022 20:23,31/12/2022 17:23
KB_23_42928_42,Female,Killingbeck,2023,31/12/2022,20:25:29,-67.570674,-68.069532,31/12/2022 20:25,31/12/2022 17:25
KB_23_42928_42,Female,Killingbeck,2023,31/12/2022,20:27:31,-67.570757,-68.069722,31/12/2022 20:27,31/12/2022 17:27
KB_23_42928_42,Female,Killingbeck,2023,31/12/2022,20:29:27,-67.570707,-68.069414,31/12/2022 20:29,31/12/2022 17:29
KB_23_42928_42,Female,Killingbeck,2023,31/12/2022,20:31:26,-67.570646,-68.069188,31/12/2022 20:31,31/12/2022 17:31
KB_23_42928_42,Female,Killingbeck,2023,31/12/2022,20:33:25,-67.570713,-68.06938,31/12/2022 20:33,31/12/2022 17:33
KB_23_42928_42,Female,Killingbeck,2023,31/12/2022,20:35:24,-67.570689,-68.069429,31/12/2022 20:35,31/12/2022 17:35
KB_23_42928_42,Female,Killingbeck,2023,31/12/2022,20:37:23,-67.570715,-68.069378,31/12/2022 20:37,31/12/2022 17:37
KB_23_42928_42,Female,Killingbeck,2023,31/12/2022,20:39:22,-67.570662,-68.069269,31/12/2022 20:39,31/12/2022 17:39
KB_23_42928_42,Female,Killingbeck,2023,31/12/2022,20:41:21,-67.57064,-68.069413,31/12/2022 20:41,31/12/2022 17:41
KB_23_42928_42,Female,Killingbeck,2023,31/12/2022,20:43:20,-67.570596,-68.069483,31/12/2022 20:43,31/12/2022 17:43
KB_23_42928_42,Female,Killingbeck,2023,31/12/2022,20:45:21,-67.570709,-68.069404,31/12/2022 20:45,31/12/2022 17:45
KB_23_42928_42,Female,Killingbeck,2023,31/12/2022,20:47:19,-67.570707,-68.069402,31/12/2022 20:47,31/12/2022 17:47
KB_23_42928_42,Female,Killingbeck,2023,31/12/2022,20:49:18,-67.570622,-68.069489,31/12/2022 20:49,31/12/2022 17:49
KB_23_42928_42,Female,Killingbeck,2023,31/12/2022,20:51:17,-67.570731,-68.069303,31/12/2022 20:51,31/12/2022 17:51
KB_23_42928_42,Female,Killingbeck,2023,31/12/2022,20:53:16,-67.570693,-68.06942,31/12/2022 20:53,31/12/2022 17:53
KB_23_42928_42,Female,Killingbeck,2023,31/12/2022,20:55:15,-67.570715,-68.069421,31/12/2022 20:55,31/12/2022 17:55
KB_23_42928_42,Female,Killingbeck,2023,31/12/2022,20:57:14,-67.570732,-68.069441,31/12/2022 20:57,31/12/2022 17:57
KB_23_42928_42,Female,Killingbeck,2023,31/12/2022,20:59:13,-67.570677,-68.069474,31/12/2022 20:59,31/12/2022 17:59
KB_23_42928_42,Female,Killingbeck,2023,31/12/2022,21:01:12,-67.570706,-68.069377,31/12/2022 21:01,31/12/2022 18:01
KB_23_42928_42,Female,Killingbeck,2023,31/12/2022,21:03:11,-67.570765,-68.069424,31/12/2022 21:03,31/12/2022 18:03
KB_23_42928_42,Female,Killingbeck,2023,31/12/2022,21:05:10,-67.570719,-68.069432,31/12/2022 21:05,31/12/2022 18:05
KB_23_42928_42,Female,Killingbeck,2023,31/12/2022,21:07:09,-67.570719,-68.069362,31/12/2022 21:07,31/12/2022 18:07
KB_23_42928_42,Female,Killingbeck,2023,31/12/2022,21:09:08,-67.570654,-68.069429,31/12/2022 21:09,31/12/2022 18:09
KB_23_42928_42,Female,Killingbeck,2023,31/12/2022,21:11:07,-67.570634,-68.069355,31/12/2022 21:11,31/12/2022 18:11
KB_23_42928_42,Female,Killingbeck,2023,31/12/2022,21:13:07,-67.570725,-68.069522,31/12/2022 21:13,31/12/2022 18:13
KB_23_42928_42,Female,Killingbeck,2023,31/12/2022,21:15:06,-67.570698,-68.069328,31/12/2022 21:15,31/12/2022 18:15
KB_23_42928_42,Female,Killingbeck,2023,31/12/2022,21:17:05,-67.570628,-68.069388,31/12/2022 21:17,31/12/2022 18:17
KB_23_42928_42,Female,Killingbeck,2023,31/12/2022,21:19:04,-67.570696,-68.069487,31/12/2022 21:19,31/12/2022 18:19
KB_23_42928_42,Female,Killingbeck,2023,31/12/2022,21:21:03,-67.57064,-68.069318,31/12/2022 21:21,31/12/2022 18:21
KB_23_42928_42,Female,Killingbeck,2023,31/12/2022,21:23:03,-67.570698,-68.069138,31/12/2022 21:23,31/12/2022 18:23
KB_23_42928_42,Female,Killingbeck,2023,31/12/2022,21:25:02,-67.570696,-68.069479,31/12/2022 21:25,31/12/2022 18:25
KB_23_42928_42,Female,Killingbeck,2023,31/12/2022,21:27:00,-67.5707,-68.069388,31/12/2022 21:27,31/12/2022 18:27
KB_23_42928_42,Female,Killingbeck,2023,31/12/2022,21:29:01,-67.570676,-68.069366,31/12/2022 21:29,31/12/2022 18:29
KB_23_42928_42,Female,Killingbeck,2023,31/12/2022,21:30:59,-67.57065,-68.069332,31/12/2022 21:30,31/12/2022 18:30
KB_23_42928_42,Female,Killingbeck,2023,31/12/2022,21:32:57,-67.570678,-68.069173,31/12/2022 21:32,31/12/2022 18:32
KB_23_42928_42,Female,Killingbeck,2023,31/12/2022,21:34:56,-67.570706,-68.06941,31/12/2022 21:34,31/12/2022 18:34
KB_23_42928_42,Female,Killingbeck,2023,31/12/2022,21:36:55,-67.570735,-68.069553,31/12/2022 21:36,31/12/2022 18:36
KB_23_42928_42,Female,Killingbeck,2023,31/12/2022,21:38:54,-67.570679,-68.069264,31/12/2022 21:38,31/12/2022 18:38
KB_23_42928_42,Female,Killingbeck,2023,31/12/2022,21:40:53,-67.570713,-68.069466,31/12/2022 21:40,31/12/2022 18:40
KB_23_42928_42,Female,Killingbeck,2023,31/12/2022,21:42:52,-67.570648,-68.06927,31/12/2022 21:42,31/12/2022 18:42
KB_23_42928_42,Female,Killingbeck,2023,31/12/2022,21:44:52,-67.570703,-68.069404,31/12/2022 21:44,31/12/2022 18:44
KB_23_42928_42,Female,Killingbeck,2023,31/12/2022,21:46:51,-67.570674,-68.069292,31/12/2022 21:46,31/12/2022 18:46
KB_23_42928_42,Female,Killingbeck,2023,31/12/2022,21:48:50,-67.570682,-68.06933,31/12/2022 21:48,31/12/2022 18:48
KB_23_42928_42,Female,Killingbeck,2023,31/12/2022,21:50:49,-67.570738,-68.069427,31/12/2022 21:50,31/12/2022 18:50
KB_23_42928_42,Female,Killingbeck,2023,31/12/2022,21:52:48,-67.570695,-68.069248,31/12/2022 21:52,31/12/2022 18:52
KB_23_42928_42,Female,Killingbeck,2023,31/12/2022,21:54:47,-67.570686,-68.069204,31/12/2022 21:54,31/12/2022 18:54
KB_23_42928_42,Female,Killingbeck,2023,31/12/2022,21:56:46,-67.570718,-68.069367,31/12/2022 21:56,31/12/2022 18:56
KB_23_42928_42,Female,Killingbeck,2023,31/12/2022,21:58:45,-67.570626,-68.06913,31/12/2022 21:58,31/12/2022 18:58
KB_23_42928_42,Female,Killingbeck,2023,31/12/2022,22:00:44,-67.570664,-68.069386,31/12/2022 22:00,31/12/2022 19:00
KB_23_42928_42,Female,Killingbeck,2023,31/12/2022,22:02:43,-67.570651,-68.069356,31/12/2022 22:02,31/12/2022 19:02
KB_23_42928_42,Female,Killingbeck,2023,31/12/2022,22:04:42,-67.570669,-68.069298,31/12/2022 22:04,31/12/2022 19:04
KB_23_42928_42,Female,Killingbeck,2023,31/12/2022,22:06:42,-67.570183,-68.06855,31/12/2022 22:06,31/12/2022 19:06
KB_23_42928_42,Female,Killingbeck,2023,31/12/2022,22:08:41,-67.570661,-68.069299,31/12/2022 22:08,31/12/2022 19:08
KB_23_42928_42,Female,Killingbeck,2023,31/12/2022,22:10:39,-67.570711,-68.069302,31/12/2022 22:10,31/12/2022 19:10
KB_23_42928_42,Female,Killingbeck,2023,31/12/2022,22:12:40,-67.570706,-68.069338,31/12/2022 22:12,31/12/2022 19:12
KB_23_42928_42,Female,Killingbeck,2023,31/12/2022,22:14:38,-67.570702,-68.069382,31/12/2022 22:14,31/12/2022 19:14
KB_23_42928_42,Female,Killingbeck,2023,31/12/2022,22:16:37,-67.570708,-68.069324,31/12/2022 22:16,31/12/2022 19:16
KB_23_42928_42,Female,Killingbeck,2023,31/12/2022,22:18:36,-67.570707,-68.069506,31/12/2022 22:18,31/12/2022 19:18
KB_23_42928_42,Female,Killingbeck,2023,31/12/2022,22:20:35,-67.570692,-68.06944,31/12/2022 22:20,31/12/2022 19:20
KB_23_42928_42,Female,Killingbeck,2023,31/12/2022,22:22:34,-67.570704,-68.069353,31/12/2022 22:22,31/12/2022 19:22
KB_23_42928_42,Female,Killingbeck,2023,31/12/2022,22:24:33,-67.57064,-68.069232,31/12/2022 22:24,31/12/2022 19:24
KB_23_42928_42,Female,Killingbeck,2023,31/12/2022,22:26:32,-67.570697,-68.06941,31/12/2022 22:26,31/12/2022 19:26
KB_23_42928_42,Female,Killingbeck,2023,31/12/2022,22:28:31,-67.570708,-68.069386,31/12/2022 22:28,31/12/2022 19:28
KB_23_42928_42,Female,Killingbeck,2023,31/12/2022,22:30:30,-67.570668,-68.069356,31/12/2022 22:30,31/12/2022 19:30
KB_23_42928_42,Female,Killingbeck,2023,31/12/2022,22:32:29,-67.570626,-68.069365,31/12/2022 22:32,31/12/2022 19:32
KB_23_42928_42,Female,Killingbeck,2023,31/12/2022,22:34:28,-67.570722,-68.069583,31/12/2022 22:34,31/12/2022 19:34
KB_23_42928_42,Female,Killingbeck,2023,31/12/2022,22:36:28,-67.570681,-68.0694,31/12/2022 22:36,31/12/2022 19:36
KB_23_42928_42,Female,Killingbeck,2023,31/12/2022,22:38:27,-67.57071,-68.069417,31/12/2022 22:38,31/12/2022 19:38
KB_23_42928_42,Female,Killingbeck,2023,31/12/2022,22:40:25,-67.57073,-68.069524,31/12/2022 22:40,31/12/2022 19:40
KB_23_42928_42,Female,Killingbeck,2023,31/12/2022,22:42:25,-67.570718,-68.069263,31/12/2022 22:42,31/12/2022 19:42
KB_23_42928_42,Female,Killingbeck,2023,31/12/2022,22:44:25,-67.570687,-68.069377,31/12/2022 22:44,31/12/2022 19:44
KB_23_42928_42,Female,Killingbeck,2023,31/12/2022,22:46:24,-67.570733,-68.069518,31/12/2022 22:46,31/12/2022 19:46
KB_23_42928_42,Female,Killingbeck,2023,31/12/2022,22:48:22,-67.570664,-68.069228,31/12/2022 22:48,31/12/2022 19:48
KB_23_42928_42,Female,Killingbeck,2023,31/12/2022,22:50:21,-67.57082,-68.069398,31/12/2022 22:50,31/12/2022 19:50
KB_23_42928_42,Female,Killingbeck,2023,31/12/2022,22:52:20,-67.570643,-68.069316,31/12/2022 22:52,31/12/2022 19:52
KB_23_42928_42,Female,Killingbeck,2023,31/12/2022,22:54:20,-67.570756,-68.069325,31/12/2022 22:54,31/12/2022 19:54
KB_23_42928_42,Female,Killingbeck,2023,31/12/2022,22:56:18,-67.570722,-68.069236,31/12/2022 22:56,31/12/2022 19:56
KB_23_42928_42,Female,Killingbeck,2023,31/12/2022,22:58:20,-67.570758,-68.069544,31/12/2022 22:58,31/12/2022 19:58
KB_23_42928_42,Female,Killingbeck,2023,31/12/2022,23:00:19,-67.570804,-68.069512,31/12/2022 23:00,31/12/2022 20:00
KB_23_42928_42,Female,Killingbeck,2023,31/12/2022,23:02:21,-67.570817,-68.069066,31/12/2022 23:02,31/12/2022 20:02
KB_23_42928_42,Female,Killingbeck,2023,31/12/2022,23:04:16,-67.570768,-68.069337,31/12/2022 23:04,31/12/2022 20:04
KB_23_42928_42,Female,Killingbeck,2023,31/12/2022,23:06:17,-67.570758,-68.069635,31/12/2022 23:06,31/12/2022 20:06
KB_23_42928_42,Female,Killingbeck,2023,31/12/2022,23:08:16,-67.570773,-68.069575,31/12/2022 23:08,31/12/2022 20:08
KB_23_42928_42,Female,Killingbeck,2023,31/12/2022,23:10:13,-67.570757,-68.069261,31/12/2022 23:10,31/12/2022 20:10
KB_23_42928_42,Female,Killingbeck,2023,31/12/2022,23:12:14,-67.570753,-68.069423,31/12/2022 23:12,31/12/2022 20:12
KB_23_42928_42,Female,Killingbeck,2023,31/12/2022,23:14:11,-67.5708,-68.06937,31/12/2022 23:14,31/12/2022 20:14
KB_23_42928_42,Female,Killingbeck,2023,31/12/2022,23:16:15,-67.570795,-68.069398,31/12/2022 23:16,31/12/2022 20:16
KB_23_42928_42,Female,Killingbeck,2023,31/12/2022,23:18:10,-67.570754,-68.069293,31/12/2022 23:18,31/12/2022 20:18
KB_23_42928_42,Female,Killingbeck,2023,31/12/2022,23:20:08,-67.570774,-68.069354,31/12/2022 23:20,31/12/2022 20:20
KB_23_42928_42,Female,Killingbeck,2023,31/12/2022,23:22:08,-67.570768,-68.069418,31/12/2022 23:22,31/12/2022 20:22
KB_23_42928_42,Female,Killingbeck,2023,31/12/2022,23:24:07,-67.570746,-68.069411,31/12/2022 23:24,31/12/2022 20:24
KB_23_42928_42,Female,Killingbeck,2023,31/12/2022,23:26:06,-67.570753,-68.069443,31/12/2022 23:26,31/12/2022 20:26
KB_23_42928_42,Female,Killingbeck,2023,31/12/2022,23:28:05,-67.57078,-68.069432,31/12/2022 23:28,31/12/2022 20:28
KB_23_42928_42,Female,Killingbeck,2023,31/12/2022,23:30:04,-67.570722,-68.06938,31/12/2022 23:30,31/12/2022 20:30
KB_23_42928_42,Female,Killingbeck,2023,31/12/2022,23:32:02,-67.570697,-68.069376,31/12/2022 23:32,31/12/2022 20:32
KB_23_42928_42,Female,Killingbeck,2023,31/12/2022,23:34:01,-67.570687,-68.069504,31/12/2022 23:34,31/12/2022 20:34
KB_23_42928_42,Female,Killingbeck,2023,31/12/2022,23:36:00,-67.57067,-68.069461,31/12/2022 23:36,31/12/2022 20:36
KB_23_42928_42,Female,Killingbeck,2023,31/12/2022,23:37:59,-67.570705,-68.069449,31/12/2022 23:37,31/12/2022 20:37
KB_23_42928_42,Female,Killingbeck,2023,31/12/2022,23:39:59,-67.570759,-68.069755,31/12/2022 23:39,31/12/2022 20:39
KB_23_42928_42,Female,Killingbeck,2023,31/12/2022,23:41:57,-67.570766,-68.069903,31/12/2022 23:41,31/12/2022 20:41
KB_23_42928_42,Female,Killingbeck,2023,31/12/2022,23:43:58,-67.570695,-68.069694,31/12/2022 23:43,31/12/2022 20:43
KB_23_42928_42,Female,Killingbeck,2023,31/12/2022,23:45:56,-67.57069,-68.06958,31/12/2022 23:45,31/12/2022 20:45
KB_23_42928_42,Female,Killingbeck,2023,31/12/2022,23:47:56,-67.570727,-68.069524,31/12/2022 23:47,31/12/2022 20:47
KB_23_42928_42,Female,Killingbeck,2023,31/12/2022,23:49:54,-67.57073,-68.069655,31/12/2022 23:49,31/12/2022 20:49
KB_23_42928_42,Female,Killingbeck,2023,31/12/2022,23:51:53,-67.570748,-68.069649,31/12/2022 23:51,31/12/2022 20:51
KB_23_42928_42,Female,Killingbeck,2023,31/12/2022,23:53:53,-67.570752,-68.069742,31/12/2022 23:53,31/12/2022 20:53
KB_23_42928_42,Female,Killingbeck,2023,31/12/2022,23:55:52,-67.570752,-68.069709,31/12/2022 23:55,31/12/2022 20:55
KB_23_42928_42,Female,Killingbeck,2023,31/12/2022,23:57:53,-67.570737,-68.069802,31/12/2022 23:57,31/12/2022 20:57
KB_23_42928_42,Female,Killingbeck,2023,31/12/2022,23:59:49,-67.570754,-68.069655,31/12/2022 23:59,31/12/2022 20:59
KB_23_42928_42,Female,Killingbeck,2023,01/01/2023,00:01:48,-67.570692,-68.069506,01/01/2023 00:01,31/12/2022 21:01
KB_23_42928_42,Female,Killingbeck,2023,01/01/2023,00:03:47,-67.570685,-68.069535,01/01/2023 00:03,31/12/2022 21:03
KB_23_42928_42,Female,Killingbeck,2023,01/01/2023,00:05:46,-67.570788,-68.069517,01/01/2023 00:05,31/12/2022 21:05
KB_23_42928_42,Female,Killingbeck,2023,01/01/2023,00:07:45,-67.570591,-68.069347,01/01/2023 00:07,31/12/2022 21:07
KB_23_42928_42,Female,Killingbeck,2023,01/01/2023,00:09:45,-67.570755,-68.069455,01/01/2023 00:09,31/12/2022 21:09
KB_23_42928_42,Female,Killingbeck,2023,01/01/2023,00:11:43,-67.570635,-68.069556,01/01/2023 00:11,31/12/2022 21:11
KB_23_42928_42,Female,Killingbeck,2023,01/01/2023,00:13:44,-67.570666,-68.069555,01/01/2023 00:13,31/12/2022 21:13
KB_23_42928_42,Female,Killingbeck,2023,01/01/2023,00:15:42,-67.57066,-68.069398,01/01/2023 00:15,31/12/2022 21:15
KB_23_42928_42,Female,Killingbeck,2023,01/01/2023,00:17:41,-67.570644,-68.069359,01/01/2023 00:17,31/12/2022 21:17
KB_23_42928_42,Female,Killingbeck,2023,01/01/2023,00:19:41,-67.570646,-68.069279,01/01/2023 00:19,31/12/2022 21:19
KB_23_42928_42,Female,Killingbeck,2023,01/01/2023,00:21:40,-67.570598,-68.069174,01/01/2023 00:21,31/12/2022 21:21
KB_23_42928_42,Female,Killingbeck,2023,01/01/2023,00:23:38,-67.570651,-68.069396,01/01/2023 00:23,31/12/2022 21:23
KB_23_42928_42,Female,Killingbeck,2023,01/01/2023,00:25:37,-67.570654,-68.069298,01/01/2023 00:25,31/12/2022 21:25
KB_23_42928_42,Female,Killingbeck,2023,01/01/2023,00:27:36,-67.57072,-68.069534,01/01/2023 00:27,31/12/2022 21:27
KB_23_42928_42,Female,Killingbeck,2023,01/01/2023,00:29:35,-67.570706,-68.06931,01/01/2023 00:29,31/12/2022 21:29
KB_23_42928_42,Female,Killingbeck,2023,01/01/2023,00:31:34,-67.570643,-68.069354,01/01/2023 00:31,31/12/2022 21:31
KB_23_42928_42,Female,Killingbeck,2023,01/01/2023,00:33:33,-67.57066,-68.069318,01/01/2023 00:33,31/12/2022 21:33
KB_23_42928_42,Female,Killingbeck,2023,01/01/2023,00:35:32,-67.570717,-68.069444,01/01/2023 00:35,31/12/2022 21:35
KB_23_42928_42,Female,Killingbeck,2023,01/01/2023,00:37:32,-67.570669,-68.069379,01/01/2023 00:37,31/12/2022 21:37
KB_23_42928_42,Female,Killingbeck,2023,01/01/2023,00:39:31,-67.570748,-68.069518,01/01/2023 00:39,31/12/2022 21:39
KB_23_42928_42,Female,Killingbeck,2023,01/01/2023,00:41:30,-67.570625,-68.069174,01/01/2023 00:41,31/12/2022 21:41
KB_23_42928_42,Female,Killingbeck,2023,01/01/2023,00:43:29,-67.5707,-68.06934,01/01/2023 00:43,31/12/2022 21:43
KB_23_42928_42,Female,Killingbeck,2023,01/01/2023,00:45:28,-67.570778,-68.06952,01/01/2023 00:45,31/12/2022 21:45
KB_23_42928_42,Female,Killingbeck,2023,01/01/2023,00:47:28,-67.570746,-68.069478,01/01/2023 00:47,31/12/2022 21:47
KB_23_42928_42,Female,Killingbeck,2023,01/01/2023,00:49:26,-67.57069,-68.069309,01/01/2023 00:49,31/12/2022 21:49
KB_23_42928_42,Female,Killingbeck,2023,01/01/2023,00:51:25,-67.570631,-68.069201,01/01/2023 00:51,31/12/2022 21:51
KB_23_42928_42,Female,Killingbeck,2023,01/01/2023,00:53:24,-67.570789,-68.069452,01/01/2023 00:53,31/12/2022 21:53
KB_23_42928_42,Female,Killingbeck,2023,01/01/2023,00:55:23,-67.570703,-68.069371,01/01/2023 00:55,31/12/2022 21:55
KB_23_42928_42,Female,Killingbeck,2023,01/01/2023,00:57:22,-67.570635,-68.069197,01/01/2023 00:57,31/12/2022 21:57
KB_23_42928_42,Female,Killingbeck,2023,01/01/2023,00:59:22,-67.570771,-68.069178,01/01/2023 00:59,31/12/2022 21:59
KB_23_42928_42,Female,Killingbeck,2023,01/01/2023,01:01:21,-67.570747,-68.06929,01/01/2023 01:01,31/12/2022 22:01
KB_23_42928_42,Female,Killingbeck,2023,01/01/2023,01:03:22,-67.570706,-68.069367,01/01/2023 01:03,31/12/2022 22:03
KB_23_42928_42,Female,Killingbeck,2023,01/01/2023,01:05:19,-67.570632,-68.06933,01/01/2023 01:05,31/12/2022 22:05
KB_23_42928_42,Female,Killingbeck,2023,01/01/2023,01:07:17,-67.570721,-68.06935,01/01/2023 01:07,31/12/2022 22:07
KB_23_42928_42,Female,Killingbeck,2023,01/01/2023,01:09:16,-67.570705,-68.069452,01/01/2023 01:09,31/12/2022 22:09
KB_23_42928_42,Female,Killingbeck,2023,01/01/2023,01:11:16,-67.570667,-68.069282,01/01/2023 01:11,31/12/2022 22:11
KB_23_42928_42,Female,Killingbeck,2023,01/01/2023,01:13:16,-67.570764,-68.069477,01/01/2023 01:13,31/12/2022 22:13
KB_23_42928_42,Female,Killingbeck,2023,01/01/2023,01:15:16,-67.570729,-68.069414,01/01/2023 01:15,31/12/2022 22:15
KB_23_42928_42,Female,Killingbeck,2023,01/01/2023,01:17:13,-67.570759,-68.069376,01/01/2023 01:17,31/12/2022 22:17
KB_23_42928_42,Female,Killingbeck,2023,01/01/2023,01:19:13,-67.570767,-68.069232,01/01/2023 01:19,31/12/2022 22:19
KB_23_42928_42,Female,Killingbeck,2023,01/01/2023,01:21:11,-67.570675,-68.069396,01/01/2023 01:21,31/12/2022 22:21
KB_23_42928_42,Female,Killingbeck,2023,01/01/2023,01:23:10,-67.570714,-68.069377,01/01/2023 01:23,31/12/2022 22:23
KB_23_42928_42,Female,Killingbeck,2023,01/01/2023,01:25:10,-67.570749,-68.069454,01/01/2023 01:25,31/12/2022 22:25
KB_23_42928_42,Female,Killingbeck,2023,01/01/2023,01:27:08,-67.570656,-68.069315,01/01/2023 01:27,31/12/2022 22:27
KB_23_42928_42,Female,Killingbeck,2023,01/01/2023,01:29:08,-67.570712,-68.069387,01/01/2023 01:29,31/12/2022 22:29
KB_23_42928_42,Female,Killingbeck,2023,01/01/2023,01:31:09,-67.571058,-68.06953,01/01/2023 01:31,31/12/2022 22:31
KB_23_42928_42,Female,Killingbeck,2023,01/01/2023,01:33:06,-67.570943,-68.069591,01/01/2023 01:33,31/12/2022 22:33
KB_23_42928_42,Female,Killingbeck,2023,01/01/2023,01:35:04,-67.57071,-68.06942,01/01/2023 01:35,31/12/2022 22:35
KB_23_42928_42,Female,Killingbeck,2023,01/01/2023,01:37:03,-67.570742,-68.069378,01/01/2023 01:37,31/12/2022 22:37
KB_23_42928_42,Female,Killingbeck,2023,01/01/2023,01:39:02,-67.570763,-68.069428,01/01/2023 01:39,31/12/2022 22:39
KB_23_42928_42,Female,Killingbeck,2023,01/01/2023,01:41:04,-67.570881,-68.069242,01/01/2023 01:41,31/12/2022 22:41
KB_23_42928_42,Female,Killingbeck,2023,01/01/2023,01:43:01,-67.570744,-68.069472,01/01/2023 01:43,31/12/2022 22:43
KB_23_42928_42,Female,Killingbeck,2023,01/01/2023,01:45:00,-67.570744,-68.069337,01/01/2023 01:45,31/12/2022 22:45
KB_23_42928_42,Female,Killingbeck,2023,01/01/2023,01:46:59,-67.5707,-68.069336,01/01/2023 01:46,31/12/2022 22:46
KB_23_42928_42,Female,Killingbeck,2023,01/01/2023,01:48:59,-67.57079,-68.069239,01/01/2023 01:48,31/12/2022 22:48
KB_23_42928_42,Female,Killingbeck,2023,01/01/2023,01:50:58,-67.570823,-68.069281,01/01/2023 01:50,31/12/2022 22:50
KB_23_42928_42,Female,Killingbeck,2023,01/01/2023,01:52:56,-67.570761,-68.06927,01/01/2023 01:52,31/12/2022 22:52
KB_23_42928_42,Female,Killingbeck,2023,01/01/2023,01:54:56,-67.57078,-68.069289,01/01/2023 01:54,31/12/2022 22:54
KB_23_42928_42,Female,Killingbeck,2023,01/01/2023,01:56:54,-67.570881,-68.069493,01/01/2023 01:56,31/12/2022 22:56
KB_23_42928_42,Female,Killingbeck,2023,01/01/2023,01:58:53,-67.570822,-68.069485,01/01/2023 01:58,31/12/2022 22:58
KB_23_42928_42,Female,Killingbeck,2023,01/01/2023,02:00:52,-67.570759,-68.069271,01/01/2023 02:00,31/12/2022 23:00
KB_23_42928_42,Female,Killingbeck,2023,01/01/2023,02:02:51,-67.570752,-68.069354,01/01/2023 02:02,31/12/2022 23:02
KB_23_42928_42,Female,Killingbeck,2023,01/01/2023,02:04:51,-67.570835,-68.069328,01/01/2023 02:04,31/12/2022 23:04
KB_23_42928_42,Female,Killingbeck,2023,01/01/2023,02:06:56,-67.570831,-68.069456,01/01/2023 02:06,31/12/2022 23:06
KB_23_42928_42,Female,Killingbeck,2023,01/01/2023,02:08:50,-67.570769,-68.069536,01/01/2023 02:08,31/12/2022 23:08
KB_23_42928_42,Female,Killingbeck,2023,01/01/2023,02:10:48,-67.570809,-68.069497,01/01/2023 02:10,31/12/2022 23:10
KB_23_42928_42,Female,Killingbeck,2023,01/01/2023,02:12:48,-67.570739,-68.069597,01/01/2023 02:12,31/12/2022 23:12
KB_23_42928_42,Female,Killingbeck,2023,01/01/2023,02:14:48,-67.570765,-68.069372,01/01/2023 02:14,31/12/2022 23:14
KB_23_42928_42,Female,Killingbeck,2023,01/01/2023,02:16:46,-67.570794,-68.069313,01/01/2023 02:16,31/12/2022 23:16
KB_23_42928_42,Female,Killingbeck,2023,01/01/2023,02:18:46,-67.5708,-68.069416,01/01/2023 02:18,31/12/2022 23:18
KB_23_42928_42,Female,Killingbeck,2023,01/01/2023,02:20:45,-67.570809,-68.069445,01/01/2023 02:20,31/12/2022 23:20
KB_23_42928_42,Female,Killingbeck,2023,01/01/2023,02:22:43,-67.570748,-68.069281,01/01/2023 02:22,31/12/2022 23:22
KB_23_42928_42,Female,Killingbeck,2023,01/01/2023,02:24:42,-67.570736,-68.069537,01/01/2023 02:24,31/12/2022 23:24
KB_23_42928_42,Female,Killingbeck,2023,01/01/2023,02:26:42,-67.570827,-68.069492,01/01/2023 02:26,31/12/2022 23:26
KB_23_42928_42,Female,Killingbeck,2023,01/01/2023,02:28:41,-67.570724,-68.069397,01/01/2023 02:28,31/12/2022 23:28
KB_23_42928_42,Female,Killingbeck,2023,01/01/2023,02:30:39,-67.570751,-68.069431,01/01/2023 02:30,31/12/2022 23:30
KB_23_42928_42,Female,Killingbeck,2023,01/01/2023,02:32:39,-67.570734,-68.069554,01/01/2023 02:32,31/12/2022 23:32
KB_23_42928_42,Female,Killingbeck,2023,01/01/2023,02:34:37,-67.570784,-68.06932,01/01/2023 02:34,31/12/2022 23:34
KB_23_42928_42,Female,Killingbeck,2023,01/01/2023,02:36:37,-67.570703,-68.069644,01/01/2023 02:36,31/12/2022 23:36
KB_23_42928_42,Female,Killingbeck,2023,01/01/2023,02:38:36,-67.570717,-68.069807,01/01/2023 02:38,31/12/2022 23:38
KB_23_42928_42,Female,Killingbeck,2023,01/01/2023,02:40:34,-67.570795,-68.069714,01/01/2023 02:40,31/12/2022 23:40
KB_23_42928_42,Female,Killingbeck,2023,01/01/2023,02:42:34,-67.570755,-68.069585,01/01/2023 02:42,31/12/2022 23:42
KB_23_42928_42,Female,Killingbeck,2023,01/01/2023,02:44:36,-67.570766,-68.069885,01/01/2023 02:44,31/12/2022 23:44
KB_23_42928_42,Female,Killingbeck,2023,01/01/2023,02:46:32,-67.570765,-68.069586,01/01/2023 02:46,31/12/2022 23:46
KB_23_42928_42,Female,Killingbeck,2023,01/01/2023,02:48:31,-67.570751,-68.069666,01/01/2023 02:48,31/12/2022 23:48
KB_23_42928_42,Female,Killingbeck,2023,01/01/2023,02:50:30,-67.570752,-68.069403,01/01/2023 02:50,31/12/2022 23:50
KB_23_42928_42,Female,Killingbeck,2023,01/01/2023,02:52:29,-67.57081,-68.06943,01/01/2023 02:52,31/12/2022 23:52
KB_23_42928_42,Female,Killingbeck,2023,01/01/2023,02:54:29,-67.570771,-68.069587,01/01/2023 02:54,31/12/2022 23:54
KB_23_42928_42,Female,Killingbeck,2023,01/01/2023,02:56:26,-67.57075,-68.069687,01/01/2023 02:56,31/12/2022 23:56
KB_23_42928_42,Female,Killingbeck,2023,01/01/2023,02:58:25,-67.570767,-68.069511,01/01/2023 02:58,31/12/2022 23:58
KB_23_42928_42,Female,Killingbeck,2023,01/01/2023,03:00:24,-67.57079,-68.069553,01/01/2023 03:00,01/01/2023 00:00
KB_23_42928_42,Female,Killingbeck,2023,01/01/2023,03:02:23,-67.570747,-68.06956,01/01/2023 03:02,01/01/2023 00:02
KB_23_42928_42,Female,Killingbeck,2023,01/01/2023,03:04:22,-67.570743,-68.069509,01/01/2023 03:04,01/01/2023 00:04
KB_23_42928_42,Female,Killingbeck,2023,01/01/2023,03:06:22,-67.570821,-68.069563,01/01/2023 03:06,01/01/2023 00:06
KB_23_42928_42,Female,Killingbeck,2023,01/01/2023,03:08:21,-67.57077,-68.069518,01/01/2023 03:08,01/01/2023 00:08
KB_23_42928_42,Female,Killingbeck,2023,01/01/2023,03:10:21,-67.570731,-68.069429,01/01/2023 03:10,01/01/2023 00:10
KB_23_42928_42,Female,Killingbeck,2023,01/01/2023,03:12:20,-67.570738,-68.069654,01/01/2023 03:12,01/01/2023 00:12
KB_23_42928_42,Female,Killingbeck,2023,01/01/2023,03:14:19,-67.570766,-68.069567,01/01/2023 03:14,01/01/2023 00:14
KB_23_42928_42,Female,Killingbeck,2023,01/01/2023,03:16:18,-67.570757,-68.069467,01/01/2023 03:16,01/01/2023 00:16
KB_23_42928_42,Female,Killingbeck,2023,01/01/2023,03:18:17,-67.570716,-68.069583,01/01/2023 03:18,01/01/2023 00:18
KB_23_42928_42,Female,Killingbeck,2023,01/01/2023,03:20:16,-67.570749,-68.069474,01/01/2023 03:20,01/01/2023 00:20
KB_23_42928_42,Female,Killingbeck,2023,01/01/2023,03:22:15,-67.570746,-68.069509,01/01/2023 03:22,01/01/2023 00:22
KB_23_42928_42,Female,Killingbeck,2023,01/01/2023,03:24:14,-67.570797,-68.069404,01/01/2023 03:24,01/01/2023 00:24
KB_23_42928_42,Female,Killingbeck,2023,01/01/2023,03:26:14,-67.570735,-68.06954,01/01/2023 03:26,01/01/2023 00:26
KB_23_42928_42,Female,Killingbeck,2023,01/01/2023,03:28:12,-67.570706,-68.069472,01/01/2023 03:28,01/01/2023 00:28
KB_23_42928_42,Female,Killingbeck,2023,01/01/2023,03:30:11,-67.57068,-68.069521,01/01/2023 03:30,01/01/2023 00:30
KB_23_42928_42,Female,Killingbeck,2023,01/01/2023,03:32:11,-67.57074,-68.069627,01/01/2023 03:32,01/01/2023 00:32
KB_23_42928_42,Female,Killingbeck,2023,01/01/2023,03:34:09,-67.570722,-68.069449,01/01/2023 03:34,01/01/2023 00:34
KB_23_42928_42,Female,Killingbeck,2023,01/01/2023,03:36:08,-67.570746,-68.069451,01/01/2023 03:36,01/01/2023 00:36
KB_23_42928_42,Female,Killingbeck,2023,01/01/2023,03:38:08,-67.57074,-68.069558,01/01/2023 03:38,01/01/2023 00:38
KB_23_42928_42,Female,Killingbeck,2023,01/01/2023,03:40:08,-67.570758,-68.069504,01/01/2023 03:40,01/01/2023 00:40
KB_23_42928_42,Female,Killingbeck,2023,01/01/2023,03:42:06,-67.570809,-68.069659,01/01/2023 03:42,01/01/2023 00:42
KB_23_42928_42,Female,Killingbeck,2023,01/01/2023,03:44:06,-67.570789,-68.069362,01/01/2023 03:44,01/01/2023 00:44
KB_23_42928_42,Female,Killingbeck,2023,01/01/2023,03:46:05,-67.570717,-68.069726,01/01/2023 03:46,01/01/2023 00:46
KB_23_42928_42,Female,Killingbeck,2023,01/01/2023,03:48:06,-67.57078,-68.069656,01/01/2023 03:48,01/01/2023 00:48
KB_23_42928_42,Female,Killingbeck,2023,01/01/2023,03:50:05,-67.570755,-68.069556,01/01/2023 03:50,01/01/2023 00:50
KB_23_42928_42,Female,Killingbeck,2023,01/01/2023,03:52:02,-67.570784,-68.069698,01/01/2023 03:52,01/01/2023 00:52
KB_23_42928_42,Female,Killingbeck,2023,01/01/2023,03:53:59,-67.570751,-68.069586,01/01/2023 03:53,01/01/2023 00:53
KB_23_42928_42,Female,Killingbeck,2023,01/01/2023,03:55:59,-67.570745,-68.069658,01/01/2023 03:55,01/01/2023 00:55
KB_23_42928_42,Female,Killingbeck,2023,01/01/2023,03:57:57,-67.570779,-68.069513,01/01/2023 03:57,01/01/2023 00:57
KB_23_42928_42,Female,Killingbeck,2023,01/01/2023,03:59:59,-67.570772,-68.069517,01/01/2023 03:59,01/01/2023 00:59
KB_23_42928_42,Female,Killingbeck,2023,01/01/2023,04:01:56,-67.570815,-68.069529,01/01/2023 04:01,01/01/2023 01:01
KB_23_42928_42,Female,Killingbeck,2023,01/01/2023,04:03:55,-67.570784,-68.069347,01/01/2023 04:03,01/01/2023 01:03
KB_23_42928_42,Female,Killingbeck,2023,01/01/2023,04:05:56,-67.570602,-68.069394,01/01/2023 04:05,01/01/2023 01:05
KB_23_42928_42,Female,Killingbeck,2023,01/01/2023,04:07:53,-67.570797,-68.0693,01/01/2023 04:07,01/01/2023 01:07
KB_23_42928_42,Female,Killingbeck,2023,01/01/2023,04:09:51,-67.570768,-68.069343,01/01/2023 04:09,01/01/2023 01:09
KB_23_42928_42,Female,Killingbeck,2023,01/01/2023,04:11:52,-67.570713,-68.069391,01/01/2023 04:11,01/01/2023 01:11
KB_23_42928_42,Female,Killingbeck,2023,01/01/2023,04:13:52,-67.570736,-68.069543,01/01/2023 04:13,01/01/2023 01:13
KB_23_42928_42,Female,Killingbeck,2023,01/01/2023,04:15:51,-67.57072,-68.069362,01/01/2023 04:15,01/01/2023 01:15
KB_23_42928_42,Female,Killingbeck,2023,01/01/2023,04:17:52,-67.570781,-68.06938,01/01/2023 04:17,01/01/2023 01:17
KB_23_42928_42,Female,Killingbeck,2023,01/01/2023,04:19:48,-67.570761,-68.069468,01/01/2023 04:19,01/01/2023 01:19
KB_23_42928_42,Female,Killingbeck,2023,01/01/2023,04:21:47,-67.570773,-68.069448,01/01/2023 04:21,01/01/2023 01:21
KB_23_42928_42,Female,Killingbeck,2023,01/01/2023,04:23:47,-67.570772,-68.069726,01/01/2023 04:23,01/01/2023 01:23
KB_23_42928_42,Female,Killingbeck,2023,01/01/2023,04:25:46,-67.570788,-68.069465,01/01/2023 04:25,01/01/2023 01:25
KB_23_42928_42,Female,Killingbeck,2023,01/01/2023,04:27:45,-67.570712,-68.069413,01/01/2023 04:27,01/01/2023 01:27
KB_23_42928_42,Female,Killingbeck,2023,01/01/2023,04:29:44,-67.570834,-68.069522,01/01/2023 04:29,01/01/2023 01:29
KB_23_42928_42,Female,Killingbeck,2023,01/01/2023,04:31:43,-67.570823,-68.069615,01/01/2023 04:31,01/01/2023 01:31
KB_23_42928_42,Female,Killingbeck,2023,01/01/2023,04:33:42,-67.57074,-68.069587,01/01/2023 04:33,01/01/2023 01:33
KB_23_42928_42,Female,Killingbeck,2023,01/01/2023,04:35:43,-67.570745,-68.069413,01/01/2023 04:35,01/01/2023 01:35
KB_23_42928_42,Female,Killingbeck,2023,01/01/2023,04:37:47,-67.570755,-68.069618,01/01/2023 04:37,01/01/2023 01:37
KB_23_42928_42,Female,Killingbeck,2023,01/01/2023,04:39:42,-67.570734,-68.069213,01/01/2023 04:39,01/01/2023 01:39
KB_23_42928_42,Female,Killingbeck,2023,01/01/2023,04:41:41,-67.570773,-68.069409,01/01/2023 04:41,01/01/2023 01:41
KB_23_42928_42,Female,Killingbeck,2023,01/01/2023,04:43:46,-67.570785,-68.06955,01/01/2023 04:43,01/01/2023 01:43
KB_23_42928_42,Female,Killingbeck,2023,01/01/2023,04:45:40,-67.570773,-68.069298,01/01/2023 04:45,01/01/2023 01:45
KB_23_42928_42,Female,Killingbeck,2023,01/01/2023,04:47:39,-67.570733,-68.069342,01/01/2023 04:47,01/01/2023 01:47
KB_23_42928_42,Female,Killingbeck,2023,01/01/2023,04:49:37,-67.570702,-68.069709,01/01/2023 04:49,01/01/2023 01:49
KB_23_42928_42,Female,Killingbeck,2023,01/01/2023,04:51:33,-67.570758,-68.069487,01/01/2023 04:51,01/01/2023 01:51
KB_23_42928_42,Female,Killingbeck,2023,01/01/2023,04:53:35,-67.570719,-68.069357,01/01/2023 04:53,01/01/2023 01:53
KB_23_42928_42,Female,Killingbeck,2023,01/01/2023,04:55:31,-67.570759,-68.069491,01/01/2023 04:55,01/01/2023 01:55
KB_23_42928_42,Female,Killingbeck,2023,01/01/2023,04:57:30,-67.570705,-68.06946,01/01/2023 04:57,01/01/2023 01:57
KB_23_42928_42,Female,Killingbeck,2023,01/01/2023,04:59:29,-67.570743,-68.069462,01/01/2023 04:59,01/01/2023 01:59
KB_23_42928_42,Female,Killingbeck,2023,01/01/2023,05:01:28,-67.570745,-68.069518,01/01/2023 05:01,01/01/2023 02:01
KB_23_42928_42,Female,Killingbeck,2023,01/01/2023,05:03:28,-67.570743,-68.069496,01/01/2023 05:03,01/01/2023 02:03
KB_23_42928_42,Female,Killingbeck,2023,01/01/2023,05:05:29,-67.570737,-68.069468,01/01/2023 05:05,01/01/2023 02:05
KB_23_42928_42,Female,Killingbeck,2023,01/01/2023,05:07:25,-67.570714,-68.069828,01/01/2023 05:07,01/01/2023 02:07
KB_23_42928_42,Female,Killingbeck,2023,01/01/2023,05:09:24,-67.57075,-68.069387,01/01/2023 05:09,01/01/2023 02:09
KB_23_42928_42,Female,Killingbeck,2023,01/01/2023,05:11:24,-67.570768,-68.069509,01/01/2023 05:11,01/01/2023 02:11
KB_23_42928_42,Female,Killingbeck,2023,01/01/2023,05:13:23,-67.57071,-68.069407,01/01/2023 05:13,01/01/2023 02:13
KB_23_42928_42,Female,Killingbeck,2023,01/01/2023,05:15:25,-67.570758,-68.069375,01/01/2023 05:15,01/01/2023 02:15
KB_23_42928_42,Female,Killingbeck,2023,01/01/2023,05:17:44,-67.570701,-68.069715,01/01/2023 05:17,01/01/2023 02:17
KB_23_42928_42,Female,Killingbeck,2023,01/01/2023,05:19:43,-67.570743,-68.069809,01/01/2023 05:19,01/01/2023 02:19
KB_23_42928_42,Female,Killingbeck,2023,01/01/2023,05:21:44,-67.570721,-68.069461,01/01/2023 05:21,01/01/2023 02:21
KB_23_42928_42,Female,Killingbeck,2023,01/01/2023,05:23:43,-67.570805,-68.069709,01/01/2023 05:23,01/01/2023 02:23
KB_23_42928_42,Female,Killingbeck,2023,01/01/2023,05:25:48,-67.57075,-68.070187,01/01/2023 05:25,01/01/2023 02:25
KB_23_42928_42,Female,Killingbeck,2023,01/01/2023,05:27:38,-67.570698,-68.069615,01/01/2023 05:27,01/01/2023 02:27
KB_23_42928_42,Female,Killingbeck,2023,01/01/2023,05:29:37,-67.570651,-68.070229,01/01/2023 05:29,01/01/2023 02:29
KB_23_42928_42,Female,Killingbeck,2023,01/01/2023,05:31:36,-67.570706,-68.069886,01/01/2023 05:31,01/01/2023 02:31
KB_23_42928_42,Female,Killingbeck,2023,01/01/2023,05:33:35,-67.570718,-68.06984,01/01/2023 05:33,01/01/2023 02:33
KB_23_42928_42,Female,Killingbeck,2023,01/01/2023,05:35:34,-67.57077,-68.069955,01/01/2023 05:35,01/01/2023 02:35
KB_23_42928_42,Female,Killingbeck,2023,01/01/2023,05:37:34,-67.570705,-68.069933,01/01/2023 05:37,01/01/2023 02:37
KB_23_42928_42,Female,Killingbeck,2023,01/01/2023,05:39:32,-67.570718,-68.069946,01/01/2023 05:39,01/01/2023 02:39
KB_23_42928_42,Female,Killingbeck,2023,01/01/2023,05:41:31,-67.570904,-68.070898,01/01/2023 05:41,01/01/2023 02:41
KB_23_42928_42,Female,Killingbeck,2023,01/01/2023,05:43:31,-67.570761,-68.069829,01/01/2023 05:43,01/01/2023 02:43
KB_23_42928_42,Female,Killingbeck,2023,01/01/2023,05:45:29,-67.570689,-68.069593,01/01/2023 05:45,01/01/2023 02:45
KB_23_42928_42,Female,Killingbeck,2023,01/01/2023,05:47:26,-67.570732,-68.069404,01/01/2023 05:47,01/01/2023 02:47
KB_23_42928_42,Female,Killingbeck,2023,01/01/2023,05:49:25,-67.570689,-68.06939,01/01/2023 05:49,01/01/2023 02:49
KB_23_42928_42,Female,Killingbeck,2023,01/01/2023,05:51:24,-67.570739,-68.06916,01/01/2023 05:51,01/01/2023 02:51
KB_23_42928_42,Female,Killingbeck,2023,01/01/2023,05:53:23,-67.57073,-68.069307,01/01/2023 05:53,01/01/2023 02:53
KB_23_42928_42,Female,Killingbeck,2023,01/01/2023,05:55:22,-67.570754,-68.069351,01/01/2023 05:55,01/01/2023 02:55
KB_23_42928_42,Female,Killingbeck,2023,01/01/2023,05:57:21,-67.57074,-68.069343,01/01/2023 05:57,01/01/2023 02:57
KB_23_42928_42,Female,Killingbeck,2023,01/01/2023,05:59:21,-67.570748,-68.071113,01/01/2023 05:59,01/01/2023 02:59
KB_23_42928_42,Female,Killingbeck,2023,01/01/2023,06:01:19,-67.570735,-68.069151,01/01/2023 06:01,01/01/2023 03:01
KB_23_42928_42,Female,Killingbeck,2023,01/01/2023,06:03:19,-67.570687,-68.069251,01/01/2023 06:03,01/01/2023 03:03
KB_23_42928_42,Female,Killingbeck,2023,01/01/2023,06:05:20,-67.570618,-68.071703,01/01/2023 06:05,01/01/2023 03:05
KB_23_42928_42,Female,Killingbeck,2023,01/01/2023,06:07:17,-67.570741,-68.0692,01/01/2023 06:07,01/01/2023 03:07
KB_23_42928_42,Female,Killingbeck,2023,01/01/2023,06:09:16,-67.570736,-68.069975,01/01/2023 06:09,01/01/2023 03:09
KB_23_42928_42,Female,Killingbeck,2023,01/01/2023,06:11:16,-67.570744,-68.06943,01/01/2023 06:11,01/01/2023 03:11
KB_23_42928_42,Female,Killingbeck,2023,01/01/2023,06:13:14,-67.570746,-68.069439,01/01/2023 06:13,01/01/2023 03:13
KB_23_42928_42,Female,Killingbeck,2023,01/01/2023,06:15:13,-67.570742,-68.069518,01/01/2023 06:15,01/01/2023 03:15
KB_23_42928_42,Female,Killingbeck,2023,01/01/2023,06:17:11,-67.57076,-68.069902,01/01/2023 06:17,01/01/2023 03:17
KB_23_42928_42,Female,Killingbeck,2023,01/01/2023,06:19:08,-67.570709,-68.069666,01/01/2023 06:19,01/01/2023 03:19
KB_23_42928_42,Female,Killingbeck,2023,01/01/2023,06:21:07,-67.570783,-68.069548,01/01/2023 06:21,01/01/2023 03:21
KB_23_42928_42,Female,Killingbeck,2023,01/01/2023,06:23:07,-67.570692,-68.069292,01/01/2023 06:23,01/01/2023 03:23
KB_23_42928_42,Female,Killingbeck,2023,01/01/2023,06:25:05,-67.570768,-68.069392,01/01/2023 06:25,01/01/2023 03:25
KB_23_42928_42,Female,Killingbeck,2023,01/01/2023,06:27:04,-67.570746,-68.06952,01/01/2023 06:27,01/01/2023 03:27
KB_23_42928_42,Female,Killingbeck,2023,01/01/2023,06:29:04,-67.570665,-68.069436,01/01/2023 06:29,01/01/2023 03:29
KB_23_42928_42,Female,Killingbeck,2023,01/01/2023,06:31:03,-67.570759,-68.069444,01/01/2023 06:31,01/01/2023 03:31
KB_23_42928_42,Female,Killingbeck,2023,01/01/2023,06:33:03,-67.570636,-68.069445,01/01/2023 06:33,01/01/2023 03:33
KB_23_42928_42,Female,Killingbeck,2023,01/01/2023,06:35:01,-67.570771,-68.069565,01/01/2023 06:35,01/01/2023 03:35
KB_23_42928_42,Female,Killingbeck,2023,01/01/2023,06:37:01,-67.570925,-68.070005,01/01/2023 06:37,01/01/2023 03:37
KB_23_42928_42,Female,Killingbeck,2023,01/01/2023,06:39:00,-67.57069,-68.069667,01/01/2023 06:39,01/01/2023 03:39
KB_23_42928_42,Female,Killingbeck,2023,01/01/2023,06:40:58,-67.570765,-68.06968,01/01/2023 06:40,01/01/2023 03:40
KB_23_42928_42,Female,Killingbeck,2023,01/01/2023,06:42:57,-67.570779,-68.069574,01/01/2023 06:42,01/01/2023 03:42
KB_23_42928_42,Female,Killingbeck,2023,01/01/2023,06:44:59,-67.571054,-68.070384,01/01/2023 06:44,01/01/2023 03:44
KB_23_42928_42,Female,Killingbeck,2023,01/01/2023,06:46:54,-67.570905,-68.070031,01/01/2023 06:46,01/01/2023 03:46
KB_23_42928_42,Female,Killingbeck,2023,01/01/2023,06:48:52,-67.570695,-68.069464,01/01/2023 06:48,01/01/2023 03:48
KB_23_42928_42,Female,Killingbeck,2023,01/01/2023,06:50:52,-67.570797,-68.070184,01/01/2023 06:50,01/01/2023 03:50
KB_23_42928_42,Female,Killingbeck,2023,01/01/2023,06:52:50,-67.57077,-68.069925,01/01/2023 06:52,01/01/2023 03:52
KB_23_42928_42,Female,Killingbeck,2023,01/01/2023,06:54:52,-67.570765,-68.070659,01/01/2023 06:54,01/01/2023 03:54
KB_23_42928_42,Female,Killingbeck,2023,01/01/2023,06:56:48,-67.57077,-68.069831,01/01/2023 06:56,01/01/2023 03:56
KB_23_42928_42,Female,Killingbeck,2023,01/01/2023,06:58:47,-67.570774,-68.069512,01/01/2023 06:58,01/01/2023 03:58
KB_23_42928_42,Female,Killingbeck,2023,01/01/2023,07:00:46,-67.570739,-68.069534,01/01/2023 07:00,01/01/2023 04:00
KB_23_42928_42,Female,Killingbeck,2023,01/01/2023,07:02:45,-67.570726,-68.069563,01/01/2023 07:02,01/01/2023 04:02
KB_23_42928_42,Female,Killingbeck,2023,01/01/2023,07:04:45,-67.570696,-68.069546,01/01/2023 07:04,01/01/2023 04:04
KB_23_42928_42,Female,Killingbeck,2023,01/01/2023,07:06:43,-67.570772,-68.069752,01/01/2023 07:06,01/01/2023 04:06
KB_23_42928_42,Female,Killingbeck,2023,01/01/2023,07:08:45,-67.571575,-68.06922,01/01/2023 07:08,01/01/2023 04:08
KB_23_42928_42,Female,Killingbeck,2023,01/01/2023,07:10:45,-67.57083,-68.070734,01/01/2023 07:10,01/01/2023 04:10
KB_23_42928_42,Female,Killingbeck,2023,01/01/2023,07:12:44,-67.570809,-68.069929,01/01/2023 07:12,01/01/2023 04:12
KB_23_42928_42,Female,Killingbeck,2023,01/01/2023,07:14:41,-67.570781,-68.069981,01/01/2023 07:14,01/01/2023 04:14
KB_23_42928_42,Female,Killingbeck,2023,01/01/2023,07:16:40,-67.570811,-68.069315,01/01/2023 07:16,01/01/2023 04:16
KB_23_42928_42,Female,Killingbeck,2023,01/01/2023,07:18:37,-67.570714,-68.069533,01/01/2023 07:18,01/01/2023 04:18
KB_23_42928_42,Female,Killingbeck,2023,01/01/2023,07:20:38,-67.570793,-68.06977,01/01/2023 07:20,01/01/2023 04:20
KB_23_42928_42,Female,Killingbeck,2023,01/01/2023,07:22:37,-67.570783,-68.069919,01/01/2023 07:22,01/01/2023 04:22
KB_23_42928_42,Female,Killingbeck,2023,01/01/2023,07:24:42,-67.570803,-68.069586,01/01/2023 07:24,01/01/2023 04:24
KB_23_42928_42,Female,Killingbeck,2023,01/01/2023,07:26:36,-67.5708,-68.069344,01/01/2023 07:26,01/01/2023 04:26
KB_23_42928_42,Female,Killingbeck,2023,01/01/2023,07:28:33,-67.5708,-68.069911,01/01/2023 07:28,01/01/2023 04:28
KB_23_42928_42,Female,Killingbeck,2023,01/01/2023,07:30:43,-67.570804,-68.069536,01/01/2023 07:30,01/01/2023 04:30
KB_23_42928_42,Female,Killingbeck,2023,01/01/2023,07:32:43,-67.570807,-68.069452,01/01/2023 07:32,01/01/2023 04:32
KB_23_42928_42,Female,Killingbeck,2023,01/01/2023,07:34:31,-67.570698,-68.069601,01/01/2023 07:34,01/01/2023 04:34
KB_23_42928_42,Female,Killingbeck,2023,01/01/2023,07:36:31,-67.570754,-68.069486,01/01/2023 07:36,01/01/2023 04:36
KB_23_42928_42,Female,Killingbeck,2023,01/01/2023,07:38:28,-67.570782,-68.069561,01/01/2023 07:38,01/01/2023 04:38
KB_23_42928_42,Female,Killingbeck,2023,01/01/2023,07:40:27,-67.570769,-68.069528,01/01/2023 07:40,01/01/2023 04:40
KB_23_42928_42,Female,Killingbeck,2023,01/01/2023,07:42:25,-67.570691,-68.069487,01/01/2023 07:42,01/01/2023 04:42
KB_23_42928_42,Female,Killingbeck,2023,01/01/2023,07:44:26,-67.570778,-68.069467,01/01/2023 07:44,01/01/2023 04:44
KB_23_42928_42,Female,Killingbeck,2023,01/01/2023,07:46:23,-67.57076,-68.069573,01/01/2023 07:46,01/01/2023 04:46
KB_23_42928_42,Female,Killingbeck,2023,01/01/2023,07:48:24,-67.570821,-68.069376,01/01/2023 07:48,01/01/2023 04:48
KB_23_42928_42,Female,Killingbeck,2023,01/01/2023,07:50:21,-67.570791,-68.069312,01/01/2023 07:50,01/01/2023 04:50
KB_23_42928_42,Female,Killingbeck,2023,01/01/2023,07:52:19,-67.570811,-68.069478,01/01/2023 07:52,01/01/2023 04:52
KB_23_42928_42,Female,Killingbeck,2023,01/01/2023,07:54:19,-67.570711,-68.06968,01/01/2023 07:54,01/01/2023 04:54
KB_23_42928_42,Female,Killingbeck,2023,01/01/2023,07:56:17,-67.570788,-68.069754,01/01/2023 07:56,01/01/2023 04:56
KB_23_42928_42,Female,Killingbeck,2023,01/01/2023,07:58:16,-67.570718,-68.069601,01/01/2023 07:58,01/01/2023 04:58
KB_23_42928_42,Female,Killingbeck,2023,01/01/2023,08:00:16,-67.570667,-68.069642,01/01/2023 08:00,01/01/2023 05:00
KB_23_42928_42,Female,Killingbeck,2023,01/01/2023,08:02:15,-67.570753,-68.069698,01/01/2023 08:02,01/01/2023 05:02
KB_23_42928_42,Female,Killingbeck,2023,01/01/2023,08:04:14,-67.570662,-68.069666,01/01/2023 08:04,01/01/2023 05:04
KB_23_42928_42,Female,Killingbeck,2023,01/01/2023,08:06:12,-67.570596,-68.069619,01/01/2023 08:06,01/01/2023 05:06
KB_23_42928_42,Female,Killingbeck,2023,01/01/2023,08:08:12,-67.570649,-68.069687,01/01/2023 08:08,01/01/2023 05:08
KB_23_42928_42,Female,Killingbeck,2023,01/01/2023,08:10:11,-67.570711,-68.06978,01/01/2023 08:10,01/01/2023 05:10
KB_23_42928_42,Female,Killingbeck,2023,01/01/2023,08:12:12,-67.570726,-68.069732,01/01/2023 08:12,01/01/2023 05:12
KB_23_42928_42,Female,Killingbeck,2023,01/01/2023,08:14:11,-67.570693,-68.069551,01/01/2023 08:14,01/01/2023 05:14
KB_23_42928_42,Female,Killingbeck,2023,01/01/2023,08:16:06,-67.57062,-68.069678,01/01/2023 08:16,01/01/2023 05:16
KB_23_42928_42,Female,Killingbeck,2023,01/01/2023,08:18:06,-67.570666,-68.069665,01/01/2023 08:18,01/01/2023 05:18
KB_23_42928_42,Female,Killingbeck,2023,01/01/2023,08:20:06,-67.570704,-68.069548,01/01/2023 08:20,01/01/2023 05:20
KB_23_42928_42,Female,Killingbeck,2023,01/01/2023,08:22:04,-67.57066,-68.069561,01/01/2023 08:22,01/01/2023 05:22
KB_23_42928_42,Female,Killingbeck,2023,01/01/2023,08:24:03,-67.570713,-68.069291,01/01/2023 08:24,01/01/2023 05:24
KB_23_42928_42,Female,Killingbeck,2023,01/01/2023,08:26:04,-67.570766,-68.069454,01/01/2023 08:26,01/01/2023 05:26
KB_23_42928_42,Female,Killingbeck,2023,01/01/2023,08:28:10,-67.570774,-68.06928,01/01/2023 08:28,01/01/2023 05:28
KB_23_42928_42,Female,Killingbeck,2023,01/01/2023,08:30:01,-67.570724,-68.069321,01/01/2023 08:30,01/01/2023 05:30
KB_23_42928_42,Female,Killingbeck,2023,01/01/2023,08:32:02,-67.570739,-68.069347,01/01/2023 08:32,01/01/2023 05:32
KB_23_42928_42,Female,Killingbeck,2023,01/01/2023,08:33:58,-67.570714,-68.069352,01/01/2023 08:33,01/01/2023 05:33
KB_23_42928_42,Female,Killingbeck,2023,01/01/2023,08:35:58,-67.570706,-68.069392,01/01/2023 08:35,01/01/2023 05:35
KB_23_42928_42,Female,Killingbeck,2023,01/01/2023,08:37:59,-67.570681,-68.069654,01/01/2023 08:37,01/01/2023 05:37
KB_23_42928_42,Female,Killingbeck,2023,01/01/2023,08:39:56,-67.570729,-68.06935,01/01/2023 08:39,01/01/2023 05:39
KB_23_42928_42,Female,Killingbeck,2023,01/01/2023,08:41:56,-67.570659,-68.06948,01/01/2023 08:41,01/01/2023 05:41
KB_23_42928_42,Female,Killingbeck,2023,01/01/2023,08:43:55,-67.570719,-68.069411,01/01/2023 08:43,01/01/2023 05:43
KB_23_42928_42,Female,Killingbeck,2023,01/01/2023,08:45:54,-67.570703,-68.069602,01/01/2023 08:45,01/01/2023 05:45
KB_23_42928_42,Female,Killingbeck,2023,01/01/2023,08:47:51,-67.570631,-68.06947,01/01/2023 08:47,01/01/2023 05:47
KB_23_42928_42,Female,Killingbeck,2023,01/01/2023,08:49:49,-67.570741,-68.069378,01/01/2023 08:49,01/01/2023 05:49
KB_23_42928_42,Female,Killingbeck,2023,01/01/2023,08:51:56,-67.570757,-68.069298,01/01/2023 08:51,01/01/2023 05:51
KB_23_42928_42,Female,Killingbeck,2023,01/01/2023,08:53:49,-67.570721,-68.069333,01/01/2023 08:53,01/01/2023 05:53
KB_23_42928_42,Female,Killingbeck,2023,01/01/2023,08:55:48,-67.570705,-68.069347,01/01/2023 08:55,01/01/2023 05:55
KB_23_42928_42,Female,Killingbeck,2023,01/01/2023,08:57:47,-67.570731,-68.06949,01/01/2023 08:57,01/01/2023 05:57
KB_23_42928_42,Female,Killingbeck,2023,01/01/2023,09:00:57,-67.573298,-68.080476,01/01/2023 09:00,01/01/2023 06:00
KB_23_42928_42,Female,Killingbeck,2023,01/01/2023,09:02:56,-67.573117,-68.08031,01/01/2023 09:02,01/01/2023 06:02
KB_23_42928_42,Female,Killingbeck,2023,01/01/2023,09:05:35,-67.573686,-68.080035,01/01/2023 09:05,01/01/2023 06:05
KB_23_42928_42,Female,Killingbeck,2023,01/01/2023,09:07:40,-67.573325,-68.081043,01/01/2023 09:07,01/01/2023 06:07
KB_23_42928_42,Female,Killingbeck,2023,01/01/2023,09:09:39,-67.573337,-68.080694,01/01/2023 09:09,01/01/2023 06:09
KB_23_42928_42,Female,Killingbeck,2023,01/01/2023,09:11:40,-67.572634,-68.076298,01/01/2023 09:11,01/01/2023 06:11
KB_23_42928_42,Female,Killingbeck,2023,01/01/2023,09:13:41,-67.57271,-68.076353,01/01/2023 09:13,01/01/2023 06:13
KB_23_42928_42,Female,Killingbeck,2023,01/01/2023,09:15:38,-67.5726,-68.076263,01/01/2023 09:15,01/01/2023 06:15
KB_23_42928_42,Female,Killingbeck,2023,01/01/2023,09:18:47,-67.572685,-68.076397,01/01/2023 09:18,01/01/2023 06:18
KB_23_42928_42,Female,Killingbeck,2023,01/01/2023,09:20:43,-67.572734,-68.07638,01/01/2023 09:20,01/01/2023 06:20
KB_23_42928_42,Female,Killingbeck,2023,01/01/2023,09:22:42,-67.572776,-68.076485,01/01/2023 09:22,01/01/2023 06:22
KB_23_42928_42,Female,Killingbeck,2023,01/01/2023,09:24:41,-67.572706,-68.076324,01/01/2023 09:24,01/01/2023 06:24
KB_23_42928_42,Female,Killingbeck,2023,01/01/2023,09:26:40,-67.57273,-68.076443,01/01/2023 09:26,01/01/2023 06:26
KB_23_42928_42,Female,Killingbeck,2023,01/01/2023,09:28:44,-67.572967,-68.078908,01/01/2023 09:28,01/01/2023 06:28
KB_23_42928_42,Female,Killingbeck,2023,01/01/2023,09:31:04,-67.573104,-68.079379,01/01/2023 09:31,01/01/2023 06:31
KB_23_42928_42,Female,Killingbeck,2023,01/01/2023,09:33:03,-67.573128,-68.079338,01/01/2023 09:33,01/01/2023 06:33
KB_23_42928_42,Female,Killingbeck,2023,01/01/2023,09:35:04,-67.573072,-68.078698,01/01/2023 09:35,01/01/2023 06:35
KB_23_42928_42,Female,Killingbeck,2023,01/01/2023,09:37:25,-67.573358,-68.079435,01/01/2023 09:37,01/01/2023 06:37
KB_23_42928_42,Female,Killingbeck,2023,01/01/2023,09:39:23,-67.573228,-68.079665,01/01/2023 09:39,01/01/2023 06:39
KB_23_42928_42,Female,Killingbeck,2023,01/01/2023,09:41:22,-67.572914,-68.079813,01/01/2023 09:41,01/01/2023 06:41
KB_23_42928_42,Female,Killingbeck,2023,01/01/2023,09:43:22,-67.572548,-68.079659,01/01/2023 09:43,01/01/2023 06:43
KB_23_42928_42,Female,Killingbeck,2023,01/01/2023,09:45:37,-67.572756,-68.079124,01/01/2023 09:45,01/01/2023 06:45
KB_23_42928_42,Female,Killingbeck,2023,01/01/2023,09:47:37,-67.573637,-68.07945,01/01/2023 09:47,01/01/2023 06:47
KB_23_42928_42,Female,Killingbeck,2023,01/01/2023,09:49:38,-67.573239,-68.0791,01/01/2023 09:49,01/01/2023 06:49
KB_23_42928_42,Female,Killingbeck,2023,01/01/2023,09:51:37,-67.573233,-68.079734,01/01/2023 09:51,01/01/2023 06:51
KB_23_42928_42,Female,Killingbeck,2023,01/01/2023,09:54:02,-67.573453,-68.081072,01/01/2023 09:54,01/01/2023 06:54
KB_23_42928_42,Female,Killingbeck,2023,01/01/2023,09:56:01,-67.573375,-68.080667,01/01/2023 09:56,01/01/2023 06:56
KB_23_42928_42,Female,Killingbeck,2023,01/01/2023,09:58:11,-67.573016,-68.0799,01/01/2023 09:58,01/01/2023 06:58
KB_23_42928_42,Female,Killingbeck,2023,01/01/2023,10:00:31,-67.572735,-68.07918,01/01/2023 10:00,01/01/2023 07:00
KB_23_42928_42,Female,Killingbeck,2023,01/01/2023,10:02:30,-67.573102,-68.079559,01/01/2023 10:02,01/01/2023 07:02
KB_23_42928_42,Female,Killingbeck,2023,01/01/2023,10:04:29,-67.573506,-68.079319,01/01/2023 10:04,01/01/2023 07:04
KB_23_42928_42,Female,Killingbeck,2023,01/01/2023,10:06:58,-67.573694,-68.079789,01/01/2023 10:06,01/01/2023 07:06
KB_23_42928_42,Female,Killingbeck,2023,01/01/2023,10:08:57,-67.573774,-68.079256,01/01/2023 10:08,01/01/2023 07:08
KB_23_42928_42,Female,Killingbeck,2023,01/01/2023,10:10:56,-67.572774,-68.076302,01/01/2023 10:10,01/01/2023 07:10
KB_23_42928_42,Female,Killingbeck,2023,01/01/2023,10:12:56,-67.572712,-68.076401,01/01/2023 10:12,01/01/2023 07:12
KB_23_42928_42,Female,Killingbeck,2023,01/01/2023,10:14:55,-67.572643,-68.076186,01/01/2023 10:14,01/01/2023 07:14
KB_23_42928_42,Female,Killingbeck,2023,01/01/2023,10:16:54,-67.572715,-68.076291,01/01/2023 10:16,01/01/2023 07:16
KB_23_42928_42,Female,Killingbeck,2023,01/01/2023,10:18:54,-67.572809,-68.076413,01/01/2023 10:18,01/01/2023 07:18
KB_23_42928_42,Female,Killingbeck,2023,01/01/2023,10:20:54,-67.572817,-68.076385,01/01/2023 10:20,01/01/2023 07:20
KB_23_42928_42,Female,Killingbeck,2023,01/01/2023,10:22:53,-67.572777,-68.076425,01/01/2023 10:22,01/01/2023 07:22
KB_23_42928_42,Female,Killingbeck,2023,01/01/2023,10:24:52,-67.572773,-68.07639,01/01/2023 10:24,01/01/2023 07:24
KB_23_42928_42,Female,Killingbeck,2023,01/01/2023,10:26:51,-67.572944,-68.078163,01/01/2023 10:26,01/01/2023 07:26
KB_23_42928_42,Female,Killingbeck,2023,01/01/2023,10:29:34,-67.573171,-68.079485,01/01/2023 10:29,01/01/2023 07:29
KB_23_42928_42,Female,Killingbeck,2023,01/01/2023,10:31:55,-67.572789,-68.079331,01/01/2023 10:31,01/01/2023 07:31
KB_23_42928_42,Female,Killingbeck,2023,01/01/2023,10:34:07,-67.572821,-68.078014,01/01/2023 10:34,01/01/2023 07:34
KB_23_42928_42,Female,Killingbeck,2023,01/01/2023,10:36:05,-67.574123,-68.080137,01/01/2023 10:36,01/01/2023 07:36
KB_23_42928_42,Female,Killingbeck,2023,01/01/2023,10:38:05,-67.573191,-68.080749,01/01/2023 10:38,01/01/2023 07:38
KB_23_42928_42,Female,Killingbeck,2023,01/01/2023,10:40:41,-67.573287,-68.081192,01/01/2023 10:40,01/01/2023 07:40
KB_23_42928_42,Female,Killingbeck,2023,01/01/2023,10:42:41,-67.573534,-68.081155,01/01/2023 10:42,01/01/2023 07:42
KB_23_42928_42,Female,Killingbeck,2023,01/01/2023,10:44:40,-67.573383,-68.081413,01/01/2023 10:44,01/01/2023 07:44
KB_23_42928_42,Female,Killingbeck,2023,01/01/2023,10:47:01,-67.572984,-68.077346,01/01/2023 10:47,01/01/2023 07:47
KB_23_42928_42,Female,Killingbeck,2023,01/01/2023,10:49:08,-67.572934,-68.077303,01/01/2023 10:49,01/01/2023 07:49
KB_23_42928_42,Female,Killingbeck,2023,01/01/2023,10:51:19,-67.572954,-68.077301,01/01/2023 10:51,01/01/2023 07:51
KB_23_42928_42,Female,Killingbeck,2023,01/01/2023,10:54:12,-67.570934,-68.069393,01/01/2023 10:54,01/01/2023 07:54
KB_23_42928_42,Female,Killingbeck,2023,01/01/2023,10:56:06,-67.570718,-68.069702,01/01/2023 10:56,01/01/2023 07:56
KB_23_42928_42,Female,Killingbeck,2023,01/01/2023,10:58:05,-67.57065,-68.069729,01/01/2023 10:58,01/01/2023 07:58
KB_23_42928_42,Female,Killingbeck,2023,01/01/2023,11:00:02,-67.570745,-68.069595,01/01/2023 11:00,01/01/2023 08:00
KB_23_42928_42,Female,Killingbeck,2023,01/01/2023,11:02:05,-67.570584,-68.069916,01/01/2023 11:02,01/01/2023 08:02
KB_23_42928_42,Female,Killingbeck,2023,01/01/2023,11:03:59,-67.570631,-68.069569,01/01/2023 11:03,01/01/2023 08:03
KB_23_42928_42,Female,Killingbeck,2023,01/01/2023,11:06:00,-67.571685,-68.066717,01/01/2023 11:06,01/01/2023 08:06
KB_23_42928_42,Female,Killingbeck,2023,01/01/2023,11:08:20,-67.571223,-68.065838,01/01/2023 11:08,01/01/2023 08:08
KB_23_42928_42,Female,Killingbeck,2023,01/01/2023,11:10:19,-67.570538,-68.068877,01/01/2023 11:10,01/01/2023 08:10
KB_23_42928_42,Female,Killingbeck,2023,01/01/2023,11:12:17,-67.570666,-68.068595,01/01/2023 11:12,01/01/2023 08:12
KB_23_42928_42,Female,Killingbeck,2023,01/01/2023,11:14:17,-67.570733,-68.068612,01/01/2023 11:14,01/01/2023 08:14
KB_23_42928_42,Female,Killingbeck,2023,01/01/2023,11:16:16,-67.570545,-68.068622,01/01/2023 11:16,01/01/2023 08:16
KB_23_42928_42,Female,Killingbeck,2023,01/01/2023,11:18:14,-67.57242,-68.079246,01/01/2023 11:18,01/01/2023 08:18
KB_23_42928_42,Female,Killingbeck,2023,01/01/2023,11:20:14,-67.571717,-68.07759,01/01/2023 11:20,01/01/2023 08:20
KB_23_42928_42,Female,Killingbeck,2023,01/01/2023,11:22:26,-67.572637,-68.07193,01/01/2023 11:22,01/01/2023 08:22
KB_23_42928_42,Female,Killingbeck,2023,01/01/2023,11:24:37,0,0,01/01/2023 11:24,01/01/2023 08:24
KB_23_42928_42,Female,Killingbeck,2023,01/01/2023,11:26:35,-67.572285,-68.070968,01/01/2023 11:26,01/01/2023 08:26
KB_23_42928_42,Female,Killingbeck,2023,01/01/2023,11:28:40,-67.57256,-68.070913,01/01/2023 11:28,01/01/2023 08:28
KB_23_42928_42,Female,Killingbeck,2023,01/01/2023,11:30:55,-67.573099,-68.079161,01/01/2023 11:30,01/01/2023 08:30
KB_23_42928_42,Female,Killingbeck,2023,01/01/2023,11:32:54,-67.573018,-68.079593,01/01/2023 11:32,01/01/2023 08:32
KB_23_42928_42,Female,Killingbeck,2023,01/01/2023,11:35:53,-67.573783,-68.078976,01/01/2023 11:35,01/01/2023 08:35
KB_23_42928_42,Female,Killingbeck,2023,01/01/2023,11:37:52,-67.573818,-68.079417,01/01/2023 11:37,01/01/2023 08:37
KB_23_42928_42,Female,Killingbeck,2023,01/01/2023,11:39:51,-67.572509,-68.069208,01/01/2023 11:39,01/01/2023 08:39
KB_23_42928_42,Female,Killingbeck,2023,01/01/2023,11:42:07,0,0,01/01/2023 11:42,01/01/2023 08:42
KB_23_42928_42,Female,Killingbeck,2023,01/01/2023,11:44:46,-67.572708,-68.069961,01/01/2023 11:44,01/01/2023 08:44
KB_23_42928_42,Female,Killingbeck,2023,01/01/2023,11:47:18,-67.573041,-68.069651,01/01/2023 11:47,01/01/2023 08:47
KB_23_42928_42,Female,Killingbeck,2023,01/01/2023,11:49:42,-67.572488,-68.076488,01/01/2023 11:49,01/01/2023 08:49
KB_23_42928_42,Female,Killingbeck,2023,01/01/2023,11:51:41,-67.572659,-68.076536,01/01/2023 11:51,01/01/2023 08:51
KB_23_42928_42,Female,Killingbeck,2023,01/01/2023,11:53:41,-67.57268,-68.076634,01/01/2023 11:53,01/01/2023 08:53
KB_23_42928_42,Female,Killingbeck,2023,01/01/2023,11:55:39,-67.572664,-68.076677,01/01/2023 11:55,01/01/2023 08:55
KB_23_42928_42,Female,Killingbeck,2023,01/01/2023,11:57:33,-67.572691,-68.076389,01/01/2023 11:57,01/01/2023 08:57
KB_23_42928_42,Female,Killingbeck,2023,01/01/2023,11:59:32,-67.572583,-68.076473,01/01/2023 11:59,01/01/2023 08:59
KB_23_42928_42,Female,Killingbeck,2023,01/01/2023,12:01:31,-67.572725,-68.076864,01/01/2023 12:01,01/01/2023 09:01
KB_23_42928_42,Female,Killingbeck,2023,01/01/2023,12:03:30,-67.572654,-68.076529,01/01/2023 12:03,01/01/2023 09:03
KB_23_42928_42,Female,Killingbeck,2023,01/01/2023,12:05:30,-67.572666,-68.076507,01/01/2023 12:05,01/01/2023 09:05
KB_23_42928_42,Female,Killingbeck,2023,01/01/2023,12:07:29,-67.572632,-68.076556,01/01/2023 12:07,01/01/2023 09:07
KB_23_42928_42,Female,Killingbeck,2023,01/01/2023,12:09:28,-67.572627,-68.07646,01/01/2023 12:09,01/01/2023 09:09
KB_23_42928_42,Female,Killingbeck,2023,01/01/2023,12:12:14,-67.57297,-68.080714,01/01/2023 12:12,01/01/2023 09:12
KB_23_42928_42,Female,Killingbeck,2023,01/01/2023,12:14:39,-67.572532,-68.079494,01/01/2023 12:14,01/01/2023 09:14
KB_23_42928_42,Female,Killingbeck,2023,01/01/2023,12:16:38,-67.572357,-68.079234,01/01/2023 12:16,01/01/2023 09:16
KB_23_42928_42,Female,Killingbeck,2023,01/01/2023,12:18:42,-67.572766,-68.079256,01/01/2023 12:18,01/01/2023 09:18
KB_23_42928_42,Female,Killingbeck,2023,01/01/2023,12:20:59,-67.573032,-68.078823,01/01/2023 12:20,01/01/2023 09:20
KB_23_42928_42,Female,Killingbeck,2023,01/01/2023,12:22:59,-67.573437,-68.079625,01/01/2023 12:22,01/01/2023 09:22
KB_23_42928_42,Female,Killingbeck,2023,01/01/2023,12:25:38,-67.573639,-68.080862,01/01/2023 12:25,01/01/2023 09:25
KB_23_42928_42,Female,Killingbeck,2023,01/01/2023,12:30:14,-67.572643,-68.067571,01/01/2023 12:30,01/01/2023 09:30
KB_23_42928_42,Female,Killingbeck,2023,01/01/2023,12:32:13,-67.572688,-68.067477,01/01/2023 12:32,01/01/2023 09:32
KB_23_42928_42,Female,Killingbeck,2023,01/01/2023,12:34:37,-67.572786,-68.067261,01/01/2023 12:34,01/01/2023 09:34
KB_23_42928_42,Female,Killingbeck,2023,01/01/2023,12:36:36,-67.570767,-68.07063,01/01/2023 12:36,01/01/2023 09:36
KB_23_42928_42,Female,Killingbeck,2023,01/01/2023,12:38:34,-67.570731,-68.069586,01/01/2023 12:38,01/01/2023 09:38
KB_23_42928_42,Female,Killingbeck,2023,01/01/2023,12:40:33,-67.572491,-68.072602,01/01/2023 12:40,01/01/2023 09:40
KB_23_42928_42,Female,Killingbeck,2023,01/01/2023,12:42:51,-67.572727,-68.072883,01/01/2023 12:42,01/01/2023 09:42
KB_23_42928_42,Female,Killingbeck,2023,01/01/2023,12:44:58,-67.572737,-68.071938,01/01/2023 12:44,01/01/2023 09:44
KB_23_42928_42,Female,Killingbeck,2023,01/01/2023,12:46:57,-67.572868,-68.072214,01/01/2023 12:46,01/01/2023 09:46
KB_23_42928_42,Female,Killingbeck,2023,01/01/2023,12:49:33,-67.572798,-68.072092,01/01/2023 12:49,01/01/2023 09:49
KB_23_42928_42,Female,Killingbeck,2023,01/01/2023,12:51:31,-67.572224,-68.070836,01/01/2023 12:51,01/01/2023 09:51
KB_23_42928_42,Female,Killingbeck,2023,01/01/2023,12:53:52,-67.572421,-68.070441,01/01/2023 12:53,01/01/2023 09:53
KB_23_42928_42,Female,Killingbeck,2023,01/01/2023,12:55:51,-67.572295,-68.070654,01/01/2023 12:55,01/01/2023 09:55
KB_23_42928_42,Female,Killingbeck,2023,01/01/2023,12:58:14,-67.572154,-68.071487,01/01/2023 12:58,01/01/2023 09:58
KB_23_42928_42,Female,Killingbeck,2023,01/01/2023,13:00:47,-67.572182,-68.072409,01/01/2023 13:00,01/01/2023 10:00
KB_23_42928_42,Female,Killingbeck,2023,01/01/2023,13:02:49,-67.574682,-68.084871,01/01/2023 13:02,01/01/2023 10:02
KB_23_42928_42,Female,Killingbeck,2023,01/01/2023,13:04:48,-67.57719,-68.093943,01/01/2023 13:04,01/01/2023 10:04
KB_23_42928_42,Female,Killingbeck,2023,01/01/2023,13:07:19,-67.576953,-68.093682,01/01/2023 13:07,01/01/2023 10:07
KB_23_42928_42,Female,Killingbeck,2023,01/01/2023,13:09:48,-67.576978,-68.093769,01/01/2023 13:09,01/01/2023 10:09
KB_23_42928_42,Female,Killingbeck,2023,01/01/2023,13:12:04,0,0,01/01/2023 13:12,01/01/2023 10:12
KB_23_42928_42,Female,Killingbeck,2023,01/01/2023,13:14:22,-67.577047,-68.093569,01/01/2023 13:14,01/01/2023 10:14
KB_23_42928_42,Female,Killingbeck,2023,01/01/2023,13:16:56,-67.577007,-68.093918,01/01/2023 13:16,01/01/2023 10:16
KB_23_42928_42,Female,Killingbeck,2023,01/01/2023,13:18:55,-67.576906,-68.093993,01/01/2023 13:18,01/01/2023 10:18
KB_23_42928_42,Female,Killingbeck,2023,01/01/2023,13:20:57,-67.577169,-68.093997,01/01/2023 13:20,01/01/2023 10:20
KB_23_42928_42,Female,Killingbeck,2023,01/01/2023,13:23:26,-67.577016,-68.094025,01/01/2023 13:23,01/01/2023 10:23
KB_23_42928_42,Female,Killingbeck,2023,01/01/2023,13:25:25,-67.578056,-68.084119,01/01/2023 13:25,01/01/2023 10:25
KB_23_42928_42,Female,Killingbeck,2023,01/01/2023,13:27:25,-67.578268,-68.083307,01/01/2023 13:27,01/01/2023 10:27
KB_23_42928_42,Female,Killingbeck,2023,01/01/2023,13:29:24,-67.578021,-68.083558,01/01/2023 13:29,01/01/2023 10:29
KB_23_42928_42,Female,Killingbeck,2023,01/01/2023,13:31:23,-67.575473,-68.081089,01/01/2023 13:31,01/01/2023 10:31
KB_23_42928_42,Female,Killingbeck,2023,01/01/2023,13:33:22,-67.578799,-68.080647,01/01/2023 13:33,01/01/2023 10:33
KB_23_42928_42,Female,Killingbeck,2023,01/01/2023,13:35:45,-67.573388,-68.08084,01/01/2023 13:35,01/01/2023 10:35
KB_23_42928_42,Female,Killingbeck,2023,01/01/2023,13:38:36,-67.572936,-68.081528,01/01/2023 13:38,01/01/2023 10:38
KB_23_42928_42,Female,Killingbeck,2023,01/01/2023,13:41:07,-67.573344,-68.083148,01/01/2023 13:41,01/01/2023 10:41
KB_23_42928_42,Female,Killingbeck,2023,01/01/2023,13:43:38,-67.57276,-68.082985,01/01/2023 13:43,01/01/2023 10:43
KB_23_42928_42,Female,Killingbeck,2023,01/01/2023,13:46:17,-67.573261,-68.083253,01/01/2023 13:46,01/01/2023 10:46
KB_23_42928_42,Female,Killingbeck,2023,01/01/2023,13:48:16,-67.572927,-68.082995,01/01/2023 13:48,01/01/2023 10:48
KB_23_42928_42,Female,Killingbeck,2023,01/01/2023,13:51:04,-67.572633,-68.083366,01/01/2023 13:51,01/01/2023 10:51
KB_23_42928_42,Female,Killingbeck,2023,01/01/2023,13:53:49,-67.571667,-68.076879,01/01/2023 13:53,01/01/2023 10:53
KB_23_42928_42,Female,Killingbeck,2023,01/01/2023,13:55:48,-67.572095,-68.076749,01/01/2023 13:55,01/01/2023 10:55
KB_23_42928_42,Female,Killingbeck,2023,01/01/2023,13:57:47,-67.572396,-68.07786,01/01/2023 13:57,01/01/2023 10:57
KB_23_42928_42,Female,Killingbeck,2023,01/01/2023,14:00:45,-67.572851,-68.079622,01/01/2023 14:00,01/01/2023 11:00
KB_23_42928_42,Female,Killingbeck,2023,01/01/2023,14:02:44,-67.572895,-68.0793,01/01/2023 14:02,01/01/2023 11:02
KB_23_42928_42,Female,Killingbeck,2023,01/01/2023,14:04:44,-67.572646,-68.079478,01/01/2023 14:04,01/01/2023 11:04
KB_23_42928_42,Female,Killingbeck,2023,01/01/2023,14:06:57,-67.573085,-68.079295,01/01/2023 14:06,01/01/2023 11:06
KB_23_42928_42,Female,Killingbeck,2023,01/01/2023,14:09:15,-67.573057,-68.079766,01/01/2023 14:09,01/01/2023 11:09
KB_23_42928_42,Female,Killingbeck,2023,01/01/2023,14:11:22,-67.572847,-68.078853,01/01/2023 14:11,01/01/2023 11:11
KB_23_42928_42,Female,Killingbeck,2023,01/01/2023,14:13:21,-67.573185,-68.079435,01/01/2023 14:13,01/01/2023 11:13
KB_23_42928_42,Female,Killingbeck,2023,01/01/2023,14:15:22,-67.573274,-68.079573,01/01/2023 14:15,01/01/2023 11:15
KB_23_42928_42,Female,Killingbeck,2023,01/01/2023,14:17:28,-67.573487,-68.080251,01/01/2023 14:17,01/01/2023 11:17
KB_23_42928_42,Female,Killingbeck,2023,01/01/2023,14:19:32,-67.573892,-68.079376,01/01/2023 14:19,01/01/2023 11:19
KB_23_42928_42,Female,Killingbeck,2023,01/01/2023,14:21:30,-67.570717,-68.069225,01/01/2023 14:21,01/01/2023 11:21
KB_23_42928_42,Female,Killingbeck,2023,01/01/2023,14:23:29,-67.570773,-68.069539,01/01/2023 14:23,01/01/2023 11:23
KB_23_42928_42,Female,Killingbeck,2023,01/01/2023,14:25:30,-67.570691,-68.069527,01/01/2023 14:25,01/01/2023 11:25
KB_23_42928_42,Female,Killingbeck,2023,01/01/2023,14:27:32,-67.570653,-68.069386,01/01/2023 14:27,01/01/2023 11:27
KB_23_42928_42,Female,Killingbeck,2023,01/01/2023,14:29:27,-67.572481,-68.070463,01/01/2023 14:29,01/01/2023 11:29
KB_23_42928_42,Female,Killingbeck,2023,01/01/2023,14:31:27,-67.572577,-68.069209,01/01/2023 14:31,01/01/2023 11:31
KB_23_42928_42,Female,Killingbeck,2023,01/01/2023,14:33:45,-67.572511,-68.078954,01/01/2023 14:33,01/01/2023 11:33
KB_23_42928_42,Female,Killingbeck,2023,01/01/2023,14:36:00,-67.572684,-68.078253,01/01/2023 14:36,01/01/2023 11:36
KB_23_42928_42,Female,Killingbeck,2023,01/01/2023,14:38:40,-67.572824,-68.079507,01/01/2023 14:38,01/01/2023 11:38
KB_23_42928_42,Female,Killingbeck,2023,01/01/2023,14:41:05,-67.572657,-68.080352,01/01/2023 14:41,01/01/2023 11:41
KB_23_42928_42,Female,Killingbeck,2023,01/01/2023,14:43:26,-67.572724,-68.080424,01/01/2023 14:43,01/01/2023 11:43
KB_23_42928_42,Female,Killingbeck,2023,01/01/2023,14:45:54,-67.572543,-68.079427,01/01/2023 14:45,01/01/2023 11:45
KB_23_42928_42,Female,Killingbeck,2023,01/01/2023,14:47:53,-67.573658,-68.078956,01/01/2023 14:47,01/01/2023 11:47
KB_23_42928_42,Female,Killingbeck,2023,01/01/2023,14:50:06,-67.573194,-68.080508,01/01/2023 14:50,01/01/2023 11:50
KB_23_42928_42,Female,Killingbeck,2023,01/01/2023,14:52:02,-67.572989,-68.079385,01/01/2023 14:52,01/01/2023 11:52
KB_23_42928_42,Female,Killingbeck,2023,01/01/2023,14:54:01,-67.573352,-68.079459,01/01/2023 14:54,01/01/2023 11:54
KB_23_42928_42,Female,Killingbeck,2023,01/01/2023,14:56:52,-67.577007,-68.094168,01/01/2023 14:56,01/01/2023 11:56
KB_23_42928_42,Female,Killingbeck,2023,01/01/2023,14:59:05,-67.576986,-68.09406,01/01/2023 14:59,01/01/2023 11:59
KB_23_42928_42,Female,Killingbeck,2023,01/01/2023,15:01:15,-67.57702,-68.094474,01/01/2023 15:01,01/01/2023 12:01
KB_23_42928_42,Female,Killingbeck,2023,01/01/2023,15:03:16,-67.577048,-68.094032,01/01/2023 15:03,01/01/2023 12:03
KB_23_42928_42,Female,Killingbeck,2023,01/01/2023,15:06:10,-67.577367,-68.093954,01/01/2023 15:06,01/01/2023 12:06
KB_23_42928_42,Female,Killingbeck,2023,01/01/2023,15:08:08,-67.576844,-68.105861,01/01/2023 15:08,01/01/2023 12:08
KB_23_42928_42,Female,Killingbeck,2023,01/01/2023,15:11:10,-67.57698,-68.105417,01/01/2023 15:11,01/01/2023 12:11
KB_23_42928_42,Female,Killingbeck,2023,01/01/2023,15:13:06,-67.577115,-68.105189,01/01/2023 15:13,01/01/2023 12:13
KB_23_42928_42,Female,Killingbeck,2023,01/01/2023,15:15:11,-67.577081,-68.105137,01/01/2023 15:15,01/01/2023 12:15
KB_23_42928_42,Female,Killingbeck,2023,01/01/2023,15:17:11,-67.576867,-68.105238,01/01/2023 15:17,01/01/2023 12:17
KB_23_42928_42,Female,Killingbeck,2023,01/01/2023,15:20:41,-67.577095,-68.105511,01/01/2023 15:20,01/01/2023 12:20
KB_23_42928_42,Female,Killingbeck,2023,01/01/2023,15:22:41,-67.576837,-68.1055,01/01/2023 15:22,01/01/2023 12:22
KB_23_42928_42,Female,Killingbeck,2023,01/01/2023,15:24:39,-67.576694,-68.105298,01/01/2023 15:24,01/01/2023 12:24
KB_23_42928_42,Female,Killingbeck,2023,01/01/2023,15:27:15,-67.576336,-68.104672,01/01/2023 15:27,01/01/2023 12:27
KB_23_42928_42,Female,Killingbeck,2023,01/01/2023,15:29:14,-67.576507,-68.105291,01/01/2023 15:29,01/01/2023 12:29
KB_23_42928_42,Female,Killingbeck,2023,01/01/2023,15:32:42,-67.577137,-68.105517,01/01/2023 15:32,01/01/2023 12:32
KB_23_42928_42,Female,Killingbeck,2023,01/01/2023,15:35:16,-67.577117,-68.105399,01/01/2023 15:35,01/01/2023 12:35
KB_23_42928_42,Female,Killingbeck,2023,01/01/2023,15:37:15,-67.577287,-68.105729,01/01/2023 15:37,01/01/2023 12:37
KB_23_42928_42,Female,Killingbeck,2023,01/01/2023,15:39:14,-67.577065,-68.105478,01/01/2023 15:39,01/01/2023 12:39
KB_23_42928_42,Female,Killingbeck,2023,01/01/2023,15:41:16,-67.577035,-68.105293,01/01/2023 15:41,01/01/2023 12:41
KB_23_42928_42,Female,Killingbeck,2023,01/01/2023,15:43:12,-67.575926,-68.103131,01/01/2023 15:43,01/01/2023 12:43
KB_23_42928_42,Female,Killingbeck,2023,01/01/2023,15:45:11,-67.572174,-68.069656,01/01/2023 15:45,01/01/2023 12:45
KB_23_42928_42,Female,Killingbeck,2023,01/01/2023,15:47:10,-67.570737,-68.069488,01/01/2023 15:47,01/01/2023 12:47
KB_23_42928_42,Female,Killingbeck,2023,01/01/2023,15:49:18,-67.570484,-68.06769,01/01/2023 15:49,01/01/2023 12:49
KB_23_42928_42,Female,Killingbeck,2023,01/01/2023,15:51:16,-67.570383,-68.068696,01/01/2023 15:51,01/01/2023 12:51
KB_23_42928_42,Female,Killingbeck,2023,01/01/2023,15:53:12,-67.570823,-68.069846,01/01/2023 15:53,01/01/2023 12:53
KB_23_42928_42,Female,Killingbeck,2023,01/01/2023,15:55:11,-67.570798,-68.069722,01/01/2023 15:55,01/01/2023 12:55
KB_23_42928_42,Female,Killingbeck,2023,01/01/2023,15:57:10,-67.570785,-68.069663,01/01/2023 15:57,01/01/2023 12:57
KB_23_42928_42,Female,Killingbeck,2023,01/01/2023,15:59:09,-67.57075,-68.069805,01/01/2023 15:59,01/01/2023 12:59
KB_23_42928_42,Female,Killingbeck,2023,01/01/2023,16:01:08,-67.570717,-68.069612,01/01/2023 16:01,01/01/2023 13:01
KB_23_42928_42,Female,Killingbeck,2023,01/01/2023,16:03:08,-67.570714,-68.069534,01/01/2023 16:03,01/01/2023 13:03
KB_23_42928_42,Female,Killingbeck,2023,01/01/2023,16:05:07,-67.570748,-68.069689,01/01/2023 16:05,01/01/2023 13:05
KB_23_42928_42,Female,Killingbeck,2023,01/01/2023,16:07:06,-67.570862,-68.069744,01/01/2023 16:07,01/01/2023 13:07
KB_23_42928_42,Female,Killingbeck,2023,01/01/2023,16:09:07,-67.570813,-68.069735,01/01/2023 16:09,01/01/2023 13:09
KB_23_42928_42,Female,Killingbeck,2023,01/01/2023,16:11:04,-67.570727,-68.069556,01/01/2023 16:11,01/01/2023 13:11
KB_23_42928_42,Female,Killingbeck,2023,01/01/2023,16:13:05,-67.570719,-68.069749,01/01/2023 16:13,01/01/2023 13:13
KB_23_42928_42,Female,Killingbeck,2023,01/01/2023,16:15:05,-67.57076,-68.069382,01/01/2023 16:15,01/01/2023 13:15
KB_23_42928_42,Female,Killingbeck,2023,01/01/2023,16:17:04,-67.570693,-68.069743,01/01/2023 16:17,01/01/2023 13:17
KB_23_42928_42,Female,Killingbeck,2023,01/01/2023,16:19:01,-67.570777,-68.069471,01/01/2023 16:19,01/01/2023 13:19
KB_23_42928_42,Female,Killingbeck,2023,01/01/2023,16:21:06,-67.570726,-68.069514,01/01/2023 16:21,01/01/2023 13:21
KB_23_42928_42,Female,Killingbeck,2023,01/01/2023,16:23:06,-67.570712,-68.069813,01/01/2023 16:23,01/01/2023 13:23
KB_23_42928_42,Female,Killingbeck,2023,01/01/2023,16:25:05,-67.570643,-68.069539,01/01/2023 16:25,01/01/2023 13:25
KB_23_42928_42,Female,Killingbeck,2023,01/01/2023,16:27:04,-67.57077,-68.069516,01/01/2023 16:27,01/01/2023 13:27
KB_23_42928_42,Female,Killingbeck,2023,01/01/2023,16:29:02,-67.57073,-68.069463,01/01/2023 16:29,01/01/2023 13:29
KB_23_42928_42,Female,Killingbeck,2023,01/01/2023,16:31:02,-67.570797,-68.069753,01/01/2023 16:31,01/01/2023 13:31
KB_23_42928_42,Female,Killingbeck,2023,01/01/2023,16:33:01,-67.570747,-68.069663,01/01/2023 16:33,01/01/2023 13:33
KB_23_42928_42,Female,Killingbeck,2023,01/01/2023,16:34:59,-67.570704,-68.069525,01/01/2023 16:34,01/01/2023 13:34
KB_23_42928_42,Female,Killingbeck,2023,01/01/2023,16:36:58,-67.570801,-68.069371,01/01/2023 16:36,01/01/2023 13:36
KB_23_42928_42,Female,Killingbeck,2023,01/01/2023,16:38:57,-67.570711,-68.069785,01/01/2023 16:38,01/01/2023 13:38
KB_23_42928_42,Female,Killingbeck,2023,01/01/2023,16:40:57,-67.570731,-68.069668,01/01/2023 16:40,01/01/2023 13:40
KB_23_42928_42,Female,Killingbeck,2023,01/01/2023,16:42:55,-67.570672,-68.06952,01/01/2023 16:42,01/01/2023 13:42
KB_23_42928_42,Female,Killingbeck,2023,01/01/2023,16:44:56,-67.570745,-68.069725,01/01/2023 16:44,01/01/2023 13:44
KB_23_42928_42,Female,Killingbeck,2023,01/01/2023,16:46:55,-67.57076,-68.069681,01/01/2023 16:46,01/01/2023 13:46
KB_23_42928_42,Female,Killingbeck,2023,01/01/2023,16:48:53,-67.570713,-68.06953,01/01/2023 16:48,01/01/2023 13:48
KB_23_42928_42,Female,Killingbeck,2023,01/01/2023,16:50:43,-67.570738,-68.069957,01/01/2023 16:50,01/01/2023 13:50
KB_23_42928_42,Female,Killingbeck,2023,01/01/2023,16:52:40,-67.570739,-68.069469,01/01/2023 16:52,01/01/2023 13:52
KB_23_42928_42,Female,Killingbeck,2023,01/01/2023,16:54:38,-67.570772,-68.069584,01/01/2023 16:54,01/01/2023 13:54
KB_23_42928_42,Female,Killingbeck,2023,01/01/2023,16:56:37,-67.570693,-68.069831,01/01/2023 16:56,01/01/2023 13:56
KB_23_42928_42,Female,Killingbeck,2023,01/01/2023,16:58:36,-67.570705,-68.069458,01/01/2023 16:58,01/01/2023 13:58
KB_23_42928_42,Female,Killingbeck,2023,01/01/2023,17:00:35,-67.570727,-68.069565,01/01/2023 17:00,01/01/2023 14:00
KB_23_42928_42,Female,Killingbeck,2023,01/01/2023,17:02:34,-67.570752,-68.069696,01/01/2023 17:02,01/01/2023 14:02
KB_23_42928_42,Female,Killingbeck,2023,01/01/2023,17:04:33,-67.570705,-68.069712,01/01/2023 17:04,01/01/2023 14:04
KB_23_42928_42,Female,Killingbeck,2023,01/01/2023,17:06:32,-67.570725,-68.069724,01/01/2023 17:06,01/01/2023 14:06
KB_23_42928_42,Female,Killingbeck,2023,01/01/2023,17:08:31,-67.570712,-68.069843,01/01/2023 17:08,01/01/2023 14:08
KB_23_42928_42,Female,Killingbeck,2023,01/01/2023,17:10:30,-67.570738,-68.069805,01/01/2023 17:10,01/01/2023 14:10
KB_23_42928_42,Female,Killingbeck,2023,01/01/2023,17:12:29,-67.570732,-68.069808,01/01/2023 17:12,01/01/2023 14:12
KB_23_42928_42,Female,Killingbeck,2023,01/01/2023,17:14:29,-67.570726,-68.069474,01/01/2023 17:14,01/01/2023 14:14
KB_23_42928_42,Female,Killingbeck,2023,01/01/2023,17:16:28,-67.570752,-68.069751,01/01/2023 17:16,01/01/2023 14:16
KB_23_42928_42,Female,Killingbeck,2023,01/01/2023,17:18:27,-67.570717,-68.069894,01/01/2023 17:18,01/01/2023 14:18
KB_23_42928_42,Female,Killingbeck,2023,01/01/2023,17:20:15,-67.570726,-68.069834,01/01/2023 17:20,01/01/2023 14:20
KB_23_42928_42,Female,Killingbeck,2023,01/01/2023,17:22:14,-67.570696,-68.06975,01/01/2023 17:22,01/01/2023 14:22
KB_23_42928_42,Female,Killingbeck,2023,01/01/2023,17:24:13,-67.570703,-68.069783,01/01/2023 17:24,01/01/2023 14:24
KB_23_42928_42,Female,Killingbeck,2023,01/01/2023,17:26:12,-67.57075,-68.069714,01/01/2023 17:26,01/01/2023 14:26
KB_23_42928_42,Female,Killingbeck,2023,01/01/2023,17:28:11,-67.570727,-68.069808,01/01/2023 17:28,01/01/2023 14:28
KB_23_42928_42,Female,Killingbeck,2023,01/01/2023,17:30:10,-67.570694,-68.069798,01/01/2023 17:30,01/01/2023 14:30
KB_23_42928_42,Female,Killingbeck,2023,01/01/2023,17:32:10,-67.570711,-68.069621,01/01/2023 17:32,01/01/2023 14:32
KB_23_42928_42,Female,Killingbeck,2023,01/01/2023,17:34:11,-67.570674,-68.069481,01/01/2023 17:34,01/01/2023 14:34
KB_23_42928_42,Female,Killingbeck,2023,01/01/2023,17:36:08,-67.570723,-68.069622,01/01/2023 17:36,01/01/2023 14:36
KB_23_42928_42,Female,Killingbeck,2023,01/01/2023,17:38:06,-67.57075,-68.069882,01/01/2023 17:38,01/01/2023 14:38
KB_23_42928_42,Female,Killingbeck,2023,01/01/2023,17:40:05,-67.570758,-68.069646,01/01/2023 17:40,01/01/2023 14:40
KB_23_42928_42,Female,Killingbeck,2023,01/01/2023,17:42:04,-67.5707,-68.069564,01/01/2023 17:42,01/01/2023 14:42
KB_23_42928_42,Female,Killingbeck,2023,01/01/2023,17:44:05,-67.570716,-68.069674,01/01/2023 17:44,01/01/2023 14:44
KB_23_42928_42,Female,Killingbeck,2023,01/01/2023,17:46:03,-67.570727,-68.069901,01/01/2023 17:46,01/01/2023 14:46
KB_23_42928_42,Female,Killingbeck,2023,01/01/2023,17:48:02,-67.570713,-68.069465,01/01/2023 17:48,01/01/2023 14:48
KB_23_42928_42,Female,Killingbeck,2023,01/01/2023,17:49:50,-67.57066,-68.069723,01/01/2023 17:49,01/01/2023 14:49
KB_23_42928_42,Female,Killingbeck,2023,01/01/2023,17:51:49,-67.570736,-68.069722,01/01/2023 17:51,01/01/2023 14:51
KB_23_42928_42,Female,Killingbeck,2023,01/01/2023,17:53:49,-67.57075,-68.069792,01/01/2023 17:53,01/01/2023 14:53
KB_23_42928_42,Female,Killingbeck,2023,01/01/2023,17:55:47,-67.570737,-68.069757,01/01/2023 17:55,01/01/2023 14:55
KB_23_42928_42,Female,Killingbeck,2023,01/01/2023,17:57:46,-67.57071,-68.069668,01/01/2023 17:57,01/01/2023 14:57
KB_23_42928_42,Female,Killingbeck,2023,01/01/2023,17:59:45,-67.570762,-68.069726,01/01/2023 17:59,01/01/2023 14:59
KB_23_42928_42,Female,Killingbeck,2023,01/01/2023,18:01:45,-67.570764,-68.069741,01/01/2023 18:01,01/01/2023 15:01
KB_23_42928_42,Female,Killingbeck,2023,01/01/2023,18:03:43,-67.570725,-68.069777,01/01/2023 18:03,01/01/2023 15:03
KB_23_42928_42,Female,Killingbeck,2023,01/01/2023,18:05:42,-67.570749,-68.069741,01/01/2023 18:05,01/01/2023 15:05
KB_23_42928_42,Female,Killingbeck,2023,01/01/2023,18:07:41,-67.570692,-68.06952,01/01/2023 18:07,01/01/2023 15:07
KB_23_42928_42,Female,Killingbeck,2023,01/01/2023,18:09:40,-67.570703,-68.069573,01/01/2023 18:09,01/01/2023 15:09
KB_23_42928_42,Female,Killingbeck,2023,01/01/2023,18:11:40,-67.570699,-68.069654,01/01/2023 18:11,01/01/2023 15:11
KB_23_42928_42,Female,Killingbeck,2023,01/01/2023,18:13:39,-67.570699,-68.06953,01/01/2023 18:13,01/01/2023 15:13
KB_23_42928_42,Female,Killingbeck,2023,01/01/2023,18:15:38,-67.570758,-68.069843,01/01/2023 18:15,01/01/2023 15:15
KB_23_42928_42,Female,Killingbeck,2023,01/01/2023,18:17:38,-67.570681,-68.069521,01/01/2023 18:17,01/01/2023 15:17
KB_23_42928_42,Female,Killingbeck,2023,01/01/2023,18:19:25,-67.570786,-68.069788,01/01/2023 18:19,01/01/2023 15:19
KB_23_42928_42,Female,Killingbeck,2023,01/01/2023,18:21:24,-67.570635,-68.069271,01/01/2023 18:21,01/01/2023 15:21
KB_23_42928_42,Female,Killingbeck,2023,01/01/2023,18:23:23,-67.570684,-68.069495,01/01/2023 18:23,01/01/2023 15:23
KB_23_42928_42,Female,Killingbeck,2023,01/01/2023,18:25:22,-67.570726,-68.069628,01/01/2023 18:25,01/01/2023 15:25
KB_23_42928_42,Female,Killingbeck,2023,01/01/2023,18:27:21,-67.57067,-68.06963,01/01/2023 18:27,01/01/2023 15:27
KB_23_42928_42,Female,Killingbeck,2023,01/01/2023,18:29:20,-67.570701,-68.069562,01/01/2023 18:29,01/01/2023 15:29
KB_23_42928_42,Female,Killingbeck,2023,01/01/2023,18:31:19,-67.570719,-68.069671,01/01/2023 18:31,01/01/2023 15:31
KB_23_42928_42,Female,Killingbeck,2023,01/01/2023,18:33:18,-67.570681,-68.06962,01/01/2023 18:33,01/01/2023 15:33
KB_23_42928_42,Female,Killingbeck,2023,01/01/2023,18:35:17,-67.57069,-68.069474,01/01/2023 18:35,01/01/2023 15:35
KB_23_42928_42,Female,Killingbeck,2023,01/01/2023,18:37:17,-67.570672,-68.069528,01/01/2023 18:37,01/01/2023 15:37
KB_23_42928_42,Female,Killingbeck,2023,01/01/2023,18:39:16,-67.570676,-68.069547,01/01/2023 18:39,01/01/2023 15:39
KB_23_42928_42,Female,Killingbeck,2023,01/01/2023,18:41:15,-67.570867,-68.07009,01/01/2023 18:41,01/01/2023 15:41
KB_23_42928_42,Female,Killingbeck,2023,01/01/2023,18:43:15,-67.570654,-68.069363,01/01/2023 18:43,01/01/2023 15:43
KB_23_42928_42,Female,Killingbeck,2023,01/01/2023,18:45:13,-67.570708,-68.069621,01/01/2023 18:45,01/01/2023 15:45
KB_23_42928_42,Female,Killingbeck,2023,01/01/2023,18:47:12,-67.570703,-68.069589,01/01/2023 18:47,01/01/2023 15:47
KB_23_42928_42,Female,Killingbeck,2023,01/01/2023,18:49:00,-67.570691,-68.069427,01/01/2023 18:49,01/01/2023 15:49
KB_23_42928_42,Female,Killingbeck,2023,01/01/2023,18:50:59,-67.570732,-68.069726,01/01/2023 18:50,01/01/2023 15:50
KB_23_42928_42,Female,Killingbeck,2023,01/01/2023,18:52:58,-67.570706,-68.069557,01/01/2023 18:52,01/01/2023 15:52
KB_23_42928_42,Female,Killingbeck,2023,01/01/2023,18:54:57,-67.570732,-68.069524,01/01/2023 18:54,01/01/2023 15:54
KB_23_42928_42,Female,Killingbeck,2023,01/01/2023,18:56:56,-67.57071,-68.069639,01/01/2023 18:56,01/01/2023 15:56
KB_23_42928_42,Female,Killingbeck,2023,01/01/2023,18:58:56,-67.570665,-68.06944,01/01/2023 18:58,01/01/2023 15:58
KB_23_42928_42,Female,Killingbeck,2023,01/01/2023,19:00:55,-67.570714,-68.069823,01/01/2023 19:00,01/01/2023 16:00
KB_23_42928_42,Female,Killingbeck,2023,01/01/2023,19:02:55,-67.570667,-68.069802,01/01/2023 19:02,01/01/2023 16:02
KB_23_42928_42,Female,Killingbeck,2023,01/01/2023,19:04:53,-67.570725,-68.069748,01/01/2023 19:04,01/01/2023 16:04
KB_23_42928_42,Female,Killingbeck,2023,01/01/2023,19:06:53,-67.570709,-68.069505,01/01/2023 19:06,01/01/2023 16:06
KB_23_42928_42,Female,Killingbeck,2023,01/01/2023,19:08:53,-67.570705,-68.069569,01/01/2023 19:08,01/01/2023 16:08
KB_23_42928_42,Female,Killingbeck,2023,01/01/2023,19:10:52,-67.570698,-68.069457,01/01/2023 19:10,01/01/2023 16:10
KB_23_42928_42,Female,Killingbeck,2023,01/01/2023,19:12:50,-67.570741,-68.06968,01/01/2023 19:12,01/01/2023 16:12
KB_23_42928_42,Female,Killingbeck,2023,01/01/2023,19:14:49,-67.570722,-68.069552,01/01/2023 19:14,01/01/2023 16:14
KB_23_42928_42,Female,Killingbeck,2023,01/01/2023,19:16:50,-67.570622,-68.069373,01/01/2023 19:16,01/01/2023 16:16
KB_23_42928_42,Female,Killingbeck,2023,01/01/2023,19:18:36,-67.570713,-68.069568,01/01/2023 19:18,01/01/2023 16:18
KB_23_42928_42,Female,Killingbeck,2023,01/01/2023,19:20:35,-67.570616,-68.069495,01/01/2023 19:20,01/01/2023 16:20
KB_23_42928_42,Female,Killingbeck,2023,01/01/2023,19:22:36,-67.570768,-68.069839,01/01/2023 19:22,01/01/2023 16:22
KB_23_42928_42,Female,Killingbeck,2023,01/01/2023,19:24:33,-67.570691,-68.069355,01/01/2023 19:24,01/01/2023 16:24
KB_23_42928_42,Female,Killingbeck,2023,01/01/2023,19:26:32,-67.57074,-68.069674,01/01/2023 19:26,01/01/2023 16:26
KB_23_42928_42,Female,Killingbeck,2023,01/01/2023,19:28:32,-67.570681,-68.069511,01/01/2023 19:28,01/01/2023 16:28
KB_23_42928_42,Female,Killingbeck,2023,01/01/2023,19:30:30,-67.570745,-68.069706,01/01/2023 19:30,01/01/2023 16:30
KB_23_42928_42,Female,Killingbeck,2023,01/01/2023,19:32:29,-67.570751,-68.069613,01/01/2023 19:32,01/01/2023 16:32
KB_23_42928_42,Female,Killingbeck,2023,01/01/2023,19:34:28,-67.570714,-68.069742,01/01/2023 19:34,01/01/2023 16:34
KB_23_42928_42,Female,Killingbeck,2023,01/01/2023,19:36:26,-67.570672,-68.069462,01/01/2023 19:36,01/01/2023 16:36
KB_23_42928_42,Female,Killingbeck,2023,01/01/2023,19:38:26,-67.570755,-68.069758,01/01/2023 19:38,01/01/2023 16:38
KB_23_42928_42,Female,Killingbeck,2023,01/01/2023,19:40:25,-67.570579,-68.069324,01/01/2023 19:40,01/01/2023 16:40
KB_23_42928_42,Female,Killingbeck,2023,01/01/2023,19:42:23,-67.570621,-68.069342,01/01/2023 19:42,01/01/2023 16:42
KB_23_42928_42,Female,Killingbeck,2023,01/01/2023,19:44:23,-67.570617,-68.069418,01/01/2023 19:44,01/01/2023 16:44
KB_23_42928_42,Female,Killingbeck,2023,01/01/2023,19:46:22,-67.570644,-68.069372,01/01/2023 19:46,01/01/2023 16:46
KB_23_42928_42,Female,Killingbeck,2023,01/01/2023,19:48:10,-67.570534,-68.069167,01/01/2023 19:48,01/01/2023 16:48
KB_23_42928_42,Female,Killingbeck,2023,01/01/2023,19:50:09,-67.570619,-68.069428,01/01/2023 19:50,01/01/2023 16:50
KB_23_42928_42,Female,Killingbeck,2023,01/01/2023,19:52:09,-67.570593,-68.06934,01/01/2023 19:52,01/01/2023 16:52
KB_23_42928_42,Female,Killingbeck,2023,01/01/2023,19:54:07,-67.570552,-68.069437,01/01/2023 19:54,01/01/2023 16:54
KB_23_42928_42,Female,Killingbeck,2023,01/01/2023,19:56:07,-67.570604,-68.069292,01/01/2023 19:56,01/01/2023 16:56
KB_23_42928_42,Female,Killingbeck,2023,01/01/2023,19:58:05,-67.57058,-68.069355,01/01/2023 19:58,01/01/2023 16:58
KB_23_42928_42,Female,Killingbeck,2023,01/01/2023,20:00:05,-67.570671,-68.069145,01/01/2023 20:00,01/01/2023 17:00
KB_23_42928_42,Female,Killingbeck,2023,01/01/2023,20:02:04,-67.570682,-68.069289,01/01/2023 20:02,01/01/2023 17:02
KB_23_42928_42,Female,Killingbeck,2023,01/01/2023,20:04:02,-67.570601,-68.069242,01/01/2023 20:04,01/01/2023 17:04
KB_23_42928_42,Female,Killingbeck,2023,01/01/2023,20:06:02,-67.570575,-68.069322,01/01/2023 20:06,01/01/2023 17:06
KB_23_42928_42,Female,Killingbeck,2023,01/01/2023,20:08:01,-67.570649,-68.069405,01/01/2023 20:08,01/01/2023 17:08
KB_23_42928_42,Female,Killingbeck,2023,01/01/2023,20:09:59,-67.570685,-68.069522,01/01/2023 20:09,01/01/2023 17:09
KB_23_42928_42,Female,Killingbeck,2023,01/01/2023,20:11:59,-67.570622,-68.069494,01/01/2023 20:11,01/01/2023 17:11
KB_23_42928_42,Female,Killingbeck,2023,01/01/2023,20:14:01,-67.570989,-68.069494,01/01/2023 20:14,01/01/2023 17:14
KB_23_42928_42,Female,Killingbeck,2023,01/01/2023,20:16:00,-67.570634,-68.069354,01/01/2023 20:16,01/01/2023 17:16
KB_23_42928_42,Female,Killingbeck,2023,01/01/2023,20:17:54,-67.570706,-68.06941,01/01/2023 20:17,01/01/2023 17:17
KB_23_42928_42,Female,Killingbeck,2023,01/01/2023,20:19:54,-67.57068,-68.069376,01/01/2023 20:19,01/01/2023 17:19
KB_23_42928_42,Female,Killingbeck,2023,01/01/2023,20:21:53,-67.570696,-68.06936,01/01/2023 20:21,01/01/2023 17:21
KB_23_42928_42,Female,Killingbeck,2023,01/01/2023,20:23:51,-67.570618,-68.069393,01/01/2023 20:23,01/01/2023 17:23
KB_23_42928_42,Female,Killingbeck,2023,01/01/2023,20:25:50,-67.570689,-68.069331,01/01/2023 20:25,01/01/2023 17:25
KB_23_42928_42,Female,Killingbeck,2023,01/01/2023,20:27:49,-67.570806,-68.069383,01/01/2023 20:27,01/01/2023 17:27
KB_23_42928_42,Female,Killingbeck,2023,01/01/2023,20:29:48,-67.570622,-68.069351,01/01/2023 20:29,01/01/2023 17:29
KB_23_42928_42,Female,Killingbeck,2023,01/01/2023,20:31:47,-67.570655,-68.069344,01/01/2023 20:31,01/01/2023 17:31
KB_23_42928_42,Female,Killingbeck,2023,01/01/2023,20:33:46,-67.570699,-68.069312,01/01/2023 20:33,01/01/2023 17:33
KB_23_42928_42,Female,Killingbeck,2023,01/01/2023,20:35:46,-67.570639,-68.069372,01/01/2023 20:35,01/01/2023 17:35
KB_23_42928_42,Female,Killingbeck,2023,01/01/2023,20:37:44,-67.570544,-68.068957,01/01/2023 20:37,01/01/2023 17:37
KB_23_42928_42,Female,Killingbeck,2023,01/01/2023,20:39:44,-67.570631,-68.069609,01/01/2023 20:39,01/01/2023 17:39
KB_23_42928_42,Female,Killingbeck,2023,01/01/2023,20:41:45,-67.570768,-68.069427,01/01/2023 20:41,01/01/2023 17:41
KB_23_42928_42,Female,Killingbeck,2023,01/01/2023,20:43:42,-67.570688,-68.069512,01/01/2023 20:43,01/01/2023 17:43
KB_23_42928_42,Female,Killingbeck,2023,01/01/2023,20:45:41,-67.570724,-68.069459,01/01/2023 20:45,01/01/2023 17:45
KB_23_42928_42,Female,Killingbeck,2023,01/01/2023,20:47:36,-67.57073,-68.069348,01/01/2023 20:47,01/01/2023 17:47
KB_23_42928_42,Female,Killingbeck,2023,01/01/2023,20:49:35,-67.570705,-68.069354,01/01/2023 20:49,01/01/2023 17:49
KB_23_42928_42,Female,Killingbeck,2023,01/01/2023,20:51:34,-67.570688,-68.069363,01/01/2023 20:51,01/01/2023 17:51
KB_23_42928_42,Female,Killingbeck,2023,01/01/2023,20:53:33,-67.570679,-68.069478,01/01/2023 20:53,01/01/2023 17:53
KB_23_42928_42,Female,Killingbeck,2023,01/01/2023,20:55:32,-67.57071,-68.069295,01/01/2023 20:55,01/01/2023 17:55
KB_23_42928_42,Female,Killingbeck,2023,01/01/2023,20:57:31,-67.570682,-68.069351,01/01/2023 20:57,01/01/2023 17:57
KB_23_42928_42,Female,Killingbeck,2023,01/01/2023,20:59:30,-67.570694,-68.069433,01/01/2023 20:59,01/01/2023 17:59
KB_23_42928_42,Female,Killingbeck,2023,01/01/2023,21:01:29,-67.570678,-68.069362,01/01/2023 21:01,01/01/2023 18:01
KB_23_42928_42,Female,Killingbeck,2023,01/01/2023,21:03:28,-67.570686,-68.069364,01/01/2023 21:03,01/01/2023 18:03
KB_23_42928_42,Female,Killingbeck,2023,01/01/2023,21:05:27,-67.570655,-68.069402,01/01/2023 21:05,01/01/2023 18:05
KB_23_42928_42,Female,Killingbeck,2023,01/01/2023,21:07:26,-67.570669,-68.069219,01/01/2023 21:07,01/01/2023 18:07
KB_23_42928_42,Female,Killingbeck,2023,01/01/2023,21:09:27,-67.570707,-68.069405,01/01/2023 21:09,01/01/2023 18:09
KB_23_42928_42,Female,Killingbeck,2023,01/01/2023,21:11:26,-67.570666,-68.06941,01/01/2023 21:11,01/01/2023 18:11
KB_23_42928_42,Female,Killingbeck,2023,01/01/2023,21:13:25,-67.570682,-68.069379,01/01/2023 21:13,01/01/2023 18:13
KB_23_42928_42,Female,Killingbeck,2023,01/01/2023,21:15:26,-67.570739,-68.069492,01/01/2023 21:15,01/01/2023 18:15
KB_23_42928_42,Female,Killingbeck,2023,01/01/2023,21:17:20,-67.570717,-68.069513,01/01/2023 21:17,01/01/2023 18:17
KB_23_42928_42,Female,Killingbeck,2023,01/01/2023,21:19:20,-67.570722,-68.069342,01/01/2023 21:19,01/01/2023 18:19
KB_23_42928_42,Female,Killingbeck,2023,01/01/2023,21:21:19,-67.570706,-68.069377,01/01/2023 21:21,01/01/2023 18:21
KB_23_42928_42,Female,Killingbeck,2023,01/01/2023,21:23:17,-67.570701,-68.069449,01/01/2023 21:23,01/01/2023 18:23
KB_23_42928_42,Female,Killingbeck,2023,01/01/2023,21:25:16,-67.570718,-68.069396,01/01/2023 21:25,01/01/2023 18:25
KB_23_42928_42,Female,Killingbeck,2023,01/01/2023,21:27:15,-67.570695,-68.069431,01/01/2023 21:27,01/01/2023 18:27
KB_23_42928_42,Female,Killingbeck,2023,01/01/2023,21:29:14,-67.570677,-68.069299,01/01/2023 21:29,01/01/2023 18:29
KB_23_42928_42,Female,Killingbeck,2023,01/01/2023,21:31:13,-67.570687,-68.069351,01/01/2023 21:31,01/01/2023 18:31
KB_23_42928_42,Female,Killingbeck,2023,01/01/2023,21:33:13,-67.570707,-68.069303,01/01/2023 21:33,01/01/2023 18:33
KB_23_42928_42,Female,Killingbeck,2023,01/01/2023,21:35:11,-67.570732,-68.069425,01/01/2023 21:35,01/01/2023 18:35
KB_23_42928_42,Female,Killingbeck,2023,01/01/2023,21:37:10,-67.570624,-68.069215,01/01/2023 21:37,01/01/2023 18:37
KB_23_42928_42,Female,Killingbeck,2023,01/01/2023,21:39:10,-67.570692,-68.069409,01/01/2023 21:39,01/01/2023 18:39
KB_23_42928_42,Female,Killingbeck,2023,01/01/2023,21:41:09,-67.570735,-68.069394,01/01/2023 21:41,01/01/2023 18:41
KB_23_42928_42,Female,Killingbeck,2023,01/01/2023,21:43:08,-67.57065,-68.069251,01/01/2023 21:43,01/01/2023 18:43
KB_23_42928_42,Female,Killingbeck,2023,01/01/2023,21:45:07,-67.570712,-68.069345,01/01/2023 21:45,01/01/2023 18:45
KB_23_42928_42,Female,Killingbeck,2023,01/01/2023,21:47:08,-67.570728,-68.069298,01/01/2023 21:47,01/01/2023 18:47
KB_23_42928_42,Female,Killingbeck,2023,01/01/2023,21:49:07,-67.570678,-68.069397,01/01/2023 21:49,01/01/2023 18:49
KB_23_42928_42,Female,Killingbeck,2023,01/01/2023,21:51:06,-67.57072,-68.069383,01/01/2023 21:51,01/01/2023 18:51
KB_23_42928_42,Female,Killingbeck,2023,01/01/2023,21:53:05,-67.570657,-68.06929,01/01/2023 21:53,01/01/2023 18:53
KB_23_42928_42,Female,Killingbeck,2023,01/01/2023,21:55:05,-67.570688,-68.069225,01/01/2023 21:55,01/01/2023 18:55
KB_23_42928_42,Female,Killingbeck,2023,01/01/2023,21:57:03,-67.57061,-68.0693,01/01/2023 21:57,01/01/2023 18:57
KB_23_42928_42,Female,Killingbeck,2023,01/01/2023,21:59:03,-67.57062,-68.069279,01/01/2023 21:59,01/01/2023 18:59
KB_23_42928_42,Female,Killingbeck,2023,01/01/2023,22:01:01,-67.570636,-68.069355,01/01/2023 22:01,01/01/2023 19:01
KB_23_42928_42,Female,Killingbeck,2023,01/01/2023,22:03:00,-67.570595,-68.069223,01/01/2023 22:03,01/01/2023 19:03
KB_23_42928_42,Female,Killingbeck,2023,01/01/2023,22:04:59,-67.570628,-68.069131,01/01/2023 22:04,01/01/2023 19:04
KB_23_42928_42,Female,Killingbeck,2023,01/01/2023,22:06:58,-67.570707,-68.069394,01/01/2023 22:06,01/01/2023 19:06
KB_23_42928_42,Female,Killingbeck,2023,01/01/2023,22:08:58,-67.570674,-68.069359,01/01/2023 22:08,01/01/2023 19:08
KB_23_42928_42,Female,Killingbeck,2023,01/01/2023,22:10:58,-67.570677,-68.069056,01/01/2023 22:10,01/01/2023 19:10
KB_23_42928_42,Female,Killingbeck,2023,01/01/2023,22:12:56,-67.57062,-68.069217,01/01/2023 22:12,01/01/2023 19:12
KB_23_42928_42,Female,Killingbeck,2023,01/01/2023,22:14:56,-67.570389,-68.068056,01/01/2023 22:14,01/01/2023 19:14
KB_23_42928_42,Female,Killingbeck,2023,01/01/2023,22:16:53,-67.570629,-68.06924,01/01/2023 22:16,01/01/2023 19:16
KB_23_42928_42,Female,Killingbeck,2023,01/01/2023,22:18:51,-67.570655,-68.069244,01/01/2023 22:18,01/01/2023 19:18
KB_23_42928_42,Female,Killingbeck,2023,01/01/2023,22:20:51,-67.570424,-68.068113,01/01/2023 22:20,01/01/2023 19:20
KB_23_42928_42,Female,Killingbeck,2023,01/01/2023,22:22:50,-67.57066,-68.069402,01/01/2023 22:22,01/01/2023 19:22
KB_23_42928_42,Female,Killingbeck,2023,01/01/2023,22:24:48,-67.570677,-68.069476,01/01/2023 22:24,01/01/2023 19:24
KB_23_42928_42,Female,Killingbeck,2023,01/01/2023,22:26:50,-67.570829,-68.06955,01/01/2023 22:26,01/01/2023 19:26
KB_23_42928_42,Female,Killingbeck,2023,01/01/2023,22:28:47,-67.570616,-68.069311,01/01/2023 22:28,01/01/2023 19:28
KB_23_42928_42,Female,Killingbeck,2023,01/01/2023,22:30:46,-67.570706,-68.069379,01/01/2023 22:30,01/01/2023 19:30
KB_23_42928_42,Female,Killingbeck,2023,01/01/2023,22:32:45,-67.57068,-68.069287,01/01/2023 22:32,01/01/2023 19:32
KB_23_42928_42,Female,Killingbeck,2023,01/01/2023,22:34:44,-67.570693,-68.069346,01/01/2023 22:34,01/01/2023 19:34
KB_23_42928_42,Female,Killingbeck,2023,01/01/2023,22:36:45,-67.570822,-68.069592,01/01/2023 22:36,01/01/2023 19:36
KB_23_42928_42,Female,Killingbeck,2023,01/01/2023,22:38:42,-67.570702,-68.069285,01/01/2023 22:38,01/01/2023 19:38
KB_23_42928_42,Female,Killingbeck,2023,01/01/2023,22:40:41,-67.570722,-68.06943,01/01/2023 22:40,01/01/2023 19:40
KB_23_42928_42,Female,Killingbeck,2023,01/01/2023,22:42:40,-67.570723,-68.069483,01/01/2023 22:42,01/01/2023 19:42
KB_23_42928_42,Female,Killingbeck,2023,01/01/2023,22:44:39,-67.570665,-68.069345,01/01/2023 22:44,01/01/2023 19:44
KB_23_42928_42,Female,Killingbeck,2023,01/01/2023,22:46:37,-67.57072,-68.069381,01/01/2023 22:46,01/01/2023 19:46
KB_23_42928_42,Female,Killingbeck,2023,01/01/2023,22:48:36,-67.570749,-68.069251,01/01/2023 22:48,01/01/2023 19:48
KB_23_42928_42,Female,Killingbeck,2023,01/01/2023,22:50:35,-67.570877,-68.069537,01/01/2023 22:50,01/01/2023 19:50
KB_23_42928_42,Female,Killingbeck,2023,01/01/2023,22:52:34,-67.570748,-68.069427,01/01/2023 22:52,01/01/2023 19:52
KB_23_42928_42,Female,Killingbeck,2023,01/01/2023,22:54:35,-67.570816,-68.069389,01/01/2023 22:54,01/01/2023 19:54
KB_23_42928_42,Female,Killingbeck,2023,01/01/2023,22:56:36,-67.570765,-68.069757,01/01/2023 22:56,01/01/2023 19:56
KB_23_42928_42,Female,Killingbeck,2023,01/01/2023,22:58:33,-67.570841,-68.06952,01/01/2023 22:58,01/01/2023 19:58
KB_23_42928_42,Female,Killingbeck,2023,01/01/2023,23:00:32,-67.570823,-68.069585,01/01/2023 23:00,01/01/2023 20:00
KB_23_42928_42,Female,Killingbeck,2023,01/01/2023,23:02:35,-67.570878,-68.069596,01/01/2023 23:02,01/01/2023 20:02
KB_23_42928_42,Female,Killingbeck,2023,01/01/2023,23:04:33,-67.570839,-68.069396,01/01/2023 23:04,01/01/2023 20:04
KB_23_42928_42,Female,Killingbeck,2023,01/01/2023,23:06:30,-67.570828,-68.069545,01/01/2023 23:06,01/01/2023 20:06
KB_23_42928_42,Female,Killingbeck,2023,01/01/2023,23:08:29,-67.570209,-68.072043,01/01/2023 23:08,01/01/2023 20:08
KB_23_42928_42,Female,Killingbeck,2023,01/01/2023,23:10:26,-67.570733,-68.069461,01/01/2023 23:10,01/01/2023 20:10
KB_23_42928_42,Female,Killingbeck,2023,01/01/2023,23:12:25,-67.570765,-68.069385,01/01/2023 23:12,01/01/2023 20:12
KB_23_42928_42,Female,Killingbeck,2023,01/01/2023,23:14:25,-67.570797,-68.069418,01/01/2023 23:14,01/01/2023 20:14
KB_23_42928_42,Female,Killingbeck,2023,01/01/2023,23:16:22,-67.570788,-68.069668,01/01/2023 23:16,01/01/2023 20:16
KB_23_42928_42,Female,Killingbeck,2023,01/01/2023,23:18:20,-67.570795,-68.069476,01/01/2023 23:18,01/01/2023 20:18
KB_23_42928_42,Female,Killingbeck,2023,01/01/2023,23:20:19,-67.570758,-68.069386,01/01/2023 23:20,01/01/2023 20:20
KB_23_42928_42,Female,Killingbeck,2023,01/01/2023,23:22:18,-67.570685,-68.06947,01/01/2023 23:22,01/01/2023 20:22
KB_23_42928_42,Female,Killingbeck,2023,01/01/2023,23:24:18,-67.570786,-68.069435,01/01/2023 23:24,01/01/2023 20:24
KB_23_42928_42,Female,Killingbeck,2023,01/01/2023,23:26:17,-67.570764,-68.069367,01/01/2023 23:26,01/01/2023 20:26
KB_23_42928_42,Female,Killingbeck,2023,01/01/2023,23:28:16,-67.570802,-68.069445,01/01/2023 23:28,01/01/2023 20:28
KB_23_42928_42,Female,Killingbeck,2023,01/01/2023,23:30:14,-67.570711,-68.069579,01/01/2023 23:30,01/01/2023 20:30
KB_23_42928_42,Female,Killingbeck,2023,01/01/2023,23:32:13,-67.570688,-68.069471,01/01/2023 23:32,01/01/2023 20:32
KB_23_42928_42,Female,Killingbeck,2023,01/01/2023,23:34:12,-67.570738,-68.069699,01/01/2023 23:34,01/01/2023 20:34
KB_23_42928_42,Female,Killingbeck,2023,01/01/2023,23:36:11,-67.570737,-68.06959,01/01/2023 23:36,01/01/2023 20:36
KB_23_42928_42,Female,Killingbeck,2023,01/01/2023,23:38:10,-67.570766,-68.069518,01/01/2023 23:38,01/01/2023 20:38
KB_23_42928_42,Female,Killingbeck,2023,01/01/2023,23:40:10,-67.570743,-68.069564,01/01/2023 23:40,01/01/2023 20:40
KB_23_42928_42,Female,Killingbeck,2023,01/01/2023,23:42:09,-67.570689,-68.069435,01/01/2023 23:42,01/01/2023 20:42
KB_23_42928_42,Female,Killingbeck,2023,01/01/2023,23:44:09,-67.570714,-68.069666,01/01/2023 23:44,01/01/2023 20:44
KB_23_42928_42,Female,Killingbeck,2023,01/01/2023,23:46:06,-67.570655,-68.069415,01/01/2023 23:46,01/01/2023 20:46
KB_23_42928_42,Female,Killingbeck,2023,01/01/2023,23:48:04,-67.57068,-68.0695,01/01/2023 23:48,01/01/2023 20:48
KB_23_42928_42,Female,Killingbeck,2023,01/01/2023,23:50:04,-67.570743,-68.069628,01/01/2023 23:50,01/01/2023 20:50
KB_23_42928_42,Female,Killingbeck,2023,01/01/2023,23:52:02,-67.57076,-68.069297,01/01/2023 23:52,01/01/2023 20:52
KB_23_42928_42,Female,Killingbeck,2023,01/01/2023,23:54:02,-67.570619,-68.069317,01/01/2023 23:54,01/01/2023 20:54
KB_23_42928_42,Female,Killingbeck,2023,01/01/2023,23:56:00,-67.570744,-68.069549,01/01/2023 23:56,01/01/2023 20:56
KB_23_42928_42,Female,Killingbeck,2023,01/01/2023,23:58:02,-67.570789,-68.069724,01/01/2023 23:58,01/01/2023 20:58
KB_23_42928_42,Female,Killingbeck,2023,01/01/2023,23:59:58,-67.570736,-68.069561,01/01/2023 23:59,01/01/2023 20:59
KB_23_42928_42,Female,Killingbeck,2023,02/01/2023,00:01:58,-67.570791,-68.069524,02/01/2023 00:01,01/01/2023 21:01
KB_23_42928_42,Female,Killingbeck,2023,02/01/2023,00:03:59,-67.570763,-68.0698,02/01/2023 00:03,01/01/2023 21:03
KB_23_42928_42,Female,Killingbeck,2023,02/01/2023,00:05:56,-67.570688,-68.069397,02/01/2023 00:05,01/01/2023 21:05
KB_23_42928_42,Female,Killingbeck,2023,02/01/2023,00:07:57,-67.5706,-68.069377,02/01/2023 00:07,01/01/2023 21:07
KB_23_42928_42,Female,Killingbeck,2023,02/01/2023,00:09:54,-67.570663,-68.069481,02/01/2023 00:09,01/01/2023 21:09
KB_23_42928_42,Female,Killingbeck,2023,02/01/2023,00:11:54,-67.570716,-68.06944,02/01/2023 00:11,01/01/2023 21:11
KB_23_42928_42,Female,Killingbeck,2023,02/01/2023,00:13:55,-67.570597,-68.069316,02/01/2023 00:13,01/01/2023 21:13
KB_23_42928_42,Female,Killingbeck,2023,02/01/2023,00:15:50,-67.570713,-68.069421,02/01/2023 00:15,01/01/2023 21:15
KB_23_42928_42,Female,Killingbeck,2023,02/01/2023,00:17:49,-67.57067,-68.069372,02/01/2023 00:17,01/01/2023 21:17
KB_23_42928_42,Female,Killingbeck,2023,02/01/2023,00:19:47,-67.570652,-68.069379,02/01/2023 00:19,01/01/2023 21:19
KB_23_42928_42,Female,Killingbeck,2023,02/01/2023,00:21:46,-67.570712,-68.069471,02/01/2023 00:21,01/01/2023 21:21
KB_23_42928_42,Female,Killingbeck,2023,02/01/2023,00:23:46,-67.57063,-68.069287,02/01/2023 00:23,01/01/2023 21:23
KB_23_42928_42,Female,Killingbeck,2023,02/01/2023,00:25:45,-67.570705,-68.069498,02/01/2023 00:25,01/01/2023 21:25
KB_23_42928_42,Female,Killingbeck,2023,02/01/2023,00:27:44,-67.570696,-68.069386,02/01/2023 00:27,01/01/2023 21:27
KB_23_42928_42,Female,Killingbeck,2023,02/01/2023,00:29:43,-67.5706,-68.069155,02/01/2023 00:29,01/01/2023 21:29
KB_23_42928_42,Female,Killingbeck,2023,02/01/2023,00:31:41,-67.570829,-68.069653,02/01/2023 00:31,01/01/2023 21:31
KB_23_42928_42,Female,Killingbeck,2023,02/01/2023,00:33:40,-67.570527,-68.069056,02/01/2023 00:33,01/01/2023 21:33
KB_23_42928_42,Female,Killingbeck,2023,02/01/2023,00:35:42,-67.57059,-68.069245,02/01/2023 00:35,01/01/2023 21:35
KB_23_42928_42,Female,Killingbeck,2023,02/01/2023,00:37:39,-67.57077,-68.0694,02/01/2023 00:37,01/01/2023 21:37
KB_23_42928_42,Female,Killingbeck,2023,02/01/2023,00:39:38,-67.570731,-68.069381,02/01/2023 00:39,01/01/2023 21:39
KB_23_42928_42,Female,Killingbeck,2023,02/01/2023,00:41:37,-67.570727,-68.069502,02/01/2023 00:41,01/01/2023 21:41
KB_23_42928_42,Female,Killingbeck,2023,02/01/2023,00:43:36,-67.570606,-68.069082,02/01/2023 00:43,01/01/2023 21:43
KB_23_42928_42,Female,Killingbeck,2023,02/01/2023,00:45:36,-67.57072,-68.069394,02/01/2023 00:45,01/01/2023 21:45
KB_23_42928_42,Female,Killingbeck,2023,02/01/2023,00:47:35,-67.570607,-68.069209,02/01/2023 00:47,01/01/2023 21:47
KB_23_42928_42,Female,Killingbeck,2023,02/01/2023,00:49:34,-67.570664,-68.069335,02/01/2023 00:49,01/01/2023 21:49
KB_23_42928_42,Female,Killingbeck,2023,02/01/2023,00:51:33,-67.570764,-68.069509,02/01/2023 00:51,01/01/2023 21:51
KB_23_42928_42,Female,Killingbeck,2023,02/01/2023,00:53:33,-67.570558,-68.069081,02/01/2023 00:53,01/01/2023 21:53
KB_23_42928_42,Female,Killingbeck,2023,02/01/2023,00:55:32,-67.570733,-68.069365,02/01/2023 00:55,01/01/2023 21:55
KB_23_42928_42,Female,Killingbeck,2023,02/01/2023,00:57:31,-67.570749,-68.069469,02/01/2023 00:57,01/01/2023 21:57
KB_23_42928_42,Female,Killingbeck,2023,02/01/2023,00:59:29,-67.570801,-68.069322,02/01/2023 00:59,01/01/2023 21:59
KB_23_42928_42,Female,Killingbeck,2023,02/01/2023,01:01:29,-67.570739,-68.069341,02/01/2023 01:01,01/01/2023 22:01
KB_23_42928_42,Female,Killingbeck,2023,02/01/2023,01:03:27,-67.570677,-68.069255,02/01/2023 01:03,01/01/2023 22:03
KB_23_42928_42,Female,Killingbeck,2023,02/01/2023,01:05:27,-67.570705,-68.069345,02/01/2023 01:05,01/01/2023 22:05
KB_23_42928_42,Female,Killingbeck,2023,02/01/2023,01:07:25,-67.570742,-68.069485,02/01/2023 01:07,01/01/2023 22:07
KB_23_42928_42,Female,Killingbeck,2023,02/01/2023,01:09:25,-67.570789,-68.069496,02/01/2023 01:09,01/01/2023 22:09
KB_23_42928_42,Female,Killingbeck,2023,02/01/2023,01:11:24,-67.570716,-68.069482,02/01/2023 01:11,01/01/2023 22:11
KB_23_42928_42,Female,Killingbeck,2023,02/01/2023,01:13:23,-67.570816,-68.06944,02/01/2023 01:13,01/01/2023 22:13
KB_23_42928_42,Female,Killingbeck,2023,02/01/2023,01:15:22,-67.570733,-68.069462,02/01/2023 01:15,01/01/2023 22:15
KB_23_42928_42,Female,Killingbeck,2023,02/01/2023,01:17:22,-67.570749,-68.069414,02/01/2023 01:17,01/01/2023 22:17
KB_23_42928_42,Female,Killingbeck,2023,02/01/2023,01:19:21,-67.570723,-68.069404,02/01/2023 01:19,01/01/2023 22:19
KB_23_42928_42,Female,Killingbeck,2023,02/01/2023,01:21:19,-67.570676,-68.069174,02/01/2023 01:21,01/01/2023 22:21
KB_23_42928_42,Female,Killingbeck,2023,02/01/2023,01:23:18,-67.570709,-68.069334,02/01/2023 01:23,01/01/2023 22:23
KB_23_42928_42,Female,Killingbeck,2023,02/01/2023,01:25:18,-67.570744,-68.069371,02/01/2023 01:25,01/01/2023 22:25
KB_23_42928_42,Female,Killingbeck,2023,02/01/2023,01:27:16,-67.570715,-68.069382,02/01/2023 01:27,01/01/2023 22:27
KB_23_42928_42,Female,Killingbeck,2023,02/01/2023,01:29:15,-67.57072,-68.069398,02/01/2023 01:29,01/01/2023 22:29
KB_23_42928_42,Female,Killingbeck,2023,02/01/2023,01:31:15,-67.570826,-68.06925,02/01/2023 01:31,01/01/2023 22:31
KB_23_42928_42,Female,Killingbeck,2023,02/01/2023,01:33:13,-67.570821,-68.069481,02/01/2023 01:33,01/01/2023 22:33
KB_23_42928_42,Female,Killingbeck,2023,02/01/2023,01:35:15,-67.570938,-68.069103,02/01/2023 01:35,01/01/2023 22:35
KB_23_42928_42,Female,Killingbeck,2023,02/01/2023,01:37:11,-67.570712,-68.069292,02/01/2023 01:37,01/01/2023 22:37
KB_23_42928_42,Female,Killingbeck,2023,02/01/2023,01:39:12,-67.570733,-68.069422,02/01/2023 01:39,01/01/2023 22:39
KB_23_42928_42,Female,Killingbeck,2023,02/01/2023,01:41:10,-67.570748,-68.069349,02/01/2023 01:41,01/01/2023 22:41
KB_23_42928_42,Female,Killingbeck,2023,02/01/2023,01:43:09,-67.570782,-68.069422,02/01/2023 01:43,01/01/2023 22:43
KB_23_42928_42,Female,Killingbeck,2023,02/01/2023,01:45:08,-67.570738,-68.069383,02/01/2023 01:45,01/01/2023 22:45
KB_23_42928_42,Female,Killingbeck,2023,02/01/2023,01:47:07,-67.570821,-68.069491,02/01/2023 01:47,01/01/2023 22:47
KB_23_42928_42,Female,Killingbeck,2023,02/01/2023,01:49:06,-67.570711,-68.069392,02/01/2023 01:49,01/01/2023 22:49
KB_23_42928_42,Female,Killingbeck,2023,02/01/2023,01:51:05,-67.570654,-68.069284,02/01/2023 01:51,01/01/2023 22:51
KB_23_42928_42,Female,Killingbeck,2023,02/01/2023,01:53:04,-67.57074,-68.06936,02/01/2023 01:53,01/01/2023 22:53
KB_23_42928_42,Female,Killingbeck,2023,02/01/2023,01:55:03,-67.570767,-68.069445,02/01/2023 01:55,01/01/2023 22:55
KB_23_42928_42,Female,Killingbeck,2023,02/01/2023,01:57:02,-67.570806,-68.069475,02/01/2023 01:57,01/01/2023 22:57
KB_23_42928_42,Female,Killingbeck,2023,02/01/2023,01:59:01,-67.570819,-68.069414,02/01/2023 01:59,01/01/2023 22:59
KB_23_42928_42,Female,Killingbeck,2023,02/01/2023,02:01:00,-67.570698,-68.069425,02/01/2023 02:01,01/01/2023 23:01
KB_23_42928_42,Female,Killingbeck,2023,02/01/2023,02:02:59,-67.570751,-68.06942,02/01/2023 02:02,01/01/2023 23:02
KB_23_42928_42,Female,Killingbeck,2023,02/01/2023,02:04:59,-67.570743,-68.069286,02/01/2023 02:04,01/01/2023 23:04
KB_23_42928_42,Female,Killingbeck,2023,02/01/2023,02:06:58,-67.570809,-68.069456,02/01/2023 02:06,01/01/2023 23:06
KB_23_42928_42,Female,Killingbeck,2023,02/01/2023,02:08:57,-67.570766,-68.069362,02/01/2023 02:08,01/01/2023 23:08
KB_23_42928_42,Female,Killingbeck,2023,02/01/2023,02:10:56,-67.57076,-68.069285,02/01/2023 02:10,01/01/2023 23:10
KB_23_42928_42,Female,Killingbeck,2023,02/01/2023,02:12:55,-67.57079,-68.069402,02/01/2023 02:12,01/01/2023 23:12
KB_23_42928_42,Female,Killingbeck,2023,02/01/2023,02:15:03,-67.570793,-68.069512,02/01/2023 02:15,01/01/2023 23:15
KB_23_42928_42,Female,Killingbeck,2023,02/01/2023,02:17:03,-67.570702,-68.069353,02/01/2023 02:17,01/01/2023 23:17
KB_23_42928_42,Female,Killingbeck,2023,02/01/2023,02:19:04,-67.570721,-68.069412,02/01/2023 02:19,01/01/2023 23:19
KB_23_42928_42,Female,Killingbeck,2023,02/01/2023,02:21:03,-67.570749,-68.069354,02/01/2023 02:21,01/01/2023 23:21
KB_23_42928_42,Female,Killingbeck,2023,02/01/2023,02:23:00,-67.570742,-68.069516,02/01/2023 02:23,01/01/2023 23:23
KB_23_42928_42,Female,Killingbeck,2023,02/01/2023,02:24:59,-67.570766,-68.069467,02/01/2023 02:24,01/01/2023 23:24
KB_23_42928_42,Female,Killingbeck,2023,02/01/2023,02:26:57,-67.57077,-68.06936,02/01/2023 02:26,01/01/2023 23:26
KB_23_42928_42,Female,Killingbeck,2023,02/01/2023,02:28:56,-67.570729,-68.069449,02/01/2023 02:28,01/01/2023 23:28
KB_23_42928_42,Female,Killingbeck,2023,02/01/2023,02:30:55,-67.570706,-68.069494,02/01/2023 02:30,01/01/2023 23:30
KB_23_42928_42,Female,Killingbeck,2023,02/01/2023,02:32:55,-67.570738,-68.06936,02/01/2023 02:32,01/01/2023 23:32
KB_23_42928_42,Female,Killingbeck,2023,02/01/2023,02:34:53,-67.5707,-68.069396,02/01/2023 02:34,01/01/2023 23:34
KB_23_42928_42,Female,Killingbeck,2023,02/01/2023,02:36:52,-67.570784,-68.069575,02/01/2023 02:36,01/01/2023 23:36
KB_23_42928_42,Female,Killingbeck,2023,02/01/2023,02:38:52,-67.570732,-68.069378,02/01/2023 02:38,01/01/2023 23:38
KB_23_42928_42,Female,Killingbeck,2023,02/01/2023,02:40:51,-67.570734,-68.06938,02/01/2023 02:40,01/01/2023 23:40
KB_23_42928_42,Female,Killingbeck,2023,02/01/2023,02:42:50,-67.57075,-68.069488,02/01/2023 02:42,01/01/2023 23:42
KB_23_42928_42,Female,Killingbeck,2023,02/01/2023,02:44:49,-67.570754,-68.069486,02/01/2023 02:44,01/01/2023 23:44
KB_23_42928_42,Female,Killingbeck,2023,02/01/2023,02:46:48,-67.570773,-68.069432,02/01/2023 02:46,01/01/2023 23:46
KB_23_42928_42,Female,Killingbeck,2023,02/01/2023,02:48:47,-67.570813,-68.069428,02/01/2023 02:48,01/01/2023 23:48
KB_23_42928_42,Female,Killingbeck,2023,02/01/2023,02:50:47,-67.570691,-68.069294,02/01/2023 02:50,01/01/2023 23:50
KB_23_42928_42,Female,Killingbeck,2023,02/01/2023,02:52:45,-67.57067,-68.069445,02/01/2023 02:52,01/01/2023 23:52
KB_23_42928_42,Female,Killingbeck,2023,02/01/2023,02:54:44,-67.570787,-68.06943,02/01/2023 02:54,01/01/2023 23:54
KB_23_42928_42,Female,Killingbeck,2023,02/01/2023,02:56:46,-67.570569,-68.068983,02/01/2023 02:56,01/01/2023 23:56
KB_23_42928_42,Female,Killingbeck,2023,02/01/2023,02:58:43,-67.57076,-68.069531,02/01/2023 02:58,01/01/2023 23:58
KB_23_42928_42,Female,Killingbeck,2023,02/01/2023,03:00:41,-67.570691,-68.069324,02/01/2023 03:00,02/01/2023 00:00
KB_23_42928_42,Female,Killingbeck,2023,02/01/2023,03:02:41,-67.570759,-68.069458,02/01/2023 03:02,02/01/2023 00:02
KB_23_42928_42,Female,Killingbeck,2023,02/01/2023,03:04:39,-67.570759,-68.069626,02/01/2023 03:04,02/01/2023 00:04
KB_23_42928_42,Female,Killingbeck,2023,02/01/2023,03:06:38,-67.570745,-68.069433,02/01/2023 03:06,02/01/2023 00:06
KB_23_42928_42,Female,Killingbeck,2023,02/01/2023,03:08:38,-67.570746,-68.069438,02/01/2023 03:08,02/01/2023 00:08
KB_23_42928_42,Female,Killingbeck,2023,02/01/2023,03:10:38,-67.570762,-68.069593,02/01/2023 03:10,02/01/2023 00:10
KB_23_42928_42,Female,Killingbeck,2023,02/01/2023,03:12:36,-67.570731,-68.069451,02/01/2023 03:12,02/01/2023 00:12
KB_23_42928_42,Female,Killingbeck,2023,02/01/2023,03:14:36,-67.570752,-68.069559,02/01/2023 03:14,02/01/2023 00:14
KB_23_42928_42,Female,Killingbeck,2023,02/01/2023,03:16:35,-67.570727,-68.069337,02/01/2023 03:16,02/01/2023 00:16
KB_23_42928_42,Female,Killingbeck,2023,02/01/2023,03:18:33,-67.570713,-68.069321,02/01/2023 03:18,02/01/2023 00:18
KB_23_42928_42,Female,Killingbeck,2023,02/01/2023,03:20:33,-67.570712,-68.069469,02/01/2023 03:20,02/01/2023 00:20
KB_23_42928_42,Female,Killingbeck,2023,02/01/2023,03:22:34,-67.570726,-68.069469,02/01/2023 03:22,02/01/2023 00:22
KB_23_42928_42,Female,Killingbeck,2023,02/01/2023,03:24:31,-67.570691,-68.069441,02/01/2023 03:24,02/01/2023 00:24
KB_23_42928_42,Female,Killingbeck,2023,02/01/2023,03:26:30,-67.570741,-68.069475,02/01/2023 03:26,02/01/2023 00:26
KB_23_42928_42,Female,Killingbeck,2023,02/01/2023,03:28:28,-67.570703,-68.069489,02/01/2023 03:28,02/01/2023 00:28
KB_23_42928_42,Female,Killingbeck,2023,02/01/2023,03:30:28,-67.570728,-68.069496,02/01/2023 03:30,02/01/2023 00:30
KB_23_42928_42,Female,Killingbeck,2023,02/01/2023,03:32:27,-67.570758,-68.069563,02/01/2023 03:32,02/01/2023 00:32
KB_23_42928_42,Female,Killingbeck,2023,02/01/2023,03:34:26,-67.57071,-68.069412,02/01/2023 03:34,02/01/2023 00:34
KB_23_42928_42,Female,Killingbeck,2023,02/01/2023,03:36:27,-67.570757,-68.069326,02/01/2023 03:36,02/01/2023 00:36
KB_23_42928_42,Female,Killingbeck,2023,02/01/2023,03:38:26,-67.570751,-68.069357,02/01/2023 03:38,02/01/2023 00:38
KB_23_42928_42,Female,Killingbeck,2023,02/01/2023,03:40:24,-67.57079,-68.069407,02/01/2023 03:40,02/01/2023 00:40
KB_23_42928_42,Female,Killingbeck,2023,02/01/2023,03:42:22,-67.570737,-68.06968,02/01/2023 03:42,02/01/2023 00:42
KB_23_42928_42,Female,Killingbeck,2023,02/01/2023,03:44:22,-67.570766,-68.069643,02/01/2023 03:44,02/01/2023 00:44
KB_23_42928_42,Female,Killingbeck,2023,02/01/2023,03:46:21,-67.570725,-68.069468,02/01/2023 03:46,02/01/2023 00:46
KB_23_42928_42,Female,Killingbeck,2023,02/01/2023,03:48:22,-67.570797,-68.069443,02/01/2023 03:48,02/01/2023 00:48
KB_23_42928_42,Female,Killingbeck,2023,02/01/2023,03:50:21,-67.570723,-68.069337,02/01/2023 03:50,02/01/2023 00:50
KB_23_42928_42,Female,Killingbeck,2023,02/01/2023,03:52:20,-67.570748,-68.069405,02/01/2023 03:52,02/01/2023 00:52
KB_23_42928_42,Female,Killingbeck,2023,02/01/2023,03:54:19,-67.570761,-68.069352,02/01/2023 03:54,02/01/2023 00:54
KB_23_42928_42,Female,Killingbeck,2023,02/01/2023,03:56:16,-67.570737,-68.069564,02/01/2023 03:56,02/01/2023 00:56
KB_23_42928_42,Female,Killingbeck,2023,02/01/2023,03:58:17,-67.570756,-68.069252,02/01/2023 03:58,02/01/2023 00:58
KB_23_42928_42,Female,Killingbeck,2023,02/01/2023,04:00:21,-67.570677,-68.069498,02/01/2023 04:00,02/01/2023 01:00
KB_23_42928_42,Female,Killingbeck,2023,02/01/2023,04:02:21,-67.570752,-68.06957,02/01/2023 04:02,02/01/2023 01:02
KB_23_42928_42,Female,Killingbeck,2023,02/01/2023,04:04:22,-67.570735,-68.06944,02/01/2023 04:04,02/01/2023 01:04
KB_23_42928_42,Female,Killingbeck,2023,02/01/2023,04:06:16,-67.570788,-68.069168,02/01/2023 04:06,02/01/2023 01:06
KB_23_42928_42,Female,Killingbeck,2023,02/01/2023,04:08:15,-67.570744,-68.069515,02/01/2023 04:08,02/01/2023 01:08
KB_23_42928_42,Female,Killingbeck,2023,02/01/2023,04:10:13,-67.570736,-68.069588,02/01/2023 04:10,02/01/2023 01:10
KB_23_42928_42,Female,Killingbeck,2023,02/01/2023,04:12:14,-67.570751,-68.06952,02/01/2023 04:12,02/01/2023 01:12
KB_23_42928_42,Female,Killingbeck,2023,02/01/2023,04:14:09,-67.570725,-68.069522,02/01/2023 04:14,02/01/2023 01:14
KB_23_42928_42,Female,Killingbeck,2023,02/01/2023,04:16:15,-67.570699,-68.069814,02/01/2023 04:16,02/01/2023 01:16
KB_23_42928_42,Female,Killingbeck,2023,02/01/2023,04:18:10,-67.570758,-68.069559,02/01/2023 04:18,02/01/2023 01:18
KB_23_42928_42,Female,Killingbeck,2023,02/01/2023,04:20:07,-67.57073,-68.069567,02/01/2023 04:20,02/01/2023 01:20
KB_23_42928_42,Female,Killingbeck,2023,02/01/2023,04:22:08,-67.570759,-68.069421,02/01/2023 04:22,02/01/2023 01:22
KB_23_42928_42,Female,Killingbeck,2023,02/01/2023,04:24:12,-67.570732,-68.069674,02/01/2023 04:24,02/01/2023 01:24
KB_23_42928_42,Female,Killingbeck,2023,02/01/2023,04:26:07,-67.570738,-68.069619,02/01/2023 04:26,02/01/2023 01:26
KB_23_42928_42,Female,Killingbeck,2023,02/01/2023,04:28:06,-67.570715,-68.069564,02/01/2023 04:28,02/01/2023 01:28
KB_23_42928_42,Female,Killingbeck,2023,02/01/2023,04:30:10,-67.570741,-68.069728,02/01/2023 04:30,02/01/2023 01:30
KB_23_42928_42,Female,Killingbeck,2023,02/01/2023,04:32:05,-67.570751,-68.069687,02/01/2023 04:32,02/01/2023 01:32
KB_23_42928_42,Female,Killingbeck,2023,02/01/2023,04:34:04,-67.570759,-68.069659,02/01/2023 04:34,02/01/2023 01:34
KB_23_42928_42,Female,Killingbeck,2023,02/01/2023,04:36:08,-67.570745,-68.069709,02/01/2023 04:36,02/01/2023 01:36
KB_23_42928_42,Female,Killingbeck,2023,02/01/2023,04:38:08,-67.570751,-68.069784,02/01/2023 04:38,02/01/2023 01:38
KB_23_42928_42,Female,Killingbeck,2023,02/01/2023,04:40:08,-67.570726,-68.069671,02/01/2023 04:40,02/01/2023 01:40
KB_23_42928_42,Female,Killingbeck,2023,02/01/2023,04:42:08,-67.570732,-68.06963,02/01/2023 04:42,02/01/2023 01:42
KB_23_42928_42,Female,Killingbeck,2023,02/01/2023,04:44:01,-67.570731,-68.069358,02/01/2023 04:44,02/01/2023 01:44
KB_23_42928_42,Female,Killingbeck,2023,02/01/2023,04:46:00,-67.570684,-68.069547,02/01/2023 04:46,02/01/2023 01:46
KB_23_42928_42,Female,Killingbeck,2023,02/01/2023,04:47:57,-67.5707,-68.069462,02/01/2023 04:47,02/01/2023 01:47
KB_23_42928_42,Female,Killingbeck,2023,02/01/2023,04:49:55,-67.570709,-68.069694,02/01/2023 04:49,02/01/2023 01:49
KB_23_42928_42,Female,Killingbeck,2023,02/01/2023,04:51:54,-67.570743,-68.06957,02/01/2023 04:51,02/01/2023 01:51
KB_23_42928_42,Female,Killingbeck,2023,02/01/2023,04:53:53,-67.570715,-68.069457,02/01/2023 04:53,02/01/2023 01:53
KB_23_42928_42,Female,Killingbeck,2023,02/01/2023,04:55:53,-67.570706,-68.069667,02/01/2023 04:55,02/01/2023 01:55
KB_23_42928_42,Female,Killingbeck,2023,02/01/2023,04:57:52,-67.570707,-68.0694,02/01/2023 04:57,02/01/2023 01:57
KB_23_42928_42,Female,Killingbeck,2023,02/01/2023,04:59:58,-67.570742,-68.069457,02/01/2023 04:59,02/01/2023 01:59
KB_23_42928_42,Female,Killingbeck,2023,02/01/2023,05:01:51,-67.570697,-68.069782,02/01/2023 05:01,02/01/2023 02:01
KB_23_42928_42,Female,Killingbeck,2023,02/01/2023,05:03:50,-67.570736,-68.069526,02/01/2023 05:03,02/01/2023 02:03
KB_23_42928_42,Female,Killingbeck,2023,02/01/2023,05:05:49,-67.570713,-68.069396,02/01/2023 05:05,02/01/2023 02:05
KB_23_42928_42,Female,Killingbeck,2023,02/01/2023,05:07:47,-67.570703,-68.069577,02/01/2023 05:07,02/01/2023 02:07
KB_23_42928_42,Female,Killingbeck,2023,02/01/2023,05:10:02,-67.570758,-68.069564,02/01/2023 05:10,02/01/2023 02:10
KB_23_42928_42,Female,Killingbeck,2023,02/01/2023,05:11:49,-67.570755,-68.069619,02/01/2023 05:11,02/01/2023 02:11
KB_23_42928_42,Female,Killingbeck,2023,02/01/2023,05:13:58,-67.570761,-68.069668,02/01/2023 05:13,02/01/2023 02:13
KB_23_42928_42,Female,Killingbeck,2023,02/01/2023,05:15:57,-67.57076,-68.069571,02/01/2023 05:15,02/01/2023 02:15
KB_23_42928_42,Female,Killingbeck,2023,02/01/2023,05:17:56,0,0,02/01/2023 05:17,02/01/2023 02:17
KB_23_42928_42,Female,Killingbeck,2023,02/01/2023,05:19:43,-67.571468,-68.069811,02/01/2023 05:19,02/01/2023 02:19
KB_23_42928_42,Female,Killingbeck,2023,02/01/2023,05:21:47,-67.571072,-68.069848,02/01/2023 05:21,02/01/2023 02:21
KB_23_42928_42,Female,Killingbeck,2023,02/01/2023,05:23:54,-67.571295,-68.071059,02/01/2023 05:23,02/01/2023 02:23
KB_23_42928_42,Female,Killingbeck,2023,02/01/2023,05:25:41,-67.570835,-68.069709,02/01/2023 05:25,02/01/2023 02:25
KB_23_42928_42,Female,Killingbeck,2023,02/01/2023,05:27:40,-67.570937,-68.069253,02/01/2023 05:27,02/01/2023 02:27
KB_23_42928_42,Female,Killingbeck,2023,02/01/2023,05:29:39,-67.57106,-68.068846,02/01/2023 05:29,02/01/2023 02:29
KB_23_42928_42,Female,Killingbeck,2023,02/01/2023,05:31:50,-67.571031,-68.068756,02/01/2023 05:31,02/01/2023 02:31
KB_23_42928_42,Female,Killingbeck,2023,02/01/2023,05:33:44,-67.571089,-68.068788,02/01/2023 05:33,02/01/2023 02:33
KB_23_42928_42,Female,Killingbeck,2023,02/01/2023,05:35:37,-67.57107,-68.068905,02/01/2023 05:35,02/01/2023 02:35
KB_23_42928_42,Female,Killingbeck,2023,02/01/2023,05:37:46,-67.571137,-68.06852,02/01/2023 05:37,02/01/2023 02:37
KB_23_42928_42,Female,Killingbeck,2023,02/01/2023,05:39:44,-67.570776,-68.069402,02/01/2023 05:39,02/01/2023 02:39
KB_23_42928_42,Female,Killingbeck,2023,02/01/2023,05:41:34,-67.570902,-68.068824,02/01/2023 05:41,02/01/2023 02:41
KB_23_42928_42,Female,Killingbeck,2023,02/01/2023,05:43:34,-67.570605,-68.069369,02/01/2023 05:43,02/01/2023 02:43
KB_23_42928_42,Female,Killingbeck,2023,02/01/2023,05:45:33,-67.571034,-68.06927,02/01/2023 05:45,02/01/2023 02:45
KB_23_42928_42,Female,Killingbeck,2023,02/01/2023,05:47:30,-67.570839,-68.068993,02/01/2023 05:47,02/01/2023 02:47
KB_23_42928_42,Female,Killingbeck,2023,02/01/2023,05:49:29,-67.570937,-68.069745,02/01/2023 05:49,02/01/2023 02:49
KB_23_42928_42,Female,Killingbeck,2023,02/01/2023,05:51:28,-67.570975,-68.068684,02/01/2023 05:51,02/01/2023 02:51
KB_23_42928_42,Female,Killingbeck,2023,02/01/2023,05:53:29,-67.571077,-68.0698,02/01/2023 05:53,02/01/2023 02:53
KB_23_42928_42,Female,Killingbeck,2023,02/01/2023,05:55:28,-67.571186,-68.0706,02/01/2023 05:55,02/01/2023 02:55
KB_23_42928_42,Female,Killingbeck,2023,02/01/2023,05:57:32,-67.571131,-68.070561,02/01/2023 05:57,02/01/2023 02:57
KB_23_42928_42,Female,Killingbeck,2023,02/01/2023,05:59:26,-67.570769,-68.070454,02/01/2023 05:59,02/01/2023 02:59
KB_23_42928_42,Female,Killingbeck,2023,02/01/2023,06:01:24,-67.570784,-68.07019,02/01/2023 06:01,02/01/2023 03:01
KB_23_42928_42,Female,Killingbeck,2023,02/01/2023,06:03:23,-67.570957,-68.068909,02/01/2023 06:03,02/01/2023 03:03
KB_23_42928_42,Female,Killingbeck,2023,02/01/2023,06:05:22,-67.570784,-68.069207,02/01/2023 06:05,02/01/2023 03:05
KB_23_42928_42,Female,Killingbeck,2023,02/01/2023,06:07:23,-67.571038,-68.068753,02/01/2023 06:07,02/01/2023 03:07
KB_23_42928_42,Female,Killingbeck,2023,02/01/2023,06:09:32,-67.570948,-68.0704,02/01/2023 06:09,02/01/2023 03:09
KB_23_42928_42,Female,Killingbeck,2023,02/01/2023,06:11:22,-67.571138,-68.068633,02/01/2023 06:11,02/01/2023 03:11
KB_23_42928_42,Female,Killingbeck,2023,02/01/2023,06:13:17,-67.57103,-68.068771,02/01/2023 06:13,02/01/2023 03:13
KB_23_42928_42,Female,Killingbeck,2023,02/01/2023,06:15:17,-67.570793,-68.070911,02/01/2023 06:15,02/01/2023 03:15
KB_23_42928_42,Female,Killingbeck,2023,02/01/2023,06:17:24,-67.570863,-68.070237,02/01/2023 06:17,02/01/2023 03:17
KB_23_42928_42,Female,Killingbeck,2023,02/01/2023,06:19:15,-67.570774,-68.069596,02/01/2023 06:19,02/01/2023 03:19
KB_23_42928_42,Female,Killingbeck,2023,02/01/2023,06:21:15,-67.570785,-68.069861,02/01/2023 06:21,02/01/2023 03:21
KB_23_42928_42,Female,Killingbeck,2023,02/01/2023,06:23:15,-67.570586,-68.06947,02/01/2023 06:23,02/01/2023 03:23
KB_23_42928_42,Female,Killingbeck,2023,02/01/2023,06:25:14,-67.57106,-68.068419,02/01/2023 06:25,02/01/2023 03:25
KB_23_42928_42,Female,Killingbeck,2023,02/01/2023,06:27:11,-67.570609,-68.069535,02/01/2023 06:27,02/01/2023 03:27
KB_23_42928_42,Female,Killingbeck,2023,02/01/2023,06:29:10,-67.570627,-68.069489,02/01/2023 06:29,02/01/2023 03:29
KB_23_42928_42,Female,Killingbeck,2023,02/01/2023,06:31:10,-67.570662,-68.069486,02/01/2023 06:31,02/01/2023 03:31
KB_23_42928_42,Female,Killingbeck,2023,02/01/2023,06:33:10,-67.570934,-68.069116,02/01/2023 06:33,02/01/2023 03:33
KB_23_42928_42,Female,Killingbeck,2023,02/01/2023,06:35:18,-67.570649,-68.069544,02/01/2023 06:35,02/01/2023 03:35
KB_23_42928_42,Female,Killingbeck,2023,02/01/2023,06:37:18,-67.570916,-68.069165,02/01/2023 06:37,02/01/2023 03:37
KB_23_42928_42,Female,Killingbeck,2023,02/01/2023,06:39:16,-67.570711,-68.069269,02/01/2023 06:39,02/01/2023 03:39
KB_23_42928_42,Female,Killingbeck,2023,02/01/2023,06:41:08,-67.570933,-68.06916,02/01/2023 06:41,02/01/2023 03:41
KB_23_42928_42,Female,Killingbeck,2023,02/01/2023,06:43:06,-67.570918,-68.069256,02/01/2023 06:43,02/01/2023 03:43
KB_23_42928_42,Female,Killingbeck,2023,02/01/2023,06:45:06,-67.570743,-68.069395,02/01/2023 06:45,02/01/2023 03:45
KB_23_42928_42,Female,Killingbeck,2023,02/01/2023,06:47:06,-67.570752,-68.069469,02/01/2023 06:47,02/01/2023 03:47
KB_23_42928_42,Female,Killingbeck,2023,02/01/2023,06:49:04,-67.570758,-68.069472,02/01/2023 06:49,02/01/2023 03:49
KB_23_42928_42,Female,Killingbeck,2023,02/01/2023,06:51:13,-67.570158,-68.066932,02/01/2023 06:51,02/01/2023 03:51
KB_23_42928_42,Female,Killingbeck,2023,02/01/2023,06:53:00,-67.570736,-68.069483,02/01/2023 06:53,02/01/2023 03:53
KB_23_42928_42,Female,Killingbeck,2023,02/01/2023,06:55:00,-67.570836,-68.07003,02/01/2023 06:55,02/01/2023 03:55
KB_23_42928_42,Female,Killingbeck,2023,02/01/2023,06:57:01,-67.570942,-68.070434,02/01/2023 06:57,02/01/2023 03:57
KB_23_42928_42,Female,Killingbeck,2023,02/01/2023,06:59:08,-67.570886,-68.07021,02/01/2023 06:59,02/01/2023 03:59
KB_23_42928_42,Female,Killingbeck,2023,02/01/2023,07:00:59,-67.570948,-68.070521,02/01/2023 07:00,02/01/2023 04:00
KB_23_42928_42,Female,Killingbeck,2023,02/01/2023,07:03:06,-67.570885,-68.070277,02/01/2023 07:03,02/01/2023 04:03
KB_23_42928_42,Female,Killingbeck,2023,02/01/2023,07:04:55,-67.570793,-68.069848,02/01/2023 07:04,02/01/2023 04:04
KB_23_42928_42,Female,Killingbeck,2023,02/01/2023,07:06:53,-67.570837,-68.069961,02/01/2023 07:06,02/01/2023 04:06
KB_23_42928_42,Female,Killingbeck,2023,02/01/2023,07:09:05,-67.570827,-68.070523,02/01/2023 07:09,02/01/2023 04:09
KB_23_42928_42,Female,Killingbeck,2023,02/01/2023,07:10:54,-67.570752,-68.069657,02/01/2023 07:10,02/01/2023 04:10
KB_23_42928_42,Female,Killingbeck,2023,02/01/2023,07:12:54,-67.570797,-68.069843,02/01/2023 07:12,02/01/2023 04:12
KB_23_42928_42,Female,Killingbeck,2023,02/01/2023,07:15:05,-67.570624,-68.068552,02/01/2023 07:15,02/01/2023 04:15
KB_23_42928_42,Female,Killingbeck,2023,02/01/2023,07:16:57,-67.570767,-68.06956,02/01/2023 07:16,02/01/2023 04:16
KB_23_42928_42,Female,Killingbeck,2023,02/01/2023,07:18:52,-67.570686,-68.069372,02/01/2023 07:18,02/01/2023 04:18
KB_23_42928_42,Female,Killingbeck,2023,02/01/2023,07:20:51,-67.570746,-68.069571,02/01/2023 07:20,02/01/2023 04:20
KB_23_42928_42,Female,Killingbeck,2023,02/01/2023,07:22:55,-67.570768,-68.069501,02/01/2023 07:22,02/01/2023 04:22
KB_23_42928_42,Female,Killingbeck,2023,02/01/2023,07:24:48,-67.570735,-68.069605,02/01/2023 07:24,02/01/2023 04:24
KB_23_42928_42,Female,Killingbeck,2023,02/01/2023,07:26:47,-67.570765,-68.069659,02/01/2023 07:26,02/01/2023 04:26
KB_23_42928_42,Female,Killingbeck,2023,02/01/2023,07:29:00,-67.570757,-68.069521,02/01/2023 07:29,02/01/2023 04:29
KB_23_42928_42,Female,Killingbeck,2023,02/01/2023,07:30:47,-67.570499,-68.069618,02/01/2023 07:30,02/01/2023 04:30
KB_23_42928_42,Female,Killingbeck,2023,02/01/2023,07:32:46,-67.570536,-68.069591,02/01/2023 07:32,02/01/2023 04:32
KB_23_42928_42,Female,Killingbeck,2023,02/01/2023,07:34:45,-67.570773,-68.069431,02/01/2023 07:34,02/01/2023 04:34
KB_23_42928_42,Female,Killingbeck,2023,02/01/2023,07:36:51,-67.570678,-68.069551,02/01/2023 07:36,02/01/2023 04:36
KB_23_42928_42,Female,Killingbeck,2023,02/01/2023,07:38:56,-67.570659,-68.069637,02/01/2023 07:38,02/01/2023 04:38
KB_23_42928_42,Female,Killingbeck,2023,02/01/2023,07:40:49,-67.570759,-68.069293,02/01/2023 07:40,02/01/2023 04:40
KB_23_42928_42,Female,Killingbeck,2023,02/01/2023,07:42:48,-67.570482,-68.069706,02/01/2023 07:42,02/01/2023 04:42
KB_23_42928_42,Female,Killingbeck,2023,02/01/2023,07:44:41,-67.570766,-68.069674,02/01/2023 07:44,02/01/2023 04:44
KB_23_42928_42,Female,Killingbeck,2023,02/01/2023,07:46:42,-67.570741,-68.069547,02/01/2023 07:46,02/01/2023 04:46
KB_23_42928_42,Female,Killingbeck,2023,02/01/2023,07:48:39,-67.570726,-68.06952,02/01/2023 07:48,02/01/2023 04:48
KB_23_42928_42,Female,Killingbeck,2023,02/01/2023,07:50:46,-67.570738,-68.070087,02/01/2023 07:50,02/01/2023 04:50
KB_23_42928_42,Female,Killingbeck,2023,02/01/2023,07:52:47,-67.569605,-68.06936,02/01/2023 07:52,02/01/2023 04:52
KB_23_42928_42,Female,Killingbeck,2023,02/01/2023,07:54:36,-67.570713,-68.06952,02/01/2023 07:54,02/01/2023 04:54
KB_23_42928_42,Female,Killingbeck,2023,02/01/2023,07:56:43,-67.570429,-68.069396,02/01/2023 07:56,02/01/2023 04:56
KB_23_42928_42,Female,Killingbeck,2023,02/01/2023,07:58:34,-67.570635,-68.069492,02/01/2023 07:58,02/01/2023 04:58
KB_23_42928_42,Female,Killingbeck,2023,02/01/2023,08:00:36,-67.570211,-68.069291,02/01/2023 08:00,02/01/2023 05:00
KB_23_42928_42,Female,Killingbeck,2023,02/01/2023,08:02:40,-67.57072,-68.069594,02/01/2023 08:02,02/01/2023 05:02
KB_23_42928_42,Female,Killingbeck,2023,02/01/2023,08:04:32,-67.570683,-68.069608,02/01/2023 08:04,02/01/2023 05:04
KB_23_42928_42,Female,Killingbeck,2023,02/01/2023,08:07:53,-67.572926,-68.079347,02/01/2023 08:07,02/01/2023 05:07
KB_23_42928_42,Female,Killingbeck,2023,02/01/2023,08:09:54,-67.572619,-68.079485,02/01/2023 08:09,02/01/2023 05:09
KB_23_42928_42,Female,Killingbeck,2023,02/01/2023,08:11:54,-67.572653,-68.079505,02/01/2023 08:11,02/01/2023 05:11
KB_23_42928_42,Female,Killingbeck,2023,02/01/2023,08:15:16,-67.572751,-68.07612,02/01/2023 08:15,02/01/2023 05:15
KB_23_42928_42,Female,Killingbeck,2023,02/01/2023,08:17:14,-67.572677,-68.076388,02/01/2023 08:17,02/01/2023 05:17
KB_23_42928_42,Female,Killingbeck,2023,02/01/2023,08:19:14,-67.572721,-68.075724,02/01/2023 08:19,02/01/2023 05:19
KB_23_42928_42,Female,Killingbeck,2023,02/01/2023,08:21:14,-67.572691,-68.076248,02/01/2023 08:21,02/01/2023 05:21
KB_23_42928_42,Female,Killingbeck,2023,02/01/2023,08:24:18,-67.573134,-68.079276,02/01/2023 08:24,02/01/2023 05:24
KB_23_42928_42,Female,Killingbeck,2023,02/01/2023,08:26:22,-67.572742,-68.076355,02/01/2023 08:26,02/01/2023 05:26
KB_23_42928_42,Female,Killingbeck,2023,02/01/2023,08:28:17,-67.572738,-68.076476,02/01/2023 08:28,02/01/2023 05:28
KB_23_42928_42,Female,Killingbeck,2023,02/01/2023,08:30:15,-67.572759,-68.076422,02/01/2023 08:30,02/01/2023 05:30
KB_23_42928_42,Female,Killingbeck,2023,02/01/2023,08:32:23,-67.572689,-68.079182,02/01/2023 08:32,02/01/2023 05:32
KB_23_42928_42,Female,Killingbeck,2023,02/01/2023,08:34:23,-67.572617,-68.079763,02/01/2023 08:34,02/01/2023 05:34
KB_23_42928_42,Female,Killingbeck,2023,02/01/2023,08:36:22,-67.57273,-68.080076,02/01/2023 08:36,02/01/2023 05:36
KB_23_42928_42,Female,Killingbeck,2023,02/01/2023,08:38:21,-67.572574,-68.079682,02/01/2023 08:38,02/01/2023 05:38
KB_23_42928_42,Female,Killingbeck,2023,02/01/2023,08:40:48,-67.572425,-68.078536,02/01/2023 08:40,02/01/2023 05:40
KB_23_42928_42,Female,Killingbeck,2023,02/01/2023,08:42:47,-67.572694,-68.078943,02/01/2023 08:42,02/01/2023 05:42
KB_23_42928_42,Female,Killingbeck,2023,02/01/2023,08:44:46,-67.572782,-68.07914,02/01/2023 08:44,02/01/2023 05:44
KB_23_42928_42,Female,Killingbeck,2023,02/01/2023,08:46:48,-67.57267,-68.079312,02/01/2023 08:46,02/01/2023 05:46
KB_23_42928_42,Female,Killingbeck,2023,02/01/2023,08:48:47,-67.572857,-68.079522,02/01/2023 08:48,02/01/2023 05:48
KB_23_42928_42,Female,Killingbeck,2023,02/01/2023,08:51:28,-67.572617,-68.079537,02/01/2023 08:51,02/01/2023 05:51
KB_23_42928_42,Female,Killingbeck,2023,02/01/2023,08:53:26,-67.572672,-68.07986,02/01/2023 08:53,02/01/2023 05:53
KB_23_42928_42,Female,Killingbeck,2023,02/01/2023,08:55:26,-67.571914,-68.077015,02/01/2023 08:55,02/01/2023 05:55
KB_23_42928_42,Female,Killingbeck,2023,02/01/2023,08:57:24,-67.572621,-68.076357,02/01/2023 08:57,02/01/2023 05:57
KB_23_42928_42,Female,Killingbeck,2023,02/01/2023,08:59:23,-67.572696,-68.076347,02/01/2023 08:59,02/01/2023 05:59
KB_23_42928_42,Female,Killingbeck,2023,02/01/2023,09:01:24,-67.572675,-68.075917,02/01/2023 09:01,02/01/2023 06:01
KB_23_42928_42,Female,Killingbeck,2023,02/01/2023,09:03:25,-67.572702,-68.076097,02/01/2023 09:03,02/01/2023 06:03
KB_23_42928_42,Female,Killingbeck,2023,02/01/2023,09:05:21,-67.572725,-68.076191,02/01/2023 09:05,02/01/2023 06:05
KB_23_42928_42,Female,Killingbeck,2023,02/01/2023,09:07:21,-67.572732,-68.076195,02/01/2023 09:07,02/01/2023 06:07
KB_23_42928_42,Female,Killingbeck,2023,02/01/2023,09:09:20,-67.572703,-68.076317,02/01/2023 09:09,02/01/2023 06:09
KB_23_42928_42,Female,Killingbeck,2023,02/01/2023,09:11:19,-67.572634,-68.076263,02/01/2023 09:11,02/01/2023 06:11
KB_23_42928_42,Female,Killingbeck,2023,02/01/2023,09:13:18,-67.572628,-68.07644,02/01/2023 09:13,02/01/2023 06:13
KB_23_42928_42,Female,Killingbeck,2023,02/01/2023,09:15:21,-67.572608,-68.076269,02/01/2023 09:15,02/01/2023 06:15
KB_23_42928_42,Female,Killingbeck,2023,02/01/2023,09:17:17,-67.572715,-68.076268,02/01/2023 09:17,02/01/2023 06:17
KB_23_42928_42,Female,Killingbeck,2023,02/01/2023,09:19:17,-67.57264,-68.076392,02/01/2023 09:19,02/01/2023 06:19
KB_23_42928_42,Female,Killingbeck,2023,02/01/2023,09:21:16,-67.57267,-68.076283,02/01/2023 09:21,02/01/2023 06:21
KB_23_42928_42,Female,Killingbeck,2023,02/01/2023,09:23:16,-67.572675,-68.076341,02/01/2023 09:23,02/01/2023 06:23
KB_23_42928_42,Female,Killingbeck,2023,02/01/2023,09:25:14,-67.57268,-68.076286,02/01/2023 09:25,02/01/2023 06:25
KB_23_42928_42,Female,Killingbeck,2023,02/01/2023,09:28:09,-67.572589,-68.078122,02/01/2023 09:28,02/01/2023 06:28
KB_23_42928_42,Female,Killingbeck,2023,02/01/2023,09:30:06,-67.572948,-68.079164,02/01/2023 09:30,02/01/2023 06:30
KB_23_42928_42,Female,Killingbeck,2023,02/01/2023,09:32:32,-67.572942,-68.07872,02/01/2023 09:32,02/01/2023 06:32
KB_23_42928_42,Female,Killingbeck,2023,02/01/2023,09:34:43,-67.57308,-68.079877,02/01/2023 09:34,02/01/2023 06:34
KB_23_42928_42,Female,Killingbeck,2023,02/01/2023,09:36:43,-67.572765,-68.079627,02/01/2023 09:36,02/01/2023 06:36
KB_23_42928_42,Female,Killingbeck,2023,02/01/2023,09:38:43,-67.572801,-68.079231,02/01/2023 09:38,02/01/2023 06:38
KB_23_42928_42,Female,Killingbeck,2023,02/01/2023,09:40:41,-67.572825,-68.07962,02/01/2023 09:40,02/01/2023 06:40
KB_23_42928_42,Female,Killingbeck,2023,02/01/2023,09:42:41,-67.572802,-68.079009,02/01/2023 09:42,02/01/2023 06:42
KB_23_42928_42,Female,Killingbeck,2023,02/01/2023,09:44:41,-67.573181,-68.079428,02/01/2023 09:44,02/01/2023 06:44
KB_23_42928_42,Female,Killingbeck,2023,02/01/2023,09:47:12,-67.572571,-68.079198,02/01/2023 09:47,02/01/2023 06:47
KB_23_42928_42,Female,Killingbeck,2023,02/01/2023,09:49:13,-67.572479,-68.080073,02/01/2023 09:49,02/01/2023 06:49
KB_23_42928_42,Female,Killingbeck,2023,02/01/2023,09:51:12,-67.570798,-68.066165,02/01/2023 09:51,02/01/2023 06:51
KB_23_42928_42,Female,Killingbeck,2023,02/01/2023,09:53:12,-67.570523,-68.069375,02/01/2023 09:53,02/01/2023 06:53
KB_23_42928_42,Female,Killingbeck,2023,02/01/2023,09:55:13,-67.570603,-68.06938,02/01/2023 09:55,02/01/2023 06:55
KB_23_42928_42,Female,Killingbeck,2023,02/01/2023,09:57:20,-67.570692,-68.06931,02/01/2023 09:57,02/01/2023 06:57
KB_23_42928_42,Female,Killingbeck,2023,02/01/2023,09:59:20,-67.570737,-68.069476,02/01/2023 09:59,02/01/2023 06:59
KB_23_42928_42,Female,Killingbeck,2023,02/01/2023,10:01:23,-67.570784,-68.069798,02/01/2023 10:01,02/01/2023 07:01
KB_23_42928_42,Female,Killingbeck,2023,02/01/2023,10:03:23,-67.5713,-68.070181,02/01/2023 10:03,02/01/2023 07:03
KB_23_42928_42,Female,Killingbeck,2023,02/01/2023,10:05:14,-67.570771,-68.069805,02/01/2023 10:05,02/01/2023 07:05
KB_23_42928_42,Female,Killingbeck,2023,02/01/2023,10:07:22,0,0,02/01/2023 10:07,02/01/2023 07:07
KB_23_42928_42,Female,Killingbeck,2023,02/01/2023,10:09:20,-67.570581,-68.069444,02/01/2023 10:09,02/01/2023 07:09
KB_23_42928_42,Female,Killingbeck,2023,02/01/2023,10:11:13,-67.570639,-68.069358,02/01/2023 10:11,02/01/2023 07:11
KB_23_42928_42,Female,Killingbeck,2023,02/01/2023,10:13:13,-67.570628,-68.069336,02/01/2023 10:13,02/01/2023 07:13
KB_23_42928_42,Female,Killingbeck,2023,02/01/2023,10:15:19,0,0,02/01/2023 10:15,02/01/2023 07:15
KB_23_42928_42,Female,Killingbeck,2023,02/01/2023,10:17:16,-67.570697,-68.069848,02/01/2023 10:17,02/01/2023 07:17
KB_23_42928_42,Female,Killingbeck,2023,02/01/2023,10:18:41,0,0,02/01/2023 10:18,02/01/2023 07:18
KB_23_42928_42,Female,Killingbeck,2023,02/01/2023,10:20:38,-67.570553,-68.069271,02/01/2023 10:20,02/01/2023 07:20
KB_23_42928_42,Female,Killingbeck,2023,02/01/2023,10:22:37,-67.570716,-68.069485,02/01/2023 10:22,02/01/2023 07:22
KB_23_42928_42,Female,Killingbeck,2023,02/01/2023,10:24:35,0,0,02/01/2023 10:24,02/01/2023 07:24
KB_23_42928_42,Female,Killingbeck,2023,02/01/2023,10:26:20,-67.572753,-68.080614,02/01/2023 10:26,02/01/2023 07:26
KB_23_42928_42,Female,Killingbeck,2023,02/01/2023,10:29:27,-67.572916,-68.079546,02/01/2023 10:29,02/01/2023 07:29
KB_23_42928_42,Female,Killingbeck,2023,02/01/2023,10:31:27,-67.572799,-68.079143,02/01/2023 10:31,02/01/2023 07:31
KB_23_42928_42,Female,Killingbeck,2023,02/01/2023,10:33:45,-67.573103,-68.07945,02/01/2023 10:33,02/01/2023 07:33
KB_23_42928_42,Female,Killingbeck,2023,02/01/2023,10:35:44,-67.573416,-68.079854,02/01/2023 10:35,02/01/2023 07:35
KB_23_42928_42,Female,Killingbeck,2023,02/01/2023,10:37:53,-67.573199,-68.08001,02/01/2023 10:37,02/01/2023 07:37
KB_23_42928_42,Female,Killingbeck,2023,02/01/2023,10:40:34,-67.572734,-68.07923,02/01/2023 10:40,02/01/2023 07:40
KB_23_42928_42,Female,Killingbeck,2023,02/01/2023,10:42:33,-67.57265,-68.079682,02/01/2023 10:42,02/01/2023 07:42
KB_23_42928_42,Female,Killingbeck,2023,02/01/2023,10:44:33,-67.57255,-68.08023,02/01/2023 10:44,02/01/2023 07:44
KB_23_42928_42,Female,Killingbeck,2023,02/01/2023,10:47:08,-67.572516,-68.079493,02/01/2023 10:47,02/01/2023 07:47
KB_23_42928_42,Female,Killingbeck,2023,02/01/2023,10:49:44,-67.572642,-68.080354,02/01/2023 10:49,02/01/2023 07:49
KB_23_42928_42,Female,Killingbeck,2023,02/01/2023,10:52:49,-67.573328,-68.081256,02/01/2023 10:52,02/01/2023 07:52
KB_23_42928_42,Female,Killingbeck,2023,02/01/2023,10:54:49,-67.572707,-68.081543,02/01/2023 10:54,02/01/2023 07:54
KB_23_42928_42,Female,Killingbeck,2023,02/01/2023,10:57:41,-67.572068,-68.081085,02/01/2023 10:57,02/01/2023 07:57
KB_23_42928_42,Female,Killingbeck,2023,02/01/2023,10:59:39,-67.5726,-68.078451,02/01/2023 10:59,02/01/2023 07:59
KB_23_42928_42,Female,Killingbeck,2023,02/01/2023,11:01:44,-67.572824,-68.078766,02/01/2023 11:01,02/01/2023 08:01
KB_23_42928_42,Female,Killingbeck,2023,02/01/2023,11:04:40,-67.572784,-68.079792,02/01/2023 11:04,02/01/2023 08:04
KB_23_42928_42,Female,Killingbeck,2023,02/01/2023,11:06:41,-67.572499,-68.079568,02/01/2023 11:06,02/01/2023 08:06
KB_23_42928_42,Female,Killingbeck,2023,02/01/2023,11:08:42,-67.572311,-68.079652,02/01/2023 11:08,02/01/2023 08:08
KB_23_42928_42,Female,Killingbeck,2023,02/01/2023,11:10:41,-67.572445,-68.079373,02/01/2023 11:10,02/01/2023 08:10
KB_23_42928_42,Female,Killingbeck,2023,02/01/2023,11:13:17,-67.572195,-68.079242,02/01/2023 11:13,02/01/2023 08:13
KB_23_42928_42,Female,Killingbeck,2023,02/01/2023,11:15:16,-67.5723,-68.078949,02/01/2023 11:15,02/01/2023 08:15
KB_23_42928_42,Female,Killingbeck,2023,02/01/2023,11:17:16,-67.572415,-68.078894,02/01/2023 11:17,02/01/2023 08:17
KB_23_42928_42,Female,Killingbeck,2023,02/01/2023,11:19:26,-67.573011,-68.079569,02/01/2023 11:19,02/01/2023 08:19
KB_23_42928_42,Female,Killingbeck,2023,02/01/2023,11:21:27,-67.573148,-68.080359,02/01/2023 11:21,02/01/2023 08:21
KB_23_42928_42,Female,Killingbeck,2023,02/01/2023,11:23:25,-67.57315,-68.080914,02/01/2023 11:23,02/01/2023 08:23
KB_23_42928_42,Female,Killingbeck,2023,02/01/2023,11:25:25,-67.574149,-68.081806,02/01/2023 11:25,02/01/2023 08:25
KB_23_42928_42,Female,Killingbeck,2023,02/01/2023,11:27:38,-67.570884,-68.065406,02/01/2023 11:27,02/01/2023 08:27
KB_23_42928_42,Female,Killingbeck,2023,02/01/2023,11:29:34,-67.570726,-68.070169,02/01/2023 11:29,02/01/2023 08:29
KB_23_42928_42,Female,Killingbeck,2023,02/01/2023,11:31:32,-67.570724,-68.069789,02/01/2023 11:31,02/01/2023 08:31
KB_23_42928_42,Female,Killingbeck,2023,02/01/2023,11:33:34,-67.571668,-68.07325,02/01/2023 11:33,02/01/2023 08:33
KB_23_42928_42,Female,Killingbeck,2023,02/01/2023,11:35:31,-67.570616,-68.069524,02/01/2023 11:35,02/01/2023 08:35
KB_23_42928_42,Female,Killingbeck,2023,02/01/2023,11:37:30,-67.570673,-68.069716,02/01/2023 11:37,02/01/2023 08:37
KB_23_42928_42,Female,Killingbeck,2023,02/01/2023,11:39:28,-67.570581,-68.069737,02/01/2023 11:39,02/01/2023 08:39
KB_23_42928_42,Female,Killingbeck,2023,02/01/2023,11:41:27,-67.570613,-68.069415,02/01/2023 11:41,02/01/2023 08:41
KB_23_42928_42,Female,Killingbeck,2023,02/01/2023,11:43:26,-67.57071,-68.069541,02/01/2023 11:43,02/01/2023 08:43
KB_23_42928_42,Female,Killingbeck,2023,02/01/2023,11:45:25,-67.570553,-68.06924,02/01/2023 11:45,02/01/2023 08:45
KB_23_42928_42,Female,Killingbeck,2023,02/01/2023,11:47:25,-67.570563,-68.069354,02/01/2023 11:47,02/01/2023 08:47
KB_23_42928_42,Female,Killingbeck,2023,02/01/2023,11:49:23,-67.570646,-68.069528,02/01/2023 11:49,02/01/2023 08:49
KB_23_42928_42,Female,Killingbeck,2023,02/01/2023,11:51:24,-67.570666,-68.069617,02/01/2023 11:51,02/01/2023 08:51
KB_23_42928_42,Female,Killingbeck,2023,02/01/2023,11:53:29,-67.574062,-68.074409,02/01/2023 11:53,02/01/2023 08:53
KB_23_42928_42,Female,Killingbeck,2023,02/01/2023,11:54:57,-67.570297,-68.069081,02/01/2023 11:54,02/01/2023 08:54
KB_23_42928_42,Female,Killingbeck,2023,02/01/2023,11:56:58,-67.570147,-68.068885,02/01/2023 11:56,02/01/2023 08:56
KB_23_42928_42,Female,Killingbeck,2023,02/01/2023,11:58:55,-67.570752,-68.069695,02/01/2023 11:58,02/01/2023 08:58
KB_23_42928_42,Female,Killingbeck,2023,02/01/2023,12:01:01,-67.570623,-68.069408,02/01/2023 12:01,02/01/2023 09:01
KB_23_42928_42,Female,Killingbeck,2023,02/01/2023,12:03:05,-67.570753,-68.069672,02/01/2023 12:03,02/01/2023 09:03
KB_23_42928_42,Female,Killingbeck,2023,02/01/2023,12:05:06,-67.57066,-68.069597,02/01/2023 12:05,02/01/2023 09:05
KB_23_42928_42,Female,Killingbeck,2023,02/01/2023,12:07:06,-67.570636,-68.06953,02/01/2023 12:07,02/01/2023 09:07
KB_23_42928_42,Female,Killingbeck,2023,02/01/2023,12:09:07,-67.573084,-68.07332,02/01/2023 12:09,02/01/2023 09:09
KB_23_42928_42,Female,Killingbeck,2023,02/01/2023,12:11:05,-67.571096,-68.068557,02/01/2023 12:11,02/01/2023 09:11
KB_23_42928_42,Female,Killingbeck,2023,02/01/2023,12:12:57,-67.57059,-68.06944,02/01/2023 12:12,02/01/2023 09:12
KB_23_42928_42,Female,Killingbeck,2023,02/01/2023,12:14:58,-67.570278,-68.068839,02/01/2023 12:14,02/01/2023 09:14
KB_23_42928_42,Female,Killingbeck,2023,02/01/2023,12:16:58,-67.570667,-68.069427,02/01/2023 12:16,02/01/2023 09:16
KB_23_42928_42,Female,Killingbeck,2023,02/01/2023,12:18:50,-67.570641,-68.069377,02/01/2023 12:18,02/01/2023 09:18
KB_23_42928_42,Female,Killingbeck,2023,02/01/2023,12:20:57,-67.570776,-68.069432,02/01/2023 12:20,02/01/2023 09:20
KB_23_42928_42,Female,Killingbeck,2023,02/01/2023,12:22:49,-67.570618,-68.069289,02/01/2023 12:22,02/01/2023 09:22
KB_23_42928_42,Female,Killingbeck,2023,02/01/2023,12:24:36,-67.570666,-68.069577,02/01/2023 12:24,02/01/2023 09:24
KB_23_42928_42,Female,Killingbeck,2023,02/01/2023,12:26:35,-67.570599,-68.069439,02/01/2023 12:26,02/01/2023 09:26
KB_23_42928_42,Female,Killingbeck,2023,02/01/2023,12:28:39,-67.570637,-68.069426,02/01/2023 12:28,02/01/2023 09:28
KB_23_42928_42,Female,Killingbeck,2023,02/01/2023,12:30:39,-67.570616,-68.069292,02/01/2023 12:30,02/01/2023 09:30
KB_23_42928_42,Female,Killingbeck,2023,02/01/2023,12:32:32,-67.570669,-68.069507,02/01/2023 12:32,02/01/2023 09:32
KB_23_42928_42,Female,Killingbeck,2023,02/01/2023,12:34:31,-67.570631,-68.069335,02/01/2023 12:34,02/01/2023 09:34
KB_23_42928_42,Female,Killingbeck,2023,02/01/2023,12:36:30,-67.570756,-68.069677,02/01/2023 12:36,02/01/2023 09:36
KB_23_42928_42,Female,Killingbeck,2023,02/01/2023,12:38:31,-67.570745,-68.069587,02/01/2023 12:38,02/01/2023 09:38
KB_23_42928_42,Female,Killingbeck,2023,02/01/2023,12:40:27,-67.570706,-68.069563,02/01/2023 12:40,02/01/2023 09:40
KB_23_42928_42,Female,Killingbeck,2023,02/01/2023,12:42:26,-67.570686,-68.069257,02/01/2023 12:42,02/01/2023 09:42
KB_23_42928_42,Female,Killingbeck,2023,02/01/2023,12:44:26,-67.570667,-68.069317,02/01/2023 12:44,02/01/2023 09:44
KB_23_42928_42,Female,Killingbeck,2023,02/01/2023,12:46:24,-67.570702,-68.069329,02/01/2023 12:46,02/01/2023 09:46
KB_23_42928_42,Female,Killingbeck,2023,02/01/2023,12:48:22,-67.570675,-68.069334,02/01/2023 12:48,02/01/2023 09:48
KB_23_42928_42,Female,Killingbeck,2023,02/01/2023,12:50:22,-67.570666,-68.069346,02/01/2023 12:50,02/01/2023 09:50
KB_23_42928_42,Female,Killingbeck,2023,02/01/2023,12:52:21,-67.570701,-68.069314,02/01/2023 12:52,02/01/2023 09:52
KB_23_42962_38,Male,Killingbeck,2023,30/12/2022,17:06:56,-67.570714,-68.069221,30/12/2022 17:06,30/12/2022 14:06
KB_23_42962_38,Male,Killingbeck,2023,30/12/2022,17:08:47,-67.570703,-68.06954,30/12/2022 17:08,30/12/2022 14:08
KB_23_42962_38,Male,Killingbeck,2023,30/12/2022,17:10:49,-67.570736,-68.069576,30/12/2022 17:10,30/12/2022 14:10
KB_23_42962_38,Male,Killingbeck,2023,30/12/2022,17:12:48,-67.570736,-68.069457,30/12/2022 17:12,30/12/2022 14:12
KB_23_42962_38,Male,Killingbeck,2023,30/12/2022,17:14:47,-67.570718,-68.069659,30/12/2022 17:14,30/12/2022 14:14
KB_23_42962_38,Male,Killingbeck,2023,30/12/2022,17:16:46,-67.570737,-68.069657,30/12/2022 17:16,30/12/2022 14:16
KB_23_42962_38,Male,Killingbeck,2023,30/12/2022,17:18:45,-67.570752,-68.069569,30/12/2022 17:18,30/12/2022 14:18
KB_23_42962_38,Male,Killingbeck,2023,30/12/2022,17:20:44,-67.570684,-68.069892,30/12/2022 17:20,30/12/2022 14:20
KB_23_42962_38,Male,Killingbeck,2023,30/12/2022,17:22:43,-67.570688,-68.06954,30/12/2022 17:22,30/12/2022 14:22
KB_23_42962_38,Male,Killingbeck,2023,30/12/2022,17:24:41,-67.570659,-68.069754,30/12/2022 17:24,30/12/2022 14:24
KB_23_42962_38,Male,Killingbeck,2023,30/12/2022,17:26:40,-67.570704,-68.069763,30/12/2022 17:26,30/12/2022 14:26
KB_23_42962_38,Male,Killingbeck,2023,30/12/2022,17:28:40,-67.570732,-68.069911,30/12/2022 17:28,30/12/2022 14:28
KB_23_42962_38,Male,Killingbeck,2023,30/12/2022,17:30:39,-67.570621,-68.069779,30/12/2022 17:30,30/12/2022 14:30
KB_23_42962_38,Male,Killingbeck,2023,30/12/2022,17:32:39,-67.570687,-68.069591,30/12/2022 17:32,30/12/2022 14:32
KB_23_42962_38,Male,Killingbeck,2023,30/12/2022,17:34:38,-67.570729,-68.069777,30/12/2022 17:34,30/12/2022 14:34
KB_23_42962_38,Male,Killingbeck,2023,30/12/2022,17:36:39,-67.570651,-68.069962,30/12/2022 17:36,30/12/2022 14:36
KB_23_42962_38,Male,Killingbeck,2023,30/12/2022,17:38:36,-67.570668,-68.069696,30/12/2022 17:38,30/12/2022 14:38
KB_23_42962_38,Male,Killingbeck,2023,30/12/2022,17:40:36,-67.570708,-68.069785,30/12/2022 17:40,30/12/2022 14:40
KB_23_42962_38,Male,Killingbeck,2023,30/12/2022,17:42:34,-67.570678,-68.069769,30/12/2022 17:42,30/12/2022 14:42
KB_23_42962_38,Male,Killingbeck,2023,30/12/2022,17:44:34,-67.570877,-68.069685,30/12/2022 17:44,30/12/2022 14:44
KB_23_42962_38,Male,Killingbeck,2023,30/12/2022,17:46:42,-67.570657,-68.069529,30/12/2022 17:46,30/12/2022 14:46
KB_23_42962_38,Male,Killingbeck,2023,30/12/2022,17:48:32,-67.570672,-68.069842,30/12/2022 17:48,30/12/2022 14:48
KB_23_42962_38,Male,Killingbeck,2023,30/12/2022,17:50:31,-67.570649,-68.069617,30/12/2022 17:50,30/12/2022 14:50
KB_23_42962_38,Male,Killingbeck,2023,30/12/2022,17:52:34,-67.570701,-68.069848,30/12/2022 17:52,30/12/2022 14:52
KB_23_42962_38,Male,Killingbeck,2023,30/12/2022,17:54:33,-67.570697,-68.069881,30/12/2022 17:54,30/12/2022 14:54
KB_23_42962_38,Male,Killingbeck,2023,30/12/2022,17:56:39,-67.570664,-68.069633,30/12/2022 17:56,30/12/2022 14:56
KB_23_42962_38,Male,Killingbeck,2023,30/12/2022,17:58:46,-67.570571,-68.069501,30/12/2022 17:58,30/12/2022 14:58
KB_23_42962_38,Male,Killingbeck,2023,30/12/2022,18:00:36,-67.570725,-68.070239,30/12/2022 18:00,30/12/2022 15:00
KB_23_42962_38,Male,Killingbeck,2023,30/12/2022,18:02:37,-67.570859,-68.069348,30/12/2022 18:02,30/12/2022 15:02
KB_23_42962_38,Male,Killingbeck,2023,30/12/2022,18:04:29,-67.570688,-68.069852,30/12/2022 18:04,30/12/2022 15:04
KB_23_42962_38,Male,Killingbeck,2023,30/12/2022,18:06:27,-67.570687,-68.069636,30/12/2022 18:06,30/12/2022 15:06
KB_23_42962_38,Male,Killingbeck,2023,30/12/2022,18:08:27,-67.570723,-68.069521,30/12/2022 18:08,30/12/2022 15:08
KB_23_42962_38,Male,Killingbeck,2023,30/12/2022,18:10:28,-67.570596,-68.06928,30/12/2022 18:10,30/12/2022 15:10
KB_23_42962_38,Male,Killingbeck,2023,30/12/2022,18:12:28,-67.570685,-68.06948,30/12/2022 18:12,30/12/2022 15:12
KB_23_42962_38,Male,Killingbeck,2023,30/12/2022,18:14:26,-67.570674,-68.069373,30/12/2022 18:14,30/12/2022 15:14
KB_23_42962_38,Male,Killingbeck,2023,30/12/2022,18:16:26,-67.570641,-68.069476,30/12/2022 18:16,30/12/2022 15:16
KB_23_42962_38,Male,Killingbeck,2023,30/12/2022,18:18:26,-67.570636,-68.069505,30/12/2022 18:18,30/12/2022 15:18
KB_23_42962_38,Male,Killingbeck,2023,30/12/2022,18:20:24,-67.570631,-68.069415,30/12/2022 18:20,30/12/2022 15:20
KB_23_42962_38,Male,Killingbeck,2023,30/12/2022,18:22:23,-67.57066,-68.069386,30/12/2022 18:22,30/12/2022 15:22
KB_23_42962_38,Male,Killingbeck,2023,30/12/2022,18:24:23,-67.570639,-68.069422,30/12/2022 18:24,30/12/2022 15:24
KB_23_42962_38,Male,Killingbeck,2023,30/12/2022,18:26:21,-67.570634,-68.069531,30/12/2022 18:26,30/12/2022 15:26
KB_23_42962_38,Male,Killingbeck,2023,30/12/2022,18:28:21,-67.570647,-68.069475,30/12/2022 18:28,30/12/2022 15:28
KB_23_42962_38,Male,Killingbeck,2023,30/12/2022,18:30:19,-67.570647,-68.069307,30/12/2022 18:30,30/12/2022 15:30
KB_23_42962_38,Male,Killingbeck,2023,30/12/2022,18:32:18,-67.570683,-68.069433,30/12/2022 18:32,30/12/2022 15:32
KB_23_42962_38,Male,Killingbeck,2023,30/12/2022,18:34:17,-67.570674,-68.069357,30/12/2022 18:34,30/12/2022 15:34
KB_23_42962_38,Male,Killingbeck,2023,30/12/2022,18:36:17,-67.570627,-68.069427,30/12/2022 18:36,30/12/2022 15:36
KB_23_42962_38,Male,Killingbeck,2023,30/12/2022,18:38:16,-67.570712,-68.069439,30/12/2022 18:38,30/12/2022 15:38
KB_23_42962_38,Male,Killingbeck,2023,30/12/2022,18:40:18,-67.570638,-68.069565,30/12/2022 18:40,30/12/2022 15:40
KB_23_42962_38,Male,Killingbeck,2023,30/12/2022,18:42:17,-67.570679,-68.069332,30/12/2022 18:42,30/12/2022 15:42
KB_23_42962_38,Male,Killingbeck,2023,30/12/2022,18:44:16,-67.570624,-68.069605,30/12/2022 18:44,30/12/2022 15:44
KB_23_42962_38,Male,Killingbeck,2023,30/12/2022,18:46:15,-67.570659,-68.069375,30/12/2022 18:46,30/12/2022 15:46
KB_23_42962_38,Male,Killingbeck,2023,30/12/2022,18:48:15,-67.570704,-68.069326,30/12/2022 18:48,30/12/2022 15:48
KB_23_42962_38,Male,Killingbeck,2023,30/12/2022,18:50:14,-67.570653,-68.06926,30/12/2022 18:50,30/12/2022 15:50
KB_23_42962_38,Male,Killingbeck,2023,30/12/2022,18:52:13,-67.570648,-68.06947,30/12/2022 18:52,30/12/2022 15:52
KB_23_42962_38,Male,Killingbeck,2023,30/12/2022,18:54:12,-67.570688,-68.069304,30/12/2022 18:54,30/12/2022 15:54
KB_23_42962_38,Male,Killingbeck,2023,30/12/2022,18:56:11,-67.570671,-68.069298,30/12/2022 18:56,30/12/2022 15:56
KB_23_42962_38,Male,Killingbeck,2023,30/12/2022,18:58:10,-67.57071,-68.069354,30/12/2022 18:58,30/12/2022 15:58
KB_23_42962_38,Male,Killingbeck,2023,30/12/2022,19:00:12,-67.570686,-68.069453,30/12/2022 19:00,30/12/2022 16:00
KB_23_42962_38,Male,Killingbeck,2023,30/12/2022,19:02:09,-67.570681,-68.069477,30/12/2022 19:02,30/12/2022 16:02
KB_23_42962_38,Male,Killingbeck,2023,30/12/2022,19:04:08,-67.570706,-68.069573,30/12/2022 19:04,30/12/2022 16:04
KB_23_42962_38,Male,Killingbeck,2023,30/12/2022,19:06:07,-67.570643,-68.069652,30/12/2022 19:06,30/12/2022 16:06
KB_23_42962_38,Male,Killingbeck,2023,30/12/2022,19:08:06,-67.570687,-68.069284,30/12/2022 19:08,30/12/2022 16:08
KB_23_42962_38,Male,Killingbeck,2023,30/12/2022,19:10:10,-67.570669,-68.069361,30/12/2022 19:10,30/12/2022 16:10
KB_23_42962_38,Male,Killingbeck,2023,30/12/2022,19:12:07,-67.570711,-68.069096,30/12/2022 19:12,30/12/2022 16:12
KB_23_42962_38,Male,Killingbeck,2023,30/12/2022,19:14:06,-67.570758,-68.069127,30/12/2022 19:14,30/12/2022 16:14
KB_23_42962_38,Male,Killingbeck,2023,30/12/2022,19:16:07,-67.570681,-68.06931,30/12/2022 19:16,30/12/2022 16:16
KB_23_42962_38,Male,Killingbeck,2023,30/12/2022,19:18:06,-67.570693,-68.069354,30/12/2022 19:18,30/12/2022 16:18
KB_23_42962_38,Male,Killingbeck,2023,30/12/2022,19:20:05,-67.570738,-68.069368,30/12/2022 19:20,30/12/2022 16:20
KB_23_42962_38,Male,Killingbeck,2023,30/12/2022,19:22:05,-67.570693,-68.069395,30/12/2022 19:22,30/12/2022 16:22
KB_23_42962_38,Male,Killingbeck,2023,30/12/2022,19:24:09,-67.570639,-68.069359,30/12/2022 19:24,30/12/2022 16:24
KB_23_42962_38,Male,Killingbeck,2023,30/12/2022,19:26:01,-67.570644,-68.069342,30/12/2022 19:26,30/12/2022 16:26
KB_23_42962_38,Male,Killingbeck,2023,30/12/2022,19:28:01,-67.570659,-68.069315,30/12/2022 19:28,30/12/2022 16:28
KB_23_42962_38,Male,Killingbeck,2023,30/12/2022,19:30:00,-67.570725,-68.069566,30/12/2022 19:30,30/12/2022 16:30
KB_23_42962_38,Male,Killingbeck,2023,30/12/2022,19:31:58,-67.570756,-68.06937,30/12/2022 19:31,30/12/2022 16:31
KB_23_42962_38,Male,Killingbeck,2023,30/12/2022,19:33:59,-67.570765,-68.069427,30/12/2022 19:33,30/12/2022 16:33
KB_23_42962_38,Male,Killingbeck,2023,30/12/2022,19:35:56,-67.570677,-68.069388,30/12/2022 19:35,30/12/2022 16:35
KB_23_42962_38,Male,Killingbeck,2023,30/12/2022,19:37:54,-67.570757,-68.069306,30/12/2022 19:37,30/12/2022 16:37
KB_23_42962_38,Male,Killingbeck,2023,30/12/2022,19:40:01,-67.570764,-68.069489,30/12/2022 19:40,30/12/2022 16:40
KB_23_42962_38,Male,Killingbeck,2023,30/12/2022,19:41:55,-67.571121,-68.064038,30/12/2022 19:41,30/12/2022 16:41
KB_23_42962_38,Male,Killingbeck,2023,30/12/2022,19:43:54,-67.572086,-68.061689,30/12/2022 19:43,30/12/2022 16:43
KB_23_42962_38,Male,Killingbeck,2023,30/12/2022,19:47:46,-67.572487,-68.060761,30/12/2022 19:47,30/12/2022 16:47
KB_23_42962_38,Male,Killingbeck,2023,30/12/2022,19:49:45,-67.572418,-68.060825,30/12/2022 19:49,30/12/2022 16:49
KB_23_42962_38,Male,Killingbeck,2023,30/12/2022,19:51:44,-67.572457,-68.06101,30/12/2022 19:51,30/12/2022 16:51
KB_23_42962_38,Male,Killingbeck,2023,30/12/2022,19:53:43,-67.572536,-68.061665,30/12/2022 19:53,30/12/2022 16:53
KB_23_42962_38,Male,Killingbeck,2023,30/12/2022,19:58:49,-67.571857,-68.06076,30/12/2022 19:58,30/12/2022 16:58
KB_23_42962_38,Male,Killingbeck,2023,30/12/2022,20:00:46,-67.571993,-68.060747,30/12/2022 20:00,30/12/2022 17:00
KB_23_42962_38,Male,Killingbeck,2023,30/12/2022,20:02:45,-67.572109,-68.061175,30/12/2022 20:02,30/12/2022 17:02
KB_23_42962_38,Male,Killingbeck,2023,30/12/2022,20:04:44,-67.572366,-68.061555,30/12/2022 20:04,30/12/2022 17:04
KB_23_42962_38,Male,Killingbeck,2023,30/12/2022,20:06:43,-67.572575,-68.062302,30/12/2022 20:06,30/12/2022 17:06
KB_23_42962_38,Male,Killingbeck,2023,30/12/2022,20:11:25,-67.5726,-68.061105,30/12/2022 20:11,30/12/2022 17:11
KB_23_42962_38,Male,Killingbeck,2023,30/12/2022,20:13:17,-67.572595,-68.061479,30/12/2022 20:13,30/12/2022 17:13
KB_23_42962_38,Male,Killingbeck,2023,30/12/2022,20:15:17,-67.572593,-68.061698,30/12/2022 20:15,30/12/2022 17:15
KB_23_42962_38,Male,Killingbeck,2023,30/12/2022,20:17:18,-67.570141,-68.068851,30/12/2022 20:17,30/12/2022 17:17
KB_23_42962_38,Male,Killingbeck,2023,30/12/2022,20:19:16,-67.570528,-68.068528,30/12/2022 20:19,30/12/2022 17:19
KB_23_42962_38,Male,Killingbeck,2023,30/12/2022,20:21:14,-67.570636,-68.068496,30/12/2022 20:21,30/12/2022 17:21
KB_23_42962_38,Male,Killingbeck,2023,30/12/2022,20:23:13,-67.571713,-68.053862,30/12/2022 20:23,30/12/2022 17:23
KB_23_42962_38,Male,Killingbeck,2023,30/12/2022,20:25:12,-67.571911,-68.055496,30/12/2022 20:25,30/12/2022 17:25
KB_23_42962_38,Male,Killingbeck,2023,30/12/2022,20:29:31,-67.571562,-68.056016,30/12/2022 20:29,30/12/2022 17:29
KB_23_42962_38,Male,Killingbeck,2023,30/12/2022,20:31:28,-67.571569,-68.056062,30/12/2022 20:31,30/12/2022 17:31
KB_23_42962_38,Male,Killingbeck,2023,30/12/2022,20:33:27,0,0,30/12/2022 20:33,30/12/2022 17:33
KB_23_42962_38,Male,Killingbeck,2023,30/12/2022,20:35:26,0,0,30/12/2022 20:35,30/12/2022 17:35
KB_23_42962_38,Male,Killingbeck,2023,30/12/2022,20:41:22,0,0,30/12/2022 20:41,30/12/2022 17:41
KB_23_42962_38,Male,Killingbeck,2023,30/12/2022,20:43:21,0,0,30/12/2022 20:43,30/12/2022 17:43
KB_23_42962_38,Male,Killingbeck,2023,30/12/2022,20:45:19,0,0,30/12/2022 20:45,30/12/2022 17:45
KB_23_42962_38,Male,Killingbeck,2023,30/12/2022,20:47:18,0,0,30/12/2022 20:47,30/12/2022 17:47
KB_23_42962_38,Male,Killingbeck,2023,30/12/2022,20:49:17,0,0,30/12/2022 20:49,30/12/2022 17:49
KB_23_42962_38,Male,Killingbeck,2023,30/12/2022,20:51:16,0,0,30/12/2022 20:51,30/12/2022 17:51
KB_23_42962_38,Male,Killingbeck,2023,30/12/2022,20:56:02,0,0,30/12/2022 20:56,30/12/2022 17:56
KB_23_42962_38,Male,Killingbeck,2023,30/12/2022,20:58:00,0,0,30/12/2022 20:58,30/12/2022 17:58
KB_23_42962_38,Male,Killingbeck,2023,30/12/2022,21:00:00,0,0,30/12/2022 21:00,30/12/2022 18:00
KB_23_42962_38,Male,Killingbeck,2023,30/12/2022,21:01:58,0,0,30/12/2022 21:01,30/12/2022 18:01
KB_23_42962_38,Male,Killingbeck,2023,30/12/2022,21:03:57,0,0,30/12/2022 21:03,30/12/2022 18:03
KB_23_42962_38,Male,Killingbeck,2023,30/12/2022,21:05:57,0,0,30/12/2022 21:05,30/12/2022 18:05
KB_23_42962_38,Male,Killingbeck,2023,30/12/2022,21:11:38,0,0,30/12/2022 21:11,30/12/2022 18:11
KB_23_42962_38,Male,Killingbeck,2023,30/12/2022,21:13:38,0,0,30/12/2022 21:13,30/12/2022 18:13
KB_23_42962_38,Male,Killingbeck,2023,30/12/2022,21:15:36,0,0,30/12/2022 21:15,30/12/2022 18:15
KB_23_42962_38,Male,Killingbeck,2023,30/12/2022,21:17:35,0,0,30/12/2022 21:17,30/12/2022 18:17
KB_23_42962_38,Male,Killingbeck,2023,30/12/2022,21:19:34,0,0,30/12/2022 21:19,30/12/2022 18:19
KB_23_42962_38,Male,Killingbeck,2023,30/12/2022,21:21:33,0,0,30/12/2022 21:21,30/12/2022 18:21
KB_23_42962_38,Male,Killingbeck,2023,30/12/2022,21:23:32,0,0,30/12/2022 21:23,30/12/2022 18:23
KB_23_42962_38,Male,Killingbeck,2023,30/12/2022,21:25:31,0,0,30/12/2022 21:25,30/12/2022 18:25
KB_23_42962_38,Male,Killingbeck,2023,30/12/2022,21:27:32,0,0,30/12/2022 21:27,30/12/2022 18:27
KB_23_42962_38,Male,Killingbeck,2023,30/12/2022,21:29:30,0,0,30/12/2022 21:29,30/12/2022 18:29
KB_23_42962_38,Male,Killingbeck,2023,30/12/2022,21:31:29,0,0,30/12/2022 21:31,30/12/2022 18:31
KB_23_42962_38,Male,Killingbeck,2023,30/12/2022,21:33:28,0,0,30/12/2022 21:33,30/12/2022 18:33
KB_23_42962_38,Male,Killingbeck,2023,30/12/2022,21:35:27,0,0,30/12/2022 21:35,30/12/2022 18:35
KB_23_42962_38,Male,Killingbeck,2023,30/12/2022,21:37:26,0,0,30/12/2022 21:37,30/12/2022 18:37
KB_23_42962_38,Male,Killingbeck,2023,30/12/2022,21:39:26,0,0,30/12/2022 21:39,30/12/2022 18:39
KB_23_42962_38,Male,Killingbeck,2023,30/12/2022,21:41:24,0,0,30/12/2022 21:41,30/12/2022 18:41
KB_23_42962_38,Male,Killingbeck,2023,30/12/2022,21:43:22,0,0,30/12/2022 21:43,30/12/2022 18:43
KB_23_42962_38,Male,Killingbeck,2023,30/12/2022,21:45:16,0,0,30/12/2022 21:45,30/12/2022 18:45
KB_23_42962_38,Male,Killingbeck,2023,30/12/2022,21:47:15,0,0,30/12/2022 21:47,30/12/2022 18:47
KB_23_42962_38,Male,Killingbeck,2023,30/12/2022,21:49:14,0,0,30/12/2022 21:49,30/12/2022 18:49
KB_23_42962_38,Male,Killingbeck,2023,30/12/2022,21:51:13,0,0,30/12/2022 21:51,30/12/2022 18:51
KB_23_42962_38,Male,Killingbeck,2023,30/12/2022,21:53:12,0,0,30/12/2022 21:53,30/12/2022 18:53
KB_23_42962_38,Male,Killingbeck,2023,30/12/2022,21:55:12,0,0,30/12/2022 21:55,30/12/2022 18:55
KB_23_42962_38,Male,Killingbeck,2023,30/12/2022,21:57:11,0,0,30/12/2022 21:57,30/12/2022 18:57
KB_23_42962_38,Male,Killingbeck,2023,30/12/2022,21:59:12,0,0,30/12/2022 21:59,30/12/2022 18:59
KB_23_42962_38,Male,Killingbeck,2023,30/12/2022,22:01:10,0,0,30/12/2022 22:01,30/12/2022 19:01
KB_23_42962_38,Male,Killingbeck,2023,30/12/2022,22:03:09,0,0,30/12/2022 22:03,30/12/2022 19:03
KB_23_42962_38,Male,Killingbeck,2023,30/12/2022,22:05:09,0,0,30/12/2022 22:05,30/12/2022 19:05
KB_23_42962_38,Male,Killingbeck,2023,30/12/2022,22:07:07,0,0,30/12/2022 22:07,30/12/2022 19:07
KB_23_42962_38,Male,Killingbeck,2023,30/12/2022,22:09:08,0,0,30/12/2022 22:09,30/12/2022 19:09
KB_23_42962_38,Male,Killingbeck,2023,30/12/2022,22:11:07,0,0,30/12/2022 22:11,30/12/2022 19:11
KB_23_42962_38,Male,Killingbeck,2023,30/12/2022,22:13:08,0,0,30/12/2022 22:13,30/12/2022 19:13
KB_23_42962_38,Male,Killingbeck,2023,30/12/2022,22:14:52,0,0,30/12/2022 22:14,30/12/2022 19:14
KB_23_42962_38,Male,Killingbeck,2023,30/12/2022,22:16:51,0,0,30/12/2022 22:16,30/12/2022 19:16
KB_23_42962_38,Male,Killingbeck,2023,30/12/2022,22:18:48,0,0,30/12/2022 22:18,30/12/2022 19:18
KB_23_42962_38,Male,Killingbeck,2023,30/12/2022,22:20:50,0,0,30/12/2022 22:20,30/12/2022 19:20
KB_23_42962_38,Male,Killingbeck,2023,30/12/2022,22:22:48,0,0,30/12/2022 22:22,30/12/2022 19:22
KB_23_42962_38,Male,Killingbeck,2023,30/12/2022,22:24:46,0,0,30/12/2022 22:24,30/12/2022 19:24
KB_23_42962_38,Male,Killingbeck,2023,30/12/2022,22:26:45,0,0,30/12/2022 22:26,30/12/2022 19:26
KB_23_42962_38,Male,Killingbeck,2023,30/12/2022,22:28:44,0,0,30/12/2022 22:28,30/12/2022 19:28
KB_23_42962_38,Male,Killingbeck,2023,30/12/2022,22:30:43,0,0,30/12/2022 22:30,30/12/2022 19:30
KB_23_42962_38,Male,Killingbeck,2023,30/12/2022,22:32:42,0,0,30/12/2022 22:32,30/12/2022 19:32
KB_23_42962_38,Male,Killingbeck,2023,30/12/2022,22:34:40,0,0,30/12/2022 22:34,30/12/2022 19:34
KB_23_42962_38,Male,Killingbeck,2023,30/12/2022,22:36:39,0,0,30/12/2022 22:36,30/12/2022 19:36
KB_23_42962_38,Male,Killingbeck,2023,30/12/2022,22:38:38,0,0,30/12/2022 22:38,30/12/2022 19:38
KB_23_42962_38,Male,Killingbeck,2023,30/12/2022,22:40:39,0,0,30/12/2022 22:40,30/12/2022 19:40
KB_23_42962_38,Male,Killingbeck,2023,30/12/2022,22:42:38,0,0,30/12/2022 22:42,30/12/2022 19:42
KB_23_42962_38,Male,Killingbeck,2023,30/12/2022,22:44:23,0,0,30/12/2022 22:44,30/12/2022 19:44
KB_23_42962_38,Male,Killingbeck,2023,30/12/2022,22:46:25,0,0,30/12/2022 22:46,30/12/2022 19:46
KB_23_42962_38,Male,Killingbeck,2023,30/12/2022,22:48:22,0,0,30/12/2022 22:48,30/12/2022 19:48
KB_23_42962_38,Male,Killingbeck,2023,30/12/2022,22:50:23,0,0,30/12/2022 22:50,30/12/2022 19:50
KB_23_42962_38,Male,Killingbeck,2023,30/12/2022,22:52:20,0,0,30/12/2022 22:52,30/12/2022 19:52
KB_23_42962_38,Male,Killingbeck,2023,30/12/2022,22:54:23,0,0,30/12/2022 22:54,30/12/2022 19:54
KB_23_42962_38,Male,Killingbeck,2023,30/12/2022,22:56:20,0,0,30/12/2022 22:56,30/12/2022 19:56
KB_23_42962_38,Male,Killingbeck,2023,30/12/2022,22:58:19,0,0,30/12/2022 22:58,30/12/2022 19:58
KB_23_42962_38,Male,Killingbeck,2023,30/12/2022,23:00:18,0,0,30/12/2022 23:00,30/12/2022 20:00
KB_23_42962_38,Male,Killingbeck,2023,30/12/2022,23:02:15,0,0,30/12/2022 23:02,30/12/2022 20:02
KB_23_42962_38,Male,Killingbeck,2023,30/12/2022,23:04:22,0,0,30/12/2022 23:04,30/12/2022 20:04
KB_23_42962_38,Male,Killingbeck,2023,30/12/2022,23:06:18,0,0,30/12/2022 23:06,30/12/2022 20:06
KB_23_42962_38,Male,Killingbeck,2023,30/12/2022,23:08:12,0,0,30/12/2022 23:08,30/12/2022 20:08
KB_23_42962_38,Male,Killingbeck,2023,30/12/2022,23:10:14,0,0,30/12/2022 23:10,30/12/2022 20:10
KB_23_42962_38,Male,Killingbeck,2023,30/12/2022,23:12:13,0,0,30/12/2022 23:12,30/12/2022 20:12
KB_23_42962_38,Male,Killingbeck,2023,30/12/2022,23:14:00,0,0,30/12/2022 23:14,30/12/2022 20:14
KB_23_42962_38,Male,Killingbeck,2023,30/12/2022,23:15:59,0,0,30/12/2022 23:15,30/12/2022 20:15
KB_23_42962_38,Male,Killingbeck,2023,30/12/2022,23:18:06,0,0,30/12/2022 23:18,30/12/2022 20:18
KB_23_42962_38,Male,Killingbeck,2023,30/12/2022,23:20:03,0,0,30/12/2022 23:20,30/12/2022 20:20
KB_23_42962_38,Male,Killingbeck,2023,30/12/2022,23:21:57,0,0,30/12/2022 23:21,30/12/2022 20:21
KB_23_42962_38,Male,Killingbeck,2023,30/12/2022,23:24:04,0,0,30/12/2022 23:24,30/12/2022 20:24
KB_23_42962_38,Male,Killingbeck,2023,30/12/2022,23:25:56,0,0,30/12/2022 23:25,30/12/2022 20:25
KB_23_42962_38,Male,Killingbeck,2023,30/12/2022,23:27:55,0,0,30/12/2022 23:27,30/12/2022 20:27
KB_23_42962_38,Male,Killingbeck,2023,30/12/2022,23:29:56,0,0,30/12/2022 23:29,30/12/2022 20:29
KB_23_42962_38,Male,Killingbeck,2023,30/12/2022,23:31:57,0,0,30/12/2022 23:31,30/12/2022 20:31
KB_23_42962_38,Male,Killingbeck,2023,30/12/2022,23:33:51,0,0,30/12/2022 23:33,30/12/2022 20:33
KB_23_42962_38,Male,Killingbeck,2023,30/12/2022,23:35:52,0,0,30/12/2022 23:35,30/12/2022 20:35
KB_23_42962_38,Male,Killingbeck,2023,30/12/2022,23:37:55,0,0,30/12/2022 23:37,30/12/2022 20:37
KB_23_42962_38,Male,Killingbeck,2023,30/12/2022,23:39:48,0,0,30/12/2022 23:39,30/12/2022 20:39
KB_23_42962_38,Male,Killingbeck,2023,30/12/2022,23:41:50,0,0,30/12/2022 23:41,30/12/2022 20:41
KB_23_42962_38,Male,Killingbeck,2023,30/12/2022,23:43:39,0,0,30/12/2022 23:43,30/12/2022 20:43
KB_23_42962_38,Male,Killingbeck,2023,30/12/2022,23:45:38,0,0,30/12/2022 23:45,30/12/2022 20:45
KB_23_42962_38,Male,Killingbeck,2023,30/12/2022,23:47:36,0,0,30/12/2022 23:47,30/12/2022 20:47
KB_23_42962_38,Male,Killingbeck,2023,30/12/2022,23:49:36,0,0,30/12/2022 23:49,30/12/2022 20:49
KB_23_42962_38,Male,Killingbeck,2023,30/12/2022,23:51:35,0,0,30/12/2022 23:51,30/12/2022 20:51
KB_23_42962_38,Male,Killingbeck,2023,30/12/2022,23:53:33,0,0,30/12/2022 23:53,30/12/2022 20:53
KB_23_42962_38,Male,Killingbeck,2023,30/12/2022,23:55:32,0,0,30/12/2022 23:55,30/12/2022 20:55
KB_23_42962_38,Male,Killingbeck,2023,30/12/2022,23:57:31,0,0,30/12/2022 23:57,30/12/2022 20:57
KB_23_42962_38,Male,Killingbeck,2023,30/12/2022,23:59:31,0,0,30/12/2022 23:59,30/12/2022 20:59
KB_23_42962_38,Male,Killingbeck,2023,31/12/2022,00:01:29,0,0,31/12/2022 00:01,30/12/2022 21:01
KB_23_42962_38,Male,Killingbeck,2023,31/12/2022,00:03:29,0,0,31/12/2022 00:03,30/12/2022 21:03
KB_23_42962_38,Male,Killingbeck,2023,31/12/2022,00:05:29,0,0,31/12/2022 00:05,30/12/2022 21:05
KB_23_42962_38,Male,Killingbeck,2023,31/12/2022,00:07:27,0,0,31/12/2022 00:07,30/12/2022 21:07
KB_23_42962_38,Male,Killingbeck,2023,31/12/2022,00:09:27,0,0,31/12/2022 00:09,30/12/2022 21:09
KB_23_42962_38,Male,Killingbeck,2023,31/12/2022,00:11:25,0,0,31/12/2022 00:11,30/12/2022 21:11
KB_23_42962_38,Male,Killingbeck,2023,31/12/2022,00:13:14,0,0,31/12/2022 00:13,30/12/2022 21:13
KB_23_42962_38,Male,Killingbeck,2023,31/12/2022,00:15:13,0,0,31/12/2022 00:15,30/12/2022 21:15
KB_23_42962_38,Male,Killingbeck,2023,31/12/2022,00:17:12,0,0,31/12/2022 00:17,30/12/2022 21:17
KB_23_42962_38,Male,Killingbeck,2023,31/12/2022,00:19:13,0,0,31/12/2022 00:19,30/12/2022 21:19
KB_23_42962_38,Male,Killingbeck,2023,31/12/2022,00:21:12,0,0,31/12/2022 00:21,30/12/2022 21:21
KB_23_42962_38,Male,Killingbeck,2023,31/12/2022,00:23:09,0,0,31/12/2022 00:23,30/12/2022 21:23
KB_23_42962_38,Male,Killingbeck,2023,31/12/2022,00:25:07,0,0,31/12/2022 00:25,30/12/2022 21:25
KB_23_42962_38,Male,Killingbeck,2023,31/12/2022,00:27:06,0,0,31/12/2022 00:27,30/12/2022 21:27
KB_23_42962_38,Male,Killingbeck,2023,31/12/2022,00:29:05,0,0,31/12/2022 00:29,30/12/2022 21:29
KB_23_42962_38,Male,Killingbeck,2023,31/12/2022,00:31:04,0,0,31/12/2022 00:31,30/12/2022 21:31
KB_23_42962_38,Male,Killingbeck,2023,31/12/2022,00:33:03,0,0,31/12/2022 00:33,30/12/2022 21:33
KB_23_42962_38,Male,Killingbeck,2023,31/12/2022,00:35:03,0,0,31/12/2022 00:35,30/12/2022 21:35
KB_23_42962_38,Male,Killingbeck,2023,31/12/2022,00:37:02,0,0,31/12/2022 00:37,30/12/2022 21:37
KB_23_42962_38,Male,Killingbeck,2023,31/12/2022,00:39:02,0,0,31/12/2022 00:39,30/12/2022 21:39
KB_23_42962_38,Male,Killingbeck,2023,31/12/2022,00:41:00,0,0,31/12/2022 00:41,30/12/2022 21:41
KB_23_42962_38,Male,Killingbeck,2023,31/12/2022,00:42:54,0,0,31/12/2022 00:42,30/12/2022 21:42
KB_23_42962_38,Male,Killingbeck,2023,31/12/2022,00:44:48,0,0,31/12/2022 00:44,30/12/2022 21:44
KB_23_42962_38,Male,Killingbeck,2023,31/12/2022,00:46:48,0,0,31/12/2022 00:46,30/12/2022 21:46
KB_23_42962_38,Male,Killingbeck,2023,31/12/2022,00:48:49,0,0,31/12/2022 00:48,30/12/2022 21:48
KB_23_42962_38,Male,Killingbeck,2023,31/12/2022,00:50:46,0,0,31/12/2022 00:50,30/12/2022 21:50
KB_23_42962_38,Male,Killingbeck,2023,31/12/2022,00:52:44,0,0,31/12/2022 00:52,30/12/2022 21:52
KB_23_42962_38,Male,Killingbeck,2023,31/12/2022,00:54:43,0,0,31/12/2022 00:54,30/12/2022 21:54
KB_23_42962_38,Male,Killingbeck,2023,31/12/2022,00:56:45,0,0,31/12/2022 00:56,30/12/2022 21:56
KB_23_42962_38,Male,Killingbeck,2023,31/12/2022,00:58:41,0,0,31/12/2022 00:58,30/12/2022 21:58
KB_23_42962_38,Male,Killingbeck,2023,31/12/2022,01:00:40,0,0,31/12/2022 01:00,30/12/2022 22:00
KB_23_42962_38,Male,Killingbeck,2023,31/12/2022,01:02:39,0,0,31/12/2022 01:02,30/12/2022 22:02
KB_23_42962_38,Male,Killingbeck,2023,31/12/2022,01:04:41,0,0,31/12/2022 01:04,30/12/2022 22:04
KB_23_42962_38,Male,Killingbeck,2023,31/12/2022,01:06:39,0,0,31/12/2022 01:06,30/12/2022 22:06
KB_23_42962_38,Male,Killingbeck,2023,31/12/2022,01:08:37,0,0,31/12/2022 01:08,30/12/2022 22:08
KB_23_42962_38,Male,Killingbeck,2023,31/12/2022,01:10:36,0,0,31/12/2022 01:10,30/12/2022 22:10
KB_23_42962_38,Male,Killingbeck,2023,31/12/2022,01:12:36,0,0,31/12/2022 01:12,30/12/2022 22:12
KB_23_42962_38,Male,Killingbeck,2023,31/12/2022,01:14:35,0,0,31/12/2022 01:14,30/12/2022 22:14
KB_23_42962_38,Male,Killingbeck,2023,31/12/2022,01:16:34,0,0,31/12/2022 01:16,30/12/2022 22:16
KB_23_42962_38,Male,Killingbeck,2023,31/12/2022,01:18:33,0,0,31/12/2022 01:18,30/12/2022 22:18
KB_23_42962_38,Male,Killingbeck,2023,31/12/2022,01:20:32,0,0,31/12/2022 01:20,30/12/2022 22:20
KB_23_42962_38,Male,Killingbeck,2023,31/12/2022,01:22:31,0,0,31/12/2022 01:22,30/12/2022 22:22
KB_23_42962_38,Male,Killingbeck,2023,31/12/2022,01:24:30,0,0,31/12/2022 01:24,30/12/2022 22:24
KB_23_42962_38,Male,Killingbeck,2023,31/12/2022,01:26:30,0,0,31/12/2022 01:26,30/12/2022 22:26
KB_23_42962_38,Male,Killingbeck,2023,31/12/2022,01:28:28,0,0,31/12/2022 01:28,30/12/2022 22:28
KB_23_42962_38,Male,Killingbeck,2023,31/12/2022,01:30:30,0,0,31/12/2022 01:30,30/12/2022 22:30
KB_23_42962_38,Male,Killingbeck,2023,31/12/2022,01:32:27,0,0,31/12/2022 01:32,30/12/2022 22:32
KB_23_42962_38,Male,Killingbeck,2023,31/12/2022,01:34:26,0,0,31/12/2022 01:34,30/12/2022 22:34
KB_23_42962_38,Male,Killingbeck,2023,31/12/2022,01:36:26,0,0,31/12/2022 01:36,30/12/2022 22:36
KB_23_42962_38,Male,Killingbeck,2023,31/12/2022,01:38:24,0,0,31/12/2022 01:38,30/12/2022 22:38
KB_23_42962_38,Male,Killingbeck,2023,31/12/2022,01:40:23,0,0,31/12/2022 01:40,30/12/2022 22:40
KB_23_42962_38,Male,Killingbeck,2023,31/12/2022,01:42:23,0,0,31/12/2022 01:42,30/12/2022 22:42
KB_23_42962_38,Male,Killingbeck,2023,31/12/2022,01:44:23,0,0,31/12/2022 01:44,30/12/2022 22:44
KB_23_42962_38,Male,Killingbeck,2023,31/12/2022,01:46:22,0,0,31/12/2022 01:46,30/12/2022 22:46
KB_23_42962_38,Male,Killingbeck,2023,31/12/2022,01:48:26,0,0,31/12/2022 01:48,30/12/2022 22:48
KB_23_42962_38,Male,Killingbeck,2023,31/12/2022,01:50:26,0,0,31/12/2022 01:50,30/12/2022 22:50
KB_23_42962_38,Male,Killingbeck,2023,31/12/2022,01:52:21,0,0,31/12/2022 01:52,30/12/2022 22:52
KB_23_42962_38,Male,Killingbeck,2023,31/12/2022,01:54:18,0,0,31/12/2022 01:54,30/12/2022 22:54
KB_23_42962_38,Male,Killingbeck,2023,31/12/2022,01:56:16,0,0,31/12/2022 01:56,30/12/2022 22:56
KB_23_42962_38,Male,Killingbeck,2023,31/12/2022,01:58:16,0,0,31/12/2022 01:58,30/12/2022 22:58
KB_23_42962_38,Male,Killingbeck,2023,31/12/2022,02:00:17,0,0,31/12/2022 02:00,30/12/2022 23:00
KB_23_42962_38,Male,Killingbeck,2023,31/12/2022,02:02:14,0,0,31/12/2022 02:02,30/12/2022 23:02
KB_23_42962_38,Male,Killingbeck,2023,31/12/2022,02:04:12,0,0,31/12/2022 02:04,30/12/2022 23:04
KB_23_42962_38,Male,Killingbeck,2023,31/12/2022,02:06:14,0,0,31/12/2022 02:06,30/12/2022 23:06
KB_23_42962_38,Male,Killingbeck,2023,31/12/2022,02:08:12,0,0,31/12/2022 02:08,30/12/2022 23:08
KB_23_42962_38,Male,Killingbeck,2023,31/12/2022,02:10:10,0,0,31/12/2022 02:10,30/12/2022 23:10
KB_23_42962_38,Male,Killingbeck,2023,31/12/2022,02:12:09,0,0,31/12/2022 02:12,30/12/2022 23:12
KB_23_42962_38,Male,Killingbeck,2023,31/12/2022,02:14:09,0,0,31/12/2022 02:14,30/12/2022 23:14
KB_23_42962_38,Male,Killingbeck,2023,31/12/2022,02:16:08,0,0,31/12/2022 02:16,30/12/2022 23:16
KB_23_42962_38,Male,Killingbeck,2023,31/12/2022,02:18:07,0,0,31/12/2022 02:18,30/12/2022 23:18
KB_23_42962_38,Male,Killingbeck,2023,31/12/2022,02:20:05,0,0,31/12/2022 02:20,30/12/2022 23:20
KB_23_42962_38,Male,Killingbeck,2023,31/12/2022,02:22:04,0,0,31/12/2022 02:22,30/12/2022 23:22
KB_23_42962_38,Male,Killingbeck,2023,31/12/2022,02:24:04,0,0,31/12/2022 02:24,30/12/2022 23:24
KB_23_42962_38,Male,Killingbeck,2023,31/12/2022,02:26:05,0,0,31/12/2022 02:26,30/12/2022 23:26
KB_23_42962_38,Male,Killingbeck,2023,31/12/2022,02:28:01,0,0,31/12/2022 02:28,30/12/2022 23:28
KB_23_42962_38,Male,Killingbeck,2023,31/12/2022,02:30:01,0,0,31/12/2022 02:30,30/12/2022 23:30
KB_23_42962_38,Male,Killingbeck,2023,31/12/2022,02:32:00,0,0,31/12/2022 02:32,30/12/2022 23:32
KB_23_42962_38,Male,Killingbeck,2023,31/12/2022,02:33:59,0,0,31/12/2022 02:33,30/12/2022 23:33
KB_23_42962_38,Male,Killingbeck,2023,31/12/2022,02:35:58,0,0,31/12/2022 02:35,30/12/2022 23:35
KB_23_42962_38,Male,Killingbeck,2023,31/12/2022,02:38:00,0,0,31/12/2022 02:38,30/12/2022 23:38
KB_23_42962_38,Male,Killingbeck,2023,31/12/2022,02:39:57,0,0,31/12/2022 02:39,30/12/2022 23:39
KB_23_42962_38,Male,Killingbeck,2023,31/12/2022,02:41:55,0,0,31/12/2022 02:41,30/12/2022 23:41
KB_23_42962_38,Male,Killingbeck,2023,31/12/2022,02:43:55,0,0,31/12/2022 02:43,30/12/2022 23:43
KB_23_42962_38,Male,Killingbeck,2023,31/12/2022,02:45:53,0,0,31/12/2022 02:45,30/12/2022 23:45
KB_23_42962_38,Male,Killingbeck,2023,31/12/2022,02:47:52,0,0,31/12/2022 02:47,30/12/2022 23:47
KB_23_42962_38,Male,Killingbeck,2023,31/12/2022,02:49:52,0,0,31/12/2022 02:49,30/12/2022 23:49
KB_23_42962_38,Male,Killingbeck,2023,31/12/2022,02:51:50,0,0,31/12/2022 02:51,30/12/2022 23:51
KB_23_42962_38,Male,Killingbeck,2023,31/12/2022,02:53:50,0,0,31/12/2022 02:53,30/12/2022 23:53
KB_23_42962_38,Male,Killingbeck,2023,31/12/2022,02:55:48,0,0,31/12/2022 02:55,30/12/2022 23:55
KB_23_42962_38,Male,Killingbeck,2023,31/12/2022,02:57:47,0,0,31/12/2022 02:57,30/12/2022 23:57
KB_23_42962_38,Male,Killingbeck,2023,31/12/2022,02:59:47,0,0,31/12/2022 02:59,30/12/2022 23:59
KB_23_42962_38,Male,Killingbeck,2023,31/12/2022,03:01:45,0,0,31/12/2022 03:01,31/12/2022 00:01
KB_23_42962_38,Male,Killingbeck,2023,31/12/2022,03:03:44,0,0,31/12/2022 03:03,31/12/2022 00:03
KB_23_42962_38,Male,Killingbeck,2023,31/12/2022,03:05:44,0,0,31/12/2022 03:05,31/12/2022 00:05
KB_23_42962_38,Male,Killingbeck,2023,31/12/2022,03:07:43,0,0,31/12/2022 03:07,31/12/2022 00:07
KB_23_42962_38,Male,Killingbeck,2023,31/12/2022,03:09:43,0,0,31/12/2022 03:09,31/12/2022 00:09
KB_23_42962_38,Male,Killingbeck,2023,31/12/2022,03:11:41,0,0,31/12/2022 03:11,31/12/2022 00:11
KB_23_42962_38,Male,Killingbeck,2023,31/12/2022,03:13:40,0,0,31/12/2022 03:13,31/12/2022 00:13
KB_23_42962_38,Male,Killingbeck,2023,31/12/2022,03:15:42,0,0,31/12/2022 03:15,31/12/2022 00:15
KB_23_42962_38,Male,Killingbeck,2023,31/12/2022,03:17:39,0,0,31/12/2022 03:17,31/12/2022 00:17
KB_23_42962_38,Male,Killingbeck,2023,31/12/2022,03:19:38,0,0,31/12/2022 03:19,31/12/2022 00:19
KB_23_42962_38,Male,Killingbeck,2023,31/12/2022,03:21:36,0,0,31/12/2022 03:21,31/12/2022 00:21
KB_23_42962_38,Male,Killingbeck,2023,31/12/2022,03:23:35,0,0,31/12/2022 03:23,31/12/2022 00:23
KB_23_42962_38,Male,Killingbeck,2023,31/12/2022,03:25:35,0,0,31/12/2022 03:25,31/12/2022 00:25
KB_23_42962_38,Male,Killingbeck,2023,31/12/2022,03:27:34,0,0,31/12/2022 03:27,31/12/2022 00:27
KB_23_42962_38,Male,Killingbeck,2023,31/12/2022,03:29:33,0,0,31/12/2022 03:29,31/12/2022 00:29
KB_23_42962_38,Male,Killingbeck,2023,31/12/2022,03:31:32,0,0,31/12/2022 03:31,31/12/2022 00:31
KB_23_42962_38,Male,Killingbeck,2023,31/12/2022,03:33:31,0,0,31/12/2022 03:33,31/12/2022 00:33
KB_23_42962_38,Male,Killingbeck,2023,31/12/2022,03:35:31,0,0,31/12/2022 03:35,31/12/2022 00:35
KB_23_42962_38,Male,Killingbeck,2023,31/12/2022,03:37:30,0,0,31/12/2022 03:37,31/12/2022 00:37
KB_23_42962_38,Male,Killingbeck,2023,31/12/2022,03:39:29,0,0,31/12/2022 03:39,31/12/2022 00:39
KB_23_42962_38,Male,Killingbeck,2023,31/12/2022,03:41:30,0,0,31/12/2022 03:41,31/12/2022 00:41
KB_23_42962_38,Male,Killingbeck,2023,31/12/2022,03:43:27,0,0,31/12/2022 03:43,31/12/2022 00:43
KB_23_42962_38,Male,Killingbeck,2023,31/12/2022,03:45:28,0,0,31/12/2022 03:45,31/12/2022 00:45
KB_23_42962_38,Male,Killingbeck,2023,31/12/2022,03:47:33,0,0,31/12/2022 03:47,31/12/2022 00:47
KB_23_42962_38,Male,Killingbeck,2023,31/12/2022,03:49:24,0,0,31/12/2022 03:49,31/12/2022 00:49
KB_23_42962_38,Male,Killingbeck,2023,31/12/2022,03:51:25,0,0,31/12/2022 03:51,31/12/2022 00:51
KB_23_42962_38,Male,Killingbeck,2023,31/12/2022,03:53:24,0,0,31/12/2022 03:53,31/12/2022 00:53
KB_23_42962_38,Male,Killingbeck,2023,31/12/2022,03:55:21,0,0,31/12/2022 03:55,31/12/2022 00:55
KB_23_42962_38,Male,Killingbeck,2023,31/12/2022,03:57:22,0,0,31/12/2022 03:57,31/12/2022 00:57
KB_23_42962_38,Male,Killingbeck,2023,31/12/2022,03:59:18,0,0,31/12/2022 03:59,31/12/2022 00:59
KB_23_42962_38,Male,Killingbeck,2023,31/12/2022,04:01:17,0,0,31/12/2022 04:01,31/12/2022 01:01
KB_23_42962_38,Male,Killingbeck,2023,31/12/2022,04:03:17,0,0,31/12/2022 04:03,31/12/2022 01:03
KB_23_42962_38,Male,Killingbeck,2023,31/12/2022,04:05:16,0,0,31/12/2022 04:05,31/12/2022 01:05
KB_23_42962_38,Male,Killingbeck,2023,31/12/2022,04:07:18,0,0,31/12/2022 04:07,31/12/2022 01:07
KB_23_42962_38,Male,Killingbeck,2023,31/12/2022,04:09:15,0,0,31/12/2022 04:09,31/12/2022 01:09
KB_23_42962_38,Male,Killingbeck,2023,31/12/2022,04:11:13,0,0,31/12/2022 04:11,31/12/2022 01:11
KB_23_42962_38,Male,Killingbeck,2023,31/12/2022,04:13:13,0,0,31/12/2022 04:13,31/12/2022 01:13
KB_23_42962_38,Male,Killingbeck,2023,31/12/2022,04:15:12,0,0,31/12/2022 04:15,31/12/2022 01:15
KB_23_42962_38,Male,Killingbeck,2023,31/12/2022,04:17:11,0,0,31/12/2022 04:17,31/12/2022 01:17
KB_23_42962_38,Male,Killingbeck,2023,31/12/2022,04:19:10,0,0,31/12/2022 04:19,31/12/2022 01:19
KB_23_42962_38,Male,Killingbeck,2023,31/12/2022,04:21:09,0,0,31/12/2022 04:21,31/12/2022 01:21
KB_23_42962_38,Male,Killingbeck,2023,31/12/2022,04:23:10,0,0,31/12/2022 04:23,31/12/2022 01:23
KB_23_42962_38,Male,Killingbeck,2023,31/12/2022,04:25:15,0,0,31/12/2022 04:25,31/12/2022 01:25
KB_23_42962_38,Male,Killingbeck,2023,31/12/2022,04:27:15,0,0,31/12/2022 04:27,31/12/2022 01:27
KB_23_42962_38,Male,Killingbeck,2023,31/12/2022,04:29:09,0,0,31/12/2022 04:29,31/12/2022 01:29
KB_23_42962_38,Male,Killingbeck,2023,31/12/2022,04:31:15,0,0,31/12/2022 04:31,31/12/2022 01:31
KB_23_42962_38,Male,Killingbeck,2023,31/12/2022,04:33:15,0,0,31/12/2022 04:33,31/12/2022 01:33
KB_23_42962_38,Male,Killingbeck,2023,31/12/2022,04:35:17,0,0,31/12/2022 04:35,31/12/2022 01:35
KB_23_42962_38,Male,Killingbeck,2023,31/12/2022,04:37:06,0,0,31/12/2022 04:37,31/12/2022 01:37
KB_23_42962_38,Male,Killingbeck,2023,31/12/2022,04:39:13,0,0,31/12/2022 04:39,31/12/2022 01:39
KB_23_42962_38,Male,Killingbeck,2023,31/12/2022,04:41:34,0,0,31/12/2022 04:41,31/12/2022 01:41
KB_23_42962_38,Male,Killingbeck,2023,31/12/2022,04:43:33,0,0,31/12/2022 04:43,31/12/2022 01:43
KB_23_42962_38,Male,Killingbeck,2023,31/12/2022,04:45:27,0,0,31/12/2022 04:45,31/12/2022 01:45
KB_23_42962_38,Male,Killingbeck,2023,31/12/2022,04:47:26,0,0,31/12/2022 04:47,31/12/2022 01:47
KB_23_42962_38,Male,Killingbeck,2023,31/12/2022,04:49:34,0,0,31/12/2022 04:49,31/12/2022 01:49
KB_23_42962_38,Male,Killingbeck,2023,31/12/2022,04:51:32,0,0,31/12/2022 04:51,31/12/2022 01:51
KB_23_42962_38,Male,Killingbeck,2023,31/12/2022,04:53:26,0,0,31/12/2022 04:53,31/12/2022 01:53
KB_23_42962_38,Male,Killingbeck,2023,31/12/2022,04:55:22,0,0,31/12/2022 04:55,31/12/2022 01:55
KB_23_42962_38,Male,Killingbeck,2023,31/12/2022,04:57:23,0,0,31/12/2022 04:57,31/12/2022 01:57
KB_23_42962_38,Male,Killingbeck,2023,31/12/2022,04:59:28,0,0,31/12/2022 04:59,31/12/2022 01:59
KB_23_42962_38,Male,Killingbeck,2023,31/12/2022,05:01:23,0,0,31/12/2022 05:01,31/12/2022 02:01
KB_23_42962_38,Male,Killingbeck,2023,31/12/2022,05:03:30,0,0,31/12/2022 05:03,31/12/2022 02:03
KB_23_42962_38,Male,Killingbeck,2023,31/12/2022,05:05:35,0,0,31/12/2022 05:05,31/12/2022 02:05
KB_23_42962_38,Male,Killingbeck,2023,31/12/2022,05:07:26,0,0,31/12/2022 05:07,31/12/2022 02:07
KB_23_42962_38,Male,Killingbeck,2023,31/12/2022,05:09:27,0,0,31/12/2022 05:09,31/12/2022 02:09
KB_23_42962_38,Male,Killingbeck,2023,31/12/2022,05:11:26,0,0,31/12/2022 05:11,31/12/2022 02:11
KB_23_42962_38,Male,Killingbeck,2023,31/12/2022,05:13:34,0,0,31/12/2022 05:13,31/12/2022 02:13
KB_23_42962_38,Male,Killingbeck,2023,31/12/2022,05:15:26,0,0,31/12/2022 05:15,31/12/2022 02:15
KB_23_42962_38,Male,Killingbeck,2023,31/12/2022,05:17:28,0,0,31/12/2022 05:17,31/12/2022 02:17
KB_23_42962_38,Male,Killingbeck,2023,31/12/2022,05:19:33,0,0,31/12/2022 05:19,31/12/2022 02:19
KB_23_42962_38,Male,Killingbeck,2023,31/12/2022,05:21:19,0,0,31/12/2022 05:21,31/12/2022 02:21
KB_23_42962_38,Male,Killingbeck,2023,31/12/2022,05:23:23,0,0,31/12/2022 05:23,31/12/2022 02:23
KB_23_42962_38,Male,Killingbeck,2023,31/12/2022,05:25:25,0,0,31/12/2022 05:25,31/12/2022 02:25
KB_23_42962_38,Male,Killingbeck,2023,31/12/2022,05:27:31,0,0,31/12/2022 05:27,31/12/2022 02:27
KB_23_42962_38,Male,Killingbeck,2023,31/12/2022,05:29:30,0,0,31/12/2022 05:29,31/12/2022 02:29
KB_23_42962_38,Male,Killingbeck,2023,31/12/2022,05:31:28,0,0,31/12/2022 05:31,31/12/2022 02:31
KB_23_42962_38,Male,Killingbeck,2023,31/12/2022,05:33:29,0,0,31/12/2022 05:33,31/12/2022 02:33
KB_23_42962_38,Male,Killingbeck,2023,31/12/2022,05:35:22,0,0,31/12/2022 05:35,31/12/2022 02:35
KB_23_42962_38,Male,Killingbeck,2023,31/12/2022,05:37:25,0,0,31/12/2022 05:37,31/12/2022 02:37
KB_23_42962_38,Male,Killingbeck,2023,31/12/2022,05:39:14,0,0,31/12/2022 05:39,31/12/2022 02:39
KB_23_42962_38,Male,Killingbeck,2023,31/12/2022,05:41:03,0,0,31/12/2022 05:41,31/12/2022 02:41
KB_23_42962_38,Male,Killingbeck,2023,31/12/2022,05:43:04,0,0,31/12/2022 05:43,31/12/2022 02:43
KB_23_42962_38,Male,Killingbeck,2023,31/12/2022,05:45:03,0,0,31/12/2022 05:45,31/12/2022 02:45
KB_23_42962_38,Male,Killingbeck,2023,31/12/2022,05:47:02,0,0,31/12/2022 05:47,31/12/2022 02:47
KB_23_42962_38,Male,Killingbeck,2023,31/12/2022,05:49:00,0,0,31/12/2022 05:49,31/12/2022 02:49
KB_23_42962_38,Male,Killingbeck,2023,31/12/2022,05:50:59,0,0,31/12/2022 05:50,31/12/2022 02:50
KB_23_42962_38,Male,Killingbeck,2023,31/12/2022,05:53:05,0,0,31/12/2022 05:53,31/12/2022 02:53
KB_23_42962_38,Male,Killingbeck,2023,31/12/2022,05:54:59,0,0,31/12/2022 05:54,31/12/2022 02:54
KB_23_42962_38,Male,Killingbeck,2023,31/12/2022,05:57:06,0,0,31/12/2022 05:57,31/12/2022 02:57
KB_23_42962_38,Male,Killingbeck,2023,31/12/2022,05:59:10,0,0,31/12/2022 05:59,31/12/2022 02:59
KB_23_42962_38,Male,Killingbeck,2023,31/12/2022,06:00:56,0,0,31/12/2022 06:00,31/12/2022 03:00
KB_23_42962_38,Male,Killingbeck,2023,31/12/2022,06:02:55,0,0,31/12/2022 06:02,31/12/2022 03:02
KB_23_42962_38,Male,Killingbeck,2023,31/12/2022,06:04:52,0,0,31/12/2022 06:04,31/12/2022 03:04
KB_23_42962_38,Male,Killingbeck,2023,31/12/2022,06:06:50,0,0,31/12/2022 06:06,31/12/2022 03:06
KB_23_42962_38,Male,Killingbeck,2023,31/12/2022,06:08:51,0,0,31/12/2022 06:08,31/12/2022 03:08
KB_23_42962_38,Male,Killingbeck,2023,31/12/2022,06:10:39,0,0,31/12/2022 06:10,31/12/2022 03:10
KB_23_42962_38,Male,Killingbeck,2023,31/12/2022,06:12:38,0,0,31/12/2022 06:12,31/12/2022 03:12
KB_23_42962_38,Male,Killingbeck,2023,31/12/2022,06:14:36,0,0,31/12/2022 06:14,31/12/2022 03:14
KB_23_42962_38,Male,Killingbeck,2023,31/12/2022,06:16:36,0,0,31/12/2022 06:16,31/12/2022 03:16
KB_23_42962_38,Male,Killingbeck,2023,31/12/2022,06:18:34,0,0,31/12/2022 06:18,31/12/2022 03:18
KB_23_42962_38,Male,Killingbeck,2023,31/12/2022,06:20:33,0,0,31/12/2022 06:20,31/12/2022 03:20
KB_23_42962_38,Male,Killingbeck,2023,31/12/2022,06:22:32,0,0,31/12/2022 06:22,31/12/2022 03:22
KB_23_42962_38,Male,Killingbeck,2023,31/12/2022,06:24:31,0,0,31/12/2022 06:24,31/12/2022 03:24
KB_23_42962_38,Male,Killingbeck,2023,31/12/2022,06:26:31,0,0,31/12/2022 06:26,31/12/2022 03:26
KB_23_42962_38,Male,Killingbeck,2023,31/12/2022,06:28:29,0,0,31/12/2022 06:28,31/12/2022 03:28
KB_23_42962_38,Male,Killingbeck,2023,31/12/2022,06:30:28,0,0,31/12/2022 06:30,31/12/2022 03:30
KB_23_42962_38,Male,Killingbeck,2023,31/12/2022,06:32:28,0,0,31/12/2022 06:32,31/12/2022 03:32
KB_23_42962_38,Male,Killingbeck,2023,31/12/2022,06:34:30,0,0,31/12/2022 06:34,31/12/2022 03:34
KB_23_42962_38,Male,Killingbeck,2023,31/12/2022,06:36:28,0,0,31/12/2022 06:36,31/12/2022 03:36
KB_23_42962_38,Male,Killingbeck,2023,31/12/2022,06:38:28,0,0,31/12/2022 06:38,31/12/2022 03:38
KB_23_42962_38,Male,Killingbeck,2023,31/12/2022,06:40:47,0,0,31/12/2022 06:40,31/12/2022 03:40
KB_23_42962_38,Male,Killingbeck,2023,31/12/2022,06:42:46,0,0,31/12/2022 06:42,31/12/2022 03:42
KB_23_42962_38,Male,Killingbeck,2023,31/12/2022,06:45:00,0,0,31/12/2022 06:45,31/12/2022 03:45
KB_23_42962_38,Male,Killingbeck,2023,31/12/2022,06:46:46,0,0,31/12/2022 06:46,31/12/2022 03:46
KB_23_42962_38,Male,Killingbeck,2023,31/12/2022,06:48:45,0,0,31/12/2022 06:48,31/12/2022 03:48
KB_23_42962_38,Male,Killingbeck,2023,31/12/2022,06:50:57,0,0,31/12/2022 06:50,31/12/2022 03:50
KB_23_42962_38,Male,Killingbeck,2023,31/12/2022,06:52:54,0,0,31/12/2022 06:52,31/12/2022 03:52
KB_23_42962_38,Male,Killingbeck,2023,31/12/2022,06:54:40,0,0,31/12/2022 06:54,31/12/2022 03:54
KB_23_42962_38,Male,Killingbeck,2023,31/12/2022,06:56:40,0,0,31/12/2022 06:56,31/12/2022 03:56
KB_23_42962_38,Male,Killingbeck,2023,31/12/2022,06:58:41,0,0,31/12/2022 06:58,31/12/2022 03:58
KB_23_42962_38,Male,Killingbeck,2023,31/12/2022,07:00:38,0,0,31/12/2022 07:00,31/12/2022 04:00
KB_23_42962_38,Male,Killingbeck,2023,31/12/2022,07:02:37,0,0,31/12/2022 07:02,31/12/2022 04:02
KB_23_42962_38,Male,Killingbeck,2023,31/12/2022,07:04:35,0,0,31/12/2022 07:04,31/12/2022 04:04
KB_23_42962_38,Male,Killingbeck,2023,31/12/2022,07:06:35,0,0,31/12/2022 07:06,31/12/2022 04:06
KB_23_42962_38,Male,Killingbeck,2023,31/12/2022,07:08:35,0,0,31/12/2022 07:08,31/12/2022 04:08
KB_23_42962_38,Male,Killingbeck,2023,31/12/2022,07:10:36,0,0,31/12/2022 07:10,31/12/2022 04:10
KB_23_42962_38,Male,Killingbeck,2023,31/12/2022,07:12:33,0,0,31/12/2022 07:12,31/12/2022 04:12
KB_23_42962_38,Male,Killingbeck,2023,31/12/2022,07:14:32,0,0,31/12/2022 07:14,31/12/2022 04:14
KB_23_42962_38,Male,Killingbeck,2023,31/12/2022,07:16:31,0,0,31/12/2022 07:16,31/12/2022 04:16
KB_23_42962_38,Male,Killingbeck,2023,31/12/2022,07:18:30,0,0,31/12/2022 07:18,31/12/2022 04:18
KB_23_42962_38,Male,Killingbeck,2023,31/12/2022,07:20:31,0,0,31/12/2022 07:20,31/12/2022 04:20
KB_23_42962_38,Male,Killingbeck,2023,31/12/2022,07:22:27,0,0,31/12/2022 07:22,31/12/2022 04:22
KB_23_42962_38,Male,Killingbeck,2023,31/12/2022,07:24:29,0,0,31/12/2022 07:24,31/12/2022 04:24
KB_23_42962_38,Male,Killingbeck,2023,31/12/2022,07:26:28,0,0,31/12/2022 07:26,31/12/2022 04:26
KB_23_42962_38,Male,Killingbeck,2023,31/12/2022,07:28:27,0,0,31/12/2022 07:28,31/12/2022 04:28
KB_23_42962_38,Male,Killingbeck,2023,31/12/2022,07:30:26,0,0,31/12/2022 07:30,31/12/2022 04:30
KB_23_42962_38,Male,Killingbeck,2023,31/12/2022,07:32:34,0,0,31/12/2022 07:32,31/12/2022 04:32
KB_23_42962_38,Male,Killingbeck,2023,31/12/2022,07:34:25,0,0,31/12/2022 07:34,31/12/2022 04:34
KB_23_42962_38,Male,Killingbeck,2023,31/12/2022,07:36:37,0,0,31/12/2022 07:36,31/12/2022 04:36
KB_23_42962_38,Male,Killingbeck,2023,31/12/2022,07:38:36,0,0,31/12/2022 07:38,31/12/2022 04:38
KB_23_42962_38,Male,Killingbeck,2023,31/12/2022,07:40:11,0,0,31/12/2022 07:40,31/12/2022 04:40
KB_23_42962_38,Male,Killingbeck,2023,31/12/2022,07:42:10,0,0,31/12/2022 07:42,31/12/2022 04:42
KB_23_42962_38,Male,Killingbeck,2023,31/12/2022,07:44:07,0,0,31/12/2022 07:44,31/12/2022 04:44
KB_23_42962_38,Male,Killingbeck,2023,31/12/2022,07:46:08,0,0,31/12/2022 07:46,31/12/2022 04:46
KB_23_42962_38,Male,Killingbeck,2023,31/12/2022,07:48:04,0,0,31/12/2022 07:48,31/12/2022 04:48
KB_23_42962_38,Male,Killingbeck,2023,31/12/2022,07:50:04,0,0,31/12/2022 07:50,31/12/2022 04:50
KB_23_42962_38,Male,Killingbeck,2023,31/12/2022,07:52:03,0,0,31/12/2022 07:52,31/12/2022 04:52
KB_23_42962_38,Male,Killingbeck,2023,31/12/2022,07:54:04,0,0,31/12/2022 07:54,31/12/2022 04:54
KB_23_42962_38,Male,Killingbeck,2023,31/12/2022,07:56:02,0,0,31/12/2022 07:56,31/12/2022 04:56
KB_23_42962_38,Male,Killingbeck,2023,31/12/2022,07:58:00,0,0,31/12/2022 07:58,31/12/2022 04:58
KB_23_42962_38,Male,Killingbeck,2023,31/12/2022,07:59:58,0,0,31/12/2022 07:59,31/12/2022 04:59
KB_23_42962_38,Male,Killingbeck,2023,31/12/2022,08:02:06,0,0,31/12/2022 08:02,31/12/2022 05:02
KB_23_42962_38,Male,Killingbeck,2023,31/12/2022,08:04:06,0,0,31/12/2022 08:04,31/12/2022 05:04
KB_23_42962_38,Male,Killingbeck,2023,31/12/2022,08:06:00,0,0,31/12/2022 08:06,31/12/2022 05:06
KB_23_42962_38,Male,Killingbeck,2023,31/12/2022,08:08:05,0,0,31/12/2022 08:08,31/12/2022 05:08
KB_23_42962_38,Male,Killingbeck,2023,31/12/2022,08:09:57,0,0,31/12/2022 08:09,31/12/2022 05:09
KB_23_42962_38,Male,Killingbeck,2023,31/12/2022,08:11:54,0,0,31/12/2022 08:11,31/12/2022 05:11
KB_23_42962_38,Male,Killingbeck,2023,31/12/2022,08:13:54,0,0,31/12/2022 08:13,31/12/2022 05:13
KB_23_42962_38,Male,Killingbeck,2023,31/12/2022,08:15:48,0,0,31/12/2022 08:15,31/12/2022 05:15
KB_23_42962_38,Male,Killingbeck,2023,31/12/2022,08:17:45,0,0,31/12/2022 08:17,31/12/2022 05:17
KB_23_42962_38,Male,Killingbeck,2023,31/12/2022,08:19:46,0,0,31/12/2022 08:19,31/12/2022 05:19
KB_23_42962_38,Male,Killingbeck,2023,31/12/2022,08:21:44,0,0,31/12/2022 08:21,31/12/2022 05:21
KB_23_42962_38,Male,Killingbeck,2023,31/12/2022,08:23:44,0,0,31/12/2022 08:23,31/12/2022 05:23
KB_23_42962_38,Male,Killingbeck,2023,31/12/2022,08:25:42,0,0,31/12/2022 08:25,31/12/2022 05:25
KB_23_42962_38,Male,Killingbeck,2023,31/12/2022,08:27:41,0,0,31/12/2022 08:27,31/12/2022 05:27
KB_23_42962_38,Male,Killingbeck,2023,31/12/2022,08:29:46,0,0,31/12/2022 08:29,31/12/2022 05:29
KB_23_42962_38,Male,Killingbeck,2023,31/12/2022,08:31:45,0,0,31/12/2022 08:31,31/12/2022 05:31
KB_23_42962_38,Male,Killingbeck,2023,31/12/2022,08:33:39,0,0,31/12/2022 08:33,31/12/2022 05:33
KB_23_42962_38,Male,Killingbeck,2023,31/12/2022,08:35:40,0,0,31/12/2022 08:35,31/12/2022 05:35
KB_23_42962_38,Male,Killingbeck,2023,31/12/2022,08:37:46,0,0,31/12/2022 08:37,31/12/2022 05:37
KB_23_42962_38,Male,Killingbeck,2023,31/12/2022,08:39:47,0,0,31/12/2022 08:39,31/12/2022 05:39
KB_23_42962_38,Male,Killingbeck,2023,31/12/2022,08:41:39,0,0,31/12/2022 08:41,31/12/2022 05:41
KB_23_42962_38,Male,Killingbeck,2023,31/12/2022,08:43:45,0,0,31/12/2022 08:43,31/12/2022 05:43
KB_23_42962_38,Male,Killingbeck,2023,31/12/2022,08:45:46,0,0,31/12/2022 08:45,31/12/2022 05:45
KB_23_42962_38,Male,Killingbeck,2023,31/12/2022,08:47:40,0,0,31/12/2022 08:47,31/12/2022 05:47
KB_23_42962_38,Male,Killingbeck,2023,31/12/2022,08:49:37,0,0,31/12/2022 08:49,31/12/2022 05:49
KB_23_42962_38,Male,Killingbeck,2023,31/12/2022,08:51:35,0,0,31/12/2022 08:51,31/12/2022 05:51
KB_23_42962_38,Male,Killingbeck,2023,31/12/2022,08:53:37,0,0,31/12/2022 08:53,31/12/2022 05:53
KB_23_42962_38,Male,Killingbeck,2023,31/12/2022,08:55:34,0,0,31/12/2022 08:55,31/12/2022 05:55
KB_23_42962_38,Male,Killingbeck,2023,31/12/2022,08:57:40,0,0,31/12/2022 08:57,31/12/2022 05:57
KB_23_42962_38,Male,Killingbeck,2023,31/12/2022,08:59:35,0,0,31/12/2022 08:59,31/12/2022 05:59
KB_23_42962_38,Male,Killingbeck,2023,31/12/2022,09:01:31,0,0,31/12/2022 09:01,31/12/2022 06:01
KB_23_42962_38,Male,Killingbeck,2023,31/12/2022,09:03:33,0,0,31/12/2022 09:03,31/12/2022 06:03
KB_23_42962_38,Male,Killingbeck,2023,31/12/2022,09:05:33,0,0,31/12/2022 09:05,31/12/2022 06:05
KB_23_42962_38,Male,Killingbeck,2023,31/12/2022,09:07:31,0,0,31/12/2022 09:07,31/12/2022 06:07
KB_23_42962_38,Male,Killingbeck,2023,31/12/2022,09:10:45,0,0,31/12/2022 09:10,31/12/2022 06:10
KB_23_42962_38,Male,Killingbeck,2023,31/12/2022,09:12:44,0,0,31/12/2022 09:12,31/12/2022 06:12
KB_23_42962_38,Male,Killingbeck,2023,31/12/2022,09:14:43,0,0,31/12/2022 09:14,31/12/2022 06:14
KB_23_42962_38,Male,Killingbeck,2023,31/12/2022,09:16:40,0,0,31/12/2022 09:16,31/12/2022 06:16
KB_23_42962_38,Male,Killingbeck,2023,31/12/2022,09:18:39,0,0,31/12/2022 09:18,31/12/2022 06:18
KB_23_42962_38,Male,Killingbeck,2023,31/12/2022,09:20:38,0,0,31/12/2022 09:20,31/12/2022 06:20
KB_23_42962_38,Male,Killingbeck,2023,31/12/2022,09:22:39,0,0,31/12/2022 09:22,31/12/2022 06:22
KB_23_42962_38,Male,Killingbeck,2023,31/12/2022,09:24:36,0,0,31/12/2022 09:24,31/12/2022 06:24
KB_23_42962_38,Male,Killingbeck,2023,31/12/2022,09:26:34,0,0,31/12/2022 09:26,31/12/2022 06:26
KB_23_42962_38,Male,Killingbeck,2023,31/12/2022,09:28:36,0,0,31/12/2022 09:28,31/12/2022 06:28
KB_23_42962_38,Male,Killingbeck,2023,31/12/2022,09:30:36,0,0,31/12/2022 09:30,31/12/2022 06:30
KB_23_42962_38,Male,Killingbeck,2023,31/12/2022,09:32:35,0,0,31/12/2022 09:32,31/12/2022 06:32
KB_23_42962_38,Male,Killingbeck,2023,31/12/2022,09:34:39,0,0,31/12/2022 09:34,31/12/2022 06:34
KB_23_42962_38,Male,Killingbeck,2023,31/12/2022,09:36:32,0,0,31/12/2022 09:36,31/12/2022 06:36
KB_23_42962_38,Male,Killingbeck,2023,31/12/2022,09:38:33,0,0,31/12/2022 09:38,31/12/2022 06:38
KB_23_42962_38,Male,Killingbeck,2023,31/12/2022,09:40:16,0,0,31/12/2022 09:40,31/12/2022 06:40
KB_23_42962_38,Male,Killingbeck,2023,31/12/2022,09:42:23,0,0,31/12/2022 09:42,31/12/2022 06:42
KB_23_42962_38,Male,Killingbeck,2023,31/12/2022,09:44:20,0,0,31/12/2022 09:44,31/12/2022 06:44
KB_23_42962_38,Male,Killingbeck,2023,31/12/2022,09:46:13,0,0,31/12/2022 09:46,31/12/2022 06:46
KB_23_42962_38,Male,Killingbeck,2023,31/12/2022,09:48:12,0,0,31/12/2022 09:48,31/12/2022 06:48
KB_23_42962_38,Male,Killingbeck,2023,31/12/2022,09:50:10,0,0,31/12/2022 09:50,31/12/2022 06:50
KB_23_42962_38,Male,Killingbeck,2023,31/12/2022,09:52:09,-67.57062,-68.069208,31/12/2022 09:52,31/12/2022 06:52
KB_23_42962_38,Male,Killingbeck,2023,31/12/2022,09:54:07,-67.570671,-68.069292,31/12/2022 09:54,31/12/2022 06:54
KB_23_42962_38,Male,Killingbeck,2023,31/12/2022,09:56:09,-67.570652,-68.06926,31/12/2022 09:56,31/12/2022 06:56
KB_23_42962_38,Male,Killingbeck,2023,31/12/2022,09:58:08,-67.570736,-68.069276,31/12/2022 09:58,31/12/2022 06:58
KB_23_42962_38,Male,Killingbeck,2023,31/12/2022,10:00:05,-67.570634,-68.06922,31/12/2022 10:00,31/12/2022 07:00
KB_23_42962_38,Male,Killingbeck,2023,31/12/2022,10:02:06,-67.570634,-68.069313,31/12/2022 10:02,31/12/2022 07:02
KB_23_42962_38,Male,Killingbeck,2023,31/12/2022,10:04:15,-67.570695,-68.069313,31/12/2022 10:04,31/12/2022 07:04
KB_23_42962_38,Male,Killingbeck,2023,31/12/2022,10:06:11,-67.570651,-68.069278,31/12/2022 10:06,31/12/2022 07:06
KB_23_42962_38,Male,Killingbeck,2023,31/12/2022,10:08:15,-67.570722,-68.069022,31/12/2022 10:08,31/12/2022 07:08
KB_23_42962_38,Male,Killingbeck,2023,31/12/2022,10:10:30,-67.570675,-68.0692,31/12/2022 10:10,31/12/2022 07:10
KB_23_42962_38,Male,Killingbeck,2023,31/12/2022,10:12:22,-67.570624,-68.069232,31/12/2022 10:12,31/12/2022 07:12
KB_23_42962_38,Male,Killingbeck,2023,31/12/2022,10:14:28,-67.570662,-68.069231,31/12/2022 10:14,31/12/2022 07:14
KB_23_42962_38,Male,Killingbeck,2023,31/12/2022,10:16:33,-67.570635,-68.069207,31/12/2022 10:16,31/12/2022 07:16
KB_23_42962_38,Male,Killingbeck,2023,31/12/2022,10:18:19,-67.570664,-68.069404,31/12/2022 10:18,31/12/2022 07:18
KB_23_42962_38,Male,Killingbeck,2023,31/12/2022,10:20:29,-67.570721,-68.069532,31/12/2022 10:20,31/12/2022 07:20
KB_23_42962_38,Male,Killingbeck,2023,31/12/2022,10:22:28,-67.570901,-68.06824,31/12/2022 10:22,31/12/2022 07:22
KB_23_42962_38,Male,Killingbeck,2023,31/12/2022,10:24:30,-67.570778,-68.069466,31/12/2022 10:24,31/12/2022 07:24
KB_23_42962_38,Male,Killingbeck,2023,31/12/2022,10:26:27,-67.570603,-68.070431,31/12/2022 10:26,31/12/2022 07:26
KB_23_42962_38,Male,Killingbeck,2023,31/12/2022,10:28:33,0,0,31/12/2022 10:28,31/12/2022 07:28
KB_23_42962_38,Male,Killingbeck,2023,31/12/2022,10:30:26,-67.57069,-68.06976,31/12/2022 10:30,31/12/2022 07:30
KB_23_42962_38,Male,Killingbeck,2023,31/12/2022,10:32:27,-67.570758,-68.069435,31/12/2022 10:32,31/12/2022 07:32
KB_23_42962_38,Male,Killingbeck,2023,31/12/2022,10:34:30,-67.570632,-68.069456,31/12/2022 10:34,31/12/2022 07:34
KB_23_42962_38,Male,Killingbeck,2023,31/12/2022,10:36:29,-67.570734,-68.069564,31/12/2022 10:36,31/12/2022 07:36
KB_23_42962_38,Male,Killingbeck,2023,31/12/2022,10:38:19,-67.570737,-68.069502,31/12/2022 10:38,31/12/2022 07:38
KB_23_42962_38,Male,Killingbeck,2023,31/12/2022,10:39:59,-67.570684,-68.069646,31/12/2022 10:39,31/12/2022 07:39
KB_23_42962_38,Male,Killingbeck,2023,31/12/2022,10:41:59,-67.57069,-68.0695,31/12/2022 10:41,31/12/2022 07:41
KB_23_42962_38,Male,Killingbeck,2023,31/12/2022,10:43:58,0,0,31/12/2022 10:43,31/12/2022 07:43
KB_23_42962_38,Male,Killingbeck,2023,31/12/2022,10:46:04,0,0,31/12/2022 10:46,31/12/2022 07:46
KB_23_42962_38,Male,Killingbeck,2023,31/12/2022,10:47:59,0,0,31/12/2022 10:47,31/12/2022 07:47
KB_23_42962_38,Male,Killingbeck,2023,31/12/2022,10:49:56,0,0,31/12/2022 10:49,31/12/2022 07:49
KB_23_42962_38,Male,Killingbeck,2023,31/12/2022,10:52:03,0,0,31/12/2022 10:52,31/12/2022 07:52
KB_23_42962_38,Male,Killingbeck,2023,31/12/2022,10:53:55,0,0,31/12/2022 10:53,31/12/2022 07:53
KB_23_42962_38,Male,Killingbeck,2023,31/12/2022,10:55:54,0,0,31/12/2022 10:55,31/12/2022 07:55
KB_23_42962_38,Male,Killingbeck,2023,31/12/2022,10:57:52,0,0,31/12/2022 10:57,31/12/2022 07:57
KB_23_42962_38,Male,Killingbeck,2023,31/12/2022,10:59:51,0,0,31/12/2022 10:59,31/12/2022 07:59
KB_23_42962_38,Male,Killingbeck,2023,31/12/2022,11:01:53,0,0,31/12/2022 11:01,31/12/2022 08:01
KB_23_42962_38,Male,Killingbeck,2023,31/12/2022,11:03:58,0,0,31/12/2022 11:03,31/12/2022 08:03
KB_23_42962_38,Male,Killingbeck,2023,31/12/2022,11:05:58,0,0,31/12/2022 11:05,31/12/2022 08:05
KB_23_42962_38,Male,Killingbeck,2023,31/12/2022,11:07:56,0,0,31/12/2022 11:07,31/12/2022 08:07
KB_23_42962_38,Male,Killingbeck,2023,31/12/2022,11:09:41,0,0,31/12/2022 11:09,31/12/2022 08:09
KB_23_42962_38,Male,Killingbeck,2023,31/12/2022,11:11:47,0,0,31/12/2022 11:11,31/12/2022 08:11
KB_23_42962_38,Male,Killingbeck,2023,31/12/2022,11:13:40,0,0,31/12/2022 11:13,31/12/2022 08:13
KB_23_42962_38,Male,Killingbeck,2023,31/12/2022,11:15:37,0,0,31/12/2022 11:15,31/12/2022 08:15
KB_23_42962_38,Male,Killingbeck,2023,31/12/2022,11:17:38,0,0,31/12/2022 11:17,31/12/2022 08:17
KB_23_42962_38,Male,Killingbeck,2023,31/12/2022,11:19:37,0,0,31/12/2022 11:19,31/12/2022 08:19
KB_23_42962_38,Male,Killingbeck,2023,31/12/2022,11:21:34,0,0,31/12/2022 11:21,31/12/2022 08:21
KB_23_42962_38,Male,Killingbeck,2023,31/12/2022,11:23:40,0,0,31/12/2022 11:23,31/12/2022 08:23
KB_23_42962_38,Male,Killingbeck,2023,31/12/2022,11:25:32,0,0,31/12/2022 11:25,31/12/2022 08:25
KB_23_42962_38,Male,Killingbeck,2023,31/12/2022,11:27:32,0,0,31/12/2022 11:27,31/12/2022 08:27
KB_23_42962_38,Male,Killingbeck,2023,31/12/2022,11:29:30,0,0,31/12/2022 11:29,31/12/2022 08:29
KB_23_42962_38,Male,Killingbeck,2023,31/12/2022,11:31:32,0,0,31/12/2022 11:31,31/12/2022 08:31
KB_23_42962_38,Male,Killingbeck,2023,31/12/2022,11:33:29,0,0,31/12/2022 11:33,31/12/2022 08:33
KB_23_42962_38,Male,Killingbeck,2023,31/12/2022,11:35:29,0,0,31/12/2022 11:35,31/12/2022 08:35
KB_23_42962_38,Male,Killingbeck,2023,31/12/2022,11:37:27,0,0,31/12/2022 11:37,31/12/2022 08:37
KB_23_42962_38,Male,Killingbeck,2023,31/12/2022,11:39:54,0,0,31/12/2022 11:39,31/12/2022 08:39
KB_23_42962_38,Male,Killingbeck,2023,31/12/2022,11:41:53,0,0,31/12/2022 11:41,31/12/2022 08:41
KB_23_42962_38,Male,Killingbeck,2023,31/12/2022,11:43:52,0,0,31/12/2022 11:43,31/12/2022 08:43
KB_23_42962_38,Male,Killingbeck,2023,31/12/2022,11:45:52,0,0,31/12/2022 11:45,31/12/2022 08:45
KB_23_42962_38,Male,Killingbeck,2023,31/12/2022,11:47:50,0,0,31/12/2022 11:47,31/12/2022 08:47
KB_23_42962_38,Male,Killingbeck,2023,31/12/2022,11:49:49,0,0,31/12/2022 11:49,31/12/2022 08:49
KB_23_42962_38,Male,Killingbeck,2023,31/12/2022,11:51:49,0,0,31/12/2022 11:51,31/12/2022 08:51
KB_23_42962_38,Male,Killingbeck,2023,31/12/2022,11:56:32,0,0,31/12/2022 11:56,31/12/2022 08:56
KB_23_42962_38,Male,Killingbeck,2023,31/12/2022,11:58:30,0,0,31/12/2022 11:58,31/12/2022 08:58
KB_23_42962_38,Male,Killingbeck,2023,31/12/2022,12:00:30,0,0,31/12/2022 12:00,31/12/2022 09:00
KB_23_42962_38,Male,Killingbeck,2023,31/12/2022,12:02:29,0,0,31/12/2022 12:02,31/12/2022 09:02
KB_23_42962_38,Male,Killingbeck,2023,31/12/2022,12:07:38,0,0,31/12/2022 12:07,31/12/2022 09:07
KB_23_42962_38,Male,Killingbeck,2023,31/12/2022,12:09:28,0,0,31/12/2022 12:09,31/12/2022 09:09
KB_23_42962_38,Male,Killingbeck,2023,31/12/2022,12:11:26,0,0,31/12/2022 12:11,31/12/2022 09:11
KB_23_42962_38,Male,Killingbeck,2023,31/12/2022,12:13:25,0,0,31/12/2022 12:13,31/12/2022 09:13
KB_23_42962_38,Male,Killingbeck,2023,31/12/2022,12:15:24,0,0,31/12/2022 12:15,31/12/2022 09:15
KB_23_42962_38,Male,Killingbeck,2023,31/12/2022,12:17:23,0,0,31/12/2022 12:17,31/12/2022 09:17
KB_23_42962_38,Male,Killingbeck,2023,31/12/2022,12:19:23,0,0,31/12/2022 12:19,31/12/2022 09:19
KB_23_42962_38,Male,Killingbeck,2023,31/12/2022,12:21:24,0,0,31/12/2022 12:21,31/12/2022 09:21
KB_23_42962_38,Male,Killingbeck,2023,31/12/2022,12:23:24,0,0,31/12/2022 12:23,31/12/2022 09:23
KB_23_42962_38,Male,Killingbeck,2023,31/12/2022,12:25:20,0,0,31/12/2022 12:25,31/12/2022 09:25
KB_23_42962_38,Male,Killingbeck,2023,31/12/2022,12:27:20,0,0,31/12/2022 12:27,31/12/2022 09:27
KB_23_42962_38,Male,Killingbeck,2023,31/12/2022,12:29:18,0,0,31/12/2022 12:29,31/12/2022 09:29
KB_23_42962_38,Male,Killingbeck,2023,31/12/2022,12:31:18,-67.570587,-68.069383,31/12/2022 12:31,31/12/2022 09:31
KB_23_42962_38,Male,Killingbeck,2023,31/12/2022,12:33:19,-67.570491,-68.06951,31/12/2022 12:33,31/12/2022 09:33
KB_23_42962_38,Male,Killingbeck,2023,31/12/2022,12:35:18,-67.570605,-68.069287,31/12/2022 12:35,31/12/2022 09:35
KB_23_44224_40,Male,Killingbeck,2023,04/01/2023,15:53:19,-67.570776,-68.069474,04/01/2023 15:53,04/01/2023 12:53
KB_23_44224_40,Male,Killingbeck,2023,04/01/2023,15:55:19,-67.570744,-68.069536,04/01/2023 15:55,04/01/2023 12:55
KB_23_44224_40,Male,Killingbeck,2023,04/01/2023,15:57:18,-67.57077,-68.069694,04/01/2023 15:57,04/01/2023 12:57
KB_23_44224_40,Male,Killingbeck,2023,04/01/2023,15:59:17,-67.570658,-68.069831,04/01/2023 15:59,04/01/2023 12:59
KB_23_44224_40,Male,Killingbeck,2023,04/01/2023,16:01:17,-67.570837,-68.069302,04/01/2023 16:01,04/01/2023 13:01
KB_23_44224_40,Male,Killingbeck,2023,04/01/2023,16:03:27,-67.570637,-68.069448,04/01/2023 16:03,04/01/2023 13:03
KB_23_44224_40,Male,Killingbeck,2023,04/01/2023,16:05:15,-67.570678,-68.069723,04/01/2023 16:05,04/01/2023 13:05
KB_23_44224_40,Male,Killingbeck,2023,04/01/2023,16:07:32,-67.570665,-68.069208,04/01/2023 16:07,04/01/2023 13:07
KB_23_44224_40,Male,Killingbeck,2023,04/01/2023,16:09:17,-67.570672,-68.069434,04/01/2023 16:09,04/01/2023 13:09
KB_23_44224_40,Male,Killingbeck,2023,04/01/2023,16:11:24,-67.570983,-68.069524,04/01/2023 16:11,04/01/2023 13:11
KB_23_44224_40,Male,Killingbeck,2023,04/01/2023,16:13:19,-67.570797,-68.069515,04/01/2023 16:13,04/01/2023 13:13
KB_23_44224_40,Male,Killingbeck,2023,04/01/2023,16:15:19,-67.570795,-68.0694,04/01/2023 16:15,04/01/2023 13:15
KB_23_44224_40,Male,Killingbeck,2023,04/01/2023,16:17:19,-67.570733,-68.069384,04/01/2023 16:17,04/01/2023 13:17
KB_23_44224_40,Male,Killingbeck,2023,04/01/2023,16:19:19,-67.570745,-68.069366,04/01/2023 16:19,04/01/2023 13:19
KB_23_44224_40,Male,Killingbeck,2023,04/01/2023,16:21:23,-67.570727,-68.069381,04/01/2023 16:21,04/01/2023 13:21
KB_23_44224_40,Male,Killingbeck,2023,04/01/2023,16:23:17,-67.570699,-68.069436,04/01/2023 16:23,04/01/2023 13:23
KB_23_44224_40,Male,Killingbeck,2023,04/01/2023,16:25:19,-67.570803,-68.069363,04/01/2023 16:25,04/01/2023 13:25
KB_23_44224_40,Male,Killingbeck,2023,04/01/2023,16:27:19,-67.5707,-68.069279,04/01/2023 16:27,04/01/2023 13:27
KB_23_44224_40,Male,Killingbeck,2023,04/01/2023,16:29:19,-67.570778,-68.069198,04/01/2023 16:29,04/01/2023 13:29
KB_23_44224_40,Male,Killingbeck,2023,04/01/2023,16:31:17,-67.570801,-68.069467,04/01/2023 16:31,04/01/2023 13:31
KB_23_44224_40,Male,Killingbeck,2023,04/01/2023,16:33:19,-67.570721,-68.069332,04/01/2023 16:33,04/01/2023 13:33
KB_23_44224_40,Male,Killingbeck,2023,04/01/2023,16:35:17,-67.570804,-68.0693,04/01/2023 16:35,04/01/2023 13:35
KB_23_44224_40,Male,Killingbeck,2023,04/01/2023,16:37:15,-67.570712,-68.069549,04/01/2023 16:37,04/01/2023 13:37
KB_23_44224_40,Male,Killingbeck,2023,04/01/2023,16:39:15,-67.570762,-68.069487,04/01/2023 16:39,04/01/2023 13:39
KB_23_44224_40,Male,Killingbeck,2023,04/01/2023,16:41:15,-67.570719,-68.069541,04/01/2023 16:41,04/01/2023 13:41
KB_23_44224_40,Male,Killingbeck,2023,04/01/2023,16:43:17,-67.570824,-68.069058,04/01/2023 16:43,04/01/2023 13:43
KB_23_44224_40,Male,Killingbeck,2023,04/01/2023,16:45:26,-67.570795,-68.069715,04/01/2023 16:45,04/01/2023 13:45
KB_23_44224_40,Male,Killingbeck,2023,04/01/2023,16:47:17,-67.570784,-68.069838,04/01/2023 16:47,04/01/2023 13:47
KB_23_44224_40,Male,Killingbeck,2023,04/01/2023,16:49:17,-67.570727,-68.069781,04/01/2023 16:49,04/01/2023 13:49
KB_23_44224_40,Male,Killingbeck,2023,04/01/2023,16:51:17,-67.570762,-68.069652,04/01/2023 16:51,04/01/2023 13:51
KB_23_44224_40,Male,Killingbeck,2023,04/01/2023,16:53:15,-67.570765,-68.069709,04/01/2023 16:53,04/01/2023 13:53
KB_23_44224_40,Male,Killingbeck,2023,04/01/2023,16:55:13,-67.570792,-68.069597,04/01/2023 16:55,04/01/2023 13:55
KB_23_44224_40,Male,Killingbeck,2023,04/01/2023,16:57:15,-67.570762,-68.069785,04/01/2023 16:57,04/01/2023 13:57
KB_23_44224_40,Male,Killingbeck,2023,04/01/2023,16:59:15,-67.570732,-68.06978,04/01/2023 16:59,04/01/2023 13:59
KB_23_44224_40,Male,Killingbeck,2023,04/01/2023,17:01:22,-67.5708,-68.069498,04/01/2023 17:01,04/01/2023 14:01
KB_23_44224_40,Male,Killingbeck,2023,04/01/2023,17:03:15,-67.570761,-68.069729,04/01/2023 17:03,04/01/2023 14:03
KB_23_44224_40,Male,Killingbeck,2023,04/01/2023,17:05:13,-67.570805,-68.069613,04/01/2023 17:05,04/01/2023 14:05
KB_23_44224_40,Male,Killingbeck,2023,04/01/2023,17:07:11,-67.570705,-68.069758,04/01/2023 17:07,04/01/2023 14:07
KB_23_44224_40,Male,Killingbeck,2023,04/01/2023,17:09:18,-67.564755,-68.067624,04/01/2023 17:09,04/01/2023 14:09
KB_23_44224_40,Male,Killingbeck,2023,04/01/2023,17:11:36,-67.564872,-68.06703,04/01/2023 17:11,04/01/2023 14:11
KB_23_44224_40,Male,Killingbeck,2023,04/01/2023,17:13:34,-67.565152,-68.067307,04/01/2023 17:13,04/01/2023 14:13
KB_23_44224_40,Male,Killingbeck,2023,04/01/2023,17:15:32,-67.570777,-68.069694,04/01/2023 17:15,04/01/2023 14:15
KB_23_44224_40,Male,Killingbeck,2023,04/01/2023,17:17:57,-67.570676,-68.069837,04/01/2023 17:17,04/01/2023 14:17
KB_23_44224_40,Male,Killingbeck,2023,04/01/2023,17:19:59,-67.57073,-68.069554,04/01/2023 17:19,04/01/2023 14:19
KB_23_44224_40,Male,Killingbeck,2023,04/01/2023,17:22:04,-67.570705,-68.069534,04/01/2023 17:22,04/01/2023 14:22
KB_23_44224_40,Male,Killingbeck,2023,04/01/2023,17:23:55,-67.562758,-68.068945,04/01/2023 17:23,04/01/2023 14:23
KB_23_44224_40,Male,Killingbeck,2023,04/01/2023,17:25:56,-67.548063,-68.063739,04/01/2023 17:25,04/01/2023 14:25
KB_23_44224_40,Male,Killingbeck,2023,04/01/2023,17:27:55,-67.536025,-68.044535,04/01/2023 17:27,04/01/2023 14:27
KB_23_44224_40,Male,Killingbeck,2023,04/01/2023,17:29:55,-67.535583,-68.043566,04/01/2023 17:29,04/01/2023 14:29
KB_23_44224_40,Male,Killingbeck,2023,04/01/2023,17:34:13,0,0,04/01/2023 17:34,04/01/2023 14:34
KB_23_44224_40,Male,Killingbeck,2023,04/01/2023,17:35:55,-67.538526,-68.045195,04/01/2023 17:35,04/01/2023 14:35
KB_23_44224_40,Male,Killingbeck,2023,04/01/2023,17:39:10,-67.527033,-68.036639,04/01/2023 17:39,04/01/2023 14:39
KB_23_44224_40,Male,Killingbeck,2023,04/01/2023,17:41:10,-67.512523,-68.026672,04/01/2023 17:41,04/01/2023 14:41
KB_23_44224_40,Male,Killingbeck,2023,04/01/2023,17:43:10,-67.498896,-68.009872,04/01/2023 17:43,04/01/2023 14:43
KB_23_44224_40,Male,Killingbeck,2023,04/01/2023,17:45:10,-67.484948,-67.992336,04/01/2023 17:45,04/01/2023 14:45
KB_23_44224_40,Male,Killingbeck,2023,04/01/2023,17:47:10,-67.471699,-67.972742,04/01/2023 17:47,04/01/2023 14:47
KB_23_44224_40,Male,Killingbeck,2023,04/01/2023,17:49:10,-67.461584,-67.946617,04/01/2023 17:49,04/01/2023 14:49
KB_23_44224_40,Male,Killingbeck,2023,04/01/2023,17:51:10,-67.452488,-67.913583,04/01/2023 17:51,04/01/2023 14:51
KB_23_44224_40,Male,Killingbeck,2023,04/01/2023,17:53:10,-67.44109,-67.885793,04/01/2023 17:53,04/01/2023 14:53
KB_23_44224_40,Male,Killingbeck,2023,04/01/2023,17:55:10,-67.428113,-67.85253,04/01/2023 17:55,04/01/2023 14:55
KB_23_44224_40,Male,Killingbeck,2023,04/01/2023,17:57:10,-67.415168,-67.823235,04/01/2023 17:57,04/01/2023 14:57
KB_23_44224_40,Male,Killingbeck,2023,04/01/2023,17:59:10,-67.402368,-67.795421,04/01/2023 17:59,04/01/2023 14:59
KB_23_44224_40,Male,Killingbeck,2023,04/01/2023,18:01:10,-67.389409,-67.768104,04/01/2023 18:01,04/01/2023 15:01
KB_23_44224_40,Male,Killingbeck,2023,04/01/2023,18:03:10,-67.377638,-67.735246,04/01/2023 18:03,04/01/2023 15:03
KB_23_44224_40,Male,Killingbeck,2023,04/01/2023,18:05:10,-67.373436,-67.718919,04/01/2023 18:05,04/01/2023 15:05
KB_23_44224_40,Male,Killingbeck,2023,04/01/2023,18:09:00,-67.373636,-67.719279,04/01/2023 18:09,04/01/2023 15:09
KB_23_44224_40,Male,Killingbeck,2023,04/01/2023,18:11:00,-67.373635,-67.7192,04/01/2023 18:11,04/01/2023 15:11
KB_23_44224_40,Male,Killingbeck,2023,04/01/2023,18:12:59,-67.375299,-67.725178,04/01/2023 18:12,04/01/2023 15:12
KB_23_44224_40,Male,Killingbeck,2023,04/01/2023,18:14:59,-67.363971,-67.7477,04/01/2023 18:14,04/01/2023 15:14
KB_23_44224_40,Male,Killingbeck,2023,04/01/2023,18:16:59,-67.349706,-67.747887,04/01/2023 18:16,04/01/2023 15:16
KB_23_44224_40,Male,Killingbeck,2023,04/01/2023,18:18:59,-67.347464,-67.746226,04/01/2023 18:18,04/01/2023 15:18
KB_23_44224_40,Male,Killingbeck,2023,04/01/2023,18:21:01,-67.34753,-67.746822,04/01/2023 18:21,04/01/2023 15:21
KB_23_44224_40,Male,Killingbeck,2023,04/01/2023,18:23:01,-67.34781,-67.746968,04/01/2023 18:23,04/01/2023 15:23
KB_23_44224_40,Male,Killingbeck,2023,04/01/2023,18:24:59,-67.34809,-67.747842,04/01/2023 18:24,04/01/2023 15:24
KB_23_44224_40,Male,Killingbeck,2023,04/01/2023,18:26:59,-67.34822,-67.747984,04/01/2023 18:26,04/01/2023 15:26
KB_23_44224_40,Male,Killingbeck,2023,04/01/2023,18:28:59,-67.348071,-67.748797,04/01/2023 18:28,04/01/2023 15:28
KB_23_44224_40,Male,Killingbeck,2023,04/01/2023,18:30:59,-67.348,-67.748571,04/01/2023 18:30,04/01/2023 15:30
KB_23_44224_40,Male,Killingbeck,2023,04/01/2023,18:34:57,-67.348229,-67.749165,04/01/2023 18:34,04/01/2023 15:34
KB_23_44224_40,Male,Killingbeck,2023,04/01/2023,18:36:57,-67.34797,-67.748839,04/01/2023 18:36,04/01/2023 15:36
KB_23_44224_40,Male,Killingbeck,2023,04/01/2023,18:38:57,-67.345732,-67.743154,04/01/2023 18:38,04/01/2023 15:38
KB_23_44224_40,Male,Killingbeck,2023,04/01/2023,18:40:57,-67.331155,-67.729607,04/01/2023 18:40,04/01/2023 15:40
KB_23_44224_40,Male,Killingbeck,2023,04/01/2023,18:43:00,-67.326657,-67.722321,04/01/2023 18:43,04/01/2023 15:43
KB_23_44224_40,Male,Killingbeck,2023,04/01/2023,18:45:03,-67.326608,-67.722425,04/01/2023 18:45,04/01/2023 15:45
KB_23_44224_40,Male,Killingbeck,2023,04/01/2023,18:47:03,-67.326659,-67.722743,04/01/2023 18:47,04/01/2023 15:47
KB_23_44224_40,Male,Killingbeck,2023,04/01/2023,18:49:03,-67.326542,-67.72287,04/01/2023 18:49,04/01/2023 15:49
KB_23_44224_40,Male,Killingbeck,2023,04/01/2023,18:51:03,-67.326672,-67.722296,04/01/2023 18:51,04/01/2023 15:51
KB_23_44224_40,Male,Killingbeck,2023,04/01/2023,18:53:07,-67.326667,-67.722277,04/01/2023 18:53,04/01/2023 15:53
KB_23_44224_40,Male,Killingbeck,2023,04/01/2023,18:55:07,-67.326682,-67.722256,04/01/2023 18:55,04/01/2023 15:55
KB_23_44224_40,Male,Killingbeck,2023,04/01/2023,18:57:05,-67.32658,-67.722626,04/01/2023 18:57,04/01/2023 15:57
KB_23_44224_40,Male,Killingbeck,2023,04/01/2023,18:59:05,-67.326664,-67.722151,04/01/2023 18:59,04/01/2023 15:59
KB_23_44224_40,Male,Killingbeck,2023,04/01/2023,19:01:07,-67.32666,-67.722344,04/01/2023 19:01,04/01/2023 16:01
KB_23_44224_40,Male,Killingbeck,2023,04/01/2023,19:03:03,-67.326723,-67.722321,04/01/2023 19:03,04/01/2023 16:03
KB_23_44224_40,Male,Killingbeck,2023,04/01/2023,19:05:05,-67.326607,-67.722684,04/01/2023 19:05,04/01/2023 16:05
KB_23_44224_40,Male,Killingbeck,2023,04/01/2023,19:07:03,-67.326668,-67.72242,04/01/2023 19:07,04/01/2023 16:07
KB_23_44224_40,Male,Killingbeck,2023,04/01/2023,19:09:03,-67.326665,-67.722612,04/01/2023 19:09,04/01/2023 16:09
KB_23_44224_40,Male,Killingbeck,2023,04/01/2023,19:11:03,-67.326619,-67.722565,04/01/2023 19:11,04/01/2023 16:11
KB_23_44224_40,Male,Killingbeck,2023,04/01/2023,19:13:04,-67.326603,-67.722624,04/01/2023 19:13,04/01/2023 16:13
KB_23_44224_40,Male,Killingbeck,2023,04/01/2023,19:15:08,-67.326688,-67.7224,04/01/2023 19:15,04/01/2023 16:15
KB_23_44224_40,Male,Killingbeck,2023,04/01/2023,19:17:04,-67.326608,-67.722554,04/01/2023 19:17,04/01/2023 16:17
KB_23_44224_40,Male,Killingbeck,2023,04/01/2023,19:19:06,-67.326656,-67.722607,04/01/2023 19:19,04/01/2023 16:19
KB_23_44224_40,Male,Killingbeck,2023,04/01/2023,19:21:06,-67.32665,-67.722668,04/01/2023 19:21,04/01/2023 16:21
KB_23_44224_40,Male,Killingbeck,2023,04/01/2023,19:23:04,-67.326611,-67.722603,04/01/2023 19:23,04/01/2023 16:23
KB_23_44224_40,Male,Killingbeck,2023,04/01/2023,19:25:04,-67.326614,-67.722546,04/01/2023 19:25,04/01/2023 16:25
KB_23_44224_40,Male,Killingbeck,2023,04/01/2023,19:27:04,-67.326613,-67.722294,04/01/2023 19:27,04/01/2023 16:27
KB_23_44224_40,Male,Killingbeck,2023,04/01/2023,19:29:04,-67.328303,-67.728408,04/01/2023 19:29,04/01/2023 16:29
KB_23_44224_40,Male,Killingbeck,2023,04/01/2023,19:33:03,-67.32808,-67.72977,04/01/2023 19:33,04/01/2023 16:33
KB_23_44224_40,Male,Killingbeck,2023,04/01/2023,19:35:03,-67.328427,-67.730636,04/01/2023 19:35,04/01/2023 16:35
KB_23_44224_40,Male,Killingbeck,2023,04/01/2023,19:37:03,-67.329187,-67.731389,04/01/2023 19:37,04/01/2023 16:37
KB_23_44224_40,Male,Killingbeck,2023,04/01/2023,19:39:01,-67.329629,-67.73184,04/01/2023 19:39,04/01/2023 16:39
KB_23_44224_40,Male,Killingbeck,2023,04/01/2023,19:41:01,-67.330086,-67.731717,04/01/2023 19:41,04/01/2023 16:41
KB_23_44224_40,Male,Killingbeck,2023,04/01/2023,19:44:19,-67.330171,-67.732484,04/01/2023 19:44,04/01/2023 16:44
KB_23_44224_40,Male,Killingbeck,2023,04/01/2023,19:46:20,-67.330498,-67.732712,04/01/2023 19:46,04/01/2023 16:46
KB_23_44224_40,Male,Killingbeck,2023,04/01/2023,19:48:22,-67.330743,-67.733065,04/01/2023 19:48,04/01/2023 16:48
KB_23_44224_40,Male,Killingbeck,2023,04/01/2023,19:50:22,-67.331028,-67.733575,04/01/2023 19:50,04/01/2023 16:50
KB_23_44224_40,Male,Killingbeck,2023,04/01/2023,19:52:20,-67.331275,-67.733923,04/01/2023 19:52,04/01/2023 16:52
KB_23_44224_40,Male,Killingbeck,2023,04/01/2023,19:54:20,-67.331572,-67.734527,04/01/2023 19:54,04/01/2023 16:54
KB_23_44224_40,Male,Killingbeck,2023,04/01/2023,19:56:20,-67.332005,-67.735171,04/01/2023 19:56,04/01/2023 16:56
KB_23_44224_40,Male,Killingbeck,2023,04/01/2023,19:58:20,-67.332413,-67.735563,04/01/2023 19:58,04/01/2023 16:58
KB_23_44224_40,Male,Killingbeck,2023,04/01/2023,20:00:22,-67.33309,-67.736535,04/01/2023 20:00,04/01/2023 17:00
KB_23_44224_40,Male,Killingbeck,2023,04/01/2023,20:02:20,-67.333495,-67.737817,04/01/2023 20:02,04/01/2023 17:02
KB_23_44224_40,Male,Killingbeck,2023,04/01/2023,20:04:20,-67.333728,-67.738561,04/01/2023 20:04,04/01/2023 17:04
KB_23_44224_40,Male,Killingbeck,2023,04/01/2023,20:08:38,0,0,04/01/2023 20:08,04/01/2023 17:08
KB_23_44224_40,Male,Killingbeck,2023,04/01/2023,20:10:20,-67.333822,-67.738287,04/01/2023 20:10,04/01/2023 17:10
KB_23_44224_40,Male,Killingbeck,2023,04/01/2023,20:12:20,-67.33415,-67.738522,04/01/2023 20:12,04/01/2023 17:12
KB_23_44224_40,Male,Killingbeck,2023,04/01/2023,20:14:21,-67.332803,-67.737509,04/01/2023 20:14,04/01/2023 17:14
KB_23_44224_40,Male,Killingbeck,2023,04/01/2023,20:18:39,0,0,04/01/2023 20:18,04/01/2023 17:18
KB_23_44224_40,Male,Killingbeck,2023,04/01/2023,20:20:33,-67.332946,-67.734847,04/01/2023 20:20,04/01/2023 17:20
KB_23_44224_40,Male,Killingbeck,2023,04/01/2023,20:22:24,-67.333333,-67.736259,04/01/2023 20:22,04/01/2023 17:22
KB_23_44224_40,Male,Killingbeck,2023,04/01/2023,20:24:23,-67.333607,-67.736233,04/01/2023 20:24,04/01/2023 17:24
KB_23_44224_40,Male,Killingbeck,2023,04/01/2023,20:26:23,-67.333776,-67.735841,04/01/2023 20:26,04/01/2023 17:26
KB_23_44224_40,Male,Killingbeck,2023,04/01/2023,20:28:23,-67.334133,-67.734901,04/01/2023 20:28,04/01/2023 17:28
KB_23_44224_40,Male,Killingbeck,2023,04/01/2023,20:30:23,-67.334031,-67.734471,04/01/2023 20:30,04/01/2023 17:30
KB_23_44224_40,Male,Killingbeck,2023,04/01/2023,20:32:23,-67.333769,-67.73429,04/01/2023 20:32,04/01/2023 17:32
KB_23_44224_40,Male,Killingbeck,2023,04/01/2023,20:34:23,-67.333992,-67.734624,04/01/2023 20:34,04/01/2023 17:34
KB_23_44224_40,Male,Killingbeck,2023,04/01/2023,20:38:41,0,0,04/01/2023 20:38,04/01/2023 17:38
KB_23_44224_40,Male,Killingbeck,2023,04/01/2023,20:40:23,-67.334544,-67.735578,04/01/2023 20:40,04/01/2023 17:40
KB_23_44224_40,Male,Killingbeck,2023,04/01/2023,20:42:25,-67.334954,-67.736085,04/01/2023 20:42,04/01/2023 17:42
KB_23_44224_40,Male,Killingbeck,2023,04/01/2023,20:44:25,-67.335393,-67.736006,04/01/2023 20:44,04/01/2023 17:44
KB_23_44224_40,Male,Killingbeck,2023,04/01/2023,20:46:25,-67.335443,-67.73621,04/01/2023 20:46,04/01/2023 17:46
KB_23_44224_40,Male,Killingbeck,2023,04/01/2023,20:48:25,-67.335603,-67.7365,04/01/2023 20:48,04/01/2023 17:48
KB_23_44224_40,Male,Killingbeck,2023,04/01/2023,20:50:25,-67.335934,-67.736685,04/01/2023 20:50,04/01/2023 17:50
KB_23_44224_40,Male,Killingbeck,2023,04/01/2023,20:52:26,-67.335837,-67.737345,04/01/2023 20:52,04/01/2023 17:52
KB_23_44224_40,Male,Killingbeck,2023,04/01/2023,20:56:44,0,0,04/01/2023 20:56,04/01/2023 17:56
KB_23_44224_40,Male,Killingbeck,2023,04/01/2023,20:58:26,-67.336011,-67.736978,04/01/2023 20:58,04/01/2023 17:58
KB_23_44224_40,Male,Killingbeck,2023,04/01/2023,21:00:26,-67.336191,-67.736237,04/01/2023 21:00,04/01/2023 18:00
KB_23_44224_40,Male,Killingbeck,2023,04/01/2023,21:02:31,-67.335981,-67.73536,04/01/2023 21:02,04/01/2023 18:02
KB_23_44224_40,Male,Killingbeck,2023,04/01/2023,21:04:29,-67.335754,-67.734825,04/01/2023 21:04,04/01/2023 18:04
KB_23_44224_40,Male,Killingbeck,2023,04/01/2023,21:06:29,-67.335803,-67.734558,04/01/2023 21:06,04/01/2023 18:06
KB_23_44224_40,Male,Killingbeck,2023,04/01/2023,21:08:29,-67.335781,-67.734558,04/01/2023 21:08,04/01/2023 18:08
KB_23_44224_40,Male,Killingbeck,2023,04/01/2023,21:10:29,-67.335854,-67.73493,04/01/2023 21:10,04/01/2023 18:10
KB_23_44224_40,Male,Killingbeck,2023,04/01/2023,21:12:29,-67.335798,-67.735638,04/01/2023 21:12,04/01/2023 18:12
KB_23_44224_40,Male,Killingbeck,2023,04/01/2023,21:14:29,-67.335989,-67.735675,04/01/2023 21:14,04/01/2023 18:14
KB_23_44224_40,Male,Killingbeck,2023,04/01/2023,21:16:29,-67.336114,-67.735175,04/01/2023 21:16,04/01/2023 18:16
KB_23_44224_40,Male,Killingbeck,2023,04/01/2023,21:20:07,-67.336181,-67.733098,04/01/2023 21:20,04/01/2023 18:20
KB_23_44224_40,Male,Killingbeck,2023,04/01/2023,21:22:05,-67.33814,-67.735256,04/01/2023 21:22,04/01/2023 18:22
KB_23_44224_40,Male,Killingbeck,2023,04/01/2023,21:24:05,-67.347021,-67.744897,04/01/2023 21:24,04/01/2023 18:24
KB_23_44224_40,Male,Killingbeck,2023,04/01/2023,21:28:26,0,0,04/01/2023 21:28,04/01/2023 18:28
KB_23_44224_40,Male,Killingbeck,2023,04/01/2023,21:30:08,-67.346701,-67.747057,04/01/2023 21:30,04/01/2023 18:30
KB_23_44224_40,Male,Killingbeck,2023,04/01/2023,21:32:08,-67.347196,-67.747122,04/01/2023 21:32,04/01/2023 18:32
KB_23_44224_40,Male,Killingbeck,2023,04/01/2023,21:34:08,-67.347644,-67.747094,04/01/2023 21:34,04/01/2023 18:34
KB_23_44224_40,Male,Killingbeck,2023,04/01/2023,21:36:08,-67.361219,-67.755789,04/01/2023 21:36,04/01/2023 18:36
KB_23_44224_40,Male,Killingbeck,2023,04/01/2023,21:38:08,-67.381874,-67.787452,04/01/2023 21:38,04/01/2023 18:38
KB_23_44224_40,Male,Killingbeck,2023,04/01/2023,21:40:08,-67.400759,-67.824382,04/01/2023 21:40,04/01/2023 18:40
KB_23_44224_40,Male,Killingbeck,2023,04/01/2023,21:42:08,-67.418916,-67.859517,04/01/2023 21:42,04/01/2023 18:42
KB_23_44224_40,Male,Killingbeck,2023,04/01/2023,21:44:08,-67.436557,-67.893268,04/01/2023 21:44,04/01/2023 18:44
KB_23_44224_40,Male,Killingbeck,2023,04/01/2023,21:46:08,-67.456307,-67.922192,04/01/2023 21:46,04/01/2023 18:46
KB_23_44224_40,Male,Killingbeck,2023,04/01/2023,21:48:08,-67.47442,-67.962161,04/01/2023 21:48,04/01/2023 18:48
KB_23_44224_40,Male,Killingbeck,2023,04/01/2023,21:50:08,-67.48477,-67.977525,04/01/2023 21:50,04/01/2023 18:50
KB_23_44224_40,Male,Killingbeck,2023,04/01/2023,21:52:09,-67.486498,-67.989846,04/01/2023 21:52,04/01/2023 18:52
KB_23_44224_40,Male,Killingbeck,2023,04/01/2023,21:54:10,-67.5093,-68.017974,04/01/2023 21:54,04/01/2023 18:54
KB_23_44224_40,Male,Killingbeck,2023,04/01/2023,21:56:08,-67.533464,-68.03769,04/01/2023 21:56,04/01/2023 18:56
KB_23_44224_40,Male,Killingbeck,2023,04/01/2023,21:58:09,-67.558275,-68.061073,04/01/2023 21:58,04/01/2023 18:58
KB_23_44224_40,Male,Killingbeck,2023,04/01/2023,22:00:13,-67.570354,-68.067931,04/01/2023 22:00,04/01/2023 19:00
KB_23_44224_40,Male,Killingbeck,2023,04/01/2023,22:02:11,-67.570459,-68.068423,04/01/2023 22:02,04/01/2023 19:02
KB_23_44224_40,Male,Killingbeck,2023,04/01/2023,22:04:10,-67.570724,-68.069578,04/01/2023 22:04,04/01/2023 19:04
KB_23_44224_40,Male,Killingbeck,2023,04/01/2023,22:06:28,-67.570556,-68.069224,04/01/2023 22:06,04/01/2023 19:06
KB_23_44224_40,Male,Killingbeck,2023,04/01/2023,22:08:30,-67.570722,-68.069247,04/01/2023 22:08,04/01/2023 19:08
KB_23_44224_40,Male,Killingbeck,2023,04/01/2023,22:10:30,-67.570859,-68.069056,04/01/2023 22:10,04/01/2023 19:10
KB_23_44224_40,Male,Killingbeck,2023,04/01/2023,22:12:31,-67.570643,-68.069015,04/01/2023 22:12,04/01/2023 19:12
KB_23_44224_40,Male,Killingbeck,2023,04/01/2023,22:14:26,-67.569965,-68.067378,04/01/2023 22:14,04/01/2023 19:14
KB_23_44224_40,Male,Killingbeck,2023,04/01/2023,22:16:26,-67.555984,-68.055312,04/01/2023 22:16,04/01/2023 19:16
KB_23_44224_40,Male,Killingbeck,2023,04/01/2023,22:18:26,-67.541978,-68.046742,04/01/2023 22:18,04/01/2023 19:18
KB_23_44224_40,Male,Killingbeck,2023,04/01/2023,22:22:44,0,0,04/01/2023 22:22,04/01/2023 19:22
KB_23_44224_40,Male,Killingbeck,2023,04/01/2023,22:24:30,-67.538312,-68.04808,04/01/2023 22:24,04/01/2023 19:24
KB_23_44224_40,Male,Killingbeck,2023,04/01/2023,22:26:30,-67.533601,-68.038697,04/01/2023 22:26,04/01/2023 19:26
KB_23_44224_40,Male,Killingbeck,2023,04/01/2023,22:28:30,-67.520395,-68.030463,04/01/2023 22:28,04/01/2023 19:28
KB_23_44224_40,Male,Killingbeck,2023,04/01/2023,22:30:34,-67.513371,-68.027495,04/01/2023 22:30,04/01/2023 19:30
KB_23_44224_40,Male,Killingbeck,2023,04/01/2023,22:34:52,0,0,04/01/2023 22:34,04/01/2023 19:34
KB_23_44224_40,Male,Killingbeck,2023,04/01/2023,22:36:34,-67.513754,-68.028168,04/01/2023 22:36,04/01/2023 19:36
KB_23_44224_40,Male,Killingbeck,2023,04/01/2023,22:38:34,-67.513876,-68.02818,04/01/2023 22:38,04/01/2023 19:38
KB_23_44224_40,Male,Killingbeck,2023,04/01/2023,22:40:34,-67.513953,-68.027949,04/01/2023 22:40,04/01/2023 19:40
KB_23_44224_40,Male,Killingbeck,2023,04/01/2023,22:42:34,-67.51413,-68.028183,04/01/2023 22:42,04/01/2023 19:42
KB_23_44224_40,Male,Killingbeck,2023,04/01/2023,22:46:52,0,0,04/01/2023 22:46,04/01/2023 19:46
KB_23_44224_40,Male,Killingbeck,2023,04/01/2023,22:48:36,-67.514815,-68.027746,04/01/2023 22:48,04/01/2023 19:48
KB_23_44224_40,Male,Killingbeck,2023,04/01/2023,22:50:34,-67.515087,-68.027778,04/01/2023 22:50,04/01/2023 19:50
KB_23_44224_40,Male,Killingbeck,2023,04/01/2023,22:52:34,-67.515162,-68.028052,04/01/2023 22:52,04/01/2023 19:52
KB_23_44224_40,Male,Killingbeck,2023,04/01/2023,22:54:34,-67.515289,-68.028069,04/01/2023 22:54,04/01/2023 19:54
KB_23_44224_40,Male,Killingbeck,2023,04/01/2023,22:56:34,-67.515408,-68.027822,04/01/2023 22:56,04/01/2023 19:56
KB_23_44224_40,Male,Killingbeck,2023,04/01/2023,23:00:52,0,0,04/01/2023 23:00,04/01/2023 20:00
KB_23_44224_40,Male,Killingbeck,2023,04/01/2023,23:02:43,-67.515883,-68.026796,04/01/2023 23:02,04/01/2023 20:02
KB_23_44224_40,Male,Killingbeck,2023,04/01/2023,23:04:44,-67.516085,-68.026975,04/01/2023 23:04,04/01/2023 20:04
KB_23_44224_40,Male,Killingbeck,2023,04/01/2023,23:06:44,-67.516231,-68.026978,04/01/2023 23:06,04/01/2023 20:06
KB_23_44224_40,Male,Killingbeck,2023,04/01/2023,23:08:44,-67.516396,-68.026801,04/01/2023 23:08,04/01/2023 20:08
KB_23_44224_40,Male,Killingbeck,2023,04/01/2023,23:10:44,-67.516468,-68.026672,04/01/2023 23:10,04/01/2023 20:10
KB_23_44224_40,Male,Killingbeck,2023,04/01/2023,23:12:44,-67.51655,-68.026509,04/01/2023 23:12,04/01/2023 20:12
KB_23_44224_40,Male,Killingbeck,2023,04/01/2023,23:17:02,0,0,04/01/2023 23:17,04/01/2023 20:17
KB_23_44224_40,Male,Killingbeck,2023,04/01/2023,23:18:51,-67.515974,-68.02668,04/01/2023 23:18,04/01/2023 20:18
KB_23_44224_40,Male,Killingbeck,2023,04/01/2023,23:20:51,-67.516315,-68.027204,04/01/2023 23:20,04/01/2023 20:20
KB_23_44224_40,Male,Killingbeck,2023,04/01/2023,23:22:51,-67.516652,-68.02733,04/01/2023 23:22,04/01/2023 20:22
KB_23_44224_40,Male,Killingbeck,2023,04/01/2023,23:24:52,-67.516618,-68.027268,04/01/2023 23:24,04/01/2023 20:24
KB_23_44224_40,Male,Killingbeck,2023,04/01/2023,23:26:51,-67.516758,-68.026601,04/01/2023 23:26,04/01/2023 20:26
KB_23_44224_40,Male,Killingbeck,2023,04/01/2023,23:28:56,-67.516597,-68.02461,04/01/2023 23:28,04/01/2023 20:28
KB_23_44224_40,Male,Killingbeck,2023,04/01/2023,23:30:52,-67.516262,-68.024008,04/01/2023 23:30,04/01/2023 20:30
KB_23_44224_40,Male,Killingbeck,2023,04/01/2023,23:32:52,-67.51576,-68.023712,04/01/2023 23:32,04/01/2023 20:32
KB_23_44224_40,Male,Killingbeck,2023,04/01/2023,23:34:53,-67.515652,-68.023868,04/01/2023 23:34,04/01/2023 20:34
KB_23_44224_40,Male,Killingbeck,2023,04/01/2023,23:39:10,0,0,04/01/2023 23:39,04/01/2023 20:39
KB_23_44224_40,Male,Killingbeck,2023,04/01/2023,23:40:56,-67.515721,-68.023479,04/01/2023 23:40,04/01/2023 20:40
KB_23_44224_40,Male,Killingbeck,2023,04/01/2023,23:42:56,-67.515748,-68.023546,04/01/2023 23:42,04/01/2023 20:42
KB_23_44224_40,Male,Killingbeck,2023,04/01/2023,23:44:56,-67.515988,-68.022584,04/01/2023 23:44,04/01/2023 20:44
KB_23_44224_40,Male,Killingbeck,2023,04/01/2023,23:46:56,-67.515966,-68.02151,04/01/2023 23:46,04/01/2023 20:46
KB_23_44224_40,Male,Killingbeck,2023,04/01/2023,23:48:56,-67.51631,-68.021173,04/01/2023 23:48,04/01/2023 20:48
KB_23_44224_40,Male,Killingbeck,2023,04/01/2023,23:50:57,-67.515994,-68.021064,04/01/2023 23:50,04/01/2023 20:50
KB_23_44224_40,Male,Killingbeck,2023,04/01/2023,23:55:14,0,0,04/01/2023 23:55,04/01/2023 20:55
KB_23_44224_40,Male,Killingbeck,2023,04/01/2023,23:56:56,-67.515595,-68.021973,04/01/2023 23:56,04/01/2023 20:56
KB_23_44224_40,Male,Killingbeck,2023,04/01/2023,23:58:56,-67.515872,-68.022031,04/01/2023 23:58,04/01/2023 20:58
KB_23_44224_40,Male,Killingbeck,2023,05/01/2023,00:00:56,-67.516052,-68.02197,05/01/2023 00:00,04/01/2023 21:00
KB_23_44224_40,Male,Killingbeck,2023,05/01/2023,00:02:56,-67.516333,-68.021987,05/01/2023 00:02,04/01/2023 21:02
KB_23_44224_40,Male,Killingbeck,2023,05/01/2023,00:04:56,-67.51616,-68.022327,05/01/2023 00:04,04/01/2023 21:04
KB_23_44224_40,Male,Killingbeck,2023,05/01/2023,00:06:56,-67.516094,-68.020871,05/01/2023 00:06,04/01/2023 21:06
KB_23_44224_40,Male,Killingbeck,2023,05/01/2023,00:08:56,-67.51625,-68.019791,05/01/2023 00:08,04/01/2023 21:08
KB_23_44224_40,Male,Killingbeck,2023,05/01/2023,00:10:56,-67.516161,-68.019429,05/01/2023 00:10,04/01/2023 21:10
KB_23_44224_40,Male,Killingbeck,2023,05/01/2023,00:14:12,-67.516092,-68.020215,05/01/2023 00:14,04/01/2023 21:14
KB_23_44224_40,Male,Killingbeck,2023,05/01/2023,00:16:04,-67.516179,-68.019996,05/01/2023 00:16,04/01/2023 21:16
KB_23_44224_40,Male,Killingbeck,2023,05/01/2023,00:18:04,-67.516334,-68.01977,05/01/2023 00:18,04/01/2023 21:18
KB_23_44224_40,Male,Killingbeck,2023,05/01/2023,00:20:04,-67.515511,-68.022431,05/01/2023 00:20,04/01/2023 21:20
KB_23_44224_40,Male,Killingbeck,2023,05/01/2023,00:22:04,-67.51454,-68.028385,05/01/2023 00:22,04/01/2023 21:22
KB_23_44224_40,Male,Killingbeck,2023,05/01/2023,00:25:46,-67.514635,-68.02662,05/01/2023 00:25,04/01/2023 21:25
KB_23_44224_40,Male,Killingbeck,2023,05/01/2023,00:27:42,-67.515067,-68.026464,05/01/2023 00:27,04/01/2023 21:27
KB_23_44224_40,Male,Killingbeck,2023,05/01/2023,00:29:42,-67.515566,-68.026071,05/01/2023 00:29,04/01/2023 21:29
KB_23_44224_40,Male,Killingbeck,2023,05/01/2023,00:31:43,-67.515949,-68.026016,05/01/2023 00:31,04/01/2023 21:31
KB_23_44224_40,Male,Killingbeck,2023,05/01/2023,00:33:43,-67.516377,-68.02612,05/01/2023 00:33,04/01/2023 21:33
KB_23_44224_40,Male,Killingbeck,2023,05/01/2023,00:35:43,-67.516547,-68.026176,05/01/2023 00:35,04/01/2023 21:35
KB_23_44224_40,Male,Killingbeck,2023,05/01/2023,00:40:01,0,0,05/01/2023 00:40,04/01/2023 21:40
KB_23_44224_40,Male,Killingbeck,2023,05/01/2023,00:41:44,-67.515995,-68.025116,05/01/2023 00:41,04/01/2023 21:41
KB_23_44224_40,Male,Killingbeck,2023,05/01/2023,00:43:52,-67.516512,-68.02464,05/01/2023 00:43,04/01/2023 21:43
KB_23_44224_40,Male,Killingbeck,2023,05/01/2023,00:45:52,-67.517021,-68.024621,05/01/2023 00:45,04/01/2023 21:45
KB_23_44224_40,Male,Killingbeck,2023,05/01/2023,00:47:53,-67.517506,-68.024319,05/01/2023 00:47,04/01/2023 21:47
KB_23_44224_40,Male,Killingbeck,2023,05/01/2023,00:49:53,-67.517988,-68.024191,05/01/2023 00:49,04/01/2023 21:49
KB_23_44224_40,Male,Killingbeck,2023,05/01/2023,00:51:57,-67.518397,-68.024074,05/01/2023 00:51,04/01/2023 21:51
KB_23_44224_40,Male,Killingbeck,2023,05/01/2023,00:53:58,-67.518651,-68.0244,05/01/2023 00:53,04/01/2023 21:53
KB_23_44224_40,Male,Killingbeck,2023,05/01/2023,00:55:58,-67.534259,-68.042789,05/01/2023 00:55,04/01/2023 21:55
KB_23_44224_40,Male,Killingbeck,2023,05/01/2023,00:57:58,-67.556682,-68.055116,05/01/2023 00:57,04/01/2023 21:57
KB_23_44224_40,Male,Killingbeck,2023,05/01/2023,01:00:02,-67.570746,-68.069305,05/01/2023 01:00,04/01/2023 22:00
KB_23_44224_40,Male,Killingbeck,2023,05/01/2023,01:01:58,-67.570684,-68.069341,05/01/2023 01:01,04/01/2023 22:01
KB_23_44224_40,Male,Killingbeck,2023,05/01/2023,01:04:00,-67.570719,-68.06924,05/01/2023 01:04,04/01/2023 22:04
KB_23_44224_40,Male,Killingbeck,2023,05/01/2023,01:06:00,-67.570737,-68.069228,05/01/2023 01:06,04/01/2023 22:06
KB_23_44224_40,Male,Killingbeck,2023,05/01/2023,01:07:59,-67.570765,-68.069286,05/01/2023 01:07,04/01/2023 22:07
KB_23_44224_40,Male,Killingbeck,2023,05/01/2023,01:10:00,-67.570765,-68.069152,05/01/2023 01:10,04/01/2023 22:10
KB_23_44224_40,Male,Killingbeck,2023,05/01/2023,01:12:00,-67.570711,-68.069387,05/01/2023 01:12,04/01/2023 22:12
KB_23_44224_40,Male,Killingbeck,2023,05/01/2023,01:14:00,-67.57073,-68.069489,05/01/2023 01:14,04/01/2023 22:14
KB_23_44224_40,Male,Killingbeck,2023,05/01/2023,01:16:02,-67.570796,-68.069496,05/01/2023 01:16,04/01/2023 22:16
KB_23_44224_40,Male,Killingbeck,2023,05/01/2023,01:17:51,-67.570727,-68.069256,05/01/2023 01:17,04/01/2023 22:17
KB_23_44224_40,Male,Killingbeck,2023,05/01/2023,01:19:47,-67.57077,-68.06921,05/01/2023 01:19,04/01/2023 22:19
KB_23_44224_40,Male,Killingbeck,2023,05/01/2023,01:21:47,-67.570798,-68.069038,05/01/2023 01:21,04/01/2023 22:21
KB_23_44224_40,Male,Killingbeck,2023,05/01/2023,01:23:45,-67.570764,-68.069343,05/01/2023 01:23,04/01/2023 22:23
KB_23_44224_40,Male,Killingbeck,2023,05/01/2023,01:25:47,-67.570864,-68.068747,05/01/2023 01:25,04/01/2023 22:25
KB_23_44224_40,Male,Killingbeck,2023,05/01/2023,01:27:43,-67.570624,-68.064887,05/01/2023 01:27,04/01/2023 22:27
KB_23_44224_40,Male,Killingbeck,2023,05/01/2023,01:29:43,-67.56702,-68.060064,05/01/2023 01:29,04/01/2023 22:29
KB_23_44224_40,Male,Killingbeck,2023,05/01/2023,01:32:59,-67.566835,-68.060761,05/01/2023 01:32,04/01/2023 22:32
KB_23_44224_40,Male,Killingbeck,2023,05/01/2023,01:34:55,-67.56677,-68.06009,05/01/2023 01:34,04/01/2023 22:34
KB_23_44224_40,Male,Killingbeck,2023,05/01/2023,01:36:55,-67.566707,-68.059228,05/01/2023 01:36,04/01/2023 22:36
KB_23_44224_40,Male,Killingbeck,2023,05/01/2023,01:40:12,-67.567018,-68.061291,05/01/2023 01:40,04/01/2023 22:40
KB_23_44224_40,Male,Killingbeck,2023,05/01/2023,01:42:11,-67.56718,-68.061274,05/01/2023 01:42,04/01/2023 22:42
KB_23_44224_40,Male,Killingbeck,2023,05/01/2023,01:44:11,-67.567317,-68.06108,05/01/2023 01:44,04/01/2023 22:44
KB_23_44224_40,Male,Killingbeck,2023,05/01/2023,01:46:11,-67.567563,-68.060837,05/01/2023 01:46,04/01/2023 22:46
KB_23_44224_40,Male,Killingbeck,2023,05/01/2023,01:49:49,-67.567292,-68.061732,05/01/2023 01:49,04/01/2023 22:49
KB_23_44224_40,Male,Killingbeck,2023,05/01/2023,01:52:06,-67.567743,-68.062365,05/01/2023 01:52,04/01/2023 22:52
KB_23_44224_40,Male,Killingbeck,2023,05/01/2023,01:54:06,-67.568043,-68.062183,05/01/2023 01:54,04/01/2023 22:54
KB_23_44224_40,Male,Killingbeck,2023,05/01/2023,01:56:06,-67.568078,-68.061819,05/01/2023 01:56,04/01/2023 22:56
KB_23_44224_40,Male,Killingbeck,2023,05/01/2023,02:00:08,-67.568161,-68.063432,05/01/2023 02:00,04/01/2023 23:00
KB_23_44224_40,Male,Killingbeck,2023,05/01/2023,02:02:07,-67.568294,-68.063792,05/01/2023 02:02,04/01/2023 23:02
KB_23_44224_40,Male,Killingbeck,2023,05/01/2023,02:04:18,-67.570739,-68.069377,05/01/2023 02:04,04/01/2023 23:04
KB_23_44224_40,Male,Killingbeck,2023,05/01/2023,02:06:16,-67.570792,-68.069248,05/01/2023 02:06,04/01/2023 23:06
KB_23_44224_40,Male,Killingbeck,2023,05/01/2023,02:08:19,-67.570781,-68.069264,05/01/2023 02:08,04/01/2023 23:08
KB_23_44224_40,Male,Killingbeck,2023,05/01/2023,02:10:21,-67.570771,-68.069402,05/01/2023 02:10,04/01/2023 23:10
KB_23_44224_40,Male,Killingbeck,2023,05/01/2023,02:12:25,-67.570742,-68.069703,05/01/2023 02:12,04/01/2023 23:12
KB_23_44224_40,Male,Killingbeck,2023,05/01/2023,02:14:19,-67.570785,-68.069406,05/01/2023 02:14,04/01/2023 23:14
KB_23_44224_40,Male,Killingbeck,2023,05/01/2023,02:16:18,-67.570741,-68.069647,05/01/2023 02:16,04/01/2023 23:16
KB_23_44224_40,Male,Killingbeck,2023,05/01/2023,02:18:21,-67.570793,-68.069316,05/01/2023 02:18,04/01/2023 23:18
KB_23_44224_40,Male,Killingbeck,2023,05/01/2023,02:20:18,-67.570735,-68.069778,05/01/2023 02:20,04/01/2023 23:20
KB_23_44224_40,Male,Killingbeck,2023,05/01/2023,02:22:19,-67.570783,-68.069304,05/01/2023 02:22,04/01/2023 23:22
KB_23_44224_40,Male,Killingbeck,2023,05/01/2023,02:24:19,-67.570633,-68.070726,05/01/2023 02:24,04/01/2023 23:24
KB_23_44224_40,Male,Killingbeck,2023,05/01/2023,02:26:17,-67.57073,-68.069814,05/01/2023 02:26,04/01/2023 23:26
