fid,bird_id,sex,colony,year,date_gmt,time_gmt,datetime,datetime_rothera,longitude,latitude
1,KB_22_42644_29,Male,Killingbeck,2022,06/01/2022,00:03:47,06/01/2022 00:03,05/01/2022 21:03,-67.868745,-67.477225
2,KB_22_42644_29,Male,Killingbeck,2022,06/01/2022,00:13:41,06/01/2022 00:13,05/01/2022 21:13,-67.637237,-67.439308
3,KB_22_42644_29,Male,Killingbeck,2022,06/01/2022,00:23:41,06/01/2022 00:23,05/01/2022 21:23,-67.615306,-67.420771
4,KB_22_42644_29,Male,Killingbeck,2022,06/01/2022,00:33:41,06/01/2022 00:33,05/01/2022 21:33,-67.615045,-67.420812
5,KB_22_42644_29,Male,Killingbeck,2022,06/01/2022,00:43:40,06/01/2022 00:43,05/01/2022 21:43,-67.615105,-67.420788
6,KB_22_42644_29,Male,Killingbeck,2022,06/01/2022,00:53:39,06/01/2022 00:53,05/01/2022 21:53,-67.608916,-67.416313
7,KB_22_42644_29,Male,Killingbeck,2022,06/01/2022,01:03:43,06/01/2022 01:03,05/01/2022 22:03,-67.60288,-67.416491
8,KB_22_42644_29,Male,Killingbeck,2022,06/01/2022,01:13:45,06/01/2022 01:13,05/01/2022 22:13,-67.614402,-67.420427
9,KB_22_42644_29,Male,Killingbeck,2022,06/01/2022,01:23:44,06/01/2022 01:23,05/01/2022 22:23,-67.614373,-67.420496
10,KB_22_42644_29,Male,Killingbeck,2022,06/01/2022,01:33:44,06/01/2022 01:33,05/01/2022 22:33,-67.614273,-67.420522
11,KB_22_42644_29,Male,Killingbeck,2022,06/01/2022,01:43:44,06/01/2022 01:43,05/01/2022 22:43,-67.614158,-67.420519
12,KB_22_42644_29,Male,Killingbeck,2022,06/01/2022,01:53:42,06/01/2022 01:53,05/01/2022 22:53,-67.6142,-67.420511
13,KB_22_42644_29,Male,Killingbeck,2022,06/01/2022,02:03:42,06/01/2022 02:03,05/01/2022 23:03,-67.620793,-67.423817
14,KB_22_42644_29,Male,Killingbeck,2022,06/01/2022,02:13:51,06/01/2022 02:13,05/01/2022 23:13,-67.61057,-67.418316
15,KB_22_42644_29,Male,Killingbeck,2022,06/01/2022,02:23:41,06/01/2022 02:23,05/01/2022 23:23,-67.613089,-67.419306
16,KB_22_42644_29,Male,Killingbeck,2022,06/01/2022,02:33:39,06/01/2022 02:33,05/01/2022 23:33,-67.613042,-67.4196
17,KB_22_42644_29,Male,Killingbeck,2022,06/01/2022,02:43:40,06/01/2022 02:43,05/01/2022 23:43,-67.614356,-67.420616
18,KB_22_42644_29,Male,Killingbeck,2022,06/01/2022,02:53:39,06/01/2022 02:53,05/01/2022 23:53,-67.61425,-67.420677
19,KB_22_42644_29,Male,Killingbeck,2022,06/01/2022,03:03:37,06/01/2022 03:03,06/01/2022 00:03,-67.614357,-67.420584
20,KB_22_42644_29,Male,Killingbeck,2022,06/01/2022,03:13:40,06/01/2022 03:13,06/01/2022 00:13,-67.614501,-67.420548
21,KB_22_42644_29,Male,Killingbeck,2022,06/01/2022,03:23:40,06/01/2022 03:23,06/01/2022 00:23,-67.614475,-67.42056
22,KB_22_42644_29,Male,Killingbeck,2022,06/01/2022,03:33:38,06/01/2022 03:33,06/01/2022 00:33,-67.614678,-67.420439
23,KB_22_42644_29,Male,Killingbeck,2022,06/01/2022,03:43:48,06/01/2022 03:43,06/01/2022 00:43,-67.616966,-67.421553
24,KB_22_42644_29,Male,Killingbeck,2022,06/01/2022,03:53:42,06/01/2022 03:53,06/01/2022 00:53,-67.620579,-67.422543
25,KB_22_42644_29,Male,Killingbeck,2022,06/01/2022,04:03:39,06/01/2022 04:03,06/01/2022 01:03,-67.614555,-67.420448
26,KB_22_42644_29,Male,Killingbeck,2022,06/01/2022,04:13:39,06/01/2022 04:13,06/01/2022 01:13,-67.614666,-67.420429
27,KB_22_42644_29,Male,Killingbeck,2022,06/01/2022,04:23:38,06/01/2022 04:23,06/01/2022 01:23,-67.614624,-67.420431
28,KB_22_42644_29,Male,Killingbeck,2022,06/01/2022,04:33:37,06/01/2022 04:33,06/01/2022 01:33,-67.614616,-67.420472
29,KB_22_42644_29,Male,Killingbeck,2022,06/01/2022,04:44:14,06/01/2022 04:44,06/01/2022 01:44,-67.614425,-67.420159
30,KB_22_42644_29,Male,Killingbeck,2022,06/01/2022,04:54:15,06/01/2022 04:54,06/01/2022 01:54,-67.611035,-67.417953
31,KB_22_42644_29,Male,Killingbeck,2022,06/01/2022,05:04:15,06/01/2022 05:04,06/01/2022 02:04,-67.614575,-67.420411
32,KB_22_42644_29,Male,Killingbeck,2022,06/01/2022,05:14:18,06/01/2022 05:14,06/01/2022 02:14,-67.614611,-67.420474
33,KB_22_42644_29,Male,Killingbeck,2022,06/01/2022,05:24:10,06/01/2022 05:24,06/01/2022 02:24,-67.614694,-67.420498
34,KB_22_42644_29,Male,Killingbeck,2022,06/01/2022,05:34:09,06/01/2022 05:34,06/01/2022 02:34,-67.616861,-67.420344
35,KB_22_42644_29,Male,Killingbeck,2022,06/01/2022,05:44:03,06/01/2022 05:44,06/01/2022 02:44,-67.616145,-67.420664
36,KB_22_42644_29,Male,Killingbeck,2022,06/01/2022,05:54:01,06/01/2022 05:54,06/01/2022 02:54,-67.615793,-67.420836
37,KB_22_42644_29,Male,Killingbeck,2022,06/01/2022,06:04:03,06/01/2022 06:04,06/01/2022 03:04,-67.616109,-67.421373
38,KB_22_42644_29,Male,Killingbeck,2022,06/01/2022,06:13:55,06/01/2022 06:13,06/01/2022 03:13,-67.617733,-67.422016
39,KB_22_42644_29,Male,Killingbeck,2022,06/01/2022,06:23:56,06/01/2022 06:23,06/01/2022 03:23,-67.622419,-67.424028
40,KB_22_42644_29,Male,Killingbeck,2022,06/01/2022,06:33:52,06/01/2022 06:33,06/01/2022 03:33,-67.779206,-67.465718
41,KB_22_42644_29,Male,Killingbeck,2022,06/01/2022,06:43:46,06/01/2022 06:43,06/01/2022 03:43,-67.962835,-67.521971
42,KB_22_42644_29,Male,Killingbeck,2022,06/01/2022,06:53:45,06/01/2022 06:53,06/01/2022 03:53,-68.06929,-67.570485
43,KB_22_42644_29,Male,Killingbeck,2022,06/01/2022,07:03:45,06/01/2022 07:03,06/01/2022 04:03,-68.069258,-67.570435
44,KB_22_42644_29,Male,Killingbeck,2022,06/01/2022,07:13:39,06/01/2022 07:13,06/01/2022 04:13,-68.069553,-67.570593
45,KB_22_42644_29,Male,Killingbeck,2022,06/01/2022,07:23:39,06/01/2022 07:23,06/01/2022 04:23,-68.069654,-67.570774
46,KB_22_42644_29,Male,Killingbeck,2022,06/01/2022,07:33:37,06/01/2022 07:33,06/01/2022 04:33,-68.069498,-67.57061
47,KB_22_42644_29,Male,Killingbeck,2022,06/01/2022,07:43:31,06/01/2022 07:43,06/01/2022 04:43,-68.069484,-67.570703
48,KB_22_42644_29,Male,Killingbeck,2022,06/01/2022,07:53:30,06/01/2022 07:53,06/01/2022 04:53,-68.0695,-67.570739
49,KB_22_42644_29,Male,Killingbeck,2022,06/01/2022,08:03:30,06/01/2022 08:03,06/01/2022 05:03,-68.069663,-67.570907
50,KB_22_42644_29,Male,Killingbeck,2022,06/01/2022,08:13:34,06/01/2022 08:13,06/01/2022 05:13,-68.069554,-67.570534
51,KB_22_42644_29,Male,Killingbeck,2022,06/01/2022,08:23:22,06/01/2022 08:23,06/01/2022 05:23,-68.069351,-67.570647
52,KB_22_42644_29,Male,Killingbeck,2022,06/01/2022,08:33:30,06/01/2022 08:33,06/01/2022 05:33,-68.069577,-67.570704
53,KB_22_42644_29,Male,Killingbeck,2022,06/01/2022,08:43:24,06/01/2022 08:43,06/01/2022 05:43,-68.069719,-67.570725
54,KB_22_42644_29,Male,Killingbeck,2022,06/01/2022,08:53:24,06/01/2022 08:53,06/01/2022 05:53,-68.069819,-67.570723
55,KB_22_42644_29,Male,Killingbeck,2022,06/01/2022,09:03:16,06/01/2022 09:03,06/01/2022 06:03,-68.069614,-67.570698
56,KB_22_42644_29,Male,Killingbeck,2022,06/01/2022,09:13:07,06/01/2022 09:13,06/01/2022 06:13,-68.069568,-67.570655
57,KB_22_42644_29,Male,Killingbeck,2022,06/01/2022,09:23:06,06/01/2022 09:23,06/01/2022 06:23,-68.069258,-67.57056
58,KB_22_42644_29,Male,Killingbeck,2022,06/01/2022,09:33:05,06/01/2022 09:33,06/01/2022 06:33,-68.069405,-67.570625
59,KB_22_42644_29,Male,Killingbeck,2022,06/01/2022,09:43:08,06/01/2022 09:43,06/01/2022 06:43,-68.069328,-67.570608
60,KB_22_42644_29,Male,Killingbeck,2022,06/01/2022,09:53:09,06/01/2022 09:53,06/01/2022 06:53,-68.06946,-67.570407
61,KB_22_42644_29,Male,Killingbeck,2022,06/01/2022,10:03:05,06/01/2022 10:03,06/01/2022 07:03,-68.069156,-67.570613
62,KB_22_42644_29,Male,Killingbeck,2022,06/01/2022,10:13:05,06/01/2022 10:13,06/01/2022 07:13,-68.069431,-67.57066
63,KB_22_42644_29,Male,Killingbeck,2022,06/01/2022,10:23:04,06/01/2022 10:23,06/01/2022 07:23,-68.069103,-67.570508
64,KB_22_42644_29,Male,Killingbeck,2022,06/01/2022,10:33:03,06/01/2022 10:33,06/01/2022 07:33,-68.068998,-67.570447
65,KB_22_42644_29,Male,Killingbeck,2022,06/01/2022,10:43:03,06/01/2022 10:43,06/01/2022 07:43,-68.069154,-67.570596
66,KB_22_42644_29,Male,Killingbeck,2022,06/01/2022,10:53:03,06/01/2022 10:53,06/01/2022 07:53,-68.069229,-67.570598
67,KB_22_42644_29,Male,Killingbeck,2022,06/01/2022,11:03:05,06/01/2022 11:03,06/01/2022 08:03,-68.069121,-67.570632
68,KB_22_42644_29,Male,Killingbeck,2022,06/01/2022,11:13:04,06/01/2022 11:13,06/01/2022 08:13,-68.069068,-67.570596
69,KB_22_42644_29,Male,Killingbeck,2022,06/01/2022,11:23:03,06/01/2022 11:23,06/01/2022 08:23,-68.069234,-67.570587
70,KB_22_42644_29,Male,Killingbeck,2022,06/01/2022,11:33:01,06/01/2022 11:33,06/01/2022 08:33,-68.06904,-67.570686
71,KB_22_42644_29,Male,Killingbeck,2022,06/01/2022,11:43:03,06/01/2022 11:43,06/01/2022 08:43,-68.069556,-67.570864
72,KB_22_42644_29,Male,Killingbeck,2022,06/01/2022,11:53:03,06/01/2022 11:53,06/01/2022 08:53,-68.069508,-67.570829
73,KB_22_42644_29,Male,Killingbeck,2022,06/01/2022,12:03:01,06/01/2022 12:03,06/01/2022 09:03,-68.069695,-67.570749
74,KB_22_42644_29,Male,Killingbeck,2022,06/01/2022,12:13:02,06/01/2022 12:13,06/01/2022 09:13,-68.069626,-67.570773
75,KB_22_42644_29,Male,Killingbeck,2022,06/01/2022,12:23:01,06/01/2022 12:23,06/01/2022 09:23,-68.069623,-67.570788
76,KB_22_42644_29,Male,Killingbeck,2022,06/01/2022,12:33:00,06/01/2022 12:33,06/01/2022 09:33,-68.069717,-67.570699
77,KB_22_42644_29,Male,Killingbeck,2022,06/01/2022,12:43:03,06/01/2022 12:43,06/01/2022 09:43,-68.069594,-67.57071
78,KB_22_42644_29,Male,Killingbeck,2022,06/01/2022,12:53:02,06/01/2022 12:53,06/01/2022 09:53,-68.069676,-67.570714
79,KB_22_42644_29,Male,Killingbeck,2022,06/01/2022,13:03:01,06/01/2022 13:03,06/01/2022 10:03,-68.069644,-67.570773
80,KB_22_42644_29,Male,Killingbeck,2022,06/01/2022,13:13:02,06/01/2022 13:13,06/01/2022 10:13,-68.069537,-67.570691
81,KB_22_42644_29,Male,Killingbeck,2022,06/01/2022,13:23:03,06/01/2022 13:23,06/01/2022 10:23,-68.069218,-67.570596
82,KB_22_42644_29,Male,Killingbeck,2022,06/01/2022,13:33:02,06/01/2022 13:33,06/01/2022 10:33,-68.069335,-67.570716
83,KB_22_42644_29,Male,Killingbeck,2022,06/01/2022,13:43:02,06/01/2022 13:43,06/01/2022 10:43,-68.069589,-67.570705
84,KB_22_42644_29,Male,Killingbeck,2022,06/01/2022,13:53:01,06/01/2022 13:53,06/01/2022 10:53,-68.0695,-67.570762
85,KB_22_42644_29,Male,Killingbeck,2022,06/01/2022,14:03:02,06/01/2022 14:03,06/01/2022 11:03,-68.069432,-67.570708
86,KB_22_42644_29,Male,Killingbeck,2022,06/01/2022,14:13:04,06/01/2022 14:13,06/01/2022 11:13,-68.069364,-67.570814
87,KB_22_42644_29,Male,Killingbeck,2022,06/01/2022,14:23:03,06/01/2022 14:23,06/01/2022 11:23,-68.069561,-67.570799
88,KB_22_42644_29,Male,Killingbeck,2022,06/01/2022,14:33:01,06/01/2022 14:33,06/01/2022 11:33,-68.069584,-67.570802
89,KB_22_42644_29,Male,Killingbeck,2022,06/01/2022,14:43:01,06/01/2022 14:43,06/01/2022 11:43,-68.069534,-67.570786
90,KB_22_42644_29,Male,Killingbeck,2022,06/01/2022,14:53:00,06/01/2022 14:53,06/01/2022 11:53,-68.069624,-67.570752
91,KB_22_42644_29,Male,Killingbeck,2022,06/01/2022,15:03:07,06/01/2022 15:03,06/01/2022 12:03,-68.069574,-67.570866
92,KB_22_42644_29,Male,Killingbeck,2022,06/01/2022,15:13:01,06/01/2022 15:13,06/01/2022 12:13,-68.06973,-67.570762
93,KB_22_42644_29,Male,Killingbeck,2022,06/01/2022,15:22:57,06/01/2022 15:22,06/01/2022 12:22,-68.069541,-67.57072
94,KB_22_42644_29,Male,Killingbeck,2022,06/01/2022,15:32:56,06/01/2022 15:32,06/01/2022 12:32,-68.06962,-67.570771
95,KB_22_42644_29,Male,Killingbeck,2022,06/01/2022,15:42:56,06/01/2022 15:42,06/01/2022 12:42,-68.069522,-67.570689
96,KB_22_42644_29,Male,Killingbeck,2022,06/01/2022,15:52:55,06/01/2022 15:52,06/01/2022 12:52,-68.06955,-67.570714
97,KB_22_42644_29,Male,Killingbeck,2022,06/01/2022,16:02:54,06/01/2022 16:02,06/01/2022 13:02,-68.069535,-67.570668
98,KB_22_42644_29,Male,Killingbeck,2022,06/01/2022,16:12:56,06/01/2022 16:12,06/01/2022 13:12,-68.069585,-67.570725
99,KB_22_42644_29,Male,Killingbeck,2022,06/01/2022,16:22:55,06/01/2022 16:22,06/01/2022 13:22,-68.069618,-67.570736
100,KB_22_42644_29,Male,Killingbeck,2022,06/01/2022,16:32:56,06/01/2022 16:32,06/01/2022 13:32,-68.06953,-67.570514
101,KB_22_42644_29,Male,Killingbeck,2022,06/01/2022,16:42:57,06/01/2022 16:42,06/01/2022 13:42,-68.069664,-67.570764
102,KB_22_42644_29,Male,Killingbeck,2022,06/01/2022,16:52:55,06/01/2022 16:52,06/01/2022 13:52,-68.069598,-67.570724
103,KB_22_42644_29,Male,Killingbeck,2022,06/01/2022,17:02:55,06/01/2022 17:02,06/01/2022 14:02,-68.06958,-67.570691
104,KB_22_42644_29,Male,Killingbeck,2022,06/01/2022,17:12:54,06/01/2022 17:12,06/01/2022 14:12,-68.069548,-67.570811
105,KB_22_42644_29,Male,Killingbeck,2022,06/01/2022,17:22:54,06/01/2022 17:22,06/01/2022 14:22,-68.069638,-67.57071
106,KB_22_42644_29,Male,Killingbeck,2022,06/01/2022,17:32:52,06/01/2022 17:32,06/01/2022 14:32,-68.069612,-67.570756
107,KB_22_42644_29,Male,Killingbeck,2022,06/01/2022,17:42:54,06/01/2022 17:42,06/01/2022 14:42,-68.06974,-67.570757
108,KB_22_42644_29,Male,Killingbeck,2022,06/01/2022,17:52:56,06/01/2022 17:52,06/01/2022 14:52,-68.06966,-67.570696
109,KB_22_42644_29,Male,Killingbeck,2022,06/01/2022,18:02:55,06/01/2022 18:02,06/01/2022 15:02,-68.069804,-67.571046
110,KB_22_42644_29,Male,Killingbeck,2022,06/01/2022,18:12:54,06/01/2022 18:12,06/01/2022 15:12,-68.069732,-67.570788
111,KB_22_42644_29,Male,Killingbeck,2022,06/01/2022,18:22:55,06/01/2022 18:22,06/01/2022 15:22,-68.069591,-67.570687
112,KB_22_42644_29,Male,Killingbeck,2022,06/01/2022,18:33:01,06/01/2022 18:33,06/01/2022 15:33,-68.069859,-67.570927
113,KB_22_42644_29,Male,Killingbeck,2022,06/01/2022,18:42:55,06/01/2022 18:42,06/01/2022 15:42,-68.069859,-67.570802
114,KB_22_42644_29,Male,Killingbeck,2022,06/01/2022,18:52:54,06/01/2022 18:52,06/01/2022 15:52,-68.069464,-67.57069
115,KB_22_42644_29,Male,Killingbeck,2022,06/01/2022,19:02:52,06/01/2022 19:02,06/01/2022 16:02,-68.069425,-67.570682
116,KB_22_42644_29,Male,Killingbeck,2022,06/01/2022,19:12:57,06/01/2022 19:12,06/01/2022 16:12,-68.069518,-67.570675
117,KB_22_42644_29,Male,Killingbeck,2022,06/01/2022,19:22:53,06/01/2022 19:22,06/01/2022 16:22,-68.06954,-67.570725
118,KB_22_42644_29,Male,Killingbeck,2022,06/01/2022,19:32:54,06/01/2022 19:32,06/01/2022 16:32,-68.069576,-67.570642
119,KB_22_42644_29,Male,Killingbeck,2022,06/01/2022,19:42:54,06/01/2022 19:42,06/01/2022 16:42,-68.069545,-67.570734
120,KB_22_42644_29,Male,Killingbeck,2022,06/01/2022,19:52:53,06/01/2022 19:52,06/01/2022 16:52,-68.069526,-67.570738
121,KB_22_42644_29,Male,Killingbeck,2022,06/01/2022,20:02:54,06/01/2022 20:02,06/01/2022 17:02,-68.069516,-67.570657
122,KB_22_42644_29,Male,Killingbeck,2022,06/01/2022,20:12:48,06/01/2022 20:12,06/01/2022 17:12,-68.069737,-67.570753
123,KB_22_42644_29,Male,Killingbeck,2022,06/01/2022,20:22:47,06/01/2022 20:22,06/01/2022 17:22,-68.069711,-67.570777
124,KB_22_42644_29,Male,Killingbeck,2022,06/01/2022,20:32:48,06/01/2022 20:32,06/01/2022 17:32,-68.069819,-67.570811
125,KB_22_42644_29,Male,Killingbeck,2022,06/01/2022,20:42:41,06/01/2022 20:42,06/01/2022 17:42,-68.069958,-67.570841
126,KB_22_42644_29,Male,Killingbeck,2022,06/01/2022,20:52:38,06/01/2022 20:52,06/01/2022 17:52,-68.069529,-67.570695
127,KB_22_42644_29,Male,Killingbeck,2022,06/01/2022,21:02:37,06/01/2022 21:02,06/01/2022 18:02,-68.069454,-67.570663
128,KB_22_42644_29,Male,Killingbeck,2022,06/01/2022,21:12:31,06/01/2022 21:12,06/01/2022 18:12,-68.069422,-67.570741
129,KB_22_42644_29,Male,Killingbeck,2022,06/01/2022,21:22:33,06/01/2022 21:22,06/01/2022 18:22,-68.071733,-67.569752
130,KB_22_42644_29,Male,Killingbeck,2022,06/01/2022,21:32:29,06/01/2022 21:32,06/01/2022 18:32,-68.069028,-67.569955
131,KB_22_42644_29,Male,Killingbeck,2022,06/01/2022,21:42:23,06/01/2022 21:42,06/01/2022 18:42,-68.067507,-67.569514
132,KB_22_42644_29,Male,Killingbeck,2022,06/01/2022,21:52:22,06/01/2022 21:52,06/01/2022 18:52,-68.018995,-67.536191
133,KB_22_42644_29,Male,Killingbeck,2022,06/01/2022,22:02:20,06/01/2022 22:02,06/01/2022 19:02,-67.857422,-67.497745
134,KB_22_42644_29,Male,Killingbeck,2022,06/01/2022,22:12:15,06/01/2022 22:12,06/01/2022 19:12,-67.66811,-67.462066
135,KB_22_42644_29,Male,Killingbeck,2022,06/01/2022,22:22:46,06/01/2022 22:22,06/01/2022 19:22,-67.620689,-67.423216
136,KB_22_42644_29,Male,Killingbeck,2022,06/01/2022,22:32:46,06/01/2022 22:32,06/01/2022 19:32,-67.614206,-67.420581
137,KB_22_42644_29,Male,Killingbeck,2022,06/01/2022,22:42:40,06/01/2022 22:42,06/01/2022 19:42,-67.614381,-67.42052
138,KB_22_42644_29,Male,Killingbeck,2022,06/01/2022,22:52:42,06/01/2022 22:52,06/01/2022 19:52,-67.614317,-67.420597
139,KB_22_42644_29,Male,Killingbeck,2022,06/01/2022,23:02:38,06/01/2022 23:02,06/01/2022 20:02,-67.614352,-67.420608
140,KB_22_42644_29,Male,Killingbeck,2022,06/01/2022,23:12:33,06/01/2022 23:12,06/01/2022 20:12,-67.615066,-67.4202
141,KB_22_42644_29,Male,Killingbeck,2022,06/01/2022,23:22:31,06/01/2022 23:22,06/01/2022 20:22,-67.612901,-67.419845
142,KB_22_42644_29,Male,Killingbeck,2022,06/01/2022,23:32:30,06/01/2022 23:32,06/01/2022 20:32,-67.612917,-67.419835
143,KB_22_42644_29,Male,Killingbeck,2022,06/01/2022,23:42:24,06/01/2022 23:42,06/01/2022 20:42,-67.612988,-67.419807
144,KB_22_42644_29,Male,Killingbeck,2022,06/01/2022,23:52:24,06/01/2022 23:52,06/01/2022 20:52,-67.612815,-67.419848
145,KB_22_42644_29,Male,Killingbeck,2022,05/01/2022,00:08:28,05/01/2022 00:08,04/01/2022 21:08,-67.915787,-67.440287
146,KB_22_42644_29,Male,Killingbeck,2022,05/01/2022,00:18:21,05/01/2022 00:18,04/01/2022 21:18,-67.915784,-67.440251
147,KB_22_42644_29,Male,Killingbeck,2022,05/01/2022,00:28:21,05/01/2022 00:28,04/01/2022 21:28,-67.915754,-67.440237
148,KB_22_42644_29,Male,Killingbeck,2022,05/01/2022,00:38:19,05/01/2022 00:38,04/01/2022 21:38,-67.915599,-67.440359
149,KB_22_42644_29,Male,Killingbeck,2022,05/01/2022,00:49:05,05/01/2022 00:49,04/01/2022 21:49,-67.914623,-67.442407
150,KB_22_42644_29,Male,Killingbeck,2022,05/01/2022,00:59:06,05/01/2022 00:59,04/01/2022 21:59,-67.925483,-67.440646
151,KB_22_42644_29,Male,Killingbeck,2022,05/01/2022,01:09:05,05/01/2022 01:09,04/01/2022 22:09,-67.925497,-67.440645
152,KB_22_42644_29,Male,Killingbeck,2022,05/01/2022,01:18:58,05/01/2022 01:18,04/01/2022 22:18,-67.925461,-67.440629
153,KB_22_42644_29,Male,Killingbeck,2022,05/01/2022,01:29:05,05/01/2022 01:29,04/01/2022 22:29,-67.925165,-67.439972
154,KB_22_42644_29,Male,Killingbeck,2022,05/01/2022,01:39:04,05/01/2022 01:39,04/01/2022 22:39,-67.926605,-67.440062
155,KB_22_42644_29,Male,Killingbeck,2022,05/01/2022,01:48:58,05/01/2022 01:48,04/01/2022 22:48,-67.915507,-67.440192
156,KB_22_42644_29,Male,Killingbeck,2022,05/01/2022,01:58:57,05/01/2022 01:58,04/01/2022 22:58,-67.915653,-67.440211
157,KB_22_42644_29,Male,Killingbeck,2022,05/01/2022,02:08:56,05/01/2022 02:08,04/01/2022 23:08,-67.915689,-67.44024
158,KB_22_42644_29,Male,Killingbeck,2022,05/01/2022,02:18:50,05/01/2022 02:18,04/01/2022 23:18,-67.913711,-67.441264
159,KB_22_42644_29,Male,Killingbeck,2022,05/01/2022,02:28:51,05/01/2022 02:28,04/01/2022 23:28,-67.914101,-67.442243
160,KB_22_42644_29,Male,Killingbeck,2022,05/01/2022,02:38:50,05/01/2022 02:38,04/01/2022 23:38,-67.913366,-67.44257
161,KB_22_42644_29,Male,Killingbeck,2022,05/01/2022,02:48:43,05/01/2022 02:48,04/01/2022 23:48,-67.914342,-67.448243
162,KB_22_42644_29,Male,Killingbeck,2022,05/01/2022,02:58:43,05/01/2022 02:58,04/01/2022 23:58,-67.913621,-67.451053
163,KB_22_42644_29,Male,Killingbeck,2022,05/01/2022,03:08:41,05/01/2022 03:08,05/01/2022 00:08,-67.913491,-67.451075
164,KB_22_42644_29,Male,Killingbeck,2022,05/01/2022,03:18:35,05/01/2022 03:18,05/01/2022 00:18,-67.913461,-67.451006
165,KB_22_42644_29,Male,Killingbeck,2022,05/01/2022,03:28:34,05/01/2022 03:28,05/01/2022 00:28,-67.913491,-67.451044
166,KB_22_42644_29,Male,Killingbeck,2022,05/01/2022,03:39:05,05/01/2022 03:39,05/01/2022 00:39,-67.913143,-67.45122
167,KB_22_42644_29,Male,Killingbeck,2022,05/01/2022,03:48:58,05/01/2022 03:48,05/01/2022 00:48,-67.917543,-67.453157
168,KB_22_42644_29,Male,Killingbeck,2022,05/01/2022,03:59:00,05/01/2022 03:59,05/01/2022 00:59,-67.917496,-67.453238
169,KB_22_42644_29,Male,Killingbeck,2022,05/01/2022,04:08:56,05/01/2022 04:08,05/01/2022 01:08,-67.916261,-67.453266
170,KB_22_42644_29,Male,Killingbeck,2022,05/01/2022,04:18:51,05/01/2022 04:18,05/01/2022 01:18,-67.95481,-67.467949
171,KB_22_42644_29,Male,Killingbeck,2022,05/01/2022,04:28:50,05/01/2022 04:28,05/01/2022 01:28,-68.049298,-67.542877
172,KB_22_42644_29,Male,Killingbeck,2022,05/01/2022,04:38:50,05/01/2022 04:38,05/01/2022 01:38,-68.069686,-67.570737
173,KB_22_42644_29,Male,Killingbeck,2022,05/01/2022,04:48:53,05/01/2022 04:48,05/01/2022 01:48,-68.06965,-67.57068
174,KB_22_42644_29,Male,Killingbeck,2022,05/01/2022,04:58:43,05/01/2022 04:58,05/01/2022 01:58,-68.069633,-67.570706
175,KB_22_42644_29,Male,Killingbeck,2022,05/01/2022,05:08:42,05/01/2022 05:08,05/01/2022 02:08,-68.070497,-67.571135
176,KB_22_42644_29,Male,Killingbeck,2022,05/01/2022,05:18:35,05/01/2022 05:18,05/01/2022 02:18,-68.069517,-67.570785
177,KB_22_42644_29,Male,Killingbeck,2022,05/01/2022,05:28:36,05/01/2022 05:28,05/01/2022 02:28,-68.069736,-67.570541
178,KB_22_42644_29,Male,Killingbeck,2022,05/01/2022,05:38:34,05/01/2022 05:38,05/01/2022 02:38,-68.06957,-67.570751
179,KB_22_42644_29,Male,Killingbeck,2022,05/01/2022,05:48:30,05/01/2022 05:48,05/01/2022 02:48,-68.069542,-67.570914
180,KB_22_42644_29,Male,Killingbeck,2022,05/01/2022,05:58:26,05/01/2022 05:58,05/01/2022 02:58,-68.069714,-67.570762
181,KB_22_42644_29,Male,Killingbeck,2022,05/01/2022,06:08:28,05/01/2022 06:08,05/01/2022 03:08,-68.069589,-67.570327
182,KB_22_42644_29,Male,Killingbeck,2022,05/01/2022,06:18:22,05/01/2022 06:18,05/01/2022 03:18,-68.069653,-67.570719
183,KB_22_42644_29,Male,Killingbeck,2022,05/01/2022,06:28:20,05/01/2022 06:28,05/01/2022 03:28,-68.069697,-67.570737
184,KB_22_42644_29,Male,Killingbeck,2022,05/01/2022,06:38:19,05/01/2022 06:38,05/01/2022 03:38,-68.069452,-67.570695
185,KB_22_42644_29,Male,Killingbeck,2022,05/01/2022,06:48:13,05/01/2022 06:48,05/01/2022 03:48,-68.069427,-67.570737
186,KB_22_42644_29,Male,Killingbeck,2022,05/01/2022,06:58:12,05/01/2022 06:58,05/01/2022 03:58,-68.070006,-67.570832
187,KB_22_42644_29,Male,Killingbeck,2022,05/01/2022,07:08:11,05/01/2022 07:08,05/01/2022 04:08,-68.069439,-67.570604
188,KB_22_42644_29,Male,Killingbeck,2022,05/01/2022,07:18:08,05/01/2022 07:18,05/01/2022 04:18,-68.069235,-67.57067
189,KB_22_42644_29,Male,Killingbeck,2022,05/01/2022,07:28:05,05/01/2022 07:28,05/01/2022 04:28,-68.069301,-67.57074
190,KB_22_42644_29,Male,Killingbeck,2022,05/01/2022,07:38:03,05/01/2022 07:38,05/01/2022 04:38,-68.069511,-67.5707
191,KB_22_42644_29,Male,Killingbeck,2022,05/01/2022,07:47:57,05/01/2022 07:47,05/01/2022 04:47,-68.069542,-67.570692
192,KB_22_42644_29,Male,Killingbeck,2022,05/01/2022,07:57:57,05/01/2022 07:57,05/01/2022 04:57,-68.069444,-67.570709
193,KB_22_42644_29,Male,Killingbeck,2022,05/01/2022,08:07:57,05/01/2022 08:07,05/01/2022 05:07,-68.069538,-67.570944
194,KB_22_42644_29,Male,Killingbeck,2022,05/01/2022,08:17:51,05/01/2022 08:17,05/01/2022 05:17,-68.069685,-67.570857
195,KB_22_42644_29,Male,Killingbeck,2022,05/01/2022,08:27:50,05/01/2022 08:27,05/01/2022 05:27,-68.069584,-67.570977
196,KB_22_42644_29,Male,Killingbeck,2022,05/01/2022,08:37:51,05/01/2022 08:37,05/01/2022 05:37,-68.069657,-67.570697
197,KB_22_42644_29,Male,Killingbeck,2022,05/01/2022,08:47:42,05/01/2022 08:47,05/01/2022 05:47,-68.069632,-67.57068
198,KB_22_42644_29,Male,Killingbeck,2022,05/01/2022,08:57:44,05/01/2022 08:57,05/01/2022 05:57,-68.068394,-67.570214
199,KB_22_42644_29,Male,Killingbeck,2022,05/01/2022,09:07:43,05/01/2022 09:07,05/01/2022 06:07,-68.069432,-67.57021
200,KB_22_42644_29,Male,Killingbeck,2022,05/01/2022,09:17:39,05/01/2022 09:17,05/01/2022 06:17,-68.071388,-67.570392
201,KB_22_42644_29,Male,Killingbeck,2022,05/01/2022,09:27:35,05/01/2022 09:27,05/01/2022 06:27,-68.069503,-67.570688
202,KB_22_42644_29,Male,Killingbeck,2022,05/01/2022,09:37:44,05/01/2022 09:37,05/01/2022 06:37,-68.069229,-67.5704
203,KB_22_42644_29,Male,Killingbeck,2022,05/01/2022,09:47:30,05/01/2022 09:47,05/01/2022 06:47,-68.069413,-67.570651
204,KB_22_42644_29,Male,Killingbeck,2022,05/01/2022,09:57:32,05/01/2022 09:57,05/01/2022 06:57,-68.068901,-67.570225
205,KB_22_42644_29,Male,Killingbeck,2022,05/01/2022,10:07:26,05/01/2022 10:07,05/01/2022 07:07,-68.069514,-67.570528
206,KB_22_42644_29,Male,Killingbeck,2022,05/01/2022,10:17:23,05/01/2022 10:17,05/01/2022 07:17,-68.069542,-67.570538
207,KB_22_42644_29,Male,Killingbeck,2022,05/01/2022,10:27:20,05/01/2022 10:27,05/01/2022 07:27,-68.069432,-67.570466
208,KB_22_42644_29,Male,Killingbeck,2022,05/01/2022,10:37:19,05/01/2022 10:37,05/01/2022 07:37,-68.06914,-67.570539
209,KB_22_42644_29,Male,Killingbeck,2022,05/01/2022,10:47:13,05/01/2022 10:47,05/01/2022 07:47,-68.069143,-67.570644
210,KB_22_42644_29,Male,Killingbeck,2022,05/01/2022,10:57:12,05/01/2022 10:57,05/01/2022 07:57,-68.069236,-67.570556
211,KB_22_42644_29,Male,Killingbeck,2022,05/01/2022,11:07:11,05/01/2022 11:07,05/01/2022 08:07,-68.069336,-67.570546
212,KB_22_42644_29,Male,Killingbeck,2022,05/01/2022,11:17:07,05/01/2022 11:17,05/01/2022 08:17,-68.069209,-67.570555
213,KB_22_42644_29,Male,Killingbeck,2022,05/01/2022,11:27:04,05/01/2022 11:27,05/01/2022 08:27,-68.069154,-67.570651
214,KB_22_42644_29,Male,Killingbeck,2022,05/01/2022,11:37:02,05/01/2022 11:37,05/01/2022 08:37,-68.069515,-67.570695
215,KB_22_42644_29,Male,Killingbeck,2022,05/01/2022,11:46:56,05/01/2022 11:46,05/01/2022 08:46,-68.069476,-67.570735
216,KB_22_42644_29,Male,Killingbeck,2022,05/01/2022,11:56:57,05/01/2022 11:56,05/01/2022 08:56,-68.069501,-67.570682
217,KB_22_42644_29,Male,Killingbeck,2022,05/01/2022,12:06:56,05/01/2022 12:06,05/01/2022 09:06,-68.069544,-67.570735
218,KB_22_42644_29,Male,Killingbeck,2022,05/01/2022,12:16:49,05/01/2022 12:16,05/01/2022 09:16,-68.069136,-67.570708
219,KB_22_42644_29,Male,Killingbeck,2022,05/01/2022,12:26:49,05/01/2022 12:26,05/01/2022 09:26,-68.069615,-67.57077
220,KB_22_42644_29,Male,Killingbeck,2022,05/01/2022,12:36:47,05/01/2022 12:36,05/01/2022 09:36,-68.069645,-67.570762
221,KB_22_42644_29,Male,Killingbeck,2022,05/01/2022,12:46:42,05/01/2022 12:46,05/01/2022 09:46,-68.06946,-67.570702
222,KB_22_42644_29,Male,Killingbeck,2022,05/01/2022,12:56:41,05/01/2022 12:56,05/01/2022 09:56,-68.069648,-67.570545
223,KB_22_42644_29,Male,Killingbeck,2022,05/01/2022,13:06:39,05/01/2022 13:06,05/01/2022 10:06,-68.069555,-67.570607
224,KB_22_42644_29,Male,Killingbeck,2022,05/01/2022,13:16:33,05/01/2022 13:16,05/01/2022 10:16,-68.069499,-67.570655
225,KB_22_42644_29,Male,Killingbeck,2022,05/01/2022,13:26:32,05/01/2022 13:26,05/01/2022 10:26,-68.069437,-67.570658
226,KB_22_42644_29,Male,Killingbeck,2022,05/01/2022,13:36:31,05/01/2022 13:36,05/01/2022 10:36,-68.06947,-67.57061
227,KB_22_42644_29,Male,Killingbeck,2022,05/01/2022,13:46:27,05/01/2022 13:46,05/01/2022 10:46,-68.069405,-67.570678
228,KB_22_42644_29,Male,Killingbeck,2022,05/01/2022,13:56:26,05/01/2022 13:56,05/01/2022 10:56,-68.069529,-67.570611
229,KB_22_42644_29,Male,Killingbeck,2022,05/01/2022,14:06:27,05/01/2022 14:06,05/01/2022 11:06,-68.069394,-67.570631
230,KB_22_42644_29,Male,Killingbeck,2022,05/01/2022,14:16:27,05/01/2022 14:16,05/01/2022 11:16,-68.069383,-67.570776
231,KB_22_42644_29,Male,Killingbeck,2022,05/01/2022,14:26:18,05/01/2022 14:26,05/01/2022 11:26,-68.069479,-67.570787
232,KB_22_42644_29,Male,Killingbeck,2022,05/01/2022,14:36:19,05/01/2022 14:36,05/01/2022 11:36,-68.069626,-67.571059
233,KB_22_42644_29,Male,Killingbeck,2022,05/01/2022,14:46:13,05/01/2022 14:46,05/01/2022 11:46,-68.070569,-67.571071
234,KB_22_42644_29,Male,Killingbeck,2022,05/01/2022,14:56:20,05/01/2022 14:56,05/01/2022 11:56,-68.069567,-67.570694
235,KB_22_42644_29,Male,Killingbeck,2022,05/01/2022,15:06:21,05/01/2022 15:06,05/01/2022 12:06,-68.069855,-67.570849
236,KB_22_42644_29,Male,Killingbeck,2022,05/01/2022,15:16:17,05/01/2022 15:16,05/01/2022 12:16,-68.070015,-67.570786
237,KB_22_42644_29,Male,Killingbeck,2022,05/01/2022,15:26:01,05/01/2022 15:26,05/01/2022 12:26,-68.069363,-67.570757
238,KB_22_42644_29,Male,Killingbeck,2022,05/01/2022,15:36:00,05/01/2022 15:36,05/01/2022 12:36,-68.069662,-67.570655
239,KB_22_42644_29,Male,Killingbeck,2022,05/01/2022,15:45:53,05/01/2022 15:45,05/01/2022 12:45,-68.069541,-67.570755
240,KB_22_42644_29,Male,Killingbeck,2022,05/01/2022,15:55:53,05/01/2022 15:55,05/01/2022 12:55,-68.069513,-67.57079
241,KB_22_42644_29,Male,Killingbeck,2022,05/01/2022,16:05:52,05/01/2022 16:05,05/01/2022 13:05,-68.069556,-67.570619
242,KB_22_42644_29,Male,Killingbeck,2022,05/01/2022,16:15:47,05/01/2022 16:15,05/01/2022 13:15,-68.06959,-67.570667
243,KB_22_42644_29,Male,Killingbeck,2022,05/01/2022,16:25:45,05/01/2022 16:25,05/01/2022 13:25,-68.06966,-67.570731
244,KB_22_42644_29,Male,Killingbeck,2022,05/01/2022,16:35:44,05/01/2022 16:35,05/01/2022 13:35,-68.069675,-67.570752
245,KB_22_42644_29,Male,Killingbeck,2022,05/01/2022,16:45:38,05/01/2022 16:45,05/01/2022 13:45,-68.06943,-67.570584
246,KB_22_42644_29,Male,Killingbeck,2022,05/01/2022,16:55:37,05/01/2022 16:55,05/01/2022 13:55,-68.069641,-67.570748
247,KB_22_42644_29,Male,Killingbeck,2022,05/01/2022,17:05:45,05/01/2022 17:05,05/01/2022 14:05,-68.069449,-67.570812
248,KB_22_42644_29,Male,Killingbeck,2022,05/01/2022,17:15:32,05/01/2022 17:15,05/01/2022 14:15,-68.070878,-67.571398
249,KB_22_42644_29,Male,Killingbeck,2022,05/01/2022,17:25:29,05/01/2022 17:25,05/01/2022 14:25,-68.0696,-67.570791
250,KB_22_42644_29,Male,Killingbeck,2022,05/01/2022,17:35:28,05/01/2022 17:35,05/01/2022 14:35,-68.069709,-67.570742
251,KB_22_42644_29,Male,Killingbeck,2022,05/01/2022,17:45:35,05/01/2022 17:45,05/01/2022 14:45,-68.069601,-67.570764
252,KB_22_42644_29,Male,Killingbeck,2022,05/01/2022,17:55:21,05/01/2022 17:55,05/01/2022 14:55,-68.069791,-67.570768
253,KB_22_42644_29,Male,Killingbeck,2022,05/01/2022,18:05:20,05/01/2022 18:05,05/01/2022 15:05,-68.069799,-67.570776
254,KB_22_42644_29,Male,Killingbeck,2022,05/01/2022,18:15:17,05/01/2022 18:15,05/01/2022 15:15,-68.069743,-67.57076
255,KB_22_42644_29,Male,Killingbeck,2022,05/01/2022,18:25:22,05/01/2022 18:25,05/01/2022 15:25,-68.069534,-67.570657
256,KB_22_42644_29,Male,Killingbeck,2022,05/01/2022,18:35:27,05/01/2022 18:35,05/01/2022 15:35,-68.069669,-67.570774
257,KB_22_42644_29,Male,Killingbeck,2022,05/01/2022,18:45:06,05/01/2022 18:45,05/01/2022 15:45,-68.069668,-67.570747
258,KB_22_42644_29,Male,Killingbeck,2022,05/01/2022,18:55:05,05/01/2022 18:55,05/01/2022 15:55,-68.069831,-67.570789
259,KB_22_42644_29,Male,Killingbeck,2022,05/01/2022,19:05:04,05/01/2022 19:05,05/01/2022 16:05,-68.069544,-67.570763
260,KB_22_42644_29,Male,Killingbeck,2022,05/01/2022,19:14:59,05/01/2022 19:14,05/01/2022 16:14,-68.069677,-67.570737
261,KB_22_42644_29,Male,Killingbeck,2022,05/01/2022,19:24:57,05/01/2022 19:24,05/01/2022 16:24,-68.069402,-67.570517
262,KB_22_42644_29,Male,Killingbeck,2022,05/01/2022,19:35:01,05/01/2022 19:35,05/01/2022 16:35,-68.068396,-67.570714
263,KB_22_42644_29,Male,Killingbeck,2022,05/01/2022,19:44:54,05/01/2022 19:44,05/01/2022 16:44,-68.068976,-67.570482
264,KB_22_42644_29,Male,Killingbeck,2022,05/01/2022,19:55:01,05/01/2022 19:55,05/01/2022 16:55,-68.068985,-67.570743
265,KB_22_42644_29,Male,Killingbeck,2022,05/01/2022,20:04:49,05/01/2022 20:04,05/01/2022 17:04,-68.081433,-67.5972
266,KB_22_42644_29,Male,Killingbeck,2022,05/01/2022,20:14:44,05/01/2022 20:14,05/01/2022 17:14,-68.069648,-67.570728
267,KB_22_42644_29,Male,Killingbeck,2022,05/01/2022,20:24:43,05/01/2022 20:24,05/01/2022 17:24,-68.069505,-67.570761
268,KB_22_42644_29,Male,Killingbeck,2022,05/01/2022,20:34:44,05/01/2022 20:34,05/01/2022 17:34,-68.069954,-67.570885
269,KB_22_42644_29,Male,Killingbeck,2022,05/01/2022,20:44:40,05/01/2022 20:44,05/01/2022 17:44,-68.069163,-67.570594
270,KB_22_42644_29,Male,Killingbeck,2022,05/01/2022,20:54:35,05/01/2022 20:54,05/01/2022 17:54,-68.069001,-67.570583
271,KB_22_42644_29,Male,Killingbeck,2022,05/01/2022,21:04:34,05/01/2022 21:04,05/01/2022 18:04,-68.069619,-67.570738
272,KB_22_42644_29,Male,Killingbeck,2022,05/01/2022,21:14:28,05/01/2022 21:14,05/01/2022 18:14,-68.069387,-67.570685
273,KB_22_42644_29,Male,Killingbeck,2022,05/01/2022,21:24:26,05/01/2022 21:24,05/01/2022 18:24,-68.06945,-67.570705
274,KB_22_42644_29,Male,Killingbeck,2022,05/01/2022,21:34:26,05/01/2022 21:34,05/01/2022 18:34,-68.069453,-67.570739
275,KB_22_42644_29,Male,Killingbeck,2022,05/01/2022,21:44:23,05/01/2022 21:44,05/01/2022 18:44,-68.069344,-67.570666
276,KB_22_42644_29,Male,Killingbeck,2022,05/01/2022,21:54:19,05/01/2022 21:54,05/01/2022 18:54,-68.069303,-67.570677
277,KB_22_42644_29,Male,Killingbeck,2022,05/01/2022,22:04:18,05/01/2022 22:04,05/01/2022 19:04,-68.069199,-67.570654
278,KB_22_42644_29,Male,Killingbeck,2022,05/01/2022,22:14:13,05/01/2022 22:14,05/01/2022 19:14,-68.069207,-67.570672
279,KB_22_42644_29,Male,Killingbeck,2022,05/01/2022,22:24:12,05/01/2022 22:24,05/01/2022 19:24,-68.068971,-67.570612
280,KB_22_42644_29,Male,Killingbeck,2022,05/01/2022,22:34:13,05/01/2022 22:34,05/01/2022 19:34,-68.068466,-67.570404
281,KB_22_42644_29,Male,Killingbeck,2022,05/01/2022,22:44:07,05/01/2022 22:44,05/01/2022 19:44,-68.068437,-67.570442
282,KB_22_42644_29,Male,Killingbeck,2022,05/01/2022,22:54:06,05/01/2022 22:54,05/01/2022 19:54,-68.068852,-67.570599
283,KB_22_42644_29,Male,Killingbeck,2022,05/01/2022,23:04:03,05/01/2022 23:04,05/01/2022 20:04,-68.069283,-67.570729
284,KB_22_42644_29,Male,Killingbeck,2022,05/01/2022,23:14:09,05/01/2022 23:14,05/01/2022 20:14,-68.068105,-67.571073
285,KB_22_42644_29,Male,Killingbeck,2022,05/01/2022,23:23:58,05/01/2022 23:23,05/01/2022 20:23,-68.069998,-67.570519
286,KB_22_42644_29,Male,Killingbeck,2022,05/01/2022,23:33:57,05/01/2022 23:33,05/01/2022 20:33,-68.069369,-67.570771
287,KB_22_42644_29,Male,Killingbeck,2022,05/01/2022,23:44:02,05/01/2022 23:44,05/01/2022 20:44,-68.069418,-67.570733
288,KB_22_42644_29,Male,Killingbeck,2022,05/01/2022,23:53:48,05/01/2022 23:53,05/01/2022 20:53,-68.040993,-67.538871
289,KB_22_42644_29,Male,Killingbeck,2022,04/01/2022,00:13:49,04/01/2022 00:13,03/01/2022 21:13,-68.0695,-67.570765
290,KB_22_42644_29,Male,Killingbeck,2022,04/01/2022,00:23:57,04/01/2022 00:23,03/01/2022 21:23,-68.069417,-67.570673
291,KB_22_42644_29,Male,Killingbeck,2022,04/01/2022,00:33:43,04/01/2022 00:33,03/01/2022 21:33,-68.069419,-67.571111
292,KB_22_42644_29,Male,Killingbeck,2022,04/01/2022,00:43:42,04/01/2022 00:43,03/01/2022 21:43,-68.069455,-67.570659
293,KB_22_42644_29,Male,Killingbeck,2022,04/01/2022,00:53:41,04/01/2022 00:53,03/01/2022 21:53,-68.069235,-67.570591
294,KB_22_42644_29,Male,Killingbeck,2022,04/01/2022,01:03:41,04/01/2022 01:03,03/01/2022 22:03,-68.069429,-67.570882
295,KB_22_42644_29,Male,Killingbeck,2022,04/01/2022,01:13:36,04/01/2022 01:13,03/01/2022 22:13,-68.069521,-67.570711
296,KB_22_42644_29,Male,Killingbeck,2022,04/01/2022,01:23:36,04/01/2022 01:23,03/01/2022 22:23,-68.070219,-67.570543
297,KB_22_42644_29,Male,Killingbeck,2022,04/01/2022,01:33:34,04/01/2022 01:33,03/01/2022 22:33,-68.069558,-67.570785
298,KB_22_42644_29,Male,Killingbeck,2022,04/01/2022,01:43:37,04/01/2022 01:43,03/01/2022 22:43,-68.069031,-67.572981
299,KB_22_42644_29,Male,Killingbeck,2022,04/01/2022,01:53:32,04/01/2022 01:53,03/01/2022 22:53,-68.092268,-67.567129
300,KB_22_42644_29,Male,Killingbeck,2022,04/01/2022,02:03:47,04/01/2022 02:03,03/01/2022 23:03,0,0
301,KB_22_42644_29,Male,Killingbeck,2022,04/01/2022,02:13:29,04/01/2022 02:13,03/01/2022 23:13,-68.001284,-67.482879
302,KB_22_42644_29,Male,Killingbeck,2022,04/01/2022,02:23:25,04/01/2022 02:23,03/01/2022 23:23,-67.920737,-67.439497
303,KB_22_42644_29,Male,Killingbeck,2022,04/01/2022,02:33:23,04/01/2022 02:33,03/01/2022 23:33,-67.924591,-67.440162
304,KB_22_42644_29,Male,Killingbeck,2022,04/01/2022,02:43:22,04/01/2022 02:43,03/01/2022 23:43,-67.925507,-67.440764
305,KB_22_42644_29,Male,Killingbeck,2022,04/01/2022,02:53:19,04/01/2022 02:53,03/01/2022 23:53,-67.92582,-67.440773
306,KB_22_42644_29,Male,Killingbeck,2022,04/01/2022,03:03:47,04/01/2022 03:03,04/01/2022 00:03,-67.925556,-67.439663
307,KB_22_42644_29,Male,Killingbeck,2022,04/01/2022,03:13:54,04/01/2022 03:13,04/01/2022 00:13,-67.922273,-67.4383
308,KB_22_42644_29,Male,Killingbeck,2022,04/01/2022,03:23:48,04/01/2022 03:23,04/01/2022 00:23,-67.923387,-67.439635
309,KB_22_42644_29,Male,Killingbeck,2022,04/01/2022,03:33:47,04/01/2022 03:33,04/01/2022 00:33,-67.925582,-67.440723
310,KB_22_42644_29,Male,Killingbeck,2022,04/01/2022,03:43:46,04/01/2022 03:43,04/01/2022 00:43,-67.926018,-67.440812
311,KB_22_42644_29,Male,Killingbeck,2022,04/01/2022,03:53:40,04/01/2022 03:53,04/01/2022 00:53,-67.929268,-67.442242
312,KB_22_42644_29,Male,Killingbeck,2022,04/01/2022,04:03:40,04/01/2022 04:03,04/01/2022 01:03,-67.929022,-67.44141
313,KB_22_42644_29,Male,Killingbeck,2022,04/01/2022,04:13:39,04/01/2022 04:13,04/01/2022 01:13,-67.915887,-67.440282
314,KB_22_42644_29,Male,Killingbeck,2022,04/01/2022,04:23:33,04/01/2022 04:23,04/01/2022 01:23,-67.919604,-67.453765
315,KB_22_42644_29,Male,Killingbeck,2022,04/01/2022,04:33:33,04/01/2022 04:33,04/01/2022 01:33,-67.919813,-67.453743
316,KB_22_42644_29,Male,Killingbeck,2022,04/01/2022,04:43:32,04/01/2022 04:43,04/01/2022 01:43,-67.919593,-67.453806
317,KB_22_42644_29,Male,Killingbeck,2022,04/01/2022,04:53:25,04/01/2022 04:53,04/01/2022 01:53,-67.920078,-67.454232
318,KB_22_42644_29,Male,Killingbeck,2022,04/01/2022,05:03:24,04/01/2022 05:03,04/01/2022 02:03,-68.00928,-67.499347
319,KB_22_42644_29,Male,Killingbeck,2022,04/01/2022,05:13:24,04/01/2022 05:13,04/01/2022 02:13,-68.048412,-67.517219
320,KB_22_42644_29,Male,Killingbeck,2022,04/01/2022,05:23:17,04/01/2022 05:23,04/01/2022 02:23,-68.045904,-67.516881
321,KB_22_42644_29,Male,Killingbeck,2022,04/01/2022,05:33:16,04/01/2022 05:33,04/01/2022 02:33,-68.073428,-67.567208
322,KB_22_42644_29,Male,Killingbeck,2022,04/01/2022,05:43:17,04/01/2022 05:43,04/01/2022 02:43,-68.06961,-67.570702
323,KB_22_42644_29,Male,Killingbeck,2022,04/01/2022,05:53:13,04/01/2022 05:53,04/01/2022 02:53,-68.069731,-67.570586
324,KB_22_42644_29,Male,Killingbeck,2022,04/01/2022,06:03:20,04/01/2022 06:03,04/01/2022 03:03,-68.069549,-67.570895
325,KB_22_42644_29,Male,Killingbeck,2022,04/01/2022,06:13:10,04/01/2022 06:13,04/01/2022 03:13,-68.069568,-67.570557
326,KB_22_42644_29,Male,Killingbeck,2022,04/01/2022,06:23:02,04/01/2022 06:23,04/01/2022 03:23,-68.069652,-67.570693
327,KB_22_42644_29,Male,Killingbeck,2022,04/01/2022,06:33:00,04/01/2022 06:33,04/01/2022 03:33,-68.069374,-67.570587
328,KB_22_42644_29,Male,Killingbeck,2022,04/01/2022,06:42:59,04/01/2022 06:42,04/01/2022 03:42,-68.069449,-67.570435
329,KB_22_42644_29,Male,Killingbeck,2022,04/01/2022,06:52:53,04/01/2022 06:52,04/01/2022 03:52,-68.069406,-67.57034
330,KB_22_42644_29,Male,Killingbeck,2022,04/01/2022,07:02:53,04/01/2022 07:02,04/01/2022 04:02,-68.069147,-67.570315
331,KB_22_42644_29,Male,Killingbeck,2022,04/01/2022,07:12:52,04/01/2022 07:12,04/01/2022 04:12,-68.069217,-67.570787
332,KB_22_42644_29,Male,Killingbeck,2022,04/01/2022,07:22:45,04/01/2022 07:22,04/01/2022 04:22,-68.069481,-67.570659
333,KB_22_42644_29,Male,Killingbeck,2022,04/01/2022,07:32:44,04/01/2022 07:32,04/01/2022 04:32,-68.069483,-67.570672
334,KB_22_42644_29,Male,Killingbeck,2022,04/01/2022,07:42:44,04/01/2022 07:42,04/01/2022 04:42,-68.069439,-67.5707
335,KB_22_42644_29,Male,Killingbeck,2022,04/01/2022,07:52:39,04/01/2022 07:52,04/01/2022 04:52,-68.069541,-67.570872
336,KB_22_42644_29,Male,Killingbeck,2022,04/01/2022,08:02:37,04/01/2022 08:02,04/01/2022 05:02,-68.069668,-67.570719
337,KB_22_42644_29,Male,Killingbeck,2022,04/01/2022,08:12:37,04/01/2022 08:12,04/01/2022 05:12,-68.069554,-67.570629
338,KB_22_42644_29,Male,Killingbeck,2022,04/01/2022,08:22:31,04/01/2022 08:22,04/01/2022 05:22,-68.069445,-67.570571
339,KB_22_42644_29,Male,Killingbeck,2022,04/01/2022,08:32:30,04/01/2022 08:32,04/01/2022 05:32,-68.069535,-67.570728
340,KB_22_42644_29,Male,Killingbeck,2022,04/01/2022,08:42:31,04/01/2022 08:42,04/01/2022 05:42,-68.069611,-67.570607
341,KB_22_42644_29,Male,Killingbeck,2022,04/01/2022,08:52:25,04/01/2022 08:52,04/01/2022 05:52,-68.069532,-67.570602
342,KB_22_42644_29,Male,Killingbeck,2022,04/01/2022,09:02:24,04/01/2022 09:02,04/01/2022 06:02,-68.06955,-67.570667
343,KB_22_42644_29,Male,Killingbeck,2022,04/01/2022,09:12:21,04/01/2022 09:12,04/01/2022 06:12,-68.069576,-67.570656
344,KB_22_42644_29,Male,Killingbeck,2022,04/01/2022,09:22:15,04/01/2022 09:22,04/01/2022 06:22,-68.069493,-67.570635
345,KB_22_42644_29,Male,Killingbeck,2022,04/01/2022,09:32:17,04/01/2022 09:32,04/01/2022 06:32,-68.070004,-67.570755
346,KB_22_42644_29,Male,Killingbeck,2022,04/01/2022,09:42:14,04/01/2022 09:42,04/01/2022 06:42,-68.069949,-67.570744
347,KB_22_42644_29,Male,Killingbeck,2022,04/01/2022,09:52:07,04/01/2022 09:52,04/01/2022 06:52,-68.069546,-67.570701
348,KB_22_42644_29,Male,Killingbeck,2022,04/01/2022,10:02:06,04/01/2022 10:02,04/01/2022 07:02,-68.069375,-67.570615
349,KB_22_42644_29,Male,Killingbeck,2022,04/01/2022,10:12:05,04/01/2022 10:12,04/01/2022 07:12,-68.069605,-67.57057
350,KB_22_42644_29,Male,Killingbeck,2022,04/01/2022,10:21:59,04/01/2022 10:21,04/01/2022 07:21,-68.06926,-67.570626
351,KB_22_42644_29,Male,Killingbeck,2022,04/01/2022,10:31:59,04/01/2022 10:31,04/01/2022 07:31,-68.069429,-67.57043
352,KB_22_42644_29,Male,Killingbeck,2022,04/01/2022,10:41:58,04/01/2022 10:41,04/01/2022 07:41,-68.069349,-67.570442
353,KB_22_42644_29,Male,Killingbeck,2022,04/01/2022,10:51:52,04/01/2022 10:51,04/01/2022 07:51,-68.069402,-67.570531
354,KB_22_42644_29,Male,Killingbeck,2022,04/01/2022,11:01:51,04/01/2022 11:01,04/01/2022 08:01,-68.06931,-67.570559
355,KB_22_42644_29,Male,Killingbeck,2022,04/01/2022,11:11:50,04/01/2022 11:11,04/01/2022 08:11,-68.069451,-67.570561
356,KB_22_42644_29,Male,Killingbeck,2022,04/01/2022,11:21:44,04/01/2022 11:21,04/01/2022 08:21,-68.06915,-67.570636
357,KB_22_42644_29,Male,Killingbeck,2022,04/01/2022,11:31:45,04/01/2022 11:31,04/01/2022 08:31,-68.069307,-67.570742
358,KB_22_42644_29,Male,Killingbeck,2022,04/01/2022,11:41:42,04/01/2022 11:41,04/01/2022 08:41,-68.069615,-67.570673
359,KB_22_42644_29,Male,Killingbeck,2022,04/01/2022,11:51:36,04/01/2022 11:51,04/01/2022 08:51,-68.069592,-67.570713
360,KB_22_42644_29,Male,Killingbeck,2022,04/01/2022,12:01:36,04/01/2022 12:01,04/01/2022 09:01,-68.069398,-67.571317
361,KB_22_42644_29,Male,Killingbeck,2022,04/01/2022,12:11:34,04/01/2022 12:11,04/01/2022 09:11,-68.069527,-67.570738
362,KB_22_42644_29,Male,Killingbeck,2022,04/01/2022,12:21:31,04/01/2022 12:21,04/01/2022 09:21,-68.069499,-67.570601
363,KB_22_42644_29,Male,Killingbeck,2022,04/01/2022,12:31:28,04/01/2022 12:31,04/01/2022 09:31,-68.06961,-67.570748
364,KB_22_42644_29,Male,Killingbeck,2022,04/01/2022,12:41:28,04/01/2022 12:41,04/01/2022 09:41,-68.069549,-67.570689
365,KB_22_42644_29,Male,Killingbeck,2022,04/01/2022,12:51:20,04/01/2022 12:51,04/01/2022 09:51,-68.069576,-67.570707
366,KB_22_42644_29,Male,Killingbeck,2022,04/01/2022,13:01:20,04/01/2022 13:01,04/01/2022 10:01,-68.069478,-67.57061
367,KB_22_42644_29,Male,Killingbeck,2022,04/01/2022,13:11:18,04/01/2022 13:11,04/01/2022 10:11,-68.069533,-67.57068
368,KB_22_42644_29,Male,Killingbeck,2022,04/01/2022,13:21:14,04/01/2022 13:21,04/01/2022 10:21,-68.069592,-67.570681
369,KB_22_42644_29,Male,Killingbeck,2022,04/01/2022,13:31:13,04/01/2022 13:31,04/01/2022 10:31,-68.069433,-67.570679
370,KB_22_42644_29,Male,Killingbeck,2022,04/01/2022,13:41:13,04/01/2022 13:41,04/01/2022 10:41,-68.069444,-67.570687
371,KB_22_42644_29,Male,Killingbeck,2022,04/01/2022,13:51:05,04/01/2022 13:51,04/01/2022 10:51,-68.069475,-67.570643
372,KB_22_42644_29,Male,Killingbeck,2022,04/01/2022,14:01:05,04/01/2022 14:01,04/01/2022 11:01,-68.069373,-67.570677
373,KB_22_42644_29,Male,Killingbeck,2022,04/01/2022,14:11:17,04/01/2022 14:11,04/01/2022 11:11,-68.069445,-67.570569
374,KB_22_42644_29,Male,Killingbeck,2022,04/01/2022,14:21:00,04/01/2022 14:21,04/01/2022 11:21,-68.06926,-67.57082
375,KB_22_42644_29,Male,Killingbeck,2022,04/01/2022,14:30:57,04/01/2022 14:30,04/01/2022 11:30,-68.069502,-67.570725
376,KB_22_42644_29,Male,Killingbeck,2022,04/01/2022,14:40:56,04/01/2022 14:40,04/01/2022 11:40,-68.069441,-67.570633
377,KB_22_42644_29,Male,Killingbeck,2022,04/01/2022,14:50:49,04/01/2022 14:50,04/01/2022 11:50,-68.069573,-67.57076
378,KB_22_42644_29,Male,Killingbeck,2022,04/01/2022,15:00:50,04/01/2022 15:00,04/01/2022 12:00,-68.072162,-67.571233
379,KB_22_42644_29,Male,Killingbeck,2022,04/01/2022,15:10:48,04/01/2022 15:10,04/01/2022 12:10,-68.068959,-67.570694
380,KB_22_42644_29,Male,Killingbeck,2022,04/01/2022,15:20:42,04/01/2022 15:20,04/01/2022 12:20,-68.069646,-67.570716
381,KB_22_42644_29,Male,Killingbeck,2022,04/01/2022,15:30:41,04/01/2022 15:30,04/01/2022 12:30,-68.069598,-67.570746
382,KB_22_42644_29,Male,Killingbeck,2022,04/01/2022,15:40:40,04/01/2022 15:40,04/01/2022 12:40,-68.069825,-67.570719
383,KB_22_42644_29,Male,Killingbeck,2022,04/01/2022,15:50:35,04/01/2022 15:50,04/01/2022 12:50,-68.069703,-67.570718
384,KB_22_42644_29,Male,Killingbeck,2022,04/01/2022,16:00:33,04/01/2022 16:00,04/01/2022 13:00,-68.069581,-67.570732
385,KB_22_42644_29,Male,Killingbeck,2022,04/01/2022,16:10:35,04/01/2022 16:10,04/01/2022 13:10,-68.069675,-67.57068
386,KB_22_42644_29,Male,Killingbeck,2022,04/01/2022,16:20:27,04/01/2022 16:20,04/01/2022 13:20,-68.069443,-67.570791
387,KB_22_42644_29,Male,Killingbeck,2022,04/01/2022,16:30:28,04/01/2022 16:30,04/01/2022 13:30,-68.071823,-67.569355
388,KB_22_42644_29,Male,Killingbeck,2022,04/01/2022,16:40:27,04/01/2022 16:40,04/01/2022 13:40,-68.069914,-67.570426
389,KB_22_42644_29,Male,Killingbeck,2022,04/01/2022,16:50:18,04/01/2022 16:50,04/01/2022 13:50,-68.069568,-67.5707
390,KB_22_42644_29,Male,Killingbeck,2022,04/01/2022,17:00:19,04/01/2022 17:00,04/01/2022 14:00,-68.069464,-67.570773
391,KB_22_42644_29,Male,Killingbeck,2022,04/01/2022,17:10:20,04/01/2022 17:10,04/01/2022 14:10,-68.069774,-67.571048
392,KB_22_42644_29,Male,Killingbeck,2022,04/01/2022,17:20:14,04/01/2022 17:20,04/01/2022 14:20,-68.069976,-67.571001
393,KB_22_42644_29,Male,Killingbeck,2022,04/01/2022,17:30:11,04/01/2022 17:30,04/01/2022 14:30,-68.06964,-67.57079
394,KB_22_42644_29,Male,Killingbeck,2022,04/01/2022,17:40:10,04/01/2022 17:40,04/01/2022 14:40,-68.069638,-67.570748
395,KB_22_42644_29,Male,Killingbeck,2022,04/01/2022,17:50:04,04/01/2022 17:50,04/01/2022 14:50,-68.069308,-67.570544
396,KB_22_42644_29,Male,Killingbeck,2022,04/01/2022,18:00:05,04/01/2022 18:00,04/01/2022 15:00,-68.069677,-67.570732
397,KB_22_42644_29,Male,Killingbeck,2022,04/01/2022,18:10:04,04/01/2022 18:10,04/01/2022 15:10,-68.06976,-67.570966
398,KB_22_42644_29,Male,Killingbeck,2022,04/01/2022,18:19:56,04/01/2022 18:19,04/01/2022 15:19,-68.069887,-67.570747
399,KB_22_42644_29,Male,Killingbeck,2022,04/01/2022,18:29:57,04/01/2022 18:29,04/01/2022 15:29,-68.069847,-67.570903
400,KB_22_42644_29,Male,Killingbeck,2022,04/01/2022,18:39:56,04/01/2022 18:39,04/01/2022 15:39,-68.069909,-67.570911
401,KB_22_42644_29,Male,Killingbeck,2022,04/01/2022,18:49:48,04/01/2022 18:49,04/01/2022 15:49,-68.069808,-67.570676
402,KB_22_42644_29,Male,Killingbeck,2022,04/01/2022,18:59:48,04/01/2022 18:59,04/01/2022 15:59,-68.069874,-67.570866
403,KB_22_42644_29,Male,Killingbeck,2022,04/01/2022,19:09:47,04/01/2022 19:09,04/01/2022 16:09,-68.068311,-67.570249
404,KB_22_42644_29,Male,Killingbeck,2022,04/01/2022,19:19:41,04/01/2022 19:19,04/01/2022 16:19,-68.068836,-67.570365
405,KB_22_42644_29,Male,Killingbeck,2022,04/01/2022,19:29:39,04/01/2022 19:29,04/01/2022 16:29,-68.069547,-67.570595
406,KB_22_42644_29,Male,Killingbeck,2022,04/01/2022,19:39:39,04/01/2022 19:39,04/01/2022 16:39,-68.068225,-67.573406
407,KB_22_42644_29,Male,Killingbeck,2022,04/01/2022,19:49:35,04/01/2022 19:49,04/01/2022 16:49,-68.069239,-67.572458
408,KB_22_42644_29,Male,Killingbeck,2022,04/01/2022,19:59:33,04/01/2022 19:59,04/01/2022 16:59,-68.069906,-67.573877
409,KB_22_42644_29,Male,Killingbeck,2022,04/01/2022,20:09:35,04/01/2022 20:09,04/01/2022 17:09,-68.069551,-67.570606
410,KB_22_42644_29,Male,Killingbeck,2022,04/01/2022,20:19:25,04/01/2022 20:19,04/01/2022 17:19,-68.069547,-67.570586
411,KB_22_42644_29,Male,Killingbeck,2022,04/01/2022,20:29:24,04/01/2022 20:29,04/01/2022 17:29,-68.06958,-67.570613
412,KB_22_42644_29,Male,Killingbeck,2022,04/01/2022,20:39:27,04/01/2022 20:39,04/01/2022 17:39,-68.069929,-67.570888
413,KB_22_42644_29,Male,Killingbeck,2022,04/01/2022,20:49:19,04/01/2022 20:49,04/01/2022 17:49,-68.070287,-67.570928
414,KB_22_42644_29,Male,Killingbeck,2022,04/01/2022,20:59:30,04/01/2022 20:59,04/01/2022 17:59,-68.071142,-67.571068
415,KB_22_42644_29,Male,Killingbeck,2022,04/01/2022,21:09:18,04/01/2022 21:09,04/01/2022 18:09,-68.066936,-67.571116
416,KB_22_42644_29,Male,Killingbeck,2022,04/01/2022,21:19:18,04/01/2022 21:19,04/01/2022 18:19,-68.066091,-67.569917
417,KB_22_42644_29,Male,Killingbeck,2022,04/01/2022,21:29:09,04/01/2022 21:29,04/01/2022 18:29,-68.074761,-67.568561
418,KB_22_42644_29,Male,Killingbeck,2022,04/01/2022,21:39:08,04/01/2022 21:39,04/01/2022 18:39,-68.069642,-67.570579
419,KB_22_42644_29,Male,Killingbeck,2022,04/01/2022,21:49:01,04/01/2022 21:49,04/01/2022 18:49,-68.067888,-67.569499
420,KB_22_42644_29,Male,Killingbeck,2022,04/01/2022,21:59:01,04/01/2022 21:59,04/01/2022 18:59,-68.069404,-67.570744
421,KB_22_42644_29,Male,Killingbeck,2022,04/01/2022,22:08:59,04/01/2022 22:08,04/01/2022 19:08,-68.065797,-67.5666
422,KB_22_42644_29,Male,Killingbeck,2022,04/01/2022,22:18:54,04/01/2022 22:18,04/01/2022 19:18,-68.069789,-67.561616
423,KB_22_42644_29,Male,Killingbeck,2022,04/01/2022,22:29:01,04/01/2022 22:29,04/01/2022 19:29,-68.070078,-67.570447
424,KB_22_42644_29,Male,Killingbeck,2022,04/01/2022,22:38:51,04/01/2022 22:38,04/01/2022 19:38,-68.069021,-67.570611
425,KB_22_42644_29,Male,Killingbeck,2022,04/01/2022,22:48:44,04/01/2022 22:48,04/01/2022 19:48,-68.071648,-67.562465
426,KB_22_42644_29,Male,Killingbeck,2022,04/01/2022,22:58:45,04/01/2022 22:58,04/01/2022 19:58,-68.070619,-67.561661
427,KB_22_42644_29,Male,Killingbeck,2022,04/01/2022,23:08:43,04/01/2022 23:08,04/01/2022 20:08,-68.070924,-67.56106
428,KB_22_42644_29,Male,Killingbeck,2022,04/01/2022,23:18:39,04/01/2022 23:18,04/01/2022 20:18,-68.052476,-67.531597
429,KB_22_42644_29,Male,Killingbeck,2022,04/01/2022,23:28:36,04/01/2022 23:28,04/01/2022 20:28,-67.914963,-67.452354
430,KB_22_42644_29,Male,Killingbeck,2022,04/01/2022,23:38:35,04/01/2022 23:38,04/01/2022 20:38,-67.921154,-67.438305
431,KB_22_42644_29,Male,Killingbeck,2022,04/01/2022,23:48:30,04/01/2022 23:48,04/01/2022 20:48,-67.915746,-67.440258
432,KB_22_42644_29,Male,Killingbeck,2022,04/01/2022,23:58:29,04/01/2022 23:58,04/01/2022 20:58,-67.915678,-67.440255
433,KB_22_42657_19,Male,Killingbeck,2022,04/01/2022,00:07:13,04/01/2022 00:07,03/01/2022 21:07,-68.069507,-67.570671
434,KB_22_42657_19,Male,Killingbeck,2022,04/01/2022,00:17:07,04/01/2022 00:17,03/01/2022 21:17,-68.069342,-67.57066
435,KB_22_42657_19,Male,Killingbeck,2022,04/01/2022,00:27:06,04/01/2022 00:27,03/01/2022 21:27,-68.069483,-67.570695
436,KB_22_42657_19,Male,Killingbeck,2022,04/01/2022,00:37:06,04/01/2022 00:37,03/01/2022 21:37,-68.069287,-67.570729
437,KB_22_42657_19,Male,Killingbeck,2022,04/01/2022,00:47:04,04/01/2022 00:47,03/01/2022 21:47,-68.069341,-67.57065
438,KB_22_42657_19,Male,Killingbeck,2022,04/01/2022,00:57:03,04/01/2022 00:57,03/01/2022 21:57,-68.06949,-67.570638
439,KB_22_42657_19,Male,Killingbeck,2022,04/01/2022,01:07:02,04/01/2022 01:07,03/01/2022 22:07,-68.069443,-67.570698
440,KB_22_42657_19,Male,Killingbeck,2022,04/01/2022,01:17:01,04/01/2022 01:17,03/01/2022 22:17,-68.069375,-67.570689
441,KB_22_42657_19,Male,Killingbeck,2022,04/01/2022,01:27:00,04/01/2022 01:27,03/01/2022 22:27,-68.069415,-67.570562
442,KB_22_42657_19,Male,Killingbeck,2022,04/01/2022,01:36:59,04/01/2022 01:36,03/01/2022 22:36,-68.067818,-67.569389
443,KB_22_42657_19,Male,Killingbeck,2022,04/01/2022,01:46:55,04/01/2022 01:46,03/01/2022 22:46,-67.991949,-67.480473
444,KB_22_42657_19,Male,Killingbeck,2022,04/01/2022,01:57:40,04/01/2022 01:57,03/01/2022 22:57,-67.94854,-67.452143
445,KB_22_42657_19,Male,Killingbeck,2022,04/01/2022,02:07:40,04/01/2022 02:07,03/01/2022 23:07,-67.933839,-67.445396
446,KB_22_42657_19,Male,Killingbeck,2022,04/01/2022,02:17:37,04/01/2022 02:17,03/01/2022 23:17,-67.934117,-67.44539
447,KB_22_42657_19,Male,Killingbeck,2022,04/01/2022,02:27:36,04/01/2022 02:27,03/01/2022 23:27,-67.934205,-67.445354
448,KB_22_42657_19,Male,Killingbeck,2022,04/01/2022,02:37:35,04/01/2022 02:37,03/01/2022 23:37,-67.933727,-67.445584
449,KB_22_42657_19,Male,Killingbeck,2022,04/01/2022,02:47:31,04/01/2022 02:47,03/01/2022 23:47,-67.933731,-67.445619
450,KB_22_42657_19,Male,Killingbeck,2022,04/01/2022,02:57:27,04/01/2022 02:57,03/01/2022 23:57,-67.933509,-67.445509
451,KB_22_42657_19,Male,Killingbeck,2022,04/01/2022,03:07:27,04/01/2022 03:07,04/01/2022 00:07,-67.935146,-67.445626
452,KB_22_42657_19,Male,Killingbeck,2022,04/01/2022,03:17:23,04/01/2022 03:17,04/01/2022 00:17,-67.933699,-67.444901
453,KB_22_42657_19,Male,Killingbeck,2022,04/01/2022,03:27:21,04/01/2022 03:27,04/01/2022 00:27,-67.934503,-67.446301
454,KB_22_42657_19,Male,Killingbeck,2022,04/01/2022,03:37:20,04/01/2022 03:37,04/01/2022 00:37,-67.934508,-67.446224
455,KB_22_42657_19,Male,Killingbeck,2022,04/01/2022,03:48:19,04/01/2022 03:48,04/01/2022 00:48,-67.940044,-67.447152
456,KB_22_42657_19,Male,Killingbeck,2022,04/01/2022,03:58:16,04/01/2022 03:58,04/01/2022 00:58,-67.936259,-67.446677
457,KB_22_42657_19,Male,Killingbeck,2022,04/01/2022,04:08:18,04/01/2022 04:08,04/01/2022 01:08,-67.933809,-67.444809
458,KB_22_42657_19,Male,Killingbeck,2022,04/01/2022,04:18:11,04/01/2022 04:18,04/01/2022 01:18,-67.933487,-67.445638
459,KB_22_42657_19,Male,Killingbeck,2022,04/01/2022,04:28:10,04/01/2022 04:28,04/01/2022 01:28,-67.93332,-67.445443
460,KB_22_42657_19,Male,Killingbeck,2022,04/01/2022,04:38:09,04/01/2022 04:38,04/01/2022 01:38,-67.93329,-67.445483
461,KB_22_42657_19,Male,Killingbeck,2022,04/01/2022,04:48:03,04/01/2022 04:48,04/01/2022 01:48,-67.933323,-67.445486
462,KB_22_42657_19,Male,Killingbeck,2022,04/01/2022,04:58:02,04/01/2022 04:58,04/01/2022 01:58,-67.933358,-67.445572
463,KB_22_42657_19,Male,Killingbeck,2022,04/01/2022,05:08:01,04/01/2022 05:08,04/01/2022 02:08,-67.932953,-67.444034
464,KB_22_42657_19,Male,Killingbeck,2022,04/01/2022,05:17:58,04/01/2022 05:17,04/01/2022 02:17,-67.93273,-67.444947
465,KB_22_42657_19,Male,Killingbeck,2022,04/01/2022,05:27:57,04/01/2022 05:27,04/01/2022 02:27,-67.93275,-67.44498
466,KB_22_42657_19,Male,Killingbeck,2022,04/01/2022,05:37:56,04/01/2022 05:37,04/01/2022 02:37,-67.932767,-67.445131
467,KB_22_42657_19,Male,Killingbeck,2022,04/01/2022,05:47:50,04/01/2022 05:47,04/01/2022 02:47,-67.932896,-67.444836
468,KB_22_42657_19,Male,Killingbeck,2022,04/01/2022,05:57:50,04/01/2022 05:57,04/01/2022 02:57,-67.935233,-67.445307
469,KB_22_42657_19,Male,Killingbeck,2022,04/01/2022,06:07:51,04/01/2022 06:07,04/01/2022 03:07,-67.933401,-67.444389
470,KB_22_42657_19,Male,Killingbeck,2022,04/01/2022,06:17:44,04/01/2022 06:17,04/01/2022 03:17,-67.940665,-67.447694
471,KB_22_42657_19,Male,Killingbeck,2022,04/01/2022,06:29:10,04/01/2022 06:29,04/01/2022 03:29,-67.938994,-67.447502
472,KB_22_42657_19,Male,Killingbeck,2022,04/01/2022,06:38:59,04/01/2022 06:38,04/01/2022 03:38,-67.952881,-67.456678
473,KB_22_42657_19,Male,Killingbeck,2022,04/01/2022,06:49:00,04/01/2022 06:49,04/01/2022 03:49,-67.953056,-67.45383
474,KB_22_42657_19,Male,Killingbeck,2022,04/01/2022,06:58:58,04/01/2022 06:58,04/01/2022 03:58,-67.952771,-67.4543
475,KB_22_42657_19,Male,Killingbeck,2022,04/01/2022,07:08:58,04/01/2022 07:08,04/01/2022 04:08,-67.953609,-67.454658
476,KB_22_42657_19,Male,Killingbeck,2022,04/01/2022,07:19:44,04/01/2022 07:19,04/01/2022 04:19,-67.953988,-67.455505
477,KB_22_42657_19,Male,Killingbeck,2022,04/01/2022,07:29:42,04/01/2022 07:29,04/01/2022 04:29,-67.95471,-67.459722
478,KB_22_42657_19,Male,Killingbeck,2022,04/01/2022,07:39:41,04/01/2022 07:39,04/01/2022 04:39,-67.954723,-67.459649
479,KB_22_42657_19,Male,Killingbeck,2022,04/01/2022,07:49:37,04/01/2022 07:49,04/01/2022 04:49,-67.954568,-67.459799
480,KB_22_42657_19,Male,Killingbeck,2022,04/01/2022,07:59:36,04/01/2022 07:59,04/01/2022 04:59,-67.954576,-67.459819
481,KB_22_42657_19,Male,Killingbeck,2022,04/01/2022,08:09:34,04/01/2022 08:09,04/01/2022 05:09,-67.97052,-67.469145
482,KB_22_42657_19,Male,Killingbeck,2022,04/01/2022,08:19:28,04/01/2022 08:19,04/01/2022 05:19,-67.970247,-67.469024
483,KB_22_42657_19,Male,Killingbeck,2022,04/01/2022,08:29:27,04/01/2022 08:29,04/01/2022 05:29,-68.002418,-67.489433
484,KB_22_42657_19,Male,Killingbeck,2022,04/01/2022,08:39:26,04/01/2022 08:39,04/01/2022 05:39,-68.069443,-67.570643
485,KB_22_42657_19,Male,Killingbeck,2022,04/01/2022,08:49:20,04/01/2022 08:49,04/01/2022 05:49,-68.069463,-67.5706
486,KB_22_42657_19,Male,Killingbeck,2022,04/01/2022,08:59:34,04/01/2022 08:59,04/01/2022 05:59,-68.070127,-67.557902
487,KB_22_42657_19,Male,Killingbeck,2022,04/01/2022,09:09:28,04/01/2022 09:09,04/01/2022 06:09,-68.069381,-67.570565
488,KB_22_42657_19,Male,Killingbeck,2022,04/01/2022,09:19:14,04/01/2022 09:19,04/01/2022 06:19,-68.068964,-67.57074
489,KB_22_42657_19,Male,Killingbeck,2022,04/01/2022,09:29:10,04/01/2022 09:29,04/01/2022 06:29,-68.069383,-67.570526
490,KB_22_42657_19,Male,Killingbeck,2022,04/01/2022,09:39:09,04/01/2022 09:39,04/01/2022 06:39,-68.069331,-67.570579
491,KB_22_42657_19,Male,Killingbeck,2022,04/01/2022,09:49:04,04/01/2022 09:49,04/01/2022 06:49,-68.069434,-67.570554
492,KB_22_42657_19,Male,Killingbeck,2022,04/01/2022,09:59:02,04/01/2022 09:59,04/01/2022 06:59,-68.069196,-67.570634
493,KB_22_42657_19,Male,Killingbeck,2022,04/01/2022,10:09:01,04/01/2022 10:09,04/01/2022 07:09,-68.069323,-67.570554
494,KB_22_42657_19,Male,Killingbeck,2022,04/01/2022,10:18:56,04/01/2022 10:18,04/01/2022 07:18,-68.069291,-67.570606
495,KB_22_42657_19,Male,Killingbeck,2022,04/01/2022,10:28:54,04/01/2022 10:28,04/01/2022 07:28,-68.069146,-67.570514
496,KB_22_42657_19,Male,Killingbeck,2022,04/01/2022,10:38:53,04/01/2022 10:38,04/01/2022 07:38,-68.069143,-67.570837
497,KB_22_42657_19,Male,Killingbeck,2022,04/01/2022,10:48:48,04/01/2022 10:48,04/01/2022 07:48,-68.069061,-67.57074
498,KB_22_42657_19,Male,Killingbeck,2022,04/01/2022,10:58:47,04/01/2022 10:58,04/01/2022 07:58,-68.069144,-67.570532
499,KB_22_42657_19,Male,Killingbeck,2022,04/01/2022,11:08:47,04/01/2022 11:08,04/01/2022 08:08,-68.069306,-67.570757
500,KB_22_42657_19,Male,Killingbeck,2022,04/01/2022,11:18:41,04/01/2022 11:18,04/01/2022 08:18,-68.06923,-67.570783
501,KB_22_42657_19,Male,Killingbeck,2022,04/01/2022,11:28:40,04/01/2022 11:28,04/01/2022 08:28,-68.069291,-67.570759
502,KB_22_42657_19,Male,Killingbeck,2022,04/01/2022,11:38:53,04/01/2022 11:38,04/01/2022 08:38,-68.069359,-67.570771
503,KB_22_42657_19,Male,Killingbeck,2022,04/01/2022,11:48:32,04/01/2022 11:48,04/01/2022 08:48,-68.069437,-67.570788
504,KB_22_42657_19,Male,Killingbeck,2022,04/01/2022,11:58:31,04/01/2022 11:58,04/01/2022 08:58,-68.069448,-67.570772
505,KB_22_42657_19,Male,Killingbeck,2022,04/01/2022,12:08:32,04/01/2022 12:08,04/01/2022 09:08,-68.069638,-67.570988
506,KB_22_42657_19,Male,Killingbeck,2022,04/01/2022,12:18:24,04/01/2022 12:18,04/01/2022 09:18,-68.069601,-67.5707
507,KB_22_42657_19,Male,Killingbeck,2022,04/01/2022,12:28:22,04/01/2022 12:28,04/01/2022 09:28,-68.06955,-67.570733
508,KB_22_42657_19,Male,Killingbeck,2022,04/01/2022,12:38:21,04/01/2022 12:38,04/01/2022 09:38,-68.069597,-67.570565
509,KB_22_42657_19,Male,Killingbeck,2022,04/01/2022,12:48:15,04/01/2022 12:48,04/01/2022 09:48,-68.069603,-67.570642
510,KB_22_42657_19,Male,Killingbeck,2022,04/01/2022,12:58:15,04/01/2022 12:58,04/01/2022 09:58,-68.069468,-67.570653
511,KB_22_42657_19,Male,Killingbeck,2022,04/01/2022,13:08:14,04/01/2022 13:08,04/01/2022 10:08,-68.069497,-67.570621
512,KB_22_42657_19,Male,Killingbeck,2022,04/01/2022,13:18:09,04/01/2022 13:18,04/01/2022 10:18,-68.069513,-67.570703
513,KB_22_42657_19,Male,Killingbeck,2022,04/01/2022,13:28:10,04/01/2022 13:28,04/01/2022 10:28,-68.069573,-67.570638
514,KB_22_42657_19,Male,Killingbeck,2022,04/01/2022,13:38:07,04/01/2022 13:38,04/01/2022 10:38,-68.069563,-67.570626
515,KB_22_42657_19,Male,Killingbeck,2022,04/01/2022,13:48:01,04/01/2022 13:48,04/01/2022 10:48,-68.069469,-67.570605
516,KB_22_42657_19,Male,Killingbeck,2022,04/01/2022,13:57:59,04/01/2022 13:57,04/01/2022 10:57,-68.069527,-67.570602
517,KB_22_42657_19,Male,Killingbeck,2022,04/01/2022,14:07:59,04/01/2022 14:07,04/01/2022 11:07,-68.069449,-67.570705
518,KB_22_42657_19,Male,Killingbeck,2022,04/01/2022,14:17:53,04/01/2022 14:17,04/01/2022 11:17,-68.069397,-67.570712
519,KB_22_42657_19,Male,Killingbeck,2022,04/01/2022,14:27:51,04/01/2022 14:27,04/01/2022 11:27,-68.069443,-67.570671
520,KB_22_42657_19,Male,Killingbeck,2022,04/01/2022,14:37:51,04/01/2022 14:37,04/01/2022 11:37,-68.069428,-67.570691
521,KB_22_42657_19,Male,Killingbeck,2022,04/01/2022,14:47:46,04/01/2022 14:47,04/01/2022 11:47,-68.069393,-67.570709
522,KB_22_42657_19,Male,Killingbeck,2022,04/01/2022,14:57:45,04/01/2022 14:57,04/01/2022 11:57,-68.069524,-67.570731
523,KB_22_42657_19,Male,Killingbeck,2022,04/01/2022,15:07:46,04/01/2022 15:07,04/01/2022 12:07,-68.069614,-67.57074
524,KB_22_42657_19,Male,Killingbeck,2022,04/01/2022,15:17:37,04/01/2022 15:17,04/01/2022 12:17,-68.069544,-67.570711
525,KB_22_42657_19,Male,Killingbeck,2022,04/01/2022,15:27:39,04/01/2022 15:27,04/01/2022 12:27,-68.069911,-67.57031
526,KB_22_42657_19,Male,Killingbeck,2022,04/01/2022,15:37:35,04/01/2022 15:37,04/01/2022 12:37,-68.069557,-67.57067
527,KB_22_42657_19,Male,Killingbeck,2022,04/01/2022,15:47:30,04/01/2022 15:47,04/01/2022 12:47,-68.069672,-67.570458
528,KB_22_42657_19,Male,Killingbeck,2022,04/01/2022,15:57:28,04/01/2022 15:57,04/01/2022 12:57,-68.06956,-67.57066
529,KB_22_42657_19,Male,Killingbeck,2022,04/01/2022,16:07:28,04/01/2022 16:07,04/01/2022 13:07,-68.069545,-67.570594
530,KB_22_42657_19,Male,Killingbeck,2022,04/01/2022,16:17:21,04/01/2022 16:17,04/01/2022 13:17,-68.069747,-67.570709
531,KB_22_42657_19,Male,Killingbeck,2022,04/01/2022,16:27:20,04/01/2022 16:27,04/01/2022 13:27,-68.069672,-67.570724
532,KB_22_42657_19,Male,Killingbeck,2022,04/01/2022,16:37:20,04/01/2022 16:37,04/01/2022 13:37,-68.069614,-67.570695
533,KB_22_42657_19,Male,Killingbeck,2022,04/01/2022,16:47:14,04/01/2022 16:47,04/01/2022 13:47,-68.069557,-67.570613
534,KB_22_42657_19,Male,Killingbeck,2022,04/01/2022,16:57:13,04/01/2022 16:57,04/01/2022 13:57,-68.069597,-67.570641
535,KB_22_42657_19,Male,Killingbeck,2022,04/01/2022,17:07:15,04/01/2022 17:07,04/01/2022 14:07,-68.069562,-67.570668
536,KB_22_42657_19,Male,Killingbeck,2022,04/01/2022,17:17:06,04/01/2022 17:17,04/01/2022 14:17,-68.069835,-67.570648
537,KB_22_42657_19,Male,Killingbeck,2022,04/01/2022,17:27:05,04/01/2022 17:27,04/01/2022 14:27,-68.069674,-67.570699
538,KB_22_42657_19,Male,Killingbeck,2022,04/01/2022,17:37:07,04/01/2022 17:37,04/01/2022 14:37,-68.069625,-67.570665
539,KB_22_42657_19,Male,Killingbeck,2022,04/01/2022,17:46:59,04/01/2022 17:46,04/01/2022 14:46,-68.069477,-67.570643
540,KB_22_42657_19,Male,Killingbeck,2022,04/01/2022,17:56:57,04/01/2022 17:56,04/01/2022 14:56,-68.069794,-67.570652
541,KB_22_42657_19,Male,Killingbeck,2022,04/01/2022,18:06:56,04/01/2022 18:06,04/01/2022 15:06,-68.069698,-67.570689
542,KB_22_42657_19,Male,Killingbeck,2022,04/01/2022,18:16:51,04/01/2022 18:16,04/01/2022 15:16,-68.069894,-67.570696
543,KB_22_42657_19,Male,Killingbeck,2022,04/01/2022,18:26:53,04/01/2022 18:26,04/01/2022 15:26,-68.069852,-67.570922
544,KB_22_42657_19,Male,Killingbeck,2022,04/01/2022,18:36:50,04/01/2022 18:36,04/01/2022 15:36,-68.069792,-67.570673
545,KB_22_42657_19,Male,Killingbeck,2022,04/01/2022,18:46:44,04/01/2022 18:46,04/01/2022 15:46,-68.069807,-67.5707
546,KB_22_42657_19,Male,Killingbeck,2022,04/01/2022,18:56:42,04/01/2022 18:56,04/01/2022 15:56,-68.069487,-67.57067
547,KB_22_42657_19,Male,Killingbeck,2022,04/01/2022,19:06:41,04/01/2022 19:06,04/01/2022 16:06,-68.069517,-67.570667
548,KB_22_42657_19,Male,Killingbeck,2022,04/01/2022,19:16:35,04/01/2022 19:16,04/01/2022 16:16,-68.069523,-67.570641
549,KB_22_42657_19,Male,Killingbeck,2022,04/01/2022,19:26:35,04/01/2022 19:26,04/01/2022 16:26,-68.06946,-67.570698
550,KB_22_42657_19,Male,Killingbeck,2022,04/01/2022,19:36:34,04/01/2022 19:36,04/01/2022 16:36,-68.069552,-67.570666
551,KB_22_42657_19,Male,Killingbeck,2022,04/01/2022,19:46:28,04/01/2022 19:46,04/01/2022 16:46,-68.069619,-67.57068
552,KB_22_42657_19,Male,Killingbeck,2022,04/01/2022,19:56:26,04/01/2022 19:56,04/01/2022 16:56,-68.069622,-67.570707
553,KB_22_42657_19,Male,Killingbeck,2022,04/01/2022,20:06:33,04/01/2022 20:06,04/01/2022 17:06,-68.069531,-67.570769
554,KB_22_42657_19,Male,Killingbeck,2022,04/01/2022,20:16:20,04/01/2022 20:16,04/01/2022 17:16,-68.069482,-67.570608
555,KB_22_42657_19,Male,Killingbeck,2022,04/01/2022,20:26:21,04/01/2022 20:26,04/01/2022 17:26,-68.069623,-67.570714
556,KB_22_42657_19,Male,Killingbeck,2022,04/01/2022,20:36:18,04/01/2022 20:36,04/01/2022 17:36,-68.069413,-67.57071
557,KB_22_42657_19,Male,Killingbeck,2022,04/01/2022,20:46:12,04/01/2022 20:46,04/01/2022 17:46,-68.069495,-67.570681
558,KB_22_42657_19,Male,Killingbeck,2022,04/01/2022,20:56:10,04/01/2022 20:56,04/01/2022 17:56,-68.069418,-67.570646
559,KB_22_42657_19,Male,Killingbeck,2022,04/01/2022,21:06:10,04/01/2022 21:06,04/01/2022 18:06,-68.069117,-67.570574
560,KB_22_42657_19,Male,Killingbeck,2022,04/01/2022,21:16:04,04/01/2022 21:16,04/01/2022 18:16,-68.069404,-67.570649
561,KB_22_42657_19,Male,Killingbeck,2022,04/01/2022,21:26:02,04/01/2022 21:26,04/01/2022 18:26,-68.069242,-67.57066
562,KB_22_42657_19,Male,Killingbeck,2022,04/01/2022,21:36:01,04/01/2022 21:36,04/01/2022 18:36,-68.069342,-67.5708
563,KB_22_42657_19,Male,Killingbeck,2022,04/01/2022,21:45:55,04/01/2022 21:45,04/01/2022 18:45,-68.069344,-67.570628
564,KB_22_42657_19,Male,Killingbeck,2022,04/01/2022,21:55:54,04/01/2022 21:55,04/01/2022 18:55,-68.0693,-67.570667
565,KB_22_42657_19,Male,Killingbeck,2022,04/01/2022,22:05:54,04/01/2022 22:05,04/01/2022 19:05,-68.069423,-67.570685
566,KB_22_42657_19,Male,Killingbeck,2022,04/01/2022,22:15:48,04/01/2022 22:15,04/01/2022 19:15,-68.069421,-67.570708
567,KB_22_42657_19,Male,Killingbeck,2022,04/01/2022,22:25:47,04/01/2022 22:25,04/01/2022 19:25,-68.069443,-67.570708
568,KB_22_42657_19,Male,Killingbeck,2022,04/01/2022,22:35:48,04/01/2022 22:35,04/01/2022 19:35,-68.069312,-67.570694
569,KB_22_42657_19,Male,Killingbeck,2022,04/01/2022,22:45:40,04/01/2022 22:45,04/01/2022 19:45,-68.069359,-67.570674
570,KB_22_42657_19,Male,Killingbeck,2022,04/01/2022,22:55:40,04/01/2022 22:55,04/01/2022 19:55,-68.06919,-67.570713
571,KB_22_42657_19,Male,Killingbeck,2022,04/01/2022,23:05:38,04/01/2022 23:05,04/01/2022 20:05,-68.069424,-67.570673
572,KB_22_42657_19,Male,Killingbeck,2022,04/01/2022,23:15:33,04/01/2022 23:15,04/01/2022 20:15,-68.069232,-67.570702
573,KB_22_42657_19,Male,Killingbeck,2022,04/01/2022,23:25:32,04/01/2022 23:25,04/01/2022 20:25,-68.068209,-67.570563
574,KB_22_42657_19,Male,Killingbeck,2022,04/01/2022,23:35:31,04/01/2022 23:35,04/01/2022 20:35,-68.069444,-67.570628
575,KB_22_42657_19,Male,Killingbeck,2022,04/01/2022,23:45:27,04/01/2022 23:45,04/01/2022 20:45,-68.069308,-67.570744
576,KB_22_42657_19,Male,Killingbeck,2022,04/01/2022,23:55:27,04/01/2022 23:55,04/01/2022 20:55,-68.069401,-67.570677
577,KB_22_42657_19,Male,Killingbeck,2022,05/01/2022,00:05:24,05/01/2022 00:05,04/01/2022 21:05,-68.069272,-67.570727
578,KB_22_42657_19,Male,Killingbeck,2022,05/01/2022,00:15:32,05/01/2022 00:15,04/01/2022 21:15,-68.069483,-67.570545
579,KB_22_42657_19,Male,Killingbeck,2022,05/01/2022,00:25:15,05/01/2022 00:25,04/01/2022 21:25,-68.069247,-67.570989
580,KB_22_42657_19,Male,Killingbeck,2022,05/01/2022,00:35:15,05/01/2022 00:35,04/01/2022 21:35,-68.069436,-67.570544
581,KB_22_42657_19,Male,Killingbeck,2022,05/01/2022,00:45:08,05/01/2022 00:45,04/01/2022 21:45,-68.069424,-67.5707
582,KB_22_42657_19,Male,Killingbeck,2022,05/01/2022,00:55:08,05/01/2022 00:55,04/01/2022 21:55,-68.069377,-67.570711
583,KB_22_42657_19,Male,Killingbeck,2022,05/01/2022,01:05:06,05/01/2022 01:05,04/01/2022 22:05,-68.069845,-67.557756
584,KB_22_42657_19,Male,Killingbeck,2022,05/01/2022,01:15:00,05/01/2022 01:15,04/01/2022 22:15,-68.006195,-67.486669
585,KB_22_42657_19,Male,Killingbeck,2022,05/01/2022,01:24:59,05/01/2022 01:24,04/01/2022 22:24,-67.952572,-67.453352
586,KB_22_42657_19,Male,Killingbeck,2022,05/01/2022,01:35:01,05/01/2022 01:35,04/01/2022 22:35,-67.951413,-67.452925
587,KB_22_42657_19,Male,Killingbeck,2022,05/01/2022,01:45:03,05/01/2022 01:45,04/01/2022 22:45,-67.954016,-67.449939
588,KB_22_42657_19,Male,Killingbeck,2022,05/01/2022,01:55:03,05/01/2022 01:55,04/01/2022 22:55,-67.954054,-67.449899
589,KB_22_42657_19,Male,Killingbeck,2022,05/01/2022,02:05:01,05/01/2022 02:05,04/01/2022 23:05,-67.954013,-67.449983
590,KB_22_42657_19,Male,Killingbeck,2022,05/01/2022,02:15:00,05/01/2022 02:15,04/01/2022 23:15,-67.954634,-67.450249
591,KB_22_42657_19,Male,Killingbeck,2022,05/01/2022,02:25:00,05/01/2022 02:25,04/01/2022 23:25,-67.95793,-67.450848
592,KB_22_42657_19,Male,Killingbeck,2022,05/01/2022,02:35:18,05/01/2022 02:35,04/01/2022 23:35,-67.957985,-67.452749
593,KB_22_42657_19,Male,Killingbeck,2022,05/01/2022,02:45:23,05/01/2022 02:45,04/01/2022 23:45,-67.958675,-67.452887
594,KB_22_42657_19,Male,Killingbeck,2022,05/01/2022,02:55:22,05/01/2022 02:55,04/01/2022 23:55,-67.95863,-67.452848
595,KB_22_42657_19,Male,Killingbeck,2022,05/01/2022,03:05:29,05/01/2022 03:05,05/01/2022 00:05,-67.959097,-67.452858
596,KB_22_42657_19,Male,Killingbeck,2022,05/01/2022,03:15:13,05/01/2022 03:15,05/01/2022 00:15,-67.958579,-67.452804
597,KB_22_42657_19,Male,Killingbeck,2022,05/01/2022,03:25:15,05/01/2022 03:25,05/01/2022 00:25,-67.959107,-67.4529
598,KB_22_42657_19,Male,Killingbeck,2022,05/01/2022,03:35:11,05/01/2022 03:35,05/01/2022 00:35,-67.958694,-67.452767
599,KB_22_42657_19,Male,Killingbeck,2022,05/01/2022,03:45:08,05/01/2022 03:45,05/01/2022 00:45,-67.958704,-67.452896
600,KB_22_42657_19,Male,Killingbeck,2022,05/01/2022,03:55:08,05/01/2022 03:55,05/01/2022 00:55,-67.958671,-67.452944
601,KB_22_42657_19,Male,Killingbeck,2022,05/01/2022,04:05:04,05/01/2022 04:05,05/01/2022 01:05,-67.958712,-67.452812
602,KB_22_42657_19,Male,Killingbeck,2022,05/01/2022,04:15:00,05/01/2022 04:15,05/01/2022 01:15,-67.958153,-67.452111
603,KB_22_42657_19,Male,Killingbeck,2022,05/01/2022,04:25:02,05/01/2022 04:25,05/01/2022 01:25,-67.95822,-67.449822
604,KB_22_42657_19,Male,Killingbeck,2022,05/01/2022,04:34:58,05/01/2022 04:34,05/01/2022 01:34,-67.948535,-67.451532
605,KB_22_42657_19,Male,Killingbeck,2022,05/01/2022,04:44:56,05/01/2022 04:44,05/01/2022 01:44,-67.953511,-67.455123
606,KB_22_42657_19,Male,Killingbeck,2022,05/01/2022,04:55:12,05/01/2022 04:55,05/01/2022 01:55,-67.958284,-67.453104
607,KB_22_42657_19,Male,Killingbeck,2022,05/01/2022,05:05:12,05/01/2022 05:05,05/01/2022 02:05,-67.958441,-67.454047
608,KB_22_42657_19,Male,Killingbeck,2022,05/01/2022,05:15:17,05/01/2022 05:15,05/01/2022 02:15,-67.959232,-67.45445
609,KB_22_42657_19,Male,Killingbeck,2022,05/01/2022,05:25:15,05/01/2022 05:25,05/01/2022 02:25,-67.958335,-67.454908
610,KB_22_42657_19,Male,Killingbeck,2022,05/01/2022,05:35:14,05/01/2022 05:35,05/01/2022 02:35,-67.957628,-67.455187
611,KB_22_42657_19,Male,Killingbeck,2022,05/01/2022,05:45:11,05/01/2022 05:45,05/01/2022 02:45,-67.965609,-67.456995
612,KB_22_42657_19,Male,Killingbeck,2022,05/01/2022,05:55:11,05/01/2022 05:55,05/01/2022 02:55,-67.965912,-67.456941
613,KB_22_42657_19,Male,Killingbeck,2022,05/01/2022,06:05:09,05/01/2022 06:05,05/01/2022 03:05,-67.964954,-67.457069
614,KB_22_42657_19,Male,Killingbeck,2022,05/01/2022,06:15:03,05/01/2022 06:15,05/01/2022 03:15,-67.965793,-67.456997
615,KB_22_42657_19,Male,Killingbeck,2022,05/01/2022,06:25:02,05/01/2022 06:25,05/01/2022 03:25,-67.96579,-67.457008
616,KB_22_42657_19,Male,Killingbeck,2022,05/01/2022,06:35:43,05/01/2022 06:35,05/01/2022 03:35,-67.95077,-67.452811
617,KB_22_42657_19,Male,Killingbeck,2022,05/01/2022,06:45:39,05/01/2022 06:45,05/01/2022 03:45,-67.949395,-67.450717
618,KB_22_42657_19,Male,Killingbeck,2022,05/01/2022,06:55:39,05/01/2022 06:55,05/01/2022 03:55,-67.935119,-67.445721
619,KB_22_42657_19,Male,Killingbeck,2022,05/01/2022,07:05:37,05/01/2022 07:05,05/01/2022 04:05,-67.952919,-67.454673
620,KB_22_42657_19,Male,Killingbeck,2022,05/01/2022,07:17:53,05/01/2022 07:17,05/01/2022 04:17,-67.954188,-67.456179
621,KB_22_42657_19,Male,Killingbeck,2022,05/01/2022,07:27:53,05/01/2022 07:27,05/01/2022 04:27,-67.954479,-67.456722
622,KB_22_42657_19,Male,Killingbeck,2022,05/01/2022,07:37:52,05/01/2022 07:37,05/01/2022 04:37,-67.951983,-67.45373
623,KB_22_42657_19,Male,Killingbeck,2022,05/01/2022,07:47:56,05/01/2022 07:47,05/01/2022 04:47,-67.952541,-67.454174
624,KB_22_42657_19,Male,Killingbeck,2022,05/01/2022,07:57:55,05/01/2022 07:57,05/01/2022 04:57,-67.996051,-67.478029
625,KB_22_42657_19,Male,Killingbeck,2022,05/01/2022,08:07:54,05/01/2022 08:07,05/01/2022 05:07,-68.070735,-67.565189
626,KB_22_42657_19,Male,Killingbeck,2022,05/01/2022,08:17:51,05/01/2022 08:17,05/01/2022 05:17,-68.069378,-67.57004
627,KB_22_42657_19,Male,Killingbeck,2022,05/01/2022,08:27:47,05/01/2022 08:27,05/01/2022 05:27,-68.069734,-67.570691
628,KB_22_42657_19,Male,Killingbeck,2022,05/01/2022,08:37:47,05/01/2022 08:37,05/01/2022 05:37,-68.069496,-67.570624
629,KB_22_42657_19,Male,Killingbeck,2022,05/01/2022,08:47:48,05/01/2022 08:47,05/01/2022 05:47,-68.069649,-67.57063
630,KB_22_42657_19,Male,Killingbeck,2022,05/01/2022,08:57:40,05/01/2022 08:57,05/01/2022 05:57,-68.069475,-67.570595
631,KB_22_42657_19,Male,Killingbeck,2022,05/01/2022,09:07:49,05/01/2022 09:07,05/01/2022 06:07,-68.069416,-67.57054
632,KB_22_42657_19,Male,Killingbeck,2022,05/01/2022,09:17:34,05/01/2022 09:17,05/01/2022 06:17,-68.069339,-67.570606
633,KB_22_42657_19,Male,Killingbeck,2022,05/01/2022,09:27:32,05/01/2022 09:27,05/01/2022 06:27,-68.069556,-67.5706
634,KB_22_42657_19,Male,Killingbeck,2022,05/01/2022,09:37:31,05/01/2022 09:37,05/01/2022 06:37,-68.06942,-67.570553
635,KB_22_42657_19,Male,Killingbeck,2022,05/01/2022,09:47:25,05/01/2022 09:47,05/01/2022 06:47,-68.069255,-67.57056
636,KB_22_42657_19,Male,Killingbeck,2022,05/01/2022,09:57:24,05/01/2022 09:57,05/01/2022 06:57,-68.069376,-67.570619
637,KB_22_42657_19,Male,Killingbeck,2022,05/01/2022,10:07:24,05/01/2022 10:07,05/01/2022 07:07,-68.06925,-67.570568
638,KB_22_42657_19,Male,Killingbeck,2022,05/01/2022,10:17:18,05/01/2022 10:17,05/01/2022 07:17,-68.069299,-67.570439
639,KB_22_42657_19,Male,Killingbeck,2022,05/01/2022,10:27:17,05/01/2022 10:27,05/01/2022 07:27,-68.069468,-67.570394
640,KB_22_42657_19,Male,Killingbeck,2022,05/01/2022,10:37:15,05/01/2022 10:37,05/01/2022 07:37,-68.069183,-67.570502
641,KB_22_42657_19,Male,Killingbeck,2022,05/01/2022,10:47:10,05/01/2022 10:47,05/01/2022 07:47,-68.068948,-67.570507
642,KB_22_42657_19,Male,Killingbeck,2022,05/01/2022,10:57:10,05/01/2022 10:57,05/01/2022 07:57,-68.069061,-67.570578
643,KB_22_42657_19,Male,Killingbeck,2022,05/01/2022,11:07:09,05/01/2022 11:07,05/01/2022 08:07,-68.069536,-67.570447
644,KB_22_42657_19,Male,Killingbeck,2022,05/01/2022,11:17:03,05/01/2022 11:17,05/01/2022 08:17,-68.069623,-67.570394
645,KB_22_42657_19,Male,Killingbeck,2022,05/01/2022,11:27:01,05/01/2022 11:27,05/01/2022 08:27,-68.069507,-67.570601
646,KB_22_42657_19,Male,Killingbeck,2022,05/01/2022,11:37:00,05/01/2022 11:37,05/01/2022 08:37,-68.0693,-67.570683
647,KB_22_42657_19,Male,Killingbeck,2022,05/01/2022,11:46:54,05/01/2022 11:46,05/01/2022 08:46,-68.069449,-67.570649
648,KB_22_42657_19,Male,Killingbeck,2022,05/01/2022,11:56:53,05/01/2022 11:56,05/01/2022 08:56,-68.069149,-67.57063
649,KB_22_42657_19,Male,Killingbeck,2022,05/01/2022,12:06:52,05/01/2022 12:06,05/01/2022 09:06,-68.069559,-67.570726
650,KB_22_42657_19,Male,Killingbeck,2022,05/01/2022,12:16:46,05/01/2022 12:16,05/01/2022 09:16,-68.069225,-67.570604
651,KB_22_42657_19,Male,Killingbeck,2022,05/01/2022,12:26:46,05/01/2022 12:26,05/01/2022 09:26,-68.069891,-67.570731
652,KB_22_42657_19,Male,Killingbeck,2022,05/01/2022,12:36:44,05/01/2022 12:36,05/01/2022 09:36,-68.069539,-67.570612
653,KB_22_42657_19,Male,Killingbeck,2022,05/01/2022,12:46:39,05/01/2022 12:46,05/01/2022 09:46,-68.069485,-67.570645
654,KB_22_42657_19,Male,Killingbeck,2022,05/01/2022,12:56:38,05/01/2022 12:56,05/01/2022 09:56,-68.069504,-67.570625
655,KB_22_42657_19,Male,Killingbeck,2022,05/01/2022,13:06:37,05/01/2022 13:06,05/01/2022 10:06,-68.069561,-67.570651
656,KB_22_42657_19,Male,Killingbeck,2022,05/01/2022,13:16:31,05/01/2022 13:16,05/01/2022 10:16,-68.069487,-67.570593
657,KB_22_42657_19,Male,Killingbeck,2022,05/01/2022,13:26:30,05/01/2022 13:26,05/01/2022 10:26,-68.069547,-67.570635
658,KB_22_42657_19,Male,Killingbeck,2022,05/01/2022,13:36:29,05/01/2022 13:36,05/01/2022 10:36,-68.069546,-67.57063
659,KB_22_42657_19,Male,Killingbeck,2022,05/01/2022,13:46:24,05/01/2022 13:46,05/01/2022 10:46,-68.069479,-67.570678
660,KB_22_42657_19,Male,Killingbeck,2022,05/01/2022,13:56:25,05/01/2022 13:56,05/01/2022 10:56,-68.069382,-67.570641
661,KB_22_42657_19,Male,Killingbeck,2022,05/01/2022,14:06:22,05/01/2022 14:06,05/01/2022 11:06,-68.069502,-67.570758
662,KB_22_42657_19,Male,Killingbeck,2022,05/01/2022,14:16:18,05/01/2022 14:16,05/01/2022 11:16,-68.069318,-67.570702
663,KB_22_42657_19,Male,Killingbeck,2022,05/01/2022,14:26:17,05/01/2022 14:26,05/01/2022 11:26,-68.069531,-67.570598
664,KB_22_42657_19,Male,Killingbeck,2022,05/01/2022,14:36:15,05/01/2022 14:36,05/01/2022 11:36,-68.069432,-67.570562
665,KB_22_42657_19,Male,Killingbeck,2022,05/01/2022,14:46:08,05/01/2022 14:46,05/01/2022 11:46,-68.069625,-67.570684
666,KB_22_42657_19,Male,Killingbeck,2022,05/01/2022,14:56:07,05/01/2022 14:56,05/01/2022 11:56,-68.069563,-67.570747
667,KB_22_42657_19,Male,Killingbeck,2022,05/01/2022,15:06:06,05/01/2022 15:06,05/01/2022 12:06,-68.069744,-67.570698
668,KB_22_42657_19,Male,Killingbeck,2022,05/01/2022,15:16:00,05/01/2022 15:16,05/01/2022 12:16,-68.069459,-67.570682
669,KB_22_42657_19,Male,Killingbeck,2022,05/01/2022,15:25:59,05/01/2022 15:25,05/01/2022 12:25,-68.069768,-67.570691
670,KB_22_42657_19,Male,Killingbeck,2022,05/01/2022,15:35:58,05/01/2022 15:35,05/01/2022 12:35,-68.069637,-67.570682
671,KB_22_42657_19,Male,Killingbeck,2022,05/01/2022,15:45:52,05/01/2022 15:45,05/01/2022 12:45,-68.069541,-67.570682
672,KB_22_42657_19,Male,Killingbeck,2022,05/01/2022,15:55:51,05/01/2022 15:55,05/01/2022 12:55,-68.069739,-67.570743
673,KB_22_42657_19,Male,Killingbeck,2022,05/01/2022,16:05:50,05/01/2022 16:05,05/01/2022 13:05,-68.069589,-67.570671
674,KB_22_42657_19,Male,Killingbeck,2022,05/01/2022,16:15:45,05/01/2022 16:15,05/01/2022 13:15,-68.06961,-67.570646
675,KB_22_42657_19,Male,Killingbeck,2022,05/01/2022,16:25:44,05/01/2022 16:25,05/01/2022 13:25,-68.069573,-67.570662
676,KB_22_42657_19,Male,Killingbeck,2022,05/01/2022,16:35:43,05/01/2022 16:35,05/01/2022 13:35,-68.069574,-67.570673
677,KB_22_42657_19,Male,Killingbeck,2022,05/01/2022,16:45:37,05/01/2022 16:45,05/01/2022 13:45,-68.069662,-67.570674
678,KB_22_42657_19,Male,Killingbeck,2022,05/01/2022,16:55:36,05/01/2022 16:55,05/01/2022 13:55,-68.06961,-67.570644
679,KB_22_42657_19,Male,Killingbeck,2022,05/01/2022,17:05:35,05/01/2022 17:05,05/01/2022 14:05,-68.069553,-67.570734
680,KB_22_42657_19,Male,Killingbeck,2022,05/01/2022,17:15:30,05/01/2022 17:15,05/01/2022 14:15,-68.069622,-67.570741
681,KB_22_42657_19,Male,Killingbeck,2022,05/01/2022,17:25:29,05/01/2022 17:25,05/01/2022 14:25,-68.069574,-67.570713
682,KB_22_42657_19,Male,Killingbeck,2022,05/01/2022,17:35:30,05/01/2022 17:35,05/01/2022 14:35,-68.069439,-67.570542
683,KB_22_42657_19,Male,Killingbeck,2022,05/01/2022,17:45:22,05/01/2022 17:45,05/01/2022 14:45,-68.069674,-67.570696
684,KB_22_42657_19,Male,Killingbeck,2022,05/01/2022,17:55:20,05/01/2022 17:55,05/01/2022 14:55,-68.069745,-67.570713
685,KB_22_42657_19,Male,Killingbeck,2022,05/01/2022,18:05:20,05/01/2022 18:05,05/01/2022 15:05,-68.06983,-67.570716
686,KB_22_42657_19,Male,Killingbeck,2022,05/01/2022,18:15:15,05/01/2022 18:15,05/01/2022 15:15,-68.069776,-67.570725
687,KB_22_42657_19,Male,Killingbeck,2022,05/01/2022,18:25:14,05/01/2022 18:25,05/01/2022 15:25,-68.069848,-67.570747
688,KB_22_42657_19,Male,Killingbeck,2022,05/01/2022,18:35:20,05/01/2022 18:35,05/01/2022 15:35,-68.069837,-67.570825
689,KB_22_42657_19,Male,Killingbeck,2022,05/01/2022,18:45:07,05/01/2022 18:45,05/01/2022 15:45,-68.069828,-67.570697
690,KB_22_42657_19,Male,Killingbeck,2022,05/01/2022,18:55:05,05/01/2022 18:55,05/01/2022 15:55,-68.069481,-67.570629
691,KB_22_42657_19,Male,Killingbeck,2022,05/01/2022,19:05:04,05/01/2022 19:05,05/01/2022 16:05,-68.069482,-67.570653
692,KB_22_42657_19,Male,Killingbeck,2022,05/01/2022,19:14:58,05/01/2022 19:14,05/01/2022 16:14,-68.069624,-67.57062
693,KB_22_42657_19,Male,Killingbeck,2022,05/01/2022,19:24:57,05/01/2022 19:24,05/01/2022 16:24,-68.069514,-67.570662
694,KB_22_42657_19,Male,Killingbeck,2022,05/01/2022,19:34:59,05/01/2022 19:34,05/01/2022 16:34,-68.068897,-67.571919
695,KB_22_42657_19,Male,Killingbeck,2022,05/01/2022,19:44:51,05/01/2022 19:44,05/01/2022 16:44,-68.069562,-67.570467
696,KB_22_42657_19,Male,Killingbeck,2022,05/01/2022,19:54:51,05/01/2022 19:54,05/01/2022 16:54,-68.069548,-67.570595
697,KB_22_42657_19,Male,Killingbeck,2022,05/01/2022,20:04:52,05/01/2022 20:04,05/01/2022 17:04,-68.069711,-67.570656
698,KB_22_42657_19,Male,Killingbeck,2022,05/01/2022,20:14:52,05/01/2022 20:14,05/01/2022 17:14,-68.069686,-67.570657
699,KB_22_42657_19,Male,Killingbeck,2022,05/01/2022,20:24:43,05/01/2022 20:24,05/01/2022 17:24,-68.069313,-67.570734
700,KB_22_42657_19,Male,Killingbeck,2022,05/01/2022,20:34:44,05/01/2022 20:34,05/01/2022 17:34,-68.068576,-67.570808
701,KB_22_42657_19,Male,Killingbeck,2022,05/01/2022,20:44:36,05/01/2022 20:44,05/01/2022 17:44,-68.06952,-67.57067
702,KB_22_42657_19,Male,Killingbeck,2022,05/01/2022,20:54:35,05/01/2022 20:54,05/01/2022 17:54,-68.069701,-67.570724
703,KB_22_42657_19,Male,Killingbeck,2022,05/01/2022,21:04:34,05/01/2022 21:04,05/01/2022 18:04,-68.069409,-67.570676
704,KB_22_42657_19,Male,Killingbeck,2022,05/01/2022,21:14:28,05/01/2022 21:14,05/01/2022 18:14,-68.066226,-67.571758
705,KB_22_42657_19,Male,Killingbeck,2022,05/01/2022,21:24:27,05/01/2022 21:24,05/01/2022 18:24,-68.072013,-67.569637
706,KB_22_42657_19,Male,Killingbeck,2022,05/01/2022,21:34:25,05/01/2022 21:34,05/01/2022 18:34,-68.069419,-67.570612
707,KB_22_42657_19,Male,Killingbeck,2022,05/01/2022,21:44:22,05/01/2022 21:44,05/01/2022 18:44,-68.069117,-67.570726
708,KB_22_42657_19,Male,Killingbeck,2022,05/01/2022,21:54:22,05/01/2022 21:54,05/01/2022 18:54,-68.069036,-67.570773
709,KB_22_42657_19,Male,Killingbeck,2022,05/01/2022,22:04:19,05/01/2022 22:04,05/01/2022 19:04,-68.069318,-67.570652
710,KB_22_42657_19,Male,Killingbeck,2022,05/01/2022,22:14:13,05/01/2022 22:14,05/01/2022 19:14,-68.069895,-67.570499
711,KB_22_42657_19,Male,Killingbeck,2022,05/01/2022,22:24:12,05/01/2022 22:24,05/01/2022 19:24,-68.069065,-67.570799
712,KB_22_42657_19,Male,Killingbeck,2022,05/01/2022,22:34:11,05/01/2022 22:34,05/01/2022 19:34,-68.069338,-67.570749
713,KB_22_42657_19,Male,Killingbeck,2022,05/01/2022,22:44:18,05/01/2022 22:44,05/01/2022 19:44,-68.069248,-67.570699
714,KB_22_42657_19,Male,Killingbeck,2022,05/01/2022,22:54:02,05/01/2022 22:54,05/01/2022 19:54,-68.069374,-67.570731
715,KB_22_42657_19,Male,Killingbeck,2022,05/01/2022,23:04:02,05/01/2022 23:04,05/01/2022 20:04,-68.069395,-67.570658
716,KB_22_42657_19,Male,Killingbeck,2022,05/01/2022,23:13:56,05/01/2022 23:13,05/01/2022 20:13,-68.069705,-67.570562
717,KB_22_42657_19,Male,Killingbeck,2022,05/01/2022,23:23:58,05/01/2022 23:23,05/01/2022 20:23,-68.071285,-67.569984
718,KB_22_42657_19,Male,Killingbeck,2022,05/01/2022,23:34:07,05/01/2022 23:34,05/01/2022 20:34,-68.071331,-67.569784
719,KB_22_42657_19,Male,Killingbeck,2022,05/01/2022,23:43:55,05/01/2022 23:43,05/01/2022 20:43,-68.070929,-67.569688
720,KB_22_42657_19,Male,Killingbeck,2022,05/01/2022,23:53:48,05/01/2022 23:53,05/01/2022 20:53,-68.070535,-67.569674
721,KB_22_42657_19,Male,Killingbeck,2022,06/01/2022,00:03:45,06/01/2022 00:03,05/01/2022 21:03,-68.06946,-67.570699
722,KB_22_42657_19,Male,Killingbeck,2022,06/01/2022,00:13:38,06/01/2022 00:13,05/01/2022 21:13,-68.069434,-67.570574
723,KB_22_42657_19,Male,Killingbeck,2022,06/01/2022,00:23:37,06/01/2022 00:23,05/01/2022 21:23,-68.069444,-67.570562
724,KB_22_42657_19,Male,Killingbeck,2022,06/01/2022,00:33:37,06/01/2022 00:33,05/01/2022 21:33,-68.069369,-67.570675
725,KB_22_42657_19,Male,Killingbeck,2022,06/01/2022,00:43:30,06/01/2022 00:43,05/01/2022 21:43,-68.069454,-67.57072
726,KB_22_42657_19,Male,Killingbeck,2022,06/01/2022,00:53:29,06/01/2022 00:53,05/01/2022 21:53,-68.069452,-67.570651
727,KB_22_42657_19,Male,Killingbeck,2022,06/01/2022,01:03:29,06/01/2022 01:03,05/01/2022 22:03,-68.069451,-67.570612
728,KB_22_42657_19,Male,Killingbeck,2022,06/01/2022,01:13:23,06/01/2022 01:13,05/01/2022 22:13,-68.069464,-67.570657
729,KB_22_42657_19,Male,Killingbeck,2022,06/01/2022,01:23:21,06/01/2022 01:23,05/01/2022 22:23,-68.069472,-67.570626
730,KB_22_42657_19,Male,Killingbeck,2022,06/01/2022,01:33:20,06/01/2022 01:33,05/01/2022 22:33,-68.070354,-67.570284
731,KB_22_42657_19,Male,Killingbeck,2022,06/01/2022,01:43:16,06/01/2022 01:43,05/01/2022 22:43,-68.069591,-67.570678
732,KB_22_42657_19,Male,Killingbeck,2022,06/01/2022,01:53:14,06/01/2022 01:53,05/01/2022 22:53,-68.045576,-67.538461
733,KB_22_42657_19,Male,Killingbeck,2022,06/01/2022,02:03:13,06/01/2022 02:03,05/01/2022 23:03,-67.975104,-67.471529
734,KB_22_42657_19,Male,Killingbeck,2022,06/01/2022,02:13:09,06/01/2022 02:13,05/01/2022 23:13,-67.957692,-67.45297
735,KB_22_42657_19,Male,Killingbeck,2022,06/01/2022,02:23:08,06/01/2022 02:23,05/01/2022 23:23,-67.95835,-67.452919
736,KB_22_42657_19,Male,Killingbeck,2022,06/01/2022,02:33:07,06/01/2022 02:33,05/01/2022 23:33,-67.9096,-67.441626
737,KB_22_42657_19,Male,Killingbeck,2022,06/01/2022,02:43:23,06/01/2022 02:43,05/01/2022 23:43,-67.904788,-67.450657
738,KB_22_42657_19,Male,Killingbeck,2022,06/01/2022,02:53:43,06/01/2022 02:53,05/01/2022 23:53,-67.904626,-67.448031
739,KB_22_42657_19,Male,Killingbeck,2022,06/01/2022,03:03:42,06/01/2022 03:03,06/01/2022 00:03,-67.923143,-67.43857
740,KB_22_42657_19,Male,Killingbeck,2022,06/01/2022,03:13:37,06/01/2022 03:13,06/01/2022 00:13,-67.915202,-67.441302
741,KB_22_42657_19,Male,Killingbeck,2022,06/01/2022,03:23:36,06/01/2022 03:23,06/01/2022 00:23,-67.915334,-67.441782
742,KB_22_42657_19,Male,Killingbeck,2022,06/01/2022,03:33:36,06/01/2022 03:33,06/01/2022 00:33,-67.915246,-67.441328
743,KB_22_42657_19,Male,Killingbeck,2022,06/01/2022,03:43:36,06/01/2022 03:43,06/01/2022 00:43,-67.915399,-67.441324
744,KB_22_42657_19,Male,Killingbeck,2022,06/01/2022,03:53:35,06/01/2022 03:53,06/01/2022 00:53,-67.915249,-67.441361
745,KB_22_42657_19,Male,Killingbeck,2022,06/01/2022,04:03:34,06/01/2022 04:03,06/01/2022 01:03,-67.914477,-67.441261
746,KB_22_42657_19,Male,Killingbeck,2022,06/01/2022,04:13:37,06/01/2022 04:13,06/01/2022 01:13,-67.914684,-67.441144
747,KB_22_42657_19,Male,Killingbeck,2022,06/01/2022,04:23:36,06/01/2022 04:23,06/01/2022 01:23,-67.913432,-67.442464
748,KB_22_42657_19,Male,Killingbeck,2022,06/01/2022,04:33:34,06/01/2022 04:33,06/01/2022 01:33,-67.91459,-67.446382
749,KB_22_42657_19,Male,Killingbeck,2022,06/01/2022,04:43:35,06/01/2022 04:43,06/01/2022 01:43,-67.91471,-67.446528
750,KB_22_42657_19,Male,Killingbeck,2022,06/01/2022,04:53:34,06/01/2022 04:53,06/01/2022 01:53,-67.914637,-67.446561
751,KB_22_42657_19,Male,Killingbeck,2022,06/01/2022,05:03:34,06/01/2022 05:03,06/01/2022 02:03,-67.914705,-67.446556
752,KB_22_42657_19,Male,Killingbeck,2022,06/01/2022,05:13:27,06/01/2022 05:13,06/01/2022 02:13,-67.914432,-67.446523
753,KB_22_42657_19,Male,Killingbeck,2022,06/01/2022,05:23:27,06/01/2022 05:23,06/01/2022 02:23,-67.914689,-67.446614
754,KB_22_42657_19,Male,Killingbeck,2022,06/01/2022,05:33:26,06/01/2022 05:33,06/01/2022 02:33,-67.914385,-67.44658
755,KB_22_42657_19,Male,Killingbeck,2022,06/01/2022,05:43:20,06/01/2022 05:43,06/01/2022 02:43,-67.914504,-67.44651
756,KB_22_42657_19,Male,Killingbeck,2022,06/01/2022,05:53:19,06/01/2022 05:53,06/01/2022 02:53,-67.913313,-67.446017
757,KB_22_42657_19,Male,Killingbeck,2022,06/01/2022,06:03:18,06/01/2022 06:03,06/01/2022 03:03,-67.913862,-67.446753
758,KB_22_42657_19,Male,Killingbeck,2022,06/01/2022,06:13:35,06/01/2022 06:13,06/01/2022 03:13,-67.914498,-67.447548
759,KB_22_42657_19,Male,Killingbeck,2022,06/01/2022,06:23:33,06/01/2022 06:23,06/01/2022 03:23,-67.913461,-67.447457
760,KB_22_42657_19,Male,Killingbeck,2022,06/01/2022,06:33:32,06/01/2022 06:33,06/01/2022 03:33,-67.913669,-67.450985
761,KB_22_42657_19,Male,Killingbeck,2022,06/01/2022,06:43:26,06/01/2022 06:43,06/01/2022 03:43,-67.913793,-67.45083
762,KB_22_42657_19,Male,Killingbeck,2022,06/01/2022,06:53:25,06/01/2022 06:53,06/01/2022 03:53,-67.913739,-67.450986
763,KB_22_42657_19,Male,Killingbeck,2022,06/01/2022,07:04:05,06/01/2022 07:04,06/01/2022 04:04,-67.910701,-67.452884
764,KB_22_42657_19,Male,Killingbeck,2022,06/01/2022,07:14:19,06/01/2022 07:14,06/01/2022 04:14,-67.948557,-67.463679
765,KB_22_42657_19,Male,Killingbeck,2022,06/01/2022,07:24:18,06/01/2022 07:24,06/01/2022 04:24,-68.005615,-67.487102
766,KB_22_42657_19,Male,Killingbeck,2022,06/01/2022,07:34:17,06/01/2022 07:34,06/01/2022 04:34,-68.069465,-67.570643
767,KB_22_42657_19,Male,Killingbeck,2022,06/01/2022,07:44:11,06/01/2022 07:44,06/01/2022 04:44,-68.06901,-67.570329
768,KB_22_42657_19,Male,Killingbeck,2022,06/01/2022,07:54:10,06/01/2022 07:54,06/01/2022 04:54,-68.069573,-67.570696
769,KB_22_42657_19,Male,Killingbeck,2022,06/01/2022,08:04:12,06/01/2022 08:04,06/01/2022 05:04,-68.064519,-67.571354
770,KB_22_42657_19,Male,Killingbeck,2022,06/01/2022,08:14:04,06/01/2022 08:14,06/01/2022 05:14,-68.069308,-67.57087
771,KB_22_42657_19,Male,Killingbeck,2022,06/01/2022,08:24:02,06/01/2022 08:24,06/01/2022 05:24,-68.069583,-67.57065
772,KB_22_42657_19,Male,Killingbeck,2022,06/01/2022,08:34:03,06/01/2022 08:34,06/01/2022 05:34,-68.069202,-67.570737
773,KB_22_42657_19,Male,Killingbeck,2022,06/01/2022,08:43:56,06/01/2022 08:43,06/01/2022 05:43,-68.069717,-67.570477
774,KB_22_42657_19,Male,Killingbeck,2022,06/01/2022,08:53:56,06/01/2022 08:53,06/01/2022 05:53,-68.069555,-67.57059
775,KB_22_42657_19,Male,Killingbeck,2022,06/01/2022,09:03:57,06/01/2022 09:03,06/01/2022 06:03,-68.069502,-67.570597
776,KB_22_42657_19,Male,Killingbeck,2022,06/01/2022,09:13:51,06/01/2022 09:13,06/01/2022 06:13,-68.070196,-67.569751
777,KB_22_42657_19,Male,Killingbeck,2022,06/01/2022,09:23:47,06/01/2022 09:23,06/01/2022 06:23,-68.069431,-67.570253
778,KB_22_42657_19,Male,Killingbeck,2022,06/01/2022,09:33:47,06/01/2022 09:33,06/01/2022 06:33,-68.069433,-67.570593
779,KB_22_42657_19,Male,Killingbeck,2022,06/01/2022,09:43:47,06/01/2022 09:43,06/01/2022 06:43,-68.06938,-67.570389
780,KB_22_42657_19,Male,Killingbeck,2022,06/01/2022,09:53:45,06/01/2022 09:53,06/01/2022 06:53,-68.069344,-67.570599
781,KB_22_42657_19,Male,Killingbeck,2022,06/01/2022,10:03:44,06/01/2022 10:03,06/01/2022 07:03,-68.069314,-67.570592
782,KB_22_42657_19,Male,Killingbeck,2022,06/01/2022,10:13:45,06/01/2022 10:13,06/01/2022 07:13,-68.069236,-67.570349
783,KB_22_42657_19,Male,Killingbeck,2022,06/01/2022,10:23:45,06/01/2022 10:23,06/01/2022 07:23,-68.069302,-67.570579
784,KB_22_42657_19,Male,Killingbeck,2022,06/01/2022,10:33:44,06/01/2022 10:33,06/01/2022 07:33,-68.069224,-67.570603
785,KB_22_42657_19,Male,Killingbeck,2022,06/01/2022,10:43:47,06/01/2022 10:43,06/01/2022 07:43,-68.069138,-67.570549
786,KB_22_42657_19,Male,Killingbeck,2022,06/01/2022,10:53:46,06/01/2022 10:53,06/01/2022 07:53,-68.06918,-67.57051
787,KB_22_42657_19,Male,Killingbeck,2022,06/01/2022,11:03:42,06/01/2022 11:03,06/01/2022 08:03,-68.069271,-67.570728
788,KB_22_42657_19,Male,Killingbeck,2022,06/01/2022,11:13:44,06/01/2022 11:13,06/01/2022 08:13,-68.069168,-67.570738
789,KB_22_42657_19,Male,Killingbeck,2022,06/01/2022,11:23:43,06/01/2022 11:23,06/01/2022 08:23,-68.068818,-67.570609
790,KB_22_42657_19,Male,Killingbeck,2022,06/01/2022,11:33:42,06/01/2022 11:33,06/01/2022 08:33,-68.068922,-67.570646
791,KB_22_42657_19,Male,Killingbeck,2022,06/01/2022,11:43:43,06/01/2022 11:43,06/01/2022 08:43,-68.06911,-67.570689
792,KB_22_42657_19,Male,Killingbeck,2022,06/01/2022,11:53:42,06/01/2022 11:53,06/01/2022 08:53,-68.069489,-67.570606
793,KB_22_42657_19,Male,Killingbeck,2022,06/01/2022,12:03:41,06/01/2022 12:03,06/01/2022 09:03,-68.069507,-67.570572
794,KB_22_42657_19,Male,Killingbeck,2022,06/01/2022,12:13:43,06/01/2022 12:13,06/01/2022 09:13,-68.068598,-67.570469
795,KB_22_42657_19,Male,Killingbeck,2022,06/01/2022,12:23:41,06/01/2022 12:23,06/01/2022 09:23,-68.069471,-67.570673
796,KB_22_42657_19,Male,Killingbeck,2022,06/01/2022,12:33:41,06/01/2022 12:33,06/01/2022 09:33,-68.069444,-67.570657
797,KB_22_42657_19,Male,Killingbeck,2022,06/01/2022,12:43:44,06/01/2022 12:43,06/01/2022 09:43,-68.069443,-67.570653
798,KB_22_42657_19,Male,Killingbeck,2022,06/01/2022,12:53:42,06/01/2022 12:53,06/01/2022 09:53,-68.069472,-67.570655
799,KB_22_42657_19,Male,Killingbeck,2022,06/01/2022,13:03:41,06/01/2022 13:03,06/01/2022 10:03,-68.069576,-67.570688
800,KB_22_42657_19,Male,Killingbeck,2022,06/01/2022,13:13:42,06/01/2022 13:13,06/01/2022 10:13,-68.069459,-67.570643
801,KB_22_42657_19,Male,Killingbeck,2022,06/01/2022,13:23:41,06/01/2022 13:23,06/01/2022 10:23,-68.069532,-67.570721
802,KB_22_42657_19,Male,Killingbeck,2022,06/01/2022,13:33:40,06/01/2022 13:33,06/01/2022 10:33,-68.069351,-67.570712
803,KB_22_42657_19,Male,Killingbeck,2022,06/01/2022,13:43:46,06/01/2022 13:43,06/01/2022 10:43,-68.069341,-67.570709
804,KB_22_42657_19,Male,Killingbeck,2022,06/01/2022,13:53:42,06/01/2022 13:53,06/01/2022 10:53,-68.06956,-67.57066
805,KB_22_42657_19,Male,Killingbeck,2022,06/01/2022,14:03:43,06/01/2022 14:03,06/01/2022 11:03,-68.069355,-67.57073
806,KB_22_42657_19,Male,Killingbeck,2022,06/01/2022,14:13:42,06/01/2022 14:13,06/01/2022 11:13,-68.069444,-67.570704
807,KB_22_42657_19,Male,Killingbeck,2022,06/01/2022,14:23:41,06/01/2022 14:23,06/01/2022 11:23,-68.069505,-67.570691
808,KB_22_42657_19,Male,Killingbeck,2022,06/01/2022,14:33:41,06/01/2022 14:33,06/01/2022 11:33,-68.069315,-67.570638
809,KB_22_42657_19,Male,Killingbeck,2022,06/01/2022,14:43:43,06/01/2022 14:43,06/01/2022 11:43,-68.069518,-67.570719
810,KB_22_42657_19,Male,Killingbeck,2022,06/01/2022,14:53:41,06/01/2022 14:53,06/01/2022 11:53,-68.069615,-67.570776
811,KB_22_42657_19,Male,Killingbeck,2022,06/01/2022,15:03:40,06/01/2022 15:03,06/01/2022 12:03,-68.069644,-67.570718
812,KB_22_42657_19,Male,Killingbeck,2022,06/01/2022,15:13:42,06/01/2022 15:13,06/01/2022 12:13,-68.069468,-67.570659
813,KB_22_42657_19,Male,Killingbeck,2022,06/01/2022,15:23:42,06/01/2022 15:23,06/01/2022 12:23,-68.069447,-67.570679
814,KB_22_42657_19,Male,Killingbeck,2022,06/01/2022,15:33:40,06/01/2022 15:33,06/01/2022 12:33,-68.069631,-67.570712
815,KB_22_42657_19,Male,Killingbeck,2022,06/01/2022,15:43:42,06/01/2022 15:43,06/01/2022 12:43,-68.069638,-67.570687
816,KB_22_42657_19,Male,Killingbeck,2022,06/01/2022,15:53:41,06/01/2022 15:53,06/01/2022 12:53,-68.069551,-67.570707
817,KB_22_42657_19,Male,Killingbeck,2022,06/01/2022,16:03:43,06/01/2022 16:03,06/01/2022 13:03,-68.069608,-67.57051
818,KB_22_42657_19,Male,Killingbeck,2022,06/01/2022,16:13:46,06/01/2022 16:13,06/01/2022 13:13,-68.06944,-67.570429
819,KB_22_42657_19,Male,Killingbeck,2022,06/01/2022,16:23:43,06/01/2022 16:23,06/01/2022 13:23,-68.069536,-67.570686
820,KB_22_42657_19,Male,Killingbeck,2022,06/01/2022,16:33:41,06/01/2022 16:33,06/01/2022 13:33,-68.069542,-67.570688
821,KB_22_42657_19,Male,Killingbeck,2022,06/01/2022,16:43:43,06/01/2022 16:43,06/01/2022 13:43,-68.069586,-67.570697
822,KB_22_42657_19,Male,Killingbeck,2022,06/01/2022,16:53:43,06/01/2022 16:53,06/01/2022 13:53,-68.069677,-67.570736
823,KB_22_42657_19,Male,Killingbeck,2022,06/01/2022,17:03:41,06/01/2022 17:03,06/01/2022 14:03,-68.069459,-67.570703
824,KB_22_42657_19,Male,Killingbeck,2022,06/01/2022,17:13:42,06/01/2022 17:13,06/01/2022 14:13,-68.069599,-67.570619
825,KB_22_42657_19,Male,Killingbeck,2022,06/01/2022,17:23:43,06/01/2022 17:23,06/01/2022 14:23,-68.069612,-67.570696
826,KB_22_42657_19,Male,Killingbeck,2022,06/01/2022,17:33:42,06/01/2022 17:33,06/01/2022 14:33,-68.069575,-67.570654
827,KB_22_42657_19,Male,Killingbeck,2022,06/01/2022,17:43:40,06/01/2022 17:43,06/01/2022 14:43,-68.069886,-67.570761
828,KB_22_42657_19,Male,Killingbeck,2022,06/01/2022,17:53:39,06/01/2022 17:53,06/01/2022 14:53,-68.069696,-67.570713
829,KB_22_42657_19,Male,Killingbeck,2022,06/01/2022,18:03:42,06/01/2022 18:03,06/01/2022 15:03,-68.069684,-67.570654
830,KB_22_42657_19,Male,Killingbeck,2022,06/01/2022,18:13:40,06/01/2022 18:13,06/01/2022 15:13,-68.069786,-67.570742
831,KB_22_42657_19,Male,Killingbeck,2022,06/01/2022,18:23:52,06/01/2022 18:23,06/01/2022 15:23,-68.069866,-67.570942
832,KB_22_42657_19,Male,Killingbeck,2022,06/01/2022,18:33:40,06/01/2022 18:33,06/01/2022 15:33,-68.069998,-67.57097
833,KB_22_42657_19,Male,Killingbeck,2022,06/01/2022,18:43:38,06/01/2022 18:43,06/01/2022 15:43,-68.069932,-67.570893
834,KB_22_42657_19,Male,Killingbeck,2022,06/01/2022,18:53:37,06/01/2022 18:53,06/01/2022 15:53,-68.069402,-67.570719
835,KB_22_42657_19,Male,Killingbeck,2022,06/01/2022,19:03:36,06/01/2022 19:03,06/01/2022 16:03,-68.069784,-67.570758
836,KB_22_42657_19,Male,Killingbeck,2022,06/01/2022,19:13:35,06/01/2022 19:13,06/01/2022 16:13,-68.069521,-67.570653
837,KB_22_42657_19,Male,Killingbeck,2022,06/01/2022,19:23:34,06/01/2022 19:23,06/01/2022 16:23,-68.069537,-67.570667
838,KB_22_42657_19,Male,Killingbeck,2022,06/01/2022,19:33:34,06/01/2022 19:33,06/01/2022 16:33,-68.069591,-67.570629
839,KB_22_42657_19,Male,Killingbeck,2022,06/01/2022,19:43:28,06/01/2022 19:43,06/01/2022 16:43,-68.069576,-67.570669
840,KB_22_42657_19,Male,Killingbeck,2022,06/01/2022,19:53:26,06/01/2022 19:53,06/01/2022 16:53,-68.069533,-67.570672
841,KB_22_42657_19,Male,Killingbeck,2022,06/01/2022,20:03:27,06/01/2022 20:03,06/01/2022 17:03,-68.069641,-67.570736
842,KB_22_42657_19,Male,Killingbeck,2022,06/01/2022,20:13:21,06/01/2022 20:13,06/01/2022 17:13,-68.069621,-67.570691
843,KB_22_42657_19,Male,Killingbeck,2022,06/01/2022,20:23:20,06/01/2022 20:23,06/01/2022 17:23,-68.069854,-67.57078
844,KB_22_42657_19,Male,Killingbeck,2022,06/01/2022,20:33:19,06/01/2022 20:33,06/01/2022 17:33,-68.069366,-67.570571
845,KB_22_42657_19,Male,Killingbeck,2022,06/01/2022,20:43:13,06/01/2022 20:43,06/01/2022 17:43,-68.069396,-67.570669
846,KB_22_42657_19,Male,Killingbeck,2022,06/01/2022,20:53:14,06/01/2022 20:53,06/01/2022 17:53,-68.068613,-67.570904
847,KB_22_42657_19,Male,Killingbeck,2022,06/01/2022,21:03:11,06/01/2022 21:03,06/01/2022 18:03,-68.06953,-67.570631
848,KB_22_42657_19,Male,Killingbeck,2022,06/01/2022,21:13:04,06/01/2022 21:13,06/01/2022 18:13,-68.06946,-67.570621
849,KB_22_42657_19,Male,Killingbeck,2022,06/01/2022,21:23:06,06/01/2022 21:23,06/01/2022 18:23,-68.069159,-67.570676
850,KB_22_42657_19,Male,Killingbeck,2022,06/01/2022,21:33:05,06/01/2022 21:33,06/01/2022 18:33,-68.069116,-67.570709
851,KB_22_42657_19,Male,Killingbeck,2022,06/01/2022,21:42:58,06/01/2022 21:42,06/01/2022 18:42,-68.069586,-67.570651
852,KB_22_42657_19,Male,Killingbeck,2022,06/01/2022,21:52:57,06/01/2022 21:52,06/01/2022 18:52,-68.069621,-67.570622
853,KB_22_42657_19,Male,Killingbeck,2022,06/01/2022,22:02:56,06/01/2022 22:02,06/01/2022 19:02,-68.069664,-67.570582
854,KB_22_42657_19,Male,Killingbeck,2022,06/01/2022,22:12:50,06/01/2022 22:12,06/01/2022 19:12,-68.069031,-67.570836
855,KB_22_42657_19,Male,Killingbeck,2022,06/01/2022,22:22:48,06/01/2022 22:22,06/01/2022 19:22,-68.069444,-67.570695
856,KB_22_42657_19,Male,Killingbeck,2022,06/01/2022,22:32:49,06/01/2022 22:32,06/01/2022 19:32,-68.069613,-67.570549
857,KB_22_42657_19,Male,Killingbeck,2022,06/01/2022,22:42:41,06/01/2022 22:42,06/01/2022 19:42,-68.06951,-67.570737
858,KB_22_42657_19,Male,Killingbeck,2022,06/01/2022,22:52:41,06/01/2022 22:52,06/01/2022 19:52,-68.069343,-67.570693
859,KB_22_42657_19,Male,Killingbeck,2022,06/01/2022,23:02:48,06/01/2022 23:02,06/01/2022 20:02,-68.06386,-67.566828
860,KB_22_42657_19,Male,Killingbeck,2022,06/01/2022,23:12:38,06/01/2022 23:12,06/01/2022 20:12,-68.064906,-67.539261
861,KB_22_42657_19,Male,Killingbeck,2022,06/01/2022,23:22:38,06/01/2022 23:22,06/01/2022 20:22,-68.063636,-67.537815
862,KB_22_42657_19,Male,Killingbeck,2022,06/01/2022,23:32:36,06/01/2022 23:32,06/01/2022 20:32,-68.06349,-67.537876
863,KB_22_42657_19,Male,Killingbeck,2022,06/01/2022,23:43:00,06/01/2022 23:43,06/01/2022 20:43,-68.061408,-67.537912
864,KB_22_42657_19,Male,Killingbeck,2022,06/01/2022,23:53:01,06/01/2022 23:53,06/01/2022 20:53,-68.01451,-67.490033
865,KB_22_42657_19,Male,Killingbeck,2022,07/01/2022,00:03:00,07/01/2022 00:03,06/01/2022 21:03,-68.000052,-67.475805
866,KB_22_42657_19,Male,Killingbeck,2022,07/01/2022,00:13:01,07/01/2022 00:13,06/01/2022 21:13,-67.959234,-67.457169
867,KB_22_42657_19,Male,Killingbeck,2022,07/01/2022,00:23:00,07/01/2022 00:23,06/01/2022 21:23,-67.952054,-67.453178
868,KB_22_42657_19,Male,Killingbeck,2022,07/01/2022,00:33:00,07/01/2022 00:33,06/01/2022 21:33,-67.947894,-67.452478
869,KB_22_42657_19,Male,Killingbeck,2022,07/01/2022,00:43:02,07/01/2022 00:43,06/01/2022 21:43,-67.947851,-67.452259
870,KB_22_42657_19,Male,Killingbeck,2022,07/01/2022,00:53:02,07/01/2022 00:53,06/01/2022 21:53,-67.94759,-67.452291
871,KB_22_42657_19,Male,Killingbeck,2022,07/01/2022,01:03:00,07/01/2022 01:03,06/01/2022 22:03,-67.947454,-67.452299
872,KB_22_42657_19,Male,Killingbeck,2022,07/01/2022,01:13:03,07/01/2022 01:13,06/01/2022 22:13,-67.947516,-67.452343
873,KB_22_42657_19,Male,Killingbeck,2022,07/01/2022,01:23:02,07/01/2022 01:23,06/01/2022 22:23,-67.947642,-67.452253
874,KB_22_42657_19,Male,Killingbeck,2022,07/01/2022,01:33:02,07/01/2022 01:33,06/01/2022 22:33,-67.947477,-67.452405
875,KB_22_42657_19,Male,Killingbeck,2022,07/01/2022,01:45:02,07/01/2022 01:45,06/01/2022 22:45,-67.950086,-67.452736
876,KB_22_42657_19,Male,Killingbeck,2022,07/01/2022,01:55:02,07/01/2022 01:55,06/01/2022 22:55,-67.946912,-67.452375
877,KB_22_42657_19,Male,Killingbeck,2022,07/01/2022,02:05:01,07/01/2022 02:05,06/01/2022 23:05,-67.947993,-67.451663
878,KB_22_42657_19,Male,Killingbeck,2022,07/01/2022,02:15:03,07/01/2022 02:15,06/01/2022 23:15,-67.949224,-67.452535
879,KB_22_42657_19,Male,Killingbeck,2022,07/01/2022,02:25:02,07/01/2022 02:25,06/01/2022 23:25,-67.949643,-67.452677
880,KB_22_42657_19,Male,Killingbeck,2022,07/01/2022,02:36:35,07/01/2022 02:36,06/01/2022 23:36,-67.948546,-67.452065
881,KB_22_42657_19,Male,Killingbeck,2022,07/01/2022,02:47:14,07/01/2022 02:47,06/01/2022 23:47,-67.958123,-67.452563
882,KB_22_42657_19,Male,Killingbeck,2022,07/01/2022,02:57:19,07/01/2022 02:57,06/01/2022 23:57,-67.947742,-67.451689
883,KB_22_42718_27,Female,Killingbeck,2022,04/01/2022,00:12:48,04/01/2022 00:12,03/01/2022 21:12,0,0
884,KB_22_42718_27,Female,Killingbeck,2022,04/01/2022,00:22:39,04/01/2022 00:22,03/01/2022 21:22,-68.067495,-67.569563
885,KB_22_42718_27,Female,Killingbeck,2022,04/01/2022,00:32:40,04/01/2022 00:32,03/01/2022 21:32,-68.067651,-67.569535
886,KB_22_42718_27,Female,Killingbeck,2022,04/01/2022,00:42:37,04/01/2022 00:42,03/01/2022 21:42,-68.067534,-67.569573
887,KB_22_42718_27,Female,Killingbeck,2022,04/01/2022,00:52:38,04/01/2022 00:52,03/01/2022 21:52,-68.067607,-67.569542
888,KB_22_42718_27,Female,Killingbeck,2022,04/01/2022,01:02:35,04/01/2022 01:02,03/01/2022 22:02,-68.067541,-67.569576
889,KB_22_42718_27,Female,Killingbeck,2022,04/01/2022,01:12:33,04/01/2022 01:12,03/01/2022 22:12,-68.067636,-67.569514
890,KB_22_42718_27,Female,Killingbeck,2022,04/01/2022,01:22:35,04/01/2022 01:22,03/01/2022 22:22,-68.06742,-67.569596
891,KB_22_42718_27,Female,Killingbeck,2022,04/01/2022,01:32:31,04/01/2022 01:32,03/01/2022 22:32,-68.067353,-67.569532
892,KB_22_42718_27,Female,Killingbeck,2022,04/01/2022,01:42:30,04/01/2022 01:42,03/01/2022 22:42,-68.067975,-67.569317
893,KB_22_42718_27,Female,Killingbeck,2022,04/01/2022,01:52:24,04/01/2022 01:52,03/01/2022 22:52,-68.064516,-67.569349
894,KB_22_42718_27,Female,Killingbeck,2022,04/01/2022,02:02:23,04/01/2022 02:02,03/01/2022 23:02,-68.067894,-67.56946
895,KB_22_42718_27,Female,Killingbeck,2022,04/01/2022,02:12:22,04/01/2022 02:12,03/01/2022 23:12,-68.068913,-67.570398
896,KB_22_42718_27,Female,Killingbeck,2022,04/01/2022,02:22:17,04/01/2022 02:22,03/01/2022 23:22,-67.930013,-67.55208
897,KB_22_42718_27,Female,Killingbeck,2022,04/01/2022,02:34:09,04/01/2022 02:34,03/01/2022 23:34,-67.80841,-67.54658
898,KB_22_42718_27,Female,Killingbeck,2022,04/01/2022,02:44:06,04/01/2022 02:44,03/01/2022 23:44,-67.803065,-67.54816
899,KB_22_42718_27,Female,Killingbeck,2022,04/01/2022,02:54:00,04/01/2022 02:54,03/01/2022 23:54,-67.803112,-67.54817
900,KB_22_42718_27,Female,Killingbeck,2022,04/01/2022,03:03:58,04/01/2022 03:03,04/01/2022 00:03,-67.803146,-67.548166
901,KB_22_42718_27,Female,Killingbeck,2022,04/01/2022,03:13:58,04/01/2022 03:13,04/01/2022 00:13,-67.803341,-67.548172
902,KB_22_42718_27,Female,Killingbeck,2022,04/01/2022,03:25:02,04/01/2022 03:25,04/01/2022 00:25,-67.800534,-67.546303
903,KB_22_42718_27,Female,Killingbeck,2022,04/01/2022,03:35:57,04/01/2022 03:35,04/01/2022 00:35,-67.787306,-67.547318
904,KB_22_42718_27,Female,Killingbeck,2022,04/01/2022,03:45:57,04/01/2022 03:45,04/01/2022 00:45,-67.787197,-67.546984
905,KB_22_42718_27,Female,Killingbeck,2022,04/01/2022,03:55:50,04/01/2022 03:55,04/01/2022 00:55,-67.784604,-67.547214
906,KB_22_42718_27,Female,Killingbeck,2022,04/01/2022,04:05:49,04/01/2022 04:05,04/01/2022 01:05,-67.784789,-67.547485
907,KB_22_42718_27,Female,Killingbeck,2022,04/01/2022,04:17:53,04/01/2022 04:17,04/01/2022 01:17,-67.784074,-67.547307
908,KB_22_42718_27,Female,Killingbeck,2022,04/01/2022,04:27:50,04/01/2022 04:27,04/01/2022 01:27,-67.784968,-67.547449
909,KB_22_42718_27,Female,Killingbeck,2022,04/01/2022,04:37:54,04/01/2022 04:37,04/01/2022 01:37,-67.786221,-67.547586
910,KB_22_42718_27,Female,Killingbeck,2022,04/01/2022,04:47:51,04/01/2022 04:47,04/01/2022 01:47,-67.786226,-67.548202
911,KB_22_42718_27,Female,Killingbeck,2022,04/01/2022,04:57:39,04/01/2022 04:57,04/01/2022 01:57,-67.78625,-67.547378
912,KB_22_42718_27,Female,Killingbeck,2022,04/01/2022,05:07:40,04/01/2022 05:07,04/01/2022 02:07,-67.785635,-67.547574
913,KB_22_42718_27,Female,Killingbeck,2022,04/01/2022,05:17:37,04/01/2022 05:17,04/01/2022 02:17,-67.78484,-67.547285
914,KB_22_42718_27,Female,Killingbeck,2022,04/01/2022,05:27:31,04/01/2022 05:27,04/01/2022 02:27,-67.784503,-67.547169
915,KB_22_42718_27,Female,Killingbeck,2022,04/01/2022,05:37:30,04/01/2022 05:37,04/01/2022 02:37,-68.2696716,-67.20032896
916,KB_22_42718_27,Female,Killingbeck,2022,04/01/2022,05:47:37,04/01/2022 05:47,04/01/2022 02:47,-67.785094,-67.546982
917,KB_22_42718_27,Female,Killingbeck,2022,04/01/2022,05:57:23,04/01/2022 05:57,04/01/2022 02:57,-67.784713,-67.547128
918,KB_22_42718_27,Female,Killingbeck,2022,04/01/2022,06:07:24,04/01/2022 06:07,04/01/2022 03:07,-67.783997,-67.546966
919,KB_22_42718_27,Female,Killingbeck,2022,04/01/2022,06:17:21,04/01/2022 06:17,04/01/2022 03:17,-67.78511,-67.5472
920,KB_22_42718_27,Female,Killingbeck,2022,04/01/2022,06:27:15,04/01/2022 06:27,04/01/2022 03:27,-67.785215,-67.5468
921,KB_22_42718_27,Female,Killingbeck,2022,04/01/2022,06:37:14,04/01/2022 06:37,04/01/2022 03:37,-68.070064,-67.570213
922,KB_22_42718_27,Female,Killingbeck,2022,04/01/2022,06:47:14,04/01/2022 06:47,04/01/2022 03:47,-68.06963,-67.570726
923,KB_22_42718_27,Female,Killingbeck,2022,04/01/2022,06:57:17,04/01/2022 06:57,04/01/2022 03:57,-68.069508,-67.570627
924,KB_22_42718_27,Female,Killingbeck,2022,04/01/2022,07:07:06,04/01/2022 07:07,04/01/2022 04:07,-68.070105,-67.570812
925,KB_22_42718_27,Female,Killingbeck,2022,04/01/2022,07:17:15,04/01/2022 07:17,04/01/2022 04:17,-68.070043,-67.570887
926,KB_22_42718_27,Female,Killingbeck,2022,04/01/2022,07:26:59,04/01/2022 07:26,04/01/2022 04:26,-68.03825,-67.566749
927,KB_22_42718_27,Female,Killingbeck,2022,04/01/2022,07:36:58,04/01/2022 07:36,04/01/2022 04:36,-68.068652,-67.570488
928,KB_22_42718_27,Female,Killingbeck,2022,04/01/2022,07:46:57,04/01/2022 07:46,04/01/2022 04:46,-67.994852,-67.564112
929,KB_22_42718_27,Female,Killingbeck,2022,04/01/2022,07:56:51,04/01/2022 07:56,04/01/2022 04:56,-67.84776,-67.551639
930,KB_22_42718_27,Female,Killingbeck,2022,04/01/2022,08:06:51,04/01/2022 08:06,04/01/2022 05:06,-67.802237,-67.546561
931,KB_22_42718_27,Female,Killingbeck,2022,04/01/2022,08:16:51,04/01/2022 08:16,04/01/2022 05:16,-67.783936,-67.546817
932,KB_22_42718_27,Female,Killingbeck,2022,04/01/2022,08:28:12,04/01/2022 08:28,04/01/2022 05:28,-67.786336,-67.547568
933,KB_22_42718_27,Female,Killingbeck,2022,04/01/2022,08:38:12,04/01/2022 08:38,04/01/2022 05:38,-67.785412,-67.547102
934,KB_22_42718_27,Female,Killingbeck,2022,04/01/2022,08:48:12,04/01/2022 08:48,04/01/2022 05:48,-67.78555,-67.547072
935,KB_22_42718_27,Female,Killingbeck,2022,04/01/2022,08:58:15,04/01/2022 08:58,04/01/2022 05:58,-67.784528,-67.546787
936,KB_22_42718_27,Female,Killingbeck,2022,04/01/2022,09:08:15,04/01/2022 09:08,04/01/2022 06:08,-67.785048,-67.546611
937,KB_22_42718_27,Female,Killingbeck,2022,04/01/2022,09:18:00,04/01/2022 09:18,04/01/2022 06:18,-67.785616,-67.547354
938,KB_22_42718_27,Female,Killingbeck,2022,04/01/2022,09:28:05,04/01/2022 09:28,04/01/2022 06:28,-67.784775,-67.547656
939,KB_22_42718_27,Female,Killingbeck,2022,04/01/2022,09:37:53,04/01/2022 09:37,04/01/2022 06:37,-67.784067,-67.547111
940,KB_22_42718_27,Female,Killingbeck,2022,04/01/2022,09:48:50,04/01/2022 09:48,04/01/2022 06:48,-67.783791,-67.545916
941,KB_22_42718_27,Female,Killingbeck,2022,04/01/2022,09:58:46,04/01/2022 09:58,04/01/2022 06:58,-67.783779,-67.545813
942,KB_22_42718_27,Female,Killingbeck,2022,04/01/2022,10:10:42,04/01/2022 10:10,04/01/2022 07:10,-67.78343,-67.54576
943,KB_22_42718_27,Female,Killingbeck,2022,04/01/2022,10:20:41,04/01/2022 10:20,04/01/2022 07:20,-67.783886,-67.550277
944,KB_22_42718_27,Female,Killingbeck,2022,04/01/2022,10:30:35,04/01/2022 10:30,04/01/2022 07:30,-67.787911,-67.548989
945,KB_22_42718_27,Female,Killingbeck,2022,04/01/2022,10:40:34,04/01/2022 10:40,04/01/2022 07:40,-67.895823,-67.566577
946,KB_22_42718_27,Female,Killingbeck,2022,04/01/2022,10:50:33,04/01/2022 10:50,04/01/2022 07:50,-68.069103,-67.57055
947,KB_22_42718_27,Female,Killingbeck,2022,04/01/2022,11:00:35,04/01/2022 11:00,04/01/2022 08:00,-68.069116,-67.570582
948,KB_22_42718_27,Female,Killingbeck,2022,04/01/2022,11:10:29,04/01/2022 11:10,04/01/2022 08:10,-68.06907,-67.570605
949,KB_22_42718_27,Female,Killingbeck,2022,04/01/2022,11:20:28,04/01/2022 11:20,04/01/2022 08:20,-68.069023,-67.570551
950,KB_22_42718_27,Female,Killingbeck,2022,04/01/2022,11:30:22,04/01/2022 11:30,04/01/2022 08:30,-68.067739,-67.571202
951,KB_22_42718_27,Female,Killingbeck,2022,04/01/2022,11:40:18,04/01/2022 11:40,04/01/2022 08:40,-68.069458,-67.570717
952,KB_22_42718_27,Female,Killingbeck,2022,04/01/2022,11:50:18,04/01/2022 11:50,04/01/2022 08:50,-68.069527,-67.570658
953,KB_22_42718_27,Female,Killingbeck,2022,04/01/2022,12:00:13,04/01/2022 12:00,04/01/2022 09:00,-68.068869,-67.570599
954,KB_22_42718_27,Female,Killingbeck,2022,04/01/2022,12:10:11,04/01/2022 12:10,04/01/2022 09:10,-68.069256,-67.570682
955,KB_22_42718_27,Female,Killingbeck,2022,04/01/2022,12:20:10,04/01/2022 12:20,04/01/2022 09:20,-68.069627,-67.570743
956,KB_22_42718_27,Female,Killingbeck,2022,04/01/2022,12:30:04,04/01/2022 12:30,04/01/2022 09:30,-68.070035,-67.570908
957,KB_22_42718_27,Female,Killingbeck,2022,04/01/2022,12:40:03,04/01/2022 12:40,04/01/2022 09:40,-68.069231,-67.570682
958,KB_22_42718_27,Female,Killingbeck,2022,04/01/2022,12:50:03,04/01/2022 12:50,04/01/2022 09:50,-68.069505,-67.570721
959,KB_22_42718_27,Female,Killingbeck,2022,04/01/2022,12:59:57,04/01/2022 12:59,04/01/2022 09:59,-68.069605,-67.570665
960,KB_22_42718_27,Female,Killingbeck,2022,04/01/2022,13:09:58,04/01/2022 13:09,04/01/2022 10:09,-68.069435,-67.570605
961,KB_22_42718_27,Female,Killingbeck,2022,04/01/2022,13:19:55,04/01/2022 13:19,04/01/2022 10:19,-68.069693,-67.570759
962,KB_22_42718_27,Female,Killingbeck,2022,04/01/2022,13:29:48,04/01/2022 13:29,04/01/2022 10:29,-68.069483,-67.570717
963,KB_22_42718_27,Female,Killingbeck,2022,04/01/2022,13:39:49,04/01/2022 13:39,04/01/2022 10:39,-68.069473,-67.570552
964,KB_22_42718_27,Female,Killingbeck,2022,04/01/2022,13:49:47,04/01/2022 13:49,04/01/2022 10:49,-68.069281,-67.570672
965,KB_22_42718_27,Female,Killingbeck,2022,04/01/2022,13:59:41,04/01/2022 13:59,04/01/2022 10:59,-68.069561,-67.570709
966,KB_22_42718_27,Female,Killingbeck,2022,04/01/2022,14:09:41,04/01/2022 14:09,04/01/2022 11:09,-68.069391,-67.570645
967,KB_22_42718_27,Female,Killingbeck,2022,04/01/2022,14:19:40,04/01/2022 14:19,04/01/2022 11:19,-68.069393,-67.570665
968,KB_22_42718_27,Female,Killingbeck,2022,04/01/2022,14:29:34,04/01/2022 14:29,04/01/2022 11:29,-68.069394,-67.570872
969,KB_22_42718_27,Female,Killingbeck,2022,04/01/2022,14:39:35,04/01/2022 14:39,04/01/2022 11:39,-68.069472,-67.570697
970,KB_22_42718_27,Female,Killingbeck,2022,04/01/2022,14:49:32,04/01/2022 14:49,04/01/2022 11:49,-68.069363,-67.57071
971,KB_22_42718_27,Female,Killingbeck,2022,04/01/2022,14:59:24,04/01/2022 14:59,04/01/2022 11:59,-68.069498,-67.570707
972,KB_22_42718_27,Female,Killingbeck,2022,04/01/2022,15:09:24,04/01/2022 15:09,04/01/2022 12:09,-68.069704,-67.570788
973,KB_22_42718_27,Female,Killingbeck,2022,04/01/2022,15:19:22,04/01/2022 15:19,04/01/2022 12:19,-68.069496,-67.570786
974,KB_22_42718_27,Female,Killingbeck,2022,04/01/2022,15:29:18,04/01/2022 15:29,04/01/2022 12:29,-68.069439,-67.570719
975,KB_22_42718_27,Female,Killingbeck,2022,04/01/2022,15:39:16,04/01/2022 15:39,04/01/2022 12:39,-68.069494,-67.570728
976,KB_22_42718_27,Female,Killingbeck,2022,04/01/2022,15:49:15,04/01/2022 15:49,04/01/2022 12:49,-68.069747,-67.570743
977,KB_22_42718_27,Female,Killingbeck,2022,04/01/2022,15:59:09,04/01/2022 15:59,04/01/2022 12:59,-68.069577,-67.570644
978,KB_22_42718_27,Female,Killingbeck,2022,04/01/2022,16:09:08,04/01/2022 16:09,04/01/2022 13:09,-68.069853,-67.570835
979,KB_22_42718_27,Female,Killingbeck,2022,04/01/2022,16:19:07,04/01/2022 16:19,04/01/2022 13:19,-68.069521,-67.570791
980,KB_22_42718_27,Female,Killingbeck,2022,04/01/2022,16:29:01,04/01/2022 16:29,04/01/2022 13:29,-68.069751,-67.570766
981,KB_22_42718_27,Female,Killingbeck,2022,04/01/2022,16:39:01,04/01/2022 16:39,04/01/2022 13:39,-68.069597,-67.570709
982,KB_22_42718_27,Female,Killingbeck,2022,04/01/2022,16:48:59,04/01/2022 16:48,04/01/2022 13:48,-68.069555,-67.570721
983,KB_22_42718_27,Female,Killingbeck,2022,04/01/2022,16:58:53,04/01/2022 16:58,04/01/2022 13:58,-68.069462,-67.570781
984,KB_22_42718_27,Female,Killingbeck,2022,04/01/2022,17:08:53,04/01/2022 17:08,04/01/2022 14:08,-68.069528,-67.570756
985,KB_22_42718_27,Female,Killingbeck,2022,04/01/2022,17:18:55,04/01/2022 17:18,04/01/2022 14:18,-68.069547,-67.570792
986,KB_22_42718_27,Female,Killingbeck,2022,04/01/2022,17:28:47,04/01/2022 17:28,04/01/2022 14:28,-68.069619,-67.570796
987,KB_22_42718_27,Female,Killingbeck,2022,04/01/2022,17:38:48,04/01/2022 17:38,04/01/2022 14:38,-68.069752,-67.570783
988,KB_22_42718_27,Female,Killingbeck,2022,04/01/2022,17:48:44,04/01/2022 17:48,04/01/2022 14:48,-68.069685,-67.570749
989,KB_22_42718_27,Female,Killingbeck,2022,04/01/2022,17:58:38,04/01/2022 17:58,04/01/2022 14:58,-68.069688,-67.570713
990,KB_22_42718_27,Female,Killingbeck,2022,04/01/2022,18:08:37,04/01/2022 18:08,04/01/2022 15:08,-68.069875,-67.570744
991,KB_22_42718_27,Female,Killingbeck,2022,04/01/2022,18:18:39,04/01/2022 18:18,04/01/2022 15:18,-68.069582,-67.570702
992,KB_22_42718_27,Female,Killingbeck,2022,04/01/2022,18:28:30,04/01/2022 18:28,04/01/2022 15:28,-68.069748,-67.570742
993,KB_22_42718_27,Female,Killingbeck,2022,04/01/2022,18:38:29,04/01/2022 18:38,04/01/2022 15:38,-68.069687,-67.570711
994,KB_22_42718_27,Female,Killingbeck,2022,04/01/2022,18:48:31,04/01/2022 18:48,04/01/2022 15:48,-68.070288,-67.571062
995,KB_22_42718_27,Female,Killingbeck,2022,04/01/2022,18:58:23,04/01/2022 18:58,04/01/2022 15:58,-68.068917,-67.570362
996,KB_22_42718_27,Female,Killingbeck,2022,04/01/2022,19:08:25,04/01/2022 19:08,04/01/2022 16:08,-68.068518,-67.570321
997,KB_22_42718_27,Female,Killingbeck,2022,04/01/2022,19:18:24,04/01/2022 19:18,04/01/2022 16:18,-68.069946,-67.570901
998,KB_22_42718_27,Female,Killingbeck,2022,04/01/2022,19:28:18,04/01/2022 19:28,04/01/2022 16:28,-68.06901,-67.571021
999,KB_22_42718_27,Female,Killingbeck,2022,04/01/2022,19:38:17,04/01/2022 19:38,04/01/2022 16:38,-68.072636,-67.571463
1000,KB_22_42718_27,Female,Killingbeck,2022,04/01/2022,19:48:22,04/01/2022 19:48,04/01/2022 16:48,-68.069507,-67.570705
1001,KB_22_42718_27,Female,Killingbeck,2022,04/01/2022,19:58:10,04/01/2022 19:58,04/01/2022 16:58,-68.069174,-67.571201
1002,KB_22_42718_27,Female,Killingbeck,2022,04/01/2022,20:08:09,04/01/2022 20:08,04/01/2022 17:08,-68.069318,-67.571253
1003,KB_22_42718_27,Female,Killingbeck,2022,04/01/2022,20:18:17,04/01/2022 20:18,04/01/2022 17:18,-68.069835,-67.570743
1004,KB_22_42718_27,Female,Killingbeck,2022,04/01/2022,20:28:07,04/01/2022 20:28,04/01/2022 17:28,-68.06961,-67.570715
1005,KB_22_42718_27,Female,Killingbeck,2022,04/01/2022,20:38:10,04/01/2022 20:38,04/01/2022 17:38,-68.069488,-67.570806
1006,KB_22_42718_27,Female,Killingbeck,2022,04/01/2022,20:47:58,04/01/2022 20:47,04/01/2022 17:47,-68.069195,-67.570658
1007,KB_22_42718_27,Female,Killingbeck,2022,04/01/2022,20:57:52,04/01/2022 20:57,04/01/2022 17:57,-68.069491,-67.57073
1008,KB_22_42718_27,Female,Killingbeck,2022,04/01/2022,21:07:52,04/01/2022 21:07,04/01/2022 18:07,-68.069472,-67.570754
1009,KB_22_42718_27,Female,Killingbeck,2022,04/01/2022,21:17:51,04/01/2022 21:17,04/01/2022 18:17,-68.069597,-67.570711
1010,KB_22_42718_27,Female,Killingbeck,2022,04/01/2022,21:27:44,04/01/2022 21:27,04/01/2022 18:27,-68.069376,-67.570687
1011,KB_22_42718_27,Female,Killingbeck,2022,04/01/2022,21:37:43,04/01/2022 21:37,04/01/2022 18:37,-68.069265,-67.570699
1012,KB_22_42718_27,Female,Killingbeck,2022,04/01/2022,21:47:43,04/01/2022 21:47,04/01/2022 18:47,-68.069298,-67.570798
1013,KB_22_42718_27,Female,Killingbeck,2022,04/01/2022,21:57:36,04/01/2022 21:57,04/01/2022 18:57,-68.06937,-67.570704
1014,KB_22_42718_27,Female,Killingbeck,2022,04/01/2022,22:07:38,04/01/2022 22:07,04/01/2022 19:07,-68.068531,-67.570251
1015,KB_22_42718_27,Female,Killingbeck,2022,04/01/2022,22:17:34,04/01/2022 22:17,04/01/2022 19:17,-68.069439,-67.570696
1016,KB_22_42718_27,Female,Killingbeck,2022,04/01/2022,22:27:28,04/01/2022 22:27,04/01/2022 19:27,-68.069429,-67.570755
1017,KB_22_42718_27,Female,Killingbeck,2022,04/01/2022,22:37:27,04/01/2022 22:37,04/01/2022 19:37,-68.069195,-67.570654
1018,KB_22_42718_27,Female,Killingbeck,2022,04/01/2022,22:47:27,04/01/2022 22:47,04/01/2022 19:47,-68.068847,-67.570589
1019,KB_22_42718_27,Female,Killingbeck,2022,04/01/2022,22:57:20,04/01/2022 22:57,04/01/2022 19:57,-68.069229,-67.570739
1020,KB_22_42718_27,Female,Killingbeck,2022,04/01/2022,23:07:19,04/01/2022 23:07,04/01/2022 20:07,-68.069358,-67.570761
1021,KB_22_42718_27,Female,Killingbeck,2022,04/01/2022,23:17:19,04/01/2022 23:17,04/01/2022 20:17,-68.069464,-67.570772
1022,KB_22_42718_27,Female,Killingbeck,2022,04/01/2022,23:27:14,04/01/2022 23:27,04/01/2022 20:27,-68.069333,-67.570707
1023,KB_22_42718_27,Female,Killingbeck,2022,04/01/2022,23:37:21,04/01/2022 23:37,04/01/2022 20:37,-68.069422,-67.570702
1024,KB_22_42718_27,Female,Killingbeck,2022,04/01/2022,23:47:12,04/01/2022 23:47,04/01/2022 20:47,-68.069432,-67.5707
1025,KB_22_42718_27,Female,Killingbeck,2022,04/01/2022,23:57:04,04/01/2022 23:57,04/01/2022 20:57,-68.06939,-67.570689
1026,KB_22_42718_27,Female,Killingbeck,2022,05/01/2022,00:07:09,05/01/2022 00:07,04/01/2022 21:07,-68.069516,-67.570769
1027,KB_22_42718_27,Female,Killingbeck,2022,05/01/2022,00:17:04,05/01/2022 00:17,04/01/2022 21:17,-68.069379,-67.570672
1028,KB_22_42718_27,Female,Killingbeck,2022,05/01/2022,00:26:55,05/01/2022 00:26,04/01/2022 21:26,-68.06947,-67.570692
1029,KB_22_42718_27,Female,Killingbeck,2022,05/01/2022,00:36:57,05/01/2022 00:36,04/01/2022 21:36,-68.069415,-67.570603
1030,KB_22_42718_27,Female,Killingbeck,2022,05/01/2022,00:46:56,05/01/2022 00:46,04/01/2022 21:46,-68.069305,-67.570637
1031,KB_22_42718_27,Female,Killingbeck,2022,05/01/2022,00:56:49,05/01/2022 00:56,04/01/2022 21:56,-68.06938,-67.570657
1032,KB_22_42718_27,Female,Killingbeck,2022,05/01/2022,01:06:47,05/01/2022 01:06,04/01/2022 22:06,-68.069507,-67.570669
1033,KB_22_42718_27,Female,Killingbeck,2022,05/01/2022,01:16:46,05/01/2022 01:16,04/01/2022 22:16,-68.069429,-67.570708
1034,KB_22_42718_27,Female,Killingbeck,2022,05/01/2022,01:26:41,05/01/2022 01:26,04/01/2022 22:26,-68.069357,-67.570668
1035,KB_22_42718_27,Female,Killingbeck,2022,05/01/2022,01:36:42,05/01/2022 01:36,04/01/2022 22:36,-68.06927,-67.570662
1036,KB_22_42718_27,Female,Killingbeck,2022,05/01/2022,01:46:38,05/01/2022 01:46,04/01/2022 22:46,-68.06944,-67.570707
1037,KB_22_42718_27,Female,Killingbeck,2022,05/01/2022,01:56:33,05/01/2022 01:56,04/01/2022 22:56,-68.069548,-67.570815
1038,KB_22_42718_27,Female,Killingbeck,2022,05/01/2022,02:06:31,05/01/2022 02:06,04/01/2022 23:06,-68.069373,-67.570759
1039,KB_22_42718_27,Female,Killingbeck,2022,05/01/2022,02:16:30,05/01/2022 02:16,04/01/2022 23:16,-68.069406,-67.570822
1040,KB_22_42718_27,Female,Killingbeck,2022,05/01/2022,02:26:27,05/01/2022 02:26,04/01/2022 23:26,-68.068663,-67.571274
1041,KB_22_42718_27,Female,Killingbeck,2022,05/01/2022,02:36:23,05/01/2022 02:36,04/01/2022 23:36,-68.069416,-67.570749
1042,KB_22_42718_27,Female,Killingbeck,2022,05/01/2022,02:46:23,05/01/2022 02:46,04/01/2022 23:46,-68.069267,-67.570815
1043,KB_22_42718_27,Female,Killingbeck,2022,05/01/2022,02:56:18,05/01/2022 02:56,04/01/2022 23:56,-68.069243,-67.57049
1044,KB_22_42718_27,Female,Killingbeck,2022,05/01/2022,03:06:27,05/01/2022 03:06,05/01/2022 00:06,-68.069473,-67.570759
1045,KB_22_42718_27,Female,Killingbeck,2022,05/01/2022,03:16:16,05/01/2022 03:16,05/01/2022 00:16,-68.069394,-67.570736
1046,KB_22_42718_27,Female,Killingbeck,2022,05/01/2022,03:26:10,05/01/2022 03:26,05/01/2022 00:26,-68.069357,-67.570762
1047,KB_22_42718_27,Female,Killingbeck,2022,05/01/2022,03:36:08,05/01/2022 03:36,05/01/2022 00:36,-68.059231,-67.569279
1048,KB_22_42718_27,Female,Killingbeck,2022,05/01/2022,03:46:07,05/01/2022 03:46,05/01/2022 00:46,-67.926035,-67.563397
1049,KB_22_42718_27,Female,Killingbeck,2022,05/01/2022,03:57:22,05/01/2022 03:57,05/01/2022 00:57,-67.787211,-67.54694
1050,KB_22_42718_27,Female,Killingbeck,2022,05/01/2022,04:07:21,05/01/2022 04:07,05/01/2022 01:07,-67.782084,-67.547153
1051,KB_22_42718_27,Female,Killingbeck,2022,05/01/2022,04:17:20,05/01/2022 04:17,05/01/2022 01:17,-67.69174,-67.546867
1052,KB_22_42718_27,Female,Killingbeck,2022,05/01/2022,04:27:14,05/01/2022 04:27,05/01/2022 01:27,-67.691387,-67.546908
1053,KB_22_42718_27,Female,Killingbeck,2022,05/01/2022,04:37:16,05/01/2022 04:37,05/01/2022 01:37,-67.69835,-67.547028
1054,KB_22_42718_27,Female,Killingbeck,2022,05/01/2022,04:47:15,05/01/2022 04:47,05/01/2022 01:47,-67.691452,-67.546898
1055,KB_22_42718_27,Female,Killingbeck,2022,05/01/2022,04:57:10,05/01/2022 04:57,05/01/2022 01:57,-67.691281,-67.546903
1056,KB_22_42718_27,Female,Killingbeck,2022,05/01/2022,05:07:11,05/01/2022 05:07,05/01/2022 02:07,-67.691649,-67.547135
1057,KB_22_42718_27,Female,Killingbeck,2022,05/01/2022,05:17:07,05/01/2022 05:17,05/01/2022 02:17,-67.691691,-67.546884
1058,KB_22_42718_27,Female,Killingbeck,2022,05/01/2022,05:27:01,05/01/2022 05:27,05/01/2022 02:27,-67.691498,-67.546966
1059,KB_22_42718_27,Female,Killingbeck,2022,05/01/2022,05:37:00,05/01/2022 05:37,05/01/2022 02:37,-67.69163,-67.546901
1060,KB_22_42718_27,Female,Killingbeck,2022,05/01/2022,05:46:59,05/01/2022 05:46,05/01/2022 02:46,-67.691534,-67.546946
1061,KB_22_42718_27,Female,Killingbeck,2022,05/01/2022,05:56:53,05/01/2022 05:56,05/01/2022 02:56,-67.691331,-67.546858
1062,KB_22_42718_27,Female,Killingbeck,2022,05/01/2022,06:07:43,05/01/2022 06:07,05/01/2022 03:07,-67.696215,-67.546277
1063,KB_22_42718_27,Female,Killingbeck,2022,05/01/2022,06:17:44,05/01/2022 06:17,05/01/2022 03:17,-67.691863,-67.546837
1064,KB_22_42718_27,Female,Killingbeck,2022,05/01/2022,06:27:40,05/01/2022 06:27,05/01/2022 03:27,-67.691264,-67.546783
1065,KB_22_42718_27,Female,Killingbeck,2022,05/01/2022,06:37:36,05/01/2022 06:37,05/01/2022 03:37,-67.690968,-67.546971
1066,KB_22_42718_27,Female,Killingbeck,2022,05/01/2022,06:47:36,05/01/2022 06:47,05/01/2022 03:47,-67.691446,-67.546851
1067,KB_22_42718_27,Female,Killingbeck,2022,05/01/2022,06:57:29,05/01/2022 06:57,05/01/2022 03:57,-67.691503,-67.546776
1068,KB_22_42718_27,Female,Killingbeck,2022,05/01/2022,07:07:28,05/01/2022 07:07,05/01/2022 04:07,-67.691545,-67.546781
1069,KB_22_42718_27,Female,Killingbeck,2022,05/01/2022,07:17:28,05/01/2022 07:17,05/01/2022 04:17,-67.691273,-67.546849
1070,KB_22_42718_27,Female,Killingbeck,2022,05/01/2022,07:27:21,05/01/2022 07:27,05/01/2022 04:27,-67.691401,-67.546851
1071,KB_22_42718_27,Female,Killingbeck,2022,05/01/2022,07:37:20,05/01/2022 07:37,05/01/2022 04:37,-67.691429,-67.546812
1072,KB_22_42718_27,Female,Killingbeck,2022,05/01/2022,07:47:19,05/01/2022 07:47,05/01/2022 04:47,-67.691205,-67.546859
1073,KB_22_42718_27,Female,Killingbeck,2022,05/01/2022,07:57:12,05/01/2022 07:57,05/01/2022 04:57,-67.695241,-67.546086
1074,KB_22_42718_27,Female,Killingbeck,2022,05/01/2022,08:08:45,05/01/2022 08:08,05/01/2022 05:08,-67.69534,-67.546249
1075,KB_22_42718_27,Female,Killingbeck,2022,05/01/2022,08:18:47,05/01/2022 08:18,05/01/2022 05:18,-67.695766,-67.546244
1076,KB_22_42718_27,Female,Killingbeck,2022,05/01/2022,08:29:36,05/01/2022 08:29,05/01/2022 05:29,-67.695515,-67.546139
1077,KB_22_42718_27,Female,Killingbeck,2022,05/01/2022,08:39:39,05/01/2022 08:39,05/01/2022 05:39,-67.69571,-67.545844
1078,KB_22_42718_27,Female,Killingbeck,2022,05/01/2022,08:49:43,05/01/2022 08:49,05/01/2022 05:49,-67.696705,-67.545841
1079,KB_22_42718_27,Female,Killingbeck,2022,05/01/2022,08:59:28,05/01/2022 08:59,05/01/2022 05:59,-67.698347,-67.546425
1080,KB_22_42718_27,Female,Killingbeck,2022,05/01/2022,09:09:27,05/01/2022 09:09,05/01/2022 06:09,-67.701032,-67.553666
1081,KB_22_42718_27,Female,Killingbeck,2022,05/01/2022,09:19:33,05/01/2022 09:19,05/01/2022 06:19,-67.701314,-67.553881
1082,KB_22_42718_27,Female,Killingbeck,2022,05/01/2022,09:29:21,05/01/2022 09:29,05/01/2022 06:29,-67.708859,-67.556559
1083,KB_22_42718_27,Female,Killingbeck,2022,05/01/2022,09:39:20,05/01/2022 09:39,05/01/2022 06:39,-67.708544,-67.556664
1084,KB_22_42718_27,Female,Killingbeck,2022,05/01/2022,09:49:18,05/01/2022 09:49,05/01/2022 06:49,-67.708757,-67.556604
1085,KB_22_42718_27,Female,Killingbeck,2022,05/01/2022,09:59:11,05/01/2022 09:59,05/01/2022 06:59,-67.787742,-67.548731
1086,KB_22_42718_27,Female,Killingbeck,2022,05/01/2022,10:09:11,05/01/2022 10:09,05/01/2022 07:09,-67.787425,-67.548898
1087,KB_22_42718_27,Female,Killingbeck,2022,05/01/2022,10:19:10,05/01/2022 10:19,05/01/2022 07:19,-67.785917,-67.550593
1088,KB_22_42718_27,Female,Killingbeck,2022,05/01/2022,10:29:04,05/01/2022 10:29,05/01/2022 07:29,-68.034163,-67.568797
1089,KB_22_42718_27,Female,Killingbeck,2022,05/01/2022,10:39:03,05/01/2022 10:39,05/01/2022 07:39,-68.068996,-67.570551
1090,KB_22_42718_27,Female,Killingbeck,2022,05/01/2022,10:49:03,05/01/2022 10:49,05/01/2022 07:49,-68.069085,-67.570313
1091,KB_22_42718_27,Female,Killingbeck,2022,05/01/2022,10:58:59,05/01/2022 10:58,05/01/2022 07:58,-68.069014,-67.570367
1092,KB_22_42718_27,Female,Killingbeck,2022,05/01/2022,11:08:56,05/01/2022 11:08,05/01/2022 08:08,-68.068973,-67.570595
1093,KB_22_42718_27,Female,Killingbeck,2022,05/01/2022,11:18:55,05/01/2022 11:18,05/01/2022 08:18,-68.069708,-67.570678
1094,KB_22_42718_27,Female,Killingbeck,2022,05/01/2022,11:28:48,05/01/2022 11:28,05/01/2022 08:28,-68.069367,-67.570748
1095,KB_22_42718_27,Female,Killingbeck,2022,05/01/2022,11:38:48,05/01/2022 11:38,05/01/2022 08:38,-68.092215,-67.571589
1096,KB_22_42718_27,Female,Killingbeck,2022,05/01/2022,11:48:47,05/01/2022 11:48,05/01/2022 08:48,-68.073836,-67.578282
1097,KB_22_42718_27,Female,Killingbeck,2022,05/01/2022,11:58:57,05/01/2022 11:58,05/01/2022 08:58,0,0
1098,KB_22_42718_27,Female,Killingbeck,2022,05/01/2022,12:08:39,05/01/2022 12:08,05/01/2022 09:08,-68.069516,-67.570761
1099,KB_22_42718_27,Female,Killingbeck,2022,05/01/2022,12:18:38,05/01/2022 12:18,05/01/2022 09:18,-68.069622,-67.570784
1100,KB_22_42718_27,Female,Killingbeck,2022,05/01/2022,12:28:33,05/01/2022 12:28,05/01/2022 09:28,-68.069438,-67.570704
1101,KB_22_42718_27,Female,Killingbeck,2022,05/01/2022,12:38:31,05/01/2022 12:38,05/01/2022 09:38,-68.069514,-67.570727
1102,KB_22_42718_27,Female,Killingbeck,2022,05/01/2022,12:48:31,05/01/2022 12:48,05/01/2022 09:48,-68.069296,-67.57071
1103,KB_22_42718_27,Female,Killingbeck,2022,05/01/2022,12:58:24,05/01/2022 12:58,05/01/2022 09:58,-68.069463,-67.570686
1104,KB_22_42718_27,Female,Killingbeck,2022,05/01/2022,13:08:26,05/01/2022 13:08,05/01/2022 10:08,-68.069245,-67.570574
1105,KB_22_42718_27,Female,Killingbeck,2022,05/01/2022,13:18:22,05/01/2022 13:18,05/01/2022 10:18,-68.069547,-67.570697
1106,KB_22_42718_27,Female,Killingbeck,2022,05/01/2022,13:28:23,05/01/2022 13:28,05/01/2022 10:28,-68.069346,-67.570596
1107,KB_22_42718_27,Female,Killingbeck,2022,05/01/2022,13:38:19,05/01/2022 13:38,05/01/2022 10:38,-68.069499,-67.570648
1108,KB_22_42718_27,Female,Killingbeck,2022,05/01/2022,13:48:15,05/01/2022 13:48,05/01/2022 10:48,-68.069443,-67.570673
1109,KB_22_42718_27,Female,Killingbeck,2022,05/01/2022,13:58:20,05/01/2022 13:58,05/01/2022 10:58,-68.070866,-67.571198
1110,KB_22_42718_27,Female,Killingbeck,2022,05/01/2022,14:08:16,05/01/2022 14:08,05/01/2022 11:08,-68.068786,-67.57041
1111,KB_22_42718_27,Female,Killingbeck,2022,05/01/2022,14:18:18,05/01/2022 14:18,05/01/2022 11:18,-68.069326,-67.570813
1112,KB_22_42718_27,Female,Killingbeck,2022,05/01/2022,14:28:01,05/01/2022 14:28,05/01/2022 11:28,-68.06949,-67.57072
1113,KB_22_42718_27,Female,Killingbeck,2022,05/01/2022,14:38:00,05/01/2022 14:38,05/01/2022 11:38,-68.069424,-67.570744
1114,KB_22_42718_27,Female,Killingbeck,2022,05/01/2022,14:47:59,05/01/2022 14:47,05/01/2022 11:47,-68.069637,-67.570793
1115,KB_22_42718_27,Female,Killingbeck,2022,05/01/2022,14:57:55,05/01/2022 14:57,05/01/2022 11:57,-68.069012,-67.57079
1116,KB_22_42718_27,Female,Killingbeck,2022,05/01/2022,15:07:54,05/01/2022 15:07,05/01/2022 12:07,-68.069191,-67.570693
1117,KB_22_42718_27,Female,Killingbeck,2022,05/01/2022,15:17:59,05/01/2022 15:17,05/01/2022 12:17,-68.069526,-67.570722
1118,KB_22_42718_27,Female,Killingbeck,2022,05/01/2022,15:27:45,05/01/2022 15:27,05/01/2022 12:27,-68.069698,-67.570781
1119,KB_22_42718_27,Female,Killingbeck,2022,05/01/2022,15:37:52,05/01/2022 15:37,05/01/2022 12:37,-68.070112,-67.570679
1120,KB_22_42718_27,Female,Killingbeck,2022,05/01/2022,15:47:43,05/01/2022 15:47,05/01/2022 12:47,-68.069454,-67.570747
1121,KB_22_42718_27,Female,Killingbeck,2022,05/01/2022,15:57:40,05/01/2022 15:57,05/01/2022 12:57,-68.069582,-67.570693
1122,KB_22_42718_27,Female,Killingbeck,2022,05/01/2022,16:07:46,05/01/2022 16:07,05/01/2022 13:07,-68.067935,-67.571005
1123,KB_22_42718_27,Female,Killingbeck,2022,05/01/2022,16:17:36,05/01/2022 16:17,05/01/2022 13:17,-68.069592,-67.570619
1124,KB_22_42718_27,Female,Killingbeck,2022,05/01/2022,16:27:32,05/01/2022 16:27,05/01/2022 13:27,-68.069558,-67.570693
1125,KB_22_42718_27,Female,Killingbeck,2022,05/01/2022,16:37:31,05/01/2022 16:37,05/01/2022 13:37,-68.06956,-67.57069
1126,KB_22_42718_27,Female,Killingbeck,2022,05/01/2022,16:47:27,05/01/2022 16:47,05/01/2022 13:47,-68.069504,-67.570709
1127,KB_22_42718_27,Female,Killingbeck,2022,05/01/2022,16:57:29,05/01/2022 16:57,05/01/2022 13:57,-68.069543,-67.570682
1128,KB_22_42718_27,Female,Killingbeck,2022,05/01/2022,17:07:20,05/01/2022 17:07,05/01/2022 14:07,-68.069513,-67.570741
1129,KB_22_42718_27,Female,Killingbeck,2022,05/01/2022,17:17:22,05/01/2022 17:17,05/01/2022 14:17,-68.069729,-67.570773
1130,KB_22_42718_27,Female,Killingbeck,2022,05/01/2022,17:27:16,05/01/2022 17:27,05/01/2022 14:27,-68.069494,-67.570804
1131,KB_22_42718_27,Female,Killingbeck,2022,05/01/2022,17:37:27,05/01/2022 17:37,05/01/2022 14:37,-68.069646,-67.570713
1132,KB_22_42718_27,Female,Killingbeck,2022,05/01/2022,17:47:13,05/01/2022 17:47,05/01/2022 14:47,-68.069482,-67.57083
1133,KB_22_42718_27,Female,Killingbeck,2022,05/01/2022,17:57:06,05/01/2022 17:57,05/01/2022 14:57,-68.069918,-67.570378
1134,KB_22_42718_27,Female,Killingbeck,2022,05/01/2022,18:07:03,05/01/2022 18:07,05/01/2022 15:07,-68.069614,-67.570764
1135,KB_22_42718_27,Female,Killingbeck,2022,05/01/2022,18:17:06,05/01/2022 18:17,05/01/2022 15:17,-68.069491,-67.570662
1136,KB_22_42718_27,Female,Killingbeck,2022,05/01/2022,18:26:58,05/01/2022 18:26,05/01/2022 15:26,-68.069852,-67.570819
1137,KB_22_42718_27,Female,Killingbeck,2022,05/01/2022,18:37:08,05/01/2022 18:37,05/01/2022 15:37,-68.069521,-67.570932
1138,KB_22_42718_27,Female,Killingbeck,2022,05/01/2022,18:46:57,05/01/2022 18:46,05/01/2022 15:46,-68.071987,-67.573158
1139,KB_22_42718_27,Female,Killingbeck,2022,05/01/2022,18:56:49,05/01/2022 18:56,05/01/2022 15:56,-68.069676,-67.570763
1140,KB_22_42718_27,Female,Killingbeck,2022,05/01/2022,19:06:50,05/01/2022 19:06,05/01/2022 16:06,-68.069999,-67.570651
1141,KB_22_42718_27,Female,Killingbeck,2022,05/01/2022,19:16:49,05/01/2022 19:16,05/01/2022 16:16,-68.069509,-67.570662
1142,KB_22_42718_27,Female,Killingbeck,2022,05/01/2022,19:26:41,05/01/2022 19:26,05/01/2022 16:26,-68.069491,-67.570715
1143,KB_22_42718_27,Female,Killingbeck,2022,05/01/2022,19:36:41,05/01/2022 19:36,05/01/2022 16:36,-68.069653,-67.570674
1144,KB_22_42718_27,Female,Killingbeck,2022,05/01/2022,19:46:40,05/01/2022 19:46,05/01/2022 16:46,-68.069618,-67.570767
1145,KB_22_42718_27,Female,Killingbeck,2022,05/01/2022,19:56:35,05/01/2022 19:56,05/01/2022 16:56,-68.069374,-67.570999
1146,KB_22_42718_27,Female,Killingbeck,2022,05/01/2022,20:06:35,05/01/2022 20:06,05/01/2022 17:06,-68.069626,-67.570788
1147,KB_22_42718_27,Female,Killingbeck,2022,05/01/2022,20:16:36,05/01/2022 20:16,05/01/2022 17:16,-68.069466,-67.570706
1148,KB_22_42718_27,Female,Killingbeck,2022,05/01/2022,20:26:28,05/01/2022 20:26,05/01/2022 17:26,-68.069492,-67.57071
1149,KB_22_42718_27,Female,Killingbeck,2022,05/01/2022,20:36:25,05/01/2022 20:36,05/01/2022 17:36,-68.069645,-67.570721
1150,KB_22_42718_27,Female,Killingbeck,2022,05/01/2022,20:46:33,05/01/2022 20:46,05/01/2022 17:46,-68.069177,-67.570623
1151,KB_22_42718_27,Female,Killingbeck,2022,05/01/2022,20:56:19,05/01/2022 20:56,05/01/2022 17:56,-68.069503,-67.570686
1152,KB_22_42718_27,Female,Killingbeck,2022,05/01/2022,21:06:20,05/01/2022 21:06,05/01/2022 18:06,-68.07184,-67.569985
1153,KB_22_42718_27,Female,Killingbeck,2022,05/01/2022,21:16:19,05/01/2022 21:16,05/01/2022 18:16,-68.071829,-67.57026
1154,KB_22_42718_27,Female,Killingbeck,2022,05/01/2022,21:26:14,05/01/2022 21:26,05/01/2022 18:26,-68.069432,-67.570683
1155,KB_22_42718_27,Female,Killingbeck,2022,05/01/2022,21:36:11,05/01/2022 21:36,05/01/2022 18:36,-68.069472,-67.570723
1156,KB_22_42718_27,Female,Killingbeck,2022,05/01/2022,21:46:09,05/01/2022 21:46,05/01/2022 18:46,-68.069364,-67.57061
1157,KB_22_42718_27,Female,Killingbeck,2022,05/01/2022,21:56:02,05/01/2022 21:56,05/01/2022 18:56,-68.068946,-67.570704
1158,KB_22_42718_27,Female,Killingbeck,2022,05/01/2022,22:06:02,05/01/2022 22:06,05/01/2022 19:06,-68.069257,-67.570549
1159,KB_22_42718_27,Female,Killingbeck,2022,05/01/2022,22:16:00,05/01/2022 22:16,05/01/2022 19:16,-68.069434,-67.570699
1160,KB_22_42718_27,Female,Killingbeck,2022,05/01/2022,22:25:56,05/01/2022 22:25,05/01/2022 19:25,-68.069281,-67.570724
1161,KB_22_42718_27,Female,Killingbeck,2022,05/01/2022,22:36:02,05/01/2022 22:36,05/01/2022 19:36,-68.069177,-67.570689
1162,KB_22_42718_27,Female,Killingbeck,2022,05/01/2022,22:45:55,05/01/2022 22:45,05/01/2022 19:45,-68.068912,-67.570656
1163,KB_22_42718_27,Female,Killingbeck,2022,05/01/2022,22:55:50,05/01/2022 22:55,05/01/2022 19:55,-68.068904,-67.570538
1164,KB_22_42718_27,Female,Killingbeck,2022,05/01/2022,23:05:57,05/01/2022 23:05,05/01/2022 20:05,-68.069358,-67.570748
1165,KB_22_42718_27,Female,Killingbeck,2022,05/01/2022,23:15:50,05/01/2022 23:15,05/01/2022 20:15,-68.069158,-67.570865
1166,KB_22_42718_27,Female,Killingbeck,2022,05/01/2022,23:25:45,05/01/2022 23:25,05/01/2022 20:25,-68.069322,-67.570803
1167,KB_22_42718_27,Female,Killingbeck,2022,05/01/2022,23:35:49,05/01/2022 23:35,05/01/2022 20:35,-68.069217,-67.570769
1168,KB_22_42718_27,Female,Killingbeck,2022,05/01/2022,23:45:43,05/01/2022 23:45,05/01/2022 20:45,-68.06937,-67.570798
1169,KB_22_42718_27,Female,Killingbeck,2022,05/01/2022,23:55:39,05/01/2022 23:55,05/01/2022 20:55,-68.069508,-67.570843
1170,KB_22_42718_27,Female,Killingbeck,2022,06/01/2022,00:05:32,06/01/2022 00:05,05/01/2022 21:05,-68.069473,-67.570808
1171,KB_22_42718_27,Female,Killingbeck,2022,06/01/2022,00:15:31,06/01/2022 00:15,05/01/2022 21:15,-68.06945,-67.570814
1172,KB_22_42718_27,Female,Killingbeck,2022,06/01/2022,00:25:34,06/01/2022 00:25,05/01/2022 21:25,-68.06918,-67.57065
1173,KB_22_42718_27,Female,Killingbeck,2022,06/01/2022,00:35:27,06/01/2022 00:35,05/01/2022 21:35,-68.069577,-67.570905
1174,KB_22_42718_27,Female,Killingbeck,2022,06/01/2022,00:45:24,06/01/2022 00:45,05/01/2022 21:45,-68.069498,-67.570744
1175,KB_22_42718_27,Female,Killingbeck,2022,06/01/2022,00:55:35,06/01/2022 00:55,05/01/2022 21:55,-68.069475,-67.57065
1176,KB_22_42718_27,Female,Killingbeck,2022,06/01/2022,01:05:27,06/01/2022 01:05,05/01/2022 22:05,-68.0694,-67.570675
1177,KB_22_42718_27,Female,Killingbeck,2022,06/01/2022,01:15:26,06/01/2022 01:15,05/01/2022 22:15,-68.069366,-67.570698
1178,KB_22_42718_27,Female,Killingbeck,2022,06/01/2022,01:25:25,06/01/2022 01:25,05/01/2022 22:25,-68.069456,-67.570713
1179,KB_22_42718_27,Female,Killingbeck,2022,06/01/2022,01:35:24,06/01/2022 01:35,05/01/2022 22:35,-68.069354,-67.570742
1180,KB_22_42718_27,Female,Killingbeck,2022,06/01/2022,01:45:29,06/01/2022 01:45,05/01/2022 22:45,-68.069293,-67.570784
1181,KB_22_42718_27,Female,Killingbeck,2022,06/01/2022,01:55:25,06/01/2022 01:55,05/01/2022 22:55,-68.069285,-67.570685
1182,KB_22_42718_27,Female,Killingbeck,2022,06/01/2022,02:05:26,06/01/2022 02:05,05/01/2022 23:05,-68.069188,-67.570732
1183,KB_22_42718_27,Female,Killingbeck,2022,06/01/2022,02:15:23,06/01/2022 02:15,05/01/2022 23:15,-68.06976,-67.570861
1184,KB_22_42718_27,Female,Killingbeck,2022,06/01/2022,02:25:26,06/01/2022 02:25,05/01/2022 23:25,-68.062099,-67.569142
1185,KB_22_42718_27,Female,Killingbeck,2022,06/01/2022,02:35:26,06/01/2022 02:35,05/01/2022 23:35,-67.904902,-67.561378
1186,KB_22_42718_27,Female,Killingbeck,2022,06/01/2022,02:45:23,06/01/2022 02:45,05/01/2022 23:45,-67.805929,-67.545501
1187,KB_22_42718_27,Female,Killingbeck,2022,06/01/2022,02:55:26,06/01/2022 02:55,05/01/2022 23:55,-67.806441,-67.54521
1188,KB_22_42718_27,Female,Killingbeck,2022,06/01/2022,03:05:24,06/01/2022 03:05,06/01/2022 00:05,-67.794012,-67.546775
1189,KB_22_42718_27,Female,Killingbeck,2022,06/01/2022,03:15:24,06/01/2022 03:15,06/01/2022 00:15,-67.769211,-67.54452
1190,KB_22_42718_27,Female,Killingbeck,2022,06/01/2022,03:26:46,06/01/2022 03:26,06/01/2022 00:26,-67.697898,-67.546734
1191,KB_22_42718_27,Female,Killingbeck,2022,06/01/2022,03:36:44,06/01/2022 03:36,06/01/2022 00:36,-67.692208,-67.545772
1192,KB_22_42718_27,Female,Killingbeck,2022,06/01/2022,03:46:43,06/01/2022 03:46,06/01/2022 00:46,-67.693314,-67.548083
1193,KB_22_42718_27,Female,Killingbeck,2022,06/01/2022,03:56:44,06/01/2022 03:56,06/01/2022 00:56,-67.693401,-67.548076
1194,KB_22_42718_27,Female,Killingbeck,2022,06/01/2022,04:06:43,06/01/2022 04:06,06/01/2022 01:06,-67.693094,-67.54809
1195,KB_22_42718_27,Female,Killingbeck,2022,06/01/2022,04:16:43,06/01/2022 04:16,06/01/2022 01:16,-67.699775,-67.550385
1196,KB_22_42718_27,Female,Killingbeck,2022,06/01/2022,04:27:33,06/01/2022 04:27,06/01/2022 01:27,-67.708269,-67.550039
1197,KB_22_42718_27,Female,Killingbeck,2022,06/01/2022,04:37:32,06/01/2022 04:37,06/01/2022 01:37,-67.691591,-67.546851
1198,KB_22_42718_27,Female,Killingbeck,2022,06/01/2022,04:47:34,06/01/2022 04:47,06/01/2022 01:47,-67.690183,-67.54743
1199,KB_22_42718_27,Female,Killingbeck,2022,06/01/2022,04:57:34,06/01/2022 04:57,06/01/2022 01:57,-67.691635,-67.546917
1200,KB_22_42718_27,Female,Killingbeck,2022,06/01/2022,05:07:30,06/01/2022 05:07,06/01/2022 02:07,-67.691434,-67.546933
1201,KB_22_42718_27,Female,Killingbeck,2022,06/01/2022,05:17:30,06/01/2022 05:17,06/01/2022 02:17,-67.697349,-67.54569
1202,KB_22_42718_27,Female,Killingbeck,2022,06/01/2022,05:29:42,06/01/2022 05:29,06/01/2022 02:29,-67.697595,-67.545896
1203,KB_22_42718_27,Female,Killingbeck,2022,06/01/2022,05:39:43,06/01/2022 05:39,06/01/2022 02:39,-67.697222,-67.546292
1204,KB_22_42718_27,Female,Killingbeck,2022,06/01/2022,05:49:40,06/01/2022 05:49,06/01/2022 02:49,-67.69647,-67.545831
1205,KB_22_42718_27,Female,Killingbeck,2022,06/01/2022,05:59:36,06/01/2022 05:59,06/01/2022 02:59,-67.696682,-67.546232
1206,KB_22_42718_27,Female,Killingbeck,2022,06/01/2022,06:09:36,06/01/2022 06:09,06/01/2022 03:09,-67.697072,-67.546177
1207,KB_22_42718_27,Female,Killingbeck,2022,06/01/2022,06:19:35,06/01/2022 06:19,06/01/2022 03:19,-67.696584,-67.545884
1208,KB_22_42718_27,Female,Killingbeck,2022,06/01/2022,06:29:26,06/01/2022 06:29,06/01/2022 03:29,-67.698109,-67.54604
1209,KB_22_42718_27,Female,Killingbeck,2022,06/01/2022,06:39:26,06/01/2022 06:39,06/01/2022 03:39,-67.698767,-67.546617
1210,KB_22_42718_27,Female,Killingbeck,2022,06/01/2022,06:49:27,06/01/2022 06:49,06/01/2022 03:49,-67.698798,-67.547186
1211,KB_22_42718_27,Female,Killingbeck,2022,06/01/2022,06:59:18,06/01/2022 06:59,06/01/2022 03:59,-67.699519,-67.548147
1212,KB_22_42718_27,Female,Killingbeck,2022,06/01/2022,07:09:21,06/01/2022 07:09,06/01/2022 04:09,-67.783265,-67.545431
1213,KB_22_42718_27,Female,Killingbeck,2022,06/01/2022,07:19:20,06/01/2022 07:19,06/01/2022 04:19,-67.78407,-67.545602
1214,KB_22_42718_27,Female,Killingbeck,2022,06/01/2022,07:29:14,06/01/2022 07:29,06/01/2022 04:29,-67.784562,-67.546152
1215,KB_22_42718_27,Female,Killingbeck,2022,06/01/2022,07:39:13,06/01/2022 07:39,06/01/2022 04:39,-67.786004,-67.546687
1216,KB_22_42718_27,Female,Killingbeck,2022,06/01/2022,07:49:13,06/01/2022 07:49,06/01/2022 04:49,-67.783242,-67.546141
1217,KB_22_42718_27,Female,Killingbeck,2022,06/01/2022,08:00:54,06/01/2022 08:00,06/01/2022 05:00,-67.783472,-67.545165
1218,KB_22_42718_27,Female,Killingbeck,2022,06/01/2022,08:10:54,06/01/2022 08:10,06/01/2022 05:10,-67.783724,-67.545355
1219,KB_22_42718_27,Female,Killingbeck,2022,06/01/2022,08:22:41,06/01/2022 08:22,06/01/2022 05:22,-67.783495,-67.545238
1220,KB_22_42718_27,Female,Killingbeck,2022,06/01/2022,08:32:35,06/01/2022 08:32,06/01/2022 05:32,-67.825132,-67.547341
1221,KB_22_42718_27,Female,Killingbeck,2022,06/01/2022,08:42:37,06/01/2022 08:42,06/01/2022 05:42,-68.069356,-67.5705
1222,KB_22_42718_27,Female,Killingbeck,2022,06/01/2022,08:52:34,06/01/2022 08:52,06/01/2022 05:52,-68.069699,-67.570684
1223,KB_22_42718_27,Female,Killingbeck,2022,06/01/2022,09:02:30,06/01/2022 09:02,06/01/2022 06:02,-68.069787,-67.570732
1224,KB_22_42718_27,Female,Killingbeck,2022,06/01/2022,09:12:26,06/01/2022 09:12,06/01/2022 06:12,-68.069621,-67.570588
1225,KB_22_42718_27,Female,Killingbeck,2022,06/01/2022,09:22:25,06/01/2022 09:22,06/01/2022 06:22,-68.07012,-67.570805
1226,KB_22_42718_27,Female,Killingbeck,2022,06/01/2022,09:32:22,06/01/2022 09:32,06/01/2022 06:32,-68.069232,-67.570409
1227,KB_22_42718_27,Female,Killingbeck,2022,06/01/2022,09:42:20,06/01/2022 09:42,06/01/2022 06:42,-67.895309,-67.563828
1228,KB_22_42718_27,Female,Killingbeck,2022,06/01/2022,09:52:21,06/01/2022 09:52,06/01/2022 06:52,-67.789846,-67.544171
1229,KB_22_42718_27,Female,Killingbeck,2022,06/01/2022,10:02:22,06/01/2022 10:02,06/01/2022 07:02,-67.785343,-67.545435
1230,KB_22_42718_27,Female,Killingbeck,2022,06/01/2022,10:12:20,06/01/2022 10:12,06/01/2022 07:12,-67.784161,-67.545179
1231,KB_22_42718_27,Female,Killingbeck,2022,06/01/2022,10:22:20,06/01/2022 10:22,06/01/2022 07:22,-67.785643,-67.54566
1232,KB_22_42718_27,Female,Killingbeck,2022,06/01/2022,10:33:40,06/01/2022 10:33,06/01/2022 07:33,-67.781395,-67.545687
1233,KB_22_42718_27,Female,Killingbeck,2022,06/01/2022,10:43:40,06/01/2022 10:43,06/01/2022 07:43,-67.781577,-67.545176
1234,KB_22_42718_27,Female,Killingbeck,2022,06/01/2022,10:55:54,06/01/2022 10:55,06/01/2022 07:55,-67.781947,-67.544858
1235,KB_22_42718_27,Female,Killingbeck,2022,06/01/2022,11:05:55,06/01/2022 11:05,06/01/2022 08:05,-67.782244,-67.545007
1236,KB_22_42718_27,Female,Killingbeck,2022,06/01/2022,11:17:11,06/01/2022 11:17,06/01/2022 08:17,-67.781421,-67.545804
1237,KB_22_42718_27,Female,Killingbeck,2022,06/01/2022,11:29:12,06/01/2022 11:29,06/01/2022 08:29,-67.778341,-67.545395
1238,KB_22_42718_27,Female,Killingbeck,2022,06/01/2022,11:39:15,06/01/2022 11:39,06/01/2022 08:39,-67.782387,-67.545303
1239,KB_22_42718_27,Female,Killingbeck,2022,06/01/2022,11:51:01,06/01/2022 11:51,06/01/2022 08:51,-67.782848,-67.545318
1240,KB_22_42718_27,Female,Killingbeck,2022,06/01/2022,12:01:09,06/01/2022 12:01,06/01/2022 09:01,-67.781605,-67.546923
1241,KB_22_42718_27,Female,Killingbeck,2022,06/01/2022,12:11:05,06/01/2022 12:11,06/01/2022 09:11,-67.786415,-67.54651
1242,KB_22_42718_27,Female,Killingbeck,2022,06/01/2022,12:21:03,06/01/2022 12:21,06/01/2022 09:21,-67.807412,-67.56703
1243,KB_22_42718_27,Female,Killingbeck,2022,06/01/2022,12:31:03,06/01/2022 12:31,06/01/2022 09:31,-67.807438,-67.567018
1244,KB_22_42718_27,Female,Killingbeck,2022,06/01/2022,12:41:05,06/01/2022 12:41,06/01/2022 09:41,-67.976655,-67.573781
1245,KB_22_42718_27,Female,Killingbeck,2022,06/01/2022,12:51:03,06/01/2022 12:51,06/01/2022 09:51,-68.069516,-67.570608
1246,KB_22_42718_27,Female,Killingbeck,2022,06/01/2022,13:01:03,06/01/2022 13:01,06/01/2022 10:01,-68.069516,-67.570669
1247,KB_22_42718_27,Female,Killingbeck,2022,06/01/2022,13:11:07,06/01/2022 13:11,06/01/2022 10:11,-68.069444,-67.570597
1248,KB_22_42718_27,Female,Killingbeck,2022,06/01/2022,13:21:11,06/01/2022 13:21,06/01/2022 10:21,-68.069715,-67.570955
1249,KB_22_42718_27,Female,Killingbeck,2022,06/01/2022,13:31:05,06/01/2022 13:31,06/01/2022 10:31,-68.069545,-67.570674
1250,KB_22_42718_27,Female,Killingbeck,2022,06/01/2022,13:41:03,06/01/2022 13:41,06/01/2022 10:41,-68.068628,-67.570271
1251,KB_22_42718_27,Female,Killingbeck,2022,06/01/2022,13:51:08,06/01/2022 13:51,06/01/2022 10:51,-68.068786,-67.570338
1252,KB_22_42718_27,Female,Killingbeck,2022,06/01/2022,14:01:02,06/01/2022 14:01,06/01/2022 11:01,-68.069339,-67.57066
1253,KB_22_42718_27,Female,Killingbeck,2022,06/01/2022,14:11:04,06/01/2022 14:11,06/01/2022 11:11,-68.069281,-67.570804
1254,KB_22_42718_27,Female,Killingbeck,2022,06/01/2022,14:21:03,06/01/2022 14:21,06/01/2022 11:21,-68.069368,-67.570584
1255,KB_22_42718_27,Female,Killingbeck,2022,06/01/2022,14:31:02,06/01/2022 14:31,06/01/2022 11:31,-68.069296,-67.570625
1256,KB_22_42718_27,Female,Killingbeck,2022,06/01/2022,14:41:00,06/01/2022 14:41,06/01/2022 11:41,-68.069416,-67.570663
1257,KB_22_42718_27,Female,Killingbeck,2022,06/01/2022,14:50:58,06/01/2022 14:50,06/01/2022 11:50,-68.069617,-67.570746
1258,KB_22_42718_27,Female,Killingbeck,2022,06/01/2022,15:00:56,06/01/2022 15:00,06/01/2022 12:00,-68.069616,-67.570773
1259,KB_22_42718_27,Female,Killingbeck,2022,06/01/2022,15:10:57,06/01/2022 15:10,06/01/2022 12:10,-68.069692,-67.570813
1260,KB_22_42718_27,Female,Killingbeck,2022,06/01/2022,15:20:58,06/01/2022 15:20,06/01/2022 12:20,-68.06964,-67.57078
1261,KB_22_42718_27,Female,Killingbeck,2022,06/01/2022,15:30:54,06/01/2022 15:30,06/01/2022 12:30,-68.069424,-67.570738
1262,KB_22_42718_27,Female,Killingbeck,2022,06/01/2022,15:40:56,06/01/2022 15:40,06/01/2022 12:40,-68.069694,-67.570839
1263,KB_22_42718_27,Female,Killingbeck,2022,06/01/2022,15:50:55,06/01/2022 15:50,06/01/2022 12:50,-68.069417,-67.570678
1264,KB_22_42718_27,Female,Killingbeck,2022,06/01/2022,16:00:55,06/01/2022 16:00,06/01/2022 13:00,-68.069604,-67.570707
1265,KB_22_42718_27,Female,Killingbeck,2022,06/01/2022,16:10:55,06/01/2022 16:10,06/01/2022 13:10,-68.069539,-67.570666
1266,KB_22_42718_27,Female,Killingbeck,2022,06/01/2022,16:20:56,06/01/2022 16:20,06/01/2022 13:20,-68.069388,-67.570741
1267,KB_22_42718_27,Female,Killingbeck,2022,06/01/2022,16:31:08,06/01/2022 16:31,06/01/2022 13:31,-68.069434,-67.570756
1268,KB_22_42718_27,Female,Killingbeck,2022,06/01/2022,16:40:55,06/01/2022 16:40,06/01/2022 13:40,-68.069586,-67.570642
1269,KB_22_42718_27,Female,Killingbeck,2022,06/01/2022,16:50:54,06/01/2022 16:50,06/01/2022 13:50,-68.069488,-67.570745
1270,KB_22_42718_27,Female,Killingbeck,2022,06/01/2022,17:00:51,06/01/2022 17:00,06/01/2022 14:00,-68.069349,-67.570824
1271,KB_22_42718_27,Female,Killingbeck,2022,06/01/2022,17:10:52,06/01/2022 17:10,06/01/2022 14:10,-68.069391,-67.570773
1272,KB_22_42718_27,Female,Killingbeck,2022,06/01/2022,17:21:03,06/01/2022 17:21,06/01/2022 14:21,-68.069584,-67.570795
1273,KB_22_42718_27,Female,Killingbeck,2022,06/01/2022,17:30:52,06/01/2022 17:30,06/01/2022 14:30,-68.069673,-67.570809
1274,KB_22_42718_27,Female,Killingbeck,2022,06/01/2022,17:40:59,06/01/2022 17:40,06/01/2022 14:40,-68.069782,-67.57079
1275,KB_22_42718_27,Female,Killingbeck,2022,06/01/2022,17:50:52,06/01/2022 17:50,06/01/2022 14:50,-68.06971,-67.570764
1276,KB_22_42718_27,Female,Killingbeck,2022,06/01/2022,18:00:49,06/01/2022 18:00,06/01/2022 15:00,-68.069926,-67.570749
1277,KB_22_42718_27,Female,Killingbeck,2022,06/01/2022,18:10:51,06/01/2022 18:10,06/01/2022 15:10,-68.069864,-67.570712
1278,KB_22_42718_27,Female,Killingbeck,2022,06/01/2022,18:21:01,06/01/2022 18:21,06/01/2022 15:21,-68.069968,-67.569796
1279,KB_22_42718_27,Female,Killingbeck,2022,06/01/2022,18:30:50,06/01/2022 18:30,06/01/2022 15:30,-68.069633,-67.570751
1280,KB_22_42718_27,Female,Killingbeck,2022,06/01/2022,18:41:00,06/01/2022 18:41,06/01/2022 15:41,-68.06977,-67.570603
1281,KB_22_42718_27,Female,Killingbeck,2022,06/01/2022,18:50:48,06/01/2022 18:50,06/01/2022 15:50,-68.069407,-67.570768
1282,KB_22_42718_27,Female,Killingbeck,2022,06/01/2022,19:00:47,06/01/2022 19:00,06/01/2022 16:00,-68.069387,-67.57077
1283,KB_22_42718_27,Female,Killingbeck,2022,06/01/2022,19:10:59,06/01/2022 19:10,06/01/2022 16:10,-68.069982,-67.570771
1284,KB_22_42718_27,Female,Killingbeck,2022,06/01/2022,19:20:46,06/01/2022 19:20,06/01/2022 16:20,-68.069448,-67.570719
1285,KB_22_42718_27,Female,Killingbeck,2022,06/01/2022,19:30:45,06/01/2022 19:30,06/01/2022 16:30,-68.06914,-67.571043
1286,KB_22_42718_27,Female,Killingbeck,2022,06/01/2022,19:40:58,06/01/2022 19:40,06/01/2022 16:40,-68.069683,-67.570778
1287,KB_22_42718_27,Female,Killingbeck,2022,06/01/2022,19:50:50,06/01/2022 19:50,06/01/2022 16:50,-68.069479,-67.570787
1288,KB_22_42718_27,Female,Killingbeck,2022,06/01/2022,20:00:43,06/01/2022 20:00,06/01/2022 17:00,-68.069442,-67.571116
1289,KB_22_42718_27,Female,Killingbeck,2022,06/01/2022,20:10:46,06/01/2022 20:10,06/01/2022 17:10,-68.069641,-67.57081
1290,KB_22_42718_27,Female,Killingbeck,2022,06/01/2022,20:20:56,06/01/2022 20:20,06/01/2022 17:20,0,0
1291,KB_22_42718_27,Female,Killingbeck,2022,06/01/2022,20:30:40,06/01/2022 20:30,06/01/2022 17:30,-68.069691,-67.570687
1292,KB_22_42718_27,Female,Killingbeck,2022,06/01/2022,20:40:40,06/01/2022 20:40,06/01/2022 17:40,-68.069877,-67.570648
1293,KB_22_42718_27,Female,Killingbeck,2022,06/01/2022,20:50:41,06/01/2022 20:50,06/01/2022 17:50,-68.069542,-67.570714
1294,KB_22_42718_27,Female,Killingbeck,2022,06/01/2022,21:00:38,06/01/2022 21:00,06/01/2022 18:00,-68.069426,-67.570708
1295,KB_22_42718_27,Female,Killingbeck,2022,06/01/2022,21:10:39,06/01/2022 21:10,06/01/2022 18:10,-68.069371,-67.570664
1296,KB_22_42718_27,Female,Killingbeck,2022,06/01/2022,21:20:38,06/01/2022 21:20,06/01/2022 18:20,-68.069326,-67.570729
1297,KB_22_42718_27,Female,Killingbeck,2022,06/01/2022,21:30:38,06/01/2022 21:30,06/01/2022 18:30,-68.069418,-67.570711
1298,KB_22_42718_27,Female,Killingbeck,2022,06/01/2022,21:40:39,06/01/2022 21:40,06/01/2022 18:40,-68.069399,-67.570704
1299,KB_22_42718_27,Female,Killingbeck,2022,06/01/2022,21:50:39,06/01/2022 21:50,06/01/2022 18:50,-68.069283,-67.570696
1300,KB_22_42718_27,Female,Killingbeck,2022,06/01/2022,22:00:36,06/01/2022 22:00,06/01/2022 19:00,-68.069244,-67.570695
1301,KB_22_42718_27,Female,Killingbeck,2022,06/01/2022,22:10:32,06/01/2022 22:10,06/01/2022 19:10,-68.069407,-67.570597
1302,KB_22_42718_27,Female,Killingbeck,2022,06/01/2022,22:20:31,06/01/2022 22:20,06/01/2022 19:20,-68.069469,-67.570458
1303,KB_22_42718_27,Female,Killingbeck,2022,06/01/2022,22:30:31,06/01/2022 22:30,06/01/2022 19:30,-68.069209,-67.570563
1304,KB_22_42718_27,Female,Killingbeck,2022,06/01/2022,22:40:28,06/01/2022 22:40,06/01/2022 19:40,-68.069226,-67.570656
1305,KB_22_42718_27,Female,Killingbeck,2022,06/01/2022,22:50:36,06/01/2022 22:50,06/01/2022 19:50,-68.069107,-67.570884
1306,KB_22_42718_27,Female,Killingbeck,2022,06/01/2022,23:00:25,06/01/2022 23:00,06/01/2022 20:00,-68.068907,-67.570906
1307,KB_22_42718_27,Female,Killingbeck,2022,06/01/2022,23:10:24,06/01/2022 23:10,06/01/2022 20:10,-68.069066,-67.57089
1308,KB_22_42718_27,Female,Killingbeck,2022,06/01/2022,23:20:16,06/01/2022 23:20,06/01/2022 20:20,-68.06929,-67.570844
1309,KB_22_42718_27,Female,Killingbeck,2022,06/01/2022,23:30:21,06/01/2022 23:30,06/01/2022 20:30,-68.069299,-67.570809
1310,KB_22_42718_27,Female,Killingbeck,2022,06/01/2022,23:40:15,06/01/2022 23:40,06/01/2022 20:40,-68.069188,-67.570816
1311,KB_22_42718_27,Female,Killingbeck,2022,06/01/2022,23:50:08,06/01/2022 23:50,06/01/2022 20:50,-68.069115,-67.570071
1312,KB_22_42718_27,Female,Killingbeck,2022,07/01/2022,00:00:11,07/01/2022 00:00,06/01/2022 21:00,-68.069467,-67.570781
1313,KB_22_42718_27,Female,Killingbeck,2022,07/01/2022,00:10:04,07/01/2022 00:10,06/01/2022 21:10,-68.068479,-67.570787
1314,KB_22_42718_27,Female,Killingbeck,2022,07/01/2022,00:20:04,07/01/2022 00:20,06/01/2022 21:20,-68.069565,-67.570781
1315,KB_22_42718_27,Female,Killingbeck,2022,07/01/2022,00:29:57,07/01/2022 00:29,06/01/2022 21:29,-68.069408,-67.570761
1316,KB_22_42718_27,Female,Killingbeck,2022,07/01/2022,00:39:59,07/01/2022 00:39,06/01/2022 21:39,-68.069238,-67.570652
1317,KB_22_42718_27,Female,Killingbeck,2022,07/01/2022,00:49:57,07/01/2022 00:49,06/01/2022 21:49,-68.069633,-67.570729
1318,KB_22_42718_27,Female,Killingbeck,2022,07/01/2022,00:59:51,07/01/2022 00:59,06/01/2022 21:59,-68.069541,-67.570648
1319,KB_22_42718_27,Female,Killingbeck,2022,07/01/2022,01:09:45,07/01/2022 01:09,06/01/2022 22:09,-68.069356,-67.570587
1320,KB_22_42718_27,Female,Killingbeck,2022,07/01/2022,01:19:44,07/01/2022 01:19,06/01/2022 22:19,-68.06945,-67.570686
1321,KB_22_42718_27,Female,Killingbeck,2022,07/01/2022,01:29:44,07/01/2022 01:29,06/01/2022 22:29,-68.069415,-67.570701
1322,KB_22_42718_27,Female,Killingbeck,2022,07/01/2022,01:39:37,07/01/2022 01:39,06/01/2022 22:39,-68.069383,-67.570648
1323,KB_22_42718_27,Female,Killingbeck,2022,07/01/2022,01:49:36,07/01/2022 01:49,06/01/2022 22:49,-68.069127,-67.570562
1324,KB_22_42718_27,Female,Killingbeck,2022,07/01/2022,01:59:37,07/01/2022 01:59,06/01/2022 22:59,-68.069594,-67.570573
1325,KB_22_42718_27,Female,Killingbeck,2022,07/01/2022,02:09:30,07/01/2022 02:09,06/01/2022 23:09,-68.069224,-67.570773
1326,KB_22_42718_27,Female,Killingbeck,2022,07/01/2022,02:19:29,07/01/2022 02:19,06/01/2022 23:19,-68.069286,-67.570799
1327,KB_22_42718_27,Female,Killingbeck,2022,07/01/2022,02:29:34,07/01/2022 02:29,06/01/2022 23:29,-68.069276,-67.570715
1328,KB_22_42718_27,Female,Killingbeck,2022,07/01/2022,02:39:32,07/01/2022 02:39,06/01/2022 23:39,-68.069296,-67.570804
1329,KB_22_42718_27,Female,Killingbeck,2022,07/01/2022,02:49:31,07/01/2022 02:49,06/01/2022 23:49,-68.069706,-67.570787
1330,KB_22_42718_27,Female,Killingbeck,2022,07/01/2022,02:59:27,07/01/2022 02:59,06/01/2022 23:59,-68.069602,-67.570782
1331,KB_22_42718_27,Female,Killingbeck,2022,07/01/2022,03:09:34,07/01/2022 03:09,07/01/2022 00:09,-68.069522,-67.57073
1332,KB_22_42978_17,Male,Killingbeck,2022,04/01/2022,00:09:13,04/01/2022 00:09,03/01/2022 21:09,-68.06908,-67.570717
1333,KB_22_42978_17,Male,Killingbeck,2022,04/01/2022,00:19:07,04/01/2022 00:19,03/01/2022 21:19,-68.068889,-67.570771
1334,KB_22_42978_17,Male,Killingbeck,2022,04/01/2022,00:29:06,04/01/2022 00:29,03/01/2022 21:29,-68.069037,-67.570647
1335,KB_22_42978_17,Male,Killingbeck,2022,04/01/2022,00:39:05,04/01/2022 00:39,03/01/2022 21:39,-68.068942,-67.570732
1336,KB_22_42978_17,Male,Killingbeck,2022,04/01/2022,00:49:04,04/01/2022 00:49,03/01/2022 21:49,-68.068917,-67.570668
1337,KB_22_42978_17,Male,Killingbeck,2022,04/01/2022,00:59:03,04/01/2022 00:59,03/01/2022 21:59,-68.06903,-67.57064
1338,KB_22_42978_17,Male,Killingbeck,2022,04/01/2022,01:09:02,04/01/2022 01:09,03/01/2022 22:09,-68.068883,-67.570594
1339,KB_22_42978_17,Male,Killingbeck,2022,04/01/2022,01:19:01,04/01/2022 01:19,03/01/2022 22:19,-68.068924,-67.570652
1340,KB_22_42978_17,Male,Killingbeck,2022,04/01/2022,01:29:01,04/01/2022 01:29,03/01/2022 22:29,-68.068836,-67.570641
1341,KB_22_42978_17,Male,Killingbeck,2022,04/01/2022,01:39:00,04/01/2022 01:39,03/01/2022 22:39,-68.068919,-67.570692
1342,KB_22_42978_17,Male,Killingbeck,2022,04/01/2022,01:48:53,04/01/2022 01:48,03/01/2022 22:48,-68.068913,-67.57066
1343,KB_22_42978_17,Male,Killingbeck,2022,04/01/2022,01:58:54,04/01/2022 01:58,03/01/2022 22:58,-68.068834,-67.570661
1344,KB_22_42978_17,Male,Killingbeck,2022,04/01/2022,02:08:52,04/01/2022 02:08,03/01/2022 23:08,-68.068835,-67.570651
1345,KB_22_42978_17,Male,Killingbeck,2022,04/01/2022,02:18:47,04/01/2022 02:18,03/01/2022 23:18,-68.068893,-67.570734
1346,KB_22_42978_17,Male,Killingbeck,2022,04/01/2022,02:28:46,04/01/2022 02:28,03/01/2022 23:28,-68.068903,-67.570705
1347,KB_22_42978_17,Male,Killingbeck,2022,04/01/2022,02:38:43,04/01/2022 02:38,03/01/2022 23:38,-68.068906,-67.570812
1348,KB_22_42978_17,Male,Killingbeck,2022,04/01/2022,02:48:37,04/01/2022 02:48,03/01/2022 23:48,-68.068849,-67.57075
1349,KB_22_42978_17,Male,Killingbeck,2022,04/01/2022,02:58:36,04/01/2022 02:58,03/01/2022 23:58,-68.068909,-67.570814
1350,KB_22_42978_17,Male,Killingbeck,2022,04/01/2022,03:08:35,04/01/2022 03:08,04/01/2022 00:08,-68.068987,-67.57072
1351,KB_22_42978_17,Male,Killingbeck,2022,04/01/2022,03:18:29,04/01/2022 03:18,04/01/2022 00:18,-68.069012,-67.570732
1352,KB_22_42978_17,Male,Killingbeck,2022,04/01/2022,03:28:28,04/01/2022 03:28,04/01/2022 00:28,-68.069063,-67.570714
1353,KB_22_42978_17,Male,Killingbeck,2022,04/01/2022,03:38:28,04/01/2022 03:38,04/01/2022 00:38,-68.069039,-67.570701
1354,KB_22_42978_17,Male,Killingbeck,2022,04/01/2022,03:48:22,04/01/2022 03:48,04/01/2022 00:48,-68.068947,-67.570714
1355,KB_22_42978_17,Male,Killingbeck,2022,04/01/2022,03:58:21,04/01/2022 03:58,04/01/2022 00:58,-68.068956,-67.570702
1356,KB_22_42978_17,Male,Killingbeck,2022,04/01/2022,04:08:20,04/01/2022 04:08,04/01/2022 01:08,-68.06919,-67.570699
1357,KB_22_42978_17,Male,Killingbeck,2022,04/01/2022,04:18:14,04/01/2022 04:18,04/01/2022 01:18,-68.069033,-67.570634
1358,KB_22_42978_17,Male,Killingbeck,2022,04/01/2022,04:28:12,04/01/2022 04:28,04/01/2022 01:28,-68.06899,-67.570699
1359,KB_22_42978_17,Male,Killingbeck,2022,04/01/2022,04:38:11,04/01/2022 04:38,04/01/2022 01:38,-68.069119,-67.570629
1360,KB_22_42978_17,Male,Killingbeck,2022,04/01/2022,04:48:05,04/01/2022 04:48,04/01/2022 01:48,-68.069129,-67.570739
1361,KB_22_42978_17,Male,Killingbeck,2022,04/01/2022,04:58:04,04/01/2022 04:58,04/01/2022 01:58,-68.069077,-67.570624
1362,KB_22_42978_17,Male,Killingbeck,2022,04/01/2022,05:08:04,04/01/2022 05:08,04/01/2022 02:08,-68.06917,-67.570688
1363,KB_22_42978_17,Male,Killingbeck,2022,04/01/2022,05:17:58,04/01/2022 05:17,04/01/2022 02:17,-68.069201,-67.570687
1364,KB_22_42978_17,Male,Killingbeck,2022,04/01/2022,05:27:56,04/01/2022 05:27,04/01/2022 02:27,-68.068844,-67.570759
1365,KB_22_42978_17,Male,Killingbeck,2022,04/01/2022,05:37:55,04/01/2022 05:37,04/01/2022 02:37,-68.068772,-67.570718
1366,KB_22_42978_17,Male,Killingbeck,2022,04/01/2022,05:47:49,04/01/2022 05:47,04/01/2022 02:47,-68.068844,-67.570693
1367,KB_22_42978_17,Male,Killingbeck,2022,04/01/2022,05:57:48,04/01/2022 05:57,04/01/2022 02:57,-68.069041,-67.570661
1368,KB_22_42978_17,Male,Killingbeck,2022,04/01/2022,06:07:47,04/01/2022 06:07,04/01/2022 03:07,-68.069072,-67.570607
1369,KB_22_42978_17,Male,Killingbeck,2022,04/01/2022,06:17:41,04/01/2022 06:17,04/01/2022 03:17,-68.068808,-67.57067
1370,KB_22_42978_17,Male,Killingbeck,2022,04/01/2022,06:27:40,04/01/2022 06:27,04/01/2022 03:27,-68.068794,-67.570703
1371,KB_22_42978_17,Male,Killingbeck,2022,04/01/2022,06:37:40,04/01/2022 06:37,04/01/2022 03:37,-68.068881,-67.570674
1372,KB_22_42978_17,Male,Killingbeck,2022,04/01/2022,06:47:34,04/01/2022 06:47,04/01/2022 03:47,-68.068985,-67.57065
1373,KB_22_42978_17,Male,Killingbeck,2022,04/01/2022,06:57:33,04/01/2022 06:57,04/01/2022 03:57,-68.068859,-67.570656
1374,KB_22_42978_17,Male,Killingbeck,2022,04/01/2022,07:07:32,04/01/2022 07:07,04/01/2022 04:07,-68.068795,-67.570689
1375,KB_22_42978_17,Male,Killingbeck,2022,04/01/2022,07:17:26,04/01/2022 07:17,04/01/2022 04:17,-68.068987,-67.570657
1376,KB_22_42978_17,Male,Killingbeck,2022,04/01/2022,07:27:25,04/01/2022 07:27,04/01/2022 04:27,-68.068938,-67.570604
1377,KB_22_42978_17,Male,Killingbeck,2022,04/01/2022,07:37:24,04/01/2022 07:37,04/01/2022 04:37,-68.069041,-67.570705
1378,KB_22_42978_17,Male,Killingbeck,2022,04/01/2022,07:47:18,04/01/2022 07:47,04/01/2022 04:47,-68.069081,-67.57068
1379,KB_22_42978_17,Male,Killingbeck,2022,04/01/2022,07:57:18,04/01/2022 07:57,04/01/2022 04:57,-68.069054,-67.570667
1380,KB_22_42978_17,Male,Killingbeck,2022,04/01/2022,08:07:17,04/01/2022 08:07,04/01/2022 05:07,-68.06909,-67.570685
1381,KB_22_42978_17,Male,Killingbeck,2022,04/01/2022,08:17:11,04/01/2022 08:17,04/01/2022 05:17,-68.069164,-67.570688
1382,KB_22_42978_17,Male,Killingbeck,2022,04/01/2022,08:27:10,04/01/2022 08:27,04/01/2022 05:27,-68.069052,-67.570661
1383,KB_22_42978_17,Male,Killingbeck,2022,04/01/2022,08:37:09,04/01/2022 08:37,04/01/2022 05:37,-68.069,-67.570676
1384,KB_22_42978_17,Male,Killingbeck,2022,04/01/2022,08:47:03,04/01/2022 08:47,04/01/2022 05:47,-68.068945,-67.570662
1385,KB_22_42978_17,Male,Killingbeck,2022,04/01/2022,08:57:02,04/01/2022 08:57,04/01/2022 05:57,-68.069034,-67.570583
1386,KB_22_42978_17,Male,Killingbeck,2022,04/01/2022,09:07:01,04/01/2022 09:07,04/01/2022 06:07,-68.069004,-67.570599
1387,KB_22_42978_17,Male,Killingbeck,2022,04/01/2022,09:16:55,04/01/2022 09:16,04/01/2022 06:16,-68.068941,-67.57063
1388,KB_22_42978_17,Male,Killingbeck,2022,04/01/2022,09:26:58,04/01/2022 09:26,04/01/2022 06:26,-68.069,-67.570595
1389,KB_22_42978_17,Male,Killingbeck,2022,04/01/2022,09:37:07,04/01/2022 09:37,04/01/2022 06:37,-68.069078,-67.570642
1390,KB_22_42978_17,Male,Killingbeck,2022,04/01/2022,09:46:51,04/01/2022 09:46,04/01/2022 06:46,-68.068556,-67.57072
1391,KB_22_42978_17,Male,Killingbeck,2022,04/01/2022,09:56:50,04/01/2022 09:56,04/01/2022 06:56,-68.068535,-67.570773
1392,KB_22_42978_17,Male,Killingbeck,2022,04/01/2022,10:06:47,04/01/2022 10:06,04/01/2022 07:06,-68.068902,-67.570555
1393,KB_22_42978_17,Male,Killingbeck,2022,04/01/2022,10:16:44,04/01/2022 10:16,04/01/2022 07:16,-68.068378,-67.570571
1394,KB_22_42978_17,Male,Killingbeck,2022,04/01/2022,10:26:41,04/01/2022 10:26,04/01/2022 07:26,-68.057465,-67.543733
1395,KB_22_42978_17,Male,Killingbeck,2022,04/01/2022,10:36:39,04/01/2022 10:36,04/01/2022 07:36,-68.033538,-67.534006
1396,KB_22_42978_17,Male,Killingbeck,2022,04/01/2022,10:46:33,04/01/2022 10:46,04/01/2022 07:46,-68.03125,-67.533275
1397,KB_22_42978_17,Male,Killingbeck,2022,04/01/2022,10:56:41,04/01/2022 10:56,04/01/2022 07:56,-68.03423,-67.52557
1398,KB_22_42978_17,Male,Killingbeck,2022,04/01/2022,11:06:32,04/01/2022 11:06,04/01/2022 08:06,-68.020013,-67.509511
1399,KB_22_42978_17,Male,Killingbeck,2022,04/01/2022,11:16:27,04/01/2022 11:16,04/01/2022 08:16,-68.00905,-67.509057
1400,KB_22_42978_17,Male,Killingbeck,2022,04/01/2022,11:27:31,04/01/2022 11:27,04/01/2022 08:27,-68.003689,-67.508199
1401,KB_22_42978_17,Male,Killingbeck,2022,04/01/2022,11:37:30,04/01/2022 11:37,04/01/2022 08:37,-67.987625,-67.491742
1402,KB_22_42978_17,Male,Killingbeck,2022,04/01/2022,11:47:24,04/01/2022 11:47,04/01/2022 08:47,-67.868866,-67.407269
1403,KB_22_42978_17,Male,Killingbeck,2022,04/01/2022,11:57:23,04/01/2022 11:57,04/01/2022 08:57,-67.811081,-67.307761
1404,KB_22_42978_17,Male,Killingbeck,2022,04/01/2022,12:07:22,04/01/2022 12:07,04/01/2022 09:07,-67.803743,-67.284585
1405,KB_22_42978_17,Male,Killingbeck,2022,04/01/2022,12:19:40,04/01/2022 12:19,04/01/2022 09:19,-67.801071,-67.286078
1406,KB_22_42978_17,Male,Killingbeck,2022,04/01/2022,12:29:53,04/01/2022 12:29,04/01/2022 09:29,-67.80131,-67.286024
1407,KB_22_42978_17,Male,Killingbeck,2022,04/01/2022,12:39:43,04/01/2022 12:39,04/01/2022 09:39,-67.800427,-67.285917
1408,KB_22_42978_17,Male,Killingbeck,2022,04/01/2022,12:49:38,04/01/2022 12:49,04/01/2022 09:49,-67.799963,-67.286026
1409,KB_22_42978_17,Male,Killingbeck,2022,04/01/2022,12:59:37,04/01/2022 12:59,04/01/2022 09:59,-67.801383,-67.286324
1410,KB_22_42978_17,Male,Killingbeck,2022,04/01/2022,13:09:36,04/01/2022 13:09,04/01/2022 10:09,-67.800747,-67.286261
1411,KB_22_42978_17,Male,Killingbeck,2022,04/01/2022,13:21:53,04/01/2022 13:21,04/01/2022 10:21,-67.799551,-67.286346
1412,KB_22_42978_17,Male,Killingbeck,2022,04/01/2022,13:31:53,04/01/2022 13:31,04/01/2022 10:31,-67.768136,-67.288651
1413,KB_22_42978_17,Male,Killingbeck,2022,04/01/2022,13:41:52,04/01/2022 13:41,04/01/2022 10:41,-67.769133,-67.288747
1414,KB_22_42978_17,Male,Killingbeck,2022,04/01/2022,13:51:45,04/01/2022 13:51,04/01/2022 10:51,-67.768668,-67.288674
1415,KB_22_42978_17,Male,Killingbeck,2022,04/01/2022,14:01:46,04/01/2022 14:01,04/01/2022 11:01,-67.769211,-67.288638
1416,KB_22_42978_17,Male,Killingbeck,2022,04/01/2022,14:11:54,04/01/2022 14:11,04/01/2022 11:11,-67.769004,-67.288617
1417,KB_22_42978_17,Male,Killingbeck,2022,04/01/2022,14:21:41,04/01/2022 14:21,04/01/2022 11:21,-67.768877,-67.288642
1418,KB_22_42978_17,Male,Killingbeck,2022,04/01/2022,14:31:40,04/01/2022 14:31,04/01/2022 11:31,-67.769389,-67.288725
1419,KB_22_42978_17,Male,Killingbeck,2022,04/01/2022,14:41:36,04/01/2022 14:41,04/01/2022 11:41,-67.768968,-67.288886
1420,KB_22_42978_17,Male,Killingbeck,2022,04/01/2022,14:51:31,04/01/2022 14:51,04/01/2022 11:51,-67.769083,-67.288929
1421,KB_22_42978_17,Male,Killingbeck,2022,04/01/2022,15:01:38,04/01/2022 15:01,04/01/2022 12:01,-67.76877,-67.288836
1422,KB_22_42978_17,Male,Killingbeck,2022,04/01/2022,15:13:19,04/01/2022 15:13,04/01/2022 12:13,-67.795839,-67.285903
1423,KB_22_42978_17,Male,Killingbeck,2022,04/01/2022,15:23:12,04/01/2022 15:23,04/01/2022 12:23,-67.803508,-67.286042
1424,KB_22_42978_17,Male,Killingbeck,2022,04/01/2022,15:33:14,04/01/2022 15:33,04/01/2022 12:33,-67.8043,-67.28593
1425,KB_22_42978_17,Male,Killingbeck,2022,04/01/2022,15:43:28,04/01/2022 15:43,04/01/2022 12:43,-67.8014,-67.286933
1426,KB_22_42978_17,Male,Killingbeck,2022,04/01/2022,15:55:57,04/01/2022 15:55,04/01/2022 12:55,-67.803463,-67.286473
1427,KB_22_42978_17,Male,Killingbeck,2022,04/01/2022,16:06:01,04/01/2022 16:06,04/01/2022 13:06,-67.804693,-67.287619
1428,KB_22_42978_17,Male,Killingbeck,2022,04/01/2022,16:15:57,04/01/2022 16:15,04/01/2022 13:15,-67.841233,-67.3344
1429,KB_22_42978_17,Male,Killingbeck,2022,04/01/2022,16:25:51,04/01/2022 16:25,04/01/2022 13:25,-67.911971,-67.411541
1430,KB_22_42978_17,Male,Killingbeck,2022,04/01/2022,16:35:52,04/01/2022 16:35,04/01/2022 13:35,-67.970654,-67.469236
1431,KB_22_42978_17,Male,Killingbeck,2022,04/01/2022,16:45:52,04/01/2022 16:45,04/01/2022 13:45,-67.970686,-67.469215
1432,KB_22_42978_17,Male,Killingbeck,2022,04/01/2022,16:55:44,04/01/2022 16:55,04/01/2022 13:55,-68.032886,-67.513791
1433,KB_22_42978_17,Male,Killingbeck,2022,04/01/2022,17:05:43,04/01/2022 17:05,04/01/2022 14:05,-68.044044,-67.526793
1434,KB_22_42978_17,Male,Killingbeck,2022,04/01/2022,17:15:42,04/01/2022 17:15,04/01/2022 14:15,-68.068098,-67.547236
1435,KB_22_42978_17,Male,Killingbeck,2022,04/01/2022,17:25:36,04/01/2022 17:25,04/01/2022 14:25,-68.069121,-67.570628
1436,KB_22_42978_17,Male,Killingbeck,2022,04/01/2022,17:35:35,04/01/2022 17:35,04/01/2022 14:35,-68.069085,-67.570625
1437,KB_22_42978_17,Male,Killingbeck,2022,04/01/2022,17:45:35,04/01/2022 17:45,04/01/2022 14:45,-68.069116,-67.570696
1438,KB_22_42978_17,Male,Killingbeck,2022,04/01/2022,17:55:29,04/01/2022 17:55,04/01/2022 14:55,-68.069309,-67.570702
1439,KB_22_42978_17,Male,Killingbeck,2022,04/01/2022,18:05:30,04/01/2022 18:05,04/01/2022 15:05,-68.069085,-67.570648
1440,KB_22_42978_17,Male,Killingbeck,2022,04/01/2022,18:15:29,04/01/2022 18:15,04/01/2022 15:15,-68.069249,-67.570705
1441,KB_22_42978_17,Male,Killingbeck,2022,04/01/2022,18:25:20,04/01/2022 18:25,04/01/2022 15:25,-68.068939,-67.570708
1442,KB_22_42978_17,Male,Killingbeck,2022,04/01/2022,18:35:19,04/01/2022 18:35,04/01/2022 15:35,-68.068059,-67.571778
1443,KB_22_42978_17,Male,Killingbeck,2022,04/01/2022,18:45:22,04/01/2022 18:45,04/01/2022 15:45,-68.070312,-67.576288
1444,KB_22_42978_17,Male,Killingbeck,2022,04/01/2022,18:55:14,04/01/2022 18:55,04/01/2022 15:55,-68.071173,-67.576156
1445,KB_22_42978_17,Male,Killingbeck,2022,04/01/2022,19:05:33,04/01/2022 19:05,04/01/2022 16:05,-68.069354,-67.57607
1446,KB_22_42978_17,Male,Killingbeck,2022,04/01/2022,19:15:34,04/01/2022 19:15,04/01/2022 16:15,-68.069123,-67.57067
1447,KB_22_42978_17,Male,Killingbeck,2022,04/01/2022,19:25:27,04/01/2022 19:25,04/01/2022 16:25,-68.069117,-67.570649
1448,KB_22_42978_17,Male,Killingbeck,2022,04/01/2022,19:35:27,04/01/2022 19:35,04/01/2022 16:35,-68.069012,-67.570649
1449,KB_22_42978_17,Male,Killingbeck,2022,04/01/2022,19:45:33,04/01/2022 19:45,04/01/2022 16:45,-68.070875,-67.576042
1450,KB_22_42978_17,Male,Killingbeck,2022,04/01/2022,19:55:21,04/01/2022 19:55,04/01/2022 16:55,-68.068472,-67.575202
1451,KB_22_42978_17,Male,Killingbeck,2022,04/01/2022,20:05:26,04/01/2022 20:05,04/01/2022 17:05,-68.061748,-67.57141
1452,KB_22_42978_17,Male,Killingbeck,2022,04/01/2022,20:17:38,04/01/2022 20:17,04/01/2022 17:17,-68.05819,-67.56913
1453,KB_22_42978_17,Male,Killingbeck,2022,04/01/2022,20:27:33,04/01/2022 20:27,04/01/2022 17:27,-68.069112,-67.570653
1454,KB_22_42978_17,Male,Killingbeck,2022,04/01/2022,20:37:34,04/01/2022 20:37,04/01/2022 17:37,-68.069028,-67.570682
1455,KB_22_42978_17,Male,Killingbeck,2022,04/01/2022,20:47:32,04/01/2022 20:47,04/01/2022 17:47,-68.069263,-67.570715
1456,KB_22_42978_17,Male,Killingbeck,2022,04/01/2022,20:57:27,04/01/2022 20:57,04/01/2022 17:57,-68.068912,-67.57072
1457,KB_22_42978_17,Male,Killingbeck,2022,04/01/2022,21:07:26,04/01/2022 21:07,04/01/2022 18:07,-68.069093,-67.570736
1458,KB_22_42978_17,Male,Killingbeck,2022,04/01/2022,21:17:24,04/01/2022 21:17,04/01/2022 18:17,-68.0687,-67.570734
1459,KB_22_42978_17,Male,Killingbeck,2022,04/01/2022,21:27:20,04/01/2022 21:27,04/01/2022 18:27,-68.06899,-67.570684
1460,KB_22_42978_17,Male,Killingbeck,2022,04/01/2022,21:37:19,04/01/2022 21:37,04/01/2022 18:37,-68.068589,-67.570725
1461,KB_22_42978_17,Male,Killingbeck,2022,04/01/2022,21:47:16,04/01/2022 21:47,04/01/2022 18:47,-68.06902,-67.57066
1462,KB_22_42978_17,Male,Killingbeck,2022,04/01/2022,21:57:10,04/01/2022 21:57,04/01/2022 18:57,-68.068804,-67.570675
1463,KB_22_42978_17,Male,Killingbeck,2022,04/01/2022,22:07:09,04/01/2022 22:07,04/01/2022 19:07,-68.068983,-67.570642
1464,KB_22_42978_17,Male,Killingbeck,2022,04/01/2022,22:17:09,04/01/2022 22:17,04/01/2022 19:17,-68.068999,-67.570724
1465,KB_22_42978_17,Male,Killingbeck,2022,04/01/2022,22:27:03,04/01/2022 22:27,04/01/2022 19:27,-68.068874,-67.570679
1466,KB_22_42978_17,Male,Killingbeck,2022,04/01/2022,22:37:02,04/01/2022 22:37,04/01/2022 19:37,-68.069033,-67.570739
1467,KB_22_42978_17,Male,Killingbeck,2022,04/01/2022,22:47:01,04/01/2022 22:47,04/01/2022 19:47,-68.068999,-67.570737
1468,KB_22_42978_17,Male,Killingbeck,2022,04/01/2022,22:56:56,04/01/2022 22:56,04/01/2022 19:56,-68.068529,-67.570813
1469,KB_22_42978_17,Male,Killingbeck,2022,04/01/2022,23:06:54,04/01/2022 23:06,04/01/2022 20:06,-68.068928,-67.570687
1470,KB_22_42978_17,Male,Killingbeck,2022,04/01/2022,23:16:53,04/01/2022 23:16,04/01/2022 20:16,-68.068963,-67.570667
1471,KB_22_42978_17,Male,Killingbeck,2022,04/01/2022,23:26:47,04/01/2022 23:26,04/01/2022 20:26,-68.068872,-67.570677
1472,KB_22_42978_17,Male,Killingbeck,2022,04/01/2022,23:36:46,04/01/2022 23:36,04/01/2022 20:36,-68.068956,-67.570705
1473,KB_22_42978_17,Male,Killingbeck,2022,04/01/2022,23:46:45,04/01/2022 23:46,04/01/2022 20:46,-68.069084,-67.570724
1474,KB_22_42978_17,Male,Killingbeck,2022,04/01/2022,23:56:41,04/01/2022 23:56,04/01/2022 20:56,-68.068903,-67.570763
1475,KB_22_42978_17,Male,Killingbeck,2022,05/01/2022,00:06:39,05/01/2022 00:06,04/01/2022 21:06,-68.068942,-67.570701
1476,KB_22_42978_17,Male,Killingbeck,2022,05/01/2022,00:16:38,05/01/2022 00:16,04/01/2022 21:16,-68.069054,-67.570745
1477,KB_22_42978_17,Male,Killingbeck,2022,05/01/2022,00:26:32,05/01/2022 00:26,04/01/2022 21:26,-68.069042,-67.570664
1478,KB_22_42978_17,Male,Killingbeck,2022,05/01/2022,00:36:31,05/01/2022 00:36,04/01/2022 21:36,-68.069002,-67.570691
1479,KB_22_42978_17,Male,Killingbeck,2022,05/01/2022,00:46:30,05/01/2022 00:46,04/01/2022 21:46,-68.068928,-67.570714
1480,KB_22_42978_17,Male,Killingbeck,2022,05/01/2022,00:56:24,05/01/2022 00:56,04/01/2022 21:56,-68.068905,-67.570711
1481,KB_22_42978_17,Male,Killingbeck,2022,05/01/2022,01:06:23,05/01/2022 01:06,04/01/2022 22:06,-68.068996,-67.570667
1482,KB_22_42978_17,Male,Killingbeck,2022,05/01/2022,01:16:22,05/01/2022 01:16,04/01/2022 22:16,-68.068893,-67.570669
1483,KB_22_42978_17,Male,Killingbeck,2022,05/01/2022,01:26:17,05/01/2022 01:26,04/01/2022 22:26,-68.068978,-67.570656
1484,KB_22_42978_17,Male,Killingbeck,2022,05/01/2022,01:36:16,05/01/2022 01:36,04/01/2022 22:36,-68.068855,-67.570654
1485,KB_22_42978_17,Male,Killingbeck,2022,05/01/2022,01:46:15,05/01/2022 01:46,04/01/2022 22:46,-68.068953,-67.570663
1486,KB_22_42978_17,Male,Killingbeck,2022,05/01/2022,01:56:10,05/01/2022 01:56,04/01/2022 22:56,-68.068942,-67.570716
1487,KB_22_42978_17,Male,Killingbeck,2022,05/01/2022,02:06:09,05/01/2022 02:06,04/01/2022 23:06,-68.068891,-67.570702
1488,KB_22_42978_17,Male,Killingbeck,2022,05/01/2022,02:16:07,05/01/2022 02:16,04/01/2022 23:16,-68.068892,-67.570724
1489,KB_22_42978_17,Male,Killingbeck,2022,05/01/2022,02:26:01,05/01/2022 02:26,04/01/2022 23:26,-68.068931,-67.570728
1490,KB_22_42978_17,Male,Killingbeck,2022,05/01/2022,02:36:00,05/01/2022 02:36,04/01/2022 23:36,-68.068879,-67.570782
1491,KB_22_42978_17,Male,Killingbeck,2022,05/01/2022,02:46:00,05/01/2022 02:46,04/01/2022 23:46,-68.068976,-67.570748
1492,KB_22_42978_17,Male,Killingbeck,2022,05/01/2022,02:55:52,05/01/2022 02:55,04/01/2022 23:55,-68.068989,-67.570726
1493,KB_22_42978_17,Male,Killingbeck,2022,05/01/2022,03:05:52,05/01/2022 03:05,05/01/2022 00:05,-68.068933,-67.570752
1494,KB_22_42978_17,Male,Killingbeck,2022,05/01/2022,03:15:52,05/01/2022 03:15,05/01/2022 00:15,-68.068951,-67.570744
1495,KB_22_42978_17,Male,Killingbeck,2022,05/01/2022,03:25:46,05/01/2022 03:25,05/01/2022 00:25,-68.069064,-67.570703
1496,KB_22_42978_17,Male,Killingbeck,2022,05/01/2022,03:35:45,05/01/2022 03:35,05/01/2022 00:35,-68.069093,-67.570737
1497,KB_22_42978_17,Male,Killingbeck,2022,05/01/2022,03:45:44,05/01/2022 03:45,05/01/2022 00:45,-68.069143,-67.570738
1498,KB_22_42978_17,Male,Killingbeck,2022,05/01/2022,03:55:37,05/01/2022 03:55,05/01/2022 00:55,-68.069095,-67.570581
1499,KB_22_42978_17,Male,Killingbeck,2022,05/01/2022,04:05:36,05/01/2022 04:05,05/01/2022 01:05,-68.069071,-67.570633
1500,KB_22_42978_17,Male,Killingbeck,2022,05/01/2022,04:15:36,05/01/2022 04:15,05/01/2022 01:15,-68.069138,-67.57068
1501,KB_22_42978_17,Male,Killingbeck,2022,05/01/2022,04:25:30,05/01/2022 04:25,05/01/2022 01:25,-68.069043,-67.570606
1502,KB_22_42978_17,Male,Killingbeck,2022,05/01/2022,04:35:29,05/01/2022 04:35,05/01/2022 01:35,-68.069139,-67.570658
1503,KB_22_42978_17,Male,Killingbeck,2022,05/01/2022,04:45:30,05/01/2022 04:45,05/01/2022 01:45,-68.069131,-67.570809
1504,KB_22_42978_17,Male,Killingbeck,2022,05/01/2022,04:55:22,05/01/2022 04:55,05/01/2022 01:55,-68.069196,-67.570691
1505,KB_22_42978_17,Male,Killingbeck,2022,05/01/2022,05:05:22,05/01/2022 05:05,05/01/2022 02:05,-68.069142,-67.570713
1506,KB_22_42978_17,Male,Killingbeck,2022,05/01/2022,05:15:21,05/01/2022 05:15,05/01/2022 02:15,-68.069106,-67.570671
1507,KB_22_42978_17,Male,Killingbeck,2022,05/01/2022,05:25:15,05/01/2022 05:25,05/01/2022 02:25,-68.069146,-67.570656
1508,KB_22_42978_17,Male,Killingbeck,2022,05/01/2022,05:35:14,05/01/2022 05:35,05/01/2022 02:35,-68.068994,-67.57065
1509,KB_22_42978_17,Male,Killingbeck,2022,05/01/2022,05:45:14,05/01/2022 05:45,05/01/2022 02:45,-68.069281,-67.570489
1510,KB_22_42978_17,Male,Killingbeck,2022,05/01/2022,05:55:06,05/01/2022 05:55,05/01/2022 02:55,-68.068907,-67.570566
1511,KB_22_42978_17,Male,Killingbeck,2022,05/01/2022,06:05:05,05/01/2022 06:05,05/01/2022 03:05,-68.068795,-67.57054
1512,KB_22_42978_17,Male,Killingbeck,2022,05/01/2022,06:15:04,05/01/2022 06:15,05/01/2022 03:15,-68.06879,-67.570612
1513,KB_22_42978_17,Male,Killingbeck,2022,05/01/2022,06:25:00,05/01/2022 06:25,05/01/2022 03:25,-68.068832,-67.570673
1514,KB_22_42978_17,Male,Killingbeck,2022,05/01/2022,06:34:59,05/01/2022 06:34,05/01/2022 03:34,-68.068845,-67.570649
1515,KB_22_42978_17,Male,Killingbeck,2022,05/01/2022,06:44:58,05/01/2022 06:44,05/01/2022 03:44,-68.068804,-67.570604
1516,KB_22_42978_17,Male,Killingbeck,2022,05/01/2022,06:54:51,05/01/2022 06:54,05/01/2022 03:54,-68.068632,-67.570471
1517,KB_22_42978_17,Male,Killingbeck,2022,05/01/2022,07:04:50,05/01/2022 07:04,05/01/2022 04:04,-68.068962,-67.570629
1518,KB_22_42978_17,Male,Killingbeck,2022,05/01/2022,07:14:49,05/01/2022 07:14,05/01/2022 04:14,-68.068926,-67.570647
1519,KB_22_42978_17,Male,Killingbeck,2022,05/01/2022,07:24:44,05/01/2022 07:24,05/01/2022 04:24,-68.068906,-67.570571
1520,KB_22_42978_17,Male,Killingbeck,2022,05/01/2022,07:34:43,05/01/2022 07:34,05/01/2022 04:34,-68.069098,-67.570709
1521,KB_22_42978_17,Male,Killingbeck,2022,05/01/2022,07:44:41,05/01/2022 07:44,05/01/2022 04:44,-68.069025,-67.570676
1522,KB_22_42978_17,Male,Killingbeck,2022,05/01/2022,07:54:36,05/01/2022 07:54,05/01/2022 04:54,-68.068966,-67.570814
1523,KB_22_42978_17,Male,Killingbeck,2022,05/01/2022,08:04:49,05/01/2022 08:04,05/01/2022 05:04,-68.069162,-67.570661
1524,KB_22_42978_17,Male,Killingbeck,2022,05/01/2022,08:14:37,05/01/2022 08:14,05/01/2022 05:14,-68.068942,-67.570643
1525,KB_22_42978_17,Male,Killingbeck,2022,05/01/2022,08:24:46,05/01/2022 08:24,05/01/2022 05:24,-68.068461,-67.570648
1526,KB_22_42978_17,Male,Killingbeck,2022,05/01/2022,08:34:37,05/01/2022 08:34,05/01/2022 05:34,-68.068917,-67.570636
1527,KB_22_42978_17,Male,Killingbeck,2022,05/01/2022,08:44:37,05/01/2022 08:44,05/01/2022 05:44,-68.068923,-67.570633
1528,KB_22_42978_17,Male,Killingbeck,2022,05/01/2022,08:54:25,05/01/2022 08:54,05/01/2022 05:54,-68.068993,-67.570636
1529,KB_22_42978_17,Male,Killingbeck,2022,05/01/2022,09:04:33,05/01/2022 09:04,05/01/2022 06:04,-68.069039,-67.570612
1530,KB_22_42978_17,Male,Killingbeck,2022,05/01/2022,09:14:24,05/01/2022 09:14,05/01/2022 06:14,-68.06883,-67.570639
1531,KB_22_42978_17,Male,Killingbeck,2022,05/01/2022,09:24:22,05/01/2022 09:24,05/01/2022 06:24,-68.068712,-67.570559
1532,KB_22_42978_17,Male,Killingbeck,2022,05/01/2022,09:34:19,05/01/2022 09:34,05/01/2022 06:34,-68.06876,-67.570597
1533,KB_22_42978_17,Male,Killingbeck,2022,05/01/2022,09:44:15,05/01/2022 09:44,05/01/2022 06:44,-68.068532,-67.570766
1534,KB_22_42978_17,Male,Killingbeck,2022,05/01/2022,09:54:18,05/01/2022 09:54,05/01/2022 06:54,-68.068886,-67.57064
1535,KB_22_42978_17,Male,Killingbeck,2022,05/01/2022,10:04:10,05/01/2022 10:04,05/01/2022 07:04,-68.069024,-67.570609
1536,KB_22_42978_17,Male,Killingbeck,2022,05/01/2022,10:14:09,05/01/2022 10:14,05/01/2022 07:14,-68.068625,-67.570573
1537,KB_22_42978_17,Male,Killingbeck,2022,05/01/2022,10:24:03,05/01/2022 10:24,05/01/2022 07:24,-68.068781,-67.570602
1538,KB_22_42978_17,Male,Killingbeck,2022,05/01/2022,10:34:02,05/01/2022 10:34,05/01/2022 07:34,-68.068681,-67.570587
1539,KB_22_42978_17,Male,Killingbeck,2022,05/01/2022,10:44:02,05/01/2022 10:44,05/01/2022 07:44,-68.08194,-67.580615
1540,KB_22_42978_17,Male,Killingbeck,2022,05/01/2022,10:53:56,05/01/2022 10:53,05/01/2022 07:53,-68.052394,-67.551638
1541,KB_22_42978_17,Male,Killingbeck,2022,05/01/2022,11:07:12,05/01/2022 11:07,05/01/2022 08:07,-68.030958,-67.533613
1542,KB_22_42978_17,Male,Killingbeck,2022,05/01/2022,11:19:37,05/01/2022 11:19,05/01/2022 08:19,-68.027292,-67.531265
1543,KB_22_42978_17,Male,Killingbeck,2022,05/01/2022,11:29:31,05/01/2022 11:29,05/01/2022 08:29,-67.961784,-67.47778
1544,KB_22_42978_17,Male,Killingbeck,2022,05/01/2022,11:39:31,05/01/2022 11:39,05/01/2022 08:39,-67.830355,-67.388541
1545,KB_22_42978_17,Male,Killingbeck,2022,05/01/2022,11:49:30,05/01/2022 11:49,05/01/2022 08:49,-67.795575,-67.295249
1546,KB_22_42978_17,Male,Killingbeck,2022,05/01/2022,11:59:27,05/01/2022 11:59,05/01/2022 08:59,-67.803203,-67.286201
1547,KB_22_42978_17,Male,Killingbeck,2022,05/01/2022,12:09:23,05/01/2022 12:09,05/01/2022 09:09,-67.806812,-67.28527
1548,KB_22_42978_17,Male,Killingbeck,2022,05/01/2022,12:22:21,05/01/2022 12:22,05/01/2022 09:22,-67.805578,-67.285205
1549,KB_22_42978_17,Male,Killingbeck,2022,05/01/2022,12:33:04,05/01/2022 12:33,05/01/2022 09:33,-67.803877,-67.285538
1550,KB_22_42978_17,Male,Killingbeck,2022,05/01/2022,12:43:03,05/01/2022 12:43,05/01/2022 09:43,-67.811564,-67.275879
1551,KB_22_42978_17,Male,Killingbeck,2022,05/01/2022,12:53:04,05/01/2022 12:53,05/01/2022 09:53,-67.811651,-67.2759
1552,KB_22_42978_17,Male,Killingbeck,2022,05/01/2022,13:02:58,05/01/2022 13:02,05/01/2022 10:02,-67.811734,-67.275902
1553,KB_22_42978_17,Male,Killingbeck,2022,05/01/2022,13:12:57,05/01/2022 13:12,05/01/2022 10:12,-67.811664,-67.27589
1554,KB_22_42978_17,Male,Killingbeck,2022,05/01/2022,13:22:56,05/01/2022 13:22,05/01/2022 10:22,-67.811649,-67.275949
1555,KB_22_42978_17,Male,Killingbeck,2022,05/01/2022,13:32:50,05/01/2022 13:32,05/01/2022 10:32,-67.81178,-67.275876
1556,KB_22_42978_17,Male,Killingbeck,2022,05/01/2022,13:43:54,05/01/2022 13:43,05/01/2022 10:43,-67.811953,-67.278021
1557,KB_22_42978_17,Male,Killingbeck,2022,05/01/2022,13:53:53,05/01/2022 13:53,05/01/2022 10:53,-67.813008,-67.278343
1558,KB_22_42978_17,Male,Killingbeck,2022,05/01/2022,14:03:48,05/01/2022 14:03,05/01/2022 11:03,-67.81008,-67.279428
1559,KB_22_42978_17,Male,Killingbeck,2022,05/01/2022,14:14:13,05/01/2022 14:14,05/01/2022 11:14,-67.808508,-67.280523
1560,KB_22_42978_17,Male,Killingbeck,2022,05/01/2022,14:24:54,05/01/2022 14:24,05/01/2022 11:24,-67.804405,-67.28587
1561,KB_22_42978_17,Male,Killingbeck,2022,05/01/2022,14:34:49,05/01/2022 14:34,05/01/2022 11:34,-67.801822,-67.285953
1562,KB_22_42978_17,Male,Killingbeck,2022,05/01/2022,14:44:50,05/01/2022 14:44,05/01/2022 11:44,-67.800275,-67.286443
1563,KB_22_42978_17,Male,Killingbeck,2022,05/01/2022,14:54:47,05/01/2022 14:54,05/01/2022 11:54,-67.799405,-67.286259
1564,KB_22_42978_17,Male,Killingbeck,2022,05/01/2022,15:04:41,05/01/2022 15:04,05/01/2022 12:04,-67.800009,-67.285987
1565,KB_22_42978_17,Male,Killingbeck,2022,05/01/2022,15:14:39,05/01/2022 15:14,05/01/2022 12:14,-67.820353,-67.262882
1566,KB_22_42978_17,Male,Killingbeck,2022,05/01/2022,15:24:39,05/01/2022 15:24,05/01/2022 12:24,-67.815479,-67.259201
1567,KB_22_42978_17,Male,Killingbeck,2022,05/01/2022,15:34:34,05/01/2022 15:34,05/01/2022 12:34,-67.808,-67.255613
1568,KB_22_42978_17,Male,Killingbeck,2022,05/01/2022,15:44:33,05/01/2022 15:44,05/01/2022 12:44,-67.817316,-67.276515
1569,KB_22_42978_17,Male,Killingbeck,2022,05/01/2022,15:54:34,05/01/2022 15:54,05/01/2022 12:54,-67.813362,-67.277537
1570,KB_22_42978_17,Male,Killingbeck,2022,05/01/2022,16:04:26,05/01/2022 16:04,05/01/2022 13:04,-67.806478,-67.283536
1571,KB_22_42978_17,Male,Killingbeck,2022,05/01/2022,16:14:24,05/01/2022 16:14,05/01/2022 13:14,-67.805516,-67.284549
1572,KB_22_42978_17,Male,Killingbeck,2022,05/01/2022,16:24:32,05/01/2022 16:24,05/01/2022 13:24,-67.804452,-67.285449
1573,KB_22_42978_17,Male,Killingbeck,2022,05/01/2022,16:34:28,05/01/2022 16:34,05/01/2022 13:34,-67.80115,-67.287032
1574,KB_22_42978_17,Male,Killingbeck,2022,05/01/2022,16:44:25,05/01/2022 16:44,05/01/2022 13:44,-67.800416,-67.287272
1575,KB_22_42978_17,Male,Killingbeck,2022,05/01/2022,16:54:24,05/01/2022 16:54,05/01/2022 13:54,-67.800464,-67.28638
1576,KB_22_42978_17,Male,Killingbeck,2022,05/01/2022,17:04:18,05/01/2022 17:04,05/01/2022 14:04,-67.805961,-67.285901
1577,KB_22_42978_17,Male,Killingbeck,2022,05/01/2022,17:14:17,05/01/2022 17:14,05/01/2022 14:14,-67.803503,-67.286074
1578,KB_22_42978_17,Male,Killingbeck,2022,05/01/2022,17:24:17,05/01/2022 17:24,05/01/2022 14:24,-67.805038,-67.285744
1579,KB_22_42978_17,Male,Killingbeck,2022,05/01/2022,17:36:34,05/01/2022 17:36,05/01/2022 14:36,-67.806858,-67.285533
1580,KB_22_42978_17,Male,Killingbeck,2022,05/01/2022,17:46:32,05/01/2022 17:46,05/01/2022 14:46,-67.805502,-67.28592
1581,KB_22_42978_17,Male,Killingbeck,2022,05/01/2022,17:56:31,05/01/2022 17:56,05/01/2022 14:56,-67.803531,-67.286677
1582,KB_22_42978_17,Male,Killingbeck,2022,05/01/2022,18:06:25,05/01/2022 18:06,05/01/2022 15:06,-67.806375,-67.286207
1583,KB_22_42978_17,Male,Killingbeck,2022,05/01/2022,18:16:24,05/01/2022 18:16,05/01/2022 15:16,-67.806102,-67.28666
1584,KB_22_42978_17,Male,Killingbeck,2022,05/01/2022,18:26:23,05/01/2022 18:26,05/01/2022 15:26,-67.802405,-67.290206
1585,KB_22_42978_17,Male,Killingbeck,2022,05/01/2022,18:36:17,05/01/2022 18:36,05/01/2022 15:36,-67.856956,-67.372767
1586,KB_22_42978_17,Male,Killingbeck,2022,05/01/2022,18:46:15,05/01/2022 18:46,05/01/2022 15:46,-67.946738,-67.447068
1587,KB_22_42978_17,Male,Killingbeck,2022,05/01/2022,18:56:17,05/01/2022 18:56,05/01/2022 15:56,-68.050791,-67.524762
1588,KB_22_42978_17,Male,Killingbeck,2022,05/01/2022,19:06:10,05/01/2022 19:06,05/01/2022 16:06,-68.06905,-67.570647
1589,KB_22_42978_17,Male,Killingbeck,2022,05/01/2022,19:16:11,05/01/2022 19:16,05/01/2022 16:16,-68.069136,-67.570623
1590,KB_22_42978_17,Male,Killingbeck,2022,05/01/2022,19:26:07,05/01/2022 19:26,05/01/2022 16:26,-68.068948,-67.570728
1591,KB_22_42978_17,Male,Killingbeck,2022,05/01/2022,19:36:04,05/01/2022 19:36,05/01/2022 16:36,-68.069154,-67.570709
1592,KB_22_42978_17,Male,Killingbeck,2022,05/01/2022,19:46:03,05/01/2022 19:46,05/01/2022 16:46,-68.069351,-67.570815
1593,KB_22_42978_17,Male,Killingbeck,2022,05/01/2022,19:56:00,05/01/2022 19:56,05/01/2022 16:56,-68.069074,-67.57073
1594,KB_22_42978_17,Male,Killingbeck,2022,05/01/2022,20:05:56,05/01/2022 20:05,05/01/2022 17:05,-68.069369,-67.570762
1595,KB_22_42978_17,Male,Killingbeck,2022,05/01/2022,20:15:56,05/01/2022 20:15,05/01/2022 17:15,-68.069176,-67.570793
1596,KB_22_42978_17,Male,Killingbeck,2022,05/01/2022,20:25:52,05/01/2022 20:25,05/01/2022 17:25,-68.069075,-67.570684
1597,KB_22_42978_17,Male,Killingbeck,2022,05/01/2022,20:35:47,05/01/2022 20:35,05/01/2022 17:35,-68.06913,-67.570692
1598,KB_22_42978_17,Male,Killingbeck,2022,05/01/2022,20:45:49,05/01/2022 20:45,05/01/2022 17:45,-68.068946,-67.57068
1599,KB_22_42978_17,Male,Killingbeck,2022,05/01/2022,20:55:46,05/01/2022 20:55,05/01/2022 17:55,-68.068924,-67.570606
1600,KB_22_42978_17,Male,Killingbeck,2022,05/01/2022,21:05:43,05/01/2022 21:05,05/01/2022 18:05,-68.0689,-67.570676
1601,KB_22_42978_17,Male,Killingbeck,2022,05/01/2022,21:15:43,05/01/2022 21:15,05/01/2022 18:15,-68.068652,-67.570807
1602,KB_22_42978_17,Male,Killingbeck,2022,05/01/2022,21:25:47,05/01/2022 21:25,05/01/2022 18:25,-68.069541,-67.570719
1603,KB_22_42978_17,Male,Killingbeck,2022,05/01/2022,21:35:37,05/01/2022 21:35,05/01/2022 18:35,-68.068987,-67.570714
1604,KB_22_42978_17,Male,Killingbeck,2022,05/01/2022,21:45:36,05/01/2022 21:45,05/01/2022 18:45,-68.068898,-67.570852
1605,KB_22_42978_17,Male,Killingbeck,2022,05/01/2022,21:55:32,05/01/2022 21:55,05/01/2022 18:55,-68.068934,-67.570719
1606,KB_22_42978_17,Male,Killingbeck,2022,05/01/2022,22:05:27,05/01/2022 22:05,05/01/2022 19:05,-68.069057,-67.570725
1607,KB_22_42978_17,Male,Killingbeck,2022,05/01/2022,22:15:26,05/01/2022 22:15,05/01/2022 19:15,-68.068937,-67.570736
1608,KB_22_42978_17,Male,Killingbeck,2022,05/01/2022,22:25:24,05/01/2022 22:25,05/01/2022 19:25,-68.068986,-67.570709
1609,KB_22_42978_17,Male,Killingbeck,2022,05/01/2022,22:35:19,05/01/2022 22:35,05/01/2022 19:35,-68.068925,-67.570584
1610,KB_22_42978_17,Male,Killingbeck,2022,05/01/2022,22:45:20,05/01/2022 22:45,05/01/2022 19:45,-68.068928,-67.570582
1611,KB_22_42978_17,Male,Killingbeck,2022,05/01/2022,22:55:21,05/01/2022 22:55,05/01/2022 19:55,-68.068987,-67.570691
1612,KB_22_42978_17,Male,Killingbeck,2022,05/01/2022,23:05:15,05/01/2022 23:05,05/01/2022 20:05,-68.068961,-67.570722
1613,KB_22_42978_17,Male,Killingbeck,2022,05/01/2022,23:15:12,05/01/2022 23:15,05/01/2022 20:15,-68.068913,-67.57067
1614,KB_22_42978_17,Male,Killingbeck,2022,05/01/2022,23:25:12,05/01/2022 23:25,05/01/2022 20:25,-68.068997,-67.570662
1615,KB_22_42978_17,Male,Killingbeck,2022,05/01/2022,23:35:09,05/01/2022 23:35,05/01/2022 20:35,-68.068989,-67.570726
1616,KB_22_42978_17,Male,Killingbeck,2022,05/01/2022,23:45:10,05/01/2022 23:45,05/01/2022 20:45,-68.068804,-67.570735
1617,KB_22_42978_17,Male,Killingbeck,2022,05/01/2022,23:55:08,05/01/2022 23:55,05/01/2022 20:55,-68.068867,-67.570749
1618,KB_22_42978_17,Male,Killingbeck,2022,06/01/2022,00:05:06,06/01/2022 00:05,05/01/2022 21:05,-68.068668,-67.57108
1619,KB_22_42978_17,Male,Killingbeck,2022,06/01/2022,00:15:07,06/01/2022 00:15,05/01/2022 21:15,-68.068724,-67.571098
1620,KB_22_42978_17,Male,Killingbeck,2022,06/01/2022,00:25:03,06/01/2022 00:25,05/01/2022 21:25,-68.069125,-67.570685
1621,KB_22_42978_17,Male,Killingbeck,2022,06/01/2022,00:35:04,06/01/2022 00:35,05/01/2022 21:35,-68.069054,-67.570711
1622,KB_22_42978_17,Male,Killingbeck,2022,06/01/2022,00:45:04,06/01/2022 00:45,05/01/2022 21:45,-68.068938,-67.570739
1623,KB_22_42978_17,Male,Killingbeck,2022,06/01/2022,00:55:03,06/01/2022 00:55,05/01/2022 21:55,-68.06895,-67.570728
1624,KB_22_42978_17,Male,Killingbeck,2022,06/01/2022,01:05:04,06/01/2022 01:05,05/01/2022 22:05,-68.068904,-67.570641
1625,KB_22_42978_17,Male,Killingbeck,2022,06/01/2022,01:15:03,06/01/2022 01:15,05/01/2022 22:15,-68.068903,-67.57064
1626,KB_22_42978_17,Male,Killingbeck,2022,06/01/2022,01:25:02,06/01/2022 01:25,05/01/2022 22:25,-68.068942,-67.570635
1627,KB_22_42978_17,Male,Killingbeck,2022,06/01/2022,01:35:02,06/01/2022 01:35,05/01/2022 22:35,-68.069005,-67.570663
1628,KB_22_42978_17,Male,Killingbeck,2022,06/01/2022,01:45:01,06/01/2022 01:45,05/01/2022 22:45,-68.068934,-67.570699
1629,KB_22_42978_17,Male,Killingbeck,2022,06/01/2022,01:55:00,06/01/2022 01:55,05/01/2022 22:55,-68.068893,-67.570688
1630,KB_22_42978_17,Male,Killingbeck,2022,06/01/2022,02:05:01,06/01/2022 02:05,05/01/2022 23:05,-68.068796,-67.570643
1631,KB_22_42978_17,Male,Killingbeck,2022,06/01/2022,02:15:00,06/01/2022 02:15,05/01/2022 23:15,-68.068815,-67.570729
1632,KB_22_42978_17,Male,Killingbeck,2022,06/01/2022,02:25:00,06/01/2022 02:25,05/01/2022 23:25,-68.068901,-67.570733
1633,KB_22_42978_17,Male,Killingbeck,2022,06/01/2022,02:35:02,06/01/2022 02:35,05/01/2022 23:35,-68.068961,-67.570777
1634,KB_22_42978_17,Male,Killingbeck,2022,06/01/2022,02:45:01,06/01/2022 02:45,05/01/2022 23:45,-68.068977,-67.570787
1635,KB_22_42978_17,Male,Killingbeck,2022,06/01/2022,02:55:00,06/01/2022 02:55,05/01/2022 23:55,-68.068999,-67.570686
1636,KB_22_42978_17,Male,Killingbeck,2022,06/01/2022,03:04:54,06/01/2022 03:04,06/01/2022 00:04,-68.069033,-67.570756
1637,KB_22_42978_17,Male,Killingbeck,2022,06/01/2022,03:14:53,06/01/2022 03:14,06/01/2022 00:14,-68.06909,-67.570688
1638,KB_22_42978_17,Male,Killingbeck,2022,06/01/2022,03:24:52,06/01/2022 03:24,06/01/2022 00:24,-68.069098,-67.570695
1639,KB_22_42978_17,Male,Killingbeck,2022,06/01/2022,03:34:46,06/01/2022 03:34,06/01/2022 00:34,-68.069098,-67.570716
1640,KB_22_42978_17,Male,Killingbeck,2022,06/01/2022,03:44:45,06/01/2022 03:44,06/01/2022 00:44,-68.069103,-67.570715
1641,KB_22_42978_17,Male,Killingbeck,2022,06/01/2022,03:54:44,06/01/2022 03:54,06/01/2022 00:54,-68.069071,-67.570712
1642,KB_22_42978_17,Male,Killingbeck,2022,06/01/2022,04:04:39,06/01/2022 04:04,06/01/2022 01:04,-68.069099,-67.570749
1643,KB_22_42978_17,Male,Killingbeck,2022,06/01/2022,04:14:38,06/01/2022 04:14,06/01/2022 01:14,-68.06914,-67.570706
1644,KB_22_42978_17,Male,Killingbeck,2022,06/01/2022,04:24:37,06/01/2022 04:24,06/01/2022 01:24,-68.069028,-67.5707
1645,KB_22_42978_17,Male,Killingbeck,2022,06/01/2022,04:34:33,06/01/2022 04:34,06/01/2022 01:34,-68.069208,-67.570607
1646,KB_22_42978_17,Male,Killingbeck,2022,06/01/2022,04:44:30,06/01/2022 04:44,06/01/2022 01:44,-68.069081,-67.570655
1647,KB_22_42978_17,Male,Killingbeck,2022,06/01/2022,04:54:29,06/01/2022 04:54,06/01/2022 01:54,-68.069052,-67.570619
1648,KB_22_42978_17,Male,Killingbeck,2022,06/01/2022,05:04:23,06/01/2022 05:04,06/01/2022 02:04,-68.069159,-67.57068
1649,KB_22_42978_17,Male,Killingbeck,2022,06/01/2022,05:14:24,06/01/2022 05:14,06/01/2022 02:14,-68.069261,-67.570626
1650,KB_22_42978_17,Male,Killingbeck,2022,06/01/2022,05:24:24,06/01/2022 05:24,06/01/2022 02:24,-68.069133,-67.570815
1651,KB_22_42978_17,Male,Killingbeck,2022,06/01/2022,05:34:17,06/01/2022 05:34,06/01/2022 02:34,-68.068874,-67.570667
1652,KB_22_42978_17,Male,Killingbeck,2022,06/01/2022,05:44:14,06/01/2022 05:44,06/01/2022 02:44,-68.069184,-67.570697
1653,KB_22_42978_17,Male,Killingbeck,2022,06/01/2022,05:54:14,06/01/2022 05:54,06/01/2022 02:54,-68.069161,-67.570515
1654,KB_22_42978_17,Male,Killingbeck,2022,06/01/2022,06:04:08,06/01/2022 06:04,06/01/2022 03:04,-68.068992,-67.570612
1655,KB_22_42978_17,Male,Killingbeck,2022,06/01/2022,06:14:07,06/01/2022 06:14,06/01/2022 03:14,-68.068968,-67.570592
1656,KB_22_42978_17,Male,Killingbeck,2022,06/01/2022,06:24:06,06/01/2022 06:24,06/01/2022 03:24,-68.06902,-67.570593
1657,KB_22_42978_17,Male,Killingbeck,2022,06/01/2022,06:34:00,06/01/2022 06:34,06/01/2022 03:34,-68.068796,-67.57066
1658,KB_22_42978_17,Male,Killingbeck,2022,06/01/2022,06:43:59,06/01/2022 06:43,06/01/2022 03:43,-68.068819,-67.570688
1659,KB_22_42978_17,Male,Killingbeck,2022,06/01/2022,06:53:58,06/01/2022 06:53,06/01/2022 03:53,-68.068942,-67.570646
1660,KB_22_42978_17,Male,Killingbeck,2022,06/01/2022,07:03:55,06/01/2022 07:03,06/01/2022 04:03,-68.070415,-67.570759
1661,KB_22_42978_17,Male,Killingbeck,2022,06/01/2022,07:13:53,06/01/2022 07:13,06/01/2022 04:13,-68.070235,-67.570793
1662,KB_22_42978_17,Male,Killingbeck,2022,06/01/2022,07:23:53,06/01/2022 07:23,06/01/2022 04:23,-68.068951,-67.570706
1663,KB_22_42978_17,Male,Killingbeck,2022,06/01/2022,07:33:56,06/01/2022 07:33,06/01/2022 04:33,-68.068948,-67.57073
1664,KB_22_42978_17,Male,Killingbeck,2022,06/01/2022,07:43:56,06/01/2022 07:43,06/01/2022 04:43,-68.068841,-67.570824
1665,KB_22_42978_17,Male,Killingbeck,2022,06/01/2022,07:53:56,06/01/2022 07:53,06/01/2022 04:53,-68.069596,-67.57066
1666,KB_22_42978_17,Male,Killingbeck,2022,06/01/2022,08:04:00,06/01/2022 08:04,06/01/2022 05:04,-68.069374,-67.5709
1667,KB_22_42978_17,Male,Killingbeck,2022,06/01/2022,08:13:59,06/01/2022 08:13,06/01/2022 05:13,-68.06929,-67.570683
1668,KB_22_42978_17,Male,Killingbeck,2022,06/01/2022,08:23:56,06/01/2022 08:23,06/01/2022 05:23,-68.069001,-67.57065
1669,KB_22_42978_17,Male,Killingbeck,2022,06/01/2022,08:34:09,06/01/2022 08:34,06/01/2022 05:34,-68.068901,-67.570389
1670,KB_22_42978_17,Male,Killingbeck,2022,06/01/2022,08:44:00,06/01/2022 08:44,06/01/2022 05:44,-68.069043,-67.570689
1671,KB_22_42978_17,Male,Killingbeck,2022,06/01/2022,08:53:59,06/01/2022 08:53,06/01/2022 05:53,-68.068816,-67.570653
1672,KB_22_42978_17,Male,Killingbeck,2022,06/01/2022,09:03:59,06/01/2022 09:03,06/01/2022 06:03,-68.069199,-67.570613
1673,KB_22_42978_17,Male,Killingbeck,2022,06/01/2022,09:13:57,06/01/2022 09:13,06/01/2022 06:13,-68.068927,-67.570638
1674,KB_22_42978_17,Male,Killingbeck,2022,06/01/2022,09:23:56,06/01/2022 09:23,06/01/2022 06:23,-68.068955,-67.570683
1675,KB_22_42978_17,Male,Killingbeck,2022,06/01/2022,09:34:00,06/01/2022 09:34,06/01/2022 06:34,-68.068863,-67.570626
1676,KB_22_42978_17,Male,Killingbeck,2022,06/01/2022,09:43:57,06/01/2022 09:43,06/01/2022 06:43,-68.068787,-67.570552
1677,KB_22_42978_17,Male,Killingbeck,2022,06/01/2022,09:53:56,06/01/2022 09:53,06/01/2022 06:53,-68.068856,-67.570633
1678,KB_22_42978_17,Male,Killingbeck,2022,06/01/2022,10:03:57,06/01/2022 10:03,06/01/2022 07:03,-68.068877,-67.57063
1679,KB_22_42978_17,Male,Killingbeck,2022,06/01/2022,10:13:56,06/01/2022 10:13,06/01/2022 07:13,-68.06882,-67.570668
1680,KB_22_42978_17,Male,Killingbeck,2022,06/01/2022,10:23:55,06/01/2022 10:23,06/01/2022 07:23,-68.069028,-67.570693
1681,KB_22_42978_17,Male,Killingbeck,2022,06/01/2022,10:33:55,06/01/2022 10:33,06/01/2022 07:33,-68.069142,-67.570468
1682,KB_22_42978_17,Male,Killingbeck,2022,06/01/2022,10:43:54,06/01/2022 10:43,06/01/2022 07:43,-68.068869,-67.57063
1683,KB_22_42978_17,Male,Killingbeck,2022,06/01/2022,10:53:53,06/01/2022 10:53,06/01/2022 07:53,-68.068796,-67.57067
1684,KB_22_42978_17,Male,Killingbeck,2022,06/01/2022,11:03:54,06/01/2022 11:03,06/01/2022 08:03,-68.068873,-67.570651
1685,KB_22_42978_17,Male,Killingbeck,2022,06/01/2022,11:13:55,06/01/2022 11:13,06/01/2022 08:13,-68.068773,-67.570808
1686,KB_22_42978_17,Male,Killingbeck,2022,06/01/2022,11:23:52,06/01/2022 11:23,06/01/2022 08:23,-68.068922,-67.570688
1687,KB_22_42978_17,Male,Killingbeck,2022,06/01/2022,11:33:54,06/01/2022 11:33,06/01/2022 08:33,-68.069123,-67.570633
1688,KB_22_42978_17,Male,Killingbeck,2022,06/01/2022,11:43:53,06/01/2022 11:43,06/01/2022 08:43,-68.068897,-67.570703
1689,KB_22_42978_17,Male,Killingbeck,2022,06/01/2022,11:53:53,06/01/2022 11:53,06/01/2022 08:53,-68.069089,-67.571153
1690,KB_22_42978_17,Male,Killingbeck,2022,06/01/2022,12:03:51,06/01/2022 12:03,06/01/2022 09:03,-68.069003,-67.570705
1691,KB_22_42978_17,Male,Killingbeck,2022,06/01/2022,12:13:51,06/01/2022 12:13,06/01/2022 09:13,-68.069064,-67.570649
1692,KB_22_42978_17,Male,Killingbeck,2022,06/01/2022,12:23:50,06/01/2022 12:23,06/01/2022 09:23,-68.069027,-67.570652
1693,KB_22_42978_17,Male,Killingbeck,2022,06/01/2022,12:33:52,06/01/2022 12:33,06/01/2022 09:33,-68.069132,-67.570629
1694,KB_22_42978_17,Male,Killingbeck,2022,06/01/2022,12:43:52,06/01/2022 12:43,06/01/2022 09:43,-68.069041,-67.570648
1695,KB_22_42978_17,Male,Killingbeck,2022,06/01/2022,12:53:53,06/01/2022 12:53,06/01/2022 09:53,-68.069592,-67.570184
1696,KB_22_42978_17,Male,Killingbeck,2022,06/01/2022,13:03:51,06/01/2022 13:03,06/01/2022 10:03,-68.063601,-67.568855
1697,KB_22_42978_17,Male,Killingbeck,2022,06/01/2022,13:13:50,06/01/2022 13:13,06/01/2022 10:13,-68.063519,-67.563239
1698,KB_22_42978_17,Male,Killingbeck,2022,06/01/2022,13:23:50,06/01/2022 13:23,06/01/2022 10:23,-68.052874,-67.535388
1699,KB_22_42978_17,Male,Killingbeck,2022,06/01/2022,13:33:50,06/01/2022 13:33,06/01/2022 10:33,-68.017989,-67.502205
1700,KB_22_42978_17,Male,Killingbeck,2022,06/01/2022,13:43:50,06/01/2022 13:43,06/01/2022 10:43,-67.938871,-67.446164
1701,KB_22_42978_17,Male,Killingbeck,2022,06/01/2022,13:53:48,06/01/2022 13:53,06/01/2022 10:53,-67.84703,-67.38521
1702,KB_22_42978_17,Male,Killingbeck,2022,06/01/2022,14:03:48,06/01/2022 14:03,06/01/2022 11:03,-67.793977,-67.319497
1703,KB_22_42978_17,Male,Killingbeck,2022,06/01/2022,14:13:47,06/01/2022 14:13,06/01/2022 11:13,-67.800809,-67.286997
1704,KB_22_42978_17,Male,Killingbeck,2022,06/01/2022,14:23:51,06/01/2022 14:23,06/01/2022 11:23,-67.768909,-67.288729
1705,KB_22_42978_17,Male,Killingbeck,2022,06/01/2022,14:33:50,06/01/2022 14:33,06/01/2022 11:33,-67.769008,-67.288775
1706,KB_22_42978_17,Male,Killingbeck,2022,06/01/2022,14:43:52,06/01/2022 14:43,06/01/2022 11:43,-67.769068,-67.288783
1707,KB_22_42978_17,Male,Killingbeck,2022,06/01/2022,14:54:04,06/01/2022 14:54,06/01/2022 11:54,-67.768695,-67.288618
1708,KB_22_42978_17,Male,Killingbeck,2022,06/01/2022,15:03:48,06/01/2022 15:03,06/01/2022 12:03,-67.797859,-67.286491
1709,KB_22_42978_17,Male,Killingbeck,2022,06/01/2022,15:13:46,06/01/2022 15:13,06/01/2022 12:13,-67.803877,-67.286853
1710,KB_22_42978_17,Male,Killingbeck,2022,06/01/2022,15:23:51,06/01/2022 15:23,06/01/2022 12:23,-67.804201,-67.286667
1711,KB_22_42978_17,Male,Killingbeck,2022,06/01/2022,15:33:50,06/01/2022 15:33,06/01/2022 12:33,-67.803473,-67.28598
1712,KB_22_42978_17,Male,Killingbeck,2022,06/01/2022,15:46:03,06/01/2022 15:46,06/01/2022 12:46,-67.806714,-67.285076
1713,KB_22_42978_17,Male,Killingbeck,2022,06/01/2022,15:56:53,06/01/2022 15:56,06/01/2022 12:56,-67.800135,-67.286405
1714,KB_22_42978_17,Male,Killingbeck,2022,06/01/2022,16:06:55,06/01/2022 16:06,06/01/2022 13:06,-67.798302,-67.287611
1715,KB_22_42978_17,Male,Killingbeck,2022,06/01/2022,16:16:53,06/01/2022 16:16,06/01/2022 13:16,-67.801327,-67.286208
1716,KB_22_42978_17,Male,Killingbeck,2022,06/01/2022,16:26:54,06/01/2022 16:26,06/01/2022 13:26,-67.799278,-67.287177
1717,KB_22_42978_17,Male,Killingbeck,2022,06/01/2022,16:36:57,06/01/2022 16:36,06/01/2022 13:36,-67.798793,-67.287833
1718,KB_22_42978_17,Male,Killingbeck,2022,06/01/2022,16:48:04,06/01/2022 16:48,06/01/2022 13:48,-67.803561,-67.285712
1719,KB_22_42978_17,Male,Killingbeck,2022,06/01/2022,16:58:02,06/01/2022 16:58,06/01/2022 13:58,-67.801863,-67.286133
1720,KB_22_42978_17,Male,Killingbeck,2022,06/01/2022,17:07:56,06/01/2022 17:07,06/01/2022 14:07,-67.801985,-67.286246
1721,KB_22_42978_17,Male,Killingbeck,2022,06/01/2022,17:17:57,06/01/2022 17:17,06/01/2022 14:17,-67.802328,-67.285812
1722,KB_22_42978_17,Male,Killingbeck,2022,06/01/2022,17:27:58,06/01/2022 17:27,06/01/2022 14:27,-67.801732,-67.286382
1723,KB_22_42978_17,Male,Killingbeck,2022,06/01/2022,17:37:54,06/01/2022 17:37,06/01/2022 14:37,-67.801975,-67.286582
1724,KB_22_42978_17,Male,Killingbeck,2022,06/01/2022,17:47:51,06/01/2022 17:47,06/01/2022 14:47,-67.803573,-67.286368
1725,KB_22_42978_17,Male,Killingbeck,2022,06/01/2022,17:58:18,06/01/2022 17:58,06/01/2022 14:58,-67.808181,-67.283732
1726,KB_22_42978_17,Male,Killingbeck,2022,06/01/2022,18:10:17,06/01/2022 18:10,06/01/2022 15:10,-67.806324,-67.285142
1727,KB_22_42978_17,Male,Killingbeck,2022,06/01/2022,18:20:19,06/01/2022 18:20,06/01/2022 15:20,-67.802707,-67.286377
1728,KB_22_42978_17,Male,Killingbeck,2022,06/01/2022,18:30:16,06/01/2022 18:30,06/01/2022 15:30,-67.799592,-67.286189
1729,KB_22_42978_17,Male,Killingbeck,2022,06/01/2022,18:40:50,06/01/2022 18:40,06/01/2022 15:40,-67.801931,-67.286676
1730,KB_22_42978_17,Male,Killingbeck,2022,06/01/2022,18:53:24,06/01/2022 18:53,06/01/2022 15:53,-67.806971,-67.283827
1731,KB_22_42978_17,Male,Killingbeck,2022,06/01/2022,19:06:19,06/01/2022 19:06,06/01/2022 16:06,-67.806857,-67.285268
1732,KB_22_42978_17,Male,Killingbeck,2022,06/01/2022,19:16:14,06/01/2022 19:16,06/01/2022 16:16,-67.804799,-67.285151
1733,KB_22_42978_17,Male,Killingbeck,2022,06/01/2022,19:26:13,06/01/2022 19:26,06/01/2022 16:26,-67.806261,-67.285049
1734,KB_22_42978_17,Male,Killingbeck,2022,06/01/2022,19:36:13,06/01/2022 19:36,06/01/2022 16:36,-67.806591,-67.284258
1735,KB_22_42978_17,Male,Killingbeck,2022,06/01/2022,19:46:07,06/01/2022 19:46,06/01/2022 16:46,-67.806772,-67.284103
1736,KB_22_42978_17,Male,Killingbeck,2022,06/01/2022,19:56:07,06/01/2022 19:56,06/01/2022 16:56,-67.804198,-67.2852
1737,KB_22_42978_17,Male,Killingbeck,2022,06/01/2022,20:06:04,06/01/2022 20:06,06/01/2022 17:06,-67.803769,-67.285773
1738,KB_22_42978_17,Male,Killingbeck,2022,06/01/2022,20:17:20,06/01/2022 20:17,06/01/2022 17:17,-67.801653,-67.284998
1739,KB_22_42978_17,Male,Killingbeck,2022,06/01/2022,20:29:13,06/01/2022 20:29,06/01/2022 17:29,-67.80023,-67.284884
1740,KB_22_42978_17,Male,Killingbeck,2022,06/01/2022,20:39:14,06/01/2022 20:39,06/01/2022 17:39,-67.806838,-67.281117
1741,KB_22_42978_17,Male,Killingbeck,2022,06/01/2022,20:50:37,06/01/2022 20:50,06/01/2022 17:50,-67.811397,-67.278568
1742,KB_22_42978_17,Male,Killingbeck,2022,06/01/2022,21:00:36,06/01/2022 21:00,06/01/2022 18:00,-67.808642,-67.278992
1743,KB_22_42978_17,Male,Killingbeck,2022,06/01/2022,21:10:34,06/01/2022 21:10,06/01/2022 18:10,-67.810436,-67.278156
1744,KB_22_42978_17,Male,Killingbeck,2022,06/01/2022,21:20:43,06/01/2022 21:20,06/01/2022 18:20,-67.810329,-67.279341
1745,KB_22_42978_17,Male,Killingbeck,2022,06/01/2022,21:30:32,06/01/2022 21:30,06/01/2022 18:30,-67.896018,-67.385846
1746,KB_22_42978_17,Male,Killingbeck,2022,06/01/2022,21:40:31,06/01/2022 21:40,06/01/2022 18:40,-68.007072,-67.493863
1747,KB_22_42978_17,Male,Killingbeck,2022,06/01/2022,21:50:32,06/01/2022 21:50,06/01/2022 18:50,-68.068981,-67.570684
1748,KB_22_42978_17,Male,Killingbeck,2022,06/01/2022,22:00:31,06/01/2022 22:00,06/01/2022 19:00,-68.068991,-67.570693
1749,KB_22_42978_17,Male,Killingbeck,2022,06/01/2022,22:10:30,06/01/2022 22:10,06/01/2022 19:10,-68.068756,-67.570622
1750,KB_22_42978_17,Male,Killingbeck,2022,06/01/2022,22:20:33,06/01/2022 22:20,06/01/2022 19:20,-68.069046,-67.570556
1751,KB_22_42978_17,Male,Killingbeck,2022,06/01/2022,22:30:32,06/01/2022 22:30,06/01/2022 19:30,-68.069069,-67.570815
1752,KB_22_42978_17,Male,Killingbeck,2022,06/01/2022,22:40:34,06/01/2022 22:40,06/01/2022 19:40,-68.068563,-67.570186
1753,KB_22_42978_17,Male,Killingbeck,2022,06/01/2022,22:50:32,06/01/2022 22:50,06/01/2022 19:50,-68.06899,-67.570563
1754,KB_22_42978_17,Male,Killingbeck,2022,06/01/2022,23:00:33,06/01/2022 23:00,06/01/2022 20:00,-68.068592,-67.570723
1755,KB_22_42978_17,Male,Killingbeck,2022,06/01/2022,23:10:29,06/01/2022 23:10,06/01/2022 20:10,-68.06874,-67.570782
1756,KB_22_42978_17,Male,Killingbeck,2022,06/01/2022,23:20:30,06/01/2022 23:20,06/01/2022 20:20,-68.068956,-67.57069
1757,KB_22_42978_17,Male,Killingbeck,2022,06/01/2022,23:30:30,06/01/2022 23:30,06/01/2022 20:30,-68.070938,-67.569257
1758,KB_22_42978_17,Male,Killingbeck,2022,06/01/2022,23:40:29,06/01/2022 23:40,06/01/2022 20:40,-68.069056,-67.570726
1759,KB_22_42978_17,Male,Killingbeck,2022,06/01/2022,23:50:31,06/01/2022 23:50,06/01/2022 20:50,-68.069088,-67.570694
1760,KB_22_42978_17,Male,Killingbeck,2022,07/01/2022,00:00:31,07/01/2022 00:00,06/01/2022 21:00,-68.069043,-67.570801
1761,KB_22_42978_17,Male,Killingbeck,2022,07/01/2022,00:10:41,07/01/2022 00:10,06/01/2022 21:10,-68.069015,-67.570814
1762,KB_22_42978_17,Male,Killingbeck,2022,07/01/2022,00:20:31,07/01/2022 00:20,06/01/2022 21:20,-68.069078,-67.570801
1763,KB_22_42978_17,Male,Killingbeck,2022,07/01/2022,00:30:30,07/01/2022 00:30,06/01/2022 21:30,-68.068852,-67.570632
1764,KB_22_42978_17,Male,Killingbeck,2022,07/01/2022,00:40:29,07/01/2022 00:40,06/01/2022 21:40,-68.068996,-67.570726
1765,KB_22_42978_17,Male,Killingbeck,2022,07/01/2022,00:50:29,07/01/2022 00:50,06/01/2022 21:50,-68.068671,-67.570632
1766,KB_22_42978_17,Male,Killingbeck,2022,07/01/2022,01:00:30,07/01/2022 01:00,06/01/2022 22:00,-68.068381,-67.570595
1767,KB_22_42978_17,Male,Killingbeck,2022,07/01/2022,01:10:27,07/01/2022 01:10,06/01/2022 22:10,-68.076142,-67.571357
1768,KB_22_42978_17,Male,Killingbeck,2022,07/01/2022,01:20:28,07/01/2022 01:20,06/01/2022 22:20,-68.068841,-67.570683
1769,KB_22_42978_17,Male,Killingbeck,2022,07/01/2022,01:30:26,07/01/2022 01:30,06/01/2022 22:30,-68.069015,-67.570658
1770,KB_22_42978_17,Male,Killingbeck,2022,07/01/2022,01:40:25,07/01/2022 01:40,06/01/2022 22:40,-68.06879,-67.570665
1771,KB_22_42978_17,Male,Killingbeck,2022,07/01/2022,01:50:27,07/01/2022 01:50,06/01/2022 22:50,-68.067366,-67.570636
1772,KB_22_42978_17,Male,Killingbeck,2022,07/01/2022,02:00:26,07/01/2022 02:00,06/01/2022 23:00,-68.069018,-67.570672
1773,KB_22_42978_17,Male,Killingbeck,2022,07/01/2022,02:10:33,07/01/2022 02:10,06/01/2022 23:10,-68.04845,-67.577237
1774,KB_22_42978_17,Male,Killingbeck,2022,07/01/2022,02:20:31,07/01/2022 02:20,06/01/2022 23:20,-68.068796,-67.570818
1775,KB_22_42978_17,Male,Killingbeck,2022,07/01/2022,02:30:30,07/01/2022 02:30,06/01/2022 23:30,-68.068198,-67.57084
1776,KB_22_42978_17,Male,Killingbeck,2022,07/01/2022,02:40:27,07/01/2022 02:40,06/01/2022 23:40,-68.069067,-67.570722
1777,KB_22_42978_17,Male,Killingbeck,2022,07/01/2022,02:50:28,07/01/2022 02:50,06/01/2022 23:50,-68.068928,-67.570667
1778,KB_23_42768_43,Female,Killingbeck,2023,30/12/2022,16:48:55,30/12/2022 16:48,30/12/2022 13:48,-68.069022,-67.570732
1779,KB_23_42768_43,Female,Killingbeck,2023,30/12/2022,16:50:53,30/12/2022 16:50,30/12/2022 13:50,-68.069116,-67.570788
1780,KB_23_42768_43,Female,Killingbeck,2023,30/12/2022,16:52:54,30/12/2022 16:52,30/12/2022 13:52,-68.069027,-67.570729
1781,KB_23_42768_43,Female,Killingbeck,2023,30/12/2022,16:54:51,30/12/2022 16:54,30/12/2022 13:54,-68.069031,-67.57076
1782,KB_23_42768_43,Female,Killingbeck,2023,30/12/2022,16:56:58,30/12/2022 16:56,30/12/2022 13:56,-68.069096,-67.570743
1783,KB_23_42768_43,Female,Killingbeck,2023,30/12/2022,16:58:52,30/12/2022 16:58,30/12/2022 13:58,-68.069296,-67.570851
1784,KB_23_42768_43,Female,Killingbeck,2023,30/12/2022,17:00:51,30/12/2022 17:00,30/12/2022 14:00,-68.069454,-67.570871
1785,KB_23_42768_43,Female,Killingbeck,2023,30/12/2022,17:02:48,30/12/2022 17:02,30/12/2022 14:02,-68.069114,-67.570728
1786,KB_23_42768_43,Female,Killingbeck,2023,30/12/2022,17:04:47,30/12/2022 17:04,30/12/2022 14:04,-68.069156,-67.570708
1787,KB_23_42768_43,Female,Killingbeck,2023,30/12/2022,17:06:46,30/12/2022 17:06,30/12/2022 14:06,-68.069241,-67.57069
1788,KB_23_42768_43,Female,Killingbeck,2023,30/12/2022,17:08:44,30/12/2022 17:08,30/12/2022 14:08,-68.069362,-67.570707
1789,KB_23_42768_43,Female,Killingbeck,2023,30/12/2022,17:10:43,30/12/2022 17:10,30/12/2022 14:10,-68.069211,-67.570743
1790,KB_23_42768_43,Female,Killingbeck,2023,30/12/2022,17:12:41,30/12/2022 17:12,30/12/2022 14:12,-68.069295,-67.570719
1791,KB_23_42768_43,Female,Killingbeck,2023,30/12/2022,17:14:41,30/12/2022 17:14,30/12/2022 14:14,-68.069244,-67.57073
1792,KB_23_42768_43,Female,Killingbeck,2023,30/12/2022,17:16:40,30/12/2022 17:16,30/12/2022 14:16,-68.06914,-67.57074
1793,KB_23_42768_43,Female,Killingbeck,2023,30/12/2022,17:18:39,30/12/2022 17:18,30/12/2022 14:18,-68.069215,-67.570751
1794,KB_23_42768_43,Female,Killingbeck,2023,30/12/2022,17:20:39,30/12/2022 17:20,30/12/2022 14:20,-68.069087,-67.570804
1795,KB_23_42768_43,Female,Killingbeck,2023,30/12/2022,17:22:44,30/12/2022 17:22,30/12/2022 14:22,-68.069259,-67.570744
1796,KB_23_42768_43,Female,Killingbeck,2023,30/12/2022,17:24:36,30/12/2022 17:24,30/12/2022 14:24,-68.069157,-67.570637
1797,KB_23_42768_43,Female,Killingbeck,2023,30/12/2022,17:26:35,30/12/2022 17:26,30/12/2022 14:26,-68.06932,-67.570712
1798,KB_23_42768_43,Female,Killingbeck,2023,30/12/2022,17:28:36,30/12/2022 17:28,30/12/2022 14:28,-68.068868,-67.569735
1799,KB_23_42768_43,Female,Killingbeck,2023,30/12/2022,17:30:35,30/12/2022 17:30,30/12/2022 14:30,-68.069088,-67.570677
1800,KB_23_42768_43,Female,Killingbeck,2023,30/12/2022,17:32:31,30/12/2022 17:32,30/12/2022 14:32,-68.069249,-67.570689
1801,KB_23_42768_43,Female,Killingbeck,2023,30/12/2022,17:34:31,30/12/2022 17:34,30/12/2022 14:34,-68.069287,-67.5707
1802,KB_23_42768_43,Female,Killingbeck,2023,30/12/2022,17:36:40,30/12/2022 17:36,30/12/2022 14:36,-68.069238,-67.570725
1803,KB_23_42768_43,Female,Killingbeck,2023,30/12/2022,17:38:28,30/12/2022 17:38,30/12/2022 14:38,-68.069294,-67.570763
1804,KB_23_42768_43,Female,Killingbeck,2023,30/12/2022,17:40:26,30/12/2022 17:40,30/12/2022 14:40,-68.06921,-67.570702
1805,KB_23_42768_43,Female,Killingbeck,2023,30/12/2022,17:42:25,30/12/2022 17:42,30/12/2022 14:42,-68.069242,-67.570738
1806,KB_23_42768_43,Female,Killingbeck,2023,30/12/2022,17:44:24,30/12/2022 17:44,30/12/2022 14:44,-68.069299,-67.57071
1807,KB_23_42768_43,Female,Killingbeck,2023,30/12/2022,17:46:27,30/12/2022 17:46,30/12/2022 14:46,-68.069276,-67.570759
1808,KB_23_42768_43,Female,Killingbeck,2023,30/12/2022,17:48:32,30/12/2022 17:48,30/12/2022 14:48,-68.069346,-67.570758
1809,KB_23_42768_43,Female,Killingbeck,2023,30/12/2022,17:50:37,30/12/2022 17:50,30/12/2022 14:50,-68.069366,-67.570799
1810,KB_23_42768_43,Female,Killingbeck,2023,30/12/2022,17:52:21,30/12/2022 17:52,30/12/2022 14:52,-68.069174,-67.570731
1811,KB_23_42768_43,Female,Killingbeck,2023,30/12/2022,17:54:21,30/12/2022 17:54,30/12/2022 14:54,-68.069213,-67.570783
1812,KB_23_42768_43,Female,Killingbeck,2023,30/12/2022,17:56:34,30/12/2022 17:56,30/12/2022 14:56,0,0
1813,KB_23_42768_43,Female,Killingbeck,2023,30/12/2022,17:58:32,30/12/2022 17:58,30/12/2022 14:58,-68.06827,-67.570504
1814,KB_23_42768_43,Female,Killingbeck,2023,30/12/2022,18:00:16,30/12/2022 18:00,30/12/2022 15:00,-68.068574,-67.570599
1815,KB_23_42768_43,Female,Killingbeck,2023,30/12/2022,18:02:22,30/12/2022 18:02,30/12/2022 15:02,-68.068651,-67.570597
1816,KB_23_42768_43,Female,Killingbeck,2023,30/12/2022,18:04:24,30/12/2022 18:04,30/12/2022 15:04,-68.069234,-67.570723
1817,KB_23_42768_43,Female,Killingbeck,2023,30/12/2022,18:06:24,30/12/2022 18:06,30/12/2022 15:06,-68.069136,-67.570701
1818,KB_23_42768_43,Female,Killingbeck,2023,30/12/2022,18:08:22,30/12/2022 18:08,30/12/2022 15:08,-68.069008,-67.570671
1819,KB_23_42768_43,Female,Killingbeck,2023,30/12/2022,18:10:30,30/12/2022 18:10,30/12/2022 15:10,-68.07506,-67.565336
1820,KB_23_42768_43,Female,Killingbeck,2023,30/12/2022,18:12:29,30/12/2022 18:12,30/12/2022 15:12,0,0
1821,KB_23_42768_43,Female,Killingbeck,2023,30/12/2022,18:14:28,30/12/2022 18:14,30/12/2022 15:14,-68.069085,-67.570728
1822,KB_23_42768_43,Female,Killingbeck,2023,30/12/2022,18:16:21,30/12/2022 18:16,30/12/2022 15:16,-68.069469,-67.570971
1823,KB_23_42768_43,Female,Killingbeck,2023,30/12/2022,18:18:12,30/12/2022 18:18,30/12/2022 15:18,-68.069027,-67.570765
1824,KB_23_42768_43,Female,Killingbeck,2023,30/12/2022,18:20:18,30/12/2022 18:20,30/12/2022 15:20,-68.069195,-67.570705
1825,KB_23_42768_43,Female,Killingbeck,2023,30/12/2022,18:22:24,30/12/2022 18:22,30/12/2022 15:22,-68.069613,-67.570906
1826,KB_23_42768_43,Female,Killingbeck,2023,30/12/2022,18:24:21,30/12/2022 18:24,30/12/2022 15:24,-68.068834,-67.570492
1827,KB_23_42768_43,Female,Killingbeck,2023,30/12/2022,18:26:07,30/12/2022 18:26,30/12/2022 15:26,-68.069037,-67.57062
1828,KB_23_42768_43,Female,Killingbeck,2023,30/12/2022,18:28:05,30/12/2022 18:28,30/12/2022 15:28,-68.069148,-67.570724
1829,KB_23_42768_43,Female,Killingbeck,2023,30/12/2022,18:30:05,30/12/2022 18:30,30/12/2022 15:30,-68.069018,-67.570692
1830,KB_23_42768_43,Female,Killingbeck,2023,30/12/2022,18:32:06,30/12/2022 18:32,30/12/2022 15:32,-68.067073,-67.569799
1831,KB_23_42768_43,Female,Killingbeck,2023,30/12/2022,18:34:03,30/12/2022 18:34,30/12/2022 15:34,-68.068662,-67.570647
1832,KB_23_42768_43,Female,Killingbeck,2023,30/12/2022,18:36:02,30/12/2022 18:36,30/12/2022 15:36,-68.068617,-67.570649
1833,KB_23_42768_43,Female,Killingbeck,2023,30/12/2022,18:38:01,30/12/2022 18:38,30/12/2022 15:38,-68.069042,-67.570742
1834,KB_23_42768_43,Female,Killingbeck,2023,30/12/2022,18:40:00,30/12/2022 18:40,30/12/2022 15:40,-68.069055,-67.570695
1835,KB_23_42768_43,Female,Killingbeck,2023,30/12/2022,18:42:01,30/12/2022 18:42,30/12/2022 15:42,-68.068776,-67.570947
1836,KB_23_42768_43,Female,Killingbeck,2023,30/12/2022,18:43:59,30/12/2022 18:43,30/12/2022 15:43,-68.069024,-67.570688
1837,KB_23_42768_43,Female,Killingbeck,2023,30/12/2022,18:46:00,30/12/2022 18:46,30/12/2022 15:46,-68.068613,-67.571036
1838,KB_23_42768_43,Female,Killingbeck,2023,30/12/2022,18:47:56,30/12/2022 18:47,30/12/2022 15:47,-68.069105,-67.57065
1839,KB_23_42768_43,Female,Killingbeck,2023,30/12/2022,18:49:46,30/12/2022 18:49,30/12/2022 15:49,-68.068602,-67.571001
1840,KB_23_42768_43,Female,Killingbeck,2023,30/12/2022,18:51:43,30/12/2022 18:51,30/12/2022 15:51,-68.069047,-67.570709
1841,KB_23_42768_43,Female,Killingbeck,2023,30/12/2022,18:53:41,30/12/2022 18:53,30/12/2022 15:53,-68.069039,-67.570707
1842,KB_23_42768_43,Female,Killingbeck,2023,30/12/2022,18:55:40,30/12/2022 18:55,30/12/2022 15:55,-68.068971,-67.570671
1843,KB_23_42768_43,Female,Killingbeck,2023,30/12/2022,18:57:39,30/12/2022 18:57,30/12/2022 15:57,-68.068936,-67.57067
1844,KB_23_42768_43,Female,Killingbeck,2023,30/12/2022,18:59:38,30/12/2022 18:59,30/12/2022 15:59,-68.069037,-67.570679
1845,KB_23_42768_43,Female,Killingbeck,2023,30/12/2022,19:01:37,30/12/2022 19:01,30/12/2022 16:01,-68.06903,-67.570708
1846,KB_23_42768_43,Female,Killingbeck,2023,30/12/2022,19:03:36,30/12/2022 19:03,30/12/2022 16:03,-68.06894,-67.570682
1847,KB_23_42768_43,Female,Killingbeck,2023,30/12/2022,19:05:35,30/12/2022 19:05,30/12/2022 16:05,-68.068923,-67.570709
1848,KB_23_42768_43,Female,Killingbeck,2023,30/12/2022,19:07:37,30/12/2022 19:07,30/12/2022 16:07,-68.069409,-67.570385
1849,KB_23_42768_43,Female,Killingbeck,2023,30/12/2022,19:09:34,30/12/2022 19:09,30/12/2022 16:09,-68.068878,-67.570607
1850,KB_23_42768_43,Female,Killingbeck,2023,30/12/2022,19:11:43,30/12/2022 19:11,30/12/2022 16:11,-68.068967,-67.570741
1851,KB_23_42768_43,Female,Killingbeck,2023,30/12/2022,19:13:35,30/12/2022 19:13,30/12/2022 16:13,-68.069079,-67.570482
1852,KB_23_42768_43,Female,Killingbeck,2023,30/12/2022,19:15:34,30/12/2022 19:15,30/12/2022 16:15,-68.069123,-67.570477
1853,KB_23_42768_43,Female,Killingbeck,2023,30/12/2022,19:17:33,30/12/2022 19:17,30/12/2022 16:17,-68.068963,-67.570652
1854,KB_23_42768_43,Female,Killingbeck,2023,30/12/2022,19:19:53,30/12/2022 19:19,30/12/2022 16:19,-68.068934,-67.570659
1855,KB_23_42768_43,Female,Killingbeck,2023,30/12/2022,19:21:47,30/12/2022 19:21,30/12/2022 16:21,-68.068935,-67.570458
1856,KB_23_42768_43,Female,Killingbeck,2023,30/12/2022,19:23:56,30/12/2022 19:23,30/12/2022 16:23,-68.069323,-67.570768
1857,KB_23_42768_43,Female,Killingbeck,2023,30/12/2022,19:25:45,30/12/2022 19:25,30/12/2022 16:25,-68.068929,-67.570748
1858,KB_23_42768_43,Female,Killingbeck,2023,30/12/2022,19:27:45,30/12/2022 19:27,30/12/2022 16:27,-68.069084,-67.570684
1859,KB_23_42768_43,Female,Killingbeck,2023,30/12/2022,19:29:48,30/12/2022 19:29,30/12/2022 16:29,-68.069349,-67.570791
1860,KB_23_42768_43,Female,Killingbeck,2023,30/12/2022,19:31:45,30/12/2022 19:31,30/12/2022 16:31,-68.069703,-67.570575
1861,KB_23_42768_43,Female,Killingbeck,2023,30/12/2022,19:33:46,30/12/2022 19:33,30/12/2022 16:33,-68.069507,-67.570349
1862,KB_23_42768_43,Female,Killingbeck,2023,30/12/2022,19:35:41,30/12/2022 19:35,30/12/2022 16:35,-68.069501,-67.570559
1863,KB_23_42768_43,Female,Killingbeck,2023,30/12/2022,19:37:40,30/12/2022 19:37,30/12/2022 16:37,-68.069585,-67.570617
1864,KB_23_42768_43,Female,Killingbeck,2023,30/12/2022,19:39:40,30/12/2022 19:39,30/12/2022 16:39,-68.069649,-67.570556
1865,KB_23_42768_43,Female,Killingbeck,2023,30/12/2022,19:41:41,30/12/2022 19:41,30/12/2022 16:41,-68.069501,-67.570529
1866,KB_23_42768_43,Female,Killingbeck,2023,30/12/2022,19:43:40,30/12/2022 19:43,30/12/2022 16:43,-68.069574,-67.57053
1867,KB_23_42768_43,Female,Killingbeck,2023,30/12/2022,19:45:39,30/12/2022 19:45,30/12/2022 16:45,-68.06956,-67.570511
1868,KB_23_42768_43,Female,Killingbeck,2023,30/12/2022,19:47:37,30/12/2022 19:47,30/12/2022 16:47,-68.069695,-67.570623
1869,KB_23_42768_43,Female,Killingbeck,2023,30/12/2022,19:49:37,30/12/2022 19:49,30/12/2022 16:49,-68.069326,-67.570496
1870,KB_23_42768_43,Female,Killingbeck,2023,30/12/2022,19:51:36,30/12/2022 19:51,30/12/2022 16:51,-68.06975,-67.570651
1871,KB_23_42768_43,Female,Killingbeck,2023,30/12/2022,19:53:36,30/12/2022 19:53,30/12/2022 16:53,-68.069519,-67.57064
1872,KB_23_42768_43,Female,Killingbeck,2023,30/12/2022,19:55:33,30/12/2022 19:55,30/12/2022 16:55,-68.069473,-67.570556
1873,KB_23_42768_43,Female,Killingbeck,2023,30/12/2022,19:57:32,30/12/2022 19:57,30/12/2022 16:57,-68.069523,-67.570568
1874,KB_23_42768_43,Female,Killingbeck,2023,30/12/2022,19:59:31,30/12/2022 19:59,30/12/2022 16:59,-68.06945,-67.570486
1875,KB_23_42768_43,Female,Killingbeck,2023,30/12/2022,20:01:30,30/12/2022 20:01,30/12/2022 17:01,-68.069447,-67.570639
1876,KB_23_42768_43,Female,Killingbeck,2023,30/12/2022,20:03:30,30/12/2022 20:03,30/12/2022 17:03,-68.069489,-67.570712
1877,KB_23_42768_43,Female,Killingbeck,2023,30/12/2022,20:05:29,30/12/2022 20:05,30/12/2022 17:05,-68.069458,-67.570661
1878,KB_23_42768_43,Female,Killingbeck,2023,30/12/2022,20:07:28,30/12/2022 20:07,30/12/2022 17:07,-68.069446,-67.570532
1879,KB_23_42768_43,Female,Killingbeck,2023,30/12/2022,20:09:28,30/12/2022 20:09,30/12/2022 17:09,-68.069365,-67.570608
1880,KB_23_42768_43,Female,Killingbeck,2023,30/12/2022,20:11:26,30/12/2022 20:11,30/12/2022 17:11,-68.069373,-67.570589
1881,KB_23_42768_43,Female,Killingbeck,2023,30/12/2022,20:13:26,30/12/2022 20:13,30/12/2022 17:13,-68.069507,-67.570599
1882,KB_23_42768_43,Female,Killingbeck,2023,30/12/2022,20:15:25,30/12/2022 20:15,30/12/2022 17:15,-68.069439,-67.570625
1883,KB_23_42768_43,Female,Killingbeck,2023,30/12/2022,20:17:24,30/12/2022 20:17,30/12/2022 17:17,-68.069421,-67.570637
1884,KB_23_42768_43,Female,Killingbeck,2023,30/12/2022,20:19:24,30/12/2022 20:19,30/12/2022 17:19,-68.069299,-67.570659
1885,KB_23_42768_43,Female,Killingbeck,2023,30/12/2022,20:21:24,30/12/2022 20:21,30/12/2022 17:21,-68.069444,-67.570582
1886,KB_23_42768_43,Female,Killingbeck,2023,30/12/2022,20:23:23,30/12/2022 20:23,30/12/2022 17:23,-68.069358,-67.570561
1887,KB_23_42768_43,Female,Killingbeck,2023,30/12/2022,20:25:23,30/12/2022 20:25,30/12/2022 17:25,-68.069429,-67.570594
1888,KB_23_42768_43,Female,Killingbeck,2023,30/12/2022,20:27:22,30/12/2022 20:27,30/12/2022 17:27,-68.06946,-67.570626
1889,KB_23_42768_43,Female,Killingbeck,2023,30/12/2022,20:29:20,30/12/2022 20:29,30/12/2022 17:29,-68.069462,-67.57066
1890,KB_23_42768_43,Female,Killingbeck,2023,30/12/2022,20:31:19,30/12/2022 20:31,30/12/2022 17:31,-68.069399,-67.570632
1891,KB_23_42768_43,Female,Killingbeck,2023,30/12/2022,20:33:19,30/12/2022 20:33,30/12/2022 17:33,-68.069496,-67.570673
1892,KB_23_42768_43,Female,Killingbeck,2023,30/12/2022,20:35:18,30/12/2022 20:35,30/12/2022 17:35,-68.069515,-67.570615
1893,KB_23_42768_43,Female,Killingbeck,2023,30/12/2022,20:37:16,30/12/2022 20:37,30/12/2022 17:37,-68.069561,-67.570625
1894,KB_23_42768_43,Female,Killingbeck,2023,30/12/2022,20:39:15,30/12/2022 20:39,30/12/2022 17:39,-68.069538,-67.570599
1895,KB_23_42768_43,Female,Killingbeck,2023,30/12/2022,20:41:15,30/12/2022 20:41,30/12/2022 17:41,-68.069455,-67.570629
1896,KB_23_42768_43,Female,Killingbeck,2023,30/12/2022,20:43:13,30/12/2022 20:43,30/12/2022 17:43,-68.069505,-67.57064
1897,KB_23_42768_43,Female,Killingbeck,2023,30/12/2022,20:45:12,30/12/2022 20:45,30/12/2022 17:45,-68.069747,-67.570645
1898,KB_23_42768_43,Female,Killingbeck,2023,30/12/2022,20:47:13,30/12/2022 20:47,30/12/2022 17:47,-68.069598,-67.57065
1899,KB_23_42768_43,Female,Killingbeck,2023,30/12/2022,20:49:15,30/12/2022 20:49,30/12/2022 17:49,-68.069335,-67.570614
1900,KB_23_42768_43,Female,Killingbeck,2023,30/12/2022,20:51:13,30/12/2022 20:51,30/12/2022 17:51,-68.069455,-67.570604
1901,KB_23_42768_43,Female,Killingbeck,2023,30/12/2022,20:53:13,30/12/2022 20:53,30/12/2022 17:53,-68.069463,-67.570611
1902,KB_23_42768_43,Female,Killingbeck,2023,30/12/2022,20:55:11,30/12/2022 20:55,30/12/2022 17:55,-68.069639,-67.570652
1903,KB_23_42768_43,Female,Killingbeck,2023,30/12/2022,20:57:10,30/12/2022 20:57,30/12/2022 17:57,-68.069643,-67.570631
1904,KB_23_42768_43,Female,Killingbeck,2023,30/12/2022,20:59:09,30/12/2022 20:59,30/12/2022 17:59,-68.069598,-67.570662
1905,KB_23_42768_43,Female,Killingbeck,2023,30/12/2022,21:01:09,30/12/2022 21:01,30/12/2022 18:01,-68.069559,-67.570672
1906,KB_23_42768_43,Female,Killingbeck,2023,30/12/2022,21:03:08,30/12/2022 21:03,30/12/2022 18:03,-68.069374,-67.570593
1907,KB_23_42768_43,Female,Killingbeck,2023,30/12/2022,21:05:06,30/12/2022 21:05,30/12/2022 18:05,-68.069522,-67.570615
1908,KB_23_42768_43,Female,Killingbeck,2023,30/12/2022,21:07:05,30/12/2022 21:07,30/12/2022 18:07,-68.069465,-67.570663
1909,KB_23_42768_43,Female,Killingbeck,2023,30/12/2022,21:09:05,30/12/2022 21:09,30/12/2022 18:09,-68.069569,-67.570591
1910,KB_23_42768_43,Female,Killingbeck,2023,30/12/2022,21:11:04,30/12/2022 21:11,30/12/2022 18:11,-68.069393,-67.570612
1911,KB_23_42768_43,Female,Killingbeck,2023,30/12/2022,21:13:04,30/12/2022 21:13,30/12/2022 18:13,-68.069521,-67.570621
1912,KB_23_42768_43,Female,Killingbeck,2023,30/12/2022,21:15:02,30/12/2022 21:15,30/12/2022 18:15,-68.069445,-67.570526
1913,KB_23_42768_43,Female,Killingbeck,2023,30/12/2022,21:17:01,30/12/2022 21:17,30/12/2022 18:17,-68.069415,-67.570622
1914,KB_23_42768_43,Female,Killingbeck,2023,30/12/2022,21:19:02,30/12/2022 21:19,30/12/2022 18:19,-68.069433,-67.570563
1915,KB_23_42768_43,Female,Killingbeck,2023,30/12/2022,21:21:02,30/12/2022 21:21,30/12/2022 18:21,-68.069262,-67.570578
1916,KB_23_42768_43,Female,Killingbeck,2023,30/12/2022,21:23:00,30/12/2022 21:23,30/12/2022 18:23,-68.069545,-67.570626
1917,KB_23_42768_43,Female,Killingbeck,2023,30/12/2022,21:25:00,30/12/2022 21:25,30/12/2022 18:25,-68.069226,-67.570472
1918,KB_23_42768_43,Female,Killingbeck,2023,30/12/2022,21:26:59,30/12/2022 21:26,30/12/2022 18:26,-68.069223,-67.570554
1919,KB_23_42768_43,Female,Killingbeck,2023,30/12/2022,21:28:58,30/12/2022 21:28,30/12/2022 18:28,-68.069519,-67.570632
1920,KB_23_42768_43,Female,Killingbeck,2023,30/12/2022,21:30:57,30/12/2022 21:30,30/12/2022 18:30,-68.069563,-67.570614
1921,KB_23_42768_43,Female,Killingbeck,2023,30/12/2022,21:32:56,30/12/2022 21:32,30/12/2022 18:32,-68.069544,-67.570614
1922,KB_23_42768_43,Female,Killingbeck,2023,30/12/2022,21:34:56,30/12/2022 21:34,30/12/2022 18:34,-68.069411,-67.570641
1923,KB_23_42768_43,Female,Killingbeck,2023,30/12/2022,21:36:55,30/12/2022 21:36,30/12/2022 18:36,-68.069434,-67.570619
1924,KB_23_42768_43,Female,Killingbeck,2023,30/12/2022,21:38:53,30/12/2022 21:38,30/12/2022 18:38,-68.069455,-67.57061
1925,KB_23_42768_43,Female,Killingbeck,2023,30/12/2022,21:40:55,30/12/2022 21:40,30/12/2022 18:40,-68.069309,-67.570698
1926,KB_23_42768_43,Female,Killingbeck,2023,30/12/2022,21:42:51,30/12/2022 21:42,30/12/2022 18:42,-68.069448,-67.570577
1927,KB_23_42768_43,Female,Killingbeck,2023,30/12/2022,21:44:50,30/12/2022 21:44,30/12/2022 18:44,-68.069445,-67.570616
1928,KB_23_42768_43,Female,Killingbeck,2023,30/12/2022,21:46:49,30/12/2022 21:46,30/12/2022 18:46,-68.069302,-67.570595
1929,KB_23_42768_43,Female,Killingbeck,2023,30/12/2022,21:48:06,30/12/2022 21:48,30/12/2022 18:48,-68.069396,-67.570617
1930,KB_23_42768_43,Female,Killingbeck,2023,30/12/2022,21:50:07,30/12/2022 21:50,30/12/2022 18:50,-68.069461,-67.570637
1931,KB_23_42768_43,Female,Killingbeck,2023,30/12/2022,21:52:04,30/12/2022 21:52,30/12/2022 18:52,-68.069526,-67.570729
1932,KB_23_42768_43,Female,Killingbeck,2023,30/12/2022,21:54:04,30/12/2022 21:54,30/12/2022 18:54,-68.069594,-67.570724
1933,KB_23_42768_43,Female,Killingbeck,2023,30/12/2022,21:56:02,30/12/2022 21:56,30/12/2022 18:56,-68.069379,-67.570624
1934,KB_23_42768_43,Female,Killingbeck,2023,30/12/2022,21:58:06,30/12/2022 21:58,30/12/2022 18:58,-68.069369,-67.570754
1935,KB_23_42768_43,Female,Killingbeck,2023,30/12/2022,22:00:03,30/12/2022 22:00,30/12/2022 19:00,-68.069475,-67.570696
1936,KB_23_42768_43,Female,Killingbeck,2023,30/12/2022,22:02:02,30/12/2022 22:02,30/12/2022 19:02,-68.07017,-67.570613
1937,KB_23_42768_43,Female,Killingbeck,2023,30/12/2022,22:04:01,30/12/2022 22:04,30/12/2022 19:04,-68.072791,-67.571303
1938,KB_23_42768_43,Female,Killingbeck,2023,30/12/2022,22:05:58,30/12/2022 22:05,30/12/2022 19:05,-68.069299,-67.570572
1939,KB_23_42768_43,Female,Killingbeck,2023,30/12/2022,22:08:07,30/12/2022 22:08,30/12/2022 19:08,-68.069763,-67.570643
1940,KB_23_42768_43,Female,Killingbeck,2023,30/12/2022,22:09:57,30/12/2022 22:09,30/12/2022 19:09,-68.069473,-67.570511
1941,KB_23_42768_43,Female,Killingbeck,2023,30/12/2022,22:11:57,30/12/2022 22:11,30/12/2022 19:11,-68.068763,-67.570488
1942,KB_23_42768_43,Female,Killingbeck,2023,30/12/2022,22:13:57,30/12/2022 22:13,30/12/2022 19:13,-68.068759,-67.570412
1943,KB_23_42768_43,Female,Killingbeck,2023,30/12/2022,22:15:55,30/12/2022 22:15,30/12/2022 19:15,-68.069742,-67.571005
1944,KB_23_42768_43,Female,Killingbeck,2023,30/12/2022,22:17:43,30/12/2022 22:17,30/12/2022 19:17,-68.068726,-67.570483
1945,KB_23_42768_43,Female,Killingbeck,2023,30/12/2022,22:19:48,30/12/2022 22:19,30/12/2022 19:19,-68.069663,-67.570536
1946,KB_23_42768_43,Female,Killingbeck,2023,30/12/2022,22:21:42,30/12/2022 22:21,30/12/2022 19:21,-68.069569,-67.570664
1947,KB_23_42768_43,Female,Killingbeck,2023,30/12/2022,22:23:42,30/12/2022 22:23,30/12/2022 19:23,-68.069544,-67.570645
1948,KB_23_42768_43,Female,Killingbeck,2023,30/12/2022,22:25:40,30/12/2022 22:25,30/12/2022 19:25,-68.069527,-67.570851
1949,KB_23_42768_43,Female,Killingbeck,2023,30/12/2022,22:27:40,30/12/2022 22:27,30/12/2022 19:27,-68.068437,-67.57043
1950,KB_23_42768_43,Female,Killingbeck,2023,30/12/2022,22:29:38,30/12/2022 22:29,30/12/2022 19:29,-68.069579,-67.570879
1951,KB_23_42768_43,Female,Killingbeck,2023,30/12/2022,22:31:38,30/12/2022 22:31,30/12/2022 19:31,-68.069565,-67.570729
1952,KB_23_42768_43,Female,Killingbeck,2023,30/12/2022,22:33:38,30/12/2022 22:33,30/12/2022 19:33,-68.069186,-67.570507
1953,KB_23_42768_43,Female,Killingbeck,2023,30/12/2022,22:35:35,30/12/2022 22:35,30/12/2022 19:35,-68.069277,-67.570829
1954,KB_23_42768_43,Female,Killingbeck,2023,30/12/2022,22:37:33,30/12/2022 22:37,30/12/2022 19:37,-68.069502,-67.570666
1955,KB_23_42768_43,Female,Killingbeck,2023,30/12/2022,22:39:32,30/12/2022 22:39,30/12/2022 19:39,-68.069434,-67.570643
1956,KB_23_42768_43,Female,Killingbeck,2023,30/12/2022,22:41:31,30/12/2022 22:41,30/12/2022 19:41,-68.069617,-67.570718
1957,KB_23_42768_43,Female,Killingbeck,2023,30/12/2022,22:43:32,30/12/2022 22:43,30/12/2022 19:43,-68.069227,-67.570839
1958,KB_23_42768_43,Female,Killingbeck,2023,30/12/2022,22:45:31,30/12/2022 22:45,30/12/2022 19:45,-68.069219,-67.570847
1959,KB_23_42768_43,Female,Killingbeck,2023,30/12/2022,22:47:18,30/12/2022 22:47,30/12/2022 19:47,-68.06942,-67.570662
1960,KB_23_42768_43,Female,Killingbeck,2023,30/12/2022,22:49:17,30/12/2022 22:49,30/12/2022 19:49,-68.069321,-67.570756
1961,KB_23_42768_43,Female,Killingbeck,2023,30/12/2022,22:51:16,30/12/2022 22:51,30/12/2022 19:51,-68.069413,-67.570727
1962,KB_23_42768_43,Female,Killingbeck,2023,30/12/2022,22:53:16,30/12/2022 22:53,30/12/2022 19:53,-68.069434,-67.570742
1963,KB_23_42768_43,Female,Killingbeck,2023,30/12/2022,22:55:17,30/12/2022 22:55,30/12/2022 19:55,-68.069538,-67.570553
1964,KB_23_42768_43,Female,Killingbeck,2023,30/12/2022,22:57:14,30/12/2022 22:57,30/12/2022 19:57,-68.069518,-67.570658
1965,KB_23_42768_43,Female,Killingbeck,2023,30/12/2022,22:59:15,30/12/2022 22:59,30/12/2022 19:59,-68.069527,-67.57086
1966,KB_23_42768_43,Female,Killingbeck,2023,30/12/2022,23:01:16,30/12/2022 23:01,30/12/2022 20:01,-68.070466,-67.570641
1967,KB_23_42768_43,Female,Killingbeck,2023,30/12/2022,23:03:11,30/12/2022 23:03,30/12/2022 20:03,-68.069378,-67.570723
1968,KB_23_42768_43,Female,Killingbeck,2023,30/12/2022,23:05:11,30/12/2022 23:05,30/12/2022 20:05,-68.069473,-67.57078
1969,KB_23_42768_43,Female,Killingbeck,2023,30/12/2022,23:07:12,30/12/2022 23:07,30/12/2022 20:07,-68.070971,-67.570522
1970,KB_23_42768_43,Female,Killingbeck,2023,30/12/2022,23:09:16,30/12/2022 23:09,30/12/2022 20:09,-68.069505,-67.570799
1971,KB_23_42768_43,Female,Killingbeck,2023,30/12/2022,23:11:09,30/12/2022 23:11,30/12/2022 20:11,-68.069508,-67.57069
1972,KB_23_42768_43,Female,Killingbeck,2023,30/12/2022,23:13:11,30/12/2022 23:13,30/12/2022 20:13,-68.069546,-67.570486
1973,KB_23_42768_43,Female,Killingbeck,2023,30/12/2022,23:15:10,30/12/2022 23:15,30/12/2022 20:15,-68.0721,-67.570178
1974,KB_23_42768_43,Female,Killingbeck,2023,30/12/2022,23:17:00,30/12/2022 23:17,30/12/2022 20:17,-68.072086,-67.570185
1975,KB_23_42768_43,Female,Killingbeck,2023,30/12/2022,23:18:57,30/12/2022 23:18,30/12/2022 20:18,-68.069523,-67.570726
1976,KB_23_42768_43,Female,Killingbeck,2023,30/12/2022,23:20:56,30/12/2022 23:20,30/12/2022 20:20,-68.069562,-67.570734
1977,KB_23_42768_43,Female,Killingbeck,2023,30/12/2022,23:22:57,30/12/2022 23:22,30/12/2022 20:22,-68.072025,-67.57013
1978,KB_23_42768_43,Female,Killingbeck,2023,30/12/2022,23:24:53,30/12/2022 23:24,30/12/2022 20:24,-68.069648,-67.570723
1979,KB_23_42768_43,Female,Killingbeck,2023,30/12/2022,23:26:53,30/12/2022 23:26,30/12/2022 20:26,-68.069618,-67.57066
1980,KB_23_42768_43,Female,Killingbeck,2023,30/12/2022,23:28:51,30/12/2022 23:28,30/12/2022 20:28,-68.069401,-67.570753
1981,KB_23_42768_43,Female,Killingbeck,2023,30/12/2022,23:30:53,30/12/2022 23:30,30/12/2022 20:30,-68.069571,-67.570738
1982,KB_23_42768_43,Female,Killingbeck,2023,30/12/2022,23:32:52,30/12/2022 23:32,30/12/2022 20:32,-68.06972,-67.570742
1983,KB_23_42768_43,Female,Killingbeck,2023,30/12/2022,23:34:51,30/12/2022 23:34,30/12/2022 20:34,-68.069447,-67.570756
1984,KB_23_42768_43,Female,Killingbeck,2023,30/12/2022,23:36:48,30/12/2022 23:36,30/12/2022 20:36,-68.069536,-67.570754
1985,KB_23_42768_43,Female,Killingbeck,2023,30/12/2022,23:38:46,30/12/2022 23:38,30/12/2022 20:38,-68.069504,-67.570691
1986,KB_23_42768_43,Female,Killingbeck,2023,30/12/2022,23:40:45,30/12/2022 23:40,30/12/2022 20:40,-68.069945,-67.570674
1987,KB_23_42768_43,Female,Killingbeck,2023,30/12/2022,23:42:45,30/12/2022 23:42,30/12/2022 20:42,-68.069791,-67.570733
1988,KB_23_42768_43,Female,Killingbeck,2023,30/12/2022,23:44:44,30/12/2022 23:44,30/12/2022 20:44,-68.06965,-67.57073
1989,KB_23_42768_43,Female,Killingbeck,2023,30/12/2022,23:46:44,30/12/2022 23:46,30/12/2022 20:46,-68.069519,-67.570771
1990,KB_23_42768_43,Female,Killingbeck,2023,30/12/2022,23:48:42,30/12/2022 23:48,30/12/2022 20:48,-68.069351,-67.570471
1991,KB_23_42768_43,Female,Killingbeck,2023,30/12/2022,23:50:42,30/12/2022 23:50,30/12/2022 20:50,-68.069841,-67.570741
1992,KB_23_42768_43,Female,Killingbeck,2023,30/12/2022,23:52:47,30/12/2022 23:52,30/12/2022 20:52,-68.069467,-67.570746
1993,KB_23_42768_43,Female,Killingbeck,2023,30/12/2022,23:54:40,30/12/2022 23:54,30/12/2022 20:54,-68.069634,-67.570758
1994,KB_23_42768_43,Female,Killingbeck,2023,30/12/2022,23:56:40,30/12/2022 23:56,30/12/2022 20:56,-68.069619,-67.570757
1995,KB_23_42768_43,Female,Killingbeck,2023,30/12/2022,23:58:39,30/12/2022 23:58,30/12/2022 20:58,-68.069427,-67.570733
1996,KB_23_42768_43,Female,Killingbeck,2023,31/12/2022,00:00:38,31/12/2022 00:00,30/12/2022 21:00,-68.069598,-67.570721
1997,KB_23_42768_43,Female,Killingbeck,2023,31/12/2022,00:02:36,31/12/2022 00:02,30/12/2022 21:02,-68.0696,-67.570715
1998,KB_23_42768_43,Female,Killingbeck,2023,31/12/2022,00:04:38,31/12/2022 00:04,30/12/2022 21:04,-68.069631,-67.570662
1999,KB_23_42768_43,Female,Killingbeck,2023,31/12/2022,00:06:35,31/12/2022 00:06,30/12/2022 21:06,-68.069435,-67.570726
2000,KB_23_42768_43,Female,Killingbeck,2023,31/12/2022,00:08:34,31/12/2022 00:08,30/12/2022 21:08,-68.069895,-67.570761
2001,KB_23_42768_43,Female,Killingbeck,2023,31/12/2022,00:10:32,31/12/2022 00:10,30/12/2022 21:10,-68.06961,-67.570731
2002,KB_23_42768_43,Female,Killingbeck,2023,31/12/2022,00:12:32,31/12/2022 00:12,30/12/2022 21:12,-68.069409,-67.570726
2003,KB_23_42768_43,Female,Killingbeck,2023,31/12/2022,00:14:31,31/12/2022 00:14,30/12/2022 21:14,-68.069551,-67.570765
2004,KB_23_42768_43,Female,Killingbeck,2023,31/12/2022,00:16:30,31/12/2022 00:16,30/12/2022 21:16,-68.069434,-67.570722
2005,KB_23_42768_43,Female,Killingbeck,2023,31/12/2022,00:18:30,31/12/2022 00:18,30/12/2022 21:18,-68.069508,-67.570542
2006,KB_23_42768_43,Female,Killingbeck,2023,31/12/2022,00:20:28,31/12/2022 00:20,30/12/2022 21:20,-68.069514,-67.570678
2007,KB_23_42768_43,Female,Killingbeck,2023,31/12/2022,00:22:28,31/12/2022 00:22,30/12/2022 21:22,-68.069587,-67.570691
2008,KB_23_42768_43,Female,Killingbeck,2023,31/12/2022,00:24:29,31/12/2022 00:24,30/12/2022 21:24,-68.069533,-67.570663
2009,KB_23_42768_43,Female,Killingbeck,2023,31/12/2022,00:26:25,31/12/2022 00:26,30/12/2022 21:26,-68.06958,-67.570702
2010,KB_23_42768_43,Female,Killingbeck,2023,31/12/2022,00:28:24,31/12/2022 00:28,30/12/2022 21:28,-68.069581,-67.570633
2011,KB_23_42768_43,Female,Killingbeck,2023,31/12/2022,00:30:24,31/12/2022 00:30,30/12/2022 21:30,-68.069517,-67.570697
2012,KB_23_42768_43,Female,Killingbeck,2023,31/12/2022,00:32:23,31/12/2022 00:32,30/12/2022 21:32,-68.069545,-67.570641
2013,KB_23_42768_43,Female,Killingbeck,2023,31/12/2022,00:34:22,31/12/2022 00:34,30/12/2022 21:34,-68.069471,-67.570666
2014,KB_23_42768_43,Female,Killingbeck,2023,31/12/2022,00:36:21,31/12/2022 00:36,30/12/2022 21:36,-68.069538,-67.57069
2015,KB_23_42768_43,Female,Killingbeck,2023,31/12/2022,00:38:19,31/12/2022 00:38,30/12/2022 21:38,-68.069571,-67.570696
2016,KB_23_42768_43,Female,Killingbeck,2023,31/12/2022,00:40:20,31/12/2022 00:40,30/12/2022 21:40,-68.069434,-67.570634
2017,KB_23_42768_43,Female,Killingbeck,2023,31/12/2022,00:42:21,31/12/2022 00:42,30/12/2022 21:42,-68.069475,-67.570643
2018,KB_23_42768_43,Female,Killingbeck,2023,31/12/2022,00:44:17,31/12/2022 00:44,30/12/2022 21:44,-68.069469,-67.570685
2019,KB_23_42768_43,Female,Killingbeck,2023,31/12/2022,00:46:16,31/12/2022 00:46,30/12/2022 21:46,-68.069497,-67.570646
2020,KB_23_42768_43,Female,Killingbeck,2023,31/12/2022,00:48:16,31/12/2022 00:48,30/12/2022 21:48,-68.069456,-67.570607
2021,KB_23_42768_43,Female,Killingbeck,2023,31/12/2022,00:50:14,31/12/2022 00:50,30/12/2022 21:50,-68.069488,-67.570645
2022,KB_23_42768_43,Female,Killingbeck,2023,31/12/2022,00:52:13,31/12/2022 00:52,30/12/2022 21:52,-68.069457,-67.570706
2023,KB_23_42768_43,Female,Killingbeck,2023,31/12/2022,00:54:12,31/12/2022 00:54,30/12/2022 21:54,-68.069417,-67.570644
2024,KB_23_42768_43,Female,Killingbeck,2023,31/12/2022,00:56:11,31/12/2022 00:56,30/12/2022 21:56,-68.06948,-67.570581
2025,KB_23_42768_43,Female,Killingbeck,2023,31/12/2022,00:58:10,31/12/2022 00:58,30/12/2022 21:58,-68.069578,-67.570681
2026,KB_23_42768_43,Female,Killingbeck,2023,31/12/2022,01:00:09,31/12/2022 01:00,30/12/2022 22:00,-68.069475,-67.570689
2027,KB_23_42768_43,Female,Killingbeck,2023,31/12/2022,01:02:08,31/12/2022 01:02,30/12/2022 22:02,-68.069522,-67.570677
2028,KB_23_42768_43,Female,Killingbeck,2023,31/12/2022,01:04:07,31/12/2022 01:04,30/12/2022 22:04,-68.069536,-67.570699
2029,KB_23_42768_43,Female,Killingbeck,2023,31/12/2022,01:06:06,31/12/2022 01:06,30/12/2022 22:06,-68.069431,-67.570606
2030,KB_23_42768_43,Female,Killingbeck,2023,31/12/2022,01:08:06,31/12/2022 01:08,30/12/2022 22:08,-68.069419,-67.570653
2031,KB_23_42768_43,Female,Killingbeck,2023,31/12/2022,01:10:05,31/12/2022 01:10,30/12/2022 22:10,-68.069417,-67.570654
2032,KB_23_42768_43,Female,Killingbeck,2023,31/12/2022,01:12:04,31/12/2022 01:12,30/12/2022 22:12,-68.069541,-67.570706
2033,KB_23_42768_43,Female,Killingbeck,2023,31/12/2022,01:14:03,31/12/2022 01:14,30/12/2022 22:14,-68.069448,-67.570703
2034,KB_23_42768_43,Female,Killingbeck,2023,31/12/2022,01:16:02,31/12/2022 01:16,30/12/2022 22:16,-68.069567,-67.570695
2035,KB_23_42768_43,Female,Killingbeck,2023,31/12/2022,01:18:02,31/12/2022 01:18,30/12/2022 22:18,-68.069575,-67.57072
2036,KB_23_42768_43,Female,Killingbeck,2023,31/12/2022,01:20:00,31/12/2022 01:20,30/12/2022 22:20,-68.06951,-67.570682
2037,KB_23_42768_43,Female,Killingbeck,2023,31/12/2022,01:22:00,31/12/2022 01:22,30/12/2022 22:22,-68.069522,-67.570718
2038,KB_23_42768_43,Female,Killingbeck,2023,31/12/2022,01:23:58,31/12/2022 01:23,30/12/2022 22:23,-68.069352,-67.570653
2039,KB_23_42768_43,Female,Killingbeck,2023,31/12/2022,01:25:57,31/12/2022 01:25,30/12/2022 22:25,-68.069479,-67.570682
2040,KB_23_42768_43,Female,Killingbeck,2023,31/12/2022,01:27:56,31/12/2022 01:27,30/12/2022 22:27,-68.069592,-67.570723
2041,KB_23_42768_43,Female,Killingbeck,2023,31/12/2022,01:29:55,31/12/2022 01:29,30/12/2022 22:29,-68.069545,-67.570695
2042,KB_23_42768_43,Female,Killingbeck,2023,31/12/2022,01:31:54,31/12/2022 01:31,30/12/2022 22:31,-68.069587,-67.570708
2043,KB_23_42768_43,Female,Killingbeck,2023,31/12/2022,01:33:53,31/12/2022 01:33,30/12/2022 22:33,-68.069396,-67.570664
2044,KB_23_42768_43,Female,Killingbeck,2023,31/12/2022,01:35:52,31/12/2022 01:35,30/12/2022 22:35,-68.069519,-67.570724
2045,KB_23_42768_43,Female,Killingbeck,2023,31/12/2022,01:37:52,31/12/2022 01:37,30/12/2022 22:37,-68.069471,-67.57066
2046,KB_23_42768_43,Female,Killingbeck,2023,31/12/2022,01:39:51,31/12/2022 01:39,30/12/2022 22:39,-68.069473,-67.570727
2047,KB_23_42768_43,Female,Killingbeck,2023,31/12/2022,01:41:50,31/12/2022 01:41,30/12/2022 22:41,-68.069532,-67.570745
2048,KB_23_42768_43,Female,Killingbeck,2023,31/12/2022,01:43:49,31/12/2022 01:43,30/12/2022 22:43,-68.069519,-67.570699
2049,KB_23_42768_43,Female,Killingbeck,2023,31/12/2022,01:45:48,31/12/2022 01:45,30/12/2022 22:45,-68.069479,-67.570706
2050,KB_23_42768_43,Female,Killingbeck,2023,31/12/2022,01:47:47,31/12/2022 01:47,30/12/2022 22:47,-68.069499,-67.570683
2051,KB_23_42768_43,Female,Killingbeck,2023,31/12/2022,01:49:46,31/12/2022 01:49,30/12/2022 22:49,-68.069612,-67.570763
2052,KB_23_42768_43,Female,Killingbeck,2023,31/12/2022,01:51:45,31/12/2022 01:51,30/12/2022 22:51,-68.069332,-67.570688
2053,KB_23_42768_43,Female,Killingbeck,2023,31/12/2022,01:53:44,31/12/2022 01:53,30/12/2022 22:53,-68.069538,-67.570669
2054,KB_23_42768_43,Female,Killingbeck,2023,31/12/2022,01:55:43,31/12/2022 01:55,30/12/2022 22:55,-68.069536,-67.570705
2055,KB_23_42768_43,Female,Killingbeck,2023,31/12/2022,01:57:42,31/12/2022 01:57,30/12/2022 22:57,-68.069333,-67.57072
2056,KB_23_42768_43,Female,Killingbeck,2023,31/12/2022,01:59:41,31/12/2022 01:59,30/12/2022 22:59,-68.069399,-67.570735
2057,KB_23_42768_43,Female,Killingbeck,2023,31/12/2022,02:01:40,31/12/2022 02:01,30/12/2022 23:01,-68.069407,-67.570761
2058,KB_23_42768_43,Female,Killingbeck,2023,31/12/2022,02:03:40,31/12/2022 02:03,30/12/2022 23:03,-68.069868,-67.57076
2059,KB_23_42768_43,Female,Killingbeck,2023,31/12/2022,02:05:39,31/12/2022 02:05,30/12/2022 23:05,-68.069536,-67.570763
2060,KB_23_42768_43,Female,Killingbeck,2023,31/12/2022,02:07:37,31/12/2022 02:07,30/12/2022 23:07,-68.069281,-67.570707
2061,KB_23_42768_43,Female,Killingbeck,2023,31/12/2022,02:09:38,31/12/2022 02:09,30/12/2022 23:09,-68.069515,-67.570703
2062,KB_23_42768_43,Female,Killingbeck,2023,31/12/2022,02:11:37,31/12/2022 02:11,30/12/2022 23:11,-68.069748,-67.57077
2063,KB_23_42768_43,Female,Killingbeck,2023,31/12/2022,02:13:36,31/12/2022 02:13,30/12/2022 23:13,-68.069568,-67.570754
2064,KB_23_42768_43,Female,Killingbeck,2023,31/12/2022,02:15:35,31/12/2022 02:15,30/12/2022 23:15,-68.069747,-67.570778
2065,KB_23_42768_43,Female,Killingbeck,2023,31/12/2022,02:17:34,31/12/2022 02:17,30/12/2022 23:17,-68.069513,-67.570722
2066,KB_23_42768_43,Female,Killingbeck,2023,31/12/2022,02:19:32,31/12/2022 02:19,30/12/2022 23:19,-68.069637,-67.570754
2067,KB_23_42768_43,Female,Killingbeck,2023,31/12/2022,02:21:32,31/12/2022 02:21,30/12/2022 23:21,-68.069507,-67.570729
2068,KB_23_42768_43,Female,Killingbeck,2023,31/12/2022,02:23:30,31/12/2022 02:23,30/12/2022 23:23,-68.06954,-67.570751
2069,KB_23_42768_43,Female,Killingbeck,2023,31/12/2022,02:25:29,31/12/2022 02:25,30/12/2022 23:25,-68.069547,-67.570732
2070,KB_23_42768_43,Female,Killingbeck,2023,31/12/2022,02:27:28,31/12/2022 02:27,30/12/2022 23:27,-68.069256,-67.57031
2071,KB_23_42768_43,Female,Killingbeck,2023,31/12/2022,02:29:29,31/12/2022 02:29,30/12/2022 23:29,-68.06773,-67.569648
2072,KB_23_42768_43,Female,Killingbeck,2023,31/12/2022,02:31:28,31/12/2022 02:31,30/12/2022 23:31,-68.063554,-67.56898
2073,KB_23_42768_43,Female,Killingbeck,2023,31/12/2022,02:33:27,31/12/2022 02:33,30/12/2022 23:33,-68.025662,-67.567204
2074,KB_23_42768_43,Female,Killingbeck,2023,31/12/2022,02:35:26,31/12/2022 02:35,30/12/2022 23:35,-67.98416,-67.566821
2075,KB_23_42768_43,Female,Killingbeck,2023,31/12/2022,02:37:26,31/12/2022 02:37,30/12/2022 23:37,-67.939557,-67.566246
2076,KB_23_42768_43,Female,Killingbeck,2023,31/12/2022,02:39:25,31/12/2022 02:39,30/12/2022 23:39,-67.894952,-67.564496
2077,KB_23_42768_43,Female,Killingbeck,2023,31/12/2022,02:41:24,31/12/2022 02:41,30/12/2022 23:41,-67.854894,-67.559112
2078,KB_23_42768_43,Female,Killingbeck,2023,31/12/2022,02:43:23,31/12/2022 02:43,30/12/2022 23:43,-67.817455,-67.552213
2079,KB_23_42768_43,Female,Killingbeck,2023,31/12/2022,02:46:36,31/12/2022 02:46,30/12/2022 23:46,-67.800878,-67.546329
2080,KB_23_42768_43,Female,Killingbeck,2023,31/12/2022,02:48:35,31/12/2022 02:48,30/12/2022 23:48,-67.800927,-67.546333
2081,KB_23_42768_43,Female,Killingbeck,2023,31/12/2022,02:50:34,31/12/2022 02:50,30/12/2022 23:50,-67.80072,-67.54627
2082,KB_23_42768_43,Female,Killingbeck,2023,31/12/2022,02:52:33,31/12/2022 02:52,30/12/2022 23:52,-67.800599,-67.546305
2083,KB_23_42768_43,Female,Killingbeck,2023,31/12/2022,02:54:32,31/12/2022 02:54,30/12/2022 23:54,-67.800165,-67.547503
2084,KB_23_42768_43,Female,Killingbeck,2023,31/12/2022,02:56:32,31/12/2022 02:56,30/12/2022 23:56,-67.799989,-67.547279
2085,KB_23_42768_43,Female,Killingbeck,2023,31/12/2022,02:58:31,31/12/2022 02:58,30/12/2022 23:58,-67.799892,-67.547276
2086,KB_23_42768_43,Female,Killingbeck,2023,31/12/2022,03:00:30,31/12/2022 03:00,31/12/2022 00:00,-67.799496,-67.547041
2087,KB_23_42768_43,Female,Killingbeck,2023,31/12/2022,03:02:34,31/12/2022 03:02,31/12/2022 00:02,-67.799367,-67.546925
2088,KB_23_42768_43,Female,Killingbeck,2023,31/12/2022,03:04:33,31/12/2022 03:04,31/12/2022 00:04,-67.799334,-67.547395
2089,KB_23_42768_43,Female,Killingbeck,2023,31/12/2022,03:06:32,31/12/2022 03:06,31/12/2022 00:06,-67.799251,-67.547323
2090,KB_23_42768_43,Female,Killingbeck,2023,31/12/2022,03:08:31,31/12/2022 03:08,31/12/2022 00:08,-67.799343,-67.547386
2091,KB_23_42768_43,Female,Killingbeck,2023,31/12/2022,03:10:30,31/12/2022 03:10,31/12/2022 00:10,-67.799351,-67.54738
2092,KB_23_42768_43,Female,Killingbeck,2023,31/12/2022,03:12:29,31/12/2022 03:12,31/12/2022 00:12,-67.799309,-67.547336
2093,KB_23_42768_43,Female,Killingbeck,2023,31/12/2022,03:14:29,31/12/2022 03:14,31/12/2022 00:14,-67.799284,-67.54739
2094,KB_23_42768_43,Female,Killingbeck,2023,31/12/2022,03:16:30,31/12/2022 03:16,31/12/2022 00:16,-67.799399,-67.54738
2095,KB_23_42768_43,Female,Killingbeck,2023,31/12/2022,03:18:29,31/12/2022 03:18,31/12/2022 00:18,-67.799346,-67.547368
2096,KB_23_42768_43,Female,Killingbeck,2023,31/12/2022,03:20:28,31/12/2022 03:20,31/12/2022 00:20,-67.799413,-67.54736
2097,KB_23_42768_43,Female,Killingbeck,2023,31/12/2022,03:22:27,31/12/2022 03:22,31/12/2022 00:22,-67.799274,-67.547422
2098,KB_23_42768_43,Female,Killingbeck,2023,31/12/2022,03:24:26,31/12/2022 03:24,31/12/2022 00:24,-67.799291,-67.547371
2099,KB_23_42768_43,Female,Killingbeck,2023,31/12/2022,03:26:26,31/12/2022 03:26,31/12/2022 00:26,-67.798973,-67.547206
2100,KB_23_42768_43,Female,Killingbeck,2023,31/12/2022,03:28:26,31/12/2022 03:28,31/12/2022 00:28,-67.799632,-67.546996
2101,KB_23_42768_43,Female,Killingbeck,2023,31/12/2022,03:31:29,31/12/2022 03:31,31/12/2022 00:31,-67.799966,-67.546805
2102,KB_23_42768_43,Female,Killingbeck,2023,31/12/2022,03:33:29,31/12/2022 03:33,31/12/2022 00:33,-67.799462,-67.54742
2103,KB_23_42768_43,Female,Killingbeck,2023,31/12/2022,03:35:28,31/12/2022 03:35,31/12/2022 00:35,-67.79949,-67.54747
2104,KB_23_42768_43,Female,Killingbeck,2023,31/12/2022,03:37:27,31/12/2022 03:37,31/12/2022 00:37,-67.799396,-67.547374
2105,KB_23_42768_43,Female,Killingbeck,2023,31/12/2022,03:39:26,31/12/2022 03:39,31/12/2022 00:39,-67.799528,-67.547604
2106,KB_23_42768_43,Female,Killingbeck,2023,31/12/2022,03:41:25,31/12/2022 03:41,31/12/2022 00:41,-67.799449,-67.54739
2107,KB_23_42768_43,Female,Killingbeck,2023,31/12/2022,03:43:24,31/12/2022 03:43,31/12/2022 00:43,-67.799455,-67.547514
2108,KB_23_42768_43,Female,Killingbeck,2023,31/12/2022,03:45:22,31/12/2022 03:45,31/12/2022 00:45,-67.799541,-67.54748
2109,KB_23_42768_43,Female,Killingbeck,2023,31/12/2022,03:47:23,31/12/2022 03:47,31/12/2022 00:47,-67.799594,-67.547485
2110,KB_23_42768_43,Female,Killingbeck,2023,31/12/2022,03:49:22,31/12/2022 03:49,31/12/2022 00:49,-67.799548,-67.547439
2111,KB_23_42768_43,Female,Killingbeck,2023,31/12/2022,03:51:21,31/12/2022 03:51,31/12/2022 00:51,-67.799627,-67.547472
2112,KB_23_42768_43,Female,Killingbeck,2023,31/12/2022,03:53:21,31/12/2022 03:53,31/12/2022 00:53,-67.799561,-67.547429
2113,KB_23_42768_43,Female,Killingbeck,2023,31/12/2022,03:55:20,31/12/2022 03:55,31/12/2022 00:55,-67.799528,-67.547429
2114,KB_23_42768_43,Female,Killingbeck,2023,31/12/2022,03:57:19,31/12/2022 03:57,31/12/2022 00:57,-67.799568,-67.547414
2115,KB_23_42768_43,Female,Killingbeck,2023,31/12/2022,03:59:18,31/12/2022 03:59,31/12/2022 00:59,-67.799406,-67.547407
2116,KB_23_42768_43,Female,Killingbeck,2023,31/12/2022,04:01:17,31/12/2022 04:01,31/12/2022 01:01,-67.79936,-67.54741
2117,KB_23_42768_43,Female,Killingbeck,2023,31/12/2022,04:03:16,31/12/2022 04:03,31/12/2022 01:03,-67.799622,-67.547436
2118,KB_23_42768_43,Female,Killingbeck,2023,31/12/2022,04:05:15,31/12/2022 04:05,31/12/2022 01:05,-67.79969,-67.547428
2119,KB_23_42768_43,Female,Killingbeck,2023,31/12/2022,04:07:15,31/12/2022 04:07,31/12/2022 01:07,-67.79936,-67.547427
2120,KB_23_42768_43,Female,Killingbeck,2023,31/12/2022,04:09:13,31/12/2022 04:09,31/12/2022 01:09,-67.79953,-67.547394
2121,KB_23_42768_43,Female,Killingbeck,2023,31/12/2022,04:11:12,31/12/2022 04:11,31/12/2022 01:11,-67.799493,-67.547357
2122,KB_23_42768_43,Female,Killingbeck,2023,31/12/2022,04:13:13,31/12/2022 04:13,31/12/2022 01:13,-67.799675,-67.547452
2123,KB_23_42768_43,Female,Killingbeck,2023,31/12/2022,04:16:03,31/12/2022 04:16,31/12/2022 01:16,-67.800182,-67.5468
2124,KB_23_42768_43,Female,Killingbeck,2023,31/12/2022,04:18:03,31/12/2022 04:18,31/12/2022 01:18,-67.799915,-67.546999
2125,KB_23_42768_43,Female,Killingbeck,2023,31/12/2022,04:20:02,31/12/2022 04:20,31/12/2022 01:20,-67.80041,-67.547051
2126,KB_23_42768_43,Female,Killingbeck,2023,31/12/2022,04:22:02,31/12/2022 04:22,31/12/2022 01:22,-67.800046,-67.547088
2127,KB_23_42768_43,Female,Killingbeck,2023,31/12/2022,04:24:57,31/12/2022 04:24,31/12/2022 01:24,-67.800334,-67.547093
2128,KB_23_42768_43,Female,Killingbeck,2023,31/12/2022,04:26:58,31/12/2022 04:26,31/12/2022 01:26,-67.799259,-67.547341
2129,KB_23_42768_43,Female,Killingbeck,2023,31/12/2022,04:28:56,31/12/2022 04:28,31/12/2022 01:28,-67.799442,-67.547484
2130,KB_23_42768_43,Female,Killingbeck,2023,31/12/2022,04:30:55,31/12/2022 04:30,31/12/2022 01:30,-67.79964,-67.547405
2131,KB_23_42768_43,Female,Killingbeck,2023,31/12/2022,04:32:55,31/12/2022 04:32,31/12/2022 01:32,-67.79952,-67.547519
2132,KB_23_42768_43,Female,Killingbeck,2023,31/12/2022,04:34:54,31/12/2022 04:34,31/12/2022 01:34,-67.799511,-67.547443
2133,KB_23_42768_43,Female,Killingbeck,2023,31/12/2022,04:36:54,31/12/2022 04:36,31/12/2022 01:36,-67.799619,-67.547468
2134,KB_23_42768_43,Female,Killingbeck,2023,31/12/2022,04:38:52,31/12/2022 04:38,31/12/2022 01:38,-67.799486,-67.547455
2135,KB_23_42768_43,Female,Killingbeck,2023,31/12/2022,04:40:54,31/12/2022 04:40,31/12/2022 01:40,-67.799405,-67.547419
2136,KB_23_42768_43,Female,Killingbeck,2023,31/12/2022,04:42:51,31/12/2022 04:42,31/12/2022 01:42,-67.799483,-67.547388
2137,KB_23_42768_43,Female,Killingbeck,2023,31/12/2022,04:44:49,31/12/2022 04:44,31/12/2022 01:44,-67.799634,-67.547438
2138,KB_23_42768_43,Female,Killingbeck,2023,31/12/2022,04:46:49,31/12/2022 04:46,31/12/2022 01:46,-67.79972,-67.547432
2139,KB_23_42768_43,Female,Killingbeck,2023,31/12/2022,04:48:49,31/12/2022 04:48,31/12/2022 01:48,-67.799717,-67.547508
2140,KB_23_42768_43,Female,Killingbeck,2023,31/12/2022,04:50:47,31/12/2022 04:50,31/12/2022 01:50,-67.799616,-67.547491
2141,KB_23_42768_43,Female,Killingbeck,2023,31/12/2022,04:52:46,31/12/2022 04:52,31/12/2022 01:52,-67.799656,-67.547463
2142,KB_23_42768_43,Female,Killingbeck,2023,31/12/2022,04:54:46,31/12/2022 04:54,31/12/2022 01:54,-67.799135,-67.547349
2143,KB_23_42768_43,Female,Killingbeck,2023,31/12/2022,04:56:45,31/12/2022 04:56,31/12/2022 01:56,-67.79932,-67.547515
2144,KB_23_42768_43,Female,Killingbeck,2023,31/12/2022,04:58:44,31/12/2022 04:58,31/12/2022 01:58,-67.799527,-67.547409
2145,KB_23_42768_43,Female,Killingbeck,2023,31/12/2022,05:00:43,31/12/2022 05:00,31/12/2022 02:00,-67.799526,-67.547422
2146,KB_23_42768_43,Female,Killingbeck,2023,31/12/2022,05:02:43,31/12/2022 05:02,31/12/2022 02:02,-67.799636,-67.547415
2147,KB_23_42768_43,Female,Killingbeck,2023,31/12/2022,05:04:41,31/12/2022 05:04,31/12/2022 02:04,-67.799741,-67.547449
2148,KB_23_42768_43,Female,Killingbeck,2023,31/12/2022,05:06:40,31/12/2022 05:06,31/12/2022 02:06,-67.799611,-67.547453
2149,KB_23_42768_43,Female,Killingbeck,2023,31/12/2022,05:08:40,31/12/2022 05:08,31/12/2022 02:08,-67.799323,-67.547405
2150,KB_23_42768_43,Female,Killingbeck,2023,31/12/2022,05:10:39,31/12/2022 05:10,31/12/2022 02:10,-67.799574,-67.54738
2151,KB_23_42768_43,Female,Killingbeck,2023,31/12/2022,05:12:38,31/12/2022 05:12,31/12/2022 02:12,-67.799252,-67.547306
2152,KB_23_42768_43,Female,Killingbeck,2023,31/12/2022,05:14:38,31/12/2022 05:14,31/12/2022 02:14,-67.800143,-67.547376
2153,KB_23_42768_43,Female,Killingbeck,2023,31/12/2022,05:17:01,31/12/2022 05:17,31/12/2022 02:17,-67.800606,-67.546836
2154,KB_23_42768_43,Female,Killingbeck,2023,31/12/2022,05:18:59,31/12/2022 05:18,31/12/2022 02:18,-67.800833,-67.547153
2155,KB_23_42768_43,Female,Killingbeck,2023,31/12/2022,05:20:58,31/12/2022 05:20,31/12/2022 02:20,-67.797888,-67.546435
2156,KB_23_42768_43,Female,Killingbeck,2023,31/12/2022,05:22:57,31/12/2022 05:22,31/12/2022 02:22,-67.799445,-67.547444
2157,KB_23_42768_43,Female,Killingbeck,2023,31/12/2022,05:24:56,31/12/2022 05:24,31/12/2022 02:24,-67.799422,-67.547338
2158,KB_23_42768_43,Female,Killingbeck,2023,31/12/2022,05:26:55,31/12/2022 05:26,31/12/2022 02:26,-67.799354,-67.547388
2159,KB_23_42768_43,Female,Killingbeck,2023,31/12/2022,05:28:54,31/12/2022 05:28,31/12/2022 02:28,-67.799515,-67.547379
2160,KB_23_42768_43,Female,Killingbeck,2023,31/12/2022,05:30:53,31/12/2022 05:30,31/12/2022 02:30,-67.799524,-67.547373
2161,KB_23_42768_43,Female,Killingbeck,2023,31/12/2022,05:32:52,31/12/2022 05:32,31/12/2022 02:32,-67.799358,-67.547362
2162,KB_23_42768_43,Female,Killingbeck,2023,31/12/2022,05:34:51,31/12/2022 05:34,31/12/2022 02:34,-67.799259,-67.547415
2163,KB_23_42768_43,Female,Killingbeck,2023,31/12/2022,05:38:31,31/12/2022 05:38,31/12/2022 02:38,-67.799369,-67.546387
2164,KB_23_42768_43,Female,Killingbeck,2023,31/12/2022,05:40:24,31/12/2022 05:40,31/12/2022 02:40,-67.799205,-67.546538
2165,KB_23_42768_43,Female,Killingbeck,2023,31/12/2022,05:42:22,31/12/2022 05:42,31/12/2022 02:42,-67.79938,-67.546466
2166,KB_23_42768_43,Female,Killingbeck,2023,31/12/2022,05:44:21,31/12/2022 05:44,31/12/2022 02:44,-67.803529,-67.544821
2167,KB_23_42768_43,Female,Killingbeck,2023,31/12/2022,05:46:20,31/12/2022 05:46,31/12/2022 02:46,-67.803176,-67.544661
2168,KB_23_42768_43,Female,Killingbeck,2023,31/12/2022,05:48:20,31/12/2022 05:48,31/12/2022 02:48,-67.803078,-67.544921
2169,KB_23_42768_43,Female,Killingbeck,2023,31/12/2022,05:50:20,31/12/2022 05:50,31/12/2022 02:50,-67.803204,-67.54484
2170,KB_23_42768_43,Female,Killingbeck,2023,31/12/2022,05:52:20,31/12/2022 05:52,31/12/2022 02:52,-67.803041,-67.544901
2171,KB_23_42768_43,Female,Killingbeck,2023,31/12/2022,05:54:18,31/12/2022 05:54,31/12/2022 02:54,-67.803065,-67.544899
2172,KB_23_42768_43,Female,Killingbeck,2023,31/12/2022,05:56:17,31/12/2022 05:56,31/12/2022 02:56,-67.803124,-67.544794
2173,KB_23_42768_43,Female,Killingbeck,2023,31/12/2022,05:58:17,31/12/2022 05:58,31/12/2022 02:58,-67.803064,-67.544765
2174,KB_23_42768_43,Female,Killingbeck,2023,31/12/2022,06:00:16,31/12/2022 06:00,31/12/2022 03:00,-67.80314,-67.544729
2175,KB_23_42768_43,Female,Killingbeck,2023,31/12/2022,06:02:15,31/12/2022 06:02,31/12/2022 03:02,-67.836382,-67.550996
2176,KB_23_42768_43,Female,Killingbeck,2023,31/12/2022,06:04:19,31/12/2022 06:04,31/12/2022 03:04,-67.859172,-67.553811
2177,KB_23_42768_43,Female,Killingbeck,2023,31/12/2022,06:06:57,31/12/2022 06:06,31/12/2022 03:06,-67.858385,-67.553635
2178,KB_23_42768_43,Female,Killingbeck,2023,31/12/2022,06:09:34,31/12/2022 06:09,31/12/2022 03:09,-67.860114,-67.553991
2179,KB_23_42768_43,Female,Killingbeck,2023,31/12/2022,06:11:49,31/12/2022 06:11,31/12/2022 03:11,0,0
2180,KB_23_42768_43,Female,Killingbeck,2023,31/12/2022,06:13:56,31/12/2022 06:13,31/12/2022 03:13,-67.861663,-67.553254
2181,KB_23_42768_43,Female,Killingbeck,2023,31/12/2022,06:15:56,31/12/2022 06:15,31/12/2022 03:15,-67.862145,-67.553002
2182,KB_23_42768_43,Female,Killingbeck,2023,31/12/2022,06:18:19,31/12/2022 06:18,31/12/2022 03:18,0,0
2183,KB_23_42768_43,Female,Killingbeck,2023,31/12/2022,06:20:38,31/12/2022 06:20,31/12/2022 03:20,-67.861348,-67.551713
2184,KB_23_42768_43,Female,Killingbeck,2023,31/12/2022,06:22:41,31/12/2022 06:22,31/12/2022 03:22,-67.860413,-67.552135
2185,KB_23_42768_43,Female,Killingbeck,2023,31/12/2022,06:24:40,31/12/2022 06:24,31/12/2022 03:24,-67.860718,-67.552314
2186,KB_23_42768_43,Female,Killingbeck,2023,31/12/2022,06:26:39,31/12/2022 06:26,31/12/2022 03:26,-67.861156,-67.552639
2187,KB_23_42768_43,Female,Killingbeck,2023,31/12/2022,06:28:38,31/12/2022 06:28,31/12/2022 03:28,-67.861911,-67.552997
2188,KB_23_42768_43,Female,Killingbeck,2023,31/12/2022,06:30:37,31/12/2022 06:30,31/12/2022 03:30,-67.862475,-67.553395
2189,KB_23_42768_43,Female,Killingbeck,2023,31/12/2022,06:32:36,31/12/2022 06:32,31/12/2022 03:32,-67.871671,-67.553163
2190,KB_23_42768_43,Female,Killingbeck,2023,31/12/2022,06:34:35,31/12/2022 06:34,31/12/2022 03:34,-67.924831,-67.559703
2191,KB_23_42768_43,Female,Killingbeck,2023,31/12/2022,06:36:34,31/12/2022 06:36,31/12/2022 03:36,-67.981147,-67.564047
2192,KB_23_42768_43,Female,Killingbeck,2023,31/12/2022,06:38:33,31/12/2022 06:38,31/12/2022 03:38,-68.036518,-67.569214
2193,KB_23_42768_43,Female,Killingbeck,2023,31/12/2022,06:40:34,31/12/2022 06:40,31/12/2022 03:40,-68.069248,-67.570738
2194,KB_23_42768_43,Female,Killingbeck,2023,31/12/2022,06:42:33,31/12/2022 06:42,31/12/2022 03:42,-68.069597,-67.570741
2195,KB_23_42768_43,Female,Killingbeck,2023,31/12/2022,06:44:31,31/12/2022 06:44,31/12/2022 03:44,-68.069336,-67.570666
2196,KB_23_42768_43,Female,Killingbeck,2023,31/12/2022,06:46:30,31/12/2022 06:46,31/12/2022 03:46,-68.069586,-67.57074
2197,KB_23_42768_43,Female,Killingbeck,2023,31/12/2022,06:48:30,31/12/2022 06:48,31/12/2022 03:48,-68.070532,-67.57079
2198,KB_23_42768_43,Female,Killingbeck,2023,31/12/2022,06:50:31,31/12/2022 06:50,31/12/2022 03:50,-68.070246,-67.570803
2199,KB_23_42768_43,Female,Killingbeck,2023,31/12/2022,06:52:18,31/12/2022 06:52,31/12/2022 03:52,-68.069777,-67.570721
2200,KB_23_42768_43,Female,Killingbeck,2023,31/12/2022,06:54:17,31/12/2022 06:54,31/12/2022 03:54,-68.070159,-67.5708
2201,KB_23_42768_43,Female,Killingbeck,2023,31/12/2022,06:56:25,31/12/2022 06:56,31/12/2022 03:56,-68.070059,-67.570792
2202,KB_23_42768_43,Female,Killingbeck,2023,31/12/2022,06:58:15,31/12/2022 06:58,31/12/2022 03:58,-68.069747,-67.570726
2203,KB_23_42768_43,Female,Killingbeck,2023,31/12/2022,07:00:17,31/12/2022 07:00,31/12/2022 04:00,-68.069379,-67.570755
2204,KB_23_42768_43,Female,Killingbeck,2023,31/12/2022,07:02:21,31/12/2022 07:02,31/12/2022 04:02,-68.069311,-67.570774
2205,KB_23_42768_43,Female,Killingbeck,2023,31/12/2022,07:04:16,31/12/2022 07:04,31/12/2022 04:04,-68.069242,-67.570751
2206,KB_23_42768_43,Female,Killingbeck,2023,31/12/2022,07:06:15,31/12/2022 07:06,31/12/2022 04:06,-68.069943,-67.570737
2207,KB_23_42768_43,Female,Killingbeck,2023,31/12/2022,07:08:14,31/12/2022 07:08,31/12/2022 04:08,-68.070017,-67.570785
2208,KB_23_42768_43,Female,Killingbeck,2023,31/12/2022,07:10:11,31/12/2022 07:10,31/12/2022 04:10,-68.069585,-67.570675
2209,KB_23_42768_43,Female,Killingbeck,2023,31/12/2022,07:12:09,31/12/2022 07:12,31/12/2022 04:12,-68.069601,-67.570693
2210,KB_23_42768_43,Female,Killingbeck,2023,31/12/2022,07:14:11,31/12/2022 07:14,31/12/2022 04:14,-68.070145,-67.570831
2211,KB_23_42768_43,Female,Killingbeck,2023,31/12/2022,07:16:17,31/12/2022 07:16,31/12/2022 04:16,-68.069407,-67.570671
2212,KB_23_42768_43,Female,Killingbeck,2023,31/12/2022,07:18:23,31/12/2022 07:18,31/12/2022 04:18,-68.071451,-67.570683
2213,KB_23_42768_43,Female,Killingbeck,2023,31/12/2022,07:20:15,31/12/2022 07:20,31/12/2022 04:20,-68.070053,-67.570769
2214,KB_23_42768_43,Female,Killingbeck,2023,31/12/2022,07:21:56,31/12/2022 07:21,31/12/2022 04:21,-68.069691,-67.570814
2215,KB_23_42768_43,Female,Killingbeck,2023,31/12/2022,07:23:54,31/12/2022 07:23,31/12/2022 04:23,-68.069598,-67.570666
2216,KB_23_42768_43,Female,Killingbeck,2023,31/12/2022,07:25:54,31/12/2022 07:25,31/12/2022 04:25,-68.069938,-67.570746
2217,KB_23_42768_43,Female,Killingbeck,2023,31/12/2022,07:27:53,31/12/2022 07:27,31/12/2022 04:27,-68.069742,-67.570714
2218,KB_23_42768_43,Female,Killingbeck,2023,31/12/2022,07:29:54,31/12/2022 07:29,31/12/2022 04:29,-68.070117,-67.570788
2219,KB_23_42768_43,Female,Killingbeck,2023,31/12/2022,07:31:53,31/12/2022 07:31,31/12/2022 04:31,-68.07033,-67.570812
2220,KB_23_42768_43,Female,Killingbeck,2023,31/12/2022,07:33:52,31/12/2022 07:33,31/12/2022 04:33,-68.069371,-67.570649
2221,KB_23_42768_43,Female,Killingbeck,2023,31/12/2022,07:36:04,31/12/2022 07:36,31/12/2022 04:36,-68.069298,-67.570736
2222,KB_23_42768_43,Female,Killingbeck,2023,31/12/2022,07:37:50,31/12/2022 07:37,31/12/2022 04:37,-68.069614,-67.570754
2223,KB_23_42768_43,Female,Killingbeck,2023,31/12/2022,07:39:58,31/12/2022 07:39,31/12/2022 04:39,-68.070007,-67.570732
2224,KB_23_42768_43,Female,Killingbeck,2023,31/12/2022,07:41:49,31/12/2022 07:41,31/12/2022 04:41,-68.069709,-67.570742
2225,KB_23_42768_43,Female,Killingbeck,2023,31/12/2022,07:43:55,31/12/2022 07:43,31/12/2022 04:43,-68.069188,-67.570782
2226,KB_23_42768_43,Female,Killingbeck,2023,31/12/2022,07:45:46,31/12/2022 07:45,31/12/2022 04:45,-68.069827,-67.570742
2227,KB_23_42768_43,Female,Killingbeck,2023,31/12/2022,07:47:56,31/12/2022 07:47,31/12/2022 04:47,-68.069421,-67.570744
2228,KB_23_42768_43,Female,Killingbeck,2023,31/12/2022,07:49:46,31/12/2022 07:49,31/12/2022 04:49,-68.069491,-67.570722
2229,KB_23_42768_43,Female,Killingbeck,2023,31/12/2022,07:51:34,31/12/2022 07:51,31/12/2022 04:51,-68.069586,-67.570947
2230,KB_23_42768_43,Female,Killingbeck,2023,31/12/2022,07:53:34,31/12/2022 07:53,31/12/2022 04:53,-68.06972,-67.570595
2231,KB_23_42768_43,Female,Killingbeck,2023,31/12/2022,07:55:46,31/12/2022 07:55,31/12/2022 04:55,-68.069689,-67.570514
2232,KB_23_42768_43,Female,Killingbeck,2023,31/12/2022,07:57:34,31/12/2022 07:57,31/12/2022 04:57,-68.069327,-67.570456
2233,KB_23_42768_43,Female,Killingbeck,2023,31/12/2022,07:59:39,31/12/2022 07:59,31/12/2022 04:59,-68.069589,-67.570705
2234,KB_23_42768_43,Female,Killingbeck,2023,31/12/2022,08:01:37,31/12/2022 08:01,31/12/2022 05:01,-68.069599,-67.570758
2235,KB_23_42768_43,Female,Killingbeck,2023,31/12/2022,08:03:34,31/12/2022 08:03,31/12/2022 05:03,-68.069485,-67.570522
2236,KB_23_42768_43,Female,Killingbeck,2023,31/12/2022,08:05:29,31/12/2022 08:05,31/12/2022 05:05,-68.069863,-67.5706
2237,KB_23_42768_43,Female,Killingbeck,2023,31/12/2022,08:07:35,31/12/2022 08:07,31/12/2022 05:07,-68.071663,-67.570067
2238,KB_23_42768_43,Female,Killingbeck,2023,31/12/2022,08:09:40,31/12/2022 08:09,31/12/2022 05:09,-68.071564,-67.570025
2239,KB_23_42768_43,Female,Killingbeck,2023,31/12/2022,08:11:30,31/12/2022 08:11,31/12/2022 05:11,-68.069531,-67.570688
2240,KB_23_42768_43,Female,Killingbeck,2023,31/12/2022,08:13:27,31/12/2022 08:13,31/12/2022 05:13,-68.069723,-67.570584
2241,KB_23_42768_43,Female,Killingbeck,2023,31/12/2022,08:15:28,31/12/2022 08:15,31/12/2022 05:15,-68.069611,-67.570702
2242,KB_23_42768_43,Female,Killingbeck,2023,31/12/2022,08:17:27,31/12/2022 08:17,31/12/2022 05:17,-68.069439,-67.570332
2243,KB_23_42768_43,Female,Killingbeck,2023,31/12/2022,08:19:27,31/12/2022 08:19,31/12/2022 05:19,-68.069588,-67.570717
2244,KB_23_42768_43,Female,Killingbeck,2023,31/12/2022,08:21:48,31/12/2022 08:21,31/12/2022 05:21,-68.069708,-67.570627
2245,KB_23_42768_43,Female,Killingbeck,2023,31/12/2022,08:23:55,31/12/2022 08:23,31/12/2022 05:23,-68.069371,-67.570713
2246,KB_23_42768_43,Female,Killingbeck,2023,31/12/2022,08:25:55,31/12/2022 08:25,31/12/2022 05:25,-68.069357,-67.570713
2247,KB_23_42768_43,Female,Killingbeck,2023,31/12/2022,08:27:57,31/12/2022 08:27,31/12/2022 05:27,-68.069423,-67.570758
2248,KB_23_42768_43,Female,Killingbeck,2023,31/12/2022,08:29:49,31/12/2022 08:29,31/12/2022 05:29,-68.069397,-67.57068
2249,KB_23_42768_43,Female,Killingbeck,2023,31/12/2022,08:31:54,31/12/2022 08:31,31/12/2022 05:31,-68.069446,-67.570691
2250,KB_23_42768_43,Female,Killingbeck,2023,31/12/2022,08:33:48,31/12/2022 08:33,31/12/2022 05:33,-68.069349,-67.570744
2251,KB_23_42768_43,Female,Killingbeck,2023,31/12/2022,08:35:47,31/12/2022 08:35,31/12/2022 05:35,-68.069402,-67.57075
2252,KB_23_42768_43,Female,Killingbeck,2023,31/12/2022,08:37:46,31/12/2022 08:37,31/12/2022 05:37,-68.069342,-67.570795
2253,KB_23_42768_43,Female,Killingbeck,2023,31/12/2022,08:39:45,31/12/2022 08:39,31/12/2022 05:39,-68.069484,-67.570718
2254,KB_23_42768_43,Female,Killingbeck,2023,31/12/2022,08:41:44,31/12/2022 08:41,31/12/2022 05:41,-68.069537,-67.569921
2255,KB_23_42768_43,Female,Killingbeck,2023,31/12/2022,08:43:41,31/12/2022 08:43,31/12/2022 05:43,-68.069459,-67.570758
2256,KB_23_42768_43,Female,Killingbeck,2023,31/12/2022,08:45:40,31/12/2022 08:45,31/12/2022 05:45,-68.069464,-67.570683
2257,KB_23_42768_43,Female,Killingbeck,2023,31/12/2022,08:47:41,31/12/2022 08:47,31/12/2022 05:47,-68.069516,-67.569822
2258,KB_23_42768_43,Female,Killingbeck,2023,31/12/2022,08:49:39,31/12/2022 08:49,31/12/2022 05:49,-68.069356,-67.570692
2259,KB_23_42768_43,Female,Killingbeck,2023,31/12/2022,08:51:29,31/12/2022 08:51,31/12/2022 05:51,-68.06951,-67.570002
2260,KB_23_42768_43,Female,Killingbeck,2023,31/12/2022,08:53:26,31/12/2022 08:53,31/12/2022 05:53,-68.069402,-67.570641
2261,KB_23_42768_43,Female,Killingbeck,2023,31/12/2022,08:55:25,31/12/2022 08:55,31/12/2022 05:55,-68.069424,-67.570568
2262,KB_23_42768_43,Female,Killingbeck,2023,31/12/2022,08:57:26,31/12/2022 08:57,31/12/2022 05:57,-68.069424,-67.570751
2263,KB_23_42768_43,Female,Killingbeck,2023,31/12/2022,08:59:25,31/12/2022 08:59,31/12/2022 05:59,-68.069445,-67.570621
2264,KB_23_42768_43,Female,Killingbeck,2023,31/12/2022,09:01:22,31/12/2022 09:01,31/12/2022 06:01,-68.069273,-67.570584
2265,KB_23_42768_43,Female,Killingbeck,2023,31/12/2022,09:03:26,31/12/2022 09:03,31/12/2022 06:03,-68.069353,-67.570579
2266,KB_23_42768_43,Female,Killingbeck,2023,31/12/2022,09:05:20,31/12/2022 09:05,31/12/2022 06:05,-68.069502,-67.570589
2267,KB_23_42768_43,Female,Killingbeck,2023,31/12/2022,09:07:20,31/12/2022 09:07,31/12/2022 06:07,-68.069498,-67.570631
2268,KB_23_42768_43,Female,Killingbeck,2023,31/12/2022,09:09:18,31/12/2022 09:09,31/12/2022 06:09,-68.069376,-67.570629
2269,KB_23_42768_43,Female,Killingbeck,2023,31/12/2022,09:11:18,31/12/2022 09:11,31/12/2022 06:11,-68.069487,-67.57086
2270,KB_23_42768_43,Female,Killingbeck,2023,31/12/2022,09:13:24,31/12/2022 09:13,31/12/2022 06:13,-68.069483,-67.570856
2271,KB_23_42768_43,Female,Killingbeck,2023,31/12/2022,09:15:19,31/12/2022 09:15,31/12/2022 06:15,-68.069073,-67.569896
2272,KB_23_42768_43,Female,Killingbeck,2023,31/12/2022,09:17:19,31/12/2022 09:17,31/12/2022 06:17,-68.069348,-67.570603
2273,KB_23_42768_43,Female,Killingbeck,2023,31/12/2022,09:19:16,31/12/2022 09:19,31/12/2022 06:19,-68.069377,-67.570577
2274,KB_23_42768_43,Female,Killingbeck,2023,31/12/2022,09:21:06,31/12/2022 09:21,31/12/2022 06:21,-68.0686,-67.569132
2275,KB_23_42768_43,Female,Killingbeck,2023,31/12/2022,09:23:11,31/12/2022 09:23,31/12/2022 06:23,-68.067824,-67.567896
2276,KB_23_42768_43,Female,Killingbeck,2023,31/12/2022,09:25:03,31/12/2022 09:25,31/12/2022 06:25,-68.069417,-67.570645
2277,KB_23_42768_43,Female,Killingbeck,2023,31/12/2022,09:27:01,31/12/2022 09:27,31/12/2022 06:27,-68.069502,-67.570792
2278,KB_23_42768_43,Female,Killingbeck,2023,31/12/2022,09:29:01,31/12/2022 09:29,31/12/2022 06:29,-68.069399,-67.57055
2279,KB_23_42768_43,Female,Killingbeck,2023,31/12/2022,09:31:13,31/12/2022 09:31,31/12/2022 06:31,-68.066355,-67.57023
2280,KB_23_42768_43,Female,Killingbeck,2023,31/12/2022,09:33:14,31/12/2022 09:33,31/12/2022 06:33,-68.066206,-67.570132
2281,KB_23_42768_43,Female,Killingbeck,2023,31/12/2022,09:35:13,31/12/2022 09:35,31/12/2022 06:35,-68.066167,-67.569949
2282,KB_23_42768_43,Female,Killingbeck,2023,31/12/2022,09:37:15,31/12/2022 09:37,31/12/2022 06:37,-68.067486,-67.569534
2283,KB_23_42768_43,Female,Killingbeck,2023,31/12/2022,09:39:14,31/12/2022 09:39,31/12/2022 06:39,-68.067748,-67.569538
2284,KB_23_42768_43,Female,Killingbeck,2023,31/12/2022,09:41:13,31/12/2022 09:41,31/12/2022 06:41,-68.067547,-67.569635
2285,KB_23_42768_43,Female,Killingbeck,2023,31/12/2022,09:43:12,31/12/2022 09:43,31/12/2022 06:43,-68.061131,-67.56793
2286,KB_23_42768_43,Female,Killingbeck,2023,31/12/2022,09:45:11,31/12/2022 09:45,31/12/2022 06:45,-68.022899,-67.563604
2287,KB_23_42768_43,Female,Killingbeck,2023,31/12/2022,09:47:11,31/12/2022 09:47,31/12/2022 06:47,-67.978763,-67.56003
2288,KB_23_42768_43,Female,Killingbeck,2023,31/12/2022,09:49:10,31/12/2022 09:49,31/12/2022 06:49,-67.931952,-67.559405
2289,KB_23_42768_43,Female,Killingbeck,2023,31/12/2022,09:51:43,31/12/2022 09:51,31/12/2022 06:51,-67.872105,-67.556713
2290,KB_23_42768_43,Female,Killingbeck,2023,31/12/2022,09:53:41,31/12/2022 09:53,31/12/2022 06:53,-67.828485,-67.551951
2291,KB_23_42768_43,Female,Killingbeck,2023,31/12/2022,09:55:40,31/12/2022 09:55,31/12/2022 06:55,-67.80096,-67.546785
2292,KB_23_42768_43,Female,Killingbeck,2023,31/12/2022,09:57:39,31/12/2022 09:57,31/12/2022 06:57,-67.800847,-67.546784
2293,KB_23_42768_43,Female,Killingbeck,2023,31/12/2022,09:59:38,31/12/2022 09:59,31/12/2022 06:59,-67.800778,-67.546853
2294,KB_23_42768_43,Female,Killingbeck,2023,31/12/2022,10:01:37,31/12/2022 10:01,31/12/2022 07:01,-67.797893,-67.547623
2295,KB_23_42768_43,Female,Killingbeck,2023,31/12/2022,10:04:52,31/12/2022 10:04,31/12/2022 07:04,-67.799725,-67.547144
2296,KB_23_42768_43,Female,Killingbeck,2023,31/12/2022,10:07:01,31/12/2022 10:07,31/12/2022 07:07,-67.800149,-67.547024
2297,KB_23_42768_43,Female,Killingbeck,2023,31/12/2022,10:08:59,31/12/2022 10:08,31/12/2022 07:08,-67.800844,-67.546324
2298,KB_23_42768_43,Female,Killingbeck,2023,31/12/2022,10:11:01,31/12/2022 10:11,31/12/2022 07:11,-67.800842,-67.546276
2299,KB_23_42768_43,Female,Killingbeck,2023,31/12/2022,10:12:57,31/12/2022 10:12,31/12/2022 07:12,-67.800917,-67.546304
2300,KB_23_42768_43,Female,Killingbeck,2023,31/12/2022,10:14:57,31/12/2022 10:14,31/12/2022 07:14,-67.800836,-67.546335
2301,KB_23_42768_43,Female,Killingbeck,2023,31/12/2022,10:16:56,31/12/2022 10:16,31/12/2022 07:16,-67.800706,-67.546202
2302,KB_23_42768_43,Female,Killingbeck,2023,31/12/2022,10:18:54,31/12/2022 10:18,31/12/2022 07:18,-67.800796,-67.546338
2303,KB_23_42768_43,Female,Killingbeck,2023,31/12/2022,10:20:53,31/12/2022 10:20,31/12/2022 07:20,-67.800788,-67.546299
2304,KB_23_42768_43,Female,Killingbeck,2023,31/12/2022,10:22:53,31/12/2022 10:22,31/12/2022 07:22,-67.800806,-67.5463
2305,KB_23_42768_43,Female,Killingbeck,2023,31/12/2022,10:24:52,31/12/2022 10:24,31/12/2022 07:24,-67.800885,-67.546512
2306,KB_23_42768_43,Female,Killingbeck,2023,31/12/2022,10:26:52,31/12/2022 10:26,31/12/2022 07:26,-67.800743,-67.546334
2307,KB_23_42768_43,Female,Killingbeck,2023,31/12/2022,10:28:50,31/12/2022 10:28,31/12/2022 07:28,-67.800863,-67.546355
2308,KB_23_42768_43,Female,Killingbeck,2023,31/12/2022,10:31:59,31/12/2022 10:31,31/12/2022 07:31,-67.799211,-67.54722
2309,KB_23_42768_43,Female,Killingbeck,2023,31/12/2022,10:34:56,31/12/2022 10:34,31/12/2022 07:34,-67.798821,-67.54756
2310,KB_23_42768_43,Female,Killingbeck,2023,31/12/2022,10:36:55,31/12/2022 10:36,31/12/2022 07:36,-67.799919,-67.547171
2311,KB_23_42768_43,Female,Killingbeck,2023,31/12/2022,10:39:25,31/12/2022 10:39,31/12/2022 07:39,-67.800815,-67.54734
2312,KB_23_42768_43,Female,Killingbeck,2023,31/12/2022,10:41:26,31/12/2022 10:41,31/12/2022 07:41,-67.800591,-67.547303
2313,KB_23_42768_43,Female,Killingbeck,2023,31/12/2022,10:43:28,31/12/2022 10:43,31/12/2022 07:43,-67.799762,-67.544565
2314,KB_23_42768_43,Female,Killingbeck,2023,31/12/2022,10:45:25,31/12/2022 10:45,31/12/2022 07:45,-67.800939,-67.546825
2315,KB_23_42768_43,Female,Killingbeck,2023,31/12/2022,10:47:24,31/12/2022 10:47,31/12/2022 07:47,-67.801031,-67.546727
2316,KB_23_42768_43,Female,Killingbeck,2023,31/12/2022,10:49:22,31/12/2022 10:49,31/12/2022 07:49,-67.800984,-67.546865
2317,KB_23_42768_43,Female,Killingbeck,2023,31/12/2022,10:51:22,31/12/2022 10:51,31/12/2022 07:51,-67.800985,-67.546869
2318,KB_23_42768_43,Female,Killingbeck,2023,31/12/2022,10:53:20,31/12/2022 10:53,31/12/2022 07:53,-67.800961,-67.54673
2319,KB_23_42768_43,Female,Killingbeck,2023,31/12/2022,10:55:21,31/12/2022 10:55,31/12/2022 07:55,-67.800951,-67.546747
2320,KB_23_42768_43,Female,Killingbeck,2023,31/12/2022,10:57:20,31/12/2022 10:57,31/12/2022 07:57,-67.800695,-67.546792
2321,KB_23_42768_43,Female,Killingbeck,2023,31/12/2022,10:59:19,31/12/2022 10:59,31/12/2022 07:59,-67.801111,-67.546844
2322,KB_23_42768_43,Female,Killingbeck,2023,31/12/2022,11:01:18,31/12/2022 11:01,31/12/2022 08:01,-67.801024,-67.546711
2323,KB_23_42768_43,Female,Killingbeck,2023,31/12/2022,11:03:17,31/12/2022 11:03,31/12/2022 08:03,-67.801024,-67.546726
2324,KB_23_42768_43,Female,Killingbeck,2023,31/12/2022,11:05:16,31/12/2022 11:05,31/12/2022 08:05,-67.801065,-67.546822
2325,KB_23_42768_43,Female,Killingbeck,2023,31/12/2022,11:07:15,31/12/2022 11:07,31/12/2022 08:07,-67.80094,-67.546821
2326,KB_23_42768_43,Female,Killingbeck,2023,31/12/2022,11:09:15,31/12/2022 11:09,31/12/2022 08:09,-67.800818,-67.546747
2327,KB_23_42768_43,Female,Killingbeck,2023,31/12/2022,11:11:13,31/12/2022 11:11,31/12/2022 08:11,-67.800941,-67.546811
2328,KB_23_42768_43,Female,Killingbeck,2023,31/12/2022,11:13:12,31/12/2022 11:13,31/12/2022 08:13,-67.800978,-67.54672
2329,KB_23_42768_43,Female,Killingbeck,2023,31/12/2022,11:15:12,31/12/2022 11:15,31/12/2022 08:15,-67.797694,-67.54726
2330,KB_23_42768_43,Female,Killingbeck,2023,31/12/2022,11:17:11,31/12/2022 11:17,31/12/2022 08:17,-67.799019,-67.547227
2331,KB_23_42768_43,Female,Killingbeck,2023,31/12/2022,11:20:20,31/12/2022 11:20,31/12/2022 08:20,-67.800333,-67.547305
2332,KB_23_42768_43,Female,Killingbeck,2023,31/12/2022,11:22:16,31/12/2022 11:22,31/12/2022 08:22,-67.800272,-67.547224
2333,KB_23_42768_43,Female,Killingbeck,2023,31/12/2022,11:24:14,31/12/2022 11:24,31/12/2022 08:24,-67.800498,-67.547052
2334,KB_23_42768_43,Female,Killingbeck,2023,31/12/2022,11:26:14,31/12/2022 11:26,31/12/2022 08:26,-67.799175,-67.546627
2335,KB_23_42768_43,Female,Killingbeck,2023,31/12/2022,11:28:13,31/12/2022 11:28,31/12/2022 08:28,-67.796674,-67.54706
2336,KB_23_42768_43,Female,Killingbeck,2023,31/12/2022,11:30:27,31/12/2022 11:30,31/12/2022 08:30,-67.797021,-67.547363
2337,KB_23_42768_43,Female,Killingbeck,2023,31/12/2022,11:32:26,31/12/2022 11:32,31/12/2022 08:32,-67.797146,-67.547352
2338,KB_23_42768_43,Female,Killingbeck,2023,31/12/2022,11:34:25,31/12/2022 11:34,31/12/2022 08:34,-67.797402,-67.547377
2339,KB_23_42768_43,Female,Killingbeck,2023,31/12/2022,11:36:25,31/12/2022 11:36,31/12/2022 08:36,-67.797784,-67.547803
2340,KB_23_42768_43,Female,Killingbeck,2023,31/12/2022,11:38:24,31/12/2022 11:38,31/12/2022 08:38,-67.794316,-67.550232
2341,KB_23_42768_43,Female,Killingbeck,2023,31/12/2022,11:40:23,31/12/2022 11:40,31/12/2022 08:40,-67.794547,-67.550257
2342,KB_23_42768_43,Female,Killingbeck,2023,31/12/2022,11:42:22,31/12/2022 11:42,31/12/2022 08:42,-67.794443,-67.550224
2343,KB_23_42768_43,Female,Killingbeck,2023,31/12/2022,11:44:21,31/12/2022 11:44,31/12/2022 08:44,-67.794442,-67.550229
2344,KB_23_42768_43,Female,Killingbeck,2023,31/12/2022,11:46:20,31/12/2022 11:46,31/12/2022 08:46,-67.794372,-67.550215
2345,KB_23_42768_43,Female,Killingbeck,2023,31/12/2022,11:48:19,31/12/2022 11:48,31/12/2022 08:48,-67.794315,-67.550215
2346,KB_23_42768_43,Female,Killingbeck,2023,31/12/2022,11:50:18,31/12/2022 11:50,31/12/2022 08:50,-67.79424,-67.55022
2347,KB_23_42768_43,Female,Killingbeck,2023,31/12/2022,11:52:17,31/12/2022 11:52,31/12/2022 08:52,-67.799475,-67.549234
2348,KB_23_42768_43,Female,Killingbeck,2023,31/12/2022,11:55:19,31/12/2022 11:55,31/12/2022 08:55,-67.845935,-67.571813
2349,KB_23_42768_43,Female,Killingbeck,2023,31/12/2022,11:57:19,31/12/2022 11:57,31/12/2022 08:57,-67.904371,-67.571638
2350,KB_23_42768_43,Female,Killingbeck,2023,31/12/2022,11:59:18,31/12/2022 11:59,31/12/2022 08:59,-67.960485,-67.567753
2351,KB_23_42768_43,Female,Killingbeck,2023,31/12/2022,12:01:17,31/12/2022 12:01,31/12/2022 09:01,-68.021447,-67.570013
2352,KB_23_42768_43,Female,Killingbeck,2023,31/12/2022,12:03:17,31/12/2022 12:03,31/12/2022 09:03,-68.069698,-67.570563
2353,KB_23_42768_43,Female,Killingbeck,2023,31/12/2022,12:05:16,31/12/2022 12:05,31/12/2022 09:05,-68.069502,-67.570647
2354,KB_23_42768_43,Female,Killingbeck,2023,31/12/2022,12:07:15,31/12/2022 12:07,31/12/2022 09:07,-68.069667,-67.570562
2355,KB_23_42768_43,Female,Killingbeck,2023,31/12/2022,12:09:21,31/12/2022 12:09,31/12/2022 09:09,-68.069779,-67.57039
2356,KB_23_42768_43,Female,Killingbeck,2023,31/12/2022,12:11:12,31/12/2022 12:11,31/12/2022 09:11,-68.069646,-67.570572
2357,KB_23_42768_43,Female,Killingbeck,2023,31/12/2022,12:13:11,31/12/2022 12:13,31/12/2022 09:13,-68.069783,-67.570604
2358,KB_23_42768_43,Female,Killingbeck,2023,31/12/2022,12:15:11,31/12/2022 12:15,31/12/2022 09:15,-68.069718,-67.570626
2359,KB_23_42768_43,Female,Killingbeck,2023,31/12/2022,12:17:15,31/12/2022 12:17,31/12/2022 09:17,-68.070144,-67.570684
2360,KB_23_42768_43,Female,Killingbeck,2023,31/12/2022,12:19:10,31/12/2022 12:19,31/12/2022 09:19,-68.070298,-67.570702
2361,KB_23_42768_43,Female,Killingbeck,2023,31/12/2022,12:21:09,31/12/2022 12:21,31/12/2022 09:21,-68.069668,-67.570623
2362,KB_23_42768_43,Female,Killingbeck,2023,31/12/2022,12:23:07,31/12/2022 12:23,31/12/2022 09:23,-68.069557,-67.570582
2363,KB_23_42768_43,Female,Killingbeck,2023,31/12/2022,12:24:29,31/12/2022 12:24,31/12/2022 09:24,-68.069634,-67.570586
2364,KB_23_42768_43,Female,Killingbeck,2023,31/12/2022,12:26:28,31/12/2022 12:26,31/12/2022 09:26,-68.069355,-67.570585
2365,KB_23_42768_43,Female,Killingbeck,2023,31/12/2022,12:28:27,31/12/2022 12:28,31/12/2022 09:28,-68.069479,-67.570636
2366,KB_23_42768_43,Female,Killingbeck,2023,31/12/2022,12:30:27,31/12/2022 12:30,31/12/2022 09:30,-68.06962,-67.570591
2367,KB_23_42768_43,Female,Killingbeck,2023,31/12/2022,12:32:26,31/12/2022 12:32,31/12/2022 09:32,-68.06971,-67.570657
2368,KB_23_42768_43,Female,Killingbeck,2023,31/12/2022,12:34:24,31/12/2022 12:34,31/12/2022 09:34,-68.069583,-67.570643
2369,KB_23_42768_43,Female,Killingbeck,2023,31/12/2022,12:36:23,31/12/2022 12:36,31/12/2022 09:36,-68.069479,-67.570622
2370,KB_23_42768_43,Female,Killingbeck,2023,31/12/2022,12:38:22,31/12/2022 12:38,31/12/2022 09:38,-68.069642,-67.570658
2371,KB_23_42768_43,Female,Killingbeck,2023,31/12/2022,12:40:21,31/12/2022 12:40,31/12/2022 09:40,-68.069494,-67.570631
2372,KB_23_42768_43,Female,Killingbeck,2023,31/12/2022,12:42:23,31/12/2022 12:42,31/12/2022 09:42,-68.069636,-67.570521
2373,KB_23_42768_43,Female,Killingbeck,2023,31/12/2022,12:44:22,31/12/2022 12:44,31/12/2022 09:44,-68.069521,-67.570617
2374,KB_23_42768_43,Female,Killingbeck,2023,31/12/2022,12:46:28,31/12/2022 12:46,31/12/2022 09:46,-68.069394,-67.570578
2375,KB_23_42768_43,Female,Killingbeck,2023,31/12/2022,12:48:19,31/12/2022 12:48,31/12/2022 09:48,-68.06957,-67.570644
2376,KB_23_42768_43,Female,Killingbeck,2023,31/12/2022,12:50:17,31/12/2022 12:50,31/12/2022 09:50,-68.069496,-67.570683
2377,KB_23_42768_43,Female,Killingbeck,2023,31/12/2022,12:52:17,31/12/2022 12:52,31/12/2022 09:52,-68.069549,-67.570593
2378,KB_23_42768_43,Female,Killingbeck,2023,31/12/2022,12:54:05,31/12/2022 12:54,31/12/2022 09:54,-68.06956,-67.570579
2379,KB_23_42768_43,Female,Killingbeck,2023,31/12/2022,12:56:04,31/12/2022 12:56,31/12/2022 09:56,-68.069456,-67.570586
2380,KB_23_42768_43,Female,Killingbeck,2023,31/12/2022,12:58:05,31/12/2022 12:58,31/12/2022 09:58,-68.069399,-67.570448
2381,KB_23_42768_43,Female,Killingbeck,2023,31/12/2022,13:00:05,31/12/2022 13:00,31/12/2022 10:00,-68.069015,-67.570404
2382,KB_23_42768_43,Female,Killingbeck,2023,31/12/2022,13:02:01,31/12/2022 13:02,31/12/2022 10:02,-68.06936,-67.570543
2383,KB_23_42768_43,Female,Killingbeck,2023,31/12/2022,13:04:02,31/12/2022 13:04,31/12/2022 10:04,-68.069688,-67.57069
2384,KB_23_42768_43,Female,Killingbeck,2023,31/12/2022,13:05:59,31/12/2022 13:05,31/12/2022 10:05,-68.069665,-67.570555
2385,KB_23_42768_43,Female,Killingbeck,2023,31/12/2022,13:07:57,31/12/2022 13:07,31/12/2022 10:07,-68.069655,-67.570685
2386,KB_23_42768_43,Female,Killingbeck,2023,31/12/2022,13:09:57,31/12/2022 13:09,31/12/2022 10:09,-68.069545,-67.570626
2387,KB_23_42768_43,Female,Killingbeck,2023,31/12/2022,13:11:56,31/12/2022 13:11,31/12/2022 10:11,-68.069542,-67.570612
2388,KB_23_42768_43,Female,Killingbeck,2023,31/12/2022,13:13:54,31/12/2022 13:13,31/12/2022 10:13,-68.069339,-67.570543
2389,KB_23_42768_43,Female,Killingbeck,2023,31/12/2022,13:15:54,31/12/2022 13:15,31/12/2022 10:15,-68.069625,-67.570677
2390,KB_23_42768_43,Female,Killingbeck,2023,31/12/2022,13:17:53,31/12/2022 13:17,31/12/2022 10:17,-68.069571,-67.570534
2391,KB_23_42768_43,Female,Killingbeck,2023,31/12/2022,13:19:56,31/12/2022 13:19,31/12/2022 10:19,-68.069159,-67.570395
2392,KB_23_42768_43,Female,Killingbeck,2023,31/12/2022,13:21:54,31/12/2022 13:21,31/12/2022 10:21,-68.069409,-67.570524
2393,KB_23_42768_43,Female,Killingbeck,2023,31/12/2022,13:23:40,31/12/2022 13:23,31/12/2022 10:23,-68.069562,-67.570618
2394,KB_23_42768_43,Female,Killingbeck,2023,31/12/2022,13:25:38,31/12/2022 13:25,31/12/2022 10:25,-68.06957,-67.570656
2395,KB_23_42768_43,Female,Killingbeck,2023,31/12/2022,13:27:45,31/12/2022 13:27,31/12/2022 10:27,-68.069507,-67.570766
2396,KB_23_42768_43,Female,Killingbeck,2023,31/12/2022,13:29:40,31/12/2022 13:29,31/12/2022 10:29,-68.069373,-67.570693
2397,KB_23_42768_43,Female,Killingbeck,2023,31/12/2022,13:31:39,31/12/2022 13:31,31/12/2022 10:31,-68.0694,-67.570714
2398,KB_23_42768_43,Female,Killingbeck,2023,31/12/2022,13:33:36,31/12/2022 13:33,31/12/2022 10:33,-68.069543,-67.570817
2399,KB_23_42768_43,Female,Killingbeck,2023,31/12/2022,13:35:37,31/12/2022 13:35,31/12/2022 10:35,-68.069476,-67.570679
2400,KB_23_42768_43,Female,Killingbeck,2023,31/12/2022,13:37:34,31/12/2022 13:37,31/12/2022 10:37,-68.069522,-67.570757
2401,KB_23_42768_43,Female,Killingbeck,2023,31/12/2022,13:39:35,31/12/2022 13:39,31/12/2022 10:39,-68.069446,-67.570809
2402,KB_23_42768_43,Female,Killingbeck,2023,31/12/2022,13:41:39,31/12/2022 13:41,31/12/2022 10:41,-68.069343,-67.571145
2403,KB_23_42768_43,Female,Killingbeck,2023,31/12/2022,13:43:32,31/12/2022 13:43,31/12/2022 10:43,-68.069533,-67.570899
2404,KB_23_42768_43,Female,Killingbeck,2023,31/12/2022,13:45:33,31/12/2022 13:45,31/12/2022 10:45,-68.069671,-67.57085
2405,KB_23_42768_43,Female,Killingbeck,2023,31/12/2022,13:47:33,31/12/2022 13:47,31/12/2022 10:47,-68.069498,-67.570881
2406,KB_23_42768_43,Female,Killingbeck,2023,31/12/2022,13:49:31,31/12/2022 13:49,31/12/2022 10:49,-68.069432,-67.570713
2407,KB_23_42768_43,Female,Killingbeck,2023,31/12/2022,13:51:31,31/12/2022 13:51,31/12/2022 10:51,-68.069506,-67.570757
2408,KB_23_42768_43,Female,Killingbeck,2023,31/12/2022,13:53:17,31/12/2022 13:53,31/12/2022 10:53,-68.069431,-67.570579
2409,KB_23_42768_43,Female,Killingbeck,2023,31/12/2022,13:55:18,31/12/2022 13:55,31/12/2022 10:55,-68.069586,-67.570805
2410,KB_23_42768_43,Female,Killingbeck,2023,31/12/2022,13:57:15,31/12/2022 13:57,31/12/2022 10:57,-68.069475,-67.570686
2411,KB_23_42768_43,Female,Killingbeck,2023,31/12/2022,13:59:14,31/12/2022 13:59,31/12/2022 10:59,-68.069558,-67.570719
2412,KB_23_42768_43,Female,Killingbeck,2023,31/12/2022,14:01:12,31/12/2022 14:01,31/12/2022 11:01,-68.069408,-67.570777
2413,KB_23_42768_43,Female,Killingbeck,2023,31/12/2022,14:03:14,31/12/2022 14:03,31/12/2022 11:03,-68.0693,-67.570524
2414,KB_23_42768_43,Female,Killingbeck,2023,31/12/2022,14:05:11,31/12/2022 14:05,31/12/2022 11:05,-68.069462,-67.570785
2415,KB_23_42768_43,Female,Killingbeck,2023,31/12/2022,14:07:10,31/12/2022 14:07,31/12/2022 11:07,-68.069527,-67.570642
2416,KB_23_42768_43,Female,Killingbeck,2023,31/12/2022,14:09:09,31/12/2022 14:09,31/12/2022 11:09,-68.069606,-67.570593
2417,KB_23_42768_43,Female,Killingbeck,2023,31/12/2022,14:11:07,31/12/2022 14:11,31/12/2022 11:11,-68.069595,-67.57069
2418,KB_23_42768_43,Female,Killingbeck,2023,31/12/2022,14:13:06,31/12/2022 14:13,31/12/2022 11:13,-68.069583,-67.570716
2419,KB_23_42768_43,Female,Killingbeck,2023,31/12/2022,14:15:05,31/12/2022 14:15,31/12/2022 11:15,-68.069684,-67.570708
2420,KB_23_42768_43,Female,Killingbeck,2023,31/12/2022,14:17:05,31/12/2022 14:17,31/12/2022 11:17,-68.069452,-67.570714
2421,KB_23_42768_43,Female,Killingbeck,2023,31/12/2022,14:19:04,31/12/2022 14:19,31/12/2022 11:19,-68.069723,-67.570737
2422,KB_23_42768_43,Female,Killingbeck,2023,31/12/2022,14:21:03,31/12/2022 14:21,31/12/2022 11:21,-68.069608,-67.570731
2423,KB_23_42768_43,Female,Killingbeck,2023,31/12/2022,14:22:59,31/12/2022 14:22,31/12/2022 11:22,-68.069781,-67.570696
2424,KB_23_42768_43,Female,Killingbeck,2023,31/12/2022,14:24:58,31/12/2022 14:24,31/12/2022 11:24,-68.069799,-67.570796
2425,KB_23_42768_43,Female,Killingbeck,2023,31/12/2022,14:27:06,31/12/2022 14:27,31/12/2022 11:27,-68.069337,-67.570591
2426,KB_23_42768_43,Female,Killingbeck,2023,31/12/2022,14:28:58,31/12/2022 14:28,31/12/2022 11:28,-68.069848,-67.570702
2427,KB_23_42768_43,Female,Killingbeck,2023,31/12/2022,14:30:57,31/12/2022 14:30,31/12/2022 11:30,-68.069697,-67.570715
2428,KB_23_42768_43,Female,Killingbeck,2023,31/12/2022,14:32:58,31/12/2022 14:32,31/12/2022 11:32,-68.069639,-67.570651
2429,KB_23_42768_43,Female,Killingbeck,2023,31/12/2022,14:34:55,31/12/2022 14:34,31/12/2022 11:34,-68.069574,-67.570683
2430,KB_23_42768_43,Female,Killingbeck,2023,31/12/2022,14:36:57,31/12/2022 14:36,31/12/2022 11:36,-68.069698,-67.570538
2431,KB_23_42768_43,Female,Killingbeck,2023,31/12/2022,14:38:53,31/12/2022 14:38,31/12/2022 11:38,-68.069772,-67.570631
2432,KB_23_42768_43,Female,Killingbeck,2023,31/12/2022,14:40:51,31/12/2022 14:40,31/12/2022 11:40,-68.069546,-67.570694
2433,KB_23_42768_43,Female,Killingbeck,2023,31/12/2022,14:42:51,31/12/2022 14:42,31/12/2022 11:42,-68.069724,-67.570702
2434,KB_23_42768_43,Female,Killingbeck,2023,31/12/2022,14:44:49,31/12/2022 14:44,31/12/2022 11:44,-68.069721,-67.570694
2435,KB_23_42768_43,Female,Killingbeck,2023,31/12/2022,14:46:50,31/12/2022 14:46,31/12/2022 11:46,-68.069612,-67.570711
2436,KB_23_42768_43,Female,Killingbeck,2023,31/12/2022,14:48:49,31/12/2022 14:48,31/12/2022 11:48,-68.069588,-67.570701
2437,KB_23_42768_43,Female,Killingbeck,2023,31/12/2022,14:50:47,31/12/2022 14:50,31/12/2022 11:50,-68.069556,-67.570746
2438,KB_23_42768_43,Female,Killingbeck,2023,31/12/2022,14:52:46,31/12/2022 14:52,31/12/2022 11:52,-68.069839,-67.570672
2439,KB_23_42768_43,Female,Killingbeck,2023,31/12/2022,14:54:45,31/12/2022 14:54,31/12/2022 11:54,-68.069548,-67.570694
2440,KB_23_42768_43,Female,Killingbeck,2023,31/12/2022,14:56:44,31/12/2022 14:56,31/12/2022 11:56,-68.0695,-67.570666
2441,KB_23_42768_43,Female,Killingbeck,2023,31/12/2022,14:58:43,31/12/2022 14:58,31/12/2022 11:58,-68.069685,-67.57077
2442,KB_23_42768_43,Female,Killingbeck,2023,31/12/2022,15:00:42,31/12/2022 15:00,31/12/2022 12:00,-68.069777,-67.570727
2443,KB_23_42768_43,Female,Killingbeck,2023,31/12/2022,15:02:41,31/12/2022 15:02,31/12/2022 12:02,-68.069438,-67.570732
2444,KB_23_42768_43,Female,Killingbeck,2023,31/12/2022,15:04:40,31/12/2022 15:04,31/12/2022 12:04,-68.06961,-67.570741
2445,KB_23_42768_43,Female,Killingbeck,2023,31/12/2022,15:06:39,31/12/2022 15:06,31/12/2022 12:06,-68.069506,-67.570709
2446,KB_23_42768_43,Female,Killingbeck,2023,31/12/2022,15:08:38,31/12/2022 15:08,31/12/2022 12:08,-68.069734,-67.570685
2447,KB_23_42768_43,Female,Killingbeck,2023,31/12/2022,15:10:37,31/12/2022 15:10,31/12/2022 12:10,-68.069733,-67.570701
2448,KB_23_42768_43,Female,Killingbeck,2023,31/12/2022,15:12:36,31/12/2022 15:12,31/12/2022 12:12,-68.069842,-67.57074
2449,KB_23_42768_43,Female,Killingbeck,2023,31/12/2022,15:14:36,31/12/2022 15:14,31/12/2022 12:14,-68.069795,-67.570737
2450,KB_23_42768_43,Female,Killingbeck,2023,31/12/2022,15:16:35,31/12/2022 15:16,31/12/2022 12:16,-68.069733,-67.570735
2451,KB_23_42768_43,Female,Killingbeck,2023,31/12/2022,15:18:34,31/12/2022 15:18,31/12/2022 12:18,-68.069724,-67.570797
2452,KB_23_42768_43,Female,Killingbeck,2023,31/12/2022,15:20:34,31/12/2022 15:20,31/12/2022 12:20,-68.069861,-67.570706
2453,KB_23_42768_43,Female,Killingbeck,2023,31/12/2022,15:22:32,31/12/2022 15:22,31/12/2022 12:22,-68.069818,-67.570765
2454,KB_23_42768_43,Female,Killingbeck,2023,31/12/2022,15:24:31,31/12/2022 15:24,31/12/2022 12:24,-68.069857,-67.570773
2455,KB_23_42768_43,Female,Killingbeck,2023,31/12/2022,15:26:30,31/12/2022 15:26,31/12/2022 12:26,-68.069934,-67.570797
2456,KB_23_42768_43,Female,Killingbeck,2023,31/12/2022,15:28:29,31/12/2022 15:28,31/12/2022 12:28,-68.069806,-67.570761
2457,KB_23_42768_43,Female,Killingbeck,2023,31/12/2022,15:30:28,31/12/2022 15:30,31/12/2022 12:30,-68.069724,-67.570687
2458,KB_23_42768_43,Female,Killingbeck,2023,31/12/2022,15:32:27,31/12/2022 15:32,31/12/2022 12:32,-68.069598,-67.570694
2459,KB_23_42768_43,Female,Killingbeck,2023,31/12/2022,15:34:26,31/12/2022 15:34,31/12/2022 12:34,-68.069875,-67.570732
2460,KB_23_42768_43,Female,Killingbeck,2023,31/12/2022,15:36:25,31/12/2022 15:36,31/12/2022 12:36,-68.06996,-67.570713
2461,KB_23_42768_43,Female,Killingbeck,2023,31/12/2022,15:38:24,31/12/2022 15:38,31/12/2022 12:38,-68.069909,-67.570772
2462,KB_23_42768_43,Female,Killingbeck,2023,31/12/2022,15:40:23,31/12/2022 15:40,31/12/2022 12:40,-68.069628,-67.570729
2463,KB_23_42768_43,Female,Killingbeck,2023,31/12/2022,15:42:22,31/12/2022 15:42,31/12/2022 12:42,-68.069784,-67.570681
2464,KB_23_42768_43,Female,Killingbeck,2023,31/12/2022,15:44:25,31/12/2022 15:44,31/12/2022 12:44,-68.069404,-67.57076
2465,KB_23_42768_43,Female,Killingbeck,2023,31/12/2022,15:46:21,31/12/2022 15:46,31/12/2022 12:46,-68.069638,-67.570792
2466,KB_23_42768_43,Female,Killingbeck,2023,31/12/2022,15:48:20,31/12/2022 15:48,31/12/2022 12:48,-68.069952,-67.570844
2467,KB_23_42768_43,Female,Killingbeck,2023,31/12/2022,15:50:20,31/12/2022 15:50,31/12/2022 12:50,-68.069383,-67.570795
2468,KB_23_42768_43,Female,Killingbeck,2023,31/12/2022,15:52:18,31/12/2022 15:52,31/12/2022 12:52,-68.069905,-67.570743
2469,KB_23_42768_43,Female,Killingbeck,2023,31/12/2022,15:54:17,31/12/2022 15:54,31/12/2022 12:54,-68.069774,-67.570731
2470,KB_23_42768_43,Female,Killingbeck,2023,31/12/2022,15:56:16,31/12/2022 15:56,31/12/2022 12:56,-68.069625,-67.570675
2471,KB_23_42768_43,Female,Killingbeck,2023,31/12/2022,15:58:15,31/12/2022 15:58,31/12/2022 12:58,-68.069618,-67.570693
2472,KB_23_42768_43,Female,Killingbeck,2023,31/12/2022,16:00:14,31/12/2022 16:00,31/12/2022 13:00,-68.06977,-67.570744
2473,KB_23_42768_43,Female,Killingbeck,2023,31/12/2022,16:02:13,31/12/2022 16:02,31/12/2022 13:02,-68.069474,-67.570648
2474,KB_23_42768_43,Female,Killingbeck,2023,31/12/2022,16:04:12,31/12/2022 16:04,31/12/2022 13:04,-68.069567,-67.570716
2475,KB_23_42768_43,Female,Killingbeck,2023,31/12/2022,16:06:11,31/12/2022 16:06,31/12/2022 13:06,-68.069685,-67.570747
2476,KB_23_42768_43,Female,Killingbeck,2023,31/12/2022,16:08:10,31/12/2022 16:08,31/12/2022 13:08,-68.069721,-67.570707
2477,KB_23_42768_43,Female,Killingbeck,2023,31/12/2022,16:10:10,31/12/2022 16:10,31/12/2022 13:10,-68.069623,-67.570671
2478,KB_23_42768_43,Female,Killingbeck,2023,31/12/2022,16:12:08,31/12/2022 16:12,31/12/2022 13:12,-68.069627,-67.570657
2479,KB_23_42768_43,Female,Killingbeck,2023,31/12/2022,16:14:08,31/12/2022 16:14,31/12/2022 13:14,-68.06972,-67.570714
2480,KB_23_42768_43,Female,Killingbeck,2023,31/12/2022,16:16:07,31/12/2022 16:16,31/12/2022 13:16,-68.069654,-67.570703
2481,KB_23_42768_43,Female,Killingbeck,2023,31/12/2022,16:18:06,31/12/2022 16:18,31/12/2022 13:18,-68.069552,-67.570737
2482,KB_23_42768_43,Female,Killingbeck,2023,31/12/2022,16:20:06,31/12/2022 16:20,31/12/2022 13:20,-68.069491,-67.570776
2483,KB_23_42768_43,Female,Killingbeck,2023,31/12/2022,16:22:04,31/12/2022 16:22,31/12/2022 13:22,-68.069599,-67.570668
2484,KB_23_42768_43,Female,Killingbeck,2023,31/12/2022,16:24:06,31/12/2022 16:24,31/12/2022 13:24,-68.069427,-67.57075
2485,KB_23_42768_43,Female,Killingbeck,2023,31/12/2022,16:26:02,31/12/2022 16:26,31/12/2022 13:26,-68.069515,-67.570705
2486,KB_23_42768_43,Female,Killingbeck,2023,31/12/2022,16:28:04,31/12/2022 16:28,31/12/2022 13:28,-68.069528,-67.57075
2487,KB_23_42768_43,Female,Killingbeck,2023,31/12/2022,16:30:01,31/12/2022 16:30,31/12/2022 13:30,-68.069791,-67.570694
2488,KB_23_42768_43,Female,Killingbeck,2023,31/12/2022,16:32:10,31/12/2022 16:32,31/12/2022 13:32,-68.069432,-67.57075
2489,KB_23_42768_43,Female,Killingbeck,2023,31/12/2022,16:34:08,31/12/2022 16:34,31/12/2022 13:34,-68.069605,-67.570757
2490,KB_23_42768_43,Female,Killingbeck,2023,31/12/2022,16:36:08,31/12/2022 16:36,31/12/2022 13:36,-68.069508,-67.570735
2491,KB_23_42768_43,Female,Killingbeck,2023,31/12/2022,16:38:12,31/12/2022 16:38,31/12/2022 13:38,-68.069341,-67.570826
2492,KB_23_42768_43,Female,Killingbeck,2023,31/12/2022,16:40:02,31/12/2022 16:40,31/12/2022 13:40,-68.069594,-67.570804
2493,KB_23_42768_43,Female,Killingbeck,2023,31/12/2022,16:41:59,31/12/2022 16:41,31/12/2022 13:41,-68.069596,-67.570745
2494,KB_23_42768_43,Female,Killingbeck,2023,31/12/2022,16:43:58,31/12/2022 16:43,31/12/2022 13:43,-68.0697,-67.570722
2495,KB_23_42768_43,Female,Killingbeck,2023,31/12/2022,16:45:56,31/12/2022 16:45,31/12/2022 13:45,-68.069799,-67.570787
2496,KB_23_42768_43,Female,Killingbeck,2023,31/12/2022,16:48:06,31/12/2022 16:48,31/12/2022 13:48,-68.06972,-67.570715
2497,KB_23_42768_43,Female,Killingbeck,2023,31/12/2022,16:49:59,31/12/2022 16:49,31/12/2022 13:49,-68.069578,-67.570777
2498,KB_23_42768_43,Female,Killingbeck,2023,31/12/2022,16:51:58,31/12/2022 16:51,31/12/2022 13:51,-68.069957,-67.570764
2499,KB_23_42768_43,Female,Killingbeck,2023,31/12/2022,16:53:57,31/12/2022 16:53,31/12/2022 13:53,-68.069895,-67.570737
2500,KB_23_42768_43,Female,Killingbeck,2023,31/12/2022,16:55:54,31/12/2022 16:55,31/12/2022 13:55,-68.069529,-67.570632
2501,KB_23_42768_43,Female,Killingbeck,2023,31/12/2022,16:57:53,31/12/2022 16:57,31/12/2022 13:57,-68.069634,-67.570763
2502,KB_23_42768_43,Female,Killingbeck,2023,31/12/2022,16:59:51,31/12/2022 16:59,31/12/2022 13:59,-68.069627,-67.570761
2503,KB_23_42768_43,Female,Killingbeck,2023,31/12/2022,17:01:50,31/12/2022 17:01,31/12/2022 14:01,-68.069645,-67.570728
2504,KB_23_42768_43,Female,Killingbeck,2023,31/12/2022,17:03:50,31/12/2022 17:03,31/12/2022 14:03,-68.07003,-67.570709
2505,KB_23_42768_43,Female,Killingbeck,2023,31/12/2022,17:05:49,31/12/2022 17:05,31/12/2022 14:05,-68.069571,-67.570699
2506,KB_23_42768_43,Female,Killingbeck,2023,31/12/2022,17:07:47,31/12/2022 17:07,31/12/2022 14:07,-68.069743,-67.570701
2507,KB_23_42768_43,Female,Killingbeck,2023,31/12/2022,17:09:47,31/12/2022 17:09,31/12/2022 14:09,-68.069731,-67.570754
2508,KB_23_42768_43,Female,Killingbeck,2023,31/12/2022,17:11:45,31/12/2022 17:11,31/12/2022 14:11,-68.06965,-67.570711
2509,KB_23_42768_43,Female,Killingbeck,2023,31/12/2022,17:13:45,31/12/2022 17:13,31/12/2022 14:13,-68.069624,-67.570782
2510,KB_23_42768_43,Female,Killingbeck,2023,31/12/2022,17:15:45,31/12/2022 17:15,31/12/2022 14:15,-68.069793,-67.570733
2511,KB_23_42768_43,Female,Killingbeck,2023,31/12/2022,17:17:43,31/12/2022 17:17,31/12/2022 14:17,-68.06967,-67.570634
2512,KB_23_42768_43,Female,Killingbeck,2023,31/12/2022,17:19:42,31/12/2022 17:19,31/12/2022 14:19,-68.069864,-67.570679
2513,KB_23_42768_43,Female,Killingbeck,2023,31/12/2022,17:21:42,31/12/2022 17:21,31/12/2022 14:21,-68.069804,-67.570683
2514,KB_23_42768_43,Female,Killingbeck,2023,31/12/2022,17:23:40,31/12/2022 17:23,31/12/2022 14:23,-68.069601,-67.570687
2515,KB_23_42768_43,Female,Killingbeck,2023,31/12/2022,17:25:39,31/12/2022 17:25,31/12/2022 14:25,-68.069879,-67.570724
2516,KB_23_42768_43,Female,Killingbeck,2023,31/12/2022,17:27:38,31/12/2022 17:27,31/12/2022 14:27,-68.069831,-67.570752
2517,KB_23_42768_43,Female,Killingbeck,2023,31/12/2022,17:29:37,31/12/2022 17:29,31/12/2022 14:29,-68.069889,-67.570731
2518,KB_23_42768_43,Female,Killingbeck,2023,31/12/2022,17:31:36,31/12/2022 17:31,31/12/2022 14:31,-68.070048,-67.570697
2519,KB_23_42768_43,Female,Killingbeck,2023,31/12/2022,17:33:35,31/12/2022 17:33,31/12/2022 14:33,-68.069815,-67.570716
2520,KB_23_42768_43,Female,Killingbeck,2023,31/12/2022,17:35:34,31/12/2022 17:35,31/12/2022 14:35,-68.069852,-67.570666
2521,KB_23_42768_43,Female,Killingbeck,2023,31/12/2022,17:37:33,31/12/2022 17:37,31/12/2022 14:37,-68.069904,-67.570718
2522,KB_23_42768_43,Female,Killingbeck,2023,31/12/2022,17:39:32,31/12/2022 17:39,31/12/2022 14:39,-68.069735,-67.570758
2523,KB_23_42768_43,Female,Killingbeck,2023,31/12/2022,17:41:31,31/12/2022 17:41,31/12/2022 14:41,-68.069889,-67.570703
2524,KB_23_42768_43,Female,Killingbeck,2023,31/12/2022,17:43:32,31/12/2022 17:43,31/12/2022 14:43,-68.069851,-67.570752
2525,KB_23_42768_43,Female,Killingbeck,2023,31/12/2022,17:45:30,31/12/2022 17:45,31/12/2022 14:45,-68.069799,-67.570718
2526,KB_23_42768_43,Female,Killingbeck,2023,31/12/2022,17:47:29,31/12/2022 17:47,31/12/2022 14:47,-68.069846,-67.570701
2527,KB_23_42768_43,Female,Killingbeck,2023,31/12/2022,17:49:28,31/12/2022 17:49,31/12/2022 14:49,-68.069945,-67.570729
2528,KB_23_42768_43,Female,Killingbeck,2023,31/12/2022,17:51:29,31/12/2022 17:51,31/12/2022 14:51,-68.069644,-67.570709
2529,KB_23_42768_43,Female,Killingbeck,2023,31/12/2022,17:53:29,31/12/2022 17:53,31/12/2022 14:53,-68.070027,-67.570691
2530,KB_23_42768_43,Female,Killingbeck,2023,31/12/2022,17:55:25,31/12/2022 17:55,31/12/2022 14:55,-68.069823,-67.570676
2531,KB_23_42768_43,Female,Killingbeck,2023,31/12/2022,17:57:24,31/12/2022 17:57,31/12/2022 14:57,-68.070008,-67.570694
2532,KB_23_42768_43,Female,Killingbeck,2023,31/12/2022,17:59:26,31/12/2022 17:59,31/12/2022 14:59,-68.069288,-67.570727
2533,KB_23_42768_43,Female,Killingbeck,2023,31/12/2022,18:01:22,31/12/2022 18:01,31/12/2022 15:01,-68.069812,-67.57068
2534,KB_23_42768_43,Female,Killingbeck,2023,31/12/2022,18:03:22,31/12/2022 18:03,31/12/2022 15:03,-68.069738,-67.57067
2535,KB_23_42768_43,Female,Killingbeck,2023,31/12/2022,18:05:21,31/12/2022 18:05,31/12/2022 15:05,-68.069788,-67.570673
2536,KB_23_42768_43,Female,Killingbeck,2023,31/12/2022,18:07:20,31/12/2022 18:07,31/12/2022 15:07,-68.069789,-67.57066
2537,KB_23_42768_43,Female,Killingbeck,2023,31/12/2022,18:09:19,31/12/2022 18:09,31/12/2022 15:09,-68.069512,-67.570611
2538,KB_23_42768_43,Female,Killingbeck,2023,31/12/2022,18:11:17,31/12/2022 18:11,31/12/2022 15:11,-68.069445,-67.5706
2539,KB_23_42768_43,Female,Killingbeck,2023,31/12/2022,18:13:16,31/12/2022 18:13,31/12/2022 15:13,-68.069589,-67.570656
2540,KB_23_42768_43,Female,Killingbeck,2023,31/12/2022,18:15:17,31/12/2022 18:15,31/12/2022 15:15,-68.069596,-67.570655
2541,KB_23_42768_43,Female,Killingbeck,2023,31/12/2022,18:17:15,31/12/2022 18:17,31/12/2022 15:17,-68.0696,-67.57066
2542,KB_23_42768_43,Female,Killingbeck,2023,31/12/2022,18:19:14,31/12/2022 18:19,31/12/2022 15:19,-68.069577,-67.570666
2543,KB_23_42768_43,Female,Killingbeck,2023,31/12/2022,18:21:13,31/12/2022 18:21,31/12/2022 15:21,-68.069549,-67.570687
2544,KB_23_42768_43,Female,Killingbeck,2023,31/12/2022,18:23:12,31/12/2022 18:23,31/12/2022 15:23,-68.06965,-67.570644
2545,KB_23_42768_43,Female,Killingbeck,2023,31/12/2022,18:25:12,31/12/2022 18:25,31/12/2022 15:25,-68.069394,-67.570603
2546,KB_23_42768_43,Female,Killingbeck,2023,31/12/2022,18:27:10,31/12/2022 18:27,31/12/2022 15:27,-68.069657,-67.570652
2547,KB_23_42768_43,Female,Killingbeck,2023,31/12/2022,18:29:09,31/12/2022 18:29,31/12/2022 15:29,-68.069747,-67.570675
2548,KB_23_42768_43,Female,Killingbeck,2023,31/12/2022,18:31:08,31/12/2022 18:31,31/12/2022 15:31,-68.069514,-67.570632
2549,KB_23_42768_43,Female,Killingbeck,2023,31/12/2022,18:33:07,31/12/2022 18:33,31/12/2022 15:33,-68.069572,-67.570658
2550,KB_23_42768_43,Female,Killingbeck,2023,31/12/2022,18:35:06,31/12/2022 18:35,31/12/2022 15:35,-68.069546,-67.570682
2551,KB_23_42768_43,Female,Killingbeck,2023,31/12/2022,18:37:05,31/12/2022 18:37,31/12/2022 15:37,-68.069399,-67.57067
2552,KB_23_42768_43,Female,Killingbeck,2023,31/12/2022,18:39:04,31/12/2022 18:39,31/12/2022 15:39,-68.069797,-67.57065
2553,KB_23_42768_43,Female,Killingbeck,2023,31/12/2022,18:41:03,31/12/2022 18:41,31/12/2022 15:41,-68.069958,-67.570736
2554,KB_23_42768_43,Female,Killingbeck,2023,31/12/2022,18:43:03,31/12/2022 18:43,31/12/2022 15:43,-68.069523,-67.570672
2555,KB_23_42768_43,Female,Killingbeck,2023,31/12/2022,18:45:02,31/12/2022 18:45,31/12/2022 15:45,-68.069515,-67.570672
2556,KB_23_42768_43,Female,Killingbeck,2023,31/12/2022,18:47:01,31/12/2022 18:47,31/12/2022 15:47,-68.069463,-67.570644
2557,KB_23_42768_43,Female,Killingbeck,2023,31/12/2022,18:49:00,31/12/2022 18:49,31/12/2022 15:49,-68.069494,-67.570647
2558,KB_23_42768_43,Female,Killingbeck,2023,31/12/2022,18:50:59,31/12/2022 18:50,31/12/2022 15:50,-68.069847,-67.570689
2559,KB_23_42768_43,Female,Killingbeck,2023,31/12/2022,18:53:01,31/12/2022 18:53,31/12/2022 15:53,-68.06968,-67.570664
2560,KB_23_42768_43,Female,Killingbeck,2023,31/12/2022,18:55:00,31/12/2022 18:55,31/12/2022 15:55,-68.069576,-67.570653
2561,KB_23_42768_43,Female,Killingbeck,2023,31/12/2022,18:56:56,31/12/2022 18:56,31/12/2022 15:56,-68.069674,-67.570656
2562,KB_23_42768_43,Female,Killingbeck,2023,31/12/2022,18:58:55,31/12/2022 18:58,31/12/2022 15:58,-68.069613,-67.570683
2563,KB_23_42768_43,Female,Killingbeck,2023,31/12/2022,19:00:55,31/12/2022 19:00,31/12/2022 16:00,-68.069819,-67.570728
2564,KB_23_42768_43,Female,Killingbeck,2023,31/12/2022,19:02:53,31/12/2022 19:02,31/12/2022 16:02,-68.069621,-67.57065
2565,KB_23_42768_43,Female,Killingbeck,2023,31/12/2022,19:04:52,31/12/2022 19:04,31/12/2022 16:04,-68.069734,-67.570673
2566,KB_23_42768_43,Female,Killingbeck,2023,31/12/2022,19:06:51,31/12/2022 19:06,31/12/2022 16:06,-68.069655,-67.570646
2567,KB_23_42768_43,Female,Killingbeck,2023,31/12/2022,19:08:52,31/12/2022 19:08,31/12/2022 16:08,-68.069555,-67.570564
2568,KB_23_42768_43,Female,Killingbeck,2023,31/12/2022,19:10:50,31/12/2022 19:10,31/12/2022 16:10,-68.069482,-67.570565
2569,KB_23_42768_43,Female,Killingbeck,2023,31/12/2022,19:12:49,31/12/2022 19:12,31/12/2022 16:12,-68.069456,-67.570533
2570,KB_23_42768_43,Female,Killingbeck,2023,31/12/2022,19:14:50,31/12/2022 19:14,31/12/2022 16:14,-68.069507,-67.570598
2571,KB_23_42768_43,Female,Killingbeck,2023,31/12/2022,19:16:48,31/12/2022 19:16,31/12/2022 16:16,-68.069451,-67.570497
2572,KB_23_42768_43,Female,Killingbeck,2023,31/12/2022,19:18:47,31/12/2022 19:18,31/12/2022 16:18,-68.069632,-67.570569
2573,KB_23_42768_43,Female,Killingbeck,2023,31/12/2022,19:21:09,31/12/2022 19:21,31/12/2022 16:21,-68.069522,-67.570532
2574,KB_23_42768_43,Female,Killingbeck,2023,31/12/2022,19:23:06,31/12/2022 19:23,31/12/2022 16:23,-68.069591,-67.570549
2575,KB_23_42768_43,Female,Killingbeck,2023,31/12/2022,19:25:06,31/12/2022 19:25,31/12/2022 16:25,-68.06938,-67.570541
2576,KB_23_42768_43,Female,Killingbeck,2023,31/12/2022,19:27:04,31/12/2022 19:27,31/12/2022 16:27,-68.069336,-67.570463
2577,KB_23_42768_43,Female,Killingbeck,2023,31/12/2022,19:29:03,31/12/2022 19:29,31/12/2022 16:29,-68.069629,-67.570532
2578,KB_23_42768_43,Female,Killingbeck,2023,31/12/2022,19:31:02,31/12/2022 19:31,31/12/2022 16:31,-68.069355,-67.57058
2579,KB_23_42768_43,Female,Killingbeck,2023,31/12/2022,19:33:04,31/12/2022 19:33,31/12/2022 16:33,-68.069636,-67.570555
2580,KB_23_42768_43,Female,Killingbeck,2023,31/12/2022,19:35:01,31/12/2022 19:35,31/12/2022 16:35,-68.069464,-67.570545
2581,KB_23_42768_43,Female,Killingbeck,2023,31/12/2022,19:37:00,31/12/2022 19:37,31/12/2022 16:37,-68.069604,-67.570509
2582,KB_23_42768_43,Female,Killingbeck,2023,31/12/2022,19:38:59,31/12/2022 19:38,31/12/2022 16:38,-68.069489,-67.570578
2583,KB_23_42768_43,Female,Killingbeck,2023,31/12/2022,19:41:06,31/12/2022 19:41,31/12/2022 16:41,-68.069361,-67.570707
2584,KB_23_42768_43,Female,Killingbeck,2023,31/12/2022,19:42:57,31/12/2022 19:42,31/12/2022 16:42,-68.069511,-67.570621
2585,KB_23_42768_43,Female,Killingbeck,2023,31/12/2022,19:44:56,31/12/2022 19:44,31/12/2022 16:44,-68.069607,-67.570592
2586,KB_23_42768_43,Female,Killingbeck,2023,31/12/2022,19:46:56,31/12/2022 19:46,31/12/2022 16:46,-68.069727,-67.570645
2587,KB_23_42768_43,Female,Killingbeck,2023,31/12/2022,19:48:57,31/12/2022 19:48,31/12/2022 16:48,-68.069571,-67.570871
2588,KB_23_42768_43,Female,Killingbeck,2023,31/12/2022,19:50:53,31/12/2022 19:50,31/12/2022 16:50,-68.069491,-67.570578
2589,KB_23_42768_43,Female,Killingbeck,2023,31/12/2022,19:52:52,31/12/2022 19:52,31/12/2022 16:52,-68.069433,-67.570542
2590,KB_23_42768_43,Female,Killingbeck,2023,31/12/2022,19:54:52,31/12/2022 19:54,31/12/2022 16:54,-68.069432,-67.570572
2591,KB_23_42768_43,Female,Killingbeck,2023,31/12/2022,19:56:53,31/12/2022 19:56,31/12/2022 16:56,-68.06989,-67.570721
2592,KB_23_42768_43,Female,Killingbeck,2023,31/12/2022,19:58:50,31/12/2022 19:58,31/12/2022 16:58,-68.069565,-67.570576
2593,KB_23_42768_43,Female,Killingbeck,2023,31/12/2022,20:00:51,31/12/2022 20:00,31/12/2022 17:00,-68.069326,-67.570594
2594,KB_23_42768_43,Female,Killingbeck,2023,31/12/2022,20:02:48,31/12/2022 20:02,31/12/2022 17:02,-68.069513,-67.570595
2595,KB_23_42768_43,Female,Killingbeck,2023,31/12/2022,20:04:58,31/12/2022 20:04,31/12/2022 17:04,-68.069306,-67.570586
2596,KB_23_42768_43,Female,Killingbeck,2023,31/12/2022,20:07:01,31/12/2022 20:07,31/12/2022 17:07,-68.069335,-67.57059
2597,KB_23_42768_43,Female,Killingbeck,2023,31/12/2022,20:08:55,31/12/2022 20:08,31/12/2022 17:08,-68.070005,-67.571837
2598,KB_23_42768_43,Female,Killingbeck,2023,31/12/2022,20:10:58,31/12/2022 20:10,31/12/2022 17:10,-68.06946,-67.570565
2599,KB_23_42768_43,Female,Killingbeck,2023,31/12/2022,20:12:49,31/12/2022 20:12,31/12/2022 17:12,-68.069479,-67.570737
2600,KB_23_42768_43,Female,Killingbeck,2023,31/12/2022,20:14:54,31/12/2022 20:14,31/12/2022 17:14,-68.069376,-67.570746
2601,KB_23_42768_43,Female,Killingbeck,2023,31/12/2022,20:16:48,31/12/2022 20:16,31/12/2022 17:16,-68.069477,-67.570722
2602,KB_23_42768_43,Female,Killingbeck,2023,31/12/2022,20:18:47,31/12/2022 20:18,31/12/2022 17:18,-68.069637,-67.570682
2603,KB_23_42768_43,Female,Killingbeck,2023,31/12/2022,20:20:46,31/12/2022 20:20,31/12/2022 17:20,-68.06952,-67.570946
2604,KB_23_42768_43,Female,Killingbeck,2023,31/12/2022,20:22:45,31/12/2022 20:22,31/12/2022 17:22,-68.069534,-67.570869
2605,KB_23_42768_43,Female,Killingbeck,2023,31/12/2022,20:24:44,31/12/2022 20:24,31/12/2022 17:24,-68.069643,-67.570631
2606,KB_23_42768_43,Female,Killingbeck,2023,31/12/2022,20:26:42,31/12/2022 20:26,31/12/2022 17:26,-68.06955,-67.570645
2607,KB_23_42768_43,Female,Killingbeck,2023,31/12/2022,20:28:41,31/12/2022 20:28,31/12/2022 17:28,-68.069586,-67.570682
2608,KB_23_42768_43,Female,Killingbeck,2023,31/12/2022,20:30:40,31/12/2022 20:30,31/12/2022 17:30,-68.069575,-67.570674
2609,KB_23_42768_43,Female,Killingbeck,2023,31/12/2022,20:32:38,31/12/2022 20:32,31/12/2022 17:32,-68.069582,-67.57066
2610,KB_23_42768_43,Female,Killingbeck,2023,31/12/2022,20:34:38,31/12/2022 20:34,31/12/2022 17:34,-68.069511,-67.570663
2611,KB_23_42768_43,Female,Killingbeck,2023,31/12/2022,20:36:36,31/12/2022 20:36,31/12/2022 17:36,-68.069574,-67.570667
2612,KB_23_42768_43,Female,Killingbeck,2023,31/12/2022,20:38:36,31/12/2022 20:38,31/12/2022 17:38,-68.069426,-67.570671
2613,KB_23_42768_43,Female,Killingbeck,2023,31/12/2022,20:40:37,31/12/2022 20:40,31/12/2022 17:40,-68.069083,-67.570913
2614,KB_23_42768_43,Female,Killingbeck,2023,31/12/2022,20:42:36,31/12/2022 20:42,31/12/2022 17:42,-68.069139,-67.570929
2615,KB_23_42768_43,Female,Killingbeck,2023,31/12/2022,20:44:32,31/12/2022 20:44,31/12/2022 17:44,-68.069488,-67.570661
2616,KB_23_42768_43,Female,Killingbeck,2023,31/12/2022,20:46:32,31/12/2022 20:46,31/12/2022 17:46,-68.069439,-67.570695
2617,KB_23_42768_43,Female,Killingbeck,2023,31/12/2022,20:48:31,31/12/2022 20:48,31/12/2022 17:48,-68.069612,-67.570613
2618,KB_23_42768_43,Female,Killingbeck,2023,31/12/2022,20:50:19,31/12/2022 20:50,31/12/2022 17:50,-68.069525,-67.57064
2619,KB_23_42768_43,Female,Killingbeck,2023,31/12/2022,20:52:18,31/12/2022 20:52,31/12/2022 17:52,-68.069463,-67.570617
2620,KB_23_42768_43,Female,Killingbeck,2023,31/12/2022,20:54:19,31/12/2022 20:54,31/12/2022 17:54,-68.06949,-67.570628
2621,KB_23_42768_43,Female,Killingbeck,2023,31/12/2022,20:56:16,31/12/2022 20:56,31/12/2022 17:56,-68.069503,-67.570695
2622,KB_23_42768_43,Female,Killingbeck,2023,31/12/2022,20:58:14,31/12/2022 20:58,31/12/2022 17:58,-68.069494,-67.570637
2623,KB_23_42768_43,Female,Killingbeck,2023,31/12/2022,21:00:13,31/12/2022 21:00,31/12/2022 18:00,-68.069572,-67.570654
2624,KB_23_42768_43,Female,Killingbeck,2023,31/12/2022,21:02:12,31/12/2022 21:02,31/12/2022 18:02,-68.069517,-67.570605
2625,KB_23_42768_43,Female,Killingbeck,2023,31/12/2022,21:04:11,31/12/2022 21:04,31/12/2022 18:04,-68.069522,-67.570598
2626,KB_23_42768_43,Female,Killingbeck,2023,31/12/2022,21:06:10,31/12/2022 21:06,31/12/2022 18:06,-68.069403,-67.570688
2627,KB_23_42768_43,Female,Killingbeck,2023,31/12/2022,21:08:11,31/12/2022 21:08,31/12/2022 18:08,-68.06956,-67.570645
2628,KB_23_42768_43,Female,Killingbeck,2023,31/12/2022,21:10:11,31/12/2022 21:10,31/12/2022 18:10,-68.070471,-67.570097
2629,KB_23_42768_43,Female,Killingbeck,2023,31/12/2022,21:12:07,31/12/2022 21:12,31/12/2022 18:12,-68.069494,-67.570654
2630,KB_23_42768_43,Female,Killingbeck,2023,31/12/2022,21:14:08,31/12/2022 21:14,31/12/2022 18:14,-68.069494,-67.57069
2631,KB_23_42768_43,Female,Killingbeck,2023,31/12/2022,21:16:07,31/12/2022 21:16,31/12/2022 18:16,-68.069532,-67.57069
2632,KB_23_42768_43,Female,Killingbeck,2023,31/12/2022,21:18:06,31/12/2022 21:18,31/12/2022 18:18,-68.069527,-67.570639
2633,KB_23_42768_43,Female,Killingbeck,2023,31/12/2022,21:20:17,31/12/2022 21:20,31/12/2022 18:20,-68.069465,-67.570688
2634,KB_23_42768_43,Female,Killingbeck,2023,31/12/2022,21:22:18,31/12/2022 21:22,31/12/2022 18:22,-68.069925,-67.570338
2635,KB_23_42768_43,Female,Killingbeck,2023,31/12/2022,21:24:17,31/12/2022 21:24,31/12/2022 18:24,-68.070282,-67.57012
2636,KB_23_42768_43,Female,Killingbeck,2023,31/12/2022,21:26:16,31/12/2022 21:26,31/12/2022 18:26,-68.069857,-67.570395
2637,KB_23_42768_43,Female,Killingbeck,2023,31/12/2022,21:28:13,31/12/2022 21:28,31/12/2022 18:28,-68.069614,-67.570674
2638,KB_23_42768_43,Female,Killingbeck,2023,31/12/2022,21:30:14,31/12/2022 21:30,31/12/2022 18:30,-68.070059,-67.570249
2639,KB_23_42768_43,Female,Killingbeck,2023,31/12/2022,21:32:10,31/12/2022 21:32,31/12/2022 18:32,-68.069621,-67.57059
2640,KB_23_42768_43,Female,Killingbeck,2023,31/12/2022,21:34:12,31/12/2022 21:34,31/12/2022 18:34,-68.069456,-67.570741
2641,KB_23_42768_43,Female,Killingbeck,2023,31/12/2022,21:36:11,31/12/2022 21:36,31/12/2022 18:36,-68.069868,-67.570377
2642,KB_23_42768_43,Female,Killingbeck,2023,31/12/2022,21:38:11,31/12/2022 21:38,31/12/2022 18:38,-68.069622,-67.570539
2643,KB_23_42768_43,Female,Killingbeck,2023,31/12/2022,21:40:09,31/12/2022 21:40,31/12/2022 18:40,-68.069918,-67.570299
2644,KB_23_42768_43,Female,Killingbeck,2023,31/12/2022,21:42:06,31/12/2022 21:42,31/12/2022 18:42,-68.069507,-67.570712
2645,KB_23_42768_43,Female,Killingbeck,2023,31/12/2022,21:44:05,31/12/2022 21:44,31/12/2022 18:44,-68.069466,-67.570648
2646,KB_23_42768_43,Female,Killingbeck,2023,31/12/2022,21:46:06,31/12/2022 21:46,31/12/2022 18:46,-68.067958,-67.570168
2647,KB_23_42768_43,Female,Killingbeck,2023,31/12/2022,21:48:06,31/12/2022 21:48,31/12/2022 18:48,-68.06981,-67.570663
2648,KB_23_42768_43,Female,Killingbeck,2023,31/12/2022,21:50:57,31/12/2022 21:50,31/12/2022 18:50,-68.064606,-67.569094
2649,KB_23_42768_43,Female,Killingbeck,2023,31/12/2022,21:52:55,31/12/2022 21:52,31/12/2022 18:52,-68.040822,-67.567563
2650,KB_23_42768_43,Female,Killingbeck,2023,31/12/2022,21:54:54,31/12/2022 21:54,31/12/2022 18:54,-68.002833,-67.565249
2651,KB_23_42768_43,Female,Killingbeck,2023,31/12/2022,21:56:53,31/12/2022 21:56,31/12/2022 18:56,-67.956392,-67.564377
2652,KB_23_42768_43,Female,Killingbeck,2023,31/12/2022,21:58:52,31/12/2022 21:58,31/12/2022 18:58,-67.908041,-67.563218
2653,KB_23_42768_43,Female,Killingbeck,2023,31/12/2022,22:00:51,31/12/2022 22:00,31/12/2022 19:00,-67.86641,-67.560613
2654,KB_23_42768_43,Female,Killingbeck,2023,31/12/2022,22:02:50,31/12/2022 22:02,31/12/2022 19:02,-67.831789,-67.556299
2655,KB_23_42768_43,Female,Killingbeck,2023,31/12/2022,22:04:49,31/12/2022 22:04,31/12/2022 19:04,-67.806957,-67.548294
2656,KB_23_42768_43,Female,Killingbeck,2023,31/12/2022,22:06:48,31/12/2022 22:06,31/12/2022 19:06,-67.798978,-67.546939
2657,KB_23_42768_43,Female,Killingbeck,2023,31/12/2022,22:10:20,31/12/2022 22:10,31/12/2022 19:10,-67.79835,-67.546891
2658,KB_23_42768_43,Female,Killingbeck,2023,31/12/2022,22:12:22,31/12/2022 22:12,31/12/2022 19:12,-67.796593,-67.546447
2659,KB_23_42768_43,Female,Killingbeck,2023,31/12/2022,22:14:22,31/12/2022 22:14,31/12/2022 19:14,-67.796865,-67.546486
2660,KB_23_42768_43,Female,Killingbeck,2023,31/12/2022,22:16:22,31/12/2022 22:16,31/12/2022 19:16,-67.796661,-67.54643
2661,KB_23_42768_43,Female,Killingbeck,2023,31/12/2022,22:18:20,31/12/2022 22:18,31/12/2022 19:18,-67.79685,-67.546484
2662,KB_23_42768_43,Female,Killingbeck,2023,31/12/2022,22:20:20,31/12/2022 22:20,31/12/2022 19:20,-67.796804,-67.546466
2663,KB_23_42768_43,Female,Killingbeck,2023,31/12/2022,22:22:19,31/12/2022 22:22,31/12/2022 19:22,-67.796649,-67.546415
2664,KB_23_42768_43,Female,Killingbeck,2023,31/12/2022,22:24:18,31/12/2022 22:24,31/12/2022 19:24,-67.796595,-67.54649
2665,KB_23_42768_43,Female,Killingbeck,2023,31/12/2022,22:26:17,31/12/2022 22:26,31/12/2022 19:26,-67.796679,-67.546379
2666,KB_23_42768_43,Female,Killingbeck,2023,31/12/2022,22:28:16,31/12/2022 22:28,31/12/2022 19:28,-67.79667,-67.546425
2667,KB_23_42768_43,Female,Killingbeck,2023,31/12/2022,22:30:17,31/12/2022 22:30,31/12/2022 19:30,-67.796489,-67.546418
2668,KB_23_42768_43,Female,Killingbeck,2023,31/12/2022,22:32:15,31/12/2022 22:32,31/12/2022 19:32,-67.796879,-67.546396
2669,KB_23_42768_43,Female,Killingbeck,2023,31/12/2022,22:34:14,31/12/2022 22:34,31/12/2022 19:34,-67.796661,-67.546468
2670,KB_23_42768_43,Female,Killingbeck,2023,31/12/2022,22:36:13,31/12/2022 22:36,31/12/2022 19:36,-67.796666,-67.546438
2671,KB_23_42768_43,Female,Killingbeck,2023,31/12/2022,22:38:13,31/12/2022 22:38,31/12/2022 19:38,-67.796521,-67.546401
2672,KB_23_42768_43,Female,Killingbeck,2023,31/12/2022,22:40:12,31/12/2022 22:40,31/12/2022 19:40,-67.796557,-67.546409
2673,KB_23_42768_43,Female,Killingbeck,2023,31/12/2022,22:42:16,31/12/2022 22:42,31/12/2022 19:42,-67.796726,-67.546448
2674,KB_23_42768_43,Female,Killingbeck,2023,31/12/2022,22:44:10,31/12/2022 22:44,31/12/2022 19:44,-67.800054,-67.546968
2675,KB_23_42768_43,Female,Killingbeck,2023,31/12/2022,22:46:54,31/12/2022 22:46,31/12/2022 19:46,-67.800351,-67.546879
2676,KB_23_42768_43,Female,Killingbeck,2023,31/12/2022,22:48:53,31/12/2022 22:48,31/12/2022 19:48,-67.800288,-67.546626
2677,KB_23_42768_43,Female,Killingbeck,2023,31/12/2022,22:50:53,31/12/2022 22:50,31/12/2022 19:50,-67.797987,-67.546752
2678,KB_23_42768_43,Female,Killingbeck,2023,31/12/2022,22:53:24,31/12/2022 22:53,31/12/2022 19:53,-67.797415,-67.547083
2679,KB_23_42768_43,Female,Killingbeck,2023,31/12/2022,22:55:21,31/12/2022 22:55,31/12/2022 19:55,-67.797735,-67.547285
2680,KB_23_42768_43,Female,Killingbeck,2023,31/12/2022,22:58:22,31/12/2022 22:58,31/12/2022 19:58,-67.797304,-67.547095
2681,KB_23_42768_43,Female,Killingbeck,2023,31/12/2022,23:00:22,31/12/2022 23:00,31/12/2022 20:00,-67.797395,-67.547248
2682,KB_23_42768_43,Female,Killingbeck,2023,31/12/2022,23:02:18,31/12/2022 23:02,31/12/2022 20:02,-67.797455,-67.547364
2683,KB_23_42768_43,Female,Killingbeck,2023,31/12/2022,23:04:18,31/12/2022 23:04,31/12/2022 20:04,-67.800573,-67.546893
2684,KB_23_42768_43,Female,Killingbeck,2023,31/12/2022,23:06:16,31/12/2022 23:06,31/12/2022 20:06,-67.799616,-67.546869
2685,KB_23_42768_43,Female,Killingbeck,2023,31/12/2022,23:09:06,31/12/2022 23:09,31/12/2022 20:09,-67.800162,-67.546628
2686,KB_23_42768_43,Female,Killingbeck,2023,31/12/2022,23:11:06,31/12/2022 23:11,31/12/2022 20:11,-67.800037,-67.547138
2687,KB_23_42768_43,Female,Killingbeck,2023,31/12/2022,23:14:11,31/12/2022 23:14,31/12/2022 20:14,-67.799019,-67.547208
2688,KB_23_42768_43,Female,Killingbeck,2023,31/12/2022,23:16:11,31/12/2022 23:16,31/12/2022 20:16,-67.796491,-67.546559
2689,KB_23_42768_43,Female,Killingbeck,2023,31/12/2022,23:18:11,31/12/2022 23:18,31/12/2022 20:18,-67.796556,-67.546441
2690,KB_23_42768_43,Female,Killingbeck,2023,31/12/2022,23:20:09,31/12/2022 23:20,31/12/2022 20:20,-67.796372,-67.546417
2691,KB_23_42768_43,Female,Killingbeck,2023,31/12/2022,23:22:08,31/12/2022 23:22,31/12/2022 20:22,-67.796507,-67.546509
2692,KB_23_42768_43,Female,Killingbeck,2023,31/12/2022,23:24:07,31/12/2022 23:24,31/12/2022 20:24,-67.796416,-67.546446
2693,KB_23_42768_43,Female,Killingbeck,2023,31/12/2022,23:26:09,31/12/2022 23:26,31/12/2022 20:26,-67.796353,-67.546486
2694,KB_23_42768_43,Female,Killingbeck,2023,31/12/2022,23:28:09,31/12/2022 23:28,31/12/2022 20:28,-67.800131,-67.547633
2695,KB_23_42768_43,Female,Killingbeck,2023,31/12/2022,23:31:08,31/12/2022 23:31,31/12/2022 20:31,-67.800014,-67.54791
2696,KB_23_42768_43,Female,Killingbeck,2023,31/12/2022,23:33:00,31/12/2022 23:33,31/12/2022 20:33,-67.796091,-67.547805
2697,KB_23_42768_43,Female,Killingbeck,2023,31/12/2022,23:36:00,31/12/2022 23:36,31/12/2022 20:36,-67.797623,-67.547976
2698,KB_23_42768_43,Female,Killingbeck,2023,31/12/2022,23:37:53,31/12/2022 23:37,31/12/2022 20:37,-67.809362,-67.547305
2699,KB_23_42768_43,Female,Killingbeck,2023,31/12/2022,23:39:50,31/12/2022 23:39,31/12/2022 20:39,-67.808092,-67.547713
2700,KB_23_42768_43,Female,Killingbeck,2023,31/12/2022,23:42:01,31/12/2022 23:42,31/12/2022 20:42,-67.809188,-67.548395
2701,KB_23_42768_43,Female,Killingbeck,2023,31/12/2022,23:43:53,31/12/2022 23:43,31/12/2022 20:43,-67.797463,-67.559639
2702,KB_23_42768_43,Female,Killingbeck,2023,31/12/2022,23:45:52,31/12/2022 23:45,31/12/2022 20:45,-67.845728,-67.575211
2703,KB_23_42768_43,Female,Killingbeck,2023,31/12/2022,23:47:51,31/12/2022 23:47,31/12/2022 20:47,-67.903218,-67.573206
2704,KB_23_42768_43,Female,Killingbeck,2023,31/12/2022,23:49:50,31/12/2022 23:49,31/12/2022 20:49,-67.95955,-67.570437
2705,KB_23_42768_43,Female,Killingbeck,2023,31/12/2022,23:51:49,31/12/2022 23:51,31/12/2022 20:51,-68.01562,-67.571281
2706,KB_23_42768_43,Female,Killingbeck,2023,31/12/2022,23:53:48,31/12/2022 23:53,31/12/2022 20:53,-68.069168,-67.570726
2707,KB_23_42768_43,Female,Killingbeck,2023,31/12/2022,23:55:50,31/12/2022 23:55,31/12/2022 20:55,-68.069186,-67.5705
2708,KB_23_42768_43,Female,Killingbeck,2023,31/12/2022,23:57:19,31/12/2022 23:57,31/12/2022 20:57,-68.069605,-67.570762
2709,KB_23_42768_43,Female,Killingbeck,2023,31/12/2022,23:59:14,31/12/2022 23:59,31/12/2022 20:59,-68.06948,-67.570925
2710,KB_23_42768_43,Female,Killingbeck,2023,01/01/2023,00:01:12,01/01/2023 00:01,31/12/2022 21:01,-68.069652,-67.570624
2711,KB_23_42768_43,Female,Killingbeck,2023,01/01/2023,00:03:21,01/01/2023 00:03,31/12/2022 21:03,-68.069327,-67.570826
2712,KB_23_42768_43,Female,Killingbeck,2023,01/01/2023,00:05:12,01/01/2023 00:05,31/12/2022 21:05,-68.069716,-67.570613
2713,KB_23_42768_43,Female,Killingbeck,2023,01/01/2023,00:07:12,01/01/2023 00:07,31/12/2022 21:07,-68.069562,-67.57065
2714,KB_23_42768_43,Female,Killingbeck,2023,01/01/2023,00:09:16,01/01/2023 00:09,31/12/2022 21:09,-68.069488,-67.570685
2715,KB_23_42768_43,Female,Killingbeck,2023,01/01/2023,00:11:06,01/01/2023 00:11,31/12/2022 21:11,-68.069617,-67.570687
2716,KB_23_42768_43,Female,Killingbeck,2023,01/01/2023,00:13:06,01/01/2023 00:13,31/12/2022 21:13,-68.069454,-67.570558
2717,KB_23_42768_43,Female,Killingbeck,2023,01/01/2023,00:15:07,01/01/2023 00:15,31/12/2022 21:15,-68.069526,-67.570655
2718,KB_23_42768_43,Female,Killingbeck,2023,01/01/2023,00:17:06,01/01/2023 00:17,31/12/2022 21:17,-68.06943,-67.570713
2719,KB_23_42768_43,Female,Killingbeck,2023,01/01/2023,00:19:05,01/01/2023 00:19,31/12/2022 21:19,-68.069527,-67.570667
2720,KB_23_42768_43,Female,Killingbeck,2023,01/01/2023,00:21:04,01/01/2023 00:21,31/12/2022 21:21,-68.069533,-67.570663
2721,KB_23_42768_43,Female,Killingbeck,2023,01/01/2023,00:23:03,01/01/2023 00:23,31/12/2022 21:23,-68.069633,-67.570693
2722,KB_23_42768_43,Female,Killingbeck,2023,01/01/2023,00:25:01,01/01/2023 00:25,31/12/2022 21:25,-68.069584,-67.570668
2723,KB_23_42768_43,Female,Killingbeck,2023,01/01/2023,00:26:51,01/01/2023 00:26,31/12/2022 21:26,-68.069419,-67.570701
2724,KB_23_42768_43,Female,Killingbeck,2023,01/01/2023,00:28:48,01/01/2023 00:28,31/12/2022 21:28,-68.069587,-67.570638
2725,KB_23_42768_43,Female,Killingbeck,2023,01/01/2023,00:30:47,01/01/2023 00:30,31/12/2022 21:30,-68.069516,-67.570653
2726,KB_23_42768_43,Female,Killingbeck,2023,01/01/2023,00:32:50,01/01/2023 00:32,31/12/2022 21:32,-68.069489,-67.570732
2727,KB_23_42768_43,Female,Killingbeck,2023,01/01/2023,00:34:45,01/01/2023 00:34,31/12/2022 21:34,-68.069565,-67.57071
2728,KB_23_42768_43,Female,Killingbeck,2023,01/01/2023,00:36:48,01/01/2023 00:36,31/12/2022 21:36,-68.069632,-67.570681
2729,KB_23_42768_43,Female,Killingbeck,2023,01/01/2023,00:38:42,01/01/2023 00:38,31/12/2022 21:38,-68.069502,-67.570655
2730,KB_23_42768_43,Female,Killingbeck,2023,01/01/2023,00:40:42,01/01/2023 00:40,31/12/2022 21:40,-68.069514,-67.570692
2731,KB_23_42768_43,Female,Killingbeck,2023,01/01/2023,00:42:40,01/01/2023 00:42,31/12/2022 21:42,-68.069544,-67.570715
2732,KB_23_42768_43,Female,Killingbeck,2023,01/01/2023,00:44:40,01/01/2023 00:44,31/12/2022 21:44,-68.069328,-67.570603
2733,KB_23_42768_43,Female,Killingbeck,2023,01/01/2023,00:46:39,01/01/2023 00:46,31/12/2022 21:46,-68.069573,-67.570687
2734,KB_23_42768_43,Female,Killingbeck,2023,01/01/2023,00:48:37,01/01/2023 00:48,31/12/2022 21:48,-68.069531,-67.570628
2735,KB_23_42768_43,Female,Killingbeck,2023,01/01/2023,00:50:37,01/01/2023 00:50,31/12/2022 21:50,-68.069921,-67.570516
2736,KB_23_42768_43,Female,Killingbeck,2023,01/01/2023,00:52:39,01/01/2023 00:52,31/12/2022 21:52,-68.070078,-67.570466
2737,KB_23_42768_43,Female,Killingbeck,2023,01/01/2023,00:54:36,01/01/2023 00:54,31/12/2022 21:54,-68.069634,-67.570653
2738,KB_23_42768_43,Female,Killingbeck,2023,01/01/2023,00:56:24,01/01/2023 00:56,31/12/2022 21:56,-68.0695,-67.570625
2739,KB_23_42768_43,Female,Killingbeck,2023,01/01/2023,00:58:23,01/01/2023 00:58,31/12/2022 21:58,-68.069322,-67.570662
2740,KB_23_42768_43,Female,Killingbeck,2023,01/01/2023,01:00:22,01/01/2023 01:00,31/12/2022 22:00,-68.069523,-67.570583
2741,KB_23_42768_43,Female,Killingbeck,2023,01/01/2023,01:02:23,01/01/2023 01:02,31/12/2022 22:02,-68.06998,-67.570459
2742,KB_23_42768_43,Female,Killingbeck,2023,01/01/2023,01:04:19,01/01/2023 01:04,31/12/2022 22:04,-68.069512,-67.570635
2743,KB_23_42768_43,Female,Killingbeck,2023,01/01/2023,01:06:18,01/01/2023 01:06,31/12/2022 22:06,-68.069477,-67.570714
2744,KB_23_42768_43,Female,Killingbeck,2023,01/01/2023,01:08:18,01/01/2023 01:08,31/12/2022 22:08,-68.069351,-67.570721
2745,KB_23_42768_43,Female,Killingbeck,2023,01/01/2023,01:10:17,01/01/2023 01:10,31/12/2022 22:10,-68.069547,-67.570596
2746,KB_23_42768_43,Female,Killingbeck,2023,01/01/2023,01:12:15,01/01/2023 01:12,31/12/2022 22:12,-68.069454,-67.570737
2747,KB_23_42768_43,Female,Killingbeck,2023,01/01/2023,01:14:14,01/01/2023 01:14,31/12/2022 22:14,-68.069489,-67.570709
2748,KB_23_42768_43,Female,Killingbeck,2023,01/01/2023,01:16:14,01/01/2023 01:16,31/12/2022 22:16,-68.070129,-67.57036
2749,KB_23_42768_43,Female,Killingbeck,2023,01/01/2023,01:18:13,01/01/2023 01:18,31/12/2022 22:18,-68.069617,-67.570566
2750,KB_23_42768_43,Female,Killingbeck,2023,01/01/2023,01:20:11,01/01/2023 01:20,31/12/2022 22:20,-68.069614,-67.570571
2751,KB_23_42768_43,Female,Killingbeck,2023,01/01/2023,01:22:14,01/01/2023 01:22,31/12/2022 22:22,-68.069892,-67.570441
2752,KB_23_42768_43,Female,Killingbeck,2023,01/01/2023,01:24:13,01/01/2023 01:24,31/12/2022 22:24,-68.069571,-67.570529
2753,KB_23_42768_43,Female,Killingbeck,2023,01/01/2023,01:25:59,01/01/2023 01:25,31/12/2022 22:25,-68.069361,-67.570715
2754,KB_23_42768_43,Female,Killingbeck,2023,01/01/2023,01:28:00,01/01/2023 01:28,31/12/2022 22:28,-68.069912,-67.570427
2755,KB_23_42768_43,Female,Killingbeck,2023,01/01/2023,01:29:56,01/01/2023 01:29,31/12/2022 22:29,-68.069465,-67.570679
2756,KB_23_42768_43,Female,Killingbeck,2023,01/01/2023,01:31:56,01/01/2023 01:31,31/12/2022 22:31,-68.069526,-67.570639
2757,KB_23_42768_43,Female,Killingbeck,2023,01/01/2023,01:33:57,01/01/2023 01:33,31/12/2022 22:33,-68.069538,-67.570519
2758,KB_23_42768_43,Female,Killingbeck,2023,01/01/2023,01:35:54,01/01/2023 01:35,31/12/2022 22:35,-68.069638,-67.570484
2759,KB_23_42768_43,Female,Killingbeck,2023,01/01/2023,01:37:53,01/01/2023 01:37,31/12/2022 22:37,-68.06956,-67.570555
2760,KB_23_42768_43,Female,Killingbeck,2023,01/01/2023,01:39:54,01/01/2023 01:39,31/12/2022 22:39,-68.069356,-67.570775
2761,KB_23_42768_43,Female,Killingbeck,2023,01/01/2023,01:41:53,01/01/2023 01:41,31/12/2022 22:41,-68.069739,-67.571291
2762,KB_23_42768_43,Female,Killingbeck,2023,01/01/2023,01:43:52,01/01/2023 01:43,31/12/2022 22:43,-68.069506,-67.570609
2763,KB_23_42768_43,Female,Killingbeck,2023,01/01/2023,01:45:49,01/01/2023 01:45,31/12/2022 22:45,-68.069517,-67.570677
2764,KB_23_42768_43,Female,Killingbeck,2023,01/01/2023,01:47:48,01/01/2023 01:47,31/12/2022 22:47,-68.069602,-67.570707
2765,KB_23_42768_43,Female,Killingbeck,2023,01/01/2023,01:49:47,01/01/2023 01:49,31/12/2022 22:49,-68.069552,-67.570591
2766,KB_23_42768_43,Female,Killingbeck,2023,01/01/2023,01:51:49,01/01/2023 01:51,31/12/2022 22:51,-68.069642,-67.570428
2767,KB_23_42768_43,Female,Killingbeck,2023,01/01/2023,01:53:48,01/01/2023 01:53,31/12/2022 22:53,-68.069745,-67.570339
2768,KB_23_42768_43,Female,Killingbeck,2023,01/01/2023,01:55:50,01/01/2023 01:55,31/12/2022 22:55,-68.069452,-67.570895
2769,KB_23_42768_43,Female,Killingbeck,2023,01/01/2023,01:57:42,01/01/2023 01:57,31/12/2022 22:57,-68.069487,-67.570769
2770,KB_23_42768_43,Female,Killingbeck,2023,01/01/2023,01:59:41,01/01/2023 01:59,31/12/2022 22:59,-68.069448,-67.570728
2771,KB_23_42768_43,Female,Killingbeck,2023,01/01/2023,02:01:46,01/01/2023 02:01,31/12/2022 23:01,-68.069405,-67.570749
2772,KB_23_42768_43,Female,Killingbeck,2023,01/01/2023,02:03:47,01/01/2023 02:03,31/12/2022 23:03,-68.069464,-67.570724
2773,KB_23_42768_43,Female,Killingbeck,2023,01/01/2023,02:05:40,01/01/2023 02:05,31/12/2022 23:05,-68.069436,-67.570761
2774,KB_23_42768_43,Female,Killingbeck,2023,01/01/2023,02:07:38,01/01/2023 02:07,31/12/2022 23:07,-68.068199,-67.57071
2775,KB_23_42768_43,Female,Killingbeck,2023,01/01/2023,02:09:37,01/01/2023 02:09,31/12/2022 23:09,-68.03918,-67.565688
2776,KB_23_42768_43,Female,Killingbeck,2023,01/01/2023,02:11:36,01/01/2023 02:11,31/12/2022 23:11,-67.995755,-67.562331
2777,KB_23_42768_43,Female,Killingbeck,2023,01/01/2023,02:13:35,01/01/2023 02:13,31/12/2022 23:13,-67.948376,-67.561905
2778,KB_23_42768_43,Female,Killingbeck,2023,01/01/2023,02:15:34,01/01/2023 02:15,31/12/2022 23:15,-67.901274,-67.559609
2779,KB_23_42768_43,Female,Killingbeck,2023,01/01/2023,02:17:33,01/01/2023 02:17,31/12/2022 23:17,-67.852155,-67.55542
2780,KB_23_42768_43,Female,Killingbeck,2023,01/01/2023,02:19:33,01/01/2023 02:19,31/12/2022 23:19,-67.807281,-67.548238
2781,KB_23_42768_43,Female,Killingbeck,2023,01/01/2023,02:21:33,01/01/2023 02:21,31/12/2022 23:21,-67.798903,-67.547066
2782,KB_23_42768_43,Female,Killingbeck,2023,01/01/2023,02:23:31,01/01/2023 02:23,31/12/2022 23:23,-67.798857,-67.547091
2783,KB_23_42768_43,Female,Killingbeck,2023,01/01/2023,02:26:45,01/01/2023 02:26,31/12/2022 23:26,-67.798845,-67.546963
2784,KB_23_42768_43,Female,Killingbeck,2023,01/01/2023,02:28:43,01/01/2023 02:28,31/12/2022 23:28,-67.798822,-67.547017
2785,KB_23_42768_43,Female,Killingbeck,2023,01/01/2023,02:32:01,01/01/2023 02:32,31/12/2022 23:32,-67.800492,-67.546761
2786,KB_23_42768_43,Female,Killingbeck,2023,01/01/2023,02:33:56,01/01/2023 02:33,31/12/2022 23:33,-67.798761,-67.547064
2787,KB_23_42768_43,Female,Killingbeck,2023,01/01/2023,02:35:55,01/01/2023 02:35,31/12/2022 23:35,-67.798544,-67.547179
2788,KB_23_42768_43,Female,Killingbeck,2023,01/01/2023,02:37:54,01/01/2023 02:37,31/12/2022 23:37,-67.798572,-67.547085
2789,KB_23_42768_43,Female,Killingbeck,2023,01/01/2023,02:39:53,01/01/2023 02:39,31/12/2022 23:39,-67.800207,-67.547228
2790,KB_23_42768_43,Female,Killingbeck,2023,01/01/2023,02:41:53,01/01/2023 02:41,31/12/2022 23:41,-67.799888,-67.547065
2791,KB_23_42768_43,Female,Killingbeck,2023,01/01/2023,02:43:55,01/01/2023 02:43,31/12/2022 23:43,-67.80018,-67.546936
2792,KB_23_42768_43,Female,Killingbeck,2023,01/01/2023,02:45:54,01/01/2023 02:45,31/12/2022 23:45,-67.799749,-67.54704
2793,KB_23_42768_43,Female,Killingbeck,2023,01/01/2023,02:47:53,01/01/2023 02:47,31/12/2022 23:47,-67.799807,-67.547005
2794,KB_23_42768_43,Female,Killingbeck,2023,01/01/2023,02:49:52,01/01/2023 02:49,31/12/2022 23:49,-67.800157,-67.547002
2795,KB_23_42768_43,Female,Killingbeck,2023,01/01/2023,02:51:51,01/01/2023 02:51,31/12/2022 23:51,-67.800381,-67.547049
2796,KB_23_42768_43,Female,Killingbeck,2023,01/01/2023,02:53:50,01/01/2023 02:53,31/12/2022 23:53,-67.800337,-67.546967
2797,KB_23_42768_43,Female,Killingbeck,2023,01/01/2023,02:55:49,01/01/2023 02:55,31/12/2022 23:55,-67.800498,-67.54715
2798,KB_23_42768_43,Female,Killingbeck,2023,01/01/2023,02:57:53,01/01/2023 02:57,31/12/2022 23:57,-67.801124,-67.546667
2799,KB_23_42768_43,Female,Killingbeck,2023,01/01/2023,02:59:53,01/01/2023 02:59,31/12/2022 23:59,-67.801298,-67.546645
2800,KB_23_42768_43,Female,Killingbeck,2023,01/01/2023,03:01:53,01/01/2023 03:01,01/01/2023 00:01,-67.801072,-67.546656
2801,KB_23_42768_43,Female,Killingbeck,2023,01/01/2023,03:03:51,01/01/2023 03:03,01/01/2023 00:03,-67.80117,-67.546634
2802,KB_23_42768_43,Female,Killingbeck,2023,01/01/2023,03:05:50,01/01/2023 03:05,01/01/2023 00:05,-67.801116,-67.546743
2803,KB_23_42768_43,Female,Killingbeck,2023,01/01/2023,03:07:49,01/01/2023 03:07,01/01/2023 00:07,-67.801078,-67.546658
2804,KB_23_42768_43,Female,Killingbeck,2023,01/01/2023,03:09:49,01/01/2023 03:09,01/01/2023 00:09,-67.801159,-67.546727
2805,KB_23_42768_43,Female,Killingbeck,2023,01/01/2023,03:11:47,01/01/2023 03:11,01/01/2023 00:11,-67.801152,-67.546749
2806,KB_23_42768_43,Female,Killingbeck,2023,01/01/2023,03:13:49,01/01/2023 03:13,01/01/2023 00:13,-67.801068,-67.546747
2807,KB_23_42768_43,Female,Killingbeck,2023,01/01/2023,03:15:46,01/01/2023 03:15,01/01/2023 00:15,-67.801082,-67.546741
2808,KB_23_42768_43,Female,Killingbeck,2023,01/01/2023,03:17:44,01/01/2023 03:17,01/01/2023 00:17,-67.801066,-67.546709
2809,KB_23_42768_43,Female,Killingbeck,2023,01/01/2023,03:19:44,01/01/2023 03:19,01/01/2023 00:19,-67.801185,-67.546711
2810,KB_23_42768_43,Female,Killingbeck,2023,01/01/2023,03:21:43,01/01/2023 03:21,01/01/2023 00:21,-67.801065,-67.546624
2811,KB_23_42768_43,Female,Killingbeck,2023,01/01/2023,03:23:42,01/01/2023 03:23,01/01/2023 00:23,-67.801269,-67.546771
2812,KB_23_42768_43,Female,Killingbeck,2023,01/01/2023,03:25:41,01/01/2023 03:25,01/01/2023 00:25,-67.801104,-67.546719
2813,KB_23_42768_43,Female,Killingbeck,2023,01/01/2023,03:27:42,01/01/2023 03:27,01/01/2023 00:27,-67.801032,-67.546676
2814,KB_23_42768_43,Female,Killingbeck,2023,01/01/2023,03:29:42,01/01/2023 03:29,01/01/2023 00:29,-67.801208,-67.546632
2815,KB_23_42768_43,Female,Killingbeck,2023,01/01/2023,03:31:40,01/01/2023 03:31,01/01/2023 00:31,-67.801061,-67.546596
2816,KB_23_42768_43,Female,Killingbeck,2023,01/01/2023,03:33:40,01/01/2023 03:33,01/01/2023 00:33,-67.800975,-67.54657
2817,KB_23_42768_43,Female,Killingbeck,2023,01/01/2023,03:35:38,01/01/2023 03:35,01/01/2023 00:35,-67.801476,-67.546734
2818,KB_23_42768_43,Female,Killingbeck,2023,01/01/2023,03:37:37,01/01/2023 03:37,01/01/2023 00:37,-67.801126,-67.546671
2819,KB_23_42768_43,Female,Killingbeck,2023,01/01/2023,03:39:38,01/01/2023 03:39,01/01/2023 00:39,-67.801089,-67.546702
2820,KB_23_42768_43,Female,Killingbeck,2023,01/01/2023,03:41:37,01/01/2023 03:41,01/01/2023 00:41,-67.801126,-67.54672
2821,KB_23_42768_43,Female,Killingbeck,2023,01/01/2023,03:43:35,01/01/2023 03:43,01/01/2023 00:43,-67.800861,-67.546691
2822,KB_23_42768_43,Female,Killingbeck,2023,01/01/2023,03:45:34,01/01/2023 03:45,01/01/2023 00:45,-67.801172,-67.546735
2823,KB_23_42768_43,Female,Killingbeck,2023,01/01/2023,03:48:26,01/01/2023 03:48,01/01/2023 00:48,-67.800752,-67.547234
2824,KB_23_42768_43,Female,Killingbeck,2023,01/01/2023,03:50:39,01/01/2023 03:50,01/01/2023 00:50,-67.799934,-67.546436
2825,KB_23_42768_43,Female,Killingbeck,2023,01/01/2023,03:52:39,01/01/2023 03:52,01/01/2023 00:52,-67.800427,-67.546679
2826,KB_23_42768_43,Female,Killingbeck,2023,01/01/2023,03:54:39,01/01/2023 03:54,01/01/2023 00:54,-67.801745,-67.547057
2827,KB_23_42768_43,Female,Killingbeck,2023,01/01/2023,03:56:38,01/01/2023 03:56,01/01/2023 00:56,-67.801919,-67.546763
2828,KB_23_42768_43,Female,Killingbeck,2023,01/01/2023,03:58:40,01/01/2023 03:58,01/01/2023 00:58,-67.801245,-67.54657
2829,KB_23_42768_43,Female,Killingbeck,2023,01/01/2023,04:00:40,01/01/2023 04:00,01/01/2023 01:00,-67.801241,-67.546605
2830,KB_23_42768_43,Female,Killingbeck,2023,01/01/2023,04:02:40,01/01/2023 04:02,01/01/2023 01:02,-67.801218,-67.546645
2831,KB_23_42768_43,Female,Killingbeck,2023,01/01/2023,04:04:39,01/01/2023 04:04,01/01/2023 01:04,-67.801183,-67.546641
2832,KB_23_42768_43,Female,Killingbeck,2023,01/01/2023,04:06:38,01/01/2023 04:06,01/01/2023 01:06,-67.801214,-67.546793
2833,KB_23_42768_43,Female,Killingbeck,2023,01/01/2023,04:08:36,01/01/2023 04:08,01/01/2023 01:08,-67.801333,-67.546784
2834,KB_23_42768_43,Female,Killingbeck,2023,01/01/2023,04:10:36,01/01/2023 04:10,01/01/2023 01:10,-67.80149,-67.546684
2835,KB_23_42768_43,Female,Killingbeck,2023,01/01/2023,04:12:34,01/01/2023 04:12,01/01/2023 01:12,-67.80231,-67.546525
2836,KB_23_42768_43,Female,Killingbeck,2023,01/01/2023,04:14:34,01/01/2023 04:14,01/01/2023 01:14,-67.802931,-67.548158
2837,KB_23_42768_43,Female,Killingbeck,2023,01/01/2023,04:16:33,01/01/2023 04:16,01/01/2023 01:16,-67.802981,-67.546833
2838,KB_23_42768_43,Female,Killingbeck,2023,01/01/2023,04:18:32,01/01/2023 04:18,01/01/2023 01:18,-67.802373,-67.546496
2839,KB_23_42768_43,Female,Killingbeck,2023,01/01/2023,04:20:30,01/01/2023 04:20,01/01/2023 01:20,-67.802421,-67.546525
2840,KB_23_42768_43,Female,Killingbeck,2023,01/01/2023,04:22:31,01/01/2023 04:22,01/01/2023 01:22,-67.802414,-67.546514
2841,KB_23_42768_43,Female,Killingbeck,2023,01/01/2023,04:24:29,01/01/2023 04:24,01/01/2023 01:24,-67.802484,-67.546536
2842,KB_23_42768_43,Female,Killingbeck,2023,01/01/2023,04:26:29,01/01/2023 04:26,01/01/2023 01:26,-67.802197,-67.546429
2843,KB_23_42768_43,Female,Killingbeck,2023,01/01/2023,04:28:30,01/01/2023 04:28,01/01/2023 01:28,-67.802244,-67.546473
2844,KB_23_42768_43,Female,Killingbeck,2023,01/01/2023,04:30:29,01/01/2023 04:30,01/01/2023 01:30,-67.8024,-67.546488
2845,KB_23_42768_43,Female,Killingbeck,2023,01/01/2023,04:32:31,01/01/2023 04:32,01/01/2023 01:32,-67.802084,-67.546493
2846,KB_23_42768_43,Female,Killingbeck,2023,01/01/2023,04:34:27,01/01/2023 04:34,01/01/2023 01:34,-67.802474,-67.546594
2847,KB_23_42768_43,Female,Killingbeck,2023,01/01/2023,04:36:27,01/01/2023 04:36,01/01/2023 01:36,-67.802011,-67.546525
2848,KB_23_42768_43,Female,Killingbeck,2023,01/01/2023,04:38:26,01/01/2023 04:38,01/01/2023 01:38,-67.802224,-67.546529
2849,KB_23_42768_43,Female,Killingbeck,2023,01/01/2023,04:40:24,01/01/2023 04:40,01/01/2023 01:40,-67.802421,-67.546625
2850,KB_23_42768_43,Female,Killingbeck,2023,01/01/2023,04:42:24,01/01/2023 04:42,01/01/2023 01:42,-67.802137,-67.546571
2851,KB_23_42768_43,Female,Killingbeck,2023,01/01/2023,04:44:24,01/01/2023 04:44,01/01/2023 01:44,-67.802339,-67.54645
2852,KB_23_42768_43,Female,Killingbeck,2023,01/01/2023,04:46:23,01/01/2023 04:46,01/01/2023 01:46,-67.802446,-67.546517
2853,KB_23_42768_43,Female,Killingbeck,2023,01/01/2023,04:48:21,01/01/2023 04:48,01/01/2023 01:48,-67.802113,-67.546509
2854,KB_23_42768_43,Female,Killingbeck,2023,01/01/2023,04:50:20,01/01/2023 04:50,01/01/2023 01:50,-67.802384,-67.54655
2855,KB_23_42768_43,Female,Killingbeck,2023,01/01/2023,04:52:20,01/01/2023 04:52,01/01/2023 01:52,-67.802521,-67.546586
2856,KB_23_42768_43,Female,Killingbeck,2023,01/01/2023,04:54:18,01/01/2023 04:54,01/01/2023 01:54,-67.802234,-67.546489
2857,KB_23_42768_43,Female,Killingbeck,2023,01/01/2023,04:56:18,01/01/2023 04:56,01/01/2023 01:56,-67.802292,-67.546572
2858,KB_23_42768_43,Female,Killingbeck,2023,01/01/2023,04:58:19,01/01/2023 04:58,01/01/2023 01:58,-67.801927,-67.54646
2859,KB_23_42768_43,Female,Killingbeck,2023,01/01/2023,05:00:19,01/01/2023 05:00,01/01/2023 02:00,-67.802427,-67.546492
2860,KB_23_42768_43,Female,Killingbeck,2023,01/01/2023,05:02:18,01/01/2023 05:02,01/01/2023 02:02,-67.805698,-67.547391
2861,KB_23_42768_43,Female,Killingbeck,2023,01/01/2023,05:04:17,01/01/2023 05:04,01/01/2023 02:04,-67.805316,-67.547619
2862,KB_23_42768_43,Female,Killingbeck,2023,01/01/2023,05:06:16,01/01/2023 05:06,01/01/2023 02:06,-67.805639,-67.547654
2863,KB_23_42768_43,Female,Killingbeck,2023,01/01/2023,05:08:15,01/01/2023 05:08,01/01/2023 02:08,-67.803509,-67.5476
2864,KB_23_42768_43,Female,Killingbeck,2023,01/01/2023,05:10:15,01/01/2023 05:10,01/01/2023 02:10,-67.798368,-67.547089
2865,KB_23_42768_43,Female,Killingbeck,2023,01/01/2023,05:12:14,01/01/2023 05:12,01/01/2023 02:12,-67.798846,-67.54716
2866,KB_23_42768_43,Female,Killingbeck,2023,01/01/2023,05:14:13,01/01/2023 05:14,01/01/2023 02:14,-67.798443,-67.547063
2867,KB_23_42768_43,Female,Killingbeck,2023,01/01/2023,05:16:11,01/01/2023 05:16,01/01/2023 02:16,-67.799121,-67.547219
2868,KB_23_42768_43,Female,Killingbeck,2023,01/01/2023,05:18:11,01/01/2023 05:18,01/01/2023 02:18,-67.798339,-67.547075
2869,KB_23_42768_43,Female,Killingbeck,2023,01/01/2023,05:20:09,01/01/2023 05:20,01/01/2023 02:20,-67.799179,-67.547196
2870,KB_23_42768_43,Female,Killingbeck,2023,01/01/2023,05:22:09,01/01/2023 05:22,01/01/2023 02:22,-67.798896,-67.547178
2871,KB_23_42768_43,Female,Killingbeck,2023,01/01/2023,05:24:08,01/01/2023 05:24,01/01/2023 02:24,-67.798309,-67.54709
2872,KB_23_42768_43,Female,Killingbeck,2023,01/01/2023,05:26:09,01/01/2023 05:26,01/01/2023 02:26,-67.798371,-67.547131
2873,KB_23_42768_43,Female,Killingbeck,2023,01/01/2023,05:28:09,01/01/2023 05:28,01/01/2023 02:28,-67.798459,-67.54713
2874,KB_23_42768_43,Female,Killingbeck,2023,01/01/2023,05:30:10,01/01/2023 05:30,01/01/2023 02:30,-67.798736,-67.547098
2875,KB_23_42768_43,Female,Killingbeck,2023,01/01/2023,05:32:09,01/01/2023 05:32,01/01/2023 02:32,-67.798529,-67.547124
2876,KB_23_42768_43,Female,Killingbeck,2023,01/01/2023,05:34:05,01/01/2023 05:34,01/01/2023 02:34,-67.796852,-67.547394
2877,KB_23_42768_43,Female,Killingbeck,2023,01/01/2023,05:36:04,01/01/2023 05:36,01/01/2023 02:36,-67.748416,-67.551596
2878,KB_23_42768_43,Female,Killingbeck,2023,01/01/2023,05:38:03,01/01/2023 05:38,01/01/2023 02:38,-67.697589,-67.555422
2879,KB_23_42768_43,Female,Killingbeck,2023,01/01/2023,05:40:02,01/01/2023 05:40,01/01/2023 02:40,-67.645494,-67.557229
2880,KB_23_42768_43,Female,Killingbeck,2023,01/01/2023,05:42:01,01/01/2023 05:42,01/01/2023 02:42,-67.608506,-67.55879
2881,KB_23_42768_43,Female,Killingbeck,2023,01/01/2023,05:44:01,01/01/2023 05:44,01/01/2023 02:44,-67.56181,-67.557478
2882,KB_23_42768_43,Female,Killingbeck,2023,01/01/2023,05:46:00,01/01/2023 05:46,01/01/2023 02:46,-67.51988,-67.554965
2883,KB_23_42768_43,Female,Killingbeck,2023,01/01/2023,05:47:59,01/01/2023 05:47,01/01/2023 02:47,-67.482733,-67.55176
2884,KB_23_42768_43,Female,Killingbeck,2023,01/01/2023,05:49:58,01/01/2023 05:49,01/01/2023 02:49,-67.442182,-67.547092
2885,KB_23_42768_43,Female,Killingbeck,2023,01/01/2023,05:51:58,01/01/2023 05:51,01/01/2023 02:51,-67.440929,-67.546848
2886,KB_23_42768_43,Female,Killingbeck,2023,01/01/2023,05:53:57,01/01/2023 05:53,01/01/2023 02:53,-67.440456,-67.54681
2887,KB_23_42768_43,Female,Killingbeck,2023,01/01/2023,05:55:58,01/01/2023 05:55,01/01/2023 02:55,-67.440809,-67.54684
2888,KB_23_42768_43,Female,Killingbeck,2023,01/01/2023,05:57:58,01/01/2023 05:57,01/01/2023 02:57,-67.44041,-67.54694
2889,KB_23_42768_43,Female,Killingbeck,2023,01/01/2023,05:59:59,01/01/2023 05:59,01/01/2023 02:59,-67.440587,-67.546731
2890,KB_23_42768_43,Female,Killingbeck,2023,01/01/2023,06:01:55,01/01/2023 06:01,01/01/2023 03:01,-67.440494,-67.54668
2891,KB_23_42768_43,Female,Killingbeck,2023,01/01/2023,06:03:54,01/01/2023 06:03,01/01/2023 03:03,-67.439908,-67.547133
2892,KB_23_42768_43,Female,Killingbeck,2023,01/01/2023,06:05:56,01/01/2023 06:05,01/01/2023 03:05,-67.440377,-67.546804
2893,KB_23_42768_43,Female,Killingbeck,2023,01/01/2023,06:07:53,01/01/2023 06:07,01/01/2023 03:07,-67.439935,-67.546973
2894,KB_23_42768_43,Female,Killingbeck,2023,01/01/2023,06:09:51,01/01/2023 06:09,01/01/2023 03:09,-67.44008,-67.546769
2895,KB_23_42768_43,Female,Killingbeck,2023,01/01/2023,06:11:51,01/01/2023 06:11,01/01/2023 03:11,-67.440501,-67.54662
2896,KB_23_42768_43,Female,Killingbeck,2023,01/01/2023,06:13:51,01/01/2023 06:13,01/01/2023 03:13,-67.440296,-67.546525
2897,KB_23_42768_43,Female,Killingbeck,2023,01/01/2023,06:15:50,01/01/2023 06:15,01/01/2023 03:15,-67.440683,-67.546453
2898,KB_23_42768_43,Female,Killingbeck,2023,01/01/2023,06:17:48,01/01/2023 06:17,01/01/2023 03:17,-67.440354,-67.546552
2899,KB_23_42768_43,Female,Killingbeck,2023,01/01/2023,06:19:47,01/01/2023 06:19,01/01/2023 03:19,-67.439999,-67.546535
2900,KB_23_42768_43,Female,Killingbeck,2023,01/01/2023,06:21:46,01/01/2023 06:21,01/01/2023 03:21,-67.439631,-67.546746
2901,KB_23_42768_43,Female,Killingbeck,2023,01/01/2023,06:23:45,01/01/2023 06:23,01/01/2023 03:23,-67.439663,-67.546287
2902,KB_23_42768_43,Female,Killingbeck,2023,01/01/2023,06:25:44,01/01/2023 06:25,01/01/2023 03:25,-67.439154,-67.546561
2903,KB_23_42768_43,Female,Killingbeck,2023,01/01/2023,06:27:59,01/01/2023 06:27,01/01/2023 03:27,-67.438904,-67.547008
2904,KB_23_42768_43,Female,Killingbeck,2023,01/01/2023,06:29:58,01/01/2023 06:29,01/01/2023 03:29,-67.439173,-67.546808
2905,KB_23_42768_43,Female,Killingbeck,2023,01/01/2023,06:31:58,01/01/2023 06:31,01/01/2023 03:31,-67.439127,-67.546831
2906,KB_23_42768_43,Female,Killingbeck,2023,01/01/2023,06:33:57,01/01/2023 06:33,01/01/2023 03:33,-67.438963,-67.546748
2907,KB_23_42768_43,Female,Killingbeck,2023,01/01/2023,06:37:24,01/01/2023 06:37,01/01/2023 03:37,-67.438685,-67.547613
2908,KB_23_42768_43,Female,Killingbeck,2023,01/01/2023,06:39:20,01/01/2023 06:39,01/01/2023 03:39,-67.439677,-67.547301
2909,KB_23_42768_43,Female,Killingbeck,2023,01/01/2023,06:41:19,01/01/2023 06:41,01/01/2023 03:41,-67.438979,-67.547318
2910,KB_23_42768_43,Female,Killingbeck,2023,01/01/2023,06:43:18,01/01/2023 06:43,01/01/2023 03:43,-67.430089,-67.545895
2911,KB_23_42768_43,Female,Killingbeck,2023,01/01/2023,06:45:17,01/01/2023 06:45,01/01/2023 03:45,-67.399087,-67.538638
2912,KB_23_42768_43,Female,Killingbeck,2023,01/01/2023,06:47:21,01/01/2023 06:47,01/01/2023 03:47,-67.399641,-67.538911
2913,KB_23_42768_43,Female,Killingbeck,2023,01/01/2023,06:49:18,01/01/2023 06:49,01/01/2023 03:49,-67.399196,-67.538779
2914,KB_23_42768_43,Female,Killingbeck,2023,01/01/2023,06:51:17,01/01/2023 06:51,01/01/2023 03:51,-67.399019,-67.538725
2915,KB_23_42768_43,Female,Killingbeck,2023,01/01/2023,06:53:19,01/01/2023 06:53,01/01/2023 03:53,-67.399051,-67.538796
2916,KB_23_42768_43,Female,Killingbeck,2023,01/01/2023,06:55:18,01/01/2023 06:55,01/01/2023 03:55,-67.399009,-67.538757
2917,KB_23_42768_43,Female,Killingbeck,2023,01/01/2023,06:57:17,01/01/2023 06:57,01/01/2023 03:57,-67.398947,-67.538808
2918,KB_23_42768_43,Female,Killingbeck,2023,01/01/2023,06:59:20,01/01/2023 06:59,01/01/2023 03:59,-67.399605,-67.539595
2919,KB_23_42768_43,Female,Killingbeck,2023,01/01/2023,07:01:16,01/01/2023 07:01,01/01/2023 04:01,-67.398987,-67.538691
2920,KB_23_42768_43,Female,Killingbeck,2023,01/01/2023,07:03:16,01/01/2023 07:03,01/01/2023 04:03,-67.399056,-67.538847
2921,KB_23_42768_43,Female,Killingbeck,2023,01/01/2023,07:05:17,01/01/2023 07:05,01/01/2023 04:05,-67.399837,-67.539656
2922,KB_23_42768_43,Female,Killingbeck,2023,01/01/2023,07:07:16,01/01/2023 07:07,01/01/2023 04:07,-67.399837,-67.539594
2923,KB_23_42768_43,Female,Killingbeck,2023,01/01/2023,07:09:15,01/01/2023 07:09,01/01/2023 04:09,-67.399093,-67.538887
2924,KB_23_42768_43,Female,Killingbeck,2023,01/01/2023,07:11:14,01/01/2023 07:11,01/01/2023 04:11,-67.400117,-67.539955
2925,KB_23_42768_43,Female,Killingbeck,2023,01/01/2023,07:13:11,01/01/2023 07:13,01/01/2023 04:13,-67.399171,-67.53879
2926,KB_23_42768_43,Female,Killingbeck,2023,01/01/2023,07:15:12,01/01/2023 07:15,01/01/2023 04:15,-67.398572,-67.538377
2927,KB_23_42768_43,Female,Killingbeck,2023,01/01/2023,07:17:10,01/01/2023 07:17,01/01/2023 04:17,-67.399135,-67.538921
2928,KB_23_42768_43,Female,Killingbeck,2023,01/01/2023,07:19:09,01/01/2023 07:19,01/01/2023 04:19,-67.399074,-67.538592
2929,KB_23_42768_43,Female,Killingbeck,2023,01/01/2023,07:21:07,01/01/2023 07:21,01/01/2023 04:21,-67.398932,-67.538619
2930,KB_23_42768_43,Female,Killingbeck,2023,01/01/2023,07:23:07,01/01/2023 07:23,01/01/2023 04:23,-67.399011,-67.5386
2931,KB_23_42768_43,Female,Killingbeck,2023,01/01/2023,07:25:05,01/01/2023 07:25,01/01/2023 04:25,-67.399095,-67.538615
2932,KB_23_42768_43,Female,Killingbeck,2023,01/01/2023,07:27:06,01/01/2023 07:27,01/01/2023 04:27,-67.398909,-67.538591
2933,KB_23_42768_43,Female,Killingbeck,2023,01/01/2023,07:29:06,01/01/2023 07:29,01/01/2023 04:29,-67.3991,-67.538626
2934,KB_23_42768_43,Female,Killingbeck,2023,01/01/2023,07:31:05,01/01/2023 07:31,01/01/2023 04:31,-67.399084,-67.538667
2935,KB_23_42768_43,Female,Killingbeck,2023,01/01/2023,07:33:05,01/01/2023 07:33,01/01/2023 04:33,-67.398797,-67.538576
2936,KB_23_42768_43,Female,Killingbeck,2023,01/01/2023,07:35:14,01/01/2023 07:35,01/01/2023 04:35,-67.399077,-67.538613
2937,KB_23_42768_43,Female,Killingbeck,2023,01/01/2023,07:37:03,01/01/2023 07:37,01/01/2023 04:37,-67.398949,-67.538591
2938,KB_23_42768_43,Female,Killingbeck,2023,01/01/2023,07:39:01,01/01/2023 07:39,01/01/2023 04:39,-67.398908,-67.538579
2939,KB_23_42768_43,Female,Killingbeck,2023,01/01/2023,07:41:02,01/01/2023 07:41,01/01/2023 04:41,-67.39871,-67.538569
2940,KB_23_42768_43,Female,Killingbeck,2023,01/01/2023,07:43:00,01/01/2023 07:43,01/01/2023 04:43,-67.399229,-67.538686
2941,KB_23_42768_43,Female,Killingbeck,2023,01/01/2023,07:44:59,01/01/2023 07:44,01/01/2023 04:44,-67.399086,-67.53869
2942,KB_23_42768_43,Female,Killingbeck,2023,01/01/2023,07:47:00,01/01/2023 07:47,01/01/2023 04:47,-67.398929,-67.538567
2943,KB_23_42768_43,Female,Killingbeck,2023,01/01/2023,07:48:58,01/01/2023 07:48,01/01/2023 04:48,-67.398669,-67.538572
2944,KB_23_42768_43,Female,Killingbeck,2023,01/01/2023,07:50:56,01/01/2023 07:50,01/01/2023 04:50,-67.398906,-67.538637
2945,KB_23_42768_43,Female,Killingbeck,2023,01/01/2023,07:52:57,01/01/2023 07:52,01/01/2023 04:52,-67.398535,-67.538513
2946,KB_23_42768_43,Female,Killingbeck,2023,01/01/2023,07:54:54,01/01/2023 07:54,01/01/2023 04:54,-67.399108,-67.53864
2947,KB_23_42768_43,Female,Killingbeck,2023,01/01/2023,07:56:58,01/01/2023 07:56,01/01/2023 04:56,-67.399734,-67.538319
2948,KB_23_42768_43,Female,Killingbeck,2023,01/01/2023,07:58:55,01/01/2023 07:58,01/01/2023 04:58,-67.399275,-67.538532
2949,KB_23_42768_43,Female,Killingbeck,2023,01/01/2023,08:00:56,01/01/2023 08:00,01/01/2023 05:00,-67.398816,-67.538508
2950,KB_23_42768_43,Female,Killingbeck,2023,01/01/2023,08:02:56,01/01/2023 08:02,01/01/2023 05:02,-67.399769,-67.538275
2951,KB_23_42768_43,Female,Killingbeck,2023,01/01/2023,08:04:53,01/01/2023 08:04,01/01/2023 05:04,-67.399222,-67.538678
2952,KB_23_42768_43,Female,Killingbeck,2023,01/01/2023,08:06:52,01/01/2023 08:06,01/01/2023 05:06,-67.399181,-67.538646
2953,KB_23_42768_43,Female,Killingbeck,2023,01/01/2023,08:08:51,01/01/2023 08:08,01/01/2023 05:08,-67.399134,-67.538667
2954,KB_23_42768_43,Female,Killingbeck,2023,01/01/2023,08:10:49,01/01/2023 08:10,01/01/2023 05:10,-67.399042,-67.538648
2955,KB_23_42768_43,Female,Killingbeck,2023,01/01/2023,08:12:48,01/01/2023 08:12,01/01/2023 05:12,-67.399036,-67.538656
2956,KB_23_42768_43,Female,Killingbeck,2023,01/01/2023,08:14:48,01/01/2023 08:14,01/01/2023 05:14,-67.399099,-67.538645
2957,KB_23_42768_43,Female,Killingbeck,2023,01/01/2023,08:16:47,01/01/2023 08:16,01/01/2023 05:16,-67.399076,-67.538677
2958,KB_23_42768_43,Female,Killingbeck,2023,01/01/2023,08:18:46,01/01/2023 08:18,01/01/2023 05:18,-67.399136,-67.538564
2959,KB_23_42768_43,Female,Killingbeck,2023,01/01/2023,08:20:45,01/01/2023 08:20,01/01/2023 05:20,-67.398956,-67.538618
2960,KB_23_42768_43,Female,Killingbeck,2023,01/01/2023,08:22:44,01/01/2023 08:22,01/01/2023 05:22,-67.399061,-67.538679
2961,KB_23_42768_43,Female,Killingbeck,2023,01/01/2023,08:24:42,01/01/2023 08:24,01/01/2023 05:24,-67.399238,-67.538641
2962,KB_23_42768_43,Female,Killingbeck,2023,01/01/2023,08:26:43,01/01/2023 08:26,01/01/2023 05:26,-67.399038,-67.538679
2963,KB_23_42768_43,Female,Killingbeck,2023,01/01/2023,08:28:44,01/01/2023 08:28,01/01/2023 05:28,-67.398819,-67.538571
2964,KB_23_42768_43,Female,Killingbeck,2023,01/01/2023,08:30:41,01/01/2023 08:30,01/01/2023 05:30,-67.398522,-67.539085
2965,KB_23_42768_43,Female,Killingbeck,2023,01/01/2023,08:32:40,01/01/2023 08:32,01/01/2023 05:32,-67.438353,-67.546556
2966,KB_23_42768_43,Female,Killingbeck,2023,01/01/2023,08:34:39,01/01/2023 08:34,01/01/2023 05:34,-67.434145,-67.54583
2967,KB_23_42768_43,Female,Killingbeck,2023,01/01/2023,08:38:11,01/01/2023 08:38,01/01/2023 05:38,-67.431677,-67.545107
2968,KB_23_42768_43,Female,Killingbeck,2023,01/01/2023,08:40:08,01/01/2023 08:40,01/01/2023 05:40,-67.431282,-67.545182
2969,KB_23_42768_43,Female,Killingbeck,2023,01/01/2023,08:43:37,01/01/2023 08:43,01/01/2023 05:43,-67.428797,-67.544625
2970,KB_23_42768_43,Female,Killingbeck,2023,01/01/2023,08:45:36,01/01/2023 08:45,01/01/2023 05:45,-67.44218,-67.548066
2971,KB_23_42768_43,Female,Killingbeck,2023,01/01/2023,08:47:36,01/01/2023 08:47,01/01/2023 05:47,-67.439746,-67.546955
2972,KB_23_42768_43,Female,Killingbeck,2023,01/01/2023,08:49:49,01/01/2023 08:49,01/01/2023 05:49,-67.439539,-67.547002
2973,KB_23_42768_43,Female,Killingbeck,2023,01/01/2023,08:51:47,01/01/2023 08:51,01/01/2023 05:51,-67.440165,-67.546289
2974,KB_23_42768_43,Female,Killingbeck,2023,01/01/2023,08:53:46,01/01/2023 08:53,01/01/2023 05:53,-67.489466,-67.551426
2975,KB_23_42768_43,Female,Killingbeck,2023,01/01/2023,08:55:46,01/01/2023 08:55,01/01/2023 05:55,-67.539944,-67.552487
2976,KB_23_42768_43,Female,Killingbeck,2023,01/01/2023,08:57:44,01/01/2023 08:57,01/01/2023 05:57,-67.540298,-67.552416
2977,KB_23_42768_43,Female,Killingbeck,2023,01/01/2023,08:59:46,01/01/2023 08:59,01/01/2023 05:59,-67.540057,-67.5524
2978,KB_23_42768_43,Female,Killingbeck,2023,01/01/2023,09:01:45,01/01/2023 09:01,01/01/2023 06:01,-67.540006,-67.552419
2979,KB_23_42768_43,Female,Killingbeck,2023,01/01/2023,09:03:44,01/01/2023 09:03,01/01/2023 06:03,-67.539942,-67.552394
2980,KB_23_42768_43,Female,Killingbeck,2023,01/01/2023,09:05:43,01/01/2023 09:05,01/01/2023 06:05,-67.540016,-67.55243
2981,KB_23_42768_43,Female,Killingbeck,2023,01/01/2023,09:07:43,01/01/2023 09:07,01/01/2023 06:07,-67.549037,-67.553743
2982,KB_23_42768_43,Female,Killingbeck,2023,01/01/2023,09:09:41,01/01/2023 09:09,01/01/2023 06:09,-67.591843,-67.557608
2983,KB_23_42768_43,Female,Killingbeck,2023,01/01/2023,09:11:40,01/01/2023 09:11,01/01/2023 06:11,-67.642644,-67.557842
2984,KB_23_42768_43,Female,Killingbeck,2023,01/01/2023,09:13:40,01/01/2023 09:13,01/01/2023 06:13,-67.697206,-67.557604
2985,KB_23_42768_43,Female,Killingbeck,2023,01/01/2023,09:15:39,01/01/2023 09:15,01/01/2023 06:15,-67.709193,-67.556545
2986,KB_23_42768_43,Female,Killingbeck,2023,01/01/2023,09:17:38,01/01/2023 09:17,01/01/2023 06:17,-67.709112,-67.556611
2987,KB_23_42768_43,Female,Killingbeck,2023,01/01/2023,09:19:37,01/01/2023 09:19,01/01/2023 06:19,-67.709159,-67.556541
2988,KB_23_42768_43,Female,Killingbeck,2023,01/01/2023,09:21:36,01/01/2023 09:21,01/01/2023 06:21,-67.709209,-67.556581
2989,KB_23_42768_43,Female,Killingbeck,2023,01/01/2023,09:23:35,01/01/2023 09:23,01/01/2023 06:23,-67.708977,-67.556602
2990,KB_23_42768_43,Female,Killingbeck,2023,01/01/2023,09:25:34,01/01/2023 09:25,01/01/2023 06:25,-67.708947,-67.556565
2991,KB_23_42768_43,Female,Killingbeck,2023,01/01/2023,09:27:33,01/01/2023 09:27,01/01/2023 06:27,-67.709054,-67.556584
2992,KB_23_42768_43,Female,Killingbeck,2023,01/01/2023,09:29:33,01/01/2023 09:29,01/01/2023 06:29,-67.743661,-67.556165
2993,KB_23_42768_43,Female,Killingbeck,2023,01/01/2023,09:31:34,01/01/2023 09:31,01/01/2023 06:31,-67.796224,-67.561898
2994,KB_23_42768_43,Female,Killingbeck,2023,01/01/2023,09:33:33,01/01/2023 09:33,01/01/2023 06:33,-67.840057,-67.57376
2995,KB_23_42768_43,Female,Killingbeck,2023,01/01/2023,09:35:32,01/01/2023 09:35,01/01/2023 06:35,-67.898758,-67.575538
2996,KB_23_42768_43,Female,Killingbeck,2023,01/01/2023,09:37:31,01/01/2023 09:37,01/01/2023 06:37,-67.958534,-67.574536
2997,KB_23_42768_43,Female,Killingbeck,2023,01/01/2023,09:39:30,01/01/2023 09:39,01/01/2023 06:39,-68.015774,-67.572965
2998,KB_23_42768_43,Female,Killingbeck,2023,01/01/2023,09:41:38,01/01/2023 09:41,01/01/2023 06:41,-68.069561,-67.570639
2999,KB_23_42768_43,Female,Killingbeck,2023,01/01/2023,09:43:30,01/01/2023 09:43,01/01/2023 06:43,-68.0694,-67.570641
3000,KB_23_42768_43,Female,Killingbeck,2023,01/01/2023,09:45:29,01/01/2023 09:45,01/01/2023 06:45,-68.069485,-67.570641
3001,KB_23_42768_43,Female,Killingbeck,2023,01/01/2023,09:47:30,01/01/2023 09:47,01/01/2023 06:47,-68.069478,-67.570533
3002,KB_23_42768_43,Female,Killingbeck,2023,01/01/2023,09:49:34,01/01/2023 09:49,01/01/2023 06:49,-68.069495,-67.570586
3003,KB_23_42768_43,Female,Killingbeck,2023,01/01/2023,09:51:39,01/01/2023 09:51,01/01/2023 06:51,-68.064671,-67.569793
3004,KB_23_42768_43,Female,Killingbeck,2023,01/01/2023,09:53:29,01/01/2023 09:53,01/01/2023 06:53,-68.067511,-67.570329
3005,KB_23_42768_43,Female,Killingbeck,2023,01/01/2023,09:55:26,01/01/2023 09:55,01/01/2023 06:55,-68.069434,-67.570636
3006,KB_23_42768_43,Female,Killingbeck,2023,01/01/2023,09:57:25,01/01/2023 09:57,01/01/2023 06:57,-68.069495,-67.570668
3007,KB_23_42768_43,Female,Killingbeck,2023,01/01/2023,09:59:24,01/01/2023 09:59,01/01/2023 06:59,-68.069554,-67.570681
3008,KB_23_42768_43,Female,Killingbeck,2023,01/01/2023,10:01:06,01/01/2023 10:01,01/01/2023 07:01,-68.069417,-67.570689
3009,KB_23_42768_43,Female,Killingbeck,2023,01/01/2023,10:03:04,01/01/2023 10:03,01/01/2023 07:03,-68.069424,-67.570587
3010,KB_23_42768_43,Female,Killingbeck,2023,01/01/2023,10:05:06,01/01/2023 10:05,01/01/2023 07:05,-68.067797,-67.570423
3011,KB_23_42768_43,Female,Killingbeck,2023,01/01/2023,10:07:05,01/01/2023 10:07,01/01/2023 07:07,-68.069548,-67.570646
3012,KB_23_42768_43,Female,Killingbeck,2023,01/01/2023,10:09:02,01/01/2023 10:09,01/01/2023 07:09,-68.06942,-67.570563
3013,KB_23_42768_43,Female,Killingbeck,2023,01/01/2023,10:11:01,01/01/2023 10:11,01/01/2023 07:11,-68.069422,-67.570667
3014,KB_23_42768_43,Female,Killingbeck,2023,01/01/2023,10:13:00,01/01/2023 10:13,01/01/2023 07:13,-68.069383,-67.570558
3015,KB_23_42768_43,Female,Killingbeck,2023,01/01/2023,10:15:01,01/01/2023 10:15,01/01/2023 07:15,-68.069483,-67.570605
3016,KB_23_42768_43,Female,Killingbeck,2023,01/01/2023,10:17:00,01/01/2023 10:17,01/01/2023 07:17,-68.069726,-67.570709
3017,KB_23_42768_43,Female,Killingbeck,2023,01/01/2023,10:18:57,01/01/2023 10:18,01/01/2023 07:18,-68.069584,-67.570686
3018,KB_23_42768_43,Female,Killingbeck,2023,01/01/2023,10:20:56,01/01/2023 10:20,01/01/2023 07:20,-68.06942,-67.570643
3019,KB_23_42768_43,Female,Killingbeck,2023,01/01/2023,10:22:57,01/01/2023 10:22,01/01/2023 07:22,-68.069342,-67.570577
3020,KB_23_42768_43,Female,Killingbeck,2023,01/01/2023,10:24:54,01/01/2023 10:24,01/01/2023 07:24,-68.069321,-67.570543
3021,KB_23_42768_43,Female,Killingbeck,2023,01/01/2023,10:27:06,01/01/2023 10:27,01/01/2023 07:27,-68.06936,-67.570588
3022,KB_23_42768_43,Female,Killingbeck,2023,01/01/2023,10:28:54,01/01/2023 10:28,01/01/2023 07:28,-68.069451,-67.570596
3023,KB_23_42768_43,Female,Killingbeck,2023,01/01/2023,10:30:42,01/01/2023 10:30,01/01/2023 07:30,-68.069286,-67.570607
3024,KB_23_42768_43,Female,Killingbeck,2023,01/01/2023,10:32:41,01/01/2023 10:32,01/01/2023 07:32,-68.069576,-67.570497
3025,KB_23_42768_43,Female,Killingbeck,2023,01/01/2023,10:34:41,01/01/2023 10:34,01/01/2023 07:34,-68.069633,-67.570781
3026,KB_23_42768_43,Female,Killingbeck,2023,01/01/2023,10:36:39,01/01/2023 10:36,01/01/2023 07:36,-68.069472,-67.570597
3027,KB_23_42768_43,Female,Killingbeck,2023,01/01/2023,10:38:37,01/01/2023 10:38,01/01/2023 07:38,-68.069429,-67.57058
3028,KB_23_42768_43,Female,Killingbeck,2023,01/01/2023,10:40:36,01/01/2023 10:40,01/01/2023 07:40,-68.069682,-67.570574
3029,KB_23_42768_43,Female,Killingbeck,2023,01/01/2023,10:42:35,01/01/2023 10:42,01/01/2023 07:42,-68.069522,-67.570545
3030,KB_23_42768_43,Female,Killingbeck,2023,01/01/2023,10:44:35,01/01/2023 10:44,01/01/2023 07:44,-68.069532,-67.57048
3031,KB_23_42768_43,Female,Killingbeck,2023,01/01/2023,10:46:36,01/01/2023 10:46,01/01/2023 07:46,-68.067364,-67.569553
3032,KB_23_42768_43,Female,Killingbeck,2023,01/01/2023,10:48:33,01/01/2023 10:48,01/01/2023 07:48,-68.069512,-67.570509
3033,KB_23_42768_43,Female,Killingbeck,2023,01/01/2023,10:50:31,01/01/2023 10:50,01/01/2023 07:50,-68.069665,-67.570541
3034,KB_23_42768_43,Female,Killingbeck,2023,01/01/2023,10:52:30,01/01/2023 10:52,01/01/2023 07:52,-68.069555,-67.570562
3035,KB_23_42768_43,Female,Killingbeck,2023,01/01/2023,10:54:31,01/01/2023 10:54,01/01/2023 07:54,-68.069487,-67.570636
3036,KB_23_42768_43,Female,Killingbeck,2023,01/01/2023,10:56:29,01/01/2023 10:56,01/01/2023 07:56,-68.069417,-67.570586
3037,KB_23_42768_43,Female,Killingbeck,2023,01/01/2023,10:58:28,01/01/2023 10:58,01/01/2023 07:58,-68.06949,-67.570479
3038,KB_23_42768_43,Female,Killingbeck,2023,01/01/2023,11:00:25,01/01/2023 11:00,01/01/2023 08:00,-68.069615,-67.570499
3039,KB_23_42768_43,Female,Killingbeck,2023,01/01/2023,11:02:24,01/01/2023 11:02,01/01/2023 08:02,-68.069334,-67.570619
3040,KB_23_42768_43,Female,Killingbeck,2023,01/01/2023,11:04:24,01/01/2023 11:04,01/01/2023 08:04,-68.069524,-67.570551
3041,KB_23_42768_43,Female,Killingbeck,2023,01/01/2023,11:06:22,01/01/2023 11:06,01/01/2023 08:06,-68.069808,-67.57057
3042,KB_23_42768_43,Female,Killingbeck,2023,01/01/2023,11:08:22,01/01/2023 11:08,01/01/2023 08:08,-68.069501,-67.570559
3043,KB_23_42768_43,Female,Killingbeck,2023,01/01/2023,11:10:21,01/01/2023 11:10,01/01/2023 08:10,-68.069834,-67.570604
3044,KB_23_42768_43,Female,Killingbeck,2023,01/01/2023,11:12:22,01/01/2023 11:12,01/01/2023 08:12,-68.069759,-67.570556
3045,KB_23_42768_43,Female,Killingbeck,2023,01/01/2023,11:14:19,01/01/2023 11:14,01/01/2023 08:14,-68.069638,-67.570634
3046,KB_23_42768_43,Female,Killingbeck,2023,01/01/2023,11:16:18,01/01/2023 11:16,01/01/2023 08:16,-68.069882,-67.570617
3047,KB_23_42768_43,Female,Killingbeck,2023,01/01/2023,11:18:17,01/01/2023 11:18,01/01/2023 08:18,-68.069519,-67.570601
3048,KB_23_42768_43,Female,Killingbeck,2023,01/01/2023,11:20:16,01/01/2023 11:20,01/01/2023 08:20,-68.069592,-67.57065
3049,KB_23_42768_43,Female,Killingbeck,2023,01/01/2023,11:22:14,01/01/2023 11:22,01/01/2023 08:22,-68.069888,-67.570622
3050,KB_23_42768_43,Female,Killingbeck,2023,01/01/2023,11:24:14,01/01/2023 11:24,01/01/2023 08:24,-68.069663,-67.570595
3051,KB_23_42768_43,Female,Killingbeck,2023,01/01/2023,11:26:14,01/01/2023 11:26,01/01/2023 08:26,-68.069816,-67.570632
3052,KB_23_42768_43,Female,Killingbeck,2023,01/01/2023,11:28:14,01/01/2023 11:28,01/01/2023 08:28,-68.069566,-67.57063
3053,KB_23_42768_43,Female,Killingbeck,2023,01/01/2023,11:30:10,01/01/2023 11:30,01/01/2023 08:30,-68.069588,-67.570645
3054,KB_23_42768_43,Female,Killingbeck,2023,01/01/2023,11:32:09,01/01/2023 11:32,01/01/2023 08:32,-68.069496,-67.57062
3055,KB_23_42768_43,Female,Killingbeck,2023,01/01/2023,11:34:08,01/01/2023 11:34,01/01/2023 08:34,-68.069952,-67.570655
3056,KB_23_42768_43,Female,Killingbeck,2023,01/01/2023,11:36:07,01/01/2023 11:36,01/01/2023 08:36,-68.069774,-67.570608
3057,KB_23_42768_43,Female,Killingbeck,2023,01/01/2023,11:38:06,01/01/2023 11:38,01/01/2023 08:38,-68.069749,-67.570608
3058,KB_23_42768_43,Female,Killingbeck,2023,01/01/2023,11:40:05,01/01/2023 11:40,01/01/2023 08:40,-68.069481,-67.570625
3059,KB_23_42768_43,Female,Killingbeck,2023,01/01/2023,11:42:04,01/01/2023 11:42,01/01/2023 08:42,-68.069682,-67.570659
3060,KB_23_42768_43,Female,Killingbeck,2023,01/01/2023,11:44:02,01/01/2023 11:44,01/01/2023 08:44,-68.069593,-67.570644
3061,KB_23_42768_43,Female,Killingbeck,2023,01/01/2023,11:46:01,01/01/2023 11:46,01/01/2023 08:46,-68.069661,-67.57068
3062,KB_23_42768_43,Female,Killingbeck,2023,01/01/2023,11:48:00,01/01/2023 11:48,01/01/2023 08:48,-68.069564,-67.570644
3063,KB_23_42768_43,Female,Killingbeck,2023,01/01/2023,11:49:59,01/01/2023 11:49,01/01/2023 08:49,-68.069522,-67.570632
3064,KB_23_42768_43,Female,Killingbeck,2023,01/01/2023,11:51:59,01/01/2023 11:51,01/01/2023 08:51,-68.069605,-67.5706
3065,KB_23_42768_43,Female,Killingbeck,2023,01/01/2023,11:53:58,01/01/2023 11:53,01/01/2023 08:53,-68.069445,-67.57059
3066,KB_23_42768_43,Female,Killingbeck,2023,01/01/2023,11:55:57,01/01/2023 11:55,01/01/2023 08:55,-68.069628,-67.570671
3067,KB_23_42768_43,Female,Killingbeck,2023,01/01/2023,11:57:56,01/01/2023 11:57,01/01/2023 08:57,-68.069387,-67.570577
3068,KB_23_42768_43,Female,Killingbeck,2023,01/01/2023,11:59:44,01/01/2023 11:59,01/01/2023 08:59,-68.069498,-67.570643
3069,KB_23_42768_43,Female,Killingbeck,2023,01/01/2023,12:01:43,01/01/2023 12:01,01/01/2023 09:01,-68.069548,-67.570649
3070,KB_23_42768_43,Female,Killingbeck,2023,01/01/2023,12:03:42,01/01/2023 12:03,01/01/2023 09:03,-68.069535,-67.570614
3071,KB_23_42768_43,Female,Killingbeck,2023,01/01/2023,12:05:41,01/01/2023 12:05,01/01/2023 09:05,-68.06941,-67.570679
3072,KB_23_42768_43,Female,Killingbeck,2023,01/01/2023,12:07:40,01/01/2023 12:07,01/01/2023 09:07,-68.069475,-67.570656
3073,KB_23_42768_43,Female,Killingbeck,2023,01/01/2023,12:09:39,01/01/2023 12:09,01/01/2023 09:09,-68.069433,-67.570634
3074,KB_23_42768_43,Female,Killingbeck,2023,01/01/2023,12:11:38,01/01/2023 12:11,01/01/2023 09:11,-68.069529,-67.570637
3075,KB_23_42768_43,Female,Killingbeck,2023,01/01/2023,12:13:37,01/01/2023 12:13,01/01/2023 09:13,-68.069595,-67.570636
3076,KB_23_42768_43,Female,Killingbeck,2023,01/01/2023,12:15:36,01/01/2023 12:15,01/01/2023 09:15,-68.069558,-67.570657
3077,KB_23_42768_43,Female,Killingbeck,2023,01/01/2023,12:17:36,01/01/2023 12:17,01/01/2023 09:17,-68.069599,-67.570653
3078,KB_23_42768_43,Female,Killingbeck,2023,01/01/2023,12:19:35,01/01/2023 12:19,01/01/2023 09:19,-68.0696,-67.570648
3079,KB_23_42768_43,Female,Killingbeck,2023,01/01/2023,12:21:35,01/01/2023 12:21,01/01/2023 09:21,-68.069731,-67.570711
3080,KB_23_42768_43,Female,Killingbeck,2023,01/01/2023,12:23:34,01/01/2023 12:23,01/01/2023 09:23,-68.069483,-67.570555
3081,KB_23_42768_43,Female,Killingbeck,2023,01/01/2023,12:25:33,01/01/2023 12:25,01/01/2023 09:25,-68.069573,-67.57062
3082,KB_23_42768_43,Female,Killingbeck,2023,01/01/2023,12:27:32,01/01/2023 12:27,01/01/2023 09:27,-68.069526,-67.570613
3083,KB_23_42768_43,Female,Killingbeck,2023,01/01/2023,12:29:20,01/01/2023 12:29,01/01/2023 09:29,-68.069592,-67.570646
3084,KB_23_42768_43,Female,Killingbeck,2023,01/01/2023,12:31:19,01/01/2023 12:31,01/01/2023 09:31,-68.069609,-67.570593
3085,KB_23_42768_43,Female,Killingbeck,2023,01/01/2023,12:33:19,01/01/2023 12:33,01/01/2023 09:33,-68.069541,-67.570646
3086,KB_23_42768_43,Female,Killingbeck,2023,01/01/2023,12:35:17,01/01/2023 12:35,01/01/2023 09:35,-68.069533,-67.570621
3087,KB_23_42768_43,Female,Killingbeck,2023,01/01/2023,12:37:16,01/01/2023 12:37,01/01/2023 09:37,-68.069513,-67.570591
3088,KB_23_42768_43,Female,Killingbeck,2023,01/01/2023,12:39:15,01/01/2023 12:39,01/01/2023 09:39,-68.069497,-67.570624
3089,KB_23_42768_43,Female,Killingbeck,2023,01/01/2023,12:41:14,01/01/2023 12:41,01/01/2023 09:41,-68.069605,-67.570609
3090,KB_23_42768_43,Female,Killingbeck,2023,01/01/2023,12:43:13,01/01/2023 12:43,01/01/2023 09:43,-68.06949,-67.570605
3091,KB_23_42768_43,Female,Killingbeck,2023,01/01/2023,12:45:12,01/01/2023 12:45,01/01/2023 09:45,-68.069569,-67.570599
3092,KB_23_42768_43,Female,Killingbeck,2023,01/01/2023,12:47:11,01/01/2023 12:47,01/01/2023 09:47,-68.069743,-67.570669
3093,KB_23_42768_43,Female,Killingbeck,2023,01/01/2023,12:49:11,01/01/2023 12:49,01/01/2023 09:49,-68.069749,-67.570747
3094,KB_23_42768_43,Female,Killingbeck,2023,01/01/2023,12:51:09,01/01/2023 12:51,01/01/2023 09:51,-68.069372,-67.570518
3095,KB_23_42768_43,Female,Killingbeck,2023,01/01/2023,12:53:08,01/01/2023 12:53,01/01/2023 09:53,-68.069583,-67.570631
3096,KB_23_42768_43,Female,Killingbeck,2023,01/01/2023,12:55:07,01/01/2023 12:55,01/01/2023 09:55,-68.069406,-67.570566
3097,KB_23_42768_43,Female,Killingbeck,2023,01/01/2023,12:57:06,01/01/2023 12:57,01/01/2023 09:57,-68.06962,-67.570646
3098,KB_23_42768_43,Female,Killingbeck,2023,01/01/2023,12:59:07,01/01/2023 12:59,01/01/2023 09:59,-68.069569,-67.570635
3099,KB_23_42768_43,Female,Killingbeck,2023,01/01/2023,13:01:07,01/01/2023 13:01,01/01/2023 10:01,-68.069633,-67.570662
3100,KB_23_42768_43,Female,Killingbeck,2023,01/01/2023,13:03:06,01/01/2023 13:03,01/01/2023 10:03,-68.069673,-67.570546
3101,KB_23_42768_43,Female,Killingbeck,2023,01/01/2023,13:05:05,01/01/2023 13:05,01/01/2023 10:05,-68.06961,-67.570653
3102,KB_23_42768_43,Female,Killingbeck,2023,01/01/2023,13:07:03,01/01/2023 13:07,01/01/2023 10:07,-68.06952,-67.57062
3103,KB_23_42768_43,Female,Killingbeck,2023,01/01/2023,13:09:02,01/01/2023 13:09,01/01/2023 10:09,-68.069479,-67.570624
3104,KB_23_42768_43,Female,Killingbeck,2023,01/01/2023,13:11:01,01/01/2023 13:11,01/01/2023 10:11,-68.069634,-67.570684
3105,KB_23_42768_43,Female,Killingbeck,2023,01/01/2023,13:13:00,01/01/2023 13:13,01/01/2023 10:13,-68.069721,-67.570604
3106,KB_23_42768_43,Female,Killingbeck,2023,01/01/2023,13:15:01,01/01/2023 13:15,01/01/2023 10:15,-68.069705,-67.570656
3107,KB_23_42768_43,Female,Killingbeck,2023,01/01/2023,13:17:00,01/01/2023 13:17,01/01/2023 10:17,-68.069589,-67.570623
3108,KB_23_42768_43,Female,Killingbeck,2023,01/01/2023,13:18:58,01/01/2023 13:18,01/01/2023 10:18,-68.06955,-67.570637
3109,KB_23_42768_43,Female,Killingbeck,2023,01/01/2023,13:20:58,01/01/2023 13:20,01/01/2023 10:20,-68.069723,-67.570708
3110,KB_23_42768_43,Female,Killingbeck,2023,01/01/2023,13:22:58,01/01/2023 13:22,01/01/2023 10:22,-68.069551,-67.570689
3111,KB_23_42768_43,Female,Killingbeck,2023,01/01/2023,13:24:56,01/01/2023 13:24,01/01/2023 10:24,-68.069626,-67.57071
3112,KB_23_42768_43,Female,Killingbeck,2023,01/01/2023,13:26:58,01/01/2023 13:26,01/01/2023 10:26,-68.069274,-67.57146
3113,KB_23_42768_43,Female,Killingbeck,2023,01/01/2023,13:28:43,01/01/2023 13:28,01/01/2023 10:28,-68.06972,-67.570717
3114,KB_23_42768_43,Female,Killingbeck,2023,01/01/2023,13:30:43,01/01/2023 13:30,01/01/2023 10:30,-68.069506,-67.570611
3115,KB_23_42768_43,Female,Killingbeck,2023,01/01/2023,13:32:42,01/01/2023 13:32,01/01/2023 10:32,-68.069555,-67.570661
3116,KB_23_42768_43,Female,Killingbeck,2023,01/01/2023,13:34:41,01/01/2023 13:34,01/01/2023 10:34,-68.069459,-67.570583
3117,KB_23_42768_43,Female,Killingbeck,2023,01/01/2023,13:36:40,01/01/2023 13:36,01/01/2023 10:36,-68.069519,-67.570602
3118,KB_23_42768_43,Female,Killingbeck,2023,01/01/2023,13:38:41,01/01/2023 13:38,01/01/2023 10:38,-68.070028,-67.571159
3119,KB_23_42768_43,Female,Killingbeck,2023,01/01/2023,13:40:41,01/01/2023 13:40,01/01/2023 10:40,-68.069472,-67.570939
3120,KB_23_42768_43,Female,Killingbeck,2023,01/01/2023,13:42:39,01/01/2023 13:42,01/01/2023 10:42,-68.069565,-67.570728
3121,KB_23_42768_43,Female,Killingbeck,2023,01/01/2023,13:44:38,01/01/2023 13:44,01/01/2023 10:44,-68.069516,-67.570743
3122,KB_23_42768_43,Female,Killingbeck,2023,01/01/2023,13:46:35,01/01/2023 13:46,01/01/2023 10:46,-68.069495,-67.570713
3123,KB_23_42768_43,Female,Killingbeck,2023,01/01/2023,13:48:33,01/01/2023 13:48,01/01/2023 10:48,-68.06977,-67.570753
3124,KB_23_42768_43,Female,Killingbeck,2023,01/01/2023,13:50:33,01/01/2023 13:50,01/01/2023 10:50,-68.069632,-67.570768
3125,KB_23_42768_43,Female,Killingbeck,2023,01/01/2023,13:52:31,01/01/2023 13:52,01/01/2023 10:52,-68.069486,-67.570694
3126,KB_23_42768_43,Female,Killingbeck,2023,01/01/2023,13:54:31,01/01/2023 13:54,01/01/2023 10:54,-68.069515,-67.570697
3127,KB_23_42768_43,Female,Killingbeck,2023,01/01/2023,13:56:32,01/01/2023 13:56,01/01/2023 10:56,-68.069353,-67.570538
3128,KB_23_42768_43,Female,Killingbeck,2023,01/01/2023,13:58:18,01/01/2023 13:58,01/01/2023 10:58,-68.069462,-67.57067
3129,KB_23_42768_43,Female,Killingbeck,2023,01/01/2023,14:00:16,01/01/2023 14:00,01/01/2023 11:00,-68.069579,-67.570701
3130,KB_23_42768_43,Female,Killingbeck,2023,01/01/2023,14:02:16,01/01/2023 14:02,01/01/2023 11:02,-68.069442,-67.570684
3131,KB_23_42768_43,Female,Killingbeck,2023,01/01/2023,14:04:15,01/01/2023 14:04,01/01/2023 11:04,-68.069552,-67.570672
3132,KB_23_42768_43,Female,Killingbeck,2023,01/01/2023,14:06:15,01/01/2023 14:06,01/01/2023 11:06,-68.069391,-67.57067
3133,KB_23_42768_43,Female,Killingbeck,2023,01/01/2023,14:08:14,01/01/2023 14:08,01/01/2023 11:08,-68.069578,-67.570666
3134,KB_23_42768_43,Female,Killingbeck,2023,01/01/2023,14:10:12,01/01/2023 14:10,01/01/2023 11:10,-68.069795,-67.570701
3135,KB_23_42768_43,Female,Killingbeck,2023,01/01/2023,14:12:11,01/01/2023 14:12,01/01/2023 11:12,-68.069635,-67.570703
3136,KB_23_42768_43,Female,Killingbeck,2023,01/01/2023,14:14:11,01/01/2023 14:14,01/01/2023 11:14,-68.069268,-67.570655
3137,KB_23_42768_43,Female,Killingbeck,2023,01/01/2023,14:16:09,01/01/2023 14:16,01/01/2023 11:16,-68.069721,-67.570716
3138,KB_23_42768_43,Female,Killingbeck,2023,01/01/2023,14:18:08,01/01/2023 14:18,01/01/2023 11:18,-68.069783,-67.570703
3139,KB_23_42768_43,Female,Killingbeck,2023,01/01/2023,14:20:08,01/01/2023 14:20,01/01/2023 11:20,-68.070076,-67.570757
3140,KB_23_42768_43,Female,Killingbeck,2023,01/01/2023,14:22:07,01/01/2023 14:22,01/01/2023 11:22,-68.069826,-67.570679
3141,KB_23_42768_43,Female,Killingbeck,2023,01/01/2023,14:24:06,01/01/2023 14:24,01/01/2023 11:24,-68.069415,-67.570686
3142,KB_23_42768_43,Female,Killingbeck,2023,01/01/2023,14:26:05,01/01/2023 14:26,01/01/2023 11:26,-68.069387,-67.570676
3143,KB_23_42768_43,Female,Killingbeck,2023,01/01/2023,14:28:05,01/01/2023 14:28,01/01/2023 11:28,-68.069663,-67.570723
3144,KB_23_42768_43,Female,Killingbeck,2023,01/01/2023,14:30:04,01/01/2023 14:30,01/01/2023 11:30,-68.0698,-67.570717
3145,KB_23_42768_43,Female,Killingbeck,2023,01/01/2023,14:32:03,01/01/2023 14:32,01/01/2023 11:32,-68.069627,-67.570706
3146,KB_23_42768_43,Female,Killingbeck,2023,01/01/2023,14:34:02,01/01/2023 14:34,01/01/2023 11:34,-68.069611,-67.57068
3147,KB_23_42768_43,Female,Killingbeck,2023,01/01/2023,14:36:01,01/01/2023 14:36,01/01/2023 11:36,-68.069274,-67.570676
3148,KB_23_42768_43,Female,Killingbeck,2023,01/01/2023,14:38:00,01/01/2023 14:38,01/01/2023 11:38,-68.069538,-67.570641
3149,KB_23_42768_43,Female,Killingbeck,2023,01/01/2023,14:39:59,01/01/2023 14:39,01/01/2023 11:39,-68.069594,-67.570726
3150,KB_23_42768_43,Female,Killingbeck,2023,01/01/2023,14:41:58,01/01/2023 14:41,01/01/2023 11:41,-68.069535,-67.570638
3151,KB_23_42768_43,Female,Killingbeck,2023,01/01/2023,14:43:57,01/01/2023 14:43,01/01/2023 11:43,-68.06962,-67.570701
3152,KB_23_42768_43,Female,Killingbeck,2023,01/01/2023,14:45:56,01/01/2023 14:45,01/01/2023 11:45,-68.069637,-67.570679
3153,KB_23_42768_43,Female,Killingbeck,2023,01/01/2023,14:47:55,01/01/2023 14:47,01/01/2023 11:47,-68.069455,-67.570687
3154,KB_23_42768_43,Female,Killingbeck,2023,01/01/2023,14:49:55,01/01/2023 14:49,01/01/2023 11:49,-68.069591,-67.570705
3155,KB_23_42768_43,Female,Killingbeck,2023,01/01/2023,14:51:54,01/01/2023 14:51,01/01/2023 11:51,-68.069544,-67.570701
3156,KB_23_42768_43,Female,Killingbeck,2023,01/01/2023,14:53:53,01/01/2023 14:53,01/01/2023 11:53,-68.069719,-67.570721
3157,KB_23_42768_43,Female,Killingbeck,2023,01/01/2023,14:55:52,01/01/2023 14:55,01/01/2023 11:55,-68.069724,-67.57073
3158,KB_23_42768_43,Female,Killingbeck,2023,01/01/2023,14:57:51,01/01/2023 14:57,01/01/2023 11:57,-68.069622,-67.570705
3159,KB_23_42768_43,Female,Killingbeck,2023,01/01/2023,14:59:50,01/01/2023 14:59,01/01/2023 11:59,-68.069782,-67.570777
3160,KB_23_42768_43,Female,Killingbeck,2023,01/01/2023,15:01:49,01/01/2023 15:01,01/01/2023 12:01,-68.069666,-67.570721
3161,KB_23_42768_43,Female,Killingbeck,2023,01/01/2023,15:03:48,01/01/2023 15:03,01/01/2023 12:03,-68.069734,-67.570714
3162,KB_23_42768_43,Female,Killingbeck,2023,01/01/2023,15:05:47,01/01/2023 15:05,01/01/2023 12:05,-68.069754,-67.570723
3163,KB_23_42768_43,Female,Killingbeck,2023,01/01/2023,15:07:46,01/01/2023 15:07,01/01/2023 12:07,-68.069765,-67.570753
3164,KB_23_42768_43,Female,Killingbeck,2023,01/01/2023,15:09:46,01/01/2023 15:09,01/01/2023 12:09,-68.069496,-67.570703
3165,KB_23_42768_43,Female,Killingbeck,2023,01/01/2023,15:11:45,01/01/2023 15:11,01/01/2023 12:11,-68.069528,-67.570575
3166,KB_23_42768_43,Female,Killingbeck,2023,01/01/2023,15:13:43,01/01/2023 15:13,01/01/2023 12:13,-68.069639,-67.570683
3167,KB_23_42768_43,Female,Killingbeck,2023,01/01/2023,15:15:43,01/01/2023 15:15,01/01/2023 12:15,-68.069518,-67.570638
3168,KB_23_42768_43,Female,Killingbeck,2023,01/01/2023,15:17:41,01/01/2023 15:17,01/01/2023 12:17,-68.069603,-67.570679
3169,KB_23_42768_43,Female,Killingbeck,2023,01/01/2023,15:19:41,01/01/2023 15:19,01/01/2023 12:19,-68.069741,-67.570702
3170,KB_23_42768_43,Female,Killingbeck,2023,01/01/2023,15:21:40,01/01/2023 15:21,01/01/2023 12:21,-68.069662,-67.570687
3171,KB_23_42768_43,Female,Killingbeck,2023,01/01/2023,15:23:39,01/01/2023 15:23,01/01/2023 12:23,-68.069723,-67.570698
3172,KB_23_42768_43,Female,Killingbeck,2023,01/01/2023,15:25:38,01/01/2023 15:25,01/01/2023 12:25,-68.069768,-67.570681
3173,KB_23_42768_43,Female,Killingbeck,2023,01/01/2023,15:27:38,01/01/2023 15:27,01/01/2023 12:27,-68.06969,-67.570701
3174,KB_23_42768_43,Female,Killingbeck,2023,01/01/2023,15:29:37,01/01/2023 15:29,01/01/2023 12:29,-68.069677,-67.570714
3175,KB_23_42768_43,Female,Killingbeck,2023,01/01/2023,15:31:38,01/01/2023 15:31,01/01/2023 12:31,-68.070015,-67.570353
3176,KB_23_42768_43,Female,Killingbeck,2023,01/01/2023,15:33:35,01/01/2023 15:33,01/01/2023 12:33,-68.069525,-67.570583
3177,KB_23_42768_43,Female,Killingbeck,2023,01/01/2023,15:35:34,01/01/2023 15:35,01/01/2023 12:35,-68.069831,-67.570692
3178,KB_23_42768_43,Female,Killingbeck,2023,01/01/2023,15:37:36,01/01/2023 15:37,01/01/2023 12:37,-68.069883,-67.570738
3179,KB_23_42768_43,Female,Killingbeck,2023,01/01/2023,15:39:31,01/01/2023 15:39,01/01/2023 12:39,-68.069622,-67.570665
3180,KB_23_42768_43,Female,Killingbeck,2023,01/01/2023,15:41:30,01/01/2023 15:41,01/01/2023 12:41,-68.069621,-67.57055
3181,KB_23_42768_43,Female,Killingbeck,2023,01/01/2023,15:43:29,01/01/2023 15:43,01/01/2023 12:43,-68.070209,-67.570806
3182,KB_23_42768_43,Female,Killingbeck,2023,01/01/2023,15:45:31,01/01/2023 15:45,01/01/2023 12:45,-68.069925,-67.570512
3183,KB_23_42768_43,Female,Killingbeck,2023,01/01/2023,15:47:27,01/01/2023 15:47,01/01/2023 12:47,-68.069633,-67.570681
3184,KB_23_42768_43,Female,Killingbeck,2023,01/01/2023,15:49:34,01/01/2023 15:49,01/01/2023 12:49,-68.070201,-67.571061
3185,KB_23_42768_43,Female,Killingbeck,2023,01/01/2023,15:51:29,01/01/2023 15:51,01/01/2023 12:51,-68.069498,-67.570419
3186,KB_23_42768_43,Female,Killingbeck,2023,01/01/2023,15:53:27,01/01/2023 15:53,01/01/2023 12:53,-68.069564,-67.570553
3187,KB_23_42768_43,Female,Killingbeck,2023,01/01/2023,15:55:39,01/01/2023 15:55,01/01/2023 12:55,-68.070541,-67.570376
3188,KB_23_42768_43,Female,Killingbeck,2023,01/01/2023,15:57:28,01/01/2023 15:57,01/01/2023 12:57,-68.069462,-67.570413
3189,KB_23_42768_43,Female,Killingbeck,2023,01/01/2023,15:59:25,01/01/2023 15:59,01/01/2023 12:59,-68.06973,-67.570665
3190,KB_23_42768_43,Female,Killingbeck,2023,01/01/2023,16:01:24,01/01/2023 16:01,01/01/2023 13:01,-68.06959,-67.57065
3191,KB_23_42768_43,Female,Killingbeck,2023,01/01/2023,16:03:23,01/01/2023 16:03,01/01/2023 13:03,-68.069721,-67.570695
3192,KB_23_42768_43,Female,Killingbeck,2023,01/01/2023,16:05:22,01/01/2023 16:05,01/01/2023 13:05,-68.06971,-67.570674
3193,KB_23_42768_43,Female,Killingbeck,2023,01/01/2023,16:07:21,01/01/2023 16:07,01/01/2023 13:07,-68.069818,-67.570721
3194,KB_23_42768_43,Female,Killingbeck,2023,01/01/2023,16:09:20,01/01/2023 16:09,01/01/2023 13:09,-68.069837,-67.570719
3195,KB_23_42768_43,Female,Killingbeck,2023,01/01/2023,16:11:19,01/01/2023 16:11,01/01/2023 13:11,-68.069604,-67.570647
3196,KB_23_42768_43,Female,Killingbeck,2023,01/01/2023,16:13:17,01/01/2023 16:13,01/01/2023 13:13,-68.069792,-67.570716
3197,KB_23_42768_43,Female,Killingbeck,2023,01/01/2023,16:15:16,01/01/2023 16:15,01/01/2023 13:15,-68.069575,-67.570618
3198,KB_23_42768_43,Female,Killingbeck,2023,01/01/2023,16:17:16,01/01/2023 16:17,01/01/2023 13:17,-68.069762,-67.570714
3199,KB_23_42768_43,Female,Killingbeck,2023,01/01/2023,16:19:15,01/01/2023 16:19,01/01/2023 13:19,-68.069751,-67.570716
3200,KB_23_42768_43,Female,Killingbeck,2023,01/01/2023,16:21:16,01/01/2023 16:21,01/01/2023 13:21,-68.069751,-67.570716
3201,KB_23_42768_43,Female,Killingbeck,2023,01/01/2023,16:23:16,01/01/2023 16:23,01/01/2023 13:23,-68.069951,-67.570766
3202,KB_23_42768_43,Female,Killingbeck,2023,01/01/2023,16:25:25,01/01/2023 16:25,01/01/2023 13:25,-68.069878,-67.57073
3203,KB_23_42768_43,Female,Killingbeck,2023,01/01/2023,16:27:11,01/01/2023 16:27,01/01/2023 13:27,-68.069684,-67.570698
3204,KB_23_42768_43,Female,Killingbeck,2023,01/01/2023,16:29:10,01/01/2023 16:29,01/01/2023 13:29,-68.069831,-67.570734
3205,KB_23_42768_43,Female,Killingbeck,2023,01/01/2023,16:31:08,01/01/2023 16:31,01/01/2023 13:31,-68.069708,-67.570726
3206,KB_23_42768_43,Female,Killingbeck,2023,01/01/2023,16:33:08,01/01/2023 16:33,01/01/2023 13:33,-68.069707,-67.570696
3207,KB_23_42768_43,Female,Killingbeck,2023,01/01/2023,16:35:06,01/01/2023 16:35,01/01/2023 13:35,-68.069658,-67.570651
3208,KB_23_42768_43,Female,Killingbeck,2023,01/01/2023,16:37:06,01/01/2023 16:37,01/01/2023 13:37,-68.06984,-67.57068
3209,KB_23_42768_43,Female,Killingbeck,2023,01/01/2023,16:39:05,01/01/2023 16:39,01/01/2023 13:39,-68.069641,-67.570676
3210,KB_23_42768_43,Female,Killingbeck,2023,01/01/2023,16:41:06,01/01/2023 16:41,01/01/2023 13:41,-68.069654,-67.5707
3211,KB_23_42768_43,Female,Killingbeck,2023,01/01/2023,16:43:05,01/01/2023 16:43,01/01/2023 13:43,-68.069645,-67.57067
3212,KB_23_42768_43,Female,Killingbeck,2023,01/01/2023,16:45:04,01/01/2023 16:45,01/01/2023 13:45,-68.069707,-67.570693
3213,KB_23_42768_43,Female,Killingbeck,2023,01/01/2023,16:47:03,01/01/2023 16:47,01/01/2023 13:47,-68.070106,-67.570906
3214,KB_23_42768_43,Female,Killingbeck,2023,01/01/2023,16:49:13,01/01/2023 16:49,01/01/2023 13:49,-68.069654,-67.570643
3215,KB_23_42768_43,Female,Killingbeck,2023,01/01/2023,16:51:00,01/01/2023 16:51,01/01/2023 13:51,-68.069639,-67.570693
3216,KB_23_42768_43,Female,Killingbeck,2023,01/01/2023,16:53:00,01/01/2023 16:53,01/01/2023 13:53,-68.069619,-67.570704
3217,KB_23_42768_43,Female,Killingbeck,2023,01/01/2023,16:54:59,01/01/2023 16:54,01/01/2023 13:54,-68.069767,-67.570682
3218,KB_23_42768_43,Female,Killingbeck,2023,01/01/2023,16:56:59,01/01/2023 16:56,01/01/2023 13:56,-68.069835,-67.570733
3219,KB_23_42768_43,Female,Killingbeck,2023,01/01/2023,16:58:58,01/01/2023 16:58,01/01/2023 13:58,-68.069674,-67.570664
3220,KB_23_42768_43,Female,Killingbeck,2023,01/01/2023,17:00:57,01/01/2023 17:00,01/01/2023 14:00,-68.069538,-67.570672
3221,KB_23_42768_43,Female,Killingbeck,2023,01/01/2023,17:02:56,01/01/2023 17:02,01/01/2023 14:02,-68.069555,-67.570645
3222,KB_23_42768_43,Female,Killingbeck,2023,01/01/2023,17:04:55,01/01/2023 17:04,01/01/2023 14:04,-68.069804,-67.570736
3223,KB_23_42768_43,Female,Killingbeck,2023,01/01/2023,17:06:55,01/01/2023 17:06,01/01/2023 14:06,-68.069619,-67.570643
3224,KB_23_42768_43,Female,Killingbeck,2023,01/01/2023,17:08:53,01/01/2023 17:08,01/01/2023 14:08,-68.069733,-67.570674
3225,KB_23_42768_43,Female,Killingbeck,2023,01/01/2023,17:10:53,01/01/2023 17:10,01/01/2023 14:10,-68.069516,-67.570563
3226,KB_23_42768_43,Female,Killingbeck,2023,01/01/2023,17:12:52,01/01/2023 17:12,01/01/2023 14:12,-68.06971,-67.570722
3227,KB_23_42768_43,Female,Killingbeck,2023,01/01/2023,17:14:53,01/01/2023 17:14,01/01/2023 14:14,-68.069706,-67.570669
3228,KB_23_42768_43,Female,Killingbeck,2023,01/01/2023,17:16:49,01/01/2023 17:16,01/01/2023 14:16,-68.06965,-67.570631
3229,KB_23_42768_43,Female,Killingbeck,2023,01/01/2023,17:18:58,01/01/2023 17:18,01/01/2023 14:18,-68.069706,-67.570677
3230,KB_23_42768_43,Female,Killingbeck,2023,01/01/2023,17:20:50,01/01/2023 17:20,01/01/2023 14:20,-68.069838,-67.570663
3231,KB_23_42768_43,Female,Killingbeck,2023,01/01/2023,17:22:47,01/01/2023 17:22,01/01/2023 14:22,-68.069858,-67.570675
3232,KB_23_42768_43,Female,Killingbeck,2023,01/01/2023,17:24:47,01/01/2023 17:24,01/01/2023 14:24,-68.06983,-67.5707
3233,KB_23_42768_43,Female,Killingbeck,2023,01/01/2023,17:26:46,01/01/2023 17:26,01/01/2023 14:26,-68.069869,-67.570644
3234,KB_23_42768_43,Female,Killingbeck,2023,01/01/2023,17:28:45,01/01/2023 17:28,01/01/2023 14:28,-68.069943,-67.570698
3235,KB_23_42768_43,Female,Killingbeck,2023,01/01/2023,17:30:44,01/01/2023 17:30,01/01/2023 14:30,-68.069701,-67.570796
3236,KB_23_42768_43,Female,Killingbeck,2023,01/01/2023,17:32:52,01/01/2023 17:32,01/01/2023 14:32,-68.069737,-67.570902
3237,KB_23_42768_43,Female,Killingbeck,2023,01/01/2023,17:34:56,01/01/2023 17:34,01/01/2023 14:34,-68.06964,-67.571073
3238,KB_23_42768_43,Female,Killingbeck,2023,01/01/2023,17:36:45,01/01/2023 17:36,01/01/2023 14:36,-68.069831,-67.57087
3239,KB_23_42768_43,Female,Killingbeck,2023,01/01/2023,17:38:42,01/01/2023 17:38,01/01/2023 14:38,-68.069608,-67.570731
3240,KB_23_42768_43,Female,Killingbeck,2023,01/01/2023,17:40:41,01/01/2023 17:40,01/01/2023 14:40,-68.069871,-67.570708
3241,KB_23_42768_43,Female,Killingbeck,2023,01/01/2023,17:42:41,01/01/2023 17:42,01/01/2023 14:42,-68.070008,-67.57067
3242,KB_23_42768_43,Female,Killingbeck,2023,01/01/2023,17:44:49,01/01/2023 17:44,01/01/2023 14:44,-68.069838,-67.57063
3243,KB_23_42768_43,Female,Killingbeck,2023,01/01/2023,17:46:41,01/01/2023 17:46,01/01/2023 14:46,-68.070043,-67.570736
3244,KB_23_42768_43,Female,Killingbeck,2023,01/01/2023,17:48:38,01/01/2023 17:48,01/01/2023 14:48,-68.069745,-67.570704
3245,KB_23_42768_43,Female,Killingbeck,2023,01/01/2023,17:50:36,01/01/2023 17:50,01/01/2023 14:50,-68.069873,-67.5707
3246,KB_23_42768_43,Female,Killingbeck,2023,01/01/2023,17:52:37,01/01/2023 17:52,01/01/2023 14:52,-68.069611,-67.570671
3247,KB_23_42768_43,Female,Killingbeck,2023,01/01/2023,17:54:38,01/01/2023 17:54,01/01/2023 14:54,-68.069535,-67.570721
3248,KB_23_42768_43,Female,Killingbeck,2023,01/01/2023,17:58:01,01/01/2023 17:58,01/01/2023 14:58,-68.069776,-67.570192
3249,KB_23_42768_43,Female,Killingbeck,2023,01/01/2023,17:59:59,01/01/2023 17:59,01/01/2023 14:59,-68.069818,-67.570698
3250,KB_23_42768_43,Female,Killingbeck,2023,01/01/2023,18:02:01,01/01/2023 18:02,01/01/2023 15:02,-68.064989,-67.57273
3251,KB_23_42768_43,Female,Killingbeck,2023,01/01/2023,18:03:55,01/01/2023 18:03,01/01/2023 15:03,-68.069846,-67.57068
3252,KB_23_42768_43,Female,Killingbeck,2023,01/01/2023,18:05:54,01/01/2023 18:05,01/01/2023 15:05,-68.069838,-67.570734
3253,KB_23_42768_43,Female,Killingbeck,2023,01/01/2023,18:07:56,01/01/2023 18:07,01/01/2023 15:07,-68.069812,-67.570594
3254,KB_23_42768_43,Female,Killingbeck,2023,01/01/2023,18:09:52,01/01/2023 18:09,01/01/2023 15:09,-68.069752,-67.570633
3255,KB_23_42768_43,Female,Killingbeck,2023,01/01/2023,18:11:54,01/01/2023 18:11,01/01/2023 15:11,-68.069633,-67.570324
3256,KB_23_42768_43,Female,Killingbeck,2023,01/01/2023,18:13:50,01/01/2023 18:13,01/01/2023 15:13,-68.069621,-67.570546
3257,KB_23_42768_43,Female,Killingbeck,2023,01/01/2023,18:15:49,01/01/2023 18:15,01/01/2023 15:15,-68.069761,-67.570686
3258,KB_23_42768_43,Female,Killingbeck,2023,01/01/2023,18:17:51,01/01/2023 18:17,01/01/2023 15:17,-68.069416,-67.570639
3259,KB_23_42768_43,Female,Killingbeck,2023,01/01/2023,18:19:47,01/01/2023 18:19,01/01/2023 15:19,-68.069852,-67.570608
3260,KB_23_42768_43,Female,Killingbeck,2023,01/01/2023,18:21:50,01/01/2023 18:21,01/01/2023 15:21,-68.069517,-67.570675
3261,KB_23_42768_43,Female,Killingbeck,2023,01/01/2023,18:23:46,01/01/2023 18:23,01/01/2023 15:23,-68.069561,-67.570675
3262,KB_23_42768_43,Female,Killingbeck,2023,01/01/2023,18:25:45,01/01/2023 18:25,01/01/2023 15:25,-68.06965,-67.570644
3263,KB_23_42768_43,Female,Killingbeck,2023,01/01/2023,18:27:33,01/01/2023 18:27,01/01/2023 15:27,-68.06988,-67.570733
3264,KB_23_42768_43,Female,Killingbeck,2023,01/01/2023,18:29:32,01/01/2023 18:29,01/01/2023 15:29,-68.069722,-67.570703
3265,KB_23_42768_43,Female,Killingbeck,2023,01/01/2023,18:31:31,01/01/2023 18:31,01/01/2023 15:31,-68.069649,-67.570622
3266,KB_23_42768_43,Female,Killingbeck,2023,01/01/2023,18:33:30,01/01/2023 18:33,01/01/2023 15:33,-68.069527,-67.570629
3267,KB_23_42768_43,Female,Killingbeck,2023,01/01/2023,18:35:29,01/01/2023 18:35,01/01/2023 15:35,-68.069653,-67.57057
3268,KB_23_42768_43,Female,Killingbeck,2023,01/01/2023,18:37:28,01/01/2023 18:37,01/01/2023 15:37,-68.069961,-67.570708
3269,KB_23_42768_43,Female,Killingbeck,2023,01/01/2023,18:39:27,01/01/2023 18:39,01/01/2023 15:39,-68.069695,-67.570691
3270,KB_23_42768_43,Female,Killingbeck,2023,01/01/2023,18:41:27,01/01/2023 18:41,01/01/2023 15:41,-68.070104,-67.570807
3271,KB_23_42768_43,Female,Killingbeck,2023,01/01/2023,18:43:26,01/01/2023 18:43,01/01/2023 15:43,-68.06976,-67.570663
3272,KB_23_42768_43,Female,Killingbeck,2023,01/01/2023,18:45:27,01/01/2023 18:45,01/01/2023 15:45,-68.069621,-67.570392
3273,KB_23_42768_43,Female,Killingbeck,2023,01/01/2023,18:47:26,01/01/2023 18:47,01/01/2023 15:47,-68.06958,-67.570638
3274,KB_23_42768_43,Female,Killingbeck,2023,01/01/2023,18:49:23,01/01/2023 18:49,01/01/2023 15:49,-68.069519,-67.570638
3275,KB_23_42768_43,Female,Killingbeck,2023,01/01/2023,18:51:22,01/01/2023 18:51,01/01/2023 15:51,-68.069608,-67.570619
3276,KB_23_42768_43,Female,Killingbeck,2023,01/01/2023,18:53:22,01/01/2023 18:53,01/01/2023 15:53,-68.069571,-67.57065
3277,KB_23_42768_43,Female,Killingbeck,2023,01/01/2023,18:55:20,01/01/2023 18:55,01/01/2023 15:55,-68.069665,-67.570636
3278,KB_23_42768_43,Female,Killingbeck,2023,01/01/2023,18:57:08,01/01/2023 18:57,01/01/2023 15:57,-68.069539,-67.570629
3279,KB_23_42768_43,Female,Killingbeck,2023,01/01/2023,18:59:07,01/01/2023 18:59,01/01/2023 15:59,-68.069682,-67.570637
3280,KB_23_42768_43,Female,Killingbeck,2023,01/01/2023,19:01:09,01/01/2023 19:01,01/01/2023 16:01,-68.069514,-67.570589
3281,KB_23_42768_43,Female,Killingbeck,2023,01/01/2023,19:03:05,01/01/2023 19:03,01/01/2023 16:03,-68.069476,-67.570525
3282,KB_23_42768_43,Female,Killingbeck,2023,01/01/2023,19:05:05,01/01/2023 19:05,01/01/2023 16:05,-68.069515,-67.570552
3283,KB_23_42768_43,Female,Killingbeck,2023,01/01/2023,19:07:04,01/01/2023 19:07,01/01/2023 16:07,-68.069562,-67.570591
3284,KB_23_42768_43,Female,Killingbeck,2023,01/01/2023,19:09:03,01/01/2023 19:09,01/01/2023 16:09,-68.069473,-67.570584
3285,KB_23_42768_43,Female,Killingbeck,2023,01/01/2023,19:11:04,01/01/2023 19:11,01/01/2023 16:11,-68.069297,-67.570495
3286,KB_23_42768_43,Female,Killingbeck,2023,01/01/2023,19:13:02,01/01/2023 19:13,01/01/2023 16:13,-68.069468,-67.570601
3287,KB_23_42768_43,Female,Killingbeck,2023,01/01/2023,19:15:01,01/01/2023 19:15,01/01/2023 16:15,-68.069456,-67.570578
3288,KB_23_42768_43,Female,Killingbeck,2023,01/01/2023,19:16:59,01/01/2023 19:16,01/01/2023 16:16,-68.069441,-67.570524
3289,KB_23_42768_43,Female,Killingbeck,2023,01/01/2023,19:18:58,01/01/2023 19:18,01/01/2023 16:18,-68.069505,-67.570572
3290,KB_23_42768_43,Female,Killingbeck,2023,01/01/2023,19:20:57,01/01/2023 19:20,01/01/2023 16:20,-68.06939,-67.570543
3291,KB_23_42768_43,Female,Killingbeck,2023,01/01/2023,19:22:57,01/01/2023 19:22,01/01/2023 16:22,-68.069535,-67.57058
3292,KB_23_42768_43,Female,Killingbeck,2023,01/01/2023,19:24:56,01/01/2023 19:24,01/01/2023 16:24,-68.069611,-67.570623
3293,KB_23_42768_43,Female,Killingbeck,2023,01/01/2023,19:26:44,01/01/2023 19:26,01/01/2023 16:26,-68.069734,-67.570645
3294,KB_23_42768_43,Female,Killingbeck,2023,01/01/2023,19:28:45,01/01/2023 19:28,01/01/2023 16:28,-68.069478,-67.570417
3295,KB_23_42768_43,Female,Killingbeck,2023,01/01/2023,19:30:50,01/01/2023 19:30,01/01/2023 16:30,-68.069564,-67.570555
3296,KB_23_42768_43,Female,Killingbeck,2023,01/01/2023,19:32:42,01/01/2023 19:32,01/01/2023 16:32,-68.069753,-67.570696
3297,KB_23_42768_43,Female,Killingbeck,2023,01/01/2023,19:34:52,01/01/2023 19:34,01/01/2023 16:34,-68.069393,-67.570619
3298,KB_23_42768_43,Female,Killingbeck,2023,01/01/2023,19:36:42,01/01/2023 19:36,01/01/2023 16:36,-68.069403,-67.57054
3299,KB_23_42768_43,Female,Killingbeck,2023,01/01/2023,19:38:52,01/01/2023 19:38,01/01/2023 16:38,-68.069517,-67.570575
3300,KB_23_42768_43,Female,Killingbeck,2023,01/01/2023,19:40:40,01/01/2023 19:40,01/01/2023 16:40,-68.069574,-67.570599
3301,KB_23_42768_43,Female,Killingbeck,2023,01/01/2023,19:42:40,01/01/2023 19:42,01/01/2023 16:42,-68.06934,-67.570534
3302,KB_23_42768_43,Female,Killingbeck,2023,01/01/2023,19:44:39,01/01/2023 19:44,01/01/2023 16:44,-68.069591,-67.570531
3303,KB_23_42768_43,Female,Killingbeck,2023,01/01/2023,19:46:44,01/01/2023 19:46,01/01/2023 16:46,-68.067831,-67.569891
3304,KB_23_42768_43,Female,Killingbeck,2023,01/01/2023,19:48:39,01/01/2023 19:48,01/01/2023 16:48,-68.06942,-67.570526
3305,KB_23_42768_43,Female,Killingbeck,2023,01/01/2023,19:50:36,01/01/2023 19:50,01/01/2023 16:50,-68.069537,-67.570698
3306,KB_23_42768_43,Female,Killingbeck,2023,01/01/2023,19:52:36,01/01/2023 19:52,01/01/2023 16:52,-68.0696,-67.570605
3307,KB_23_42768_43,Female,Killingbeck,2023,01/01/2023,19:54:45,01/01/2023 19:54,01/01/2023 16:54,-68.070175,-67.570857
3308,KB_23_42768_43,Female,Killingbeck,2023,01/01/2023,19:56:31,01/01/2023 19:56,01/01/2023 16:56,-68.070441,-67.57083
3309,KB_23_42768_43,Female,Killingbeck,2023,01/01/2023,19:58:37,01/01/2023 19:58,01/01/2023 16:58,-68.069554,-67.570649
3310,KB_23_42768_43,Female,Killingbeck,2023,01/01/2023,20:00:39,01/01/2023 20:00,01/01/2023 17:00,-68.069611,-67.570873
3311,KB_23_42768_43,Female,Killingbeck,2023,01/01/2023,20:02:35,01/01/2023 20:02,01/01/2023 17:02,-68.07067,-67.570901
3312,KB_23_42768_43,Female,Killingbeck,2023,01/01/2023,20:04:38,01/01/2023 20:04,01/01/2023 17:04,-68.071776,-67.571011
3313,KB_23_42768_43,Female,Killingbeck,2023,01/01/2023,20:06:37,01/01/2023 20:06,01/01/2023 17:06,-68.068934,-67.570846
3314,KB_23_42768_43,Female,Killingbeck,2023,01/01/2023,20:08:36,01/01/2023 20:08,01/01/2023 17:08,-68.070999,-67.570997
3315,KB_23_42768_43,Female,Killingbeck,2023,01/01/2023,20:10:32,01/01/2023 20:10,01/01/2023 17:10,-68.070364,-67.570847
3316,KB_23_42768_43,Female,Killingbeck,2023,01/01/2023,20:12:35,01/01/2023 20:12,01/01/2023 17:12,-68.069692,-67.570681
3317,KB_23_42768_43,Female,Killingbeck,2023,01/01/2023,20:14:34,01/01/2023 20:14,01/01/2023 17:14,-68.072031,-67.571238
3318,KB_23_42768_43,Female,Killingbeck,2023,01/01/2023,20:16:34,01/01/2023 20:16,01/01/2023 17:16,-68.068355,-67.571003
3319,KB_23_42768_43,Female,Killingbeck,2023,01/01/2023,20:18:30,01/01/2023 20:18,01/01/2023 17:18,-68.069741,-67.570712
3320,KB_23_42768_43,Female,Killingbeck,2023,01/01/2023,20:20:27,01/01/2023 20:20,01/01/2023 17:20,-68.069698,-67.57069
3321,KB_23_42768_43,Female,Killingbeck,2023,01/01/2023,20:22:31,01/01/2023 20:22,01/01/2023 17:22,-68.070118,-67.569953
3322,KB_23_42768_43,Female,Killingbeck,2023,01/01/2023,20:24:34,01/01/2023 20:24,01/01/2023 17:24,-68.069892,-67.569949
3323,KB_23_42768_43,Female,Killingbeck,2023,01/01/2023,20:26:12,01/01/2023 20:26,01/01/2023 17:26,-68.069931,-67.570459
3324,KB_23_42768_43,Female,Killingbeck,2023,01/01/2023,20:28:09,01/01/2023 20:28,01/01/2023 17:28,-68.069717,-67.5707
3325,KB_23_42768_43,Female,Killingbeck,2023,01/01/2023,20:30:08,01/01/2023 20:30,01/01/2023 17:30,-68.064219,-67.572498
3326,KB_23_42768_43,Female,Killingbeck,2023,01/01/2023,20:32:04,01/01/2023 20:32,01/01/2023 17:32,-68.069587,-67.570635
3327,KB_23_42768_43,Female,Killingbeck,2023,01/01/2023,20:34:05,01/01/2023 20:34,01/01/2023 17:34,-68.069421,-67.570661
3328,KB_23_42768_43,Female,Killingbeck,2023,01/01/2023,20:36:02,01/01/2023 20:36,01/01/2023 17:36,-68.069598,-67.570651
3329,KB_23_42768_43,Female,Killingbeck,2023,01/01/2023,20:38:03,01/01/2023 20:38,01/01/2023 17:38,-68.069639,-67.570642
3330,KB_23_42768_43,Female,Killingbeck,2023,01/01/2023,20:40:02,01/01/2023 20:40,01/01/2023 17:40,-68.069576,-67.570693
3331,KB_23_42768_43,Female,Killingbeck,2023,01/01/2023,20:42:00,01/01/2023 20:42,01/01/2023 17:42,-68.069422,-67.570734
3332,KB_23_42768_43,Female,Killingbeck,2023,01/01/2023,20:43:58,01/01/2023 20:43,01/01/2023 17:43,-68.069521,-67.570719
3333,KB_23_42768_43,Female,Killingbeck,2023,01/01/2023,20:45:59,01/01/2023 20:45,01/01/2023 17:45,-68.069496,-67.570474
3334,KB_23_42768_43,Female,Killingbeck,2023,01/01/2023,20:47:56,01/01/2023 20:47,01/01/2023 17:47,-68.069338,-67.570677
3335,KB_23_42768_43,Female,Killingbeck,2023,01/01/2023,20:49:57,01/01/2023 20:49,01/01/2023 17:49,-68.069453,-67.570576
3336,KB_23_42768_43,Female,Killingbeck,2023,01/01/2023,20:51:55,01/01/2023 20:51,01/01/2023 17:51,-68.069535,-67.570649
3337,KB_23_42768_43,Female,Killingbeck,2023,01/01/2023,20:53:56,01/01/2023 20:53,01/01/2023 17:53,-68.069476,-67.570633
3338,KB_23_42768_43,Female,Killingbeck,2023,01/01/2023,20:56:50,01/01/2023 20:56,01/01/2023 17:56,-68.069361,-67.570726
3339,KB_23_42768_43,Female,Killingbeck,2023,01/01/2023,20:58:50,01/01/2023 20:58,01/01/2023 17:58,-68.069251,-67.570819
3340,KB_23_42768_43,Female,Killingbeck,2023,01/01/2023,21:00:48,01/01/2023 21:00,01/01/2023 18:00,-68.069424,-67.570636
3341,KB_23_42768_43,Female,Killingbeck,2023,01/01/2023,21:02:47,01/01/2023 21:02,01/01/2023 18:02,-68.069478,-67.570698
3342,KB_23_42768_43,Female,Killingbeck,2023,01/01/2023,21:04:46,01/01/2023 21:04,01/01/2023 18:04,-68.06938,-67.570652
3343,KB_23_42768_43,Female,Killingbeck,2023,01/01/2023,21:06:43,01/01/2023 21:06,01/01/2023 18:06,-68.069286,-67.570662
3344,KB_23_42768_43,Female,Killingbeck,2023,01/01/2023,21:08:43,01/01/2023 21:08,01/01/2023 18:08,-68.069746,-67.570697
3345,KB_23_42768_43,Female,Killingbeck,2023,01/01/2023,21:10:41,01/01/2023 21:10,01/01/2023 18:10,-68.069435,-67.570685
3346,KB_23_42768_43,Female,Killingbeck,2023,01/01/2023,21:12:40,01/01/2023 21:12,01/01/2023 18:12,-68.069444,-67.570667
3347,KB_23_42768_43,Female,Killingbeck,2023,01/01/2023,21:14:39,01/01/2023 21:14,01/01/2023 18:14,-68.069485,-67.570678
3348,KB_23_42768_43,Female,Killingbeck,2023,01/01/2023,21:16:38,01/01/2023 21:16,01/01/2023 18:16,-68.069529,-67.570647
3349,KB_23_42768_43,Female,Killingbeck,2023,01/01/2023,21:18:38,01/01/2023 21:18,01/01/2023 18:18,-68.069308,-67.570639
3350,KB_23_42768_43,Female,Killingbeck,2023,01/01/2023,21:20:37,01/01/2023 21:20,01/01/2023 18:20,-68.069481,-67.570641
3351,KB_23_42768_43,Female,Killingbeck,2023,01/01/2023,21:22:37,01/01/2023 21:22,01/01/2023 18:22,-68.069455,-67.570686
3352,KB_23_42768_43,Female,Killingbeck,2023,01/01/2023,21:24:36,01/01/2023 21:24,01/01/2023 18:24,-68.069531,-67.570679
3353,KB_23_42768_43,Female,Killingbeck,2023,01/01/2023,21:26:23,01/01/2023 21:26,01/01/2023 18:26,-68.069455,-67.570633
3354,KB_23_42768_43,Female,Killingbeck,2023,01/01/2023,21:28:24,01/01/2023 21:28,01/01/2023 18:28,-68.069764,-67.570776
3355,KB_23_42768_43,Female,Killingbeck,2023,01/01/2023,21:30:23,01/01/2023 21:30,01/01/2023 18:30,-68.069473,-67.570622
3356,KB_23_42768_43,Female,Killingbeck,2023,01/01/2023,21:32:22,01/01/2023 21:32,01/01/2023 18:32,-68.06942,-67.570634
3357,KB_23_42768_43,Female,Killingbeck,2023,01/01/2023,21:34:19,01/01/2023 21:34,01/01/2023 18:34,-68.06931,-67.570674
3358,KB_23_42768_43,Female,Killingbeck,2023,01/01/2023,21:36:18,01/01/2023 21:36,01/01/2023 18:36,-68.069449,-67.570674
3359,KB_23_42768_43,Female,Killingbeck,2023,01/01/2023,21:38:22,01/01/2023 21:38,01/01/2023 18:38,-68.068876,-67.569496
3360,KB_23_42768_43,Female,Killingbeck,2023,01/01/2023,21:40:22,01/01/2023 21:40,01/01/2023 18:40,-68.069407,-67.570709
3361,KB_23_42768_43,Female,Killingbeck,2023,01/01/2023,21:42:31,01/01/2023 21:42,01/01/2023 18:42,-68.069421,-67.570663
3362,KB_23_42768_43,Female,Killingbeck,2023,01/01/2023,21:44:28,01/01/2023 21:44,01/01/2023 18:44,-68.069475,-67.570673
3363,KB_23_42768_43,Female,Killingbeck,2023,01/01/2023,21:46:27,01/01/2023 21:46,01/01/2023 18:46,-68.069427,-67.570707
3364,KB_23_42768_43,Female,Killingbeck,2023,01/01/2023,21:48:28,01/01/2023 21:48,01/01/2023 18:48,-68.078653,-67.57196
3365,KB_23_42768_43,Female,Killingbeck,2023,01/01/2023,21:50:25,01/01/2023 21:50,01/01/2023 18:50,-68.069369,-67.570702
3366,KB_23_42768_43,Female,Killingbeck,2023,01/01/2023,21:52:27,01/01/2023 21:52,01/01/2023 18:52,-68.070403,-67.57055
3367,KB_23_42768_43,Female,Killingbeck,2023,01/01/2023,21:54:32,01/01/2023 21:54,01/01/2023 18:54,-68.070344,-67.570377
3368,KB_23_42768_43,Female,Killingbeck,2023,01/01/2023,21:56:22,01/01/2023 21:56,01/01/2023 18:56,-68.063591,-67.579338
3369,KB_23_42768_43,Female,Killingbeck,2023,01/01/2023,21:58:13,01/01/2023 21:58,01/01/2023 18:58,-68.069613,-67.570625
3370,KB_23_42768_43,Female,Killingbeck,2023,01/01/2023,22:00:14,01/01/2023 22:00,01/01/2023 19:00,-68.069659,-67.570628
3371,KB_23_42768_43,Female,Killingbeck,2023,01/01/2023,22:02:13,01/01/2023 22:02,01/01/2023 19:02,-68.068695,-67.571017
3372,KB_23_42768_43,Female,Killingbeck,2023,01/01/2023,22:04:18,01/01/2023 22:04,01/01/2023 19:04,-68.068708,-67.570479
3373,KB_23_42768_43,Female,Killingbeck,2023,01/01/2023,22:06:12,01/01/2023 22:06,01/01/2023 19:06,-68.069208,-67.570634
3374,KB_23_42768_43,Female,Killingbeck,2023,01/01/2023,22:08:11,01/01/2023 22:08,01/01/2023 19:08,-68.068387,-67.570333
3375,KB_23_42768_43,Female,Killingbeck,2023,01/01/2023,22:10:11,01/01/2023 22:10,01/01/2023 19:10,-68.069046,-67.57055
3376,KB_23_42768_43,Female,Killingbeck,2023,01/01/2023,22:12:07,01/01/2023 22:12,01/01/2023 19:12,-68.068663,-67.570436
3377,KB_23_42768_43,Female,Killingbeck,2023,01/01/2023,22:14:08,01/01/2023 22:14,01/01/2023 19:14,-68.068375,-67.57042
3378,KB_23_42768_43,Female,Killingbeck,2023,01/01/2023,22:16:07,01/01/2023 22:16,01/01/2023 19:16,-68.06859,-67.570468
3379,KB_23_42768_43,Female,Killingbeck,2023,01/01/2023,22:18:11,01/01/2023 22:18,01/01/2023 19:18,-68.071345,-67.571259
3380,KB_23_42768_43,Female,Killingbeck,2023,01/01/2023,22:20:11,01/01/2023 22:20,01/01/2023 19:20,-68.069928,-67.570517
3381,KB_23_42768_43,Female,Killingbeck,2023,01/01/2023,22:22:04,01/01/2023 22:22,01/01/2023 19:22,-68.069387,-67.57066
3382,KB_23_42768_43,Female,Killingbeck,2023,01/01/2023,22:24:08,01/01/2023 22:24,01/01/2023 19:24,-68.070924,-67.570499
3383,KB_23_42768_43,Female,Killingbeck,2023,01/01/2023,22:25:57,01/01/2023 22:25,01/01/2023 19:25,-68.069639,-67.570562
3384,KB_23_42768_43,Female,Killingbeck,2023,01/01/2023,22:27:51,01/01/2023 22:27,01/01/2023 19:27,-68.067847,-67.57023
3385,KB_23_42768_43,Female,Killingbeck,2023,01/01/2023,22:29:49,01/01/2023 22:29,01/01/2023 19:29,-68.069375,-67.570753
3386,KB_23_42768_43,Female,Killingbeck,2023,01/01/2023,22:31:52,01/01/2023 22:31,01/01/2023 19:31,-68.06966,-67.570882
3387,KB_23_42768_43,Female,Killingbeck,2023,01/01/2023,22:33:47,01/01/2023 22:33,01/01/2023 19:33,-68.069583,-67.570796
3388,KB_23_42768_43,Female,Killingbeck,2023,01/01/2023,22:35:50,01/01/2023 22:35,01/01/2023 19:35,-68.069516,-67.570852
3389,KB_23_42768_43,Female,Killingbeck,2023,01/01/2023,22:37:47,01/01/2023 22:37,01/01/2023 19:37,-68.069577,-67.57085
3390,KB_23_42768_43,Female,Killingbeck,2023,01/01/2023,22:39:45,01/01/2023 22:39,01/01/2023 19:39,-68.069169,-67.570471
3391,KB_23_42768_43,Female,Killingbeck,2023,01/01/2023,22:41:45,01/01/2023 22:41,01/01/2023 19:41,-68.069532,-67.570856
3392,KB_23_42768_43,Female,Killingbeck,2023,01/01/2023,22:43:44,01/01/2023 22:43,01/01/2023 19:43,-68.072181,-67.571175
3393,KB_23_42768_43,Female,Killingbeck,2023,01/01/2023,22:45:40,01/01/2023 22:45,01/01/2023 19:45,-68.069453,-67.570723
3394,KB_23_42768_43,Female,Killingbeck,2023,01/01/2023,22:47:40,01/01/2023 22:47,01/01/2023 19:47,-68.069613,-67.570845
3395,KB_23_42768_43,Female,Killingbeck,2023,01/01/2023,22:49:41,01/01/2023 22:49,01/01/2023 19:49,-68.069592,-67.570797
3396,KB_23_42768_43,Female,Killingbeck,2023,01/01/2023,22:51:42,01/01/2023 22:51,01/01/2023 19:51,-68.069461,-67.570873
3397,KB_23_42768_43,Female,Killingbeck,2023,01/01/2023,22:53:37,01/01/2023 22:53,01/01/2023 19:53,-68.069502,-67.570794
3398,KB_23_42768_43,Female,Killingbeck,2023,01/01/2023,22:55:28,01/01/2023 22:55,01/01/2023 19:55,-68.069357,-67.570752
3399,KB_23_42768_43,Female,Killingbeck,2023,01/01/2023,22:57:32,01/01/2023 22:57,01/01/2023 19:57,-68.069382,-67.570758
3400,KB_23_42768_43,Female,Killingbeck,2023,01/01/2023,22:59:38,01/01/2023 22:59,01/01/2023 19:59,-68.069302,-67.570809
3401,KB_23_42768_43,Female,Killingbeck,2023,01/01/2023,23:01:40,01/01/2023 23:01,01/01/2023 20:01,-68.069439,-67.570731
3402,KB_23_42768_43,Female,Killingbeck,2023,01/01/2023,23:03:33,01/01/2023 23:03,01/01/2023 20:03,-68.069285,-67.570773
3403,KB_23_42768_43,Female,Killingbeck,2023,01/01/2023,23:05:37,01/01/2023 23:05,01/01/2023 20:05,-68.069382,-67.570791
3404,KB_23_42768_43,Female,Killingbeck,2023,01/01/2023,23:07:31,01/01/2023 23:07,01/01/2023 20:07,-68.0694,-67.570721
3405,KB_23_42768_43,Female,Killingbeck,2023,01/01/2023,23:09:26,01/01/2023 23:09,01/01/2023 20:09,-68.06938,-67.570774
3406,KB_23_42768_43,Female,Killingbeck,2023,01/01/2023,23:11:38,01/01/2023 23:11,01/01/2023 20:11,-68.069573,-67.570646
3407,KB_23_42768_43,Female,Killingbeck,2023,01/01/2023,23:13:37,01/01/2023 23:13,01/01/2023 20:13,-68.069567,-67.570601
3408,KB_23_42768_43,Female,Killingbeck,2023,01/01/2023,23:15:36,01/01/2023 23:15,01/01/2023 20:15,-68.069474,-67.570657
3409,KB_23_42768_43,Female,Killingbeck,2023,01/01/2023,23:17:35,01/01/2023 23:17,01/01/2023 20:17,-68.06954,-67.570654
3410,KB_23_42768_43,Female,Killingbeck,2023,01/01/2023,23:19:34,01/01/2023 23:19,01/01/2023 20:19,-68.069596,-67.570615
3411,KB_23_42768_43,Female,Killingbeck,2023,01/01/2023,23:21:33,01/01/2023 23:21,01/01/2023 20:21,-68.069632,-67.570631
3412,KB_23_42768_43,Female,Killingbeck,2023,01/01/2023,23:23:21,01/01/2023 23:23,01/01/2023 20:23,-68.069669,-67.570806
3413,KB_23_42768_43,Female,Killingbeck,2023,01/01/2023,23:25:10,01/01/2023 23:25,01/01/2023 20:25,-68.069703,-67.570744
3414,KB_23_42768_43,Female,Killingbeck,2023,01/01/2023,23:27:07,01/01/2023 23:27,01/01/2023 20:27,-68.069536,-67.570776
3415,KB_23_42768_43,Female,Killingbeck,2023,01/01/2023,23:29:15,01/01/2023 23:29,01/01/2023 20:29,-68.069387,-67.570743
3416,KB_23_42768_43,Female,Killingbeck,2023,01/01/2023,23:31:12,01/01/2023 23:31,01/01/2023 20:31,-68.069573,-67.570772
3417,KB_23_42768_43,Female,Killingbeck,2023,01/01/2023,23:33:06,01/01/2023 23:33,01/01/2023 20:33,-68.06952,-67.570811
3418,KB_23_42768_43,Female,Killingbeck,2023,01/01/2023,23:35:07,01/01/2023 23:35,01/01/2023 20:35,-68.069362,-67.570743
3419,KB_23_42768_43,Female,Killingbeck,2023,01/01/2023,23:37:06,01/01/2023 23:37,01/01/2023 20:37,-68.069586,-67.570774
3420,KB_23_42768_43,Female,Killingbeck,2023,01/01/2023,23:39:03,01/01/2023 23:39,01/01/2023 20:39,-68.069531,-67.570739
3421,KB_23_42768_43,Female,Killingbeck,2023,01/01/2023,23:41:02,01/01/2023 23:41,01/01/2023 20:41,-68.069572,-67.570725
3422,KB_23_42768_43,Female,Killingbeck,2023,01/01/2023,23:42:59,01/01/2023 23:42,01/01/2023 20:42,-68.069749,-67.570847
3423,KB_23_42768_43,Female,Killingbeck,2023,01/01/2023,23:44:58,01/01/2023 23:44,01/01/2023 20:44,-68.069433,-67.570698
3424,KB_23_42768_43,Female,Killingbeck,2023,01/01/2023,23:46:57,01/01/2023 23:46,01/01/2023 20:46,-68.069578,-67.570778
3425,KB_23_42768_43,Female,Killingbeck,2023,01/01/2023,23:48:58,01/01/2023 23:48,01/01/2023 20:48,-68.069553,-67.570885
3426,KB_23_42768_43,Female,Killingbeck,2023,01/01/2023,23:50:57,01/01/2023 23:50,01/01/2023 20:50,-68.069753,-67.571042
3427,KB_23_42768_43,Female,Killingbeck,2023,01/01/2023,23:52:55,01/01/2023 23:52,01/01/2023 20:52,-68.069453,-67.570758
3428,KB_23_42768_43,Female,Killingbeck,2023,01/01/2023,23:54:45,01/01/2023 23:54,01/01/2023 20:54,-68.06969,-67.57066
3429,KB_23_42768_43,Female,Killingbeck,2023,01/01/2023,23:56:44,01/01/2023 23:56,01/01/2023 20:56,-68.069601,-67.57075
3430,KB_23_42768_43,Female,Killingbeck,2023,01/01/2023,23:58:49,01/01/2023 23:58,01/01/2023 20:58,-68.069442,-67.570677
3431,KB_23_42768_43,Female,Killingbeck,2023,02/01/2023,00:00:43,02/01/2023 00:00,01/01/2023 21:00,-68.071349,-67.570705
3432,KB_23_42768_43,Female,Killingbeck,2023,02/01/2023,00:02:40,02/01/2023 00:02,01/01/2023 21:02,-68.069517,-67.570735
3433,KB_23_42768_43,Female,Killingbeck,2023,02/01/2023,00:04:39,02/01/2023 00:04,01/01/2023 21:04,-68.069529,-67.570811
3434,KB_23_42768_43,Female,Killingbeck,2023,02/01/2023,00:06:40,02/01/2023 00:06,01/01/2023 21:06,-68.070092,-67.570746
3435,KB_23_42768_43,Female,Killingbeck,2023,02/01/2023,00:08:44,02/01/2023 00:08,01/01/2023 21:08,-68.070022,-67.571194
3436,KB_23_42768_43,Female,Killingbeck,2023,02/01/2023,00:10:38,02/01/2023 00:10,01/01/2023 21:10,-68.069552,-67.570732
3437,KB_23_42768_43,Female,Killingbeck,2023,02/01/2023,00:12:42,02/01/2023 00:12,01/01/2023 21:12,-68.069512,-67.570957
3438,KB_23_42768_43,Female,Killingbeck,2023,02/01/2023,00:14:36,02/01/2023 00:14,01/01/2023 21:14,-68.069446,-67.570658
3439,KB_23_42768_43,Female,Killingbeck,2023,02/01/2023,00:16:35,02/01/2023 00:16,01/01/2023 21:16,-68.069451,-67.570693
3440,KB_23_42768_43,Female,Killingbeck,2023,02/01/2023,00:18:40,02/01/2023 00:18,01/01/2023 21:18,-68.069518,-67.570671
3441,KB_23_42768_43,Female,Killingbeck,2023,02/01/2023,00:20:34,02/01/2023 00:20,01/01/2023 21:20,-68.069492,-67.570731
3442,KB_23_42768_43,Female,Killingbeck,2023,02/01/2023,00:22:31,02/01/2023 00:22,01/01/2023 21:22,-68.069372,-67.570689
3443,KB_23_42768_43,Female,Killingbeck,2023,02/01/2023,00:24:22,02/01/2023 00:24,01/01/2023 21:24,-68.069513,-67.570651
3444,KB_23_42768_43,Female,Killingbeck,2023,02/01/2023,00:26:18,02/01/2023 00:26,01/01/2023 21:26,-68.069495,-67.570677
3445,KB_23_42768_43,Female,Killingbeck,2023,02/01/2023,00:28:22,02/01/2023 00:28,01/01/2023 21:28,-68.069511,-67.570732
3446,KB_23_42768_43,Female,Killingbeck,2023,02/01/2023,00:30:23,02/01/2023 00:30,01/01/2023 21:30,-68.069621,-67.570724
3447,KB_23_42768_43,Female,Killingbeck,2023,02/01/2023,00:32:22,02/01/2023 00:32,01/01/2023 21:32,-68.069669,-67.570709
3448,KB_23_42768_43,Female,Killingbeck,2023,02/01/2023,00:34:18,02/01/2023 00:34,01/01/2023 21:34,-68.06953,-67.570602
3449,KB_23_42768_43,Female,Killingbeck,2023,02/01/2023,00:36:28,02/01/2023 00:36,01/01/2023 21:36,-68.069987,-67.570835
3450,KB_23_42768_43,Female,Killingbeck,2023,02/01/2023,00:38:17,02/01/2023 00:38,01/01/2023 21:38,-68.069485,-67.570819
3451,KB_23_42768_43,Female,Killingbeck,2023,02/01/2023,00:40:25,02/01/2023 00:40,01/01/2023 21:40,-68.069499,-67.570625
3452,KB_23_42768_43,Female,Killingbeck,2023,02/01/2023,00:42:25,02/01/2023 00:42,01/01/2023 21:42,-68.069464,-67.570722
3453,KB_23_42768_43,Female,Killingbeck,2023,02/01/2023,00:44:22,02/01/2023 00:44,01/01/2023 21:44,-68.069385,-67.570693
3454,KB_23_42768_43,Female,Killingbeck,2023,02/01/2023,00:46:16,02/01/2023 00:46,01/01/2023 21:46,-68.069439,-67.570549
3455,KB_23_42768_43,Female,Killingbeck,2023,02/01/2023,00:48:15,02/01/2023 00:48,01/01/2023 21:48,-68.06933,-67.570631
3456,KB_23_42768_43,Female,Killingbeck,2023,02/01/2023,00:50:14,02/01/2023 00:50,01/01/2023 21:50,-68.069432,-67.57064
3457,KB_23_42768_43,Female,Killingbeck,2023,02/01/2023,00:52:12,02/01/2023 00:52,01/01/2023 21:52,-68.06938,-67.570653
3458,KB_23_42768_43,Female,Killingbeck,2023,02/01/2023,00:54:09,02/01/2023 00:54,01/01/2023 21:54,-68.069466,-67.570585
3459,KB_23_42768_43,Female,Killingbeck,2023,02/01/2023,00:56:08,02/01/2023 00:56,01/01/2023 21:56,-68.069445,-67.570677
3460,KB_23_42768_43,Female,Killingbeck,2023,02/01/2023,00:58:06,02/01/2023 00:58,01/01/2023 21:58,-68.069429,-67.570711
3461,KB_23_42768_43,Female,Killingbeck,2023,02/01/2023,01:00:06,02/01/2023 01:00,01/01/2023 22:00,-68.069521,-67.570625
3462,KB_23_42768_43,Female,Killingbeck,2023,02/01/2023,01:02:07,02/01/2023 01:02,01/01/2023 22:02,-68.069445,-67.570669
3463,KB_23_42768_43,Female,Killingbeck,2023,02/01/2023,01:04:03,02/01/2023 01:04,01/01/2023 22:04,-68.059047,-67.569727
3464,KB_23_42768_43,Female,Killingbeck,2023,02/01/2023,01:06:02,02/01/2023 01:06,01/01/2023 22:06,-68.005237,-67.562324
3465,KB_23_42768_43,Female,Killingbeck,2023,02/01/2023,01:08:01,02/01/2023 01:08,01/01/2023 22:08,-67.948318,-67.555591
3466,KB_23_42768_43,Female,Killingbeck,2023,02/01/2023,01:10:00,02/01/2023 01:10,01/01/2023 22:10,-67.891882,-67.552133
3467,KB_23_42768_43,Female,Killingbeck,2023,02/01/2023,01:11:59,02/01/2023 01:11,01/01/2023 22:11,-67.838613,-67.550518
3468,KB_23_42768_43,Female,Killingbeck,2023,02/01/2023,01:13:58,02/01/2023 01:13,01/01/2023 22:13,-67.79562,-67.546962
3469,KB_23_42768_43,Female,Killingbeck,2023,02/01/2023,01:15:58,02/01/2023 01:15,01/01/2023 22:15,-67.794568,-67.546626
3470,KB_23_42768_43,Female,Killingbeck,2023,02/01/2023,01:17:57,02/01/2023 01:17,01/01/2023 22:17,-67.794622,-67.546591
3471,KB_23_42768_43,Female,Killingbeck,2023,02/01/2023,01:19:59,02/01/2023 01:19,01/01/2023 22:19,-67.794151,-67.546676
3472,KB_23_42768_43,Female,Killingbeck,2023,02/01/2023,01:21:56,02/01/2023 01:21,01/01/2023 22:21,-67.794676,-67.546576
3473,KB_23_42768_43,Female,Killingbeck,2023,02/01/2023,01:25:04,02/01/2023 01:25,01/01/2023 22:25,-67.794503,-67.546544
3474,KB_23_42768_43,Female,Killingbeck,2023,02/01/2023,01:27:03,02/01/2023 01:27,01/01/2023 22:27,-67.798709,-67.54677
3475,KB_23_42768_43,Female,Killingbeck,2023,02/01/2023,01:29:45,02/01/2023 01:29,01/01/2023 22:29,-67.799524,-67.546591
3476,KB_23_42768_43,Female,Killingbeck,2023,02/01/2023,01:31:45,02/01/2023 01:31,01/01/2023 22:31,-67.798728,-67.54716
3477,KB_23_42768_43,Female,Killingbeck,2023,02/01/2023,01:33:45,02/01/2023 01:33,01/01/2023 22:33,-67.798718,-67.547163
3478,KB_23_42768_43,Female,Killingbeck,2023,02/01/2023,01:35:43,02/01/2023 01:35,01/01/2023 22:35,-67.798763,-67.547129
3479,KB_23_42768_43,Female,Killingbeck,2023,02/01/2023,01:37:52,02/01/2023 01:37,01/01/2023 22:37,-67.798941,-67.547284
3480,KB_23_42768_43,Female,Killingbeck,2023,02/01/2023,01:39:44,02/01/2023 01:39,01/01/2023 22:39,-67.79899,-67.547195
3481,KB_23_42768_43,Female,Killingbeck,2023,02/01/2023,01:41:43,02/01/2023 01:41,01/01/2023 22:41,-67.798862,-67.54715
3482,KB_23_42768_43,Female,Killingbeck,2023,02/01/2023,01:43:42,02/01/2023 01:43,01/01/2023 22:43,-67.798832,-67.547209
3483,KB_23_42768_43,Female,Killingbeck,2023,02/01/2023,01:45:41,02/01/2023 01:45,01/01/2023 22:45,-67.798863,-67.547238
3484,KB_23_42768_43,Female,Killingbeck,2023,02/01/2023,01:47:40,02/01/2023 01:47,01/01/2023 22:47,-67.798839,-67.547185
3485,KB_23_42768_43,Female,Killingbeck,2023,02/01/2023,01:49:38,02/01/2023 01:49,01/01/2023 22:49,-67.798642,-67.547233
3486,KB_23_42768_43,Female,Killingbeck,2023,02/01/2023,01:51:37,02/01/2023 01:51,01/01/2023 22:51,-67.798813,-67.547164
3487,KB_23_42768_43,Female,Killingbeck,2023,02/01/2023,01:53:37,02/01/2023 01:53,01/01/2023 22:53,-67.798735,-67.547186
3488,KB_23_42768_43,Female,Killingbeck,2023,02/01/2023,01:55:37,02/01/2023 01:55,01/01/2023 22:55,-67.783369,-67.547326
3489,KB_23_42768_43,Female,Killingbeck,2023,02/01/2023,01:57:36,02/01/2023 01:57,01/01/2023 22:57,-67.739887,-67.549177
3490,KB_23_42768_43,Female,Killingbeck,2023,02/01/2023,01:59:36,02/01/2023 01:59,01/01/2023 22:59,-67.697522,-67.546805
3491,KB_23_42768_43,Female,Killingbeck,2023,02/01/2023,02:01:35,02/01/2023 02:01,01/01/2023 23:01,-67.655681,-67.547871
3492,KB_23_42768_43,Female,Killingbeck,2023,02/01/2023,02:03:34,02/01/2023 02:03,01/01/2023 23:03,-67.633861,-67.542639
3493,KB_23_42768_43,Female,Killingbeck,2023,02/01/2023,02:05:33,02/01/2023 02:05,01/01/2023 23:05,0,0
3494,KB_23_42768_43,Female,Killingbeck,2023,02/01/2023,02:07:33,02/01/2023 02:07,01/01/2023 23:07,0,0
3495,KB_23_42768_43,Female,Killingbeck,2023,02/01/2023,02:09:31,02/01/2023 02:09,01/01/2023 23:09,0,0
3496,KB_23_42768_43,Female,Killingbeck,2023,02/01/2023,02:11:30,02/01/2023 02:11,01/01/2023 23:11,0,0
3497,KB_23_42768_43,Female,Killingbeck,2023,02/01/2023,02:14:52,02/01/2023 02:14,01/01/2023 23:14,0,0
3498,KB_23_42768_43,Female,Killingbeck,2023,02/01/2023,02:16:48,02/01/2023 02:16,01/01/2023 23:16,0,0
3499,KB_23_42768_43,Female,Killingbeck,2023,02/01/2023,02:18:47,02/01/2023 02:18,01/01/2023 23:18,0,0
3500,KB_23_42768_43,Female,Killingbeck,2023,02/01/2023,02:20:47,02/01/2023 02:20,01/01/2023 23:20,0,0
3501,KB_23_42768_43,Female,Killingbeck,2023,02/01/2023,02:22:57,02/01/2023 02:22,01/01/2023 23:22,0,0
3502,KB_23_42768_43,Female,Killingbeck,2023,02/01/2023,02:24:56,02/01/2023 02:24,01/01/2023 23:24,0,0
3503,KB_23_42768_43,Female,Killingbeck,2023,02/01/2023,02:26:56,02/01/2023 02:26,01/01/2023 23:26,0,0
3504,KB_23_42768_43,Female,Killingbeck,2023,02/01/2023,02:28:55,02/01/2023 02:28,01/01/2023 23:28,0,0
3505,KB_23_42768_43,Female,Killingbeck,2023,02/01/2023,02:30:54,02/01/2023 02:30,01/01/2023 23:30,0,0
3506,KB_23_42768_43,Female,Killingbeck,2023,02/01/2023,02:32:53,02/01/2023 02:32,01/01/2023 23:32,0,0
3507,KB_23_42768_43,Female,Killingbeck,2023,02/01/2023,02:34:52,02/01/2023 02:34,01/01/2023 23:34,0,0
3508,KB_23_42768_43,Female,Killingbeck,2023,02/01/2023,02:36:51,02/01/2023 02:36,01/01/2023 23:36,0,0
3509,KB_23_42768_43,Female,Killingbeck,2023,02/01/2023,02:39:04,02/01/2023 02:39,01/01/2023 23:39,0,0
3510,KB_23_42768_43,Female,Killingbeck,2023,02/01/2023,02:41:03,02/01/2023 02:41,01/01/2023 23:41,0,0
3511,KB_23_42768_43,Female,Killingbeck,2023,02/01/2023,02:43:02,02/01/2023 02:43,01/01/2023 23:43,0,0
3512,KB_23_42768_43,Female,Killingbeck,2023,02/01/2023,02:45:01,02/01/2023 02:45,01/01/2023 23:45,0,0
3513,KB_23_42768_43,Female,Killingbeck,2023,02/01/2023,02:47:00,02/01/2023 02:47,01/01/2023 23:47,0,0
3514,KB_23_42768_43,Female,Killingbeck,2023,02/01/2023,02:48:59,02/01/2023 02:48,01/01/2023 23:48,0,0
3515,KB_23_42768_43,Female,Killingbeck,2023,02/01/2023,02:50:59,02/01/2023 02:50,01/01/2023 23:50,0,0
3516,KB_23_42768_43,Female,Killingbeck,2023,02/01/2023,02:52:57,02/01/2023 02:52,01/01/2023 23:52,0,0
3517,KB_23_42768_43,Female,Killingbeck,2023,02/01/2023,02:54:56,02/01/2023 02:54,01/01/2023 23:54,0,0
3518,KB_23_42768_43,Female,Killingbeck,2023,02/01/2023,02:56:56,02/01/2023 02:56,01/01/2023 23:56,-67.398955,-67.538611
3519,KB_23_42768_43,Female,Killingbeck,2023,02/01/2023,02:58:56,02/01/2023 02:58,01/01/2023 23:58,-67.39886,-67.538574
3520,KB_23_42768_43,Female,Killingbeck,2023,02/01/2023,03:00:56,02/01/2023 03:00,02/01/2023 00:00,-67.398839,-67.538606
3521,KB_23_42768_43,Female,Killingbeck,2023,02/01/2023,03:02:54,02/01/2023 03:02,02/01/2023 00:02,-67.398882,-67.538593
3522,KB_23_42768_43,Female,Killingbeck,2023,02/01/2023,03:04:53,02/01/2023 03:04,02/01/2023 00:04,-67.398867,-67.538701
3523,KB_23_42768_43,Female,Killingbeck,2023,02/01/2023,03:06:52,02/01/2023 03:06,02/01/2023 00:06,-67.398918,-67.538643
3524,KB_23_42768_43,Female,Killingbeck,2023,02/01/2023,03:08:51,02/01/2023 03:08,02/01/2023 00:08,-67.398869,-67.538644
3525,KB_23_42768_43,Female,Killingbeck,2023,02/01/2023,03:10:50,02/01/2023 03:10,02/01/2023 00:10,-67.39898,-67.538619
3526,KB_23_42768_43,Female,Killingbeck,2023,02/01/2023,03:12:49,02/01/2023 03:12,02/01/2023 00:12,-67.398889,-67.538587
3527,KB_23_42768_43,Female,Killingbeck,2023,02/01/2023,03:14:48,02/01/2023 03:14,02/01/2023 00:14,-67.39866,-67.538322
3528,KB_23_42768_43,Female,Killingbeck,2023,02/01/2023,03:16:47,02/01/2023 03:16,02/01/2023 00:16,-67.398801,-67.538569
3529,KB_23_42768_43,Female,Killingbeck,2023,02/01/2023,03:18:47,02/01/2023 03:18,02/01/2023 00:18,-67.398941,-67.538567
3530,KB_23_42768_43,Female,Killingbeck,2023,02/01/2023,03:20:47,02/01/2023 03:20,02/01/2023 00:20,-67.399025,-67.538661
3531,KB_23_42768_43,Female,Killingbeck,2023,02/01/2023,03:22:45,02/01/2023 03:22,02/01/2023 00:22,-67.395462,-67.539444
3532,KB_23_42768_43,Female,Killingbeck,2023,02/01/2023,03:24:44,02/01/2023 03:24,02/01/2023 00:24,-67.390794,-67.537388
3533,KB_23_42768_43,Female,Killingbeck,2023,02/01/2023,03:27:22,02/01/2023 03:27,02/01/2023 00:27,-67.391321,-67.537323
3534,KB_23_42768_43,Female,Killingbeck,2023,02/01/2023,03:29:20,02/01/2023 03:29,02/01/2023 00:29,-67.360503,-67.534736
3535,KB_23_42768_43,Female,Killingbeck,2023,02/01/2023,03:31:19,02/01/2023 03:31,02/01/2023 00:31,-67.32094,-67.526979
3536,KB_23_42768_43,Female,Killingbeck,2023,02/01/2023,03:33:18,02/01/2023 03:33,02/01/2023 00:33,-67.308008,-67.524279
3537,KB_23_42768_43,Female,Killingbeck,2023,02/01/2023,03:35:34,02/01/2023 03:35,02/01/2023 00:35,-67.307737,-67.524231
3538,KB_23_42768_43,Female,Killingbeck,2023,02/01/2023,03:38:49,02/01/2023 03:38,02/01/2023 00:38,-67.306734,-67.524068
3539,KB_23_42768_43,Female,Killingbeck,2023,02/01/2023,03:40:38,02/01/2023 03:40,02/01/2023 00:40,-67.303409,-67.522862
3540,KB_23_42768_43,Female,Killingbeck,2023,02/01/2023,03:42:37,02/01/2023 03:42,02/01/2023 00:42,-67.303011,-67.522986
3541,KB_23_42768_43,Female,Killingbeck,2023,02/01/2023,03:44:36,02/01/2023 03:44,02/01/2023 00:44,-67.30303,-67.523004
3542,KB_23_42768_43,Female,Killingbeck,2023,02/01/2023,03:46:35,02/01/2023 03:46,02/01/2023 00:46,-67.303245,-67.522775
3543,KB_23_42768_43,Female,Killingbeck,2023,02/01/2023,03:48:35,02/01/2023 03:48,02/01/2023 00:48,-67.309968,-67.522576
3544,KB_23_42768_43,Female,Killingbeck,2023,02/01/2023,03:50:34,02/01/2023 03:50,02/01/2023 00:50,-67.310103,-67.522534
3545,KB_23_42768_43,Female,Killingbeck,2023,02/01/2023,03:52:55,02/01/2023 03:52,02/01/2023 00:52,-67.310032,-67.522636
3546,KB_23_42768_43,Female,Killingbeck,2023,02/01/2023,03:55:52,02/01/2023 03:55,02/01/2023 00:55,-67.309841,-67.522547
3547,KB_23_42768_43,Female,Killingbeck,2023,02/01/2023,04:01:24,02/01/2023 04:01,02/01/2023 01:01,-67.310166,-67.522684
3548,KB_23_42768_43,Female,Killingbeck,2023,02/01/2023,04:03:41,02/01/2023 04:03,02/01/2023 01:03,-67.310135,-67.522655
3549,KB_23_42768_43,Female,Killingbeck,2023,02/01/2023,04:05:41,02/01/2023 04:05,02/01/2023 01:05,-67.310064,-67.522587
3550,KB_23_42768_43,Female,Killingbeck,2023,02/01/2023,04:07:41,02/01/2023 04:07,02/01/2023 01:07,-67.310052,-67.522595
3551,KB_23_42768_43,Female,Killingbeck,2023,02/01/2023,04:09:46,02/01/2023 04:09,02/01/2023 01:09,-67.310018,-67.522564
3552,KB_23_42768_43,Female,Killingbeck,2023,02/01/2023,04:11:40,02/01/2023 04:11,02/01/2023 01:11,-67.310107,-67.522643
3553,KB_23_42768_43,Female,Killingbeck,2023,02/01/2023,04:13:47,02/01/2023 04:13,02/01/2023 01:13,-67.310179,-67.522676
3554,KB_23_42768_43,Female,Killingbeck,2023,02/01/2023,04:15:39,02/01/2023 04:15,02/01/2023 01:15,-67.310149,-67.52268
3555,KB_23_42768_43,Female,Killingbeck,2023,02/01/2023,04:17:43,02/01/2023 04:17,02/01/2023 01:17,-67.310149,-67.522312
3556,KB_23_42768_43,Female,Killingbeck,2023,02/01/2023,04:19:38,02/01/2023 04:19,02/01/2023 01:19,-67.310121,-67.522631
3557,KB_23_42768_43,Female,Killingbeck,2023,02/01/2023,04:21:37,02/01/2023 04:21,02/01/2023 01:21,-67.310019,-67.522565
3558,KB_23_42768_43,Female,Killingbeck,2023,02/01/2023,04:23:46,02/01/2023 04:23,02/01/2023 01:23,-67.310109,-67.522632
3559,KB_23_42768_43,Female,Killingbeck,2023,02/01/2023,04:25:36,02/01/2023 04:25,02/01/2023 01:25,-67.309976,-67.522536
3560,KB_23_42768_43,Female,Killingbeck,2023,02/01/2023,04:27:35,02/01/2023 04:27,02/01/2023 01:27,-67.310157,-67.522688
3561,KB_23_42768_43,Female,Killingbeck,2023,02/01/2023,04:30:10,02/01/2023 04:30,02/01/2023 01:30,0,0
3562,KB_23_42768_43,Female,Killingbeck,2023,02/01/2023,04:32:17,02/01/2023 04:32,02/01/2023 01:32,0,0
3563,KB_23_42768_43,Female,Killingbeck,2023,02/01/2023,04:34:11,02/01/2023 04:34,02/01/2023 01:34,0,0
3564,KB_23_42768_43,Female,Killingbeck,2023,02/01/2023,04:36:08,02/01/2023 04:36,02/01/2023 01:36,0,0
3565,KB_23_42768_43,Female,Killingbeck,2023,02/01/2023,04:38:07,02/01/2023 04:38,02/01/2023 01:38,0,0
3566,KB_23_42768_43,Female,Killingbeck,2023,02/01/2023,04:40:15,02/01/2023 04:40,02/01/2023 01:40,0,0
3567,KB_23_42768_43,Female,Killingbeck,2023,02/01/2023,04:42:06,02/01/2023 04:42,02/01/2023 01:42,0,0
3568,KB_23_42768_43,Female,Killingbeck,2023,02/01/2023,04:44:05,02/01/2023 04:44,02/01/2023 01:44,0,0
3569,KB_23_42768_43,Female,Killingbeck,2023,02/01/2023,04:46:16,02/01/2023 04:46,02/01/2023 01:46,0,0
3570,KB_23_42768_43,Female,Killingbeck,2023,02/01/2023,04:48:04,02/01/2023 04:48,02/01/2023 01:48,0,0
3571,KB_23_42768_43,Female,Killingbeck,2023,02/01/2023,04:50:05,02/01/2023 04:50,02/01/2023 01:50,0,0
3572,KB_23_42768_43,Female,Killingbeck,2023,02/01/2023,04:52:33,02/01/2023 04:52,02/01/2023 01:52,0,0
3573,KB_23_42768_43,Female,Killingbeck,2023,02/01/2023,04:54:38,02/01/2023 04:54,02/01/2023 01:54,0,0
3574,KB_23_42768_43,Female,Killingbeck,2023,02/01/2023,04:56:33,02/01/2023 04:56,02/01/2023 01:56,0,0
3575,KB_23_42768_43,Female,Killingbeck,2023,02/01/2023,04:58:47,02/01/2023 04:58,02/01/2023 01:58,0,0
3576,KB_23_42768_43,Female,Killingbeck,2023,02/01/2023,05:00:41,02/01/2023 05:00,02/01/2023 02:00,0,0
3577,KB_23_42768_43,Female,Killingbeck,2023,02/01/2023,05:02:40,02/01/2023 05:02,02/01/2023 02:02,0,0
3578,KB_23_42768_43,Female,Killingbeck,2023,02/01/2023,05:04:40,02/01/2023 05:04,02/01/2023 02:04,0,0
3579,KB_23_42768_43,Female,Killingbeck,2023,02/01/2023,05:06:38,02/01/2023 05:06,02/01/2023 02:06,0,0
3580,KB_23_42768_43,Female,Killingbeck,2023,02/01/2023,05:08:37,02/01/2023 05:08,02/01/2023 02:08,0,0
3581,KB_23_42768_43,Female,Killingbeck,2023,02/01/2023,05:10:37,02/01/2023 05:10,02/01/2023 02:10,0,0
3582,KB_23_42768_43,Female,Killingbeck,2023,02/01/2023,05:12:36,02/01/2023 05:12,02/01/2023 02:12,0,0
3583,KB_23_42768_43,Female,Killingbeck,2023,02/01/2023,05:14:34,02/01/2023 05:14,02/01/2023 02:14,0,0
3584,KB_23_42768_43,Female,Killingbeck,2023,02/01/2023,05:16:33,02/01/2023 05:16,02/01/2023 02:16,0,0
3585,KB_23_42768_43,Female,Killingbeck,2023,02/01/2023,05:18:32,02/01/2023 05:18,02/01/2023 02:18,0,0
3586,KB_23_42768_43,Female,Killingbeck,2023,02/01/2023,05:20:33,02/01/2023 05:20,02/01/2023 02:20,0,0
3587,KB_23_42768_43,Female,Killingbeck,2023,02/01/2023,05:22:31,02/01/2023 05:22,02/01/2023 02:22,0,0
3588,KB_23_42768_43,Female,Killingbeck,2023,02/01/2023,05:24:30,02/01/2023 05:24,02/01/2023 02:24,0,0
3589,KB_23_42768_43,Female,Killingbeck,2023,02/01/2023,05:27:20,02/01/2023 05:27,02/01/2023 02:27,0,0
3590,KB_23_42768_43,Female,Killingbeck,2023,02/01/2023,05:29:08,02/01/2023 05:29,02/01/2023 02:29,-67.330488,-67.525744
3591,KB_23_42768_43,Female,Killingbeck,2023,02/01/2023,05:31:08,02/01/2023 05:31,02/01/2023 02:31,-67.363069,-67.534803
3592,KB_23_42768_43,Female,Killingbeck,2023,02/01/2023,05:33:07,02/01/2023 05:33,02/01/2023 02:33,-67.410957,-67.539943
3593,KB_23_42768_43,Female,Killingbeck,2023,02/01/2023,05:35:08,02/01/2023 05:35,02/01/2023 02:35,-67.455107,-67.548425
3594,KB_23_42768_43,Female,Killingbeck,2023,02/01/2023,05:37:05,02/01/2023 05:37,02/01/2023 02:37,-67.506237,-67.553498
3595,KB_23_42768_43,Female,Killingbeck,2023,02/01/2023,05:39:04,02/01/2023 05:39,02/01/2023 02:39,-67.560243,-67.55612
3596,KB_23_42768_43,Female,Killingbeck,2023,02/01/2023,05:41:04,02/01/2023 05:41,02/01/2023 02:41,-67.610036,-67.559375
3597,KB_23_42768_43,Female,Killingbeck,2023,02/01/2023,05:43:03,02/01/2023 05:43,02/01/2023 02:43,-67.654852,-67.556775
3598,KB_23_42768_43,Female,Killingbeck,2023,02/01/2023,05:45:02,02/01/2023 05:45,02/01/2023 02:45,-67.702252,-67.557013
3599,KB_23_42768_43,Female,Killingbeck,2023,02/01/2023,05:47:01,02/01/2023 05:47,02/01/2023 02:47,-67.749669,-67.556368
3600,KB_23_42768_43,Female,Killingbeck,2023,02/01/2023,05:49:00,02/01/2023 05:49,02/01/2023 02:49,-67.790787,-67.55105
3601,KB_23_42768_43,Female,Killingbeck,2023,02/01/2023,05:50:59,02/01/2023 05:50,02/01/2023 02:50,-67.79432,-67.550281
3602,KB_23_42768_43,Female,Killingbeck,2023,02/01/2023,05:52:58,02/01/2023 05:52,02/01/2023 02:52,-67.794808,-67.550277
3603,KB_23_42768_43,Female,Killingbeck,2023,02/01/2023,05:54:57,02/01/2023 05:54,02/01/2023 02:54,-67.794336,-67.550246
3604,KB_23_42768_43,Female,Killingbeck,2023,02/01/2023,05:56:56,02/01/2023 05:56,02/01/2023 02:56,-67.794323,-67.550301
3605,KB_23_42768_43,Female,Killingbeck,2023,02/01/2023,05:59:59,02/01/2023 05:59,02/01/2023 02:59,-67.794251,-67.550284
3606,KB_23_42768_43,Female,Killingbeck,2023,02/01/2023,06:01:58,02/01/2023 06:01,02/01/2023 03:01,-67.794303,-67.550144
3607,KB_23_42768_43,Female,Killingbeck,2023,02/01/2023,06:03:57,02/01/2023 06:03,02/01/2023 03:03,-67.837178,-67.556957
3608,KB_23_42768_43,Female,Killingbeck,2023,02/01/2023,06:05:56,02/01/2023 06:05,02/01/2023 03:05,-67.888264,-67.566123
3609,KB_23_42768_43,Female,Killingbeck,2023,02/01/2023,06:07:55,02/01/2023 06:07,02/01/2023 03:07,-67.943893,-67.569023
3610,KB_23_42768_43,Female,Killingbeck,2023,02/01/2023,06:09:54,02/01/2023 06:09,02/01/2023 03:09,-67.996602,-67.570775
3611,KB_23_42768_43,Female,Killingbeck,2023,02/01/2023,06:11:53,02/01/2023 06:11,02/01/2023 03:11,-68.047267,-67.571109
3612,KB_23_42768_43,Female,Killingbeck,2023,02/01/2023,06:13:55,02/01/2023 06:13,02/01/2023 03:13,-68.071306,-67.571424
3613,KB_23_42768_43,Female,Killingbeck,2023,02/01/2023,06:15:54,02/01/2023 06:15,02/01/2023 03:15,-68.068909,-67.570955
3614,KB_23_42768_43,Female,Killingbeck,2023,02/01/2023,06:17:59,02/01/2023 06:17,02/01/2023 03:17,-68.069806,-67.570745
3615,KB_23_42768_43,Female,Killingbeck,2023,02/01/2023,06:20:07,02/01/2023 06:20,02/01/2023 03:20,0,0
3616,KB_23_42768_43,Female,Killingbeck,2023,02/01/2023,06:21:51,02/01/2023 06:21,02/01/2023 03:21,-68.069351,-67.570692
3617,KB_23_42768_43,Female,Killingbeck,2023,02/01/2023,06:23:56,02/01/2023 06:23,02/01/2023 03:23,-68.069475,-67.570677
3618,KB_23_42768_43,Female,Killingbeck,2023,02/01/2023,06:25:48,02/01/2023 06:25,02/01/2023 03:25,-68.069762,-67.570734
3619,KB_23_42768_43,Female,Killingbeck,2023,02/01/2023,06:27:49,02/01/2023 06:27,02/01/2023 03:27,-68.069255,-67.570419
3620,KB_23_42768_43,Female,Killingbeck,2023,02/01/2023,06:29:50,02/01/2023 06:29,02/01/2023 03:29,-68.069534,-67.570714
3621,KB_23_42768_43,Female,Killingbeck,2023,02/01/2023,06:31:49,02/01/2023 06:31,02/01/2023 03:31,-68.069373,-67.570323
3622,KB_23_42768_43,Female,Killingbeck,2023,02/01/2023,06:33:48,02/01/2023 06:33,02/01/2023 03:33,-68.069329,-67.570376
3623,KB_23_42768_43,Female,Killingbeck,2023,02/01/2023,06:35:45,02/01/2023 06:35,02/01/2023 03:35,-68.069545,-67.570585
3624,KB_23_42768_43,Female,Killingbeck,2023,02/01/2023,06:37:51,02/01/2023 06:37,02/01/2023 03:37,-68.069295,-67.570275
3625,KB_23_42768_43,Female,Killingbeck,2023,02/01/2023,06:39:42,02/01/2023 06:39,02/01/2023 03:39,-68.069508,-67.570566
3626,KB_23_42768_43,Female,Killingbeck,2023,02/01/2023,06:41:41,02/01/2023 06:41,02/01/2023 03:41,-68.069536,-67.570843
3627,KB_23_42768_43,Female,Killingbeck,2023,02/01/2023,06:43:41,02/01/2023 06:43,02/01/2023 03:43,-68.069529,-67.570619
3628,KB_23_42768_43,Female,Killingbeck,2023,02/01/2023,06:45:42,02/01/2023 06:45,02/01/2023 03:45,-68.069071,-67.570071
3629,KB_23_42768_43,Female,Killingbeck,2023,02/01/2023,06:47:39,02/01/2023 06:47,02/01/2023 03:47,-68.069533,-67.570762
3630,KB_23_42768_43,Female,Killingbeck,2023,02/01/2023,06:49:39,02/01/2023 06:49,02/01/2023 03:49,-68.069416,-67.570737
3631,KB_23_42768_43,Female,Killingbeck,2023,02/01/2023,06:51:37,02/01/2023 06:51,02/01/2023 03:51,-68.06978,-67.570699
3632,KB_23_42768_43,Female,Killingbeck,2023,02/01/2023,06:53:35,02/01/2023 06:53,02/01/2023 03:53,-68.03922,-67.568241
3633,KB_23_42768_43,Female,Killingbeck,2023,02/01/2023,06:55:34,02/01/2023 06:55,02/01/2023 03:55,-67.993686,-67.565951
3634,KB_23_42768_43,Female,Killingbeck,2023,02/01/2023,06:57:33,02/01/2023 06:57,02/01/2023 03:57,-67.947527,-67.565273
3635,KB_23_42768_43,Female,Killingbeck,2023,02/01/2023,06:59:34,02/01/2023 06:59,02/01/2023 03:59,-67.899753,-67.564272
3636,KB_23_42768_43,Female,Killingbeck,2023,02/01/2023,07:01:33,02/01/2023 07:01,02/01/2023 04:01,-67.854795,-67.561689
3637,KB_23_42768_43,Female,Killingbeck,2023,02/01/2023,07:03:33,02/01/2023 07:03,02/01/2023 04:03,-67.818783,-67.555658
3638,KB_23_42768_43,Female,Killingbeck,2023,02/01/2023,07:05:32,02/01/2023 07:05,02/01/2023 04:05,-67.810122,-67.549565
3639,KB_23_42768_43,Female,Killingbeck,2023,02/01/2023,07:07:35,02/01/2023 07:07,02/01/2023 04:07,-67.810313,-67.549622
3640,KB_23_42768_43,Female,Killingbeck,2023,02/01/2023,07:09:44,02/01/2023 07:09,02/01/2023 04:09,-67.810097,-67.549575
3641,KB_23_42768_43,Female,Killingbeck,2023,02/01/2023,07:12:53,02/01/2023 07:12,02/01/2023 04:12,-67.810639,-67.549618
3642,KB_23_42768_43,Female,Killingbeck,2023,02/01/2023,07:14:53,02/01/2023 07:14,02/01/2023 04:14,-67.810641,-67.549661
3643,KB_23_42768_43,Female,Killingbeck,2023,02/01/2023,07:16:51,02/01/2023 07:16,02/01/2023 04:16,-67.788048,-67.552037
3644,KB_23_42768_43,Female,Killingbeck,2023,02/01/2023,07:18:51,02/01/2023 07:18,02/01/2023 04:18,-67.786145,-67.553711
3645,KB_23_42768_43,Female,Killingbeck,2023,02/01/2023,07:21:06,02/01/2023 07:21,02/01/2023 04:21,-67.78579,-67.553995
3646,KB_23_42768_43,Female,Killingbeck,2023,02/01/2023,07:23:03,02/01/2023 07:23,02/01/2023 04:23,-67.75379,-67.553459
3647,KB_23_42768_43,Female,Killingbeck,2023,02/01/2023,07:25:02,02/01/2023 07:25,02/01/2023 04:25,-67.744531,-67.55376
3648,KB_23_42768_43,Female,Killingbeck,2023,02/01/2023,07:27:01,02/01/2023 07:27,02/01/2023 04:27,-67.739175,-67.552921
3649,KB_23_42768_43,Female,Killingbeck,2023,02/01/2023,07:29:01,02/01/2023 07:29,02/01/2023 04:29,-67.690819,-67.55641
3650,KB_23_42768_43,Female,Killingbeck,2023,02/01/2023,07:31:02,02/01/2023 07:31,02/01/2023 04:31,-67.64239,-67.556807
3651,KB_23_42768_43,Female,Killingbeck,2023,02/01/2023,07:33:02,02/01/2023 07:33,02/01/2023 04:33,-67.595944,-67.55933
3652,KB_23_42768_43,Female,Killingbeck,2023,02/01/2023,07:35:08,02/01/2023 07:35,02/01/2023 04:35,-67.582286,-67.558606
3653,KB_23_42768_43,Female,Killingbeck,2023,02/01/2023,07:37:09,02/01/2023 07:37,02/01/2023 04:37,-67.582484,-67.558756
3654,KB_23_42768_43,Female,Killingbeck,2023,02/01/2023,07:39:08,02/01/2023 07:39,02/01/2023 04:39,-67.582066,-67.55855
3655,KB_23_42768_43,Female,Killingbeck,2023,02/01/2023,07:41:06,02/01/2023 07:41,02/01/2023 04:41,-67.582592,-67.558706
3656,KB_23_42768_43,Female,Killingbeck,2023,02/01/2023,07:43:08,02/01/2023 07:43,02/01/2023 04:43,-67.582074,-67.558557
3657,KB_23_42768_43,Female,Killingbeck,2023,02/01/2023,07:45:04,02/01/2023 07:45,02/01/2023 04:45,-67.550348,-67.553323
3658,KB_23_42768_43,Female,Killingbeck,2023,02/01/2023,07:47:03,02/01/2023 07:47,02/01/2023 04:47,-67.516951,-67.552678
3659,KB_23_42768_43,Female,Killingbeck,2023,02/01/2023,07:49:50,02/01/2023 07:49,02/01/2023 04:49,-67.519938,-67.552649
3660,KB_23_42768_43,Female,Killingbeck,2023,02/01/2023,07:53:36,02/01/2023 07:53,02/01/2023 04:53,-67.52054,-67.551542
3661,KB_23_42768_43,Female,Killingbeck,2023,02/01/2023,07:55:33,02/01/2023 07:55,02/01/2023 04:55,-67.515698,-67.553333
3662,KB_23_42768_43,Female,Killingbeck,2023,02/01/2023,07:57:32,02/01/2023 07:57,02/01/2023 04:57,-67.471513,-67.550748
3663,KB_23_42768_43,Female,Killingbeck,2023,02/01/2023,07:59:31,02/01/2023 07:59,02/01/2023 04:59,-67.440337,-67.547067
3664,KB_23_42768_43,Female,Killingbeck,2023,02/01/2023,08:01:30,02/01/2023 08:01,02/01/2023 05:01,-67.440264,-67.546823
3665,KB_23_42768_43,Female,Killingbeck,2023,02/01/2023,08:04:41,02/01/2023 08:04,02/01/2023 05:04,-67.439262,-67.546922
3666,KB_23_42768_43,Female,Killingbeck,2023,02/01/2023,08:06:39,02/01/2023 08:06,02/01/2023 05:06,-67.439233,-67.546954
3667,KB_23_42768_43,Female,Killingbeck,2023,02/01/2023,08:08:39,02/01/2023 08:08,02/01/2023 05:08,-67.439145,-67.547096
3668,KB_23_42768_43,Female,Killingbeck,2023,02/01/2023,08:11:27,02/01/2023 08:11,02/01/2023 05:11,-67.439383,-67.547111
3669,KB_23_42768_43,Female,Killingbeck,2023,02/01/2023,08:13:25,02/01/2023 08:13,02/01/2023 05:13,-67.439796,-67.547624
3670,KB_23_42768_43,Female,Killingbeck,2023,02/01/2023,08:15:24,02/01/2023 08:15,02/01/2023 05:15,-67.439672,-67.547613
3671,KB_23_42768_43,Female,Killingbeck,2023,02/01/2023,08:17:24,02/01/2023 08:17,02/01/2023 05:17,-67.4374,-67.547396
3672,KB_23_42768_43,Female,Killingbeck,2023,02/01/2023,08:19:24,02/01/2023 08:19,02/01/2023 05:19,-67.454928,-67.549168
3673,KB_23_42768_43,Female,Killingbeck,2023,02/01/2023,08:22:01,02/01/2023 08:22,02/01/2023 05:22,-67.455036,-67.549223
3674,KB_23_42768_43,Female,Killingbeck,2023,02/01/2023,08:24:01,02/01/2023 08:24,02/01/2023 05:24,-67.455062,-67.548934
3675,KB_23_42768_43,Female,Killingbeck,2023,02/01/2023,08:28:34,02/01/2023 08:28,02/01/2023 05:28,-67.454893,-67.549121
3676,KB_23_42768_43,Female,Killingbeck,2023,02/01/2023,08:30:34,02/01/2023 08:30,02/01/2023 05:30,-67.455356,-67.548679
3677,KB_23_42768_43,Female,Killingbeck,2023,02/01/2023,08:32:30,02/01/2023 08:32,02/01/2023 05:32,-67.455069,-67.548864
3678,KB_23_42768_43,Female,Killingbeck,2023,02/01/2023,08:34:30,02/01/2023 08:34,02/01/2023 05:34,-67.454563,-67.549192
3679,KB_23_42768_43,Female,Killingbeck,2023,02/01/2023,08:36:32,02/01/2023 08:36,02/01/2023 05:36,-67.455258,-67.549255
3680,KB_23_42768_43,Female,Killingbeck,2023,02/01/2023,08:38:30,02/01/2023 08:38,02/01/2023 05:38,-67.455159,-67.549142
3681,KB_23_42768_43,Female,Killingbeck,2023,02/01/2023,08:40:29,02/01/2023 08:40,02/01/2023 05:40,-67.454786,-67.549088
3682,KB_23_42768_43,Female,Killingbeck,2023,02/01/2023,08:42:27,02/01/2023 08:42,02/01/2023 05:42,-67.455022,-67.549131
3683,KB_23_42768_43,Female,Killingbeck,2023,02/01/2023,08:44:35,02/01/2023 08:44,02/01/2023 05:44,-67.454192,-67.548906
3684,KB_23_42768_43,Female,Killingbeck,2023,02/01/2023,08:46:27,02/01/2023 08:46,02/01/2023 05:46,-67.454881,-67.549288
3685,KB_23_42768_43,Female,Killingbeck,2023,02/01/2023,08:48:26,02/01/2023 08:48,02/01/2023 05:48,-67.455246,-67.549107
3686,KB_23_42768_43,Female,Killingbeck,2023,02/01/2023,08:50:35,02/01/2023 08:50,02/01/2023 05:50,-67.455074,-67.549264
3687,KB_23_42768_43,Female,Killingbeck,2023,02/01/2023,08:52:30,02/01/2023 08:52,02/01/2023 05:52,-67.455038,-67.549223
3688,KB_23_42768_43,Female,Killingbeck,2023,02/01/2023,08:54:25,02/01/2023 08:54,02/01/2023 05:54,-67.454426,-67.548925
3689,KB_23_42768_43,Female,Killingbeck,2023,02/01/2023,08:56:26,02/01/2023 08:56,02/01/2023 05:56,-67.454987,-67.54919
3690,KB_23_42768_43,Female,Killingbeck,2023,02/01/2023,08:58:25,02/01/2023 08:58,02/01/2023 05:58,-67.455007,-67.549203
3691,KB_23_42768_43,Female,Killingbeck,2023,02/01/2023,09:00:23,02/01/2023 09:00,02/01/2023 06:00,-67.454995,-67.549226
3692,KB_23_42768_43,Female,Killingbeck,2023,02/01/2023,09:02:23,02/01/2023 09:02,02/01/2023 06:02,-67.454872,-67.549028
3693,KB_23_42768_43,Female,Killingbeck,2023,02/01/2023,09:04:19,02/01/2023 09:04,02/01/2023 06:04,-67.455035,-67.549164
3694,KB_23_42768_43,Female,Killingbeck,2023,02/01/2023,09:06:23,02/01/2023 09:06,02/01/2023 06:06,-67.455013,-67.549239
3695,KB_23_42768_43,Female,Killingbeck,2023,02/01/2023,09:08:23,02/01/2023 09:08,02/01/2023 06:08,-67.454912,-67.549124
3696,KB_23_42768_43,Female,Killingbeck,2023,02/01/2023,09:10:22,02/01/2023 09:10,02/01/2023 06:10,-67.455164,-67.549257
3697,KB_23_42768_43,Female,Killingbeck,2023,02/01/2023,09:12:19,02/01/2023 09:12,02/01/2023 06:12,-67.454658,-67.549
3698,KB_23_42768_43,Female,Killingbeck,2023,02/01/2023,09:14:18,02/01/2023 09:14,02/01/2023 06:14,-67.454594,-67.549431
3699,KB_23_42768_43,Female,Killingbeck,2023,02/01/2023,09:16:17,02/01/2023 09:16,02/01/2023 06:16,-67.454169,-67.549015
3700,KB_23_42768_43,Female,Killingbeck,2023,02/01/2023,09:18:18,02/01/2023 09:18,02/01/2023 06:18,-67.454994,-67.549191
3701,KB_23_42768_43,Female,Killingbeck,2023,02/01/2023,09:20:17,02/01/2023 09:20,02/01/2023 06:20,-67.454872,-67.549145
3702,KB_23_42768_43,Female,Killingbeck,2023,02/01/2023,09:22:16,02/01/2023 09:22,02/01/2023 06:22,-67.45467,-67.54911
3703,KB_23_42768_43,Female,Killingbeck,2023,02/01/2023,09:24:15,02/01/2023 09:24,02/01/2023 06:24,-67.455044,-67.549181
3704,KB_23_42768_43,Female,Killingbeck,2023,02/01/2023,09:26:14,02/01/2023 09:26,02/01/2023 06:26,-67.45492,-67.549219
3705,KB_23_42768_43,Female,Killingbeck,2023,02/01/2023,09:28:11,02/01/2023 09:28,02/01/2023 06:28,-67.454622,-67.549064
3706,KB_23_42768_43,Female,Killingbeck,2023,02/01/2023,09:30:22,02/01/2023 09:30,02/01/2023 06:30,-67.44643,-67.546987
3707,KB_23_42768_43,Female,Killingbeck,2023,02/01/2023,09:32:10,02/01/2023 09:32,02/01/2023 06:32,-67.455067,-67.549019
3708,KB_23_42768_43,Female,Killingbeck,2023,02/01/2023,09:34:15,02/01/2023 09:34,02/01/2023 06:34,-67.450047,-67.546601
3709,KB_23_42768_43,Female,Killingbeck,2023,02/01/2023,09:36:15,02/01/2023 09:36,02/01/2023 06:36,-67.45478,-67.549088
3710,KB_23_42768_43,Female,Killingbeck,2023,02/01/2023,09:38:12,02/01/2023 09:38,02/01/2023 06:38,-67.454768,-67.549126
3711,KB_23_42768_43,Female,Killingbeck,2023,02/01/2023,09:40:11,02/01/2023 09:40,02/01/2023 06:40,-67.454742,-67.549044
3712,KB_23_42768_43,Female,Killingbeck,2023,02/01/2023,09:42:12,02/01/2023 09:42,02/01/2023 06:42,-67.454943,-67.549265
3713,KB_23_42768_43,Female,Killingbeck,2023,02/01/2023,09:44:09,02/01/2023 09:44,02/01/2023 06:44,-67.454571,-67.54889
3714,KB_23_42768_43,Female,Killingbeck,2023,02/01/2023,09:46:10,02/01/2023 09:46,02/01/2023 06:46,-67.45502,-67.549124
3715,KB_23_42768_43,Female,Killingbeck,2023,02/01/2023,09:48:07,02/01/2023 09:48,02/01/2023 06:48,-67.454657,-67.549065
3716,KB_23_42768_43,Female,Killingbeck,2023,02/01/2023,09:50:06,02/01/2023 09:50,02/01/2023 06:50,-67.454726,-67.549038
3717,KB_23_42768_43,Female,Killingbeck,2023,02/01/2023,09:52:13,02/01/2023 09:52,02/01/2023 06:52,-67.453362,-67.549059
3718,KB_23_42768_43,Female,Killingbeck,2023,02/01/2023,09:54:18,02/01/2023 09:54,02/01/2023 06:54,-67.454874,-67.54913
3719,KB_23_42768_43,Female,Killingbeck,2023,02/01/2023,09:56:12,02/01/2023 09:56,02/01/2023 06:56,-67.454602,-67.549249
3720,KB_23_42768_43,Female,Killingbeck,2023,02/01/2023,09:58:12,02/01/2023 09:58,02/01/2023 06:58,-67.450396,-67.547145
3721,KB_23_42768_43,Female,Killingbeck,2023,02/01/2023,10:00:13,02/01/2023 10:00,02/01/2023 07:00,-67.455408,-67.549032
3722,KB_23_42768_43,Female,Killingbeck,2023,02/01/2023,10:02:13,02/01/2023 10:02,02/01/2023 07:02,-67.454854,-67.549085
3723,KB_23_42768_43,Female,Killingbeck,2023,02/01/2023,10:04:13,02/01/2023 10:04,02/01/2023 07:04,-67.454571,-67.548715
3724,KB_23_42768_43,Female,Killingbeck,2023,02/01/2023,10:06:14,02/01/2023 10:06,02/01/2023 07:06,-67.454216,-67.549453
3725,KB_23_42768_43,Female,Killingbeck,2023,02/01/2023,10:08:16,02/01/2023 10:08,02/01/2023 07:08,-67.454618,-67.54943
3726,KB_23_42768_43,Female,Killingbeck,2023,02/01/2023,10:10:07,02/01/2023 10:10,02/01/2023 07:10,-67.455034,-67.549498
3727,KB_23_42768_43,Female,Killingbeck,2023,02/01/2023,10:12:14,02/01/2023 10:12,02/01/2023 07:12,-67.456616,-67.546076
3728,KB_23_42768_43,Female,Killingbeck,2023,02/01/2023,10:14:05,02/01/2023 10:14,02/01/2023 07:14,-67.440533,-67.547313
3729,KB_23_42768_43,Female,Killingbeck,2023,02/01/2023,10:16:05,02/01/2023 10:16,02/01/2023 07:16,-67.440264,-67.547233
3730,KB_23_42768_43,Female,Killingbeck,2023,02/01/2023,10:18:04,02/01/2023 10:18,02/01/2023 07:18,-67.440015,-67.547053
3731,KB_23_42768_43,Female,Killingbeck,2023,02/01/2023,10:20:30,02/01/2023 10:20,02/01/2023 07:20,-67.439625,-67.547295
3732,KB_23_42768_43,Female,Killingbeck,2023,02/01/2023,10:22:30,02/01/2023 10:22,02/01/2023 07:22,-67.439837,-67.547388
3733,KB_23_42768_43,Female,Killingbeck,2023,02/01/2023,10:24:28,02/01/2023 10:24,02/01/2023 07:24,-67.439847,-67.547363
3734,KB_23_42768_43,Female,Killingbeck,2023,02/01/2023,10:26:28,02/01/2023 10:26,02/01/2023 07:26,-67.440089,-67.547302
3735,KB_23_42768_43,Female,Killingbeck,2023,02/01/2023,10:28:28,02/01/2023 10:28,02/01/2023 07:28,-67.439944,-67.547288
3736,KB_23_42768_43,Female,Killingbeck,2023,02/01/2023,10:30:26,02/01/2023 10:30,02/01/2023 07:30,-67.439769,-67.547176
3737,KB_23_42768_43,Female,Killingbeck,2023,02/01/2023,10:33:47,02/01/2023 10:33,02/01/2023 07:33,-67.439732,-67.547246
3738,KB_23_42768_43,Female,Killingbeck,2023,02/01/2023,10:35:45,02/01/2023 10:35,02/01/2023 07:35,-67.439754,-67.547307
3739,KB_23_42768_43,Female,Killingbeck,2023,02/01/2023,10:37:48,02/01/2023 10:37,02/01/2023 07:37,-67.439986,-67.547328
3740,KB_23_42768_43,Female,Killingbeck,2023,02/01/2023,10:39:46,02/01/2023 10:39,02/01/2023 07:39,-67.439971,-67.547343
3741,KB_23_42768_43,Female,Killingbeck,2023,02/01/2023,10:41:46,02/01/2023 10:41,02/01/2023 07:41,-67.439811,-67.547238
3742,KB_23_42768_43,Female,Killingbeck,2023,02/01/2023,10:43:44,02/01/2023 10:43,02/01/2023 07:43,-67.439418,-67.547198
3743,KB_23_42768_43,Female,Killingbeck,2023,02/01/2023,10:47:12,02/01/2023 10:47,02/01/2023 07:47,-67.439312,-67.547039
3744,KB_23_42768_43,Female,Killingbeck,2023,02/01/2023,10:49:06,02/01/2023 10:49,02/01/2023 07:49,-67.439936,-67.547412
3745,KB_23_42768_43,Female,Killingbeck,2023,02/01/2023,10:51:06,02/01/2023 10:51,02/01/2023 07:51,-67.469728,-67.549959
3746,KB_23_42768_43,Female,Killingbeck,2023,02/01/2023,10:53:05,02/01/2023 10:53,02/01/2023 07:53,-67.516098,-67.552994
3747,KB_23_42768_43,Female,Killingbeck,2023,02/01/2023,10:55:03,02/01/2023 10:55,02/01/2023 07:55,-67.560009,-67.556424
3748,KB_23_42768_43,Female,Killingbeck,2023,02/01/2023,10:57:02,02/01/2023 10:57,02/01/2023 07:57,-67.613493,-67.558998
3749,KB_23_42768_43,Female,Killingbeck,2023,02/01/2023,10:59:01,02/01/2023 10:59,02/01/2023 07:59,-67.655642,-67.555847
3750,KB_23_42768_43,Female,Killingbeck,2023,02/01/2023,11:01:00,02/01/2023 11:01,02/01/2023 08:01,-67.702895,-67.556885
3751,KB_23_42768_43,Female,Killingbeck,2023,02/01/2023,11:02:59,02/01/2023 11:02,02/01/2023 08:02,-67.750982,-67.555153
3752,KB_23_42768_43,Female,Killingbeck,2023,02/01/2023,11:05:01,02/01/2023 11:05,02/01/2023 08:05,-67.794875,-67.549778
3753,KB_23_42768_43,Female,Killingbeck,2023,02/01/2023,11:06:57,02/01/2023 11:06,02/01/2023 08:06,-67.831078,-67.548417
3754,KB_23_42768_43,Female,Killingbeck,2023,02/01/2023,11:08:59,02/01/2023 11:08,02/01/2023 08:08,-67.83212,-67.548644
3755,KB_23_42768_43,Female,Killingbeck,2023,02/01/2023,11:10:58,02/01/2023 11:10,02/01/2023 08:10,-67.833282,-67.54904
3756,KB_23_42768_43,Female,Killingbeck,2023,02/01/2023,11:12:58,02/01/2023 11:12,02/01/2023 08:12,-67.834506,-67.549433
3757,KB_23_42768_43,Female,Killingbeck,2023,02/01/2023,11:14:57,02/01/2023 11:14,02/01/2023 08:14,-67.835968,-67.549843
3758,KB_23_42768_43,Female,Killingbeck,2023,02/01/2023,11:17:02,02/01/2023 11:17,02/01/2023 08:17,-67.837485,-67.550335
3759,KB_23_42768_43,Female,Killingbeck,2023,02/01/2023,11:19:01,02/01/2023 11:19,02/01/2023 08:19,-67.841014,-67.550122
3760,KB_23_42768_43,Female,Killingbeck,2023,02/01/2023,11:21:00,02/01/2023 11:21,02/01/2023 08:21,-67.887199,-67.560695
3761,KB_23_42768_43,Female,Killingbeck,2023,02/01/2023,11:22:59,02/01/2023 11:22,02/01/2023 08:22,-67.944188,-67.563896
3762,KB_23_42768_43,Female,Killingbeck,2023,02/01/2023,11:24:58,02/01/2023 11:24,02/01/2023 08:24,-68.001103,-67.566066
3763,KB_23_42768_43,Female,Killingbeck,2023,02/01/2023,11:26:57,02/01/2023 11:26,02/01/2023 08:26,-68.057004,-67.569483
3764,KB_23_42768_43,Female,Killingbeck,2023,02/01/2023,11:29:03,02/01/2023 11:29,02/01/2023 08:29,-68.07003,-67.570441
3765,KB_23_42768_43,Female,Killingbeck,2023,02/01/2023,11:30:57,02/01/2023 11:30,02/01/2023 08:30,-68.070038,-67.570669
3766,KB_23_42768_43,Female,Killingbeck,2023,02/01/2023,11:32:57,02/01/2023 11:32,02/01/2023 08:32,-68.069691,-67.570598
3767,KB_23_42768_43,Female,Killingbeck,2023,02/01/2023,11:34:58,02/01/2023 11:34,02/01/2023 08:34,-68.06999,-67.570413
3768,KB_23_42768_43,Female,Killingbeck,2023,02/01/2023,11:36:56,02/01/2023 11:36,02/01/2023 08:36,-68.069197,-67.569847
3769,KB_23_42768_43,Female,Killingbeck,2023,02/01/2023,11:38:56,02/01/2023 11:38,02/01/2023 08:38,-68.070561,-67.569466
3770,KB_23_42768_43,Female,Killingbeck,2023,02/01/2023,11:41:23,02/01/2023 11:41,02/01/2023 08:41,-68.069759,-67.570567
3771,KB_23_42768_43,Female,Killingbeck,2023,02/01/2023,11:43:21,02/01/2023 11:43,02/01/2023 08:43,-68.069719,-67.570636
3772,KB_23_42768_43,Female,Killingbeck,2023,02/01/2023,11:45:33,02/01/2023 11:45,02/01/2023 08:45,-68.070011,-67.570714
3773,KB_23_42768_43,Female,Killingbeck,2023,02/01/2023,11:47:31,02/01/2023 11:47,02/01/2023 08:47,-68.070364,-67.570718
3774,KB_23_42768_43,Female,Killingbeck,2023,02/01/2023,11:49:30,02/01/2023 11:49,02/01/2023 08:49,-68.070249,-67.57069
3775,KB_23_42768_43,Female,Killingbeck,2023,02/01/2023,11:51:29,02/01/2023 11:51,02/01/2023 08:51,-68.070087,-67.570667
3776,KB_23_42768_43,Female,Killingbeck,2023,02/01/2023,11:53:28,02/01/2023 11:53,02/01/2023 08:53,-68.069613,-67.570595
3777,KB_23_42768_43,Female,Killingbeck,2023,02/01/2023,11:55:26,02/01/2023 11:55,02/01/2023 08:55,-68.069816,-67.570635
3778,KB_23_42768_43,Female,Killingbeck,2023,02/01/2023,11:57:26,02/01/2023 11:57,02/01/2023 08:57,-68.070136,-67.570694
3779,KB_23_42768_43,Female,Killingbeck,2023,02/01/2023,11:59:25,02/01/2023 11:59,02/01/2023 08:59,-68.07039,-67.570725
3780,KB_23_42768_43,Female,Killingbeck,2023,02/01/2023,12:01:24,02/01/2023 12:01,02/01/2023 09:01,-68.069563,-67.570565
3781,KB_23_42768_43,Female,Killingbeck,2023,02/01/2023,12:03:24,02/01/2023 12:03,02/01/2023 09:03,-68.07013,-67.570684
3782,KB_23_42768_43,Female,Killingbeck,2023,02/01/2023,12:05:23,02/01/2023 12:05,02/01/2023 09:05,-68.070395,-67.570734
3783,KB_23_42768_43,Female,Killingbeck,2023,02/01/2023,12:07:22,02/01/2023 12:07,02/01/2023 09:07,-68.070146,-67.570653
3784,KB_23_42768_43,Female,Killingbeck,2023,02/01/2023,12:10:54,02/01/2023 12:10,02/01/2023 09:10,-68.069633,-67.570654
3785,KB_23_42768_43,Female,Killingbeck,2023,02/01/2023,12:12:56,02/01/2023 12:12,02/01/2023 09:12,-68.071035,-67.571478
3786,KB_23_42768_43,Female,Killingbeck,2023,02/01/2023,12:14:49,02/01/2023 12:14,02/01/2023 09:14,-68.069863,-67.570786
3787,KB_23_42768_43,Female,Killingbeck,2023,02/01/2023,12:16:48,02/01/2023 12:16,02/01/2023 09:16,-68.069545,-67.57059
3788,KB_23_42768_43,Female,Killingbeck,2023,02/01/2023,12:19:00,02/01/2023 12:19,02/01/2023 09:19,-68.0694,-67.57053
3789,KB_23_42768_43,Female,Killingbeck,2023,02/01/2023,12:20:50,02/01/2023 12:20,02/01/2023 09:20,-68.069604,-67.570728
3790,KB_23_42768_43,Female,Killingbeck,2023,02/01/2023,12:22:48,02/01/2023 12:22,02/01/2023 09:22,-68.069224,-67.570478
3791,KB_23_42768_43,Female,Killingbeck,2023,02/01/2023,12:24:48,02/01/2023 12:24,02/01/2023 09:24,-68.069527,-67.570747
3792,KB_23_42768_43,Female,Killingbeck,2023,02/01/2023,12:26:56,02/01/2023 12:26,02/01/2023 09:26,-68.07018,-67.570756
3793,KB_23_42768_43,Female,Killingbeck,2023,02/01/2023,12:28:44,02/01/2023 12:28,02/01/2023 09:28,-68.069608,-67.570618
3794,KB_23_42768_43,Female,Killingbeck,2023,02/01/2023,12:30:45,02/01/2023 12:30,02/01/2023 09:30,-68.06958,-67.570635
3795,KB_23_42768_43,Female,Killingbeck,2023,02/01/2023,12:32:44,02/01/2023 12:32,02/01/2023 09:32,-68.069523,-67.570738
3796,KB_23_42768_43,Female,Killingbeck,2023,02/01/2023,12:34:43,02/01/2023 12:34,02/01/2023 09:34,-68.069696,-67.570696
3797,KB_23_42768_43,Female,Killingbeck,2023,02/01/2023,12:36:42,02/01/2023 12:36,02/01/2023 09:36,-68.070351,-67.570661
3798,KB_23_42768_43,Female,Killingbeck,2023,02/01/2023,12:38:31,02/01/2023 12:38,02/01/2023 09:38,-68.070211,-67.570628
3799,KB_23_42768_43,Female,Killingbeck,2023,02/01/2023,12:40:28,02/01/2023 12:40,02/01/2023 09:40,-68.069625,-67.570663
3800,KB_23_42768_43,Female,Killingbeck,2023,02/01/2023,12:42:27,02/01/2023 12:42,02/01/2023 09:42,-68.069638,-67.570642
3801,KB_23_42768_43,Female,Killingbeck,2023,02/01/2023,12:44:33,02/01/2023 12:44,02/01/2023 09:44,-68.069514,-67.570539
3802,KB_23_42768_43,Female,Killingbeck,2023,02/01/2023,12:46:28,02/01/2023 12:46,02/01/2023 09:46,-68.069448,-67.570441
3803,KB_23_42768_43,Female,Killingbeck,2023,02/01/2023,12:48:40,02/01/2023 12:48,02/01/2023 09:48,-68.069219,-67.570486
3804,KB_23_42768_43,Female,Killingbeck,2023,02/01/2023,12:50:27,02/01/2023 12:50,02/01/2023 09:50,-68.069592,-67.570515
3805,KB_23_42768_43,Female,Killingbeck,2023,02/01/2023,12:52:23,02/01/2023 12:52,02/01/2023 09:52,-68.069617,-67.570662
3806,KB_23_42768_43,Female,Killingbeck,2023,02/01/2023,12:54:22,02/01/2023 12:54,02/01/2023 09:54,-68.069552,-67.570676
3807,KB_23_42768_43,Female,Killingbeck,2023,02/01/2023,12:56:21,02/01/2023 12:56,02/01/2023 09:56,-68.069709,-67.570525
3808,KB_23_42768_43,Female,Killingbeck,2023,02/01/2023,12:58:20,02/01/2023 12:58,02/01/2023 09:58,-68.069504,-67.570592
3809,KB_23_42768_43,Female,Killingbeck,2023,02/01/2023,13:00:21,02/01/2023 13:00,02/01/2023 10:00,-68.071684,-67.57057
3810,KB_23_42768_43,Female,Killingbeck,2023,02/01/2023,13:02:17,02/01/2023 13:02,02/01/2023 10:02,-68.069369,-67.570583
3811,KB_23_42768_43,Female,Killingbeck,2023,02/01/2023,13:04:25,02/01/2023 13:04,02/01/2023 10:04,-68.069517,-67.570484
3812,KB_23_42768_43,Female,Killingbeck,2023,02/01/2023,13:06:20,02/01/2023 13:06,02/01/2023 10:06,-68.069496,-67.570506
3813,KB_23_42768_43,Female,Killingbeck,2023,02/01/2023,13:08:05,02/01/2023 13:08,02/01/2023 10:08,-68.069389,-67.570663
3814,KB_23_42768_43,Female,Killingbeck,2023,02/01/2023,13:10:13,02/01/2023 13:10,02/01/2023 10:10,-68.069287,-67.570456
3815,KB_23_42768_43,Female,Killingbeck,2023,02/01/2023,13:12:07,02/01/2023 13:12,02/01/2023 10:12,-68.069465,-67.570493
3816,KB_23_42768_43,Female,Killingbeck,2023,02/01/2023,13:14:04,02/01/2023 13:14,02/01/2023 10:14,-68.069568,-67.570514
3817,KB_23_42768_43,Female,Killingbeck,2023,02/01/2023,13:16:03,02/01/2023 13:16,02/01/2023 10:16,-68.069502,-67.570806
3818,KB_23_42768_43,Female,Killingbeck,2023,02/01/2023,13:18:04,02/01/2023 13:18,02/01/2023 10:18,-68.069406,-67.570802
3819,KB_23_42768_43,Female,Killingbeck,2023,02/01/2023,13:20:16,02/01/2023 13:20,02/01/2023 10:20,-68.069626,-67.570793
3820,KB_23_42768_43,Female,Killingbeck,2023,02/01/2023,13:22:02,02/01/2023 13:22,02/01/2023 10:22,-68.069408,-67.570753
3821,KB_23_42768_43,Female,Killingbeck,2023,02/01/2023,13:24:01,02/01/2023 13:24,02/01/2023 10:24,-68.069445,-67.570892
3822,KB_23_42768_43,Female,Killingbeck,2023,02/01/2023,13:26:13,02/01/2023 13:26,02/01/2023 10:26,-68.068947,-67.570892
3823,KB_23_42768_43,Female,Killingbeck,2023,02/01/2023,13:27:57,02/01/2023 13:27,02/01/2023 10:27,-68.069325,-67.570674
3824,KB_23_42768_43,Female,Killingbeck,2023,02/01/2023,13:30:04,02/01/2023 13:30,02/01/2023 10:30,-68.06937,-67.570757
3825,KB_23_42768_43,Female,Killingbeck,2023,02/01/2023,13:31:58,02/01/2023 13:31,02/01/2023 10:31,-68.069599,-67.570779
3826,KB_23_42768_43,Female,Killingbeck,2023,02/01/2023,13:33:57,02/01/2023 13:33,02/01/2023 10:33,-68.069578,-67.570657
3827,KB_23_42768_43,Female,Killingbeck,2023,02/01/2023,13:35:57,02/01/2023 13:35,02/01/2023 10:35,-68.06936,-67.570768
3828,KB_23_42768_43,Female,Killingbeck,2023,02/01/2023,13:37:58,02/01/2023 13:37,02/01/2023 10:37,-68.069503,-67.5708
3829,KB_23_42768_43,Female,Killingbeck,2023,02/01/2023,13:39:54,02/01/2023 13:39,02/01/2023 10:39,-68.069501,-67.570518
3830,KB_23_42768_43,Female,Killingbeck,2023,02/01/2023,13:41:58,02/01/2023 13:41,02/01/2023 10:41,0,0
3831,KB_23_42768_43,Female,Killingbeck,2023,02/01/2023,13:43:44,02/01/2023 13:43,02/01/2023 10:43,-68.069448,-67.57067
3832,KB_23_42768_43,Female,Killingbeck,2023,02/01/2023,13:45:41,02/01/2023 13:45,02/01/2023 10:45,-68.069496,-67.570668
3833,KB_23_42768_43,Female,Killingbeck,2023,02/01/2023,13:47:42,02/01/2023 13:47,02/01/2023 10:47,-68.069368,-67.570692
3834,KB_23_42768_43,Female,Killingbeck,2023,02/01/2023,13:49:47,02/01/2023 13:49,02/01/2023 10:49,-68.069307,-67.570593
3835,KB_23_42768_43,Female,Killingbeck,2023,02/01/2023,13:51:51,02/01/2023 13:51,02/01/2023 10:51,-68.069404,-67.570666
3836,KB_23_42768_43,Female,Killingbeck,2023,02/01/2023,13:53:41,02/01/2023 13:53,02/01/2023 10:53,-68.069481,-67.570463
3837,KB_23_42768_43,Female,Killingbeck,2023,02/01/2023,13:55:49,02/01/2023 13:55,02/01/2023 10:55,-68.069618,-67.570657
3838,KB_23_42768_43,Female,Killingbeck,2023,02/01/2023,13:57:40,02/01/2023 13:57,02/01/2023 10:57,-68.069894,-67.570534
3839,KB_23_42768_43,Female,Killingbeck,2023,02/01/2023,13:59:40,02/01/2023 13:59,02/01/2023 10:59,-68.069566,-67.57066
3840,KB_23_42768_43,Female,Killingbeck,2023,02/01/2023,14:01:38,02/01/2023 14:01,02/01/2023 11:01,-68.070231,-67.570381
3841,KB_23_42768_43,Female,Killingbeck,2023,02/01/2023,14:03:34,02/01/2023 14:03,02/01/2023 11:03,-68.06932,-67.57072
3842,KB_23_42768_43,Female,Killingbeck,2023,02/01/2023,14:05:34,02/01/2023 14:05,02/01/2023 11:05,-68.069604,-67.570619
3843,KB_23_42768_43,Female,Killingbeck,2023,02/01/2023,14:07:23,02/01/2023 14:07,02/01/2023 11:07,-68.069603,-67.570794
3844,KB_23_42768_43,Female,Killingbeck,2023,02/01/2023,14:09:33,02/01/2023 14:09,02/01/2023 11:09,-68.069511,-67.570712
3845,KB_23_42768_43,Female,Killingbeck,2023,02/01/2023,14:11:22,02/01/2023 14:11,02/01/2023 11:11,-68.069783,-67.570728
3846,KB_23_42768_43,Female,Killingbeck,2023,02/01/2023,14:13:24,02/01/2023 14:13,02/01/2023 11:13,-68.064173,-67.571174
3847,KB_23_42768_43,Female,Killingbeck,2023,02/01/2023,14:15:22,02/01/2023 14:15,02/01/2023 11:15,-68.069747,-67.570738
3848,KB_23_42768_43,Female,Killingbeck,2023,02/01/2023,14:17:18,02/01/2023 14:17,02/01/2023 11:17,-68.069781,-67.570751
3849,KB_23_42768_43,Female,Killingbeck,2023,02/01/2023,14:19:18,02/01/2023 14:19,02/01/2023 11:19,-68.069867,-67.570724
3850,KB_23_42768_43,Female,Killingbeck,2023,02/01/2023,14:21:19,02/01/2023 14:21,02/01/2023 11:21,-68.06619,-67.571097
3851,KB_23_42768_43,Female,Killingbeck,2023,02/01/2023,14:23:18,02/01/2023 14:23,02/01/2023 11:23,-68.068404,-67.570881
3852,KB_23_42768_43,Female,Killingbeck,2023,02/01/2023,14:25:14,02/01/2023 14:25,02/01/2023 11:25,-68.070092,-67.570725
3853,KB_23_42768_43,Female,Killingbeck,2023,02/01/2023,14:27:14,02/01/2023 14:27,02/01/2023 11:27,-68.069695,-67.570744
3854,KB_23_42768_43,Female,Killingbeck,2023,02/01/2023,14:29:12,02/01/2023 14:29,02/01/2023 11:29,-68.069923,-67.570757
3855,KB_23_42768_43,Female,Killingbeck,2023,02/01/2023,14:31:11,02/01/2023 14:31,02/01/2023 11:31,-68.069585,-67.570707
3856,KB_23_42768_43,Female,Killingbeck,2023,02/01/2023,14:33:11,02/01/2023 14:33,02/01/2023 11:33,-68.069818,-67.570726
3857,KB_23_42768_43,Female,Killingbeck,2023,02/01/2023,14:35:10,02/01/2023 14:35,02/01/2023 11:35,-68.06978,-67.570741
3858,KB_23_42768_43,Female,Killingbeck,2023,02/01/2023,14:37:08,02/01/2023 14:37,02/01/2023 11:37,-68.070039,-67.570737
3859,KB_23_42768_43,Female,Killingbeck,2023,02/01/2023,14:39:09,02/01/2023 14:39,02/01/2023 11:39,-68.071907,-67.570399
3860,KB_23_42768_43,Female,Killingbeck,2023,02/01/2023,14:41:06,02/01/2023 14:41,02/01/2023 11:41,-68.069779,-67.570707
3861,KB_23_42768_43,Female,Killingbeck,2023,02/01/2023,14:43:04,02/01/2023 14:43,02/01/2023 11:43,-68.069989,-67.570739
3862,KB_23_42768_43,Female,Killingbeck,2023,02/01/2023,14:45:04,02/01/2023 14:45,02/01/2023 11:45,-68.070088,-67.570716
3863,KB_23_42768_43,Female,Killingbeck,2023,02/01/2023,14:47:03,02/01/2023 14:47,02/01/2023 11:47,-68.069667,-67.570744
3864,KB_23_42768_43,Female,Killingbeck,2023,02/01/2023,14:49:01,02/01/2023 14:49,02/01/2023 11:49,-68.069986,-67.570704
3865,KB_23_42768_43,Female,Killingbeck,2023,02/01/2023,14:51:00,02/01/2023 14:51,02/01/2023 11:51,-68.069675,-67.57074
3866,KB_23_42768_43,Female,Killingbeck,2023,02/01/2023,14:53:00,02/01/2023 14:53,02/01/2023 11:53,-68.069749,-67.570722
3867,KB_23_42768_43,Female,Killingbeck,2023,02/01/2023,14:54:59,02/01/2023 14:54,02/01/2023 11:54,-68.069662,-67.57067
3868,KB_23_42768_43,Female,Killingbeck,2023,02/01/2023,14:57:00,02/01/2023 14:57,02/01/2023 11:57,-68.070091,-67.570659
3869,KB_23_42768_43,Female,Killingbeck,2023,02/01/2023,14:58:57,02/01/2023 14:58,02/01/2023 11:58,-68.069673,-67.570695
3870,KB_23_42768_43,Female,Killingbeck,2023,02/01/2023,15:00:56,02/01/2023 15:00,02/01/2023 12:00,-68.069741,-67.570717
3871,KB_23_42768_43,Female,Killingbeck,2023,02/01/2023,15:02:55,02/01/2023 15:02,02/01/2023 12:02,-68.069509,-67.570669
3872,KB_23_42768_43,Female,Killingbeck,2023,02/01/2023,15:04:54,02/01/2023 15:04,02/01/2023 12:04,-68.069736,-67.570727
3873,KB_23_42768_43,Female,Killingbeck,2023,02/01/2023,15:07:15,02/01/2023 15:07,02/01/2023 12:07,-68.069858,-67.570759
3874,KB_23_42768_43,Female,Killingbeck,2023,02/01/2023,15:09:14,02/01/2023 15:09,02/01/2023 12:09,-68.069675,-67.570665
3875,KB_23_42768_43,Female,Killingbeck,2023,02/01/2023,15:11:13,02/01/2023 15:11,02/01/2023 12:11,-68.06962,-67.570691
3876,KB_23_42768_43,Female,Killingbeck,2023,02/01/2023,15:13:12,02/01/2023 15:13,02/01/2023 12:13,-68.069949,-67.570799
3877,KB_23_42768_43,Female,Killingbeck,2023,02/01/2023,15:15:14,02/01/2023 15:15,02/01/2023 12:15,-68.061927,-67.569402
3878,KB_23_42768_43,Female,Killingbeck,2023,02/01/2023,15:17:10,02/01/2023 15:17,02/01/2023 12:17,-68.069791,-67.570743
3879,KB_23_42768_43,Female,Killingbeck,2023,02/01/2023,15:19:09,02/01/2023 15:19,02/01/2023 12:19,-68.069655,-67.570707
3880,KB_23_42768_43,Female,Killingbeck,2023,02/01/2023,15:21:08,02/01/2023 15:21,02/01/2023 12:21,-68.069773,-67.570756
3881,KB_23_42768_43,Female,Killingbeck,2023,02/01/2023,15:23:07,02/01/2023 15:23,02/01/2023 12:23,-68.069875,-67.570797
3882,KB_23_42768_43,Female,Killingbeck,2023,02/01/2023,15:25:07,02/01/2023 15:25,02/01/2023 12:25,-68.069778,-67.570781
3883,KB_23_42768_43,Female,Killingbeck,2023,02/01/2023,15:27:05,02/01/2023 15:27,02/01/2023 12:27,-68.069793,-67.570758
3884,KB_23_42768_43,Female,Killingbeck,2023,02/01/2023,15:29:05,02/01/2023 15:29,02/01/2023 12:29,-68.06993,-67.570756
3885,KB_23_42768_43,Female,Killingbeck,2023,02/01/2023,15:31:04,02/01/2023 15:31,02/01/2023 12:31,-68.069619,-67.570689
3886,KB_23_42768_43,Female,Killingbeck,2023,02/01/2023,15:33:03,02/01/2023 15:33,02/01/2023 12:33,-68.069765,-67.57075
3887,KB_23_42768_43,Female,Killingbeck,2023,02/01/2023,15:35:02,02/01/2023 15:35,02/01/2023 12:35,-68.069956,-67.570759
3888,KB_23_42768_43,Female,Killingbeck,2023,02/01/2023,15:36:59,02/01/2023 15:36,02/01/2023 12:36,-68.069886,-67.570763
3889,KB_23_42768_43,Female,Killingbeck,2023,02/01/2023,15:38:58,02/01/2023 15:38,02/01/2023 12:38,-68.069795,-67.570701
3890,KB_23_42768_43,Female,Killingbeck,2023,02/01/2023,15:40:57,02/01/2023 15:40,02/01/2023 12:40,-68.069833,-67.570717
3891,KB_23_42768_43,Female,Killingbeck,2023,02/01/2023,15:42:56,02/01/2023 15:42,02/01/2023 12:42,-68.06994,-67.570737
3892,KB_23_42768_43,Female,Killingbeck,2023,02/01/2023,15:44:55,02/01/2023 15:44,02/01/2023 12:44,-68.069678,-67.57072
3893,KB_23_42768_43,Female,Killingbeck,2023,02/01/2023,15:46:54,02/01/2023 15:46,02/01/2023 12:46,-68.070058,-67.570832
3894,KB_23_42768_43,Female,Killingbeck,2023,02/01/2023,15:48:54,02/01/2023 15:48,02/01/2023 12:48,-68.07002,-67.570862
3895,KB_23_42768_43,Female,Killingbeck,2023,02/01/2023,15:50:52,02/01/2023 15:50,02/01/2023 12:50,-68.069796,-67.570752
3896,KB_23_42768_43,Female,Killingbeck,2023,02/01/2023,15:52:51,02/01/2023 15:52,02/01/2023 12:52,-68.070002,-67.570878
3897,KB_23_42768_43,Female,Killingbeck,2023,02/01/2023,15:54:51,02/01/2023 15:54,02/01/2023 12:54,-68.069612,-67.570718
3898,KB_23_42768_43,Female,Killingbeck,2023,02/01/2023,15:56:49,02/01/2023 15:56,02/01/2023 12:56,-68.069767,-67.570702
3899,KB_23_42768_43,Female,Killingbeck,2023,02/01/2023,15:58:49,02/01/2023 15:58,02/01/2023 12:58,-68.069789,-67.570762
3900,KB_23_42768_43,Female,Killingbeck,2023,02/01/2023,16:00:48,02/01/2023 16:00,02/01/2023 13:00,-68.069668,-67.570676
3901,KB_23_42768_43,Female,Killingbeck,2023,02/01/2023,16:02:48,02/01/2023 16:02,02/01/2023 13:02,-68.069729,-67.570708
3902,KB_23_42768_43,Female,Killingbeck,2023,02/01/2023,16:04:47,02/01/2023 16:04,02/01/2023 13:04,-68.069658,-67.570714
3903,KB_23_42768_43,Female,Killingbeck,2023,02/01/2023,16:06:35,02/01/2023 16:06,02/01/2023 13:06,-68.069969,-67.570794
3904,KB_23_42768_43,Female,Killingbeck,2023,02/01/2023,16:08:34,02/01/2023 16:08,02/01/2023 13:08,-68.069715,-67.570709
3905,KB_23_42768_43,Female,Killingbeck,2023,02/01/2023,16:10:33,02/01/2023 16:10,02/01/2023 13:10,-68.069789,-67.570749
3906,KB_23_42768_43,Female,Killingbeck,2023,02/01/2023,16:12:34,02/01/2023 16:12,02/01/2023 13:12,-68.069546,-67.570659
3907,KB_23_42768_43,Female,Killingbeck,2023,02/01/2023,16:14:33,02/01/2023 16:14,02/01/2023 13:14,-68.070371,-67.570919
3908,KB_23_42768_43,Female,Killingbeck,2023,02/01/2023,16:16:42,02/01/2023 16:16,02/01/2023 13:16,-68.069385,-67.570579
3909,KB_23_42768_43,Female,Killingbeck,2023,02/01/2023,16:18:30,02/01/2023 16:18,02/01/2023 13:18,-68.069668,-67.570706
3910,KB_23_42768_43,Female,Killingbeck,2023,02/01/2023,16:20:31,02/01/2023 16:20,02/01/2023 13:20,-68.069724,-67.570709
3911,KB_23_42768_43,Female,Killingbeck,2023,02/01/2023,16:22:30,02/01/2023 16:22,02/01/2023 13:22,-68.069888,-67.570734
3912,KB_23_42768_43,Female,Killingbeck,2023,02/01/2023,16:24:26,02/01/2023 16:24,02/01/2023 13:24,-68.06974,-67.57071
3913,KB_23_42768_43,Female,Killingbeck,2023,02/01/2023,16:26:38,02/01/2023 16:26,02/01/2023 13:26,-68.069654,-67.570722
3914,KB_23_42768_43,Female,Killingbeck,2023,02/01/2023,16:28:24,02/01/2023 16:28,02/01/2023 13:28,-68.069693,-67.570772
3915,KB_23_42768_43,Female,Killingbeck,2023,02/01/2023,16:30:24,02/01/2023 16:30,02/01/2023 13:30,-68.069726,-67.570713
3916,KB_23_42768_43,Female,Killingbeck,2023,02/01/2023,16:32:26,02/01/2023 16:32,02/01/2023 13:32,-68.069922,-67.57077
3917,KB_23_42768_43,Female,Killingbeck,2023,02/01/2023,16:34:25,02/01/2023 16:34,02/01/2023 13:34,-68.069755,-67.570695
3918,KB_23_42768_43,Female,Killingbeck,2023,02/01/2023,16:36:20,02/01/2023 16:36,02/01/2023 13:36,-68.069908,-67.570776
3919,KB_23_42768_43,Female,Killingbeck,2023,02/01/2023,16:38:19,02/01/2023 16:38,02/01/2023 13:38,-68.06986,-67.570726
3920,KB_23_42768_43,Female,Killingbeck,2023,02/01/2023,16:40:18,02/01/2023 16:40,02/01/2023 13:40,-68.069833,-67.570714
3921,KB_23_42768_43,Female,Killingbeck,2023,02/01/2023,16:42:16,02/01/2023 16:42,02/01/2023 13:42,-68.069714,-67.570737
3922,KB_23_42768_43,Female,Killingbeck,2023,02/01/2023,16:44:16,02/01/2023 16:44,02/01/2023 13:44,-68.069789,-67.570767
3923,KB_23_42768_43,Female,Killingbeck,2023,02/01/2023,16:46:15,02/01/2023 16:46,02/01/2023 13:46,-68.069902,-67.570735
3924,KB_23_42768_43,Female,Killingbeck,2023,02/01/2023,16:48:13,02/01/2023 16:48,02/01/2023 13:48,-68.06957,-67.570685
3925,KB_23_42768_43,Female,Killingbeck,2023,02/01/2023,16:50:13,02/01/2023 16:50,02/01/2023 13:50,-68.069727,-67.570735
3926,KB_23_42768_43,Female,Killingbeck,2023,02/01/2023,16:52:11,02/01/2023 16:52,02/01/2023 13:52,-68.069629,-67.570665
3927,KB_23_42768_43,Female,Killingbeck,2023,02/01/2023,16:54:11,02/01/2023 16:54,02/01/2023 13:54,-68.069746,-67.570694
3928,KB_23_42768_43,Female,Killingbeck,2023,02/01/2023,16:56:10,02/01/2023 16:56,02/01/2023 13:56,-68.069777,-67.570694
3929,KB_23_42768_43,Female,Killingbeck,2023,02/01/2023,16:58:08,02/01/2023 16:58,02/01/2023 13:58,-68.069765,-67.570694
3930,KB_23_42768_43,Female,Killingbeck,2023,02/01/2023,17:00:08,02/01/2023 17:00,02/01/2023 14:00,-68.069715,-67.570684
3931,KB_23_42768_43,Female,Killingbeck,2023,02/01/2023,17:02:07,02/01/2023 17:02,02/01/2023 14:02,-68.069782,-67.570697
3932,KB_23_42768_43,Female,Killingbeck,2023,02/01/2023,17:04:06,02/01/2023 17:04,02/01/2023 14:04,-68.069754,-67.570679
3933,KB_23_42768_43,Female,Killingbeck,2023,02/01/2023,17:06:20,02/01/2023 17:06,02/01/2023 14:06,-68.069746,-67.570721
3934,KB_23_42768_43,Female,Killingbeck,2023,02/01/2023,17:08:19,02/01/2023 17:08,02/01/2023 14:08,-68.069663,-67.570691
3935,KB_23_42768_43,Female,Killingbeck,2023,02/01/2023,17:10:18,02/01/2023 17:10,02/01/2023 14:10,-68.069934,-67.570661
3936,KB_23_42768_43,Female,Killingbeck,2023,02/01/2023,17:12:17,02/01/2023 17:12,02/01/2023 14:12,-68.06976,-67.570702
3937,KB_23_42768_43,Female,Killingbeck,2023,02/01/2023,17:14:17,02/01/2023 17:14,02/01/2023 14:14,-68.069497,-67.570602
3938,KB_23_42768_43,Female,Killingbeck,2023,02/01/2023,17:16:18,02/01/2023 17:16,02/01/2023 14:16,-68.069715,-67.57065
3939,KB_23_42768_43,Female,Killingbeck,2023,02/01/2023,17:18:15,02/01/2023 17:18,02/01/2023 14:18,-68.069839,-67.570721
3940,KB_23_42768_43,Female,Killingbeck,2023,02/01/2023,17:20:14,02/01/2023 17:20,02/01/2023 14:20,-68.069852,-67.570733
3941,KB_23_42768_43,Female,Killingbeck,2023,02/01/2023,17:22:13,02/01/2023 17:22,02/01/2023 14:22,-68.069784,-67.570653
3942,KB_23_42768_43,Female,Killingbeck,2023,02/01/2023,17:24:11,02/01/2023 17:24,02/01/2023 14:24,-68.069822,-67.570688
3943,KB_23_42768_43,Female,Killingbeck,2023,02/01/2023,17:26:13,02/01/2023 17:26,02/01/2023 14:26,-68.069706,-67.570625
3944,KB_23_42768_43,Female,Killingbeck,2023,02/01/2023,17:28:12,02/01/2023 17:28,02/01/2023 14:28,-68.071248,-67.570425
3945,KB_23_42768_43,Female,Killingbeck,2023,02/01/2023,17:30:10,02/01/2023 17:30,02/01/2023 14:30,-68.069884,-67.570675
3946,KB_23_42768_43,Female,Killingbeck,2023,02/01/2023,17:32:09,02/01/2023 17:32,02/01/2023 14:32,-68.069971,-67.570678
3947,KB_23_42768_43,Female,Killingbeck,2023,02/01/2023,17:34:08,02/01/2023 17:34,02/01/2023 14:34,-68.069891,-67.570718
3948,KB_23_42768_43,Female,Killingbeck,2023,02/01/2023,17:35:58,02/01/2023 17:35,02/01/2023 14:35,-68.069996,-67.57066
3949,KB_23_42768_43,Female,Killingbeck,2023,02/01/2023,17:38:10,02/01/2023 17:38,02/01/2023 14:38,-68.069919,-67.570739
3950,KB_23_42768_43,Female,Killingbeck,2023,02/01/2023,17:40:06,02/01/2023 17:40,02/01/2023 14:40,-68.069922,-67.570732
3951,KB_23_42768_43,Female,Killingbeck,2023,02/01/2023,17:42:05,02/01/2023 17:42,02/01/2023 14:42,-68.070655,-67.571384
3952,KB_23_42768_43,Female,Killingbeck,2023,02/01/2023,17:44:07,02/01/2023 17:44,02/01/2023 14:44,-68.06992,-67.570655
3953,KB_23_42768_43,Female,Killingbeck,2023,02/01/2023,17:46:00,02/01/2023 17:46,02/01/2023 14:46,-68.072033,-67.572273
3954,KB_23_42768_43,Female,Killingbeck,2023,02/01/2023,17:48:02,02/01/2023 17:48,02/01/2023 14:48,-68.070181,-67.570989
3955,KB_23_42768_43,Female,Killingbeck,2023,02/01/2023,17:49:53,02/01/2023 17:49,02/01/2023 14:49,-68.069759,-67.570797
3956,KB_23_42768_43,Female,Killingbeck,2023,02/01/2023,17:51:52,02/01/2023 17:51,02/01/2023 14:51,-68.069698,-67.57043
3957,KB_23_42768_43,Female,Killingbeck,2023,02/01/2023,17:54:02,02/01/2023 17:54,02/01/2023 14:54,-68.069469,-67.570786
3958,KB_23_42768_43,Female,Killingbeck,2023,02/01/2023,17:55:51,02/01/2023 17:55,02/01/2023 14:55,-68.069745,-67.570658
3959,KB_23_42768_43,Female,Killingbeck,2023,02/01/2023,17:58:01,02/01/2023 17:58,02/01/2023 14:58,-68.070472,-67.570866
3960,KB_23_42768_43,Female,Killingbeck,2023,02/01/2023,18:00:00,02/01/2023 18:00,02/01/2023 15:00,-68.069164,-67.570258
3961,KB_23_42768_43,Female,Killingbeck,2023,02/01/2023,18:01:50,02/01/2023 18:01,02/01/2023 15:01,-68.069801,-67.570862
3962,KB_23_42768_43,Female,Killingbeck,2023,02/01/2023,18:03:59,02/01/2023 18:03,02/01/2023 15:03,-68.06942,-67.570767
3963,KB_23_42768_43,Female,Killingbeck,2023,02/01/2023,18:05:39,02/01/2023 18:05,02/01/2023 15:05,-68.069753,-67.570572
3964,KB_23_42768_43,Female,Killingbeck,2023,02/01/2023,18:07:36,02/01/2023 18:07,02/01/2023 15:07,-68.069652,-67.570684
3965,KB_23_42768_43,Female,Killingbeck,2023,02/01/2023,18:09:37,02/01/2023 18:09,02/01/2023 15:09,-68.069415,-67.57084
3966,KB_23_42768_43,Female,Killingbeck,2023,02/01/2023,18:11:33,02/01/2023 18:11,02/01/2023 15:11,-68.069599,-67.570582
3967,KB_23_42768_43,Female,Killingbeck,2023,02/01/2023,18:13:34,02/01/2023 18:13,02/01/2023 15:13,-68.069643,-67.570393
3968,KB_23_42768_43,Female,Killingbeck,2023,02/01/2023,18:15:31,02/01/2023 18:15,02/01/2023 15:15,-68.069489,-67.570598
3969,KB_23_42768_43,Female,Killingbeck,2023,02/01/2023,18:17:33,02/01/2023 18:17,02/01/2023 15:17,-68.069566,-67.570386
3970,KB_23_42768_43,Female,Killingbeck,2023,02/01/2023,18:19:32,02/01/2023 18:19,02/01/2023 15:19,-68.069009,-67.570261
3971,KB_23_42768_43,Female,Killingbeck,2023,02/01/2023,18:21:30,02/01/2023 18:21,02/01/2023 15:21,-68.069565,-67.57063
3972,KB_23_42768_43,Female,Killingbeck,2023,02/01/2023,18:23:27,02/01/2023 18:23,02/01/2023 15:23,-68.069626,-67.570584
3973,KB_23_42768_43,Female,Killingbeck,2023,02/01/2023,18:25:28,02/01/2023 18:25,02/01/2023 15:25,-68.069596,-67.570595
3974,KB_23_42768_43,Female,Killingbeck,2023,02/01/2023,18:27:27,02/01/2023 18:27,02/01/2023 15:27,-68.069519,-67.570536
3975,KB_23_42768_43,Female,Killingbeck,2023,02/01/2023,18:29:26,02/01/2023 18:29,02/01/2023 15:29,-68.069584,-67.570599
3976,KB_23_42768_43,Female,Killingbeck,2023,02/01/2023,18:31:26,02/01/2023 18:31,02/01/2023 15:31,-68.069598,-67.570573
3977,KB_23_42768_43,Female,Killingbeck,2023,02/01/2023,18:33:23,02/01/2023 18:33,02/01/2023 15:33,-68.069612,-67.570509
3978,KB_23_42768_43,Female,Killingbeck,2023,02/01/2023,18:35:46,02/01/2023 18:35,02/01/2023 15:35,-68.069562,-67.570557
3979,KB_23_42768_43,Female,Killingbeck,2023,02/01/2023,18:37:54,02/01/2023 18:37,02/01/2023 15:37,-68.069712,-67.570492
3980,KB_23_42768_43,Female,Killingbeck,2023,02/01/2023,18:39:47,02/01/2023 18:39,02/01/2023 15:39,-68.069538,-67.570538
3981,KB_23_42768_43,Female,Killingbeck,2023,02/01/2023,18:41:44,02/01/2023 18:41,02/01/2023 15:41,-68.069666,-67.570537
3982,KB_23_42768_43,Female,Killingbeck,2023,02/01/2023,18:43:43,02/01/2023 18:43,02/01/2023 15:43,-68.069919,-67.570704
3983,KB_23_42768_43,Female,Killingbeck,2023,02/01/2023,18:45:41,02/01/2023 18:45,02/01/2023 15:45,-68.069655,-67.570578
3984,KB_23_42768_43,Female,Killingbeck,2023,02/01/2023,18:47:41,02/01/2023 18:47,02/01/2023 15:47,-68.069708,-67.570668
3985,KB_23_42768_43,Female,Killingbeck,2023,02/01/2023,18:49:42,02/01/2023 18:49,02/01/2023 15:49,-68.069662,-67.570574
3986,KB_23_42768_43,Female,Killingbeck,2023,02/01/2023,18:51:43,02/01/2023 18:51,02/01/2023 15:51,-68.069577,-67.570632
3987,KB_23_42768_43,Female,Killingbeck,2023,02/01/2023,18:53:42,02/01/2023 18:53,02/01/2023 15:53,-68.069606,-67.570612
3988,KB_23_42768_43,Female,Killingbeck,2023,02/01/2023,18:55:40,02/01/2023 18:55,02/01/2023 15:55,-68.06964,-67.570646
3989,KB_23_42768_43,Female,Killingbeck,2023,02/01/2023,18:57:39,02/01/2023 18:57,02/01/2023 15:57,-68.06949,-67.570566
3990,KB_23_42768_43,Female,Killingbeck,2023,02/01/2023,18:59:37,02/01/2023 18:59,02/01/2023 15:59,-68.069463,-67.570486
3991,KB_23_42768_43,Female,Killingbeck,2023,02/01/2023,19:01:38,02/01/2023 19:01,02/01/2023 16:01,-68.069285,-67.570483
3992,KB_23_42768_43,Female,Killingbeck,2023,02/01/2023,19:03:37,02/01/2023 19:03,02/01/2023 16:03,-68.06962,-67.570496
3993,KB_23_42768_43,Female,Killingbeck,2023,02/01/2023,19:05:25,02/01/2023 19:05,02/01/2023 16:05,-68.06944,-67.570509
3994,KB_23_42768_43,Female,Killingbeck,2023,02/01/2023,19:07:24,02/01/2023 19:07,02/01/2023 16:07,-68.069588,-67.570404
3995,KB_23_42768_43,Female,Killingbeck,2023,02/01/2023,19:09:23,02/01/2023 19:09,02/01/2023 16:09,-68.069518,-67.570452
3996,KB_23_42768_43,Female,Killingbeck,2023,02/01/2023,19:11:21,02/01/2023 19:11,02/01/2023 16:11,-68.069565,-67.570642
3997,KB_23_42768_43,Female,Killingbeck,2023,02/01/2023,19:13:19,02/01/2023 19:13,02/01/2023 16:13,-68.06963,-67.5706
3998,KB_23_42768_43,Female,Killingbeck,2023,02/01/2023,19:15:20,02/01/2023 19:15,02/01/2023 16:15,-68.069511,-67.570572
3999,KB_23_42768_43,Female,Killingbeck,2023,02/01/2023,19:17:20,02/01/2023 19:17,02/01/2023 16:17,-68.069542,-67.57047
4000,KB_23_42768_43,Female,Killingbeck,2023,02/01/2023,19:19:18,02/01/2023 19:19,02/01/2023 16:19,-68.069526,-67.570528
4001,KB_23_42768_43,Female,Killingbeck,2023,02/01/2023,19:21:17,02/01/2023 19:21,02/01/2023 16:21,-68.069513,-67.57052
4002,KB_23_42768_43,Female,Killingbeck,2023,02/01/2023,19:23:16,02/01/2023 19:23,02/01/2023 16:23,-68.069557,-67.570475
4003,KB_23_42768_43,Female,Killingbeck,2023,02/01/2023,19:25:15,02/01/2023 19:25,02/01/2023 16:25,-68.069493,-67.570473
4004,KB_23_42768_43,Female,Killingbeck,2023,02/01/2023,19:27:14,02/01/2023 19:27,02/01/2023 16:27,-68.069495,-67.570552
4005,KB_23_42768_43,Female,Killingbeck,2023,02/01/2023,19:29:14,02/01/2023 19:29,02/01/2023 16:29,-68.069495,-67.570491
4006,KB_23_42768_43,Female,Killingbeck,2023,02/01/2023,19:31:13,02/01/2023 19:31,02/01/2023 16:31,-68.069515,-67.57057
4007,KB_23_42768_43,Female,Killingbeck,2023,02/01/2023,19:33:11,02/01/2023 19:33,02/01/2023 16:33,-68.069497,-67.570578
4008,KB_23_42768_43,Female,Killingbeck,2023,02/01/2023,19:35:00,02/01/2023 19:35,02/01/2023 16:35,-68.069504,-67.570583
4009,KB_23_42768_43,Female,Killingbeck,2023,02/01/2023,19:36:57,02/01/2023 19:36,02/01/2023 16:36,-68.069526,-67.570607
4010,KB_23_42768_43,Female,Killingbeck,2023,02/01/2023,19:38:56,02/01/2023 19:38,02/01/2023 16:38,-68.069588,-67.570637
4011,KB_23_42768_43,Female,Killingbeck,2023,02/01/2023,19:40:56,02/01/2023 19:40,02/01/2023 16:40,-68.069461,-67.57054
4012,KB_23_42768_43,Female,Killingbeck,2023,02/01/2023,19:42:54,02/01/2023 19:42,02/01/2023 16:42,-68.069532,-67.570613
4013,KB_23_42768_43,Female,Killingbeck,2023,02/01/2023,19:44:54,02/01/2023 19:44,02/01/2023 16:44,-68.069228,-67.570495
4014,KB_23_42768_43,Female,Killingbeck,2023,02/01/2023,19:46:53,02/01/2023 19:46,02/01/2023 16:46,-68.069025,-67.570376
4015,KB_23_42768_43,Female,Killingbeck,2023,02/01/2023,19:48:54,02/01/2023 19:48,02/01/2023 16:48,-68.069513,-67.57057
4016,KB_23_42768_43,Female,Killingbeck,2023,02/01/2023,19:50:50,02/01/2023 19:50,02/01/2023 16:50,-68.069579,-67.570598
4017,KB_23_42768_43,Female,Killingbeck,2023,02/01/2023,19:52:50,02/01/2023 19:52,02/01/2023 16:52,-68.06956,-67.570521
4018,KB_23_42768_43,Female,Killingbeck,2023,02/01/2023,19:54:49,02/01/2023 19:54,02/01/2023 16:54,-68.069312,-67.570648
4019,KB_23_42768_43,Female,Killingbeck,2023,02/01/2023,19:56:49,02/01/2023 19:56,02/01/2023 16:56,-68.069695,-67.570681
4020,KB_23_42768_43,Female,Killingbeck,2023,02/01/2023,19:58:49,02/01/2023 19:58,02/01/2023 16:58,-68.069447,-67.570627
4021,KB_23_42768_43,Female,Killingbeck,2023,02/01/2023,20:00:47,02/01/2023 20:00,02/01/2023 17:00,-68.069549,-67.570584
4022,KB_23_42768_43,Female,Killingbeck,2023,02/01/2023,20:02:48,02/01/2023 20:02,02/01/2023 17:02,-68.069328,-67.570612
4023,KB_23_42768_43,Female,Killingbeck,2023,02/01/2023,20:04:45,02/01/2023 20:04,02/01/2023 17:04,-68.069438,-67.570681
4024,KB_23_42768_43,Female,Killingbeck,2023,02/01/2023,20:06:44,02/01/2023 20:06,02/01/2023 17:06,-68.069219,-67.570616
4025,KB_23_42768_43,Female,Killingbeck,2023,02/01/2023,20:08:42,02/01/2023 20:08,02/01/2023 17:08,-68.069621,-67.570695
4026,KB_23_42768_43,Female,Killingbeck,2023,02/01/2023,20:10:41,02/01/2023 20:10,02/01/2023 17:10,-68.069479,-67.570687
4027,KB_23_42768_43,Female,Killingbeck,2023,02/01/2023,20:12:41,02/01/2023 20:12,02/01/2023 17:12,-68.069489,-67.570635
4028,KB_23_42768_43,Female,Killingbeck,2023,02/01/2023,20:14:42,02/01/2023 20:14,02/01/2023 17:14,-68.069357,-67.570581
4029,KB_23_42768_43,Female,Killingbeck,2023,02/01/2023,20:16:39,02/01/2023 20:16,02/01/2023 17:16,-68.069373,-67.570632
4030,KB_23_42768_43,Female,Killingbeck,2023,02/01/2023,20:18:38,02/01/2023 20:18,02/01/2023 17:18,-68.069497,-67.570643
4031,KB_23_42768_43,Female,Killingbeck,2023,02/01/2023,20:20:36,02/01/2023 20:20,02/01/2023 17:20,-68.069609,-67.570648
4032,KB_23_42768_43,Female,Killingbeck,2023,02/01/2023,20:22:36,02/01/2023 20:22,02/01/2023 17:22,-68.06954,-67.570567
4033,KB_23_42768_43,Female,Killingbeck,2023,02/01/2023,20:24:36,02/01/2023 20:24,02/01/2023 17:24,-68.06954,-67.570591
4034,KB_23_42768_43,Female,Killingbeck,2023,02/01/2023,20:26:36,02/01/2023 20:26,02/01/2023 17:26,-68.070408,-67.570326
4035,KB_23_42768_43,Female,Killingbeck,2023,02/01/2023,20:28:33,02/01/2023 20:28,02/01/2023 17:28,-68.069563,-67.570661
4036,KB_23_42768_43,Female,Killingbeck,2023,02/01/2023,20:30:32,02/01/2023 20:30,02/01/2023 17:30,-68.069491,-67.570651
4037,KB_23_42768_43,Female,Killingbeck,2023,02/01/2023,20:32:32,02/01/2023 20:32,02/01/2023 17:32,-68.069589,-67.570641
4038,KB_23_42768_43,Female,Killingbeck,2023,02/01/2023,20:34:31,02/01/2023 20:34,02/01/2023 17:34,-68.069475,-67.570676
4039,KB_23_42768_43,Female,Killingbeck,2023,02/01/2023,20:36:32,02/01/2023 20:36,02/01/2023 17:36,-68.069587,-67.570607
4040,KB_23_42768_43,Female,Killingbeck,2023,02/01/2023,20:38:30,02/01/2023 20:38,02/01/2023 17:38,-68.069449,-67.57026
4041,KB_23_42768_43,Female,Killingbeck,2023,02/01/2023,20:40:31,02/01/2023 20:40,02/01/2023 17:40,-68.069472,-67.57062
4042,KB_23_42768_43,Female,Killingbeck,2023,02/01/2023,20:42:30,02/01/2023 20:42,02/01/2023 17:42,-68.069526,-67.570586
4043,KB_23_42768_43,Female,Killingbeck,2023,02/01/2023,20:44:29,02/01/2023 20:44,02/01/2023 17:44,-68.069529,-67.570596
4044,KB_23_42768_43,Female,Killingbeck,2023,02/01/2023,20:46:27,02/01/2023 20:46,02/01/2023 17:46,-68.069518,-67.570544
4045,KB_23_42768_43,Female,Killingbeck,2023,02/01/2023,20:48:23,02/01/2023 20:48,02/01/2023 17:48,-68.069508,-67.570763
4046,KB_23_42768_43,Female,Killingbeck,2023,02/01/2023,20:50:22,02/01/2023 20:50,02/01/2023 17:50,-68.069494,-67.570564
4047,KB_23_42768_43,Female,Killingbeck,2023,02/01/2023,20:52:22,02/01/2023 20:52,02/01/2023 17:52,-68.069509,-67.570676
4048,KB_23_42768_43,Female,Killingbeck,2023,02/01/2023,20:54:23,02/01/2023 20:54,02/01/2023 17:54,-68.069776,-67.570785
4049,KB_23_42768_43,Female,Killingbeck,2023,02/01/2023,20:56:23,02/01/2023 20:56,02/01/2023 17:56,-68.069454,-67.570559
4050,KB_23_42768_43,Female,Killingbeck,2023,02/01/2023,20:58:18,02/01/2023 20:58,02/01/2023 17:58,-68.069546,-67.570661
4051,KB_23_42768_43,Female,Killingbeck,2023,02/01/2023,21:00:20,02/01/2023 21:00,02/01/2023 18:00,-68.069495,-67.570634
4052,KB_23_42768_43,Female,Killingbeck,2023,02/01/2023,21:02:18,02/01/2023 21:02,02/01/2023 18:02,-68.069511,-67.570603
4053,KB_23_42768_43,Female,Killingbeck,2023,02/01/2023,21:04:16,02/01/2023 21:04,02/01/2023 18:04,-68.069498,-67.570607
4054,KB_23_42768_43,Female,Killingbeck,2023,02/01/2023,21:06:16,02/01/2023 21:06,02/01/2023 18:06,-68.069452,-67.570605
4055,KB_23_42768_43,Female,Killingbeck,2023,02/01/2023,21:08:24,02/01/2023 21:08,02/01/2023 18:08,-68.069513,-67.57064
4056,KB_23_42768_43,Female,Killingbeck,2023,02/01/2023,21:10:17,02/01/2023 21:10,02/01/2023 18:10,-68.06941,-67.570624
4057,KB_23_42768_43,Female,Killingbeck,2023,02/01/2023,21:12:16,02/01/2023 21:12,02/01/2023 18:12,-68.069396,-67.570621
4058,KB_23_42768_43,Female,Killingbeck,2023,02/01/2023,21:14:16,02/01/2023 21:14,02/01/2023 18:14,-68.069367,-67.570573
4059,KB_23_42768_43,Female,Killingbeck,2023,02/01/2023,21:16:15,02/01/2023 21:16,02/01/2023 18:16,-68.069574,-67.570653
4060,KB_23_42768_43,Female,Killingbeck,2023,02/01/2023,21:18:14,02/01/2023 21:18,02/01/2023 18:18,-68.069463,-67.570516
4061,KB_23_42768_43,Female,Killingbeck,2023,02/01/2023,21:20:11,02/01/2023 21:20,02/01/2023 18:20,-68.069417,-67.570568
4062,KB_23_42768_43,Female,Killingbeck,2023,02/01/2023,21:22:11,02/01/2023 21:22,02/01/2023 18:22,-68.069371,-67.570532
4063,KB_23_42768_43,Female,Killingbeck,2023,02/01/2023,21:24:09,02/01/2023 21:24,02/01/2023 18:24,-68.069415,-67.570645
4064,KB_23_42768_43,Female,Killingbeck,2023,02/01/2023,21:26:08,02/01/2023 21:26,02/01/2023 18:26,-68.069433,-67.570624
4065,KB_23_42768_43,Female,Killingbeck,2023,02/01/2023,21:28:09,02/01/2023 21:28,02/01/2023 18:28,-68.069463,-67.570619
4066,KB_23_42768_43,Female,Killingbeck,2023,02/01/2023,21:30:07,02/01/2023 21:30,02/01/2023 18:30,-68.069393,-67.570581
4067,KB_23_42768_43,Female,Killingbeck,2023,02/01/2023,21:32:12,02/01/2023 21:32,02/01/2023 18:32,-68.069989,-67.570673
4068,KB_23_42768_43,Female,Killingbeck,2023,02/01/2023,21:34:06,02/01/2023 21:34,02/01/2023 18:34,-68.069485,-67.57066
4069,KB_23_42768_43,Female,Killingbeck,2023,02/01/2023,21:36:08,02/01/2023 21:36,02/01/2023 18:36,-68.069431,-67.570584
4070,KB_23_42768_43,Female,Killingbeck,2023,02/01/2023,21:38:05,02/01/2023 21:38,02/01/2023 18:38,-68.069404,-67.570638
4071,KB_23_42768_43,Female,Killingbeck,2023,02/01/2023,21:40:05,02/01/2023 21:40,02/01/2023 18:40,-68.071026,-67.570848
4072,KB_23_42768_43,Female,Killingbeck,2023,02/01/2023,21:42:14,02/01/2023 21:42,02/01/2023 18:42,-68.070129,-67.570751
4073,KB_23_42768_43,Female,Killingbeck,2023,02/01/2023,21:44:07,02/01/2023 21:44,02/01/2023 18:44,-68.07175,-67.571022
4074,KB_23_42768_43,Female,Killingbeck,2023,02/01/2023,21:46:07,02/01/2023 21:46,02/01/2023 18:46,-68.069379,-67.570631
4075,KB_23_42768_43,Female,Killingbeck,2023,02/01/2023,21:48:13,02/01/2023 21:48,02/01/2023 18:48,-68.069735,-67.570299
4076,KB_23_42768_43,Female,Killingbeck,2023,02/01/2023,21:50:03,02/01/2023 21:50,02/01/2023 18:50,-68.069513,-67.570525
4077,KB_23_42768_43,Female,Killingbeck,2023,02/01/2023,21:52:08,02/01/2023 21:52,02/01/2023 18:52,-68.069341,-67.570626
4078,KB_23_42768_43,Female,Killingbeck,2023,02/01/2023,21:54:13,02/01/2023 21:54,02/01/2023 18:54,-68.06858,-67.570452
4079,KB_23_42768_43,Female,Killingbeck,2023,02/01/2023,21:56:10,02/01/2023 21:56,02/01/2023 18:56,-68.071489,-67.571807
4080,KB_23_42768_43,Female,Killingbeck,2023,02/01/2023,21:58:01,02/01/2023 21:58,02/01/2023 18:58,-68.068639,-67.57045
4081,KB_23_42768_43,Female,Killingbeck,2023,02/01/2023,22:00:06,02/01/2023 22:00,02/01/2023 19:00,-68.068776,-67.570486
4082,KB_23_42768_43,Female,Killingbeck,2023,02/01/2023,22:02:01,02/01/2023 22:02,02/01/2023 19:02,-68.069994,-67.57065
4083,KB_23_42768_43,Female,Killingbeck,2023,02/01/2023,22:04:04,02/01/2023 22:04,02/01/2023 19:04,-68.069254,-67.570511
4084,KB_23_42768_43,Female,Killingbeck,2023,02/01/2023,22:05:59,02/01/2023 22:05,02/01/2023 19:05,-68.069121,-67.570563
4085,KB_23_42768_43,Female,Killingbeck,2023,02/01/2023,22:07:59,02/01/2023 22:07,02/01/2023 19:07,-68.069533,-67.570753
4086,KB_23_42768_43,Female,Killingbeck,2023,02/01/2023,22:09:58,02/01/2023 22:09,02/01/2023 19:09,-68.068242,-67.570339
4087,KB_23_42768_43,Female,Killingbeck,2023,02/01/2023,22:12:00,02/01/2023 22:12,02/01/2023 19:12,-68.069305,-67.570688
4088,KB_23_42768_43,Female,Killingbeck,2023,02/01/2023,22:14:03,02/01/2023 22:14,02/01/2023 19:14,-68.069312,-67.570696
4089,KB_23_42768_43,Female,Killingbeck,2023,02/01/2023,22:15:58,02/01/2023 22:15,02/01/2023 19:15,-68.070029,-67.570714
4090,KB_23_42768_43,Female,Killingbeck,2023,02/01/2023,22:18:00,02/01/2023 22:18,02/01/2023 19:18,-68.069339,-67.570685
4091,KB_23_42768_43,Female,Killingbeck,2023,02/01/2023,22:19:59,02/01/2023 22:19,02/01/2023 19:19,-68.06948,-67.570764
4092,KB_23_42768_43,Female,Killingbeck,2023,02/01/2023,22:22:09,02/01/2023 22:22,02/01/2023 19:22,-68.068554,-67.570881
4093,KB_23_42768_43,Female,Killingbeck,2023,02/01/2023,22:23:58,02/01/2023 22:23,02/01/2023 19:23,-68.069478,-67.570719
4094,KB_23_42768_43,Female,Killingbeck,2023,02/01/2023,22:25:56,02/01/2023 22:25,02/01/2023 19:25,-68.072449,-67.569947
4095,KB_23_42768_43,Female,Killingbeck,2023,02/01/2023,22:28:07,02/01/2023 22:28,02/01/2023 19:28,-68.06925,-67.570739
4096,KB_23_42768_43,Female,Killingbeck,2023,02/01/2023,22:30:06,02/01/2023 22:30,02/01/2023 19:30,-68.069043,-67.5708
4097,KB_23_42768_43,Female,Killingbeck,2023,02/01/2023,22:32:04,02/01/2023 22:32,02/01/2023 19:32,-68.070179,-67.570485
4098,KB_23_42768_43,Female,Killingbeck,2023,02/01/2023,22:35:07,02/01/2023 22:35,02/01/2023 19:35,-68.06965,-67.570658
4099,KB_23_42768_43,Female,Killingbeck,2023,02/01/2023,22:37:18,02/01/2023 22:37,02/01/2023 19:37,-68.068934,-67.570847
4100,KB_23_42768_43,Female,Killingbeck,2023,02/01/2023,22:39:03,02/01/2023 22:39,02/01/2023 19:39,-68.070469,-67.570397
4101,KB_23_42768_43,Female,Killingbeck,2023,02/01/2023,22:41:03,02/01/2023 22:41,02/01/2023 19:41,-68.070069,-67.570496
4102,KB_23_42768_43,Female,Killingbeck,2023,02/01/2023,22:43:14,02/01/2023 22:43,02/01/2023 19:43,-68.070566,-67.570307
4103,KB_23_42768_43,Female,Killingbeck,2023,02/01/2023,22:45:02,02/01/2023 22:45,02/01/2023 19:45,-68.069493,-67.570601
4104,KB_23_42768_43,Female,Killingbeck,2023,02/01/2023,22:47:12,02/01/2023 22:47,02/01/2023 19:47,-68.069312,-67.57074
4105,KB_23_42768_43,Female,Killingbeck,2023,02/01/2023,22:48:58,02/01/2023 22:48,02/01/2023 19:48,-68.069438,-67.570706
4106,KB_23_42768_43,Female,Killingbeck,2023,02/01/2023,22:50:59,02/01/2023 22:50,02/01/2023 19:50,-68.0697,-67.570676
4107,KB_23_42768_43,Female,Killingbeck,2023,02/01/2023,22:52:59,02/01/2023 22:52,02/01/2023 19:52,-68.069524,-67.570698
4108,KB_23_42768_43,Female,Killingbeck,2023,02/01/2023,22:55:05,02/01/2023 22:55,02/01/2023 19:55,-68.069343,-67.570682
4109,KB_23_42768_43,Female,Killingbeck,2023,02/01/2023,22:57:02,02/01/2023 22:57,02/01/2023 19:57,-68.069656,-67.570738
4110,KB_23_42768_43,Female,Killingbeck,2023,02/01/2023,22:59:01,02/01/2023 22:59,02/01/2023 19:59,-68.069692,-67.570771
4111,KB_23_42768_43,Female,Killingbeck,2023,02/01/2023,23:01:10,02/01/2023 23:01,02/01/2023 20:01,-68.06941,-67.570809
4112,KB_23_42768_43,Female,Killingbeck,2023,02/01/2023,23:03:02,02/01/2023 23:03,02/01/2023 20:03,-68.069644,-67.570832
4113,KB_23_42768_43,Female,Killingbeck,2023,02/01/2023,23:04:47,02/01/2023 23:04,02/01/2023 20:04,-68.069378,-67.570713
4114,KB_23_42768_43,Female,Killingbeck,2023,02/01/2023,23:06:45,02/01/2023 23:06,02/01/2023 20:06,-68.069409,-67.570707
4115,KB_23_42768_43,Female,Killingbeck,2023,02/01/2023,23:08:39,02/01/2023 23:08,02/01/2023 20:08,-68.069548,-67.570717
4116,KB_23_42768_43,Female,Killingbeck,2023,02/01/2023,23:10:36,02/01/2023 23:10,02/01/2023 20:10,-68.069501,-67.570701
4117,KB_23_42768_43,Female,Killingbeck,2023,02/01/2023,23:12:39,02/01/2023 23:12,02/01/2023 20:12,-68.07159,-67.57031
4118,KB_23_42768_43,Female,Killingbeck,2023,02/01/2023,23:14:39,02/01/2023 23:14,02/01/2023 20:14,-68.06943,-67.570689
4119,KB_23_42768_43,Female,Killingbeck,2023,02/01/2023,23:16:38,02/01/2023 23:16,02/01/2023 20:16,-68.069405,-67.570697
4120,KB_23_42768_43,Female,Killingbeck,2023,02/01/2023,23:18:37,02/01/2023 23:18,02/01/2023 20:18,-68.069601,-67.570747
4121,KB_23_42768_43,Female,Killingbeck,2023,02/01/2023,23:20:44,02/01/2023 23:20,02/01/2023 20:20,-68.067407,-67.571181
4122,KB_23_42768_43,Female,Killingbeck,2023,02/01/2023,23:22:36,02/01/2023 23:22,02/01/2023 20:22,-68.069669,-67.570682
4123,KB_23_42768_43,Female,Killingbeck,2023,02/01/2023,23:24:36,02/01/2023 23:24,02/01/2023 20:24,-68.06945,-67.570771
4124,KB_23_42768_43,Female,Killingbeck,2023,02/01/2023,23:26:35,02/01/2023 23:26,02/01/2023 20:26,-68.070564,-67.569105
4125,KB_23_42768_43,Female,Killingbeck,2023,02/01/2023,23:28:30,02/01/2023 23:28,02/01/2023 20:28,-68.069483,-67.570685
4126,KB_23_42768_43,Female,Killingbeck,2023,02/01/2023,23:30:29,02/01/2023 23:30,02/01/2023 20:30,-68.069734,-67.570751
4127,KB_23_42768_43,Female,Killingbeck,2023,02/01/2023,23:32:33,02/01/2023 23:32,02/01/2023 20:32,-68.069566,-67.570549
4128,KB_23_42768_43,Female,Killingbeck,2023,02/01/2023,23:34:16,02/01/2023 23:34,02/01/2023 20:34,-68.069633,-67.57067
4129,KB_23_42768_43,Female,Killingbeck,2023,02/01/2023,23:36:15,02/01/2023 23:36,02/01/2023 20:36,-68.069567,-67.57064
4130,KB_23_42768_43,Female,Killingbeck,2023,02/01/2023,23:38:17,02/01/2023 23:38,02/01/2023 20:38,-68.069801,-67.570759
4131,KB_23_42768_43,Female,Killingbeck,2023,02/01/2023,23:40:13,02/01/2023 23:40,02/01/2023 20:40,-68.069518,-67.570575
4132,KB_23_42768_43,Female,Killingbeck,2023,02/01/2023,23:42:13,02/01/2023 23:42,02/01/2023 20:42,-68.069585,-67.570699
4133,KB_23_42768_43,Female,Killingbeck,2023,02/01/2023,23:44:12,02/01/2023 23:44,02/01/2023 20:44,-68.069674,-67.570503
4134,KB_23_42768_43,Female,Killingbeck,2023,02/01/2023,23:46:13,02/01/2023 23:46,02/01/2023 20:46,-68.069497,-67.570841
4135,KB_23_42768_43,Female,Killingbeck,2023,02/01/2023,23:48:09,02/01/2023 23:48,02/01/2023 20:48,-68.069585,-67.570674
4136,KB_23_42768_43,Female,Killingbeck,2023,02/01/2023,23:50:08,02/01/2023 23:50,02/01/2023 20:50,-68.069427,-67.570507
4137,KB_23_42768_43,Female,Killingbeck,2023,02/01/2023,23:52:12,02/01/2023 23:52,02/01/2023 20:52,-68.069512,-67.570652
4138,KB_23_42768_43,Female,Killingbeck,2023,02/01/2023,23:54:07,02/01/2023 23:54,02/01/2023 20:54,-68.069172,-67.569338
4139,KB_23_42768_43,Female,Killingbeck,2023,02/01/2023,23:56:05,02/01/2023 23:56,02/01/2023 20:56,-68.069325,-67.569379
4140,KB_23_42768_43,Female,Killingbeck,2023,02/01/2023,23:59:01,02/01/2023 23:59,02/01/2023 20:59,-68.069607,-67.570618
4141,KB_23_42768_43,Female,Killingbeck,2023,03/01/2023,00:01:00,03/01/2023 00:01,02/01/2023 21:01,-68.069264,-67.570763
4142,KB_23_42768_43,Female,Killingbeck,2023,03/01/2023,00:03:01,03/01/2023 00:03,02/01/2023 21:03,-68.069561,-67.570666
4143,KB_23_42768_43,Female,Killingbeck,2023,03/01/2023,00:04:46,03/01/2023 00:04,02/01/2023 21:04,-68.069325,-67.570105
4144,KB_23_42768_43,Female,Killingbeck,2023,03/01/2023,00:06:46,03/01/2023 00:06,02/01/2023 21:06,-68.069327,-67.570649
4145,KB_23_42768_43,Female,Killingbeck,2023,03/01/2023,00:08:54,03/01/2023 00:08,02/01/2023 21:08,-68.069348,-67.570169
4146,KB_23_42768_43,Female,Killingbeck,2023,03/01/2023,00:10:45,03/01/2023 00:10,02/01/2023 21:10,-68.064463,-67.570254
4147,KB_23_42768_43,Female,Killingbeck,2023,03/01/2023,00:12:43,03/01/2023 00:12,02/01/2023 21:12,-68.064429,-67.57026
4148,KB_23_42768_43,Female,Killingbeck,2023,03/01/2023,00:14:42,03/01/2023 00:14,02/01/2023 21:14,-68.064364,-67.570239
4149,KB_23_42768_43,Female,Killingbeck,2023,03/01/2023,00:16:42,03/01/2023 00:16,02/01/2023 21:16,-68.064427,-67.570306
4150,KB_23_42768_43,Female,Killingbeck,2023,03/01/2023,00:18:40,03/01/2023 00:18,02/01/2023 21:18,-68.0644,-67.570216
4151,KB_23_42768_43,Female,Killingbeck,2023,03/01/2023,00:20:39,03/01/2023 00:20,02/01/2023 21:20,-68.064611,-67.570353
4152,KB_23_42768_43,Female,Killingbeck,2023,03/01/2023,00:22:39,03/01/2023 00:22,02/01/2023 21:22,-68.025955,-67.567421
4153,KB_23_42768_43,Female,Killingbeck,2023,03/01/2023,00:24:37,03/01/2023 00:24,02/01/2023 21:24,-67.973899,-67.562021
4154,KB_23_42768_43,Female,Killingbeck,2023,03/01/2023,00:26:36,03/01/2023 00:26,02/01/2023 21:26,-67.919832,-67.555032
4155,KB_23_42768_43,Female,Killingbeck,2023,03/01/2023,00:28:36,03/01/2023 00:28,02/01/2023 21:28,-67.862985,-67.552144
4156,KB_23_42768_43,Female,Killingbeck,2023,03/01/2023,00:30:35,03/01/2023 00:30,02/01/2023 21:30,-67.807703,-67.547893
4157,KB_23_42768_43,Female,Killingbeck,2023,03/01/2023,00:32:34,03/01/2023 00:32,02/01/2023 21:32,-67.797309,-67.548091
4158,KB_23_42768_43,Female,Killingbeck,2023,03/01/2023,00:35:14,03/01/2023 00:35,02/01/2023 21:35,-67.781695,-67.548291
4159,KB_23_42768_43,Female,Killingbeck,2023,03/01/2023,00:37:13,03/01/2023 00:37,02/01/2023 21:37,-67.782106,-67.548087
4160,KB_23_42768_43,Female,Killingbeck,2023,03/01/2023,00:39:12,03/01/2023 00:39,02/01/2023 21:39,-67.782109,-67.548043
4161,KB_23_42768_43,Female,Killingbeck,2023,03/01/2023,00:41:47,03/01/2023 00:41,02/01/2023 21:41,-67.782186,-67.547919
4162,KB_23_42768_43,Female,Killingbeck,2023,03/01/2023,00:43:45,03/01/2023 00:43,02/01/2023 21:43,-67.782161,-67.547697
4163,KB_23_42768_43,Female,Killingbeck,2023,03/01/2023,00:45:44,03/01/2023 00:45,02/01/2023 21:45,-67.784551,-67.549199
4164,KB_23_42768_43,Female,Killingbeck,2023,03/01/2023,00:48:37,03/01/2023 00:48,02/01/2023 21:48,-67.784704,-67.549261
4165,KB_23_42768_43,Female,Killingbeck,2023,03/01/2023,00:50:33,03/01/2023 00:50,02/01/2023 21:50,-67.784849,-67.549302
4166,KB_23_42768_43,Female,Killingbeck,2023,03/01/2023,00:52:32,03/01/2023 00:52,02/01/2023 21:52,-67.784726,-67.549268
4167,KB_23_42768_43,Female,Killingbeck,2023,03/01/2023,00:54:31,03/01/2023 00:54,02/01/2023 21:54,-67.784969,-67.549264
4168,KB_23_42768_43,Female,Killingbeck,2023,03/01/2023,00:56:30,03/01/2023 00:56,02/01/2023 21:56,-67.784767,-67.5493
4169,KB_23_42768_43,Female,Killingbeck,2023,03/01/2023,00:58:29,03/01/2023 00:58,02/01/2023 21:58,-67.784845,-67.549302
4170,KB_23_42768_43,Female,Killingbeck,2023,03/01/2023,01:00:29,03/01/2023 01:00,02/01/2023 22:00,-67.784711,-67.549317
4171,KB_23_42768_43,Female,Killingbeck,2023,03/01/2023,01:02:28,03/01/2023 01:02,02/01/2023 22:02,-67.784745,-67.549299
4172,KB_23_42768_43,Female,Killingbeck,2023,03/01/2023,01:04:27,03/01/2023 01:04,02/01/2023 22:04,-67.784951,-67.549306
4173,KB_23_42768_43,Female,Killingbeck,2023,03/01/2023,01:06:26,03/01/2023 01:06,02/01/2023 22:06,-67.784636,-67.549291
4174,KB_23_42768_43,Female,Killingbeck,2023,03/01/2023,01:08:25,03/01/2023 01:08,02/01/2023 22:08,-67.784884,-67.549303
4175,KB_23_42768_43,Female,Killingbeck,2023,03/01/2023,01:10:25,03/01/2023 01:10,02/01/2023 22:10,-67.78496,-67.549354
4176,KB_23_42768_43,Female,Killingbeck,2023,03/01/2023,01:12:25,03/01/2023 01:12,02/01/2023 22:12,-67.784632,-67.54928
4177,KB_23_42768_43,Female,Killingbeck,2023,03/01/2023,01:14:24,03/01/2023 01:14,02/01/2023 22:14,-67.784615,-67.549332
4178,KB_23_42768_43,Female,Killingbeck,2023,03/01/2023,01:16:23,03/01/2023 01:16,02/01/2023 22:16,-67.784607,-67.549275
4179,KB_23_42768_43,Female,Killingbeck,2023,03/01/2023,01:18:22,03/01/2023 01:18,02/01/2023 22:18,-67.784762,-67.549289
4180,KB_23_42768_43,Female,Killingbeck,2023,03/01/2023,01:20:20,03/01/2023 01:20,02/01/2023 22:20,-67.784711,-67.54934
4181,KB_23_42768_43,Female,Killingbeck,2023,03/01/2023,01:22:19,03/01/2023 01:22,02/01/2023 22:22,-67.784796,-67.549295
4182,KB_23_42768_43,Female,Killingbeck,2023,03/01/2023,01:24:19,03/01/2023 01:24,02/01/2023 22:24,-67.784718,-67.549354
4183,KB_23_42768_43,Female,Killingbeck,2023,03/01/2023,01:26:17,03/01/2023 01:26,02/01/2023 22:26,-67.784634,-67.549281
4184,KB_23_42768_43,Female,Killingbeck,2023,03/01/2023,01:28:16,03/01/2023 01:28,02/01/2023 22:28,-67.784775,-67.549361
4185,KB_23_42768_43,Female,Killingbeck,2023,03/01/2023,01:30:15,03/01/2023 01:30,02/01/2023 22:30,-67.782654,-67.547724
4186,KB_23_42768_43,Female,Killingbeck,2023,03/01/2023,01:32:23,03/01/2023 01:32,02/01/2023 22:32,-67.782328,-67.547895
4187,KB_23_42768_43,Female,Killingbeck,2023,03/01/2023,01:34:23,03/01/2023 01:34,02/01/2023 22:34,-67.78227,-67.547776
4188,KB_23_42768_43,Female,Killingbeck,2023,03/01/2023,01:38:17,03/01/2023 01:38,02/01/2023 22:38,-67.78246,-67.547389
4189,KB_23_42768_43,Female,Killingbeck,2023,03/01/2023,01:40:04,03/01/2023 01:40,02/01/2023 22:40,-67.78789,-67.548902
4190,KB_23_42768_43,Female,Killingbeck,2023,03/01/2023,01:42:12,03/01/2023 01:42,02/01/2023 22:42,-67.788045,-67.548826
4191,KB_23_42768_43,Female,Killingbeck,2023,03/01/2023,01:44:11,03/01/2023 01:44,02/01/2023 22:44,-67.787922,-67.54889
4192,KB_23_42768_43,Female,Killingbeck,2023,03/01/2023,01:46:23,03/01/2023 01:46,02/01/2023 22:46,-67.787869,-67.548893
4193,KB_23_42768_43,Female,Killingbeck,2023,03/01/2023,01:48:22,03/01/2023 01:48,02/01/2023 22:48,-67.788028,-67.548914
4194,KB_23_42768_43,Female,Killingbeck,2023,03/01/2023,01:50:21,03/01/2023 01:50,02/01/2023 22:50,-67.787939,-67.548896
4195,KB_23_42768_43,Female,Killingbeck,2023,03/01/2023,01:52:20,03/01/2023 01:52,02/01/2023 22:52,-67.787967,-67.548946
4196,KB_23_42768_43,Female,Killingbeck,2023,03/01/2023,01:54:20,03/01/2023 01:54,02/01/2023 22:54,-67.787903,-67.548886
4197,KB_23_42768_43,Female,Killingbeck,2023,03/01/2023,01:56:19,03/01/2023 01:56,02/01/2023 22:56,-67.787939,-67.54893
4198,KB_23_42768_43,Female,Killingbeck,2023,03/01/2023,01:58:18,03/01/2023 01:58,02/01/2023 22:58,-67.78792,-67.548971
4199,KB_23_42768_43,Female,Killingbeck,2023,03/01/2023,02:00:17,03/01/2023 02:00,02/01/2023 23:00,-67.787955,-67.548889
4200,KB_23_42768_43,Female,Killingbeck,2023,03/01/2023,02:02:17,03/01/2023 02:02,02/01/2023 23:02,-67.787941,-67.548862
4201,KB_23_42768_43,Female,Killingbeck,2023,03/01/2023,02:04:16,03/01/2023 02:04,02/01/2023 23:04,-67.788034,-67.548983
4202,KB_23_42768_43,Female,Killingbeck,2023,03/01/2023,02:06:14,03/01/2023 02:06,02/01/2023 23:06,-67.788002,-67.548884
4203,KB_23_42768_43,Female,Killingbeck,2023,03/01/2023,02:08:19,03/01/2023 02:08,02/01/2023 23:08,-67.787929,-67.548831
4204,KB_23_42768_43,Female,Killingbeck,2023,03/01/2023,02:10:16,03/01/2023 02:10,02/01/2023 23:10,-67.787988,-67.548945
4205,KB_23_42768_43,Female,Killingbeck,2023,03/01/2023,02:12:14,03/01/2023 02:12,02/01/2023 23:12,-67.795629,-67.548316
4206,KB_23_42768_43,Female,Killingbeck,2023,03/01/2023,02:14:14,03/01/2023 02:14,02/01/2023 23:14,-67.795167,-67.548734
4207,KB_23_42768_43,Female,Killingbeck,2023,03/01/2023,02:16:13,03/01/2023 02:16,02/01/2023 23:16,-67.795108,-67.548735
4208,KB_23_42768_43,Female,Killingbeck,2023,03/01/2023,02:18:12,03/01/2023 02:18,02/01/2023 23:18,-67.795044,-67.548715
4209,KB_23_42768_43,Female,Killingbeck,2023,03/01/2023,02:20:50,03/01/2023 02:20,02/01/2023 23:20,-67.796112,-67.54842
4210,KB_23_42768_43,Female,Killingbeck,2023,03/01/2023,02:22:49,03/01/2023 02:22,02/01/2023 23:22,-67.79665,-67.548194
4211,KB_23_42768_43,Female,Killingbeck,2023,03/01/2023,02:24:48,03/01/2023 02:24,02/01/2023 23:24,-67.796065,-67.548588
4212,KB_23_42768_43,Female,Killingbeck,2023,03/01/2023,02:26:48,03/01/2023 02:26,02/01/2023 23:26,-67.796855,-67.547954
4213,KB_23_42768_43,Female,Killingbeck,2023,03/01/2023,02:30:23,03/01/2023 02:30,02/01/2023 23:30,-67.798095,-67.547629
4214,KB_23_42768_43,Female,Killingbeck,2023,03/01/2023,02:32:22,03/01/2023 02:32,02/01/2023 23:32,-67.798576,-67.547526
4215,KB_23_42768_43,Female,Killingbeck,2023,03/01/2023,02:35:01,03/01/2023 02:35,02/01/2023 23:35,-67.799537,-67.547493
4216,KB_23_42768_43,Female,Killingbeck,2023,03/01/2023,02:37:02,03/01/2023 02:37,02/01/2023 23:37,-67.798668,-67.547583
4217,KB_23_42768_43,Female,Killingbeck,2023,03/01/2023,02:39:01,03/01/2023 02:39,02/01/2023 23:39,-67.798834,-67.547457
4218,KB_23_42768_43,Female,Killingbeck,2023,03/01/2023,02:41:03,03/01/2023 02:41,02/01/2023 23:41,-67.798591,-67.547979
4219,KB_23_42768_43,Female,Killingbeck,2023,03/01/2023,02:43:02,03/01/2023 02:43,02/01/2023 23:43,-67.79768,-67.54725
4220,KB_23_42768_43,Female,Killingbeck,2023,03/01/2023,02:45:00,03/01/2023 02:45,02/01/2023 23:45,-67.798143,-67.547347
4221,KB_23_42768_43,Female,Killingbeck,2023,03/01/2023,02:47:28,03/01/2023 02:47,02/01/2023 23:47,-67.796923,-67.547627
4222,KB_23_42768_43,Female,Killingbeck,2023,03/01/2023,02:49:27,03/01/2023 02:49,02/01/2023 23:49,-67.797021,-67.547421
4223,KB_23_42768_43,Female,Killingbeck,2023,03/01/2023,02:51:26,03/01/2023 02:51,02/01/2023 23:51,-67.797225,-67.547217
4224,KB_23_42768_43,Female,Killingbeck,2023,03/01/2023,02:53:44,03/01/2023 02:53,02/01/2023 23:53,-67.796954,-67.547458
4225,KB_23_42768_43,Female,Killingbeck,2023,03/01/2023,02:55:42,03/01/2023 02:55,02/01/2023 23:55,-67.797322,-67.547294
4226,KB_23_42768_43,Female,Killingbeck,2023,03/01/2023,02:57:41,03/01/2023 02:57,02/01/2023 23:57,-67.786766,-67.547636
4227,KB_23_42768_43,Female,Killingbeck,2023,03/01/2023,02:59:40,03/01/2023 02:59,02/01/2023 23:59,-67.781624,-67.548408
4228,KB_23_42778_45,Female,Killingbeck,2023,30/12/2022,17:51:16,30/12/2022 17:51,30/12/2022 14:51,-68.069272,-67.570675
4229,KB_23_42778_45,Female,Killingbeck,2023,30/12/2022,17:53:15,30/12/2022 17:53,30/12/2022 14:53,-68.068909,-67.570546
4230,KB_23_42778_45,Female,Killingbeck,2023,30/12/2022,17:55:14,30/12/2022 17:55,30/12/2022 14:55,0,0
4231,KB_23_42778_45,Female,Killingbeck,2023,30/12/2022,17:57:05,30/12/2022 17:57,30/12/2022 14:57,-68.069372,-67.570703
4232,KB_23_42778_45,Female,Killingbeck,2023,30/12/2022,17:58:57,30/12/2022 17:58,30/12/2022 14:58,-68.069147,-67.570665
4233,KB_23_42778_45,Female,Killingbeck,2023,30/12/2022,18:01:02,30/12/2022 18:01,30/12/2022 15:01,-68.068899,-67.570733
4234,KB_23_42778_45,Female,Killingbeck,2023,30/12/2022,18:02:57,30/12/2022 18:02,30/12/2022 15:02,-68.069111,-67.570672
4235,KB_23_42778_45,Female,Killingbeck,2023,30/12/2022,18:04:56,30/12/2022 18:04,30/12/2022 15:04,-68.069237,-67.570763
4236,KB_23_42778_45,Female,Killingbeck,2023,30/12/2022,18:07:02,30/12/2022 18:07,30/12/2022 15:07,-68.069267,-67.570717
4237,KB_23_42778_45,Female,Killingbeck,2023,30/12/2022,18:08:54,30/12/2022 18:08,30/12/2022 15:08,-68.069295,-67.570781
4238,KB_23_42778_45,Female,Killingbeck,2023,30/12/2022,18:10:56,30/12/2022 18:10,30/12/2022 15:10,-68.069088,-67.570583
4239,KB_23_42778_45,Female,Killingbeck,2023,30/12/2022,18:12:53,30/12/2022 18:12,30/12/2022 15:12,-68.069163,-67.570627
4240,KB_23_42778_45,Female,Killingbeck,2023,30/12/2022,18:15:00,30/12/2022 18:15,30/12/2022 15:15,-68.06919,-67.570426
4241,KB_23_42778_45,Female,Killingbeck,2023,30/12/2022,18:16:47,30/12/2022 18:16,30/12/2022 15:16,-68.068272,-67.570187
4242,KB_23_42778_45,Female,Killingbeck,2023,30/12/2022,18:18:37,30/12/2022 18:18,30/12/2022 15:18,-68.068539,-67.570525
4243,KB_23_42778_45,Female,Killingbeck,2023,30/12/2022,18:20:49,30/12/2022 18:20,30/12/2022 15:20,0,0
4244,KB_23_42778_45,Female,Killingbeck,2023,30/12/2022,18:22:33,30/12/2022 18:22,30/12/2022 15:22,-68.068907,-67.570677
4245,KB_23_42778_45,Female,Killingbeck,2023,30/12/2022,18:24:34,30/12/2022 18:24,30/12/2022 15:24,-68.069588,-67.5708
4246,KB_23_42778_45,Female,Killingbeck,2023,30/12/2022,18:26:30,30/12/2022 18:26,30/12/2022 15:26,-68.069522,-67.570644
4247,KB_23_42778_45,Female,Killingbeck,2023,30/12/2022,18:28:29,30/12/2022 18:28,30/12/2022 15:28,-68.069502,-67.570629
4248,KB_23_42778_45,Female,Killingbeck,2023,30/12/2022,18:30:28,30/12/2022 18:30,30/12/2022 15:30,-68.069487,-67.570549
4249,KB_23_42778_45,Female,Killingbeck,2023,30/12/2022,18:32:27,30/12/2022 18:32,30/12/2022 15:32,-68.069463,-67.570516
4250,KB_23_42778_45,Female,Killingbeck,2023,30/12/2022,18:34:27,30/12/2022 18:34,30/12/2022 15:34,-68.069508,-67.570516
4251,KB_23_42778_45,Female,Killingbeck,2023,30/12/2022,18:36:25,30/12/2022 18:36,30/12/2022 15:36,-68.069491,-67.570496
4252,KB_23_42778_45,Female,Killingbeck,2023,30/12/2022,18:38:24,30/12/2022 18:38,30/12/2022 15:38,-68.069395,-67.570586
4253,KB_23_42778_45,Female,Killingbeck,2023,30/12/2022,18:40:23,30/12/2022 18:40,30/12/2022 15:40,-68.069635,-67.570657
4254,KB_23_42778_45,Female,Killingbeck,2023,30/12/2022,18:42:24,30/12/2022 18:42,30/12/2022 15:42,-68.069527,-67.570548
4255,KB_23_42778_45,Female,Killingbeck,2023,30/12/2022,18:44:22,30/12/2022 18:44,30/12/2022 15:44,-68.069369,-67.570541
4256,KB_23_42778_45,Female,Killingbeck,2023,30/12/2022,18:46:40,30/12/2022 18:46,30/12/2022 15:46,-68.069376,-67.570687
4257,KB_23_42778_45,Female,Killingbeck,2023,30/12/2022,18:48:39,30/12/2022 18:48,30/12/2022 15:48,-68.069394,-67.570531
4258,KB_23_42778_45,Female,Killingbeck,2023,30/12/2022,18:50:38,30/12/2022 18:50,30/12/2022 15:50,-68.069322,-67.570642
4259,KB_23_42778_45,Female,Killingbeck,2023,30/12/2022,18:52:37,30/12/2022 18:52,30/12/2022 15:52,-68.069384,-67.570666
4260,KB_23_42778_45,Female,Killingbeck,2023,30/12/2022,18:54:36,30/12/2022 18:54,30/12/2022 15:54,-68.069333,-67.570617
4261,KB_23_42778_45,Female,Killingbeck,2023,30/12/2022,18:56:35,30/12/2022 18:56,30/12/2022 15:56,-68.069538,-67.570631
4262,KB_23_42778_45,Female,Killingbeck,2023,30/12/2022,18:58:34,30/12/2022 18:58,30/12/2022 15:58,-68.069401,-67.570473
4263,KB_23_42778_45,Female,Killingbeck,2023,30/12/2022,19:00:33,30/12/2022 19:00,30/12/2022 16:00,-68.069449,-67.570608
4264,KB_23_42778_45,Female,Killingbeck,2023,30/12/2022,19:02:34,30/12/2022 19:02,30/12/2022 16:02,-68.069914,-67.570821
4265,KB_23_42778_45,Female,Killingbeck,2023,30/12/2022,19:04:32,30/12/2022 19:04,30/12/2022 16:04,-68.069656,-67.570738
4266,KB_23_42778_45,Female,Killingbeck,2023,30/12/2022,19:06:32,30/12/2022 19:06,30/12/2022 16:06,-68.069795,-67.570786
4267,KB_23_42778_45,Female,Killingbeck,2023,30/12/2022,19:08:31,30/12/2022 19:08,30/12/2022 16:08,-68.069787,-67.570771
4268,KB_23_42778_45,Female,Killingbeck,2023,30/12/2022,19:10:31,30/12/2022 19:10,30/12/2022 16:10,-68.069425,-67.570619
4269,KB_23_42778_45,Female,Killingbeck,2023,30/12/2022,19:12:30,30/12/2022 19:12,30/12/2022 16:12,-68.069339,-67.570584
4270,KB_23_42778_45,Female,Killingbeck,2023,30/12/2022,19:14:29,30/12/2022 19:14,30/12/2022 16:14,-68.069501,-67.570614
4271,KB_23_42778_45,Female,Killingbeck,2023,30/12/2022,19:16:30,30/12/2022 19:16,30/12/2022 16:16,-68.069412,-67.570637
4272,KB_23_42778_45,Female,Killingbeck,2023,30/12/2022,19:18:28,30/12/2022 19:18,30/12/2022 16:18,-68.069284,-67.570576
4273,KB_23_42778_45,Female,Killingbeck,2023,30/12/2022,19:20:27,30/12/2022 19:20,30/12/2022 16:20,-68.069476,-67.570662
4274,KB_23_42778_45,Female,Killingbeck,2023,30/12/2022,19:22:27,30/12/2022 19:22,30/12/2022 16:22,-68.069358,-67.570625
4275,KB_23_42778_45,Female,Killingbeck,2023,30/12/2022,19:24:24,30/12/2022 19:24,30/12/2022 16:24,-68.069536,-67.570676
4276,KB_23_42778_45,Female,Killingbeck,2023,30/12/2022,19:26:25,30/12/2022 19:26,30/12/2022 16:26,-68.069388,-67.570603
4277,KB_23_42778_45,Female,Killingbeck,2023,30/12/2022,19:28:24,30/12/2022 19:28,30/12/2022 16:28,-68.0694,-67.570665
4278,KB_23_42778_45,Female,Killingbeck,2023,30/12/2022,19:30:21,30/12/2022 19:30,30/12/2022 16:30,-68.069659,-67.570705
4279,KB_23_42778_45,Female,Killingbeck,2023,30/12/2022,19:32:20,30/12/2022 19:32,30/12/2022 16:32,-68.06953,-67.570648
4280,KB_23_42778_45,Female,Killingbeck,2023,30/12/2022,19:34:19,30/12/2022 19:34,30/12/2022 16:34,-68.069463,-67.570629
4281,KB_23_42778_45,Female,Killingbeck,2023,30/12/2022,19:36:19,30/12/2022 19:36,30/12/2022 16:36,-68.069659,-67.570681
4282,KB_23_42778_45,Female,Killingbeck,2023,30/12/2022,19:38:17,30/12/2022 19:38,30/12/2022 16:38,-68.069407,-67.57067
4283,KB_23_42778_45,Female,Killingbeck,2023,30/12/2022,19:40:17,30/12/2022 19:40,30/12/2022 16:40,-68.069661,-67.570704
4284,KB_23_42778_45,Female,Killingbeck,2023,30/12/2022,19:42:15,30/12/2022 19:42,30/12/2022 16:42,-68.069358,-67.57068
4285,KB_23_42778_45,Female,Killingbeck,2023,30/12/2022,19:44:15,30/12/2022 19:44,30/12/2022 16:44,-68.069578,-67.570736
4286,KB_23_42778_45,Female,Killingbeck,2023,30/12/2022,19:46:16,30/12/2022 19:46,30/12/2022 16:46,-68.069272,-67.57054
4287,KB_23_42778_45,Female,Killingbeck,2023,30/12/2022,19:48:18,30/12/2022 19:48,30/12/2022 16:48,-68.06932,-67.570542
4288,KB_23_42778_45,Female,Killingbeck,2023,30/12/2022,19:50:15,30/12/2022 19:50,30/12/2022 16:50,-68.06928,-67.570552
4289,KB_23_42778_45,Female,Killingbeck,2023,30/12/2022,19:52:14,30/12/2022 19:52,30/12/2022 16:52,-68.069265,-67.570614
4290,KB_23_42778_45,Female,Killingbeck,2023,30/12/2022,19:54:13,30/12/2022 19:54,30/12/2022 16:54,-68.069241,-67.570594
4291,KB_23_42778_45,Female,Killingbeck,2023,30/12/2022,19:56:14,30/12/2022 19:56,30/12/2022 16:56,-68.069439,-67.570604
4292,KB_23_42778_45,Female,Killingbeck,2023,30/12/2022,19:58:11,30/12/2022 19:58,30/12/2022 16:58,-68.069268,-67.570584
4293,KB_23_42778_45,Female,Killingbeck,2023,30/12/2022,20:00:10,30/12/2022 20:00,30/12/2022 17:00,-68.069292,-67.570588
4294,KB_23_42778_45,Female,Killingbeck,2023,30/12/2022,20:02:08,30/12/2022 20:02,30/12/2022 17:02,-68.06932,-67.570708
4295,KB_23_42778_45,Female,Killingbeck,2023,30/12/2022,20:04:07,30/12/2022 20:04,30/12/2022 17:04,-68.069093,-67.570706
4296,KB_23_42778_45,Female,Killingbeck,2023,30/12/2022,20:06:07,30/12/2022 20:06,30/12/2022 17:06,-68.069511,-67.570622
4297,KB_23_42778_45,Female,Killingbeck,2023,30/12/2022,20:08:05,30/12/2022 20:08,30/12/2022 17:08,-68.069374,-67.570624
4298,KB_23_42778_45,Female,Killingbeck,2023,30/12/2022,20:10:05,30/12/2022 20:10,30/12/2022 17:10,-68.069294,-67.570685
4299,KB_23_42778_45,Female,Killingbeck,2023,30/12/2022,20:12:04,30/12/2022 20:12,30/12/2022 17:12,-68.069308,-67.570644
4300,KB_23_42778_45,Female,Killingbeck,2023,30/12/2022,20:14:03,30/12/2022 20:14,30/12/2022 17:14,-68.069194,-67.570668
4301,KB_23_42778_45,Female,Killingbeck,2023,30/12/2022,20:15:32,30/12/2022 20:15,30/12/2022 17:15,-68.069521,-67.570598
4302,KB_23_42778_45,Female,Killingbeck,2023,30/12/2022,20:17:31,30/12/2022 20:17,30/12/2022 17:17,-68.069604,-67.570719
4303,KB_23_42778_45,Female,Killingbeck,2023,30/12/2022,20:19:29,30/12/2022 20:19,30/12/2022 17:19,-68.069398,-67.570661
4304,KB_23_42778_45,Female,Killingbeck,2023,30/12/2022,20:21:29,30/12/2022 20:21,30/12/2022 17:21,-68.06933,-67.57065
4305,KB_23_42778_45,Female,Killingbeck,2023,30/12/2022,20:23:27,30/12/2022 20:23,30/12/2022 17:23,-68.069389,-67.570642
4306,KB_23_42778_45,Female,Killingbeck,2023,30/12/2022,20:25:27,30/12/2022 20:25,30/12/2022 17:25,-68.069409,-67.57062
4307,KB_23_42778_45,Female,Killingbeck,2023,30/12/2022,20:27:26,30/12/2022 20:27,30/12/2022 17:27,-68.069466,-67.57066
4308,KB_23_42778_45,Female,Killingbeck,2023,30/12/2022,20:29:24,30/12/2022 20:29,30/12/2022 17:29,-68.069371,-67.570664
4309,KB_23_42778_45,Female,Killingbeck,2023,30/12/2022,20:31:24,30/12/2022 20:31,30/12/2022 17:31,-68.069345,-67.570663
4310,KB_23_42778_45,Female,Killingbeck,2023,30/12/2022,20:33:22,30/12/2022 20:33,30/12/2022 17:33,-68.069415,-67.570678
4311,KB_23_42778_45,Female,Killingbeck,2023,30/12/2022,20:35:21,30/12/2022 20:35,30/12/2022 17:35,-68.069233,-67.570638
4312,KB_23_42778_45,Female,Killingbeck,2023,30/12/2022,20:37:20,30/12/2022 20:37,30/12/2022 17:37,-68.069402,-67.570627
4313,KB_23_42778_45,Female,Killingbeck,2023,30/12/2022,20:39:20,30/12/2022 20:39,30/12/2022 17:39,-68.069278,-67.570625
4314,KB_23_42778_45,Female,Killingbeck,2023,30/12/2022,20:41:19,30/12/2022 20:41,30/12/2022 17:41,-68.06948,-67.570664
4315,KB_23_42778_45,Female,Killingbeck,2023,30/12/2022,20:43:18,30/12/2022 20:43,30/12/2022 17:43,-68.069417,-67.570685
4316,KB_23_42778_45,Female,Killingbeck,2023,30/12/2022,20:45:06,30/12/2022 20:45,30/12/2022 17:45,-68.069252,-67.570653
4317,KB_23_42778_45,Female,Killingbeck,2023,30/12/2022,20:47:05,30/12/2022 20:47,30/12/2022 17:47,-68.06935,-67.570693
4318,KB_23_42778_45,Female,Killingbeck,2023,30/12/2022,20:49:04,30/12/2022 20:49,30/12/2022 17:49,-68.069412,-67.570658
4319,KB_23_42778_45,Female,Killingbeck,2023,30/12/2022,20:51:03,30/12/2022 20:51,30/12/2022 17:51,-68.069319,-67.57068
4320,KB_23_42778_45,Female,Killingbeck,2023,30/12/2022,20:53:02,30/12/2022 20:53,30/12/2022 17:53,-68.069344,-67.570648
4321,KB_23_42778_45,Female,Killingbeck,2023,30/12/2022,20:55:01,30/12/2022 20:55,30/12/2022 17:55,-68.069291,-67.570639
4322,KB_23_42778_45,Female,Killingbeck,2023,30/12/2022,20:57:00,30/12/2022 20:57,30/12/2022 17:57,-68.069375,-67.570669
4323,KB_23_42778_45,Female,Killingbeck,2023,30/12/2022,20:58:59,30/12/2022 20:58,30/12/2022 17:58,-68.069321,-67.570612
4324,KB_23_42778_45,Female,Killingbeck,2023,30/12/2022,21:00:58,30/12/2022 21:00,30/12/2022 18:00,-68.069371,-67.570704
4325,KB_23_42778_45,Female,Killingbeck,2023,30/12/2022,21:02:57,30/12/2022 21:02,30/12/2022 18:02,-68.069414,-67.570677
4326,KB_23_42778_45,Female,Killingbeck,2023,30/12/2022,21:04:56,30/12/2022 21:04,30/12/2022 18:04,-68.069417,-67.570657
4327,KB_23_42778_45,Female,Killingbeck,2023,30/12/2022,21:06:56,30/12/2022 21:06,30/12/2022 18:06,-68.069315,-67.57071
4328,KB_23_42778_45,Female,Killingbeck,2023,30/12/2022,21:08:55,30/12/2022 21:08,30/12/2022 18:08,-68.069356,-67.570641
4329,KB_23_42778_45,Female,Killingbeck,2023,30/12/2022,21:10:54,30/12/2022 21:10,30/12/2022 18:10,-68.069307,-67.570677
4330,KB_23_42778_45,Female,Killingbeck,2023,30/12/2022,21:12:53,30/12/2022 21:12,30/12/2022 18:12,-68.069279,-67.570708
4331,KB_23_42778_45,Female,Killingbeck,2023,30/12/2022,21:14:41,30/12/2022 21:14,30/12/2022 18:14,-68.069312,-67.570654
4332,KB_23_42778_45,Female,Killingbeck,2023,30/12/2022,21:16:40,30/12/2022 21:16,30/12/2022 18:16,-68.069363,-67.570637
4333,KB_23_42778_45,Female,Killingbeck,2023,30/12/2022,21:18:39,30/12/2022 21:18,30/12/2022 18:18,-68.069318,-67.570668
4334,KB_23_42778_45,Female,Killingbeck,2023,30/12/2022,21:20:38,30/12/2022 21:20,30/12/2022 18:20,-68.069349,-67.570625
4335,KB_23_42778_45,Female,Killingbeck,2023,30/12/2022,21:22:37,30/12/2022 21:22,30/12/2022 18:22,-68.069195,-67.570654
4336,KB_23_42778_45,Female,Killingbeck,2023,30/12/2022,21:24:36,30/12/2022 21:24,30/12/2022 18:24,-68.06874,-67.570587
4337,KB_23_42778_45,Female,Killingbeck,2023,30/12/2022,21:26:35,30/12/2022 21:26,30/12/2022 18:26,-68.069126,-67.570593
4338,KB_23_42778_45,Female,Killingbeck,2023,30/12/2022,21:28:34,30/12/2022 21:28,30/12/2022 18:28,-68.069288,-67.570662
4339,KB_23_42778_45,Female,Killingbeck,2023,30/12/2022,21:30:33,30/12/2022 21:30,30/12/2022 18:30,-68.069162,-67.570645
4340,KB_23_42778_45,Female,Killingbeck,2023,30/12/2022,21:32:32,30/12/2022 21:32,30/12/2022 18:32,-68.069321,-67.570667
4341,KB_23_42778_45,Female,Killingbeck,2023,30/12/2022,21:34:32,30/12/2022 21:34,30/12/2022 18:34,-68.069352,-67.570659
4342,KB_23_42778_45,Female,Killingbeck,2023,30/12/2022,21:36:31,30/12/2022 21:36,30/12/2022 18:36,-68.069244,-67.570648
4343,KB_23_42778_45,Female,Killingbeck,2023,30/12/2022,21:38:30,30/12/2022 21:38,30/12/2022 18:38,-68.069358,-67.57068
4344,KB_23_42778_45,Female,Killingbeck,2023,30/12/2022,21:40:29,30/12/2022 21:40,30/12/2022 18:40,-68.069286,-67.57064
4345,KB_23_42778_45,Female,Killingbeck,2023,30/12/2022,21:42:28,30/12/2022 21:42,30/12/2022 18:42,-68.069396,-67.570685
4346,KB_23_42778_45,Female,Killingbeck,2023,30/12/2022,21:45:33,30/12/2022 21:45,30/12/2022 18:45,-68.069333,-67.570688
4347,KB_23_42778_45,Female,Killingbeck,2023,30/12/2022,21:47:32,30/12/2022 21:47,30/12/2022 18:47,-68.069516,-67.570736
4348,KB_23_42778_45,Female,Killingbeck,2023,30/12/2022,21:49:31,30/12/2022 21:49,30/12/2022 18:49,-68.069505,-67.570717
4349,KB_23_42778_45,Female,Killingbeck,2023,30/12/2022,21:51:30,30/12/2022 21:51,30/12/2022 18:51,-68.068914,-67.570601
4350,KB_23_42778_45,Female,Killingbeck,2023,30/12/2022,21:53:30,30/12/2022 21:53,30/12/2022 18:53,-68.069175,-67.570642
4351,KB_23_42778_45,Female,Killingbeck,2023,30/12/2022,21:55:28,30/12/2022 21:55,30/12/2022 18:55,-68.069314,-67.570634
4352,KB_23_42778_45,Female,Killingbeck,2023,30/12/2022,21:57:28,30/12/2022 21:57,30/12/2022 18:57,-68.069151,-67.570637
4353,KB_23_42778_45,Female,Killingbeck,2023,30/12/2022,21:59:27,30/12/2022 21:59,30/12/2022 18:59,-68.068944,-67.570594
4354,KB_23_42778_45,Female,Killingbeck,2023,30/12/2022,22:01:25,30/12/2022 22:01,30/12/2022 19:01,-68.069072,-67.570642
4355,KB_23_42778_45,Female,Killingbeck,2023,30/12/2022,22:03:25,30/12/2022 22:03,30/12/2022 19:03,-68.068584,-67.570442
4356,KB_23_42778_45,Female,Killingbeck,2023,30/12/2022,22:05:23,30/12/2022 22:05,30/12/2022 19:05,-68.068759,-67.570567
4357,KB_23_42778_45,Female,Killingbeck,2023,30/12/2022,22:07:26,30/12/2022 22:07,30/12/2022 19:07,-68.068684,-67.570459
4358,KB_23_42778_45,Female,Killingbeck,2023,30/12/2022,22:09:23,30/12/2022 22:09,30/12/2022 19:09,-68.069099,-67.570609
4359,KB_23_42778_45,Female,Killingbeck,2023,30/12/2022,22:11:21,30/12/2022 22:11,30/12/2022 19:11,-68.069322,-67.570669
4360,KB_23_42778_45,Female,Killingbeck,2023,30/12/2022,22:13:20,30/12/2022 22:13,30/12/2022 19:13,-68.069449,-67.570664
4361,KB_23_42778_45,Female,Killingbeck,2023,30/12/2022,22:15:08,30/12/2022 22:15,30/12/2022 19:15,-68.069159,-67.570647
4362,KB_23_42778_45,Female,Killingbeck,2023,30/12/2022,22:17:07,30/12/2022 22:17,30/12/2022 19:17,-68.069076,-67.570581
4363,KB_23_42778_45,Female,Killingbeck,2023,30/12/2022,22:19:07,30/12/2022 22:19,30/12/2022 19:19,-68.069279,-67.570664
4364,KB_23_42778_45,Female,Killingbeck,2023,30/12/2022,22:21:05,30/12/2022 22:21,30/12/2022 19:21,-68.069214,-67.570679
4365,KB_23_42778_45,Female,Killingbeck,2023,30/12/2022,22:23:04,30/12/2022 22:23,30/12/2022 19:23,-68.069197,-67.570621
4366,KB_23_42778_45,Female,Killingbeck,2023,30/12/2022,22:25:03,30/12/2022 22:25,30/12/2022 19:25,-68.069345,-67.570591
4367,KB_23_42778_45,Female,Killingbeck,2023,30/12/2022,22:27:02,30/12/2022 22:27,30/12/2022 19:27,-68.069155,-67.570596
4368,KB_23_42778_45,Female,Killingbeck,2023,30/12/2022,22:29:01,30/12/2022 22:29,30/12/2022 19:29,-68.06928,-67.5706
4369,KB_23_42778_45,Female,Killingbeck,2023,30/12/2022,22:31:05,30/12/2022 22:31,30/12/2022 19:31,-68.069998,-67.569516
4370,KB_23_42778_45,Female,Killingbeck,2023,30/12/2022,22:33:04,30/12/2022 22:33,30/12/2022 19:33,-68.068777,-67.570908
4371,KB_23_42778_45,Female,Killingbeck,2023,30/12/2022,22:35:05,30/12/2022 22:35,30/12/2022 19:35,-68.069091,-67.570842
4372,KB_23_42778_45,Female,Killingbeck,2023,30/12/2022,22:37:04,30/12/2022 22:37,30/12/2022 19:37,-68.069098,-67.570874
4373,KB_23_42778_45,Female,Killingbeck,2023,30/12/2022,22:39:05,30/12/2022 22:39,30/12/2022 19:39,-68.06943,-67.570667
4374,KB_23_42778_45,Female,Killingbeck,2023,30/12/2022,22:41:05,30/12/2022 22:41,30/12/2022 19:41,-68.070353,-67.570805
4375,KB_23_42778_45,Female,Killingbeck,2023,30/12/2022,22:43:02,30/12/2022 22:43,30/12/2022 19:43,-68.069659,-67.570791
4376,KB_23_42778_45,Female,Killingbeck,2023,30/12/2022,22:44:51,30/12/2022 22:44,30/12/2022 19:44,-68.069366,-67.570645
4377,KB_23_42778_45,Female,Killingbeck,2023,30/12/2022,22:46:49,30/12/2022 22:46,30/12/2022 19:46,-68.069301,-67.570667
4378,KB_23_42778_45,Female,Killingbeck,2023,30/12/2022,22:48:51,30/12/2022 22:48,30/12/2022 19:48,-68.069422,-67.570734
4379,KB_23_42778_45,Female,Killingbeck,2023,30/12/2022,22:50:50,30/12/2022 22:50,30/12/2022 19:50,-68.069251,-67.570686
4380,KB_23_42778_45,Female,Killingbeck,2023,30/12/2022,22:52:48,30/12/2022 22:52,30/12/2022 19:52,-68.069871,-67.570521
4381,KB_23_42778_45,Female,Killingbeck,2023,30/12/2022,22:54:48,30/12/2022 22:54,30/12/2022 19:54,-68.06913,-67.570719
4382,KB_23_42778_45,Female,Killingbeck,2023,30/12/2022,22:56:46,30/12/2022 22:56,30/12/2022 19:56,-68.06917,-67.570722
4383,KB_23_42778_45,Female,Killingbeck,2023,30/12/2022,22:58:59,30/12/2022 22:58,30/12/2022 19:58,-68.069116,-67.570754
4384,KB_23_42778_45,Female,Killingbeck,2023,30/12/2022,23:00:57,30/12/2022 23:00,30/12/2022 20:00,-68.069495,-67.57061
4385,KB_23_42778_45,Female,Killingbeck,2023,30/12/2022,23:02:55,30/12/2022 23:02,30/12/2022 20:02,-68.069268,-67.570705
4386,KB_23_42778_45,Female,Killingbeck,2023,30/12/2022,23:04:54,30/12/2022 23:04,30/12/2022 20:04,-68.069225,-67.570723
4387,KB_23_42778_45,Female,Killingbeck,2023,30/12/2022,23:06:56,30/12/2022 23:06,30/12/2022 20:06,-68.069166,-67.570751
4388,KB_23_42778_45,Female,Killingbeck,2023,30/12/2022,23:08:54,30/12/2022 23:08,30/12/2022 20:08,-68.069336,-67.570691
4389,KB_23_42778_45,Female,Killingbeck,2023,30/12/2022,23:10:39,30/12/2022 23:10,30/12/2022 20:10,-68.069415,-67.570685
4390,KB_23_42778_45,Female,Killingbeck,2023,30/12/2022,23:12:41,30/12/2022 23:12,30/12/2022 20:12,-68.070456,-67.569127
4391,KB_23_42778_45,Female,Killingbeck,2023,30/12/2022,23:14:59,30/12/2022 23:14,30/12/2022 20:14,-68.069305,-67.570618
4392,KB_23_42778_45,Female,Killingbeck,2023,30/12/2022,23:17:02,30/12/2022 23:17,30/12/2022 20:17,-68.069389,-67.570306
4393,KB_23_42778_45,Female,Killingbeck,2023,30/12/2022,23:19:02,30/12/2022 23:19,30/12/2022 20:19,-68.069333,-67.570269
4394,KB_23_42778_45,Female,Killingbeck,2023,30/12/2022,23:21:01,30/12/2022 23:21,30/12/2022 20:21,-68.069238,-67.570214
4395,KB_23_42778_45,Female,Killingbeck,2023,30/12/2022,23:23:00,30/12/2022 23:23,30/12/2022 20:23,-68.069217,-67.570247
4396,KB_23_42778_45,Female,Killingbeck,2023,30/12/2022,23:24:59,30/12/2022 23:24,30/12/2022 20:24,-68.069214,-67.570269
4397,KB_23_42778_45,Female,Killingbeck,2023,30/12/2022,23:26:43,30/12/2022 23:26,30/12/2022 20:26,-68.06946,-67.569882
4398,KB_23_42778_45,Female,Killingbeck,2023,30/12/2022,23:28:42,30/12/2022 23:28,30/12/2022 20:28,-68.067756,-67.561815
4399,KB_23_42778_45,Female,Killingbeck,2023,30/12/2022,23:30:41,30/12/2022 23:30,30/12/2022 20:30,-68.063369,-67.547644
4400,KB_23_42778_45,Female,Killingbeck,2023,30/12/2022,23:32:39,30/12/2022 23:32,30/12/2022 20:32,-68.056445,-67.534122
4401,KB_23_42778_45,Female,Killingbeck,2023,30/12/2022,23:34:39,30/12/2022 23:34,30/12/2022 20:34,-68.047441,-67.520719
4402,KB_23_42778_45,Female,Killingbeck,2023,30/12/2022,23:36:38,30/12/2022 23:36,30/12/2022 20:36,-68.037918,-67.50744
4403,KB_23_42778_45,Female,Killingbeck,2023,30/12/2022,23:38:38,30/12/2022 23:38,30/12/2022 20:38,-68.023887,-67.494645
4404,KB_23_42778_45,Female,Killingbeck,2023,30/12/2022,23:40:37,30/12/2022 23:40,30/12/2022 20:40,-68.004689,-67.482993
4405,KB_23_42778_45,Female,Killingbeck,2023,30/12/2022,23:42:36,30/12/2022 23:42,30/12/2022 20:42,-67.9825,-67.472443
4406,KB_23_42778_45,Female,Killingbeck,2023,30/12/2022,23:44:37,30/12/2022 23:44,30/12/2022 20:44,-67.949145,-67.463841
4407,KB_23_42778_45,Female,Killingbeck,2023,30/12/2022,23:46:39,30/12/2022 23:46,30/12/2022 20:46,-67.917773,-67.453788
4408,KB_23_42778_45,Female,Killingbeck,2023,30/12/2022,23:48:38,30/12/2022 23:48,30/12/2022 20:48,-67.896526,-67.440894
4409,KB_23_42778_45,Female,Killingbeck,2023,30/12/2022,23:50:35,30/12/2022 23:50,30/12/2022 20:50,-67.879201,-67.428843
4410,KB_23_42778_45,Female,Killingbeck,2023,30/12/2022,23:52:37,30/12/2022 23:52,30/12/2022 20:52,-67.853058,-67.416261
4411,KB_23_42778_45,Female,Killingbeck,2023,30/12/2022,23:54:32,30/12/2022 23:54,30/12/2022 20:54,-67.830418,-67.402801
4412,KB_23_42778_45,Female,Killingbeck,2023,30/12/2022,23:56:30,30/12/2022 23:56,30/12/2022 20:56,-67.798951,-67.391294
4413,KB_23_42778_45,Female,Killingbeck,2023,30/12/2022,23:58:29,30/12/2022 23:58,30/12/2022 20:58,-67.775912,-67.380033
4414,KB_23_42778_45,Female,Killingbeck,2023,31/12/2022,00:00:29,31/12/2022 00:00,30/12/2022 21:00,-67.757972,-67.369855
4415,KB_23_42778_45,Female,Killingbeck,2023,31/12/2022,00:02:31,31/12/2022 00:02,30/12/2022 21:02,-67.745092,-67.366748
4416,KB_23_42778_45,Female,Killingbeck,2023,31/12/2022,00:04:50,31/12/2022 00:04,30/12/2022 21:04,-67.744718,-67.366125
4417,KB_23_42778_45,Female,Killingbeck,2023,31/12/2022,00:06:48,31/12/2022 00:06,30/12/2022 21:06,-67.752612,-67.360051
4418,KB_23_42778_45,Female,Killingbeck,2023,31/12/2022,00:08:47,31/12/2022 00:08,30/12/2022 21:08,-67.749549,-67.348503
4419,KB_23_42778_45,Female,Killingbeck,2023,31/12/2022,00:10:46,31/12/2022 00:10,30/12/2022 21:10,-67.740579,-67.335189
4420,KB_23_42778_45,Female,Killingbeck,2023,31/12/2022,00:12:46,31/12/2022 00:12,30/12/2022 21:12,-67.719568,-67.324943
4421,KB_23_42778_45,Female,Killingbeck,2023,31/12/2022,00:15:47,31/12/2022 00:15,30/12/2022 21:15,-67.711773,-67.324073
4422,KB_23_42778_45,Female,Killingbeck,2023,31/12/2022,00:17:42,31/12/2022 00:17,30/12/2022 21:17,-67.708307,-67.323764
4423,KB_23_42778_45,Female,Killingbeck,2023,31/12/2022,00:19:43,31/12/2022 00:19,30/12/2022 21:19,-67.708682,-67.323707
4424,KB_23_42778_45,Female,Killingbeck,2023,31/12/2022,00:21:39,31/12/2022 00:21,30/12/2022 21:21,-67.710681,-67.323351
4425,KB_23_42778_45,Female,Killingbeck,2023,31/12/2022,00:23:36,31/12/2022 00:23,30/12/2022 21:23,-67.708779,-67.32377
4426,KB_23_42778_45,Female,Killingbeck,2023,31/12/2022,00:25:35,31/12/2022 00:25,30/12/2022 21:25,-67.708632,-67.32377
4427,KB_23_42778_45,Female,Killingbeck,2023,31/12/2022,00:27:35,31/12/2022 00:27,30/12/2022 21:27,-67.708768,-67.323774
4428,KB_23_42778_45,Female,Killingbeck,2023,31/12/2022,00:29:36,31/12/2022 00:29,30/12/2022 21:29,-67.70998,-67.323528
4429,KB_23_42778_45,Female,Killingbeck,2023,31/12/2022,00:31:43,31/12/2022 00:31,30/12/2022 21:31,-67.709745,-67.323603
4430,KB_23_42778_45,Female,Killingbeck,2023,31/12/2022,00:33:39,31/12/2022 00:33,30/12/2022 21:33,-67.70921,-67.323954
4431,KB_23_42778_45,Female,Killingbeck,2023,31/12/2022,00:35:38,31/12/2022 00:35,30/12/2022 21:35,-67.708001,-67.323715
4432,KB_23_42778_45,Female,Killingbeck,2023,31/12/2022,00:37:35,31/12/2022 00:37,30/12/2022 21:37,-67.70894,-67.323835
4433,KB_23_42778_45,Female,Killingbeck,2023,31/12/2022,00:39:31,31/12/2022 00:39,30/12/2022 21:39,-67.709139,-67.323822
4434,KB_23_42778_45,Female,Killingbeck,2023,31/12/2022,00:41:31,31/12/2022 00:41,30/12/2022 21:41,-67.709378,-67.323841
4435,KB_23_42778_45,Female,Killingbeck,2023,31/12/2022,00:43:32,31/12/2022 00:43,30/12/2022 21:43,-67.709133,-67.323878
4436,KB_23_42778_45,Female,Killingbeck,2023,31/12/2022,00:45:32,31/12/2022 00:45,30/12/2022 21:45,-67.709527,-67.323894
4437,KB_23_42778_45,Female,Killingbeck,2023,31/12/2022,00:47:28,31/12/2022 00:47,30/12/2022 21:47,-67.7099,-67.323881
4438,KB_23_42778_45,Female,Killingbeck,2023,31/12/2022,00:49:29,31/12/2022 00:49,30/12/2022 21:49,-67.710219,-67.324018
4439,KB_23_42778_45,Female,Killingbeck,2023,31/12/2022,00:51:25,31/12/2022 00:51,30/12/2022 21:51,-67.712193,-67.324094
4440,KB_23_42778_45,Female,Killingbeck,2023,31/12/2022,00:53:32,31/12/2022 00:53,30/12/2022 21:53,-67.711753,-67.324417
4441,KB_23_42778_45,Female,Killingbeck,2023,31/12/2022,00:55:34,31/12/2022 00:55,30/12/2022 21:55,-67.712018,-67.323919
4442,KB_23_42778_45,Female,Killingbeck,2023,31/12/2022,00:57:31,31/12/2022 00:57,30/12/2022 21:57,-67.711529,-67.324172
4443,KB_23_42778_45,Female,Killingbeck,2023,31/12/2022,00:59:32,31/12/2022 00:59,30/12/2022 21:59,-67.711336,-67.323999
4444,KB_23_42778_45,Female,Killingbeck,2023,31/12/2022,01:01:28,31/12/2022 01:01,30/12/2022 22:01,-67.710841,-67.323538
4445,KB_23_42778_45,Female,Killingbeck,2023,31/12/2022,01:03:27,31/12/2022 01:03,30/12/2022 22:03,-67.711562,-67.323189
4446,KB_23_42778_45,Female,Killingbeck,2023,31/12/2022,01:05:27,31/12/2022 01:05,30/12/2022 22:05,-67.712668,-67.32296
4447,KB_23_42778_45,Female,Killingbeck,2023,31/12/2022,01:07:28,31/12/2022 01:07,30/12/2022 22:07,-67.712931,-67.322904
4448,KB_23_42778_45,Female,Killingbeck,2023,31/12/2022,01:09:25,31/12/2022 01:09,30/12/2022 22:09,-67.704204,-67.322329
4449,KB_23_42778_45,Female,Killingbeck,2023,31/12/2022,01:11:23,31/12/2022 01:11,30/12/2022 22:11,-67.704268,-67.322534
4450,KB_23_42778_45,Female,Killingbeck,2023,31/12/2022,01:13:23,31/12/2022 01:13,30/12/2022 22:13,-67.704306,-67.322628
4451,KB_23_42778_45,Female,Killingbeck,2023,31/12/2022,01:15:26,31/12/2022 01:15,30/12/2022 22:15,-67.704723,-67.322617
4452,KB_23_42778_45,Female,Killingbeck,2023,31/12/2022,01:17:29,31/12/2022 01:17,30/12/2022 22:17,-67.704155,-67.322463
4453,KB_23_42778_45,Female,Killingbeck,2023,31/12/2022,01:19:28,31/12/2022 01:19,30/12/2022 22:19,-67.705202,-67.32292
4454,KB_23_42778_45,Female,Killingbeck,2023,31/12/2022,01:21:23,31/12/2022 01:21,30/12/2022 22:21,-67.70512,-67.322616
4455,KB_23_42778_45,Female,Killingbeck,2023,31/12/2022,01:23:22,31/12/2022 01:23,30/12/2022 22:23,-67.705306,-67.3228
4456,KB_23_42778_45,Female,Killingbeck,2023,31/12/2022,01:25:21,31/12/2022 01:25,30/12/2022 22:25,-67.705373,-67.322774
4457,KB_23_42778_45,Female,Killingbeck,2023,31/12/2022,01:27:20,31/12/2022 01:27,30/12/2022 22:27,-67.705608,-67.322813
4458,KB_23_42778_45,Female,Killingbeck,2023,31/12/2022,01:29:24,31/12/2022 01:29,30/12/2022 22:29,-67.705703,-67.323016
4459,KB_23_42778_45,Female,Killingbeck,2023,31/12/2022,01:31:21,31/12/2022 01:31,30/12/2022 22:31,-67.70563,-67.322843
4460,KB_23_42778_45,Female,Killingbeck,2023,31/12/2022,01:33:23,31/12/2022 01:33,30/12/2022 22:33,-67.705572,-67.322929
4461,KB_23_42778_45,Female,Killingbeck,2023,31/12/2022,01:35:20,31/12/2022 01:35,30/12/2022 22:35,-67.707746,-67.324136
4462,KB_23_42778_45,Female,Killingbeck,2023,31/12/2022,01:37:17,31/12/2022 01:37,30/12/2022 22:37,-67.70753,-67.324215
4463,KB_23_42778_45,Female,Killingbeck,2023,31/12/2022,01:40:09,31/12/2022 01:40,30/12/2022 22:40,-67.70794,-67.324172
4464,KB_23_42778_45,Female,Killingbeck,2023,31/12/2022,01:42:52,31/12/2022 01:42,30/12/2022 22:42,-67.707053,-67.324183
4465,KB_23_42778_45,Female,Killingbeck,2023,31/12/2022,01:44:53,31/12/2022 01:44,30/12/2022 22:44,-67.707037,-67.324001
4466,KB_23_42778_45,Female,Killingbeck,2023,31/12/2022,01:46:52,31/12/2022 01:46,30/12/2022 22:46,-67.707258,-67.323894
4467,KB_23_42778_45,Female,Killingbeck,2023,31/12/2022,01:48:51,31/12/2022 01:48,30/12/2022 22:48,-67.704945,-67.323446
4468,KB_23_42778_45,Female,Killingbeck,2023,31/12/2022,01:50:52,31/12/2022 01:50,30/12/2022 22:50,-67.728776,-67.336133
4469,KB_23_42778_45,Female,Killingbeck,2023,31/12/2022,01:52:48,31/12/2022 01:52,30/12/2022 22:52,-67.746201,-67.348829
4470,KB_23_42778_45,Female,Killingbeck,2023,31/12/2022,01:54:47,31/12/2022 01:54,30/12/2022 22:54,-67.746517,-67.348842
4471,KB_23_42778_45,Female,Killingbeck,2023,31/12/2022,01:56:47,31/12/2022 01:56,30/12/2022 22:56,-67.746868,-67.348883
4472,KB_23_42778_45,Female,Killingbeck,2023,31/12/2022,01:58:45,31/12/2022 01:58,30/12/2022 22:58,-67.746774,-67.348894
4473,KB_23_42778_45,Female,Killingbeck,2023,31/12/2022,02:00:44,31/12/2022 02:00,30/12/2022 23:00,-67.746321,-67.348779
4474,KB_23_42778_45,Female,Killingbeck,2023,31/12/2022,02:02:43,31/12/2022 02:02,30/12/2022 23:02,-67.746666,-67.348837
4475,KB_23_42778_45,Female,Killingbeck,2023,31/12/2022,02:04:43,31/12/2022 02:04,30/12/2022 23:04,-67.763378,-67.36159
4476,KB_23_42778_45,Female,Killingbeck,2023,31/12/2022,02:06:45,31/12/2022 02:06,30/12/2022 23:06,-67.805695,-67.382572
4477,KB_23_42778_45,Female,Killingbeck,2023,31/12/2022,02:08:41,31/12/2022 02:08,30/12/2022 23:08,-67.845512,-67.399264
4478,KB_23_42778_45,Female,Killingbeck,2023,31/12/2022,02:10:43,31/12/2022 02:10,30/12/2022 23:10,-67.888521,-67.415859
4479,KB_23_42778_45,Female,Killingbeck,2023,31/12/2022,02:12:42,31/12/2022 02:12,30/12/2022 23:12,-67.92334,-67.436203
4480,KB_23_42778_45,Female,Killingbeck,2023,31/12/2022,02:14:39,31/12/2022 02:14,30/12/2022 23:14,-67.957439,-67.455575
4481,KB_23_42778_45,Female,Killingbeck,2023,31/12/2022,02:16:40,31/12/2022 02:16,30/12/2022 23:16,-67.99476,-67.474009
4482,KB_23_42778_45,Female,Killingbeck,2023,31/12/2022,02:18:39,31/12/2022 02:18,30/12/2022 23:18,-68.034982,-67.492279
4483,KB_23_42778_45,Female,Killingbeck,2023,31/12/2022,02:20:38,31/12/2022 02:20,30/12/2022 23:20,-68.052224,-67.515858
4484,KB_23_42778_45,Female,Killingbeck,2023,31/12/2022,02:22:37,31/12/2022 02:22,30/12/2022 23:22,-68.069097,-67.540774
4485,KB_23_42778_45,Female,Killingbeck,2023,31/12/2022,02:24:36,31/12/2022 02:24,30/12/2022 23:24,-68.070839,-67.565973
4486,KB_23_42778_45,Female,Killingbeck,2023,31/12/2022,02:26:51,31/12/2022 02:26,30/12/2022 23:26,-68.069472,-67.570736
4487,KB_23_42778_45,Female,Killingbeck,2023,31/12/2022,02:28:44,31/12/2022 02:28,30/12/2022 23:28,-68.06938,-67.57076
4488,KB_23_42778_45,Female,Killingbeck,2023,31/12/2022,02:30:50,31/12/2022 02:30,30/12/2022 23:30,0,0
4489,KB_23_42778_45,Female,Killingbeck,2023,31/12/2022,02:32:43,31/12/2022 02:32,30/12/2022 23:32,-68.069287,-67.570833
4490,KB_23_42778_45,Female,Killingbeck,2023,31/12/2022,02:34:49,31/12/2022 02:34,30/12/2022 23:34,-68.068425,-67.571253
4491,KB_23_42778_45,Female,Killingbeck,2023,31/12/2022,02:36:45,31/12/2022 02:36,30/12/2022 23:36,-68.069791,-67.570515
4492,KB_23_42778_45,Female,Killingbeck,2023,31/12/2022,02:38:33,31/12/2022 02:38,30/12/2022 23:38,-68.069388,-67.570653
4493,KB_23_42778_45,Female,Killingbeck,2023,31/12/2022,02:40:32,31/12/2022 02:40,30/12/2022 23:40,-68.069561,-67.570158
4494,KB_23_42778_45,Female,Killingbeck,2023,31/12/2022,02:42:38,31/12/2022 02:42,30/12/2022 23:42,-68.068871,-67.561437
4495,KB_23_42778_45,Female,Killingbeck,2023,31/12/2022,02:44:29,31/12/2022 02:44,30/12/2022 23:44,-68.062294,-67.54933
4496,KB_23_42778_45,Female,Killingbeck,2023,31/12/2022,02:46:30,31/12/2022 02:46,30/12/2022 23:46,-68.05765,-67.536362
4497,KB_23_42778_45,Female,Killingbeck,2023,31/12/2022,02:48:29,31/12/2022 02:48,30/12/2022 23:48,-68.051115,-67.523401
4498,KB_23_42778_45,Female,Killingbeck,2023,31/12/2022,02:50:28,31/12/2022 02:50,30/12/2022 23:50,-68.040385,-67.510651
4499,KB_23_42778_45,Female,Killingbeck,2023,31/12/2022,02:52:27,31/12/2022 02:52,30/12/2022 23:52,-68.027757,-67.498076
4500,KB_23_42778_45,Female,Killingbeck,2023,31/12/2022,02:54:27,31/12/2022 02:54,30/12/2022 23:54,-68.013428,-67.486497
4501,KB_23_42778_45,Female,Killingbeck,2023,31/12/2022,02:56:26,31/12/2022 02:56,30/12/2022 23:56,-67.993789,-67.475574
4502,KB_23_42778_45,Female,Killingbeck,2023,31/12/2022,02:58:25,31/12/2022 02:58,30/12/2022 23:58,-67.973685,-67.464781
4503,KB_23_42778_45,Female,Killingbeck,2023,31/12/2022,03:00:25,31/12/2022 03:00,31/12/2022 00:00,-67.958174,-67.451856
4504,KB_23_42778_45,Female,Killingbeck,2023,31/12/2022,03:02:24,31/12/2022 03:02,31/12/2022 00:02,-67.930655,-67.442907
4505,KB_23_42778_45,Female,Killingbeck,2023,31/12/2022,03:05:34,31/12/2022 03:05,31/12/2022 00:05,-67.927091,-67.440683
4506,KB_23_42778_45,Female,Killingbeck,2023,31/12/2022,03:07:23,31/12/2022 03:07,31/12/2022 00:07,-67.917366,-67.431522
4507,KB_23_42778_45,Female,Killingbeck,2023,31/12/2022,03:09:21,31/12/2022 03:09,31/12/2022 00:09,-67.932719,-67.418237
4508,KB_23_42778_45,Female,Killingbeck,2023,31/12/2022,03:11:20,31/12/2022 03:11,31/12/2022 00:11,-67.933639,-67.417407
4509,KB_23_42778_45,Female,Killingbeck,2023,31/12/2022,03:13:20,31/12/2022 03:13,31/12/2022 00:13,-67.933406,-67.417663
4510,KB_23_42778_45,Female,Killingbeck,2023,31/12/2022,03:15:19,31/12/2022 03:15,31/12/2022 00:15,-67.933617,-67.417456
4511,KB_23_42778_45,Female,Killingbeck,2023,31/12/2022,03:17:22,31/12/2022 03:17,31/12/2022 00:17,-67.933553,-67.417613
4512,KB_23_42778_45,Female,Killingbeck,2023,31/12/2022,03:19:22,31/12/2022 03:19,31/12/2022 00:19,-67.933512,-67.417623
4513,KB_23_42778_45,Female,Killingbeck,2023,31/12/2022,03:21:21,31/12/2022 03:21,31/12/2022 00:21,-67.933601,-67.417459
4514,KB_23_42778_45,Female,Killingbeck,2023,31/12/2022,03:23:19,31/12/2022 03:23,31/12/2022 00:23,-67.914617,-67.411717
4515,KB_23_42778_45,Female,Killingbeck,2023,31/12/2022,03:25:18,31/12/2022 03:25,31/12/2022 00:25,-67.881861,-67.405323
4516,KB_23_42778_45,Female,Killingbeck,2023,31/12/2022,03:27:17,31/12/2022 03:27,31/12/2022 00:27,-67.850418,-67.395711
4517,KB_23_42778_45,Female,Killingbeck,2023,31/12/2022,03:29:17,31/12/2022 03:29,31/12/2022 00:29,-67.818345,-67.386724
4518,KB_23_42778_45,Female,Killingbeck,2023,31/12/2022,03:31:17,31/12/2022 03:31,31/12/2022 00:31,-67.794192,-67.379193
4519,KB_23_42778_45,Female,Killingbeck,2023,31/12/2022,03:33:16,31/12/2022 03:33,31/12/2022 00:33,-67.770075,-67.373067
4520,KB_23_42778_45,Female,Killingbeck,2023,31/12/2022,03:35:15,31/12/2022 03:35,31/12/2022 00:35,-67.755115,-67.362819
4521,KB_23_42778_45,Female,Killingbeck,2023,31/12/2022,03:37:14,31/12/2022 03:37,31/12/2022 00:37,-67.75267,-67.358109
4522,KB_23_42778_45,Female,Killingbeck,2023,31/12/2022,03:39:13,31/12/2022 03:39,31/12/2022 00:39,-67.746172,-67.348687
4523,KB_23_42778_45,Female,Killingbeck,2023,31/12/2022,03:41:11,31/12/2022 03:41,31/12/2022 00:41,-67.744757,-67.345273
4524,KB_23_42778_45,Female,Killingbeck,2023,31/12/2022,03:43:10,31/12/2022 03:43,31/12/2022 00:43,-67.733408,-67.332532
4525,KB_23_42778_45,Female,Killingbeck,2023,31/12/2022,03:45:11,31/12/2022 03:45,31/12/2022 00:45,-67.712229,-67.324385
4526,KB_23_42778_45,Female,Killingbeck,2023,31/12/2022,03:47:55,31/12/2022 03:47,31/12/2022 00:47,-67.71187,-67.323834
4527,KB_23_42778_45,Female,Killingbeck,2023,31/12/2022,03:49:46,31/12/2022 03:49,31/12/2022 00:49,-67.712539,-67.32414
4528,KB_23_42778_45,Female,Killingbeck,2023,31/12/2022,03:51:46,31/12/2022 03:51,31/12/2022 00:51,-67.709562,-67.32375
4529,KB_23_42778_45,Female,Killingbeck,2023,31/12/2022,03:53:45,31/12/2022 03:53,31/12/2022 00:53,-67.701396,-67.32299
4530,KB_23_42778_45,Female,Killingbeck,2023,31/12/2022,03:55:44,31/12/2022 03:55,31/12/2022 00:55,-67.701164,-67.322929
4531,KB_23_42778_45,Female,Killingbeck,2023,31/12/2022,03:57:45,31/12/2022 03:57,31/12/2022 00:57,-67.70072,-67.322988
4532,KB_23_42778_45,Female,Killingbeck,2023,31/12/2022,03:59:42,31/12/2022 03:59,31/12/2022 00:59,-67.700888,-67.322983
4533,KB_23_42778_45,Female,Killingbeck,2023,31/12/2022,04:01:41,31/12/2022 04:01,31/12/2022 01:01,-67.701862,-67.322843
4534,KB_23_42778_45,Female,Killingbeck,2023,31/12/2022,04:03:41,31/12/2022 04:03,31/12/2022 01:03,-67.701401,-67.322927
4535,KB_23_42778_45,Female,Killingbeck,2023,31/12/2022,04:05:39,31/12/2022 04:05,31/12/2022 01:05,-67.701084,-67.322924
4536,KB_23_42778_45,Female,Killingbeck,2023,31/12/2022,04:07:41,31/12/2022 04:07,31/12/2022 01:07,-67.701157,-67.32297
4537,KB_23_42778_45,Female,Killingbeck,2023,31/12/2022,04:09:42,31/12/2022 04:09,31/12/2022 01:09,-67.701628,-67.322935
4538,KB_23_42778_45,Female,Killingbeck,2023,31/12/2022,04:11:49,31/12/2022 04:11,31/12/2022 01:11,-67.701646,-67.322959
4539,KB_23_42778_45,Female,Killingbeck,2023,31/12/2022,04:13:43,31/12/2022 04:13,31/12/2022 01:13,-67.701492,-67.322933
4540,KB_23_42778_45,Female,Killingbeck,2023,31/12/2022,04:15:40,31/12/2022 04:15,31/12/2022 01:15,-67.701522,-67.322848
4541,KB_23_42778_45,Female,Killingbeck,2023,31/12/2022,04:17:42,31/12/2022 04:17,31/12/2022 01:17,-67.701719,-67.32293
4542,KB_23_42778_45,Female,Killingbeck,2023,31/12/2022,04:19:41,31/12/2022 04:19,31/12/2022 01:19,-67.700823,-67.322925
4543,KB_23_42778_45,Female,Killingbeck,2023,31/12/2022,04:21:40,31/12/2022 04:21,31/12/2022 01:21,-67.701233,-67.322849
4544,KB_23_42778_45,Female,Killingbeck,2023,31/12/2022,04:23:38,31/12/2022 04:23,31/12/2022 01:23,-67.701345,-67.322933
4545,KB_23_42778_45,Female,Killingbeck,2023,31/12/2022,04:25:39,31/12/2022 04:25,31/12/2022 01:25,-67.701005,-67.32297
4546,KB_23_42778_45,Female,Killingbeck,2023,31/12/2022,04:27:37,31/12/2022 04:27,31/12/2022 01:27,-67.702556,-67.323094
4547,KB_23_42778_45,Female,Killingbeck,2023,31/12/2022,04:29:36,31/12/2022 04:29,31/12/2022 01:29,-67.702055,-67.323222
4548,KB_23_42778_45,Female,Killingbeck,2023,31/12/2022,04:31:35,31/12/2022 04:31,31/12/2022 01:31,-67.70137,-67.323423
4549,KB_23_42778_45,Female,Killingbeck,2023,31/12/2022,04:33:43,31/12/2022 04:33,31/12/2022 01:33,-67.701529,-67.323528
4550,KB_23_42778_45,Female,Killingbeck,2023,31/12/2022,04:35:34,31/12/2022 04:35,31/12/2022 01:35,-67.701956,-67.323309
4551,KB_23_42778_45,Female,Killingbeck,2023,31/12/2022,04:38:05,31/12/2022 04:38,31/12/2022 01:38,-67.701909,-67.323394
4552,KB_23_42778_45,Female,Killingbeck,2023,31/12/2022,04:39:59,31/12/2022 04:39,31/12/2022 01:39,-67.700782,-67.321672
4553,KB_23_42778_45,Female,Killingbeck,2023,31/12/2022,04:42:06,31/12/2022 04:42,31/12/2022 01:42,-67.696852,-67.321575
4554,KB_23_42778_45,Female,Killingbeck,2023,31/12/2022,04:44:08,31/12/2022 04:44,31/12/2022 01:44,-67.696049,-67.321033
4555,KB_23_42778_45,Female,Killingbeck,2023,31/12/2022,04:46:07,31/12/2022 04:46,31/12/2022 01:46,-67.696694,-67.321678
4556,KB_23_42778_45,Female,Killingbeck,2023,31/12/2022,04:48:01,31/12/2022 04:48,31/12/2022 01:48,-67.697626,-67.322056
4557,KB_23_42778_45,Female,Killingbeck,2023,31/12/2022,04:50:08,31/12/2022 04:50,31/12/2022 01:50,-67.696719,-67.321425
4558,KB_23_42778_45,Female,Killingbeck,2023,31/12/2022,04:52:09,31/12/2022 04:52,31/12/2022 01:52,-67.696684,-67.321661
4559,KB_23_42778_45,Female,Killingbeck,2023,31/12/2022,04:53:59,31/12/2022 04:53,31/12/2022 01:53,-67.696503,-67.321597
4560,KB_23_42778_45,Female,Killingbeck,2023,31/12/2022,04:56:08,31/12/2022 04:56,31/12/2022 01:56,-67.696787,-67.321542
4561,KB_23_42778_45,Female,Killingbeck,2023,31/12/2022,04:58:13,31/12/2022 04:58,31/12/2022 01:58,-67.696106,-67.32176
4562,KB_23_42778_45,Female,Killingbeck,2023,31/12/2022,05:00:07,31/12/2022 05:00,31/12/2022 02:00,-67.696748,-67.321532
4563,KB_23_42778_45,Female,Killingbeck,2023,31/12/2022,05:02:24,31/12/2022 05:02,31/12/2022 02:02,-67.696875,-67.321481
4564,KB_23_42778_45,Female,Killingbeck,2023,31/12/2022,05:04:15,31/12/2022 05:04,31/12/2022 02:04,-67.696561,-67.321543
4565,KB_23_42778_45,Female,Killingbeck,2023,31/12/2022,05:06:14,31/12/2022 05:06,31/12/2022 02:06,-67.696496,-67.321548
4566,KB_23_42778_45,Female,Killingbeck,2023,31/12/2022,05:08:12,31/12/2022 05:08,31/12/2022 02:08,-67.696243,-67.321648
4567,KB_23_42778_45,Female,Killingbeck,2023,31/12/2022,05:10:12,31/12/2022 05:10,31/12/2022 02:10,-67.696621,-67.321322
4568,KB_23_42778_45,Female,Killingbeck,2023,31/12/2022,05:12:11,31/12/2022 05:12,31/12/2022 02:12,-67.696586,-67.321553
4569,KB_23_42778_45,Female,Killingbeck,2023,31/12/2022,05:14:10,31/12/2022 05:14,31/12/2022 02:14,-67.696563,-67.321501
4570,KB_23_42778_45,Female,Killingbeck,2023,31/12/2022,05:17:15,31/12/2022 05:17,31/12/2022 02:17,-67.696221,-67.321608
4571,KB_23_42778_45,Female,Killingbeck,2023,31/12/2022,05:19:12,31/12/2022 05:19,31/12/2022 02:19,-67.696603,-67.321512
4572,KB_23_42778_45,Female,Killingbeck,2023,31/12/2022,05:21:13,31/12/2022 05:21,31/12/2022 02:21,-67.696244,-67.321691
4573,KB_23_42778_45,Female,Killingbeck,2023,31/12/2022,05:23:12,31/12/2022 05:23,31/12/2022 02:23,-67.696098,-67.321774
4574,KB_23_42778_45,Female,Killingbeck,2023,31/12/2022,05:25:22,31/12/2022 05:25,31/12/2022 02:25,-67.696191,-67.321732
4575,KB_23_42778_45,Female,Killingbeck,2023,31/12/2022,05:27:11,31/12/2022 05:27,31/12/2022 02:27,-67.696202,-67.321673
4576,KB_23_42778_45,Female,Killingbeck,2023,31/12/2022,05:29:10,31/12/2022 05:29,31/12/2022 02:29,-67.696129,-67.321803
4577,KB_23_42778_45,Female,Killingbeck,2023,31/12/2022,05:31:10,31/12/2022 05:31,31/12/2022 02:31,-67.6961,-67.321802
4578,KB_23_42778_45,Female,Killingbeck,2023,31/12/2022,05:33:08,31/12/2022 05:33,31/12/2022 02:33,-67.696124,-67.321798
4579,KB_23_42778_45,Female,Killingbeck,2023,31/12/2022,05:35:08,31/12/2022 05:35,31/12/2022 02:35,-67.69625,-67.321715
4580,KB_23_42778_45,Female,Killingbeck,2023,31/12/2022,05:37:06,31/12/2022 05:37,31/12/2022 02:37,-67.696169,-67.321773
4581,KB_23_42778_45,Female,Killingbeck,2023,31/12/2022,05:39:18,31/12/2022 05:39,31/12/2022 02:39,-67.695736,-67.322232
4582,KB_23_42778_45,Female,Killingbeck,2023,31/12/2022,05:41:01,31/12/2022 05:41,31/12/2022 02:41,-67.696732,-67.321535
4583,KB_23_42778_45,Female,Killingbeck,2023,31/12/2022,05:43:01,31/12/2022 05:43,31/12/2022 02:43,-67.696543,-67.321625
4584,KB_23_42778_45,Female,Killingbeck,2023,31/12/2022,05:45:00,31/12/2022 05:45,31/12/2022 02:45,-67.697581,-67.321273
4585,KB_23_42778_45,Female,Killingbeck,2023,31/12/2022,05:47:02,31/12/2022 05:47,31/12/2022 02:47,-67.696761,-67.321526
4586,KB_23_42778_45,Female,Killingbeck,2023,31/12/2022,05:49:01,31/12/2022 05:49,31/12/2022 02:49,-67.696582,-67.321626
4587,KB_23_42778_45,Female,Killingbeck,2023,31/12/2022,05:50:57,31/12/2022 05:50,31/12/2022 02:50,-67.696538,-67.321632
4588,KB_23_42778_45,Female,Killingbeck,2023,31/12/2022,05:52:57,31/12/2022 05:52,31/12/2022 02:52,-67.696476,-67.321628
4589,KB_23_42778_45,Female,Killingbeck,2023,31/12/2022,05:54:55,31/12/2022 05:54,31/12/2022 02:54,-67.696519,-67.321616
4590,KB_23_42778_45,Female,Killingbeck,2023,31/12/2022,05:56:54,31/12/2022 05:56,31/12/2022 02:56,-67.696745,-67.321491
4591,KB_23_42778_45,Female,Killingbeck,2023,31/12/2022,05:58:53,31/12/2022 05:58,31/12/2022 02:58,-67.694896,-67.321404
4592,KB_23_42778_45,Female,Killingbeck,2023,31/12/2022,06:00:52,31/12/2022 06:00,31/12/2022 03:00,-67.702825,-67.323431
4593,KB_23_42778_45,Female,Killingbeck,2023,31/12/2022,06:02:53,31/12/2022 06:02,31/12/2022 03:02,-67.70286,-67.323275
4594,KB_23_42778_45,Female,Killingbeck,2023,31/12/2022,06:05:40,31/12/2022 06:05,31/12/2022 03:05,-67.703847,-67.323756
4595,KB_23_42778_45,Female,Killingbeck,2023,31/12/2022,06:08:19,31/12/2022 06:08,31/12/2022 03:08,-67.704441,-67.323866
4596,KB_23_42778_45,Female,Killingbeck,2023,31/12/2022,06:10:17,31/12/2022 06:10,31/12/2022 03:10,-67.705034,-67.323544
4597,KB_23_42778_45,Female,Killingbeck,2023,31/12/2022,06:13:10,31/12/2022 06:13,31/12/2022 03:13,-67.704254,-67.323581
4598,KB_23_42778_45,Female,Killingbeck,2023,31/12/2022,06:15:10,31/12/2022 06:15,31/12/2022 03:15,-67.704638,-67.323618
4599,KB_23_42778_45,Female,Killingbeck,2023,31/12/2022,06:17:25,31/12/2022 06:17,31/12/2022 03:17,-67.702936,-67.32336
4600,KB_23_42778_45,Female,Killingbeck,2023,31/12/2022,06:20:03,31/12/2022 06:20,31/12/2022 03:20,-67.697317,-67.323729
4601,KB_23_42778_45,Female,Killingbeck,2023,31/12/2022,06:22:02,31/12/2022 06:22,31/12/2022 03:22,-67.697509,-67.323729
4602,KB_23_42778_45,Female,Killingbeck,2023,31/12/2022,06:24:15,31/12/2022 06:24,31/12/2022 03:24,-67.696898,-67.323836
4603,KB_23_42778_45,Female,Killingbeck,2023,31/12/2022,06:26:13,31/12/2022 06:26,31/12/2022 03:26,-67.696679,-67.323955
4604,KB_23_42778_45,Female,Killingbeck,2023,31/12/2022,06:28:23,31/12/2022 06:28,31/12/2022 03:28,-67.697283,-67.32389
4605,KB_23_42778_45,Female,Killingbeck,2023,31/12/2022,06:30:37,31/12/2022 06:30,31/12/2022 03:30,-67.696644,-67.323891
4606,KB_23_42778_45,Female,Killingbeck,2023,31/12/2022,06:32:36,31/12/2022 06:32,31/12/2022 03:32,-67.697282,-67.323738
4607,KB_23_42778_45,Female,Killingbeck,2023,31/12/2022,06:34:37,31/12/2022 06:34,31/12/2022 03:34,-67.696952,-67.323718
4608,KB_23_42778_45,Female,Killingbeck,2023,31/12/2022,06:36:34,31/12/2022 06:36,31/12/2022 03:36,-67.697556,-67.323639
4609,KB_23_42778_45,Female,Killingbeck,2023,31/12/2022,06:38:33,31/12/2022 06:38,31/12/2022 03:38,-67.69711,-67.323752
4610,KB_23_42778_45,Female,Killingbeck,2023,31/12/2022,06:40:32,31/12/2022 06:40,31/12/2022 03:40,-67.697316,-67.323645
4611,KB_23_42778_45,Female,Killingbeck,2023,31/12/2022,06:42:36,31/12/2022 06:42,31/12/2022 03:42,-67.696813,-67.32381
4612,KB_23_42778_45,Female,Killingbeck,2023,31/12/2022,06:44:35,31/12/2022 06:44,31/12/2022 03:44,-67.697038,-67.323847
4613,KB_23_42778_45,Female,Killingbeck,2023,31/12/2022,06:46:36,31/12/2022 06:46,31/12/2022 03:46,-67.697143,-67.323699
4614,KB_23_42778_45,Female,Killingbeck,2023,31/12/2022,06:48:34,31/12/2022 06:48,31/12/2022 03:48,-67.697207,-67.323682
4615,KB_23_42778_45,Female,Killingbeck,2023,31/12/2022,06:50:34,31/12/2022 06:50,31/12/2022 03:50,-67.697583,-67.323622
4616,KB_23_42778_45,Female,Killingbeck,2023,31/12/2022,06:52:36,31/12/2022 06:52,31/12/2022 03:52,-67.696688,-67.323618
4617,KB_23_42778_45,Female,Killingbeck,2023,31/12/2022,06:54:42,31/12/2022 06:54,31/12/2022 03:54,-67.697256,-67.323731
4618,KB_23_42778_45,Female,Killingbeck,2023,31/12/2022,06:56:35,31/12/2022 06:56,31/12/2022 03:56,-67.696834,-67.323708
4619,KB_23_42778_45,Female,Killingbeck,2023,31/12/2022,06:58:40,31/12/2022 06:58,31/12/2022 03:58,-67.697319,-67.323656
4620,KB_23_42778_45,Female,Killingbeck,2023,31/12/2022,07:00:32,31/12/2022 07:00,31/12/2022 04:00,-67.697153,-67.323678
4621,KB_23_42778_45,Female,Killingbeck,2023,31/12/2022,07:02:31,31/12/2022 07:02,31/12/2022 04:02,-67.697344,-67.323635
4622,KB_23_42778_45,Female,Killingbeck,2023,31/12/2022,07:04:45,31/12/2022 07:04,31/12/2022 04:04,-67.697282,-67.323666
4623,KB_23_42778_45,Female,Killingbeck,2023,31/12/2022,07:06:31,31/12/2022 07:06,31/12/2022 04:06,-67.697405,-67.323637
4624,KB_23_42778_45,Female,Killingbeck,2023,31/12/2022,07:08:27,31/12/2022 07:08,31/12/2022 04:08,-67.697141,-67.323853
4625,KB_23_42778_45,Female,Killingbeck,2023,31/12/2022,07:10:26,31/12/2022 07:10,31/12/2022 04:10,-67.697321,-67.323594
4626,KB_23_42778_45,Female,Killingbeck,2023,31/12/2022,07:12:25,31/12/2022 07:12,31/12/2022 04:12,-67.697007,-67.323771
4627,KB_23_42778_45,Female,Killingbeck,2023,31/12/2022,07:14:35,31/12/2022 07:14,31/12/2022 04:14,-67.697631,-67.324354
4628,KB_23_42778_45,Female,Killingbeck,2023,31/12/2022,07:16:25,31/12/2022 07:16,31/12/2022 04:16,-67.697624,-67.32426
4629,KB_23_42778_45,Female,Killingbeck,2023,31/12/2022,07:18:24,31/12/2022 07:18,31/12/2022 04:18,-67.698701,-67.324086
4630,KB_23_42778_45,Female,Killingbeck,2023,31/12/2022,07:20:25,31/12/2022 07:20,31/12/2022 04:20,-67.69876,-67.323751
4631,KB_23_42778_45,Female,Killingbeck,2023,31/12/2022,07:23:00,31/12/2022 07:23,31/12/2022 04:23,-67.697914,-67.324402
4632,KB_23_42778_45,Female,Killingbeck,2023,31/12/2022,07:24:58,31/12/2022 07:24,31/12/2022 04:24,-67.69624,-67.323907
4633,KB_23_42778_45,Female,Killingbeck,2023,31/12/2022,07:27:15,31/12/2022 07:27,31/12/2022 04:27,-67.691701,-67.324031
4634,KB_23_42778_45,Female,Killingbeck,2023,31/12/2022,07:29:14,31/12/2022 07:29,31/12/2022 04:29,-67.692198,-67.323982
4635,KB_23_42778_45,Female,Killingbeck,2023,31/12/2022,07:31:13,31/12/2022 07:31,31/12/2022 04:31,-67.692455,-67.323931
4636,KB_23_42778_45,Female,Killingbeck,2023,31/12/2022,07:33:12,31/12/2022 07:33,31/12/2022 04:33,-67.6924,-67.323897
4637,KB_23_42778_45,Female,Killingbeck,2023,31/12/2022,07:35:11,31/12/2022 07:35,31/12/2022 04:35,-67.692612,-67.323879
4638,KB_23_42778_45,Female,Killingbeck,2023,31/12/2022,07:37:12,31/12/2022 07:37,31/12/2022 04:37,-67.692533,-67.323996
4639,KB_23_42778_45,Female,Killingbeck,2023,31/12/2022,07:39:11,31/12/2022 07:39,31/12/2022 04:39,-67.698939,-67.324755
4640,KB_23_42778_45,Female,Killingbeck,2023,31/12/2022,07:41:10,31/12/2022 07:41,31/12/2022 04:41,-67.712299,-67.32425
4641,KB_23_42778_45,Female,Killingbeck,2023,31/12/2022,07:43:08,31/12/2022 07:43,31/12/2022 04:43,-67.711701,-67.324146
4642,KB_23_42778_45,Female,Killingbeck,2023,31/12/2022,07:45:09,31/12/2022 07:45,31/12/2022 04:45,-67.711198,-67.323831
4643,KB_23_42778_45,Female,Killingbeck,2023,31/12/2022,07:47:08,31/12/2022 07:47,31/12/2022 04:47,-67.736352,-67.336688
4644,KB_23_42778_45,Female,Killingbeck,2023,31/12/2022,07:49:09,31/12/2022 07:49,31/12/2022 04:49,-67.756445,-67.360465
4645,KB_23_42778_45,Female,Killingbeck,2023,31/12/2022,07:51:06,31/12/2022 07:51,31/12/2022 04:51,-67.764207,-67.372965
4646,KB_23_42778_45,Female,Killingbeck,2023,31/12/2022,07:53:05,31/12/2022 07:53,31/12/2022 04:53,-67.814649,-67.390427
4647,KB_23_42778_45,Female,Killingbeck,2023,31/12/2022,07:55:05,31/12/2022 07:55,31/12/2022 04:55,-67.866317,-67.405516
4648,KB_23_42778_45,Female,Killingbeck,2023,31/12/2022,07:57:03,31/12/2022 07:57,31/12/2022 04:57,-67.913026,-67.423389
4649,KB_23_42778_45,Female,Killingbeck,2023,31/12/2022,07:59:03,31/12/2022 07:59,31/12/2022 04:59,-67.945612,-67.442839
4650,KB_23_42778_45,Female,Killingbeck,2023,31/12/2022,08:01:03,31/12/2022 08:01,31/12/2022 05:01,-67.970864,-67.464459
4651,KB_23_42778_45,Female,Killingbeck,2023,31/12/2022,08:03:01,31/12/2022 08:03,31/12/2022 05:03,-67.969516,-67.469185
4652,KB_23_42778_45,Female,Killingbeck,2023,31/12/2022,08:05:01,31/12/2022 08:05,31/12/2022 05:05,-67.969745,-67.46921
4653,KB_23_42778_45,Female,Killingbeck,2023,31/12/2022,08:07:00,31/12/2022 08:07,31/12/2022 05:07,-67.996219,-67.471277
4654,KB_23_42778_45,Female,Killingbeck,2023,31/12/2022,08:09:01,31/12/2022 08:09,31/12/2022 05:09,-68.038537,-67.490244
4655,KB_23_42778_45,Female,Killingbeck,2023,31/12/2022,08:10:58,31/12/2022 08:10,31/12/2022 05:10,-68.049964,-67.512876
4656,KB_23_42778_45,Female,Killingbeck,2023,31/12/2022,08:12:59,31/12/2022 08:12,31/12/2022 05:12,-68.066288,-67.536102
4657,KB_23_42778_45,Female,Killingbeck,2023,31/12/2022,08:14:57,31/12/2022 08:14,31/12/2022 05:14,-68.071533,-67.559477
4658,KB_23_42778_45,Female,Killingbeck,2023,31/12/2022,08:17:11,31/12/2022 08:17,31/12/2022 05:17,0,0
4659,KB_23_42778_45,Female,Killingbeck,2023,31/12/2022,08:19:10,31/12/2022 08:19,31/12/2022 05:19,0,0
4660,KB_23_42778_45,Female,Killingbeck,2023,31/12/2022,08:21:43,31/12/2022 08:21,31/12/2022 05:21,-68.069074,-67.570735
4661,KB_23_42778_45,Female,Killingbeck,2023,31/12/2022,08:23:36,31/12/2022 08:23,31/12/2022 05:23,-68.06928,-67.570499
4662,KB_23_42778_45,Female,Killingbeck,2023,31/12/2022,08:25:50,31/12/2022 08:25,31/12/2022 05:25,-68.069342,-67.570458
4663,KB_23_42778_45,Female,Killingbeck,2023,31/12/2022,08:27:53,31/12/2022 08:27,31/12/2022 05:27,-68.069566,-67.570442
4664,KB_23_42778_45,Female,Killingbeck,2023,31/12/2022,08:29:39,31/12/2022 08:29,31/12/2022 05:29,-68.069352,-67.570408
4665,KB_23_42778_45,Female,Killingbeck,2023,31/12/2022,08:31:38,31/12/2022 08:31,31/12/2022 05:31,-68.068848,-67.570696
4666,KB_23_42778_45,Female,Killingbeck,2023,31/12/2022,08:33:37,31/12/2022 08:33,31/12/2022 05:33,-68.069282,-67.570834
4667,KB_23_42778_45,Female,Killingbeck,2023,31/12/2022,08:35:40,31/12/2022 08:35,31/12/2022 05:35,-68.069213,-67.570536
4668,KB_23_42778_45,Female,Killingbeck,2023,31/12/2022,08:37:36,31/12/2022 08:37,31/12/2022 05:37,-68.069711,-67.570196
4669,KB_23_42778_45,Female,Killingbeck,2023,31/12/2022,08:39:43,31/12/2022 08:39,31/12/2022 05:39,-68.069288,-67.570746
4670,KB_23_42778_45,Female,Killingbeck,2023,31/12/2022,08:41:35,31/12/2022 08:41,31/12/2022 05:41,-68.069286,-67.570697
4671,KB_23_42778_45,Female,Killingbeck,2023,31/12/2022,08:43:34,31/12/2022 08:43,31/12/2022 05:43,-68.069253,-67.570319
4672,KB_23_42778_45,Female,Killingbeck,2023,31/12/2022,08:45:33,31/12/2022 08:45,31/12/2022 05:45,-68.0693,-67.570719
4673,KB_23_42778_45,Female,Killingbeck,2023,31/12/2022,08:47:39,31/12/2022 08:47,31/12/2022 05:47,-68.069172,-67.571332
4674,KB_23_42778_45,Female,Killingbeck,2023,31/12/2022,08:50:09,31/12/2022 08:50,31/12/2022 05:50,-68.06945,-67.570633
4675,KB_23_42778_45,Female,Killingbeck,2023,31/12/2022,08:52:01,31/12/2022 08:52,31/12/2022 05:52,-68.069109,-67.570872
4676,KB_23_42778_45,Female,Killingbeck,2023,31/12/2022,08:54:00,31/12/2022 08:54,31/12/2022 05:54,-68.069249,-67.57072
4677,KB_23_42778_45,Female,Killingbeck,2023,31/12/2022,08:56:06,31/12/2022 08:56,31/12/2022 05:56,-68.069236,-67.570869
4678,KB_23_42778_45,Female,Killingbeck,2023,31/12/2022,08:57:57,31/12/2022 08:57,31/12/2022 05:57,-68.069201,-67.570765
4679,KB_23_42778_45,Female,Killingbeck,2023,31/12/2022,08:59:58,31/12/2022 08:59,31/12/2022 05:59,-68.069203,-67.57076
4680,KB_23_42778_45,Female,Killingbeck,2023,31/12/2022,09:02:03,31/12/2022 09:02,31/12/2022 06:02,-68.069255,-67.570844
4681,KB_23_42778_45,Female,Killingbeck,2023,31/12/2022,09:03:57,31/12/2022 09:03,31/12/2022 06:03,-68.069453,-67.570994
4682,KB_23_42778_45,Female,Killingbeck,2023,31/12/2022,09:05:54,31/12/2022 09:05,31/12/2022 06:05,-68.069273,-67.570798
4683,KB_23_42778_45,Female,Killingbeck,2023,31/12/2022,09:07:55,31/12/2022 09:07,31/12/2022 06:07,-68.069384,-67.570892
4684,KB_23_42778_45,Female,Killingbeck,2023,31/12/2022,09:09:52,31/12/2022 09:09,31/12/2022 06:09,-68.069167,-67.570745
4685,KB_23_42778_45,Female,Killingbeck,2023,31/12/2022,09:12:00,31/12/2022 09:12,31/12/2022 06:12,-68.069289,-67.570784
4686,KB_23_42778_45,Female,Killingbeck,2023,31/12/2022,09:13:53,31/12/2022 09:13,31/12/2022 06:13,-68.069327,-67.570801
4687,KB_23_42778_45,Female,Killingbeck,2023,31/12/2022,09:15:52,31/12/2022 09:15,31/12/2022 06:15,-68.06928,-67.570724
4688,KB_23_42778_45,Female,Killingbeck,2023,31/12/2022,09:17:52,31/12/2022 09:17,31/12/2022 06:17,-68.069277,-67.570775
4689,KB_23_42778_45,Female,Killingbeck,2023,31/12/2022,09:19:40,31/12/2022 09:19,31/12/2022 06:19,-68.069292,-67.570721
4690,KB_23_42778_45,Female,Killingbeck,2023,31/12/2022,09:21:45,31/12/2022 09:21,31/12/2022 06:21,-68.069317,-67.570765
4691,KB_23_42778_45,Female,Killingbeck,2023,31/12/2022,09:23:50,31/12/2022 09:23,31/12/2022 06:23,-68.069312,-67.570788
4692,KB_23_42778_45,Female,Killingbeck,2023,31/12/2022,09:25:53,31/12/2022 09:25,31/12/2022 06:25,-68.069344,-67.570784
4693,KB_23_42778_45,Female,Killingbeck,2023,31/12/2022,09:27:38,31/12/2022 09:27,31/12/2022 06:27,-68.069304,-67.570788
4694,KB_23_42778_45,Female,Killingbeck,2023,31/12/2022,09:29:42,31/12/2022 09:29,31/12/2022 06:29,-68.069545,-67.57102
4695,KB_23_42778_45,Female,Killingbeck,2023,31/12/2022,09:31:42,31/12/2022 09:31,31/12/2022 06:31,-68.069464,-67.570943
4696,KB_23_42778_45,Female,Killingbeck,2023,31/12/2022,09:33:51,31/12/2022 09:33,31/12/2022 06:33,-68.069452,-67.570873
4697,KB_23_42778_45,Female,Killingbeck,2023,31/12/2022,09:35:47,31/12/2022 09:35,31/12/2022 06:35,-68.069337,-67.570745
4698,KB_23_42778_45,Female,Killingbeck,2023,31/12/2022,09:37:50,31/12/2022 09:37,31/12/2022 06:37,-68.06927,-67.570746
4699,KB_23_42778_45,Female,Killingbeck,2023,31/12/2022,09:39:49,31/12/2022 09:39,31/12/2022 06:39,-68.069252,-67.570726
4700,KB_23_42778_45,Female,Killingbeck,2023,31/12/2022,09:41:40,31/12/2022 09:41,31/12/2022 06:41,-68.069459,-67.570887
4701,KB_23_42778_45,Female,Killingbeck,2023,31/12/2022,09:43:41,31/12/2022 09:43,31/12/2022 06:43,-68.069364,-67.570778
4702,KB_23_42778_45,Female,Killingbeck,2023,31/12/2022,09:45:33,31/12/2022 09:45,31/12/2022 06:45,-68.069321,-67.570807
4703,KB_23_42778_45,Female,Killingbeck,2023,31/12/2022,09:47:33,31/12/2022 09:47,31/12/2022 06:47,-68.069298,-67.570786
4704,KB_23_42778_45,Female,Killingbeck,2023,31/12/2022,09:49:23,31/12/2022 09:49,31/12/2022 06:49,-68.069345,-67.570799
4705,KB_23_42778_45,Female,Killingbeck,2023,31/12/2022,09:51:22,31/12/2022 09:51,31/12/2022 06:51,-68.069401,-67.570806
4706,KB_23_42778_45,Female,Killingbeck,2023,31/12/2022,09:53:26,31/12/2022 09:53,31/12/2022 06:53,-68.069277,-67.570969
4707,KB_23_42778_45,Female,Killingbeck,2023,31/12/2022,09:55:21,31/12/2022 09:55,31/12/2022 06:55,-68.069378,-67.5708
4708,KB_23_42778_45,Female,Killingbeck,2023,31/12/2022,09:57:24,31/12/2022 09:57,31/12/2022 06:57,-68.068975,-67.570693
4709,KB_23_42778_45,Female,Killingbeck,2023,31/12/2022,09:59:22,31/12/2022 09:59,31/12/2022 06:59,-68.069422,-67.571186
4710,KB_23_42778_45,Female,Killingbeck,2023,31/12/2022,10:01:24,31/12/2022 10:01,31/12/2022 07:01,-68.069242,-67.570639
4711,KB_23_42778_45,Female,Killingbeck,2023,31/12/2022,10:03:28,31/12/2022 10:03,31/12/2022 07:03,-68.06932,-67.570772
4712,KB_23_42778_45,Female,Killingbeck,2023,31/12/2022,10:05:19,31/12/2022 10:05,31/12/2022 07:05,-68.069213,-67.57058
4713,KB_23_42778_45,Female,Killingbeck,2023,31/12/2022,10:07:28,31/12/2022 10:07,31/12/2022 07:07,-68.069301,-67.570656
4714,KB_23_42778_45,Female,Killingbeck,2023,31/12/2022,10:09:18,31/12/2022 10:09,31/12/2022 07:09,-68.06938,-67.57071
4715,KB_23_42778_45,Female,Killingbeck,2023,31/12/2022,10:11:17,31/12/2022 10:11,31/12/2022 07:11,-68.069228,-67.570685
4716,KB_23_42778_45,Female,Killingbeck,2023,31/12/2022,10:13:24,31/12/2022 10:13,31/12/2022 07:13,-68.069096,-67.570359
4717,KB_23_42778_45,Female,Killingbeck,2023,31/12/2022,10:15:29,31/12/2022 10:15,31/12/2022 07:15,-68.069263,-67.570647
4718,KB_23_42778_45,Female,Killingbeck,2023,31/12/2022,10:17:28,31/12/2022 10:17,31/12/2022 07:17,-68.068986,-67.570455
4719,KB_23_42778_45,Female,Killingbeck,2023,31/12/2022,10:19:28,31/12/2022 10:19,31/12/2022 07:19,-68.068883,-67.57037
4720,KB_23_42778_45,Female,Killingbeck,2023,31/12/2022,10:21:28,31/12/2022 10:21,31/12/2022 07:21,-68.069803,-67.57082
4721,KB_23_42778_45,Female,Killingbeck,2023,31/12/2022,10:23:28,31/12/2022 10:23,31/12/2022 07:23,-68.069131,-67.570473
4722,KB_23_42778_45,Female,Killingbeck,2023,31/12/2022,10:25:26,31/12/2022 10:25,31/12/2022 07:25,-68.069542,-67.570743
4723,KB_23_42778_45,Female,Killingbeck,2023,31/12/2022,10:27:26,31/12/2022 10:27,31/12/2022 07:27,-68.069716,-67.570594
4724,KB_23_42778_45,Female,Killingbeck,2023,31/12/2022,10:29:25,31/12/2022 10:29,31/12/2022 07:29,-68.069923,-67.570204
4725,KB_23_42778_45,Female,Killingbeck,2023,31/12/2022,10:31:25,31/12/2022 10:31,31/12/2022 07:31,-68.069767,-67.570351
4726,KB_23_42778_45,Female,Killingbeck,2023,31/12/2022,10:33:24,31/12/2022 10:33,31/12/2022 07:33,-68.069869,-67.57041
4727,KB_23_42778_45,Female,Killingbeck,2023,31/12/2022,10:35:23,31/12/2022 10:35,31/12/2022 07:35,0,0
4728,KB_23_42778_45,Female,Killingbeck,2023,31/12/2022,10:37:23,31/12/2022 10:37,31/12/2022 07:37,-68.068793,-67.571068
4729,KB_23_42778_45,Female,Killingbeck,2023,31/12/2022,10:39:21,31/12/2022 10:39,31/12/2022 07:39,-68.071343,-67.569008
4730,KB_23_42778_45,Female,Killingbeck,2023,31/12/2022,10:41:13,31/12/2022 10:41,31/12/2022 07:41,-68.069596,-67.570589
4731,KB_23_42778_45,Female,Killingbeck,2023,31/12/2022,10:43:09,31/12/2022 10:43,31/12/2022 07:43,-68.069344,-67.570798
4732,KB_23_42778_45,Female,Killingbeck,2023,31/12/2022,10:45:13,31/12/2022 10:45,31/12/2022 07:45,-68.06933,-67.57089
4733,KB_23_42778_45,Female,Killingbeck,2023,31/12/2022,10:47:20,31/12/2022 10:47,31/12/2022 07:47,0,0
4734,KB_23_42778_45,Female,Killingbeck,2023,31/12/2022,10:49:19,31/12/2022 10:49,31/12/2022 07:49,-68.069443,-67.570814
4735,KB_23_42778_45,Female,Killingbeck,2023,31/12/2022,10:51:18,31/12/2022 10:51,31/12/2022 07:51,-68.069452,-67.570776
4736,KB_23_42778_45,Female,Killingbeck,2023,31/12/2022,10:53:17,31/12/2022 10:53,31/12/2022 07:53,-68.069402,-67.570835
4737,KB_23_42778_45,Female,Killingbeck,2023,31/12/2022,10:55:11,31/12/2022 10:55,31/12/2022 07:55,-68.06948,-67.5706
4738,KB_23_42778_45,Female,Killingbeck,2023,31/12/2022,10:57:14,31/12/2022 10:57,31/12/2022 07:57,-68.069441,-67.570849
4739,KB_23_42778_45,Female,Killingbeck,2023,31/12/2022,10:59:08,31/12/2022 10:59,31/12/2022 07:59,-68.069515,-67.570596
4740,KB_23_42778_45,Female,Killingbeck,2023,31/12/2022,11:01:12,31/12/2022 11:01,31/12/2022 08:01,-68.071076,-67.570098
4741,KB_23_42778_45,Female,Killingbeck,2023,31/12/2022,11:03:11,31/12/2022 11:03,31/12/2022 08:03,-68.069477,-67.570789
4742,KB_23_42778_45,Female,Killingbeck,2023,31/12/2022,11:05:11,31/12/2022 11:05,31/12/2022 08:05,-68.06989,-67.570573
4743,KB_23_42778_45,Female,Killingbeck,2023,31/12/2022,11:07:02,31/12/2022 11:07,31/12/2022 08:07,-68.069569,-67.570624
4744,KB_23_42778_45,Female,Killingbeck,2023,31/12/2022,11:09:02,31/12/2022 11:09,31/12/2022 08:09,-68.069572,-67.570585
4745,KB_23_42778_45,Female,Killingbeck,2023,31/12/2022,11:11:00,31/12/2022 11:11,31/12/2022 08:11,-68.069474,-67.570627
4746,KB_23_42778_45,Female,Killingbeck,2023,31/12/2022,11:12:59,31/12/2022 11:12,31/12/2022 08:12,-68.069503,-67.570609
4747,KB_23_42778_45,Female,Killingbeck,2023,31/12/2022,11:14:58,31/12/2022 11:14,31/12/2022 08:14,-68.069624,-67.570589
4748,KB_23_42778_45,Female,Killingbeck,2023,31/12/2022,11:16:58,31/12/2022 11:16,31/12/2022 08:16,-68.069543,-67.570593
4749,KB_23_42778_45,Female,Killingbeck,2023,31/12/2022,11:18:55,31/12/2022 11:18,31/12/2022 08:18,-68.069574,-67.570612
4750,KB_23_42778_45,Female,Killingbeck,2023,31/12/2022,11:20:56,31/12/2022 11:20,31/12/2022 08:20,-68.069508,-67.570596
4751,KB_23_42778_45,Female,Killingbeck,2023,31/12/2022,11:22:55,31/12/2022 11:22,31/12/2022 08:22,-68.069532,-67.570593
4752,KB_23_42778_45,Female,Killingbeck,2023,31/12/2022,11:24:58,31/12/2022 11:24,31/12/2022 08:24,-68.069574,-67.570654
4753,KB_23_42778_45,Female,Killingbeck,2023,31/12/2022,11:26:58,31/12/2022 11:26,31/12/2022 08:26,-68.069507,-67.570764
4754,KB_23_42778_45,Female,Killingbeck,2023,31/12/2022,11:28:56,31/12/2022 11:28,31/12/2022 08:28,-68.069418,-67.570446
4755,KB_23_42778_45,Female,Killingbeck,2023,31/12/2022,11:30:53,31/12/2022 11:30,31/12/2022 08:30,-68.069507,-67.570644
4756,KB_23_42778_45,Female,Killingbeck,2023,31/12/2022,11:32:57,31/12/2022 11:32,31/12/2022 08:32,-68.069437,-67.570547
4757,KB_23_42778_45,Female,Killingbeck,2023,31/12/2022,11:34:52,31/12/2022 11:34,31/12/2022 08:34,-68.069307,-67.570626
4758,KB_23_42778_45,Female,Killingbeck,2023,31/12/2022,11:36:49,31/12/2022 11:36,31/12/2022 08:36,-68.069507,-67.570623
4759,KB_23_42778_45,Female,Killingbeck,2023,31/12/2022,11:38:48,31/12/2022 11:38,31/12/2022 08:38,-68.069461,-67.570646
4760,KB_23_42778_45,Female,Killingbeck,2023,31/12/2022,11:40:49,31/12/2022 11:40,31/12/2022 08:40,-68.066788,-67.570726
4761,KB_23_42778_45,Female,Killingbeck,2023,31/12/2022,11:42:46,31/12/2022 11:42,31/12/2022 08:42,-68.069334,-67.570639
4762,KB_23_42778_45,Female,Killingbeck,2023,31/12/2022,11:44:47,31/12/2022 11:44,31/12/2022 08:44,-68.066725,-67.570707
4763,KB_23_42778_45,Female,Killingbeck,2023,31/12/2022,11:46:45,31/12/2022 11:46,31/12/2022 08:46,-68.06926,-67.570673
4764,KB_23_42778_45,Female,Killingbeck,2023,31/12/2022,11:48:48,31/12/2022 11:48,31/12/2022 08:48,-68.069235,-67.570465
4765,KB_23_42778_45,Female,Killingbeck,2023,31/12/2022,11:50:45,31/12/2022 11:50,31/12/2022 08:50,-68.069134,-67.57064
4766,KB_23_42778_45,Female,Killingbeck,2023,31/12/2022,11:52:44,31/12/2022 11:52,31/12/2022 08:52,-68.069507,-67.570634
4767,KB_23_42778_45,Female,Killingbeck,2023,31/12/2022,11:54:41,31/12/2022 11:54,31/12/2022 08:54,-68.069562,-67.570653
4768,KB_23_42778_45,Female,Killingbeck,2023,31/12/2022,11:56:42,31/12/2022 11:56,31/12/2022 08:56,-68.069703,-67.57066
4769,KB_23_42778_45,Female,Killingbeck,2023,31/12/2022,11:58:39,31/12/2022 11:58,31/12/2022 08:58,-68.06941,-67.570628
4770,KB_23_42778_45,Female,Killingbeck,2023,31/12/2022,12:00:37,31/12/2022 12:00,31/12/2022 09:00,-68.069563,-67.570601
4771,KB_23_42778_45,Female,Killingbeck,2023,31/12/2022,12:02:37,31/12/2022 12:02,31/12/2022 09:02,-68.069395,-67.570683
4772,KB_23_42778_45,Female,Killingbeck,2023,31/12/2022,12:04:36,31/12/2022 12:04,31/12/2022 09:04,-68.070416,-67.570768
4773,KB_23_42778_45,Female,Killingbeck,2023,31/12/2022,12:06:35,31/12/2022 12:06,31/12/2022 09:06,-68.069339,-67.5707
4774,KB_23_42778_45,Female,Killingbeck,2023,31/12/2022,12:08:41,31/12/2022 12:08,31/12/2022 09:08,-68.069417,-67.570512
4775,KB_23_42778_45,Female,Killingbeck,2023,31/12/2022,12:10:33,31/12/2022 12:10,31/12/2022 09:10,-68.069462,-67.57064
4776,KB_23_42778_45,Female,Killingbeck,2023,31/12/2022,12:12:35,31/12/2022 12:12,31/12/2022 09:12,-68.069404,-67.570566
4777,KB_23_42778_45,Female,Killingbeck,2023,31/12/2022,12:14:33,31/12/2022 12:14,31/12/2022 09:14,-68.070299,-67.570734
4778,KB_23_42778_45,Female,Killingbeck,2023,31/12/2022,12:16:36,31/12/2022 12:16,31/12/2022 09:16,-68.070101,-67.570653
4779,KB_23_42778_45,Female,Killingbeck,2023,31/12/2022,12:18:30,31/12/2022 12:18,31/12/2022 09:18,-68.06919,-67.57069
4780,KB_23_42778_45,Female,Killingbeck,2023,31/12/2022,12:20:29,31/12/2022 12:20,31/12/2022 09:20,-68.069668,-67.570618
4781,KB_23_42778_45,Female,Killingbeck,2023,31/12/2022,12:22:28,31/12/2022 12:22,31/12/2022 09:22,-68.069625,-67.570605
4782,KB_23_42778_45,Female,Killingbeck,2023,31/12/2022,12:24:27,31/12/2022 12:24,31/12/2022 09:24,-68.069467,-67.570627
4783,KB_23_42778_45,Female,Killingbeck,2023,31/12/2022,12:26:26,31/12/2022 12:26,31/12/2022 09:26,-68.069461,-67.570609
4784,KB_23_42778_45,Female,Killingbeck,2023,31/12/2022,12:28:25,31/12/2022 12:28,31/12/2022 09:28,-68.069354,-67.570652
4785,KB_23_42778_45,Female,Killingbeck,2023,31/12/2022,12:30:24,31/12/2022 12:30,31/12/2022 09:30,-68.069423,-67.570655
4786,KB_23_42778_45,Female,Killingbeck,2023,31/12/2022,12:32:24,31/12/2022 12:32,31/12/2022 09:32,-68.069526,-67.570646
4787,KB_23_42778_45,Female,Killingbeck,2023,31/12/2022,12:34:22,31/12/2022 12:34,31/12/2022 09:34,-68.069356,-67.570687
4788,KB_23_42778_45,Female,Killingbeck,2023,31/12/2022,12:36:22,31/12/2022 12:36,31/12/2022 09:36,-68.069385,-67.570665
4789,KB_23_42778_45,Female,Killingbeck,2023,31/12/2022,12:38:20,31/12/2022 12:38,31/12/2022 09:38,-68.069325,-67.570669
4790,KB_23_42778_45,Female,Killingbeck,2023,31/12/2022,12:40:22,31/12/2022 12:40,31/12/2022 09:40,-68.069673,-67.570505
4791,KB_23_42778_45,Female,Killingbeck,2023,31/12/2022,12:42:20,31/12/2022 12:42,31/12/2022 09:42,-68.069559,-67.570548
4792,KB_23_42778_45,Female,Killingbeck,2023,31/12/2022,12:44:19,31/12/2022 12:44,31/12/2022 09:44,-68.069461,-67.570562
4793,KB_23_42778_45,Female,Killingbeck,2023,31/12/2022,12:46:20,31/12/2022 12:46,31/12/2022 09:46,-68.069546,-67.570573
4794,KB_23_42778_45,Female,Killingbeck,2023,31/12/2022,12:48:44,31/12/2022 12:48,31/12/2022 09:48,-68.069434,-67.570627
4795,KB_23_42778_45,Female,Killingbeck,2023,31/12/2022,12:50:40,31/12/2022 12:50,31/12/2022 09:50,-68.069499,-67.570562
4796,KB_23_42778_45,Female,Killingbeck,2023,31/12/2022,12:52:39,31/12/2022 12:52,31/12/2022 09:52,-68.069144,-67.570502
4797,KB_23_42778_45,Female,Killingbeck,2023,31/12/2022,12:54:36,31/12/2022 12:54,31/12/2022 09:54,-68.06935,-67.570638
4798,KB_23_42778_45,Female,Killingbeck,2023,31/12/2022,12:56:37,31/12/2022 12:56,31/12/2022 09:56,-68.069427,-67.570644
4799,KB_23_42778_45,Female,Killingbeck,2023,31/12/2022,12:58:36,31/12/2022 12:58,31/12/2022 09:58,-68.069509,-67.570703
4800,KB_23_42778_45,Female,Killingbeck,2023,31/12/2022,13:00:35,31/12/2022 13:00,31/12/2022 10:00,-68.069384,-67.570643
4801,KB_23_42778_45,Female,Killingbeck,2023,31/12/2022,13:02:34,31/12/2022 13:02,31/12/2022 10:02,-68.069436,-67.570787
4802,KB_23_42778_45,Female,Killingbeck,2023,31/12/2022,13:04:31,31/12/2022 13:04,31/12/2022 10:04,-68.069165,-67.570588
4803,KB_23_42778_45,Female,Killingbeck,2023,31/12/2022,13:06:32,31/12/2022 13:06,31/12/2022 10:06,-68.069443,-67.57056
4804,KB_23_42778_45,Female,Killingbeck,2023,31/12/2022,13:08:29,31/12/2022 13:08,31/12/2022 10:08,-68.069351,-67.570547
4805,KB_23_42778_45,Female,Killingbeck,2023,31/12/2022,13:10:30,31/12/2022 13:10,31/12/2022 10:10,-68.06937,-67.570614
4806,KB_23_42778_45,Female,Killingbeck,2023,31/12/2022,13:12:29,31/12/2022 13:12,31/12/2022 10:12,-68.069504,-67.570655
4807,KB_23_42778_45,Female,Killingbeck,2023,31/12/2022,13:14:28,31/12/2022 13:14,31/12/2022 10:14,-68.069427,-67.570616
4808,KB_23_42778_45,Female,Killingbeck,2023,31/12/2022,13:16:41,31/12/2022 13:16,31/12/2022 10:16,-68.069375,-67.570568
4809,KB_23_42778_45,Female,Killingbeck,2023,31/12/2022,13:18:26,31/12/2022 13:18,31/12/2022 10:18,-68.069539,-67.570382
4810,KB_23_42778_45,Female,Killingbeck,2023,31/12/2022,13:20:24,31/12/2022 13:20,31/12/2022 10:20,-68.069284,-67.57073
4811,KB_23_42778_45,Female,Killingbeck,2023,31/12/2022,13:22:17,31/12/2022 13:22,31/12/2022 10:22,-68.064959,-67.571447
4812,KB_23_42778_45,Female,Killingbeck,2023,31/12/2022,13:24:31,31/12/2022 13:24,31/12/2022 10:24,-68.069221,-67.570724
4813,KB_23_42778_45,Female,Killingbeck,2023,31/12/2022,13:26:26,31/12/2022 13:26,31/12/2022 10:26,-68.069295,-67.570699
4814,KB_23_42778_45,Female,Killingbeck,2023,31/12/2022,13:28:19,31/12/2022 13:28,31/12/2022 10:28,-68.069391,-67.570573
4815,KB_23_42778_45,Female,Killingbeck,2023,31/12/2022,13:30:18,31/12/2022 13:30,31/12/2022 10:30,-68.06788,-67.569541
4816,KB_23_42778_45,Female,Killingbeck,2023,31/12/2022,13:32:20,31/12/2022 13:32,31/12/2022 10:32,-68.077924,-67.565893
4817,KB_23_42778_45,Female,Killingbeck,2023,31/12/2022,13:34:15,31/12/2022 13:34,31/12/2022 10:34,-68.078954,-67.565869
4818,KB_23_42778_45,Female,Killingbeck,2023,31/12/2022,13:36:19,31/12/2022 13:36,31/12/2022 10:36,-68.092007,-67.565466
4819,KB_23_42778_45,Female,Killingbeck,2023,31/12/2022,13:40:13,31/12/2022 13:40,31/12/2022 10:40,-68.090077,-67.564421
4820,KB_23_42778_45,Female,Killingbeck,2023,31/12/2022,13:42:07,31/12/2022 13:42,31/12/2022 10:42,-68.075422,-67.570419
4821,KB_23_42778_45,Female,Killingbeck,2023,31/12/2022,13:44:15,31/12/2022 13:44,31/12/2022 10:44,-68.069255,-67.570668
4822,KB_23_42778_45,Female,Killingbeck,2023,31/12/2022,13:46:11,31/12/2022 13:46,31/12/2022 10:46,-68.069434,-67.570822
4823,KB_23_42778_45,Female,Killingbeck,2023,31/12/2022,13:48:03,31/12/2022 13:48,31/12/2022 10:48,-68.06944,-67.570703
4824,KB_23_42778_45,Female,Killingbeck,2023,31/12/2022,13:51:06,31/12/2022 13:51,31/12/2022 10:51,-68.075884,-67.557784
4825,KB_23_42778_45,Female,Killingbeck,2023,31/12/2022,13:53:05,31/12/2022 13:53,31/12/2022 10:53,-68.102014,-67.553818
4826,KB_23_42778_45,Female,Killingbeck,2023,31/12/2022,13:57:43,31/12/2022 13:57,31/12/2022 10:57,-68.102078,-67.553385
4827,KB_23_42778_45,Female,Killingbeck,2023,31/12/2022,13:59:46,31/12/2022 13:59,31/12/2022 10:59,-68.102215,-67.553135
4828,KB_23_42778_45,Female,Killingbeck,2023,31/12/2022,14:01:40,31/12/2022 14:01,31/12/2022 11:01,-68.116912,-67.552228
4829,KB_23_42778_45,Female,Killingbeck,2023,31/12/2022,14:04:54,31/12/2022 14:04,31/12/2022 11:04,-68.116473,-67.552326
4830,KB_23_42778_45,Female,Killingbeck,2023,31/12/2022,14:08:30,31/12/2022 14:08,31/12/2022 11:08,-68.116602,-67.552453
4831,KB_23_42778_45,Female,Killingbeck,2023,31/12/2022,14:10:23,31/12/2022 14:10,31/12/2022 11:10,-68.11495,-67.552379
4832,KB_23_42778_45,Female,Killingbeck,2023,31/12/2022,14:12:21,31/12/2022 14:12,31/12/2022 11:12,-68.094116,-67.564653
4833,KB_23_42778_45,Female,Killingbeck,2023,31/12/2022,14:14:36,31/12/2022 14:14,31/12/2022 11:14,-68.069269,-67.570654
4834,KB_23_42778_45,Female,Killingbeck,2023,31/12/2022,14:16:35,31/12/2022 14:16,31/12/2022 11:16,-68.069617,-67.570689
4835,KB_23_42778_45,Female,Killingbeck,2023,31/12/2022,14:18:22,31/12/2022 14:18,31/12/2022 11:18,-68.069356,-67.570715
4836,KB_23_42778_45,Female,Killingbeck,2023,31/12/2022,14:20:18,31/12/2022 14:20,31/12/2022 11:20,-68.080198,-67.564623
4837,KB_23_42778_45,Female,Killingbeck,2023,31/12/2022,14:22:18,31/12/2022 14:22,31/12/2022 11:22,-68.112055,-67.555388
4838,KB_23_42778_45,Female,Killingbeck,2023,31/12/2022,14:25:34,31/12/2022 14:25,31/12/2022 11:25,-68.116384,-67.552619
4839,KB_23_42778_45,Female,Killingbeck,2023,31/12/2022,14:27:50,31/12/2022 14:27,31/12/2022 11:27,-68.1163,-67.55233
4840,KB_23_42778_45,Female,Killingbeck,2023,31/12/2022,14:30:19,31/12/2022 14:30,31/12/2022 11:30,-68.117422,-67.552133
4841,KB_23_42778_45,Female,Killingbeck,2023,31/12/2022,14:33:19,31/12/2022 14:33,31/12/2022 11:33,-68.116561,-67.55228
4842,KB_23_42778_45,Female,Killingbeck,2023,31/12/2022,14:35:19,31/12/2022 14:35,31/12/2022 11:35,-68.118191,-67.551597
4843,KB_23_42778_45,Female,Killingbeck,2023,31/12/2022,14:37:19,31/12/2022 14:37,31/12/2022 11:37,-68.118367,-67.548233
4844,KB_23_42778_45,Female,Killingbeck,2023,31/12/2022,14:39:33,31/12/2022 14:39,31/12/2022 11:39,-68.1232,-67.548978
4845,KB_23_42778_45,Female,Killingbeck,2023,31/12/2022,14:41:28,31/12/2022 14:41,31/12/2022 11:41,-68.118052,-67.5555
4846,KB_23_42778_45,Female,Killingbeck,2023,31/12/2022,14:43:27,31/12/2022 14:43,31/12/2022 11:43,-68.119982,-67.555892
4847,KB_23_42778_45,Female,Killingbeck,2023,31/12/2022,14:45:35,31/12/2022 14:45,31/12/2022 11:45,-68.120234,-67.556031
4848,KB_23_42778_45,Female,Killingbeck,2023,31/12/2022,14:47:35,31/12/2022 14:47,31/12/2022 11:47,-68.120616,-67.556128
4849,KB_23_42778_45,Female,Killingbeck,2023,31/12/2022,14:49:40,31/12/2022 14:49,31/12/2022 11:49,-68.120831,-67.556038
4850,KB_23_42778_45,Female,Killingbeck,2023,31/12/2022,14:51:32,31/12/2022 14:51,31/12/2022 11:51,-68.120636,-67.555759
4851,KB_23_42778_45,Female,Killingbeck,2023,31/12/2022,14:53:31,31/12/2022 14:53,31/12/2022 11:53,-68.094849,-67.565779
4852,KB_23_42778_45,Female,Killingbeck,2023,31/12/2022,14:55:37,31/12/2022 14:55,31/12/2022 11:55,-68.070436,-67.570803
4853,KB_23_42778_45,Female,Killingbeck,2023,31/12/2022,14:57:36,31/12/2022 14:57,31/12/2022 11:57,-68.069551,-67.570754
4854,KB_23_42778_45,Female,Killingbeck,2023,31/12/2022,14:59:44,31/12/2022 14:59,31/12/2022 11:59,-68.069488,-67.570733
4855,KB_23_42778_45,Female,Killingbeck,2023,31/12/2022,15:01:31,31/12/2022 15:01,31/12/2022 12:01,-68.075273,-67.567633
4856,KB_23_42778_45,Female,Killingbeck,2023,31/12/2022,15:03:30,31/12/2022 15:03,31/12/2022 12:03,-68.102027,-67.5579
4857,KB_23_42778_45,Female,Killingbeck,2023,31/12/2022,15:07:53,31/12/2022 15:07,31/12/2022 12:07,-68.109887,-67.555976
4858,KB_23_42778_45,Female,Killingbeck,2023,31/12/2022,15:09:55,31/12/2022 15:09,31/12/2022 12:09,-68.1102,-67.556453
4859,KB_23_42778_45,Female,Killingbeck,2023,31/12/2022,15:13:00,31/12/2022 15:13,31/12/2022 12:13,-68.108787,-67.556419
4860,KB_23_42778_45,Female,Killingbeck,2023,31/12/2022,15:14:51,31/12/2022 15:14,31/12/2022 12:14,-68.095661,-67.563708
4861,KB_23_42778_45,Female,Killingbeck,2023,31/12/2022,15:16:58,31/12/2022 15:16,31/12/2022 12:16,-68.069833,-67.570534
4862,KB_23_42778_45,Female,Killingbeck,2023,31/12/2022,15:18:51,31/12/2022 15:18,31/12/2022 12:18,-68.06972,-67.570717
4863,KB_23_42778_45,Female,Killingbeck,2023,31/12/2022,15:20:58,31/12/2022 15:20,31/12/2022 12:20,-68.067342,-67.571364
4864,KB_23_42778_45,Female,Killingbeck,2023,31/12/2022,15:22:49,31/12/2022 15:22,31/12/2022 12:22,-68.069911,-67.570638
4865,KB_23_42778_45,Female,Killingbeck,2023,31/12/2022,15:24:48,31/12/2022 15:24,31/12/2022 12:24,-68.069648,-67.570735
4866,KB_23_42778_45,Female,Killingbeck,2023,31/12/2022,15:26:47,31/12/2022 15:26,31/12/2022 12:26,-68.069411,-67.570719
4867,KB_23_42778_45,Female,Killingbeck,2023,31/12/2022,15:28:22,31/12/2022 15:28,31/12/2022 12:28,-68.069513,-67.570725
4868,KB_23_42778_45,Female,Killingbeck,2023,31/12/2022,15:30:19,31/12/2022 15:30,31/12/2022 12:30,-68.069528,-67.570701
4869,KB_23_42778_45,Female,Killingbeck,2023,31/12/2022,15:32:20,31/12/2022 15:32,31/12/2022 12:32,-68.069389,-67.570674
4870,KB_23_42778_45,Female,Killingbeck,2023,31/12/2022,15:34:16,31/12/2022 15:34,31/12/2022 12:34,-68.069618,-67.5707
4871,KB_23_42778_45,Female,Killingbeck,2023,31/12/2022,15:36:15,31/12/2022 15:36,31/12/2022 12:36,-68.069485,-67.570734
4872,KB_23_42778_45,Female,Killingbeck,2023,31/12/2022,15:38:14,31/12/2022 15:38,31/12/2022 12:38,-68.069372,-67.570671
4873,KB_23_42778_45,Female,Killingbeck,2023,31/12/2022,15:40:14,31/12/2022 15:40,31/12/2022 12:40,-68.069391,-67.570768
4874,KB_23_42778_45,Female,Killingbeck,2023,31/12/2022,15:42:13,31/12/2022 15:42,31/12/2022 12:42,-68.069336,-67.570767
4875,KB_23_42778_45,Female,Killingbeck,2023,31/12/2022,15:44:11,31/12/2022 15:44,31/12/2022 12:44,-68.069336,-67.570701
4876,KB_23_42778_45,Female,Killingbeck,2023,31/12/2022,15:46:10,31/12/2022 15:46,31/12/2022 12:46,-68.069256,-67.570684
4877,KB_23_42778_45,Female,Killingbeck,2023,31/12/2022,15:48:10,31/12/2022 15:48,31/12/2022 12:48,-68.069376,-67.570703
4878,KB_23_42778_45,Female,Killingbeck,2023,31/12/2022,15:50:09,31/12/2022 15:50,31/12/2022 12:50,-68.069265,-67.57077
4879,KB_23_42778_45,Female,Killingbeck,2023,31/12/2022,15:52:08,31/12/2022 15:52,31/12/2022 12:52,-68.069355,-67.570695
4880,KB_23_42778_45,Female,Killingbeck,2023,31/12/2022,15:54:07,31/12/2022 15:54,31/12/2022 12:54,-68.069301,-67.570726
4881,KB_23_42778_45,Female,Killingbeck,2023,31/12/2022,15:56:06,31/12/2022 15:56,31/12/2022 12:56,-68.069369,-67.570748
4882,KB_23_42778_45,Female,Killingbeck,2023,31/12/2022,15:57:55,31/12/2022 15:57,31/12/2022 12:57,-68.069493,-67.570724
4883,KB_23_42778_45,Female,Killingbeck,2023,31/12/2022,15:59:53,31/12/2022 15:59,31/12/2022 12:59,-68.069278,-67.570732
4884,KB_23_42778_45,Female,Killingbeck,2023,31/12/2022,16:01:52,31/12/2022 16:01,31/12/2022 13:01,-68.069204,-67.570748
4885,KB_23_42778_45,Female,Killingbeck,2023,31/12/2022,16:03:52,31/12/2022 16:03,31/12/2022 13:03,-68.069334,-67.570711
4886,KB_23_42778_45,Female,Killingbeck,2023,31/12/2022,16:05:53,31/12/2022 16:05,31/12/2022 13:05,-68.069431,-67.570746
4887,KB_23_42778_45,Female,Killingbeck,2023,31/12/2022,16:07:52,31/12/2022 16:07,31/12/2022 13:07,-68.06935,-67.570746
4888,KB_23_42778_45,Female,Killingbeck,2023,31/12/2022,16:09:51,31/12/2022 16:09,31/12/2022 13:09,-68.069303,-67.570702
4889,KB_23_42778_45,Female,Killingbeck,2023,31/12/2022,16:11:50,31/12/2022 16:11,31/12/2022 13:11,-68.06944,-67.57073
4890,KB_23_42778_45,Female,Killingbeck,2023,31/12/2022,16:14:02,31/12/2022 16:14,31/12/2022 13:14,-68.068337,-67.570635
4891,KB_23_42778_45,Female,Killingbeck,2023,31/12/2022,16:16:00,31/12/2022 16:16,31/12/2022 13:16,-68.069095,-67.570705
4892,KB_23_42778_45,Female,Killingbeck,2023,31/12/2022,16:17:54,31/12/2022 16:17,31/12/2022 13:17,-68.06954,-67.570781
4893,KB_23_42778_45,Female,Killingbeck,2023,31/12/2022,16:19:58,31/12/2022 16:19,31/12/2022 13:19,-68.069527,-67.57074
4894,KB_23_42778_45,Female,Killingbeck,2023,31/12/2022,16:21:58,31/12/2022 16:21,31/12/2022 13:21,-68.069104,-67.570713
4895,KB_23_42778_45,Female,Killingbeck,2023,31/12/2022,16:24:02,31/12/2022 16:24,31/12/2022 13:24,-68.023993,-67.567678
4896,KB_23_42778_45,Female,Killingbeck,2023,31/12/2022,16:25:47,31/12/2022 16:25,31/12/2022 13:25,-68.069588,-67.570772
4897,KB_23_42778_45,Female,Killingbeck,2023,31/12/2022,16:28:22,31/12/2022 16:28,31/12/2022 13:28,-68.069643,-67.57081
4898,KB_23_42778_45,Female,Killingbeck,2023,31/12/2022,16:30:18,31/12/2022 16:30,31/12/2022 13:30,-68.069594,-67.570831
4899,KB_23_42778_45,Female,Killingbeck,2023,31/12/2022,16:32:25,31/12/2022 16:32,31/12/2022 13:32,-68.017344,-67.568823
4900,KB_23_42778_45,Female,Killingbeck,2023,31/12/2022,16:34:10,31/12/2022 16:34,31/12/2022 13:34,-68.069419,-67.570763
4901,KB_23_42778_45,Female,Killingbeck,2023,31/12/2022,16:36:09,31/12/2022 16:36,31/12/2022 13:36,-68.069282,-67.570712
4902,KB_23_42778_45,Female,Killingbeck,2023,31/12/2022,16:38:21,31/12/2022 16:38,31/12/2022 13:38,-68.069433,-67.570698
4903,KB_23_42778_45,Female,Killingbeck,2023,31/12/2022,16:40:18,31/12/2022 16:40,31/12/2022 13:40,-68.069445,-67.570744
4904,KB_23_42778_45,Female,Killingbeck,2023,31/12/2022,16:42:19,31/12/2022 16:42,31/12/2022 13:42,0,0
4905,KB_23_42778_45,Female,Killingbeck,2023,31/12/2022,16:44:18,31/12/2022 16:44,31/12/2022 13:44,0,0
4906,KB_23_42778_45,Female,Killingbeck,2023,31/12/2022,16:46:17,31/12/2022 16:46,31/12/2022 13:46,0,0
4907,KB_23_42778_45,Female,Killingbeck,2023,31/12/2022,16:48:16,31/12/2022 16:48,31/12/2022 13:48,-68.069746,-67.570737
4908,KB_23_42778_45,Female,Killingbeck,2023,31/12/2022,16:50:12,31/12/2022 16:50,31/12/2022 13:50,-68.069657,-67.570701
4909,KB_23_42778_45,Female,Killingbeck,2023,31/12/2022,16:52:12,31/12/2022 16:52,31/12/2022 13:52,-68.069295,-67.570807
4910,KB_23_42778_45,Female,Killingbeck,2023,31/12/2022,16:54:12,31/12/2022 16:54,31/12/2022 13:54,-68.069573,-67.570783
4911,KB_23_42778_45,Female,Killingbeck,2023,31/12/2022,16:56:02,31/12/2022 16:56,31/12/2022 13:56,-68.070045,-67.570727
4912,KB_23_42778_45,Female,Killingbeck,2023,31/12/2022,16:58:04,31/12/2022 16:58,31/12/2022 13:58,0,0
4913,KB_23_42778_45,Female,Killingbeck,2023,31/12/2022,17:00:00,31/12/2022 17:00,31/12/2022 14:00,-68.07004,-67.570706
4914,KB_23_42778_45,Female,Killingbeck,2023,31/12/2022,17:02:00,31/12/2022 17:02,31/12/2022 14:02,-68.069028,-67.570901
4915,KB_23_42778_45,Female,Killingbeck,2023,31/12/2022,17:03:50,31/12/2022 17:03,31/12/2022 14:03,-68.069719,-67.570752
4916,KB_23_42778_45,Female,Killingbeck,2023,31/12/2022,17:05:49,31/12/2022 17:05,31/12/2022 14:05,-68.069836,-67.570746
4917,KB_23_42778_45,Female,Killingbeck,2023,31/12/2022,17:07:46,31/12/2022 17:07,31/12/2022 14:07,-68.069869,-67.570754
4918,KB_23_42778_45,Female,Killingbeck,2023,31/12/2022,17:09:47,31/12/2022 17:09,31/12/2022 14:09,-68.069731,-67.570758
4919,KB_23_42778_45,Female,Killingbeck,2023,31/12/2022,17:11:46,31/12/2022 17:11,31/12/2022 14:11,-68.069749,-67.570741
4920,KB_23_42778_45,Female,Killingbeck,2023,31/12/2022,17:13:45,31/12/2022 17:13,31/12/2022 14:13,-68.069594,-67.570752
4921,KB_23_42778_45,Female,Killingbeck,2023,31/12/2022,17:15:44,31/12/2022 17:15,31/12/2022 14:15,-68.069716,-67.570737
4922,KB_23_42778_45,Female,Killingbeck,2023,31/12/2022,17:17:50,31/12/2022 17:17,31/12/2022 14:17,-68.069982,-67.570791
4923,KB_23_42778_45,Female,Killingbeck,2023,31/12/2022,17:19:51,31/12/2022 17:19,31/12/2022 14:19,-68.069643,-67.570719
4924,KB_23_42778_45,Female,Killingbeck,2023,31/12/2022,17:21:43,31/12/2022 17:21,31/12/2022 14:21,-68.069307,-67.570771
4925,KB_23_42778_45,Female,Killingbeck,2023,31/12/2022,17:23:49,31/12/2022 17:23,31/12/2022 14:23,-68.069786,-67.570727
4926,KB_23_42778_45,Female,Killingbeck,2023,31/12/2022,17:25:42,31/12/2022 17:25,31/12/2022 14:25,-68.069788,-67.570705
4927,KB_23_42778_45,Female,Killingbeck,2023,31/12/2022,17:27:27,31/12/2022 17:27,31/12/2022 14:27,-68.069763,-67.570747
4928,KB_23_42778_45,Female,Killingbeck,2023,31/12/2022,17:29:27,31/12/2022 17:29,31/12/2022 14:29,-68.069704,-67.570775
4929,KB_23_42778_45,Female,Killingbeck,2023,31/12/2022,17:31:28,31/12/2022 17:31,31/12/2022 14:31,-68.069596,-67.570733
4930,KB_23_42778_45,Female,Killingbeck,2023,31/12/2022,17:33:27,31/12/2022 17:33,31/12/2022 14:33,-68.069572,-67.570642
4931,KB_23_42778_45,Female,Killingbeck,2023,31/12/2022,17:35:32,31/12/2022 17:35,31/12/2022 14:35,-68.069818,-67.570177
4932,KB_23_42778_45,Female,Killingbeck,2023,31/12/2022,17:37:31,31/12/2022 17:37,31/12/2022 14:37,-68.069924,-67.569766
4933,KB_23_42778_45,Female,Killingbeck,2023,31/12/2022,17:39:35,31/12/2022 17:39,31/12/2022 14:39,-68.069748,-67.57093
4934,KB_23_42778_45,Female,Killingbeck,2023,31/12/2022,17:41:25,31/12/2022 17:41,31/12/2022 14:41,-68.069785,-67.569967
4935,KB_23_42778_45,Female,Killingbeck,2023,31/12/2022,17:43:24,31/12/2022 17:43,31/12/2022 14:43,-68.069881,-67.57065
4936,KB_23_42778_45,Female,Killingbeck,2023,31/12/2022,17:45:31,31/12/2022 17:45,31/12/2022 14:45,-68.069858,-67.570378
4937,KB_23_42778_45,Female,Killingbeck,2023,31/12/2022,17:47:31,31/12/2022 17:47,31/12/2022 14:47,-68.070028,-67.571332
4938,KB_23_42778_45,Female,Killingbeck,2023,31/12/2022,17:49:23,31/12/2022 17:49,31/12/2022 14:49,-68.069856,-67.570644
4939,KB_23_42778_45,Female,Killingbeck,2023,31/12/2022,17:51:32,31/12/2022 17:51,31/12/2022 14:51,-68.069984,-67.57121
4940,KB_23_42778_45,Female,Killingbeck,2023,31/12/2022,17:53:28,31/12/2022 17:53,31/12/2022 14:53,-68.06954,-67.570721
4941,KB_23_42778_45,Female,Killingbeck,2023,31/12/2022,17:55:27,31/12/2022 17:55,31/12/2022 14:55,-68.069738,-67.570715
4942,KB_23_42778_45,Female,Killingbeck,2023,31/12/2022,17:57:21,31/12/2022 17:57,31/12/2022 14:57,-68.069807,-67.57066
4943,KB_23_42778_45,Female,Killingbeck,2023,31/12/2022,17:59:09,31/12/2022 17:59,31/12/2022 14:59,-68.069671,-67.570676
4944,KB_23_42778_45,Female,Killingbeck,2023,31/12/2022,18:01:10,31/12/2022 18:01,31/12/2022 15:01,-68.068746,-67.57082
4945,KB_23_42778_45,Female,Killingbeck,2023,31/12/2022,18:03:09,31/12/2022 18:03,31/12/2022 15:03,-68.069175,-67.570732
4946,KB_23_42778_45,Female,Killingbeck,2023,31/12/2022,18:05:08,31/12/2022 18:05,31/12/2022 15:05,-68.06933,-67.570652
4947,KB_23_42778_45,Female,Killingbeck,2023,31/12/2022,18:07:07,31/12/2022 18:07,31/12/2022 15:07,-68.069927,-67.570602
4948,KB_23_42778_45,Female,Killingbeck,2023,31/12/2022,18:09:06,31/12/2022 18:09,31/12/2022 15:09,-68.069506,-67.570662
4949,KB_23_42778_45,Female,Killingbeck,2023,31/12/2022,18:11:05,31/12/2022 18:11,31/12/2022 15:11,-68.069378,-67.570718
4950,KB_23_42778_45,Female,Killingbeck,2023,31/12/2022,18:13:02,31/12/2022 18:13,31/12/2022 15:13,-68.06947,-67.570663
4951,KB_23_42778_45,Female,Killingbeck,2023,31/12/2022,18:15:01,31/12/2022 18:15,31/12/2022 15:15,-68.069465,-67.570715
4952,KB_23_42778_45,Female,Killingbeck,2023,31/12/2022,18:17:00,31/12/2022 18:17,31/12/2022 15:17,-68.069469,-67.570687
4953,KB_23_42778_45,Female,Killingbeck,2023,31/12/2022,18:19:01,31/12/2022 18:19,31/12/2022 15:19,-68.072662,-67.573708
4954,KB_23_42778_45,Female,Killingbeck,2023,31/12/2022,18:21:00,31/12/2022 18:21,31/12/2022 15:21,-68.069777,-67.570675
4955,KB_23_42778_45,Female,Killingbeck,2023,31/12/2022,18:23:00,31/12/2022 18:23,31/12/2022 15:23,-68.069341,-67.570738
4956,KB_23_42778_45,Female,Killingbeck,2023,31/12/2022,18:24:57,31/12/2022 18:24,31/12/2022 15:24,-68.069387,-67.570694
4957,KB_23_42778_45,Female,Killingbeck,2023,31/12/2022,18:26:47,31/12/2022 18:26,31/12/2022 15:26,-68.069366,-67.570729
4958,KB_23_42778_45,Female,Killingbeck,2023,31/12/2022,18:28:44,31/12/2022 18:28,31/12/2022 15:28,-68.069469,-67.570712
4959,KB_23_42778_45,Female,Killingbeck,2023,31/12/2022,18:30:43,31/12/2022 18:30,31/12/2022 15:30,-68.069462,-67.570632
4960,KB_23_42778_45,Female,Killingbeck,2023,31/12/2022,18:32:44,31/12/2022 18:32,31/12/2022 15:32,-68.06931,-67.570677
4961,KB_23_42778_45,Female,Killingbeck,2023,31/12/2022,18:34:43,31/12/2022 18:34,31/12/2022 15:34,-68.069138,-67.570662
4962,KB_23_42778_45,Female,Killingbeck,2023,31/12/2022,18:36:40,31/12/2022 18:36,31/12/2022 15:36,-68.069375,-67.570721
4963,KB_23_42778_45,Female,Killingbeck,2023,31/12/2022,18:38:41,31/12/2022 18:38,31/12/2022 15:38,-68.066823,-67.569325
4964,KB_23_42778_45,Female,Killingbeck,2023,31/12/2022,18:40:37,31/12/2022 18:40,31/12/2022 15:40,-68.069621,-67.570638
4965,KB_23_42778_45,Female,Killingbeck,2023,31/12/2022,18:42:37,31/12/2022 18:42,31/12/2022 15:42,-68.069468,-67.570655
4966,KB_23_42778_45,Female,Killingbeck,2023,31/12/2022,18:44:38,31/12/2022 18:44,31/12/2022 15:44,-68.069339,-67.570683
4967,KB_23_42778_45,Female,Killingbeck,2023,31/12/2022,18:46:37,31/12/2022 18:46,31/12/2022 15:46,-68.069416,-67.570651
4968,KB_23_42778_45,Female,Killingbeck,2023,31/12/2022,18:48:36,31/12/2022 18:48,31/12/2022 15:48,-68.069419,-67.570674
4969,KB_23_42778_45,Female,Killingbeck,2023,31/12/2022,18:50:41,31/12/2022 18:50,31/12/2022 15:50,-68.069474,-67.570701
4970,KB_23_42778_45,Female,Killingbeck,2023,31/12/2022,18:52:35,31/12/2022 18:52,31/12/2022 15:52,-68.069438,-67.570674
4971,KB_23_42778_45,Female,Killingbeck,2023,31/12/2022,18:54:32,31/12/2022 18:54,31/12/2022 15:54,-68.069368,-67.57069
4972,KB_23_42778_45,Female,Killingbeck,2023,31/12/2022,18:56:20,31/12/2022 18:56,31/12/2022 15:56,-68.069649,-67.570689
4973,KB_23_42778_45,Female,Killingbeck,2023,31/12/2022,18:58:21,31/12/2022 18:58,31/12/2022 15:58,-68.069544,-67.57066
4974,KB_23_42778_45,Female,Killingbeck,2023,31/12/2022,19:00:18,31/12/2022 19:00,31/12/2022 16:00,-68.069454,-67.570694
4975,KB_23_42778_45,Female,Killingbeck,2023,31/12/2022,19:02:28,31/12/2022 19:02,31/12/2022 16:02,-68.069387,-67.570724
4976,KB_23_42778_45,Female,Killingbeck,2023,31/12/2022,19:04:27,31/12/2022 19:04,31/12/2022 16:04,-68.069439,-67.570627
4977,KB_23_42778_45,Female,Killingbeck,2023,31/12/2022,19:06:27,31/12/2022 19:06,31/12/2022 16:06,-68.06931,-67.570708
4978,KB_23_42778_45,Female,Killingbeck,2023,31/12/2022,19:08:27,31/12/2022 19:08,31/12/2022 16:08,-68.069347,-67.57064
4979,KB_23_42778_45,Female,Killingbeck,2023,31/12/2022,19:10:27,31/12/2022 19:10,31/12/2022 16:10,-68.06939,-67.570563
4980,KB_23_42778_45,Female,Killingbeck,2023,31/12/2022,19:12:32,31/12/2022 19:12,31/12/2022 16:12,-68.069452,-67.570546
4981,KB_23_42778_45,Female,Killingbeck,2023,31/12/2022,19:14:26,31/12/2022 19:14,31/12/2022 16:14,-68.06944,-67.570667
4982,KB_23_42778_45,Female,Killingbeck,2023,31/12/2022,19:16:26,31/12/2022 19:16,31/12/2022 16:16,-68.069383,-67.570744
4983,KB_23_42778_45,Female,Killingbeck,2023,31/12/2022,19:18:24,31/12/2022 19:18,31/12/2022 16:18,-68.069434,-67.570709
4984,KB_23_42778_45,Female,Killingbeck,2023,31/12/2022,19:20:26,31/12/2022 19:20,31/12/2022 16:20,-68.069346,-67.570645
4985,KB_23_42778_45,Female,Killingbeck,2023,31/12/2022,19:22:31,31/12/2022 19:22,31/12/2022 16:22,-68.069341,-67.57065
4986,KB_23_42778_45,Female,Killingbeck,2023,31/12/2022,19:24:27,31/12/2022 19:24,31/12/2022 16:24,-68.069476,-67.57098
4987,KB_23_42778_45,Female,Killingbeck,2023,31/12/2022,19:26:09,31/12/2022 19:26,31/12/2022 16:26,-68.069472,-67.57085
4988,KB_23_42778_45,Female,Killingbeck,2023,31/12/2022,19:28:17,31/12/2022 19:28,31/12/2022 16:28,-68.069801,-67.570762
4989,KB_23_42778_45,Female,Killingbeck,2023,31/12/2022,19:30:08,31/12/2022 19:30,31/12/2022 16:30,-68.069505,-67.570659
4990,KB_23_42778_45,Female,Killingbeck,2023,31/12/2022,19:32:16,31/12/2022 19:32,31/12/2022 16:32,-68.069463,-67.570711
4991,KB_23_42778_45,Female,Killingbeck,2023,31/12/2022,19:34:12,31/12/2022 19:34,31/12/2022 16:34,-68.069377,-67.570737
4992,KB_23_42778_45,Female,Killingbeck,2023,31/12/2022,19:36:10,31/12/2022 19:36,31/12/2022 16:36,-68.069182,-67.570797
4993,KB_23_42778_45,Female,Killingbeck,2023,31/12/2022,19:38:05,31/12/2022 19:38,31/12/2022 16:38,-68.069513,-67.57068
4994,KB_23_42778_45,Female,Killingbeck,2023,31/12/2022,19:40:05,31/12/2022 19:40,31/12/2022 16:40,-68.069302,-67.570797
4995,KB_23_42778_45,Female,Killingbeck,2023,31/12/2022,19:42:08,31/12/2022 19:42,31/12/2022 16:42,-68.069068,-67.570791
4996,KB_23_42778_45,Female,Killingbeck,2023,31/12/2022,19:44:05,31/12/2022 19:44,31/12/2022 16:44,-68.06941,-67.570743
4997,KB_23_42778_45,Female,Killingbeck,2023,31/12/2022,19:46:02,31/12/2022 19:46,31/12/2022 16:46,-68.069349,-67.570668
4998,KB_23_42778_45,Female,Killingbeck,2023,31/12/2022,19:48:00,31/12/2022 19:48,31/12/2022 16:48,-68.069488,-67.570611
4999,KB_23_42778_45,Female,Killingbeck,2023,31/12/2022,19:50:02,31/12/2022 19:50,31/12/2022 16:50,-68.069003,-67.570532
5000,KB_23_42778_45,Female,Killingbeck,2023,31/12/2022,19:52:01,31/12/2022 19:52,31/12/2022 16:52,-68.069218,-67.570408
5001,KB_23_42778_45,Female,Killingbeck,2023,31/12/2022,19:53:59,31/12/2022 19:53,31/12/2022 16:53,-68.069249,-67.570728
5002,KB_23_42778_45,Female,Killingbeck,2023,31/12/2022,19:55:58,31/12/2022 19:55,31/12/2022 16:55,-68.069544,-67.570661
5003,KB_23_42778_45,Female,Killingbeck,2023,31/12/2022,19:57:58,31/12/2022 19:57,31/12/2022 16:57,-68.069415,-67.5707
5004,KB_23_42778_45,Female,Killingbeck,2023,31/12/2022,19:59:56,31/12/2022 19:59,31/12/2022 16:59,-68.069344,-67.570755
5005,KB_23_42778_45,Female,Killingbeck,2023,31/12/2022,20:01:55,31/12/2022 20:01,31/12/2022 17:01,-68.069478,-67.570658
5006,KB_23_42778_45,Female,Killingbeck,2023,31/12/2022,20:03:54,31/12/2022 20:03,31/12/2022 17:03,-68.069396,-67.570696
5007,KB_23_42778_45,Female,Killingbeck,2023,31/12/2022,20:05:53,31/12/2022 20:05,31/12/2022 17:05,-68.069458,-67.570669
5008,KB_23_42778_45,Female,Killingbeck,2023,31/12/2022,20:07:52,31/12/2022 20:07,31/12/2022 17:07,-68.069449,-67.570687
5009,KB_23_42778_45,Female,Killingbeck,2023,31/12/2022,20:09:50,31/12/2022 20:09,31/12/2022 17:09,-68.069394,-67.57061
5010,KB_23_42778_45,Female,Killingbeck,2023,31/12/2022,20:11:49,31/12/2022 20:11,31/12/2022 17:11,-68.06943,-67.570711
5011,KB_23_42778_45,Female,Killingbeck,2023,31/12/2022,20:13:49,31/12/2022 20:13,31/12/2022 17:13,-68.069282,-67.570716
5012,KB_23_42778_45,Female,Killingbeck,2023,31/12/2022,20:15:50,31/12/2022 20:15,31/12/2022 17:15,-68.069694,-67.570573
5013,KB_23_42778_45,Female,Killingbeck,2023,31/12/2022,20:17:49,31/12/2022 20:17,31/12/2022 17:17,-68.069389,-67.570691
5014,KB_23_42778_45,Female,Killingbeck,2023,31/12/2022,20:19:48,31/12/2022 20:19,31/12/2022 17:19,-68.069155,-67.5706
5015,KB_23_42778_45,Female,Killingbeck,2023,31/12/2022,20:21:47,31/12/2022 20:21,31/12/2022 17:21,-68.069477,-67.570651
5016,KB_23_42778_45,Female,Killingbeck,2023,31/12/2022,20:23:44,31/12/2022 20:23,31/12/2022 17:23,-68.069296,-67.57065
5017,KB_23_42778_45,Female,Killingbeck,2023,31/12/2022,20:25:43,31/12/2022 20:25,31/12/2022 17:25,-68.069151,-67.570692
5018,KB_23_42778_45,Female,Killingbeck,2023,31/12/2022,20:27:43,31/12/2022 20:27,31/12/2022 17:27,-68.069128,-67.570641
5019,KB_23_42778_45,Female,Killingbeck,2023,31/12/2022,20:29:41,31/12/2022 20:29,31/12/2022 17:29,-68.069267,-67.570646
5020,KB_23_42778_45,Female,Killingbeck,2023,31/12/2022,20:31:42,31/12/2022 20:31,31/12/2022 17:31,-68.069384,-67.57067
5021,KB_23_42778_45,Female,Killingbeck,2023,31/12/2022,20:33:41,31/12/2022 20:33,31/12/2022 17:33,-68.06919,-67.570689
5022,KB_23_42778_45,Female,Killingbeck,2023,31/12/2022,20:35:38,31/12/2022 20:35,31/12/2022 17:35,-68.069517,-67.570739
5023,KB_23_42778_45,Female,Killingbeck,2023,31/12/2022,20:37:38,31/12/2022 20:37,31/12/2022 17:37,-68.069297,-67.570658
5024,KB_23_42778_45,Female,Killingbeck,2023,31/12/2022,20:39:36,31/12/2022 20:39,31/12/2022 17:39,-68.06948,-67.570631
5025,KB_23_42778_45,Female,Killingbeck,2023,31/12/2022,20:41:35,31/12/2022 20:41,31/12/2022 17:41,-68.069093,-67.570638
5026,KB_23_42778_45,Female,Killingbeck,2023,31/12/2022,20:43:34,31/12/2022 20:43,31/12/2022 17:43,-68.069429,-67.570716
5027,KB_23_42778_45,Female,Killingbeck,2023,31/12/2022,20:45:33,31/12/2022 20:45,31/12/2022 17:45,-68.069308,-67.570673
5028,KB_23_42778_45,Female,Killingbeck,2023,31/12/2022,20:47:32,31/12/2022 20:47,31/12/2022 17:47,-68.069254,-67.570609
5029,KB_23_42778_45,Female,Killingbeck,2023,31/12/2022,20:49:32,31/12/2022 20:49,31/12/2022 17:49,-68.069319,-67.570643
5030,KB_23_42778_45,Female,Killingbeck,2023,31/12/2022,20:51:31,31/12/2022 20:51,31/12/2022 17:51,-68.069391,-67.570653
5031,KB_23_42778_45,Female,Killingbeck,2023,31/12/2022,20:53:30,31/12/2022 20:53,31/12/2022 17:53,-68.069327,-67.570663
5032,KB_23_42778_45,Female,Killingbeck,2023,31/12/2022,20:55:29,31/12/2022 20:55,31/12/2022 17:55,-68.069364,-67.570648
5033,KB_23_42778_45,Female,Killingbeck,2023,31/12/2022,20:57:29,31/12/2022 20:57,31/12/2022 17:57,-68.069174,-67.57061
5034,KB_23_42778_45,Female,Killingbeck,2023,31/12/2022,20:59:28,31/12/2022 20:59,31/12/2022 17:59,-68.069234,-67.570678
5035,KB_23_42778_45,Female,Killingbeck,2023,31/12/2022,21:01:26,31/12/2022 21:01,31/12/2022 18:01,-68.06943,-67.570705
5036,KB_23_42778_45,Female,Killingbeck,2023,31/12/2022,21:03:26,31/12/2022 21:03,31/12/2022 18:03,-68.069351,-67.570595
5037,KB_23_42778_45,Female,Killingbeck,2023,31/12/2022,21:05:24,31/12/2022 21:05,31/12/2022 18:05,-68.069125,-67.570602
5038,KB_23_42778_45,Female,Killingbeck,2023,31/12/2022,21:07:23,31/12/2022 21:07,31/12/2022 18:07,-68.069329,-67.570676
5039,KB_23_42778_45,Female,Killingbeck,2023,31/12/2022,21:09:23,31/12/2022 21:09,31/12/2022 18:09,-68.069392,-67.570668
5040,KB_23_42778_45,Female,Killingbeck,2023,31/12/2022,21:11:21,31/12/2022 21:11,31/12/2022 18:11,-68.069401,-67.570667
5041,KB_23_42778_45,Female,Killingbeck,2023,31/12/2022,21:13:20,31/12/2022 21:13,31/12/2022 18:13,-68.069242,-67.570662
5042,KB_23_42778_45,Female,Killingbeck,2023,31/12/2022,21:15:19,31/12/2022 21:15,31/12/2022 18:15,-68.069287,-67.570656
5043,KB_23_42778_45,Female,Killingbeck,2023,31/12/2022,21:17:18,31/12/2022 21:17,31/12/2022 18:17,-68.069362,-67.570714
5044,KB_23_42778_45,Female,Killingbeck,2023,31/12/2022,21:19:18,31/12/2022 21:19,31/12/2022 18:19,-68.069306,-67.570672
5045,KB_23_42778_45,Female,Killingbeck,2023,31/12/2022,21:21:17,31/12/2022 21:21,31/12/2022 18:21,-68.069368,-67.570667
5046,KB_23_42778_45,Female,Killingbeck,2023,31/12/2022,21:23:17,31/12/2022 21:23,31/12/2022 18:23,-68.069302,-67.570668
5047,KB_23_42928_42,Female,Killingbeck,2023,30/12/2022,17:29:32,30/12/2022 17:29,30/12/2022 14:29,-68.069368,-67.570731
5048,KB_23_42928_42,Female,Killingbeck,2023,30/12/2022,17:31:29,30/12/2022 17:31,30/12/2022 14:31,-68.069191,-67.570804
5049,KB_23_42928_42,Female,Killingbeck,2023,30/12/2022,17:33:28,30/12/2022 17:33,30/12/2022 14:33,-68.069148,-67.57072
5050,KB_23_42928_42,Female,Killingbeck,2023,30/12/2022,17:35:27,30/12/2022 17:35,30/12/2022 14:35,-68.068841,-67.570669
5051,KB_23_42928_42,Female,Killingbeck,2023,30/12/2022,17:37:31,30/12/2022 17:37,30/12/2022 14:37,-68.069059,-67.570671
5052,KB_23_42928_42,Female,Killingbeck,2023,30/12/2022,17:39:29,30/12/2022 17:39,30/12/2022 14:39,-68.069732,-67.570825
5053,KB_23_42928_42,Female,Killingbeck,2023,30/12/2022,17:41:31,30/12/2022 17:41,30/12/2022 14:41,-68.068962,-67.570565
5054,KB_23_42928_42,Female,Killingbeck,2023,30/12/2022,17:43:30,30/12/2022 17:43,30/12/2022 14:43,-68.069399,-67.570769
5055,KB_23_42928_42,Female,Killingbeck,2023,30/12/2022,17:45:29,30/12/2022 17:45,30/12/2022 14:45,-68.069304,-67.57071
5056,KB_23_42928_42,Female,Killingbeck,2023,30/12/2022,17:47:28,30/12/2022 17:47,30/12/2022 14:47,-68.069195,-67.570688
5057,KB_23_42928_42,Female,Killingbeck,2023,30/12/2022,17:49:27,30/12/2022 17:49,30/12/2022 14:49,-68.069105,-67.570705
5058,KB_23_42928_42,Female,Killingbeck,2023,30/12/2022,17:51:14,30/12/2022 17:51,30/12/2022 14:51,-68.069189,-67.570723
5059,KB_23_42928_42,Female,Killingbeck,2023,30/12/2022,17:53:18,30/12/2022 17:53,30/12/2022 14:53,-68.06933,-67.570759
5060,KB_23_42928_42,Female,Killingbeck,2023,30/12/2022,17:55:11,30/12/2022 17:55,30/12/2022 14:55,-68.069809,-67.570874
5061,KB_23_42928_42,Female,Killingbeck,2023,30/12/2022,17:57:10,30/12/2022 17:57,30/12/2022 14:57,-68.069328,-67.570723
5062,KB_23_42928_42,Female,Killingbeck,2023,30/12/2022,17:59:09,30/12/2022 17:59,30/12/2022 14:59,-68.069286,-67.570756
5063,KB_23_42928_42,Female,Killingbeck,2023,30/12/2022,18:01:07,30/12/2022 18:01,30/12/2022 15:01,-68.069202,-67.570719
5064,KB_23_42928_42,Female,Killingbeck,2023,30/12/2022,18:03:19,30/12/2022 18:03,30/12/2022 15:03,-68.068251,-67.570083
5065,KB_23_42928_42,Female,Killingbeck,2023,30/12/2022,18:05:06,30/12/2022 18:05,30/12/2022 15:05,-68.069312,-67.57077
5066,KB_23_42928_42,Female,Killingbeck,2023,30/12/2022,18:07:05,30/12/2022 18:07,30/12/2022 15:07,-68.069112,-67.570618
5067,KB_23_42928_42,Female,Killingbeck,2023,30/12/2022,18:09:04,30/12/2022 18:09,30/12/2022 15:09,-68.069356,-67.570766
5068,KB_23_42928_42,Female,Killingbeck,2023,30/12/2022,18:11:01,30/12/2022 18:11,30/12/2022 15:11,-68.069284,-67.570769
5069,KB_23_42928_42,Female,Killingbeck,2023,30/12/2022,18:13:10,30/12/2022 18:13,30/12/2022 15:13,-68.068958,-67.570588
5070,KB_23_42928_42,Female,Killingbeck,2023,30/12/2022,18:15:13,30/12/2022 18:15,30/12/2022 15:15,-68.069115,-67.570926
5071,KB_23_42928_42,Female,Killingbeck,2023,30/12/2022,18:17:00,30/12/2022 18:17,30/12/2022 15:17,-68.069239,-67.570748
5072,KB_23_42928_42,Female,Killingbeck,2023,30/12/2022,18:18:57,30/12/2022 18:18,30/12/2022 15:18,-68.06922,-67.570773
5073,KB_23_42928_42,Female,Killingbeck,2023,30/12/2022,18:20:58,30/12/2022 18:20,30/12/2022 15:20,-68.069237,-67.570766
5074,KB_23_42928_42,Female,Killingbeck,2023,30/12/2022,18:22:55,30/12/2022 18:22,30/12/2022 15:22,-68.069376,-67.570687
5075,KB_23_42928_42,Female,Killingbeck,2023,30/12/2022,18:24:54,30/12/2022 18:24,30/12/2022 15:24,-68.06926,-67.57066
5076,KB_23_42928_42,Female,Killingbeck,2023,30/12/2022,18:26:55,30/12/2022 18:26,30/12/2022 15:26,-68.069765,-67.569882
5077,KB_23_42928_42,Female,Killingbeck,2023,30/12/2022,18:28:53,30/12/2022 18:28,30/12/2022 15:28,-68.06933,-67.57067
5078,KB_23_42928_42,Female,Killingbeck,2023,30/12/2022,18:30:52,30/12/2022 18:30,30/12/2022 15:30,-68.068986,-67.57062
5079,KB_23_42928_42,Female,Killingbeck,2023,30/12/2022,18:32:49,30/12/2022 18:32,30/12/2022 15:32,-68.069149,-67.570697
5080,KB_23_42928_42,Female,Killingbeck,2023,30/12/2022,18:34:48,30/12/2022 18:34,30/12/2022 15:34,-68.069059,-67.570693
5081,KB_23_42928_42,Female,Killingbeck,2023,30/12/2022,18:36:47,30/12/2022 18:36,30/12/2022 15:36,-68.06918,-67.570774
5082,KB_23_42928_42,Female,Killingbeck,2023,30/12/2022,18:38:46,30/12/2022 18:38,30/12/2022 15:38,-68.069172,-67.570732
5083,KB_23_42928_42,Female,Killingbeck,2023,30/12/2022,18:40:44,30/12/2022 18:40,30/12/2022 15:40,-68.06908,-67.57069
5084,KB_23_42928_42,Female,Killingbeck,2023,30/12/2022,18:42:43,30/12/2022 18:42,30/12/2022 15:42,-68.06896,-67.570665
5085,KB_23_42928_42,Female,Killingbeck,2023,30/12/2022,18:44:43,30/12/2022 18:44,30/12/2022 15:44,-68.069049,-67.570697
5086,KB_23_42928_42,Female,Killingbeck,2023,30/12/2022,18:46:41,30/12/2022 18:46,30/12/2022 15:46,-68.068987,-67.570706
5087,KB_23_42928_42,Female,Killingbeck,2023,30/12/2022,18:48:41,30/12/2022 18:48,30/12/2022 15:48,-68.069052,-67.570604
5088,KB_23_42928_42,Female,Killingbeck,2023,30/12/2022,18:50:42,30/12/2022 18:50,30/12/2022 15:50,-68.06898,-67.570607
5089,KB_23_42928_42,Female,Killingbeck,2023,30/12/2022,18:52:55,30/12/2022 18:52,30/12/2022 15:52,0,0
5090,KB_23_42928_42,Female,Killingbeck,2023,30/12/2022,18:54:48,30/12/2022 18:54,30/12/2022 15:54,-68.070054,-67.570972
5091,KB_23_42928_42,Female,Killingbeck,2023,30/12/2022,18:56:39,30/12/2022 18:56,30/12/2022 15:56,-68.068826,-67.57063
5092,KB_23_42928_42,Female,Killingbeck,2023,30/12/2022,18:58:36,30/12/2022 18:58,30/12/2022 15:58,-68.069077,-67.570706
5093,KB_23_42928_42,Female,Killingbeck,2023,30/12/2022,19:00:23,30/12/2022 19:00,30/12/2022 16:00,-68.069612,-67.570719
5094,KB_23_42928_42,Female,Killingbeck,2023,30/12/2022,19:02:22,30/12/2022 19:02,30/12/2022 16:02,-68.069592,-67.570717
5095,KB_23_42928_42,Female,Killingbeck,2023,30/12/2022,19:04:22,30/12/2022 19:04,30/12/2022 16:04,-68.069542,-67.570719
5096,KB_23_42928_42,Female,Killingbeck,2023,30/12/2022,19:06:21,30/12/2022 19:06,30/12/2022 16:06,-68.069583,-67.570755
5097,KB_23_42928_42,Female,Killingbeck,2023,30/12/2022,19:08:20,30/12/2022 19:08,30/12/2022 16:08,-68.069422,-67.570634
5098,KB_23_42928_42,Female,Killingbeck,2023,30/12/2022,19:10:19,30/12/2022 19:10,30/12/2022 16:10,-68.069365,-67.570678
5099,KB_23_42928_42,Female,Killingbeck,2023,30/12/2022,19:12:19,30/12/2022 19:12,30/12/2022 16:12,-68.069366,-67.57069
5100,KB_23_42928_42,Female,Killingbeck,2023,30/12/2022,19:14:17,30/12/2022 19:14,30/12/2022 16:14,-68.06951,-67.570703
5101,KB_23_42928_42,Female,Killingbeck,2023,30/12/2022,19:16:17,30/12/2022 19:16,30/12/2022 16:16,-68.06941,-67.570735
5102,KB_23_42928_42,Female,Killingbeck,2023,30/12/2022,19:18:15,30/12/2022 19:18,30/12/2022 16:18,-68.06939,-67.570766
5103,KB_23_42928_42,Female,Killingbeck,2023,30/12/2022,19:20:14,30/12/2022 19:20,30/12/2022 16:20,-68.069363,-67.570749
5104,KB_23_42928_42,Female,Killingbeck,2023,30/12/2022,19:22:16,30/12/2022 19:22,30/12/2022 16:22,-68.069548,-67.570702
5105,KB_23_42928_42,Female,Killingbeck,2023,30/12/2022,19:24:13,30/12/2022 19:24,30/12/2022 16:24,-68.06924,-67.570694
5106,KB_23_42928_42,Female,Killingbeck,2023,30/12/2022,19:26:13,30/12/2022 19:26,30/12/2022 16:26,-68.069433,-67.570781
5107,KB_23_42928_42,Female,Killingbeck,2023,30/12/2022,19:28:12,30/12/2022 19:28,30/12/2022 16:28,-68.069322,-67.57073
5108,KB_23_42928_42,Female,Killingbeck,2023,30/12/2022,19:30:29,30/12/2022 19:30,30/12/2022 16:30,-68.069459,-67.570761
5109,KB_23_42928_42,Female,Killingbeck,2023,30/12/2022,19:32:28,30/12/2022 19:32,30/12/2022 16:32,-68.069527,-67.57071
5110,KB_23_42928_42,Female,Killingbeck,2023,30/12/2022,19:34:29,30/12/2022 19:34,30/12/2022 16:34,-68.069467,-67.570825
5111,KB_23_42928_42,Female,Killingbeck,2023,30/12/2022,19:36:28,30/12/2022 19:36,30/12/2022 16:36,-68.069189,-67.571039
5112,KB_23_42928_42,Female,Killingbeck,2023,30/12/2022,19:38:25,30/12/2022 19:38,30/12/2022 16:38,-68.06944,-67.570783
5113,KB_23_42928_42,Female,Killingbeck,2023,30/12/2022,19:40:25,30/12/2022 19:40,30/12/2022 16:40,-68.069349,-67.570831
5114,KB_23_42928_42,Female,Killingbeck,2023,30/12/2022,19:42:23,30/12/2022 19:42,30/12/2022 16:42,-68.069562,-67.57075
5115,KB_23_42928_42,Female,Killingbeck,2023,30/12/2022,19:44:23,30/12/2022 19:44,30/12/2022 16:44,-68.069803,-67.570756
5116,KB_23_42928_42,Female,Killingbeck,2023,30/12/2022,19:46:21,30/12/2022 19:46,30/12/2022 16:46,-68.069769,-67.570788
5117,KB_23_42928_42,Female,Killingbeck,2023,30/12/2022,19:48:29,30/12/2022 19:48,30/12/2022 16:48,-68.070139,-67.57096
5118,KB_23_42928_42,Female,Killingbeck,2023,30/12/2022,19:50:21,30/12/2022 19:50,30/12/2022 16:50,-68.069523,-67.570683
5119,KB_23_42928_42,Female,Killingbeck,2023,30/12/2022,19:52:20,30/12/2022 19:52,30/12/2022 16:52,-68.069274,-67.570588
5120,KB_23_42928_42,Female,Killingbeck,2023,30/12/2022,19:54:19,30/12/2022 19:54,30/12/2022 16:54,-68.069544,-67.570705
5121,KB_23_42928_42,Female,Killingbeck,2023,30/12/2022,19:56:18,30/12/2022 19:56,30/12/2022 16:56,-68.069325,-67.570365
5122,KB_23_42928_42,Female,Killingbeck,2023,30/12/2022,19:58:17,30/12/2022 19:58,30/12/2022 16:58,-68.069678,-67.570702
5123,KB_23_42928_42,Female,Killingbeck,2023,30/12/2022,20:01:05,30/12/2022 20:01,30/12/2022 17:01,-68.069742,-67.570698
5124,KB_23_42928_42,Female,Killingbeck,2023,30/12/2022,20:03:05,30/12/2022 20:03,30/12/2022 17:03,-68.069638,-67.570664
5125,KB_23_42928_42,Female,Killingbeck,2023,30/12/2022,20:04:52,30/12/2022 20:04,30/12/2022 17:04,-68.069377,-67.570705
5126,KB_23_42928_42,Female,Killingbeck,2023,30/12/2022,20:06:52,30/12/2022 20:06,30/12/2022 17:06,-68.069346,-67.570591
5127,KB_23_42928_42,Female,Killingbeck,2023,30/12/2022,20:08:50,30/12/2022 20:08,30/12/2022 17:08,-68.069513,-67.570742
5128,KB_23_42928_42,Female,Killingbeck,2023,30/12/2022,20:10:49,30/12/2022 20:10,30/12/2022 17:10,-68.069228,-67.570652
5129,KB_23_42928_42,Female,Killingbeck,2023,30/12/2022,20:12:48,30/12/2022 20:12,30/12/2022 17:12,-68.069802,-67.570792
5130,KB_23_42928_42,Female,Killingbeck,2023,30/12/2022,20:14:47,30/12/2022 20:14,30/12/2022 17:14,-68.069545,-67.570672
5131,KB_23_42928_42,Female,Killingbeck,2023,30/12/2022,20:16:48,30/12/2022 20:16,30/12/2022 17:16,-68.069603,-67.570681
5132,KB_23_42928_42,Female,Killingbeck,2023,30/12/2022,20:18:48,30/12/2022 20:18,30/12/2022 17:18,-68.069469,-67.570747
5133,KB_23_42928_42,Female,Killingbeck,2023,30/12/2022,20:20:46,30/12/2022 20:20,30/12/2022 17:20,-68.069308,-67.571013
5134,KB_23_42928_42,Female,Killingbeck,2023,30/12/2022,20:22:46,30/12/2022 20:22,30/12/2022 17:22,-68.069398,-67.570876
5135,KB_23_42928_42,Female,Killingbeck,2023,30/12/2022,20:24:46,30/12/2022 20:24,30/12/2022 17:24,-68.069391,-67.570847
5136,KB_23_42928_42,Female,Killingbeck,2023,30/12/2022,20:26:46,30/12/2022 20:26,30/12/2022 17:26,-68.069438,-67.570815
5137,KB_23_42928_42,Female,Killingbeck,2023,30/12/2022,20:29:01,30/12/2022 20:29,30/12/2022 17:29,-68.069496,-67.570768
5138,KB_23_42928_42,Female,Killingbeck,2023,30/12/2022,20:30:59,30/12/2022 20:30,30/12/2022 17:30,-68.06947,-67.57061
5139,KB_23_42928_42,Female,Killingbeck,2023,30/12/2022,20:32:56,30/12/2022 20:32,30/12/2022 17:32,-68.069491,-67.570706
5140,KB_23_42928_42,Female,Killingbeck,2023,30/12/2022,20:34:57,30/12/2022 20:34,30/12/2022 17:34,-68.069465,-67.5707
5141,KB_23_42928_42,Female,Killingbeck,2023,30/12/2022,20:36:54,30/12/2022 20:36,30/12/2022 17:36,-68.069421,-67.570715
5142,KB_23_42928_42,Female,Killingbeck,2023,30/12/2022,20:38:53,30/12/2022 20:38,30/12/2022 17:38,-68.069477,-67.570711
5143,KB_23_42928_42,Female,Killingbeck,2023,30/12/2022,20:40:52,30/12/2022 20:40,30/12/2022 17:40,-68.069437,-67.570701
5144,KB_23_42928_42,Female,Killingbeck,2023,30/12/2022,20:42:51,30/12/2022 20:42,30/12/2022 17:42,-68.069574,-67.570684
5145,KB_23_42928_42,Female,Killingbeck,2023,30/12/2022,20:44:51,30/12/2022 20:44,30/12/2022 17:44,-68.06946,-67.570693
5146,KB_23_42928_42,Female,Killingbeck,2023,30/12/2022,20:46:48,30/12/2022 20:46,30/12/2022 17:46,-68.069358,-67.57068
5147,KB_23_42928_42,Female,Killingbeck,2023,30/12/2022,20:48:47,30/12/2022 20:48,30/12/2022 17:48,-68.069343,-67.570723
5148,KB_23_42928_42,Female,Killingbeck,2023,30/12/2022,20:50:46,30/12/2022 20:50,30/12/2022 17:50,-68.06944,-67.570708
5149,KB_23_42928_42,Female,Killingbeck,2023,30/12/2022,20:52:46,30/12/2022 20:52,30/12/2022 17:52,-68.069361,-67.570603
5150,KB_23_42928_42,Female,Killingbeck,2023,30/12/2022,20:54:45,30/12/2022 20:54,30/12/2022 17:54,-68.069479,-67.570747
5151,KB_23_42928_42,Female,Killingbeck,2023,30/12/2022,20:56:44,30/12/2022 20:56,30/12/2022 17:56,-68.069251,-67.570744
5152,KB_23_42928_42,Female,Killingbeck,2023,30/12/2022,20:58:38,30/12/2022 20:58,30/12/2022 17:58,-68.069323,-67.570696
5153,KB_23_42928_42,Female,Killingbeck,2023,30/12/2022,21:00:37,30/12/2022 21:00,30/12/2022 18:00,-68.069516,-67.57068
5154,KB_23_42928_42,Female,Killingbeck,2023,30/12/2022,21:02:36,30/12/2022 21:02,30/12/2022 18:02,-68.069455,-67.570669
5155,KB_23_42928_42,Female,Killingbeck,2023,30/12/2022,21:04:35,30/12/2022 21:04,30/12/2022 18:04,-68.069445,-67.57071
5156,KB_23_42928_42,Female,Killingbeck,2023,30/12/2022,21:06:34,30/12/2022 21:06,30/12/2022 18:06,-68.069439,-67.570704
5157,KB_23_42928_42,Female,Killingbeck,2023,30/12/2022,21:08:33,30/12/2022 21:08,30/12/2022 18:08,-68.069409,-67.57069
5158,KB_23_42928_42,Female,Killingbeck,2023,30/12/2022,21:10:32,30/12/2022 21:10,30/12/2022 18:10,-68.069409,-67.570705
5159,KB_23_42928_42,Female,Killingbeck,2023,30/12/2022,21:12:31,30/12/2022 21:12,30/12/2022 18:12,-68.06937,-67.570721
5160,KB_23_42928_42,Female,Killingbeck,2023,30/12/2022,21:14:30,30/12/2022 21:14,30/12/2022 18:14,-68.069382,-67.570697
5161,KB_23_42928_42,Female,Killingbeck,2023,30/12/2022,21:16:29,30/12/2022 21:16,30/12/2022 18:16,-68.069416,-67.570731
5162,KB_23_42928_42,Female,Killingbeck,2023,30/12/2022,21:18:29,30/12/2022 21:18,30/12/2022 18:18,-68.069478,-67.570749
5163,KB_23_42928_42,Female,Killingbeck,2023,30/12/2022,21:20:28,30/12/2022 21:20,30/12/2022 18:20,-68.069278,-67.5707
5164,KB_23_42928_42,Female,Killingbeck,2023,30/12/2022,21:22:27,30/12/2022 21:22,30/12/2022 18:22,-68.069489,-67.570783
5165,KB_23_42928_42,Female,Killingbeck,2023,30/12/2022,21:24:27,30/12/2022 21:24,30/12/2022 18:24,-68.069395,-67.570699
5166,KB_23_42928_42,Female,Killingbeck,2023,30/12/2022,21:26:26,30/12/2022 21:26,30/12/2022 18:26,-68.069534,-67.570788
5167,KB_23_42928_42,Female,Killingbeck,2023,30/12/2022,21:28:25,30/12/2022 21:28,30/12/2022 18:28,-68.069423,-67.570699
5168,KB_23_42928_42,Female,Killingbeck,2023,30/12/2022,21:30:26,30/12/2022 21:30,30/12/2022 18:30,-68.069201,-67.570483
5169,KB_23_42928_42,Female,Killingbeck,2023,30/12/2022,21:32:23,30/12/2022 21:32,30/12/2022 18:32,-68.069346,-67.570652
5170,KB_23_42928_42,Female,Killingbeck,2023,30/12/2022,21:34:22,30/12/2022 21:34,30/12/2022 18:34,-68.069419,-67.570712
5171,KB_23_42928_42,Female,Killingbeck,2023,30/12/2022,21:36:21,30/12/2022 21:36,30/12/2022 18:36,-68.06934,-67.570727
5172,KB_23_42928_42,Female,Killingbeck,2023,30/12/2022,21:38:20,30/12/2022 21:38,30/12/2022 18:38,-68.069312,-67.570714
5173,KB_23_42928_42,Female,Killingbeck,2023,30/12/2022,21:40:19,30/12/2022 21:40,30/12/2022 18:40,-68.069343,-67.570693
5174,KB_23_42928_42,Female,Killingbeck,2023,30/12/2022,21:42:17,30/12/2022 21:42,30/12/2022 18:42,-68.069257,-67.570677
5175,KB_23_42928_42,Female,Killingbeck,2023,30/12/2022,21:44:16,30/12/2022 21:44,30/12/2022 18:44,-68.069406,-67.570646
5176,KB_23_42928_42,Female,Killingbeck,2023,30/12/2022,21:46:15,30/12/2022 21:46,30/12/2022 18:46,-68.069331,-67.570666
5177,KB_23_42928_42,Female,Killingbeck,2023,30/12/2022,21:48:14,30/12/2022 21:48,30/12/2022 18:48,-68.069312,-67.570665
5178,KB_23_42928_42,Female,Killingbeck,2023,30/12/2022,21:50:14,30/12/2022 21:50,30/12/2022 18:50,-68.069406,-67.570681
5179,KB_23_42928_42,Female,Killingbeck,2023,30/12/2022,21:52:13,30/12/2022 21:52,30/12/2022 18:52,-68.069378,-67.570674
5180,KB_23_42928_42,Female,Killingbeck,2023,30/12/2022,21:54:12,30/12/2022 21:54,30/12/2022 18:54,-68.069365,-67.570678
5181,KB_23_42928_42,Female,Killingbeck,2023,30/12/2022,21:56:11,30/12/2022 21:56,30/12/2022 18:56,-68.069371,-67.570708
5182,KB_23_42928_42,Female,Killingbeck,2023,30/12/2022,21:58:10,30/12/2022 21:58,30/12/2022 18:58,-68.069368,-67.57067
5183,KB_23_42928_42,Female,Killingbeck,2023,30/12/2022,22:00:09,30/12/2022 22:00,30/12/2022 19:00,-68.069413,-67.570671
5184,KB_23_42928_42,Female,Killingbeck,2023,30/12/2022,22:02:08,30/12/2022 22:02,30/12/2022 19:02,-68.069451,-67.570716
5185,KB_23_42928_42,Female,Killingbeck,2023,30/12/2022,22:04:07,30/12/2022 22:04,30/12/2022 19:04,-68.069314,-67.570671
5186,KB_23_42928_42,Female,Killingbeck,2023,30/12/2022,22:06:06,30/12/2022 22:06,30/12/2022 19:06,-68.06935,-67.570684
5187,KB_23_42928_42,Female,Killingbeck,2023,30/12/2022,22:08:05,30/12/2022 22:08,30/12/2022 19:08,-68.069439,-67.570715
5188,KB_23_42928_42,Female,Killingbeck,2023,30/12/2022,22:10:05,30/12/2022 22:10,30/12/2022 19:10,-68.069371,-67.570619
5189,KB_23_42928_42,Female,Killingbeck,2023,30/12/2022,22:12:03,30/12/2022 22:12,30/12/2022 19:12,-68.069361,-67.570657
5190,KB_23_42928_42,Female,Killingbeck,2023,30/12/2022,22:14:02,30/12/2022 22:14,30/12/2022 19:14,-68.069238,-67.570685
5191,KB_23_42928_42,Female,Killingbeck,2023,30/12/2022,22:16:01,30/12/2022 22:16,30/12/2022 19:16,-68.069372,-67.570683
5192,KB_23_42928_42,Female,Killingbeck,2023,30/12/2022,22:18:00,30/12/2022 22:18,30/12/2022 19:18,-68.06932,-67.57069
5193,KB_23_42928_42,Female,Killingbeck,2023,30/12/2022,22:20:00,30/12/2022 22:20,30/12/2022 19:20,-68.069615,-67.570687
5194,KB_23_42928_42,Female,Killingbeck,2023,30/12/2022,22:21:59,30/12/2022 22:21,30/12/2022 19:21,-68.069329,-67.570705
5195,KB_23_42928_42,Female,Killingbeck,2023,30/12/2022,22:23:58,30/12/2022 22:23,30/12/2022 19:23,-68.06936,-67.570676
5196,KB_23_42928_42,Female,Killingbeck,2023,30/12/2022,22:25:58,30/12/2022 22:25,30/12/2022 19:25,-68.069386,-67.57069
5197,KB_23_42928_42,Female,Killingbeck,2023,30/12/2022,22:27:57,30/12/2022 22:27,30/12/2022 19:27,-68.06931,-67.570677
5198,KB_23_42928_42,Female,Killingbeck,2023,30/12/2022,22:29:55,30/12/2022 22:29,30/12/2022 19:29,-68.069419,-67.570704
5199,KB_23_42928_42,Female,Killingbeck,2023,30/12/2022,22:31:56,30/12/2022 22:31,30/12/2022 19:31,-68.069355,-67.570773
5200,KB_23_42928_42,Female,Killingbeck,2023,30/12/2022,22:33:54,30/12/2022 22:33,30/12/2022 19:33,-68.069369,-67.57082
5201,KB_23_42928_42,Female,Killingbeck,2023,30/12/2022,22:35:53,30/12/2022 22:35,30/12/2022 19:35,-68.069673,-67.570733
5202,KB_23_42928_42,Female,Killingbeck,2023,30/12/2022,22:37:51,30/12/2022 22:37,30/12/2022 19:37,-68.06939,-67.570696
5203,KB_23_42928_42,Female,Killingbeck,2023,30/12/2022,22:39:50,30/12/2022 22:39,30/12/2022 19:39,-68.069314,-67.570662
5204,KB_23_42928_42,Female,Killingbeck,2023,30/12/2022,22:41:49,30/12/2022 22:41,30/12/2022 19:41,-68.069556,-67.570706
5205,KB_23_42928_42,Female,Killingbeck,2023,30/12/2022,22:43:49,30/12/2022 22:43,30/12/2022 19:43,-68.069561,-67.570815
5206,KB_23_42928_42,Female,Killingbeck,2023,30/12/2022,22:45:47,30/12/2022 22:45,30/12/2022 19:45,-68.069404,-67.570691
5207,KB_23_42928_42,Female,Killingbeck,2023,30/12/2022,22:47:47,30/12/2022 22:47,30/12/2022 19:47,-68.069338,-67.570678
5208,KB_23_42928_42,Female,Killingbeck,2023,30/12/2022,22:49:45,30/12/2022 22:49,30/12/2022 19:49,-68.069542,-67.570739
5209,KB_23_42928_42,Female,Killingbeck,2023,30/12/2022,22:51:45,30/12/2022 22:51,30/12/2022 19:51,-68.069363,-67.570659
5210,KB_23_42928_42,Female,Killingbeck,2023,30/12/2022,22:53:45,30/12/2022 22:53,30/12/2022 19:53,-68.069171,-67.570812
5211,KB_23_42928_42,Female,Killingbeck,2023,30/12/2022,22:55:46,30/12/2022 22:55,30/12/2022 19:55,-68.068793,-67.570817
5212,KB_23_42928_42,Female,Killingbeck,2023,30/12/2022,22:57:45,30/12/2022 22:57,30/12/2022 19:57,-68.068667,-67.570748
5213,KB_23_42928_42,Female,Killingbeck,2023,30/12/2022,22:59:42,30/12/2022 22:59,30/12/2022 19:59,-68.06937,-67.570747
5214,KB_23_42928_42,Female,Killingbeck,2023,30/12/2022,23:01:43,30/12/2022 23:01,30/12/2022 20:01,-68.068969,-67.570845
5215,KB_23_42928_42,Female,Killingbeck,2023,30/12/2022,23:03:40,30/12/2022 23:03,30/12/2022 20:03,-68.069455,-67.570775
5216,KB_23_42928_42,Female,Killingbeck,2023,30/12/2022,23:05:39,30/12/2022 23:05,30/12/2022 20:05,-68.069426,-67.570766
5217,KB_23_42928_42,Female,Killingbeck,2023,30/12/2022,23:07:38,30/12/2022 23:07,30/12/2022 20:07,-68.069436,-67.57075
5218,KB_23_42928_42,Female,Killingbeck,2023,30/12/2022,23:09:39,30/12/2022 23:09,30/12/2022 20:09,-68.069326,-67.570646
5219,KB_23_42928_42,Female,Killingbeck,2023,30/12/2022,23:11:38,30/12/2022 23:11,30/12/2022 20:11,-68.069617,-67.570786
5220,KB_23_42928_42,Female,Killingbeck,2023,30/12/2022,23:13:37,30/12/2022 23:13,30/12/2022 20:13,-68.069453,-67.57063
5221,KB_23_42928_42,Female,Killingbeck,2023,30/12/2022,23:15:36,30/12/2022 23:15,30/12/2022 20:15,-68.069549,-67.570762
5222,KB_23_42928_42,Female,Killingbeck,2023,30/12/2022,23:17:33,30/12/2022 23:17,30/12/2022 20:17,-68.069405,-67.570742
5223,KB_23_42928_42,Female,Killingbeck,2023,30/12/2022,23:19:32,30/12/2022 23:19,30/12/2022 20:19,-68.069466,-67.570731
5224,KB_23_42928_42,Female,Killingbeck,2023,30/12/2022,23:21:31,30/12/2022 23:21,30/12/2022 20:21,-68.069415,-67.570772
5225,KB_23_42928_42,Female,Killingbeck,2023,30/12/2022,23:23:29,30/12/2022 23:23,30/12/2022 20:23,-68.069435,-67.570733
5226,KB_23_42928_42,Female,Killingbeck,2023,30/12/2022,23:25:29,30/12/2022 23:25,30/12/2022 20:25,-68.069553,-67.570714
5227,KB_23_42928_42,Female,Killingbeck,2023,30/12/2022,23:27:28,30/12/2022 23:27,30/12/2022 20:27,-68.069439,-67.57069
5228,KB_23_42928_42,Female,Killingbeck,2023,30/12/2022,23:29:28,30/12/2022 23:29,30/12/2022 20:29,-68.069445,-67.570759
5229,KB_23_42928_42,Female,Killingbeck,2023,30/12/2022,23:31:26,30/12/2022 23:31,30/12/2022 20:31,-68.069472,-67.570777
5230,KB_23_42928_42,Female,Killingbeck,2023,30/12/2022,23:33:26,30/12/2022 23:33,30/12/2022 20:33,-68.069376,-67.570758
5231,KB_23_42928_42,Female,Killingbeck,2023,30/12/2022,23:35:24,30/12/2022 23:35,30/12/2022 20:35,-68.069357,-67.57073
5232,KB_23_42928_42,Female,Killingbeck,2023,30/12/2022,23:37:23,30/12/2022 23:37,30/12/2022 20:37,-68.069616,-67.570679
5233,KB_23_42928_42,Female,Killingbeck,2023,30/12/2022,23:39:23,30/12/2022 23:39,30/12/2022 20:39,-68.069411,-67.570729
5234,KB_23_42928_42,Female,Killingbeck,2023,30/12/2022,23:41:21,30/12/2022 23:41,30/12/2022 20:41,-68.069629,-67.570747
5235,KB_23_42928_42,Female,Killingbeck,2023,30/12/2022,23:43:20,30/12/2022 23:43,30/12/2022 20:43,-68.069718,-67.570691
5236,KB_23_42928_42,Female,Killingbeck,2023,30/12/2022,23:45:19,30/12/2022 23:45,30/12/2022 20:45,-68.069611,-67.570754
5237,KB_23_42928_42,Female,Killingbeck,2023,30/12/2022,23:47:18,30/12/2022 23:47,30/12/2022 20:47,-68.069577,-67.570729
5238,KB_23_42928_42,Female,Killingbeck,2023,30/12/2022,23:49:20,30/12/2022 23:49,30/12/2022 20:49,-68.069637,-67.570687
5239,KB_23_42928_42,Female,Killingbeck,2023,30/12/2022,23:51:18,30/12/2022 23:51,30/12/2022 20:51,-68.069654,-67.570703
5240,KB_23_42928_42,Female,Killingbeck,2023,30/12/2022,23:53:16,30/12/2022 23:53,30/12/2022 20:53,-68.069472,-67.570683
5241,KB_23_42928_42,Female,Killingbeck,2023,30/12/2022,23:55:15,30/12/2022 23:55,30/12/2022 20:55,-68.069663,-67.570711
5242,KB_23_42928_42,Female,Killingbeck,2023,30/12/2022,23:57:15,30/12/2022 23:57,30/12/2022 20:57,-68.069373,-67.570656
5243,KB_23_42928_42,Female,Killingbeck,2023,30/12/2022,23:59:13,30/12/2022 23:59,30/12/2022 20:59,-68.069475,-67.570733
5244,KB_23_42928_42,Female,Killingbeck,2023,31/12/2022,00:01:12,31/12/2022 00:01,30/12/2022 21:01,-68.069396,-67.570691
5245,KB_23_42928_42,Female,Killingbeck,2023,31/12/2022,00:03:12,31/12/2022 00:03,30/12/2022 21:03,-68.069336,-67.570768
5246,KB_23_42928_42,Female,Killingbeck,2023,31/12/2022,00:05:10,31/12/2022 00:05,30/12/2022 21:05,-68.069373,-67.570774
5247,KB_23_42928_42,Female,Killingbeck,2023,31/12/2022,00:07:09,31/12/2022 00:07,30/12/2022 21:07,-68.06943,-67.570729
5248,KB_23_42928_42,Female,Killingbeck,2023,31/12/2022,00:09:09,31/12/2022 00:09,30/12/2022 21:09,-68.069487,-67.570744
5249,KB_23_42928_42,Female,Killingbeck,2023,31/12/2022,00:11:08,31/12/2022 00:11,30/12/2022 21:11,-68.069547,-67.57069
5250,KB_23_42928_42,Female,Killingbeck,2023,31/12/2022,00:13:07,31/12/2022 00:13,30/12/2022 21:13,-68.069355,-67.570627
5251,KB_23_42928_42,Female,Killingbeck,2023,31/12/2022,00:15:05,31/12/2022 00:15,30/12/2022 21:15,-68.069449,-67.570642
5252,KB_23_42928_42,Female,Killingbeck,2023,31/12/2022,00:17:05,31/12/2022 00:17,30/12/2022 21:17,-68.06935,-67.570678
5253,KB_23_42928_42,Female,Killingbeck,2023,31/12/2022,00:19:03,31/12/2022 00:19,30/12/2022 21:19,-68.069342,-67.570646
5254,KB_23_42928_42,Female,Killingbeck,2023,31/12/2022,00:21:03,31/12/2022 00:21,30/12/2022 21:21,-68.069472,-67.570664
5255,KB_23_42928_42,Female,Killingbeck,2023,31/12/2022,00:23:05,31/12/2022 00:23,30/12/2022 21:23,-68.069744,-67.570751
5256,KB_23_42928_42,Female,Killingbeck,2023,31/12/2022,00:25:02,31/12/2022 00:25,30/12/2022 21:25,-68.069384,-67.570666
5257,KB_23_42928_42,Female,Killingbeck,2023,31/12/2022,00:27:01,31/12/2022 00:27,30/12/2022 21:27,-68.069235,-67.570633
5258,KB_23_42928_42,Female,Killingbeck,2023,31/12/2022,00:29:00,31/12/2022 00:29,30/12/2022 21:29,-68.069559,-67.570698
5259,KB_23_42928_42,Female,Killingbeck,2023,31/12/2022,00:31:05,31/12/2022 00:31,30/12/2022 21:31,-68.068954,-67.57038
5260,KB_23_42928_42,Female,Killingbeck,2023,31/12/2022,00:33:05,31/12/2022 00:33,30/12/2022 21:33,-68.069403,-67.570681
5261,KB_23_42928_42,Female,Killingbeck,2023,31/12/2022,00:35:04,31/12/2022 00:35,30/12/2022 21:35,-68.069351,-67.570796
5262,KB_23_42928_42,Female,Killingbeck,2023,31/12/2022,00:37:00,31/12/2022 00:37,30/12/2022 21:37,-68.069616,-67.570743
5263,KB_23_42928_42,Female,Killingbeck,2023,31/12/2022,00:38:57,31/12/2022 00:38,30/12/2022 21:38,-68.069445,-67.570727
5264,KB_23_42928_42,Female,Killingbeck,2023,31/12/2022,00:40:58,31/12/2022 00:40,30/12/2022 21:40,-68.069517,-67.57075
5265,KB_23_42928_42,Female,Killingbeck,2023,31/12/2022,00:42:57,31/12/2022 00:42,30/12/2022 21:42,-68.069298,-67.570727
5266,KB_23_42928_42,Female,Killingbeck,2023,31/12/2022,00:44:56,31/12/2022 00:44,30/12/2022 21:44,-68.069401,-67.570811
5267,KB_23_42928_42,Female,Killingbeck,2023,31/12/2022,00:46:53,31/12/2022 00:46,30/12/2022 21:46,-68.069396,-67.570687
5268,KB_23_42928_42,Female,Killingbeck,2023,31/12/2022,00:48:52,31/12/2022 00:48,30/12/2022 21:48,-68.069394,-67.570702
5269,KB_23_42928_42,Female,Killingbeck,2023,31/12/2022,00:50:51,31/12/2022 00:50,30/12/2022 21:50,-68.069474,-67.570607
5270,KB_23_42928_42,Female,Killingbeck,2023,31/12/2022,00:52:53,31/12/2022 00:52,30/12/2022 21:52,-68.069425,-67.570611
5271,KB_23_42928_42,Female,Killingbeck,2023,31/12/2022,00:54:50,31/12/2022 00:54,30/12/2022 21:54,-68.069391,-67.570661
5272,KB_23_42928_42,Female,Killingbeck,2023,31/12/2022,00:56:51,31/12/2022 00:56,30/12/2022 21:56,-68.069798,-67.570545
5273,KB_23_42928_42,Female,Killingbeck,2023,31/12/2022,00:58:48,31/12/2022 00:58,30/12/2022 21:58,-68.069425,-67.57072
5274,KB_23_42928_42,Female,Killingbeck,2023,31/12/2022,01:00:46,31/12/2022 01:00,30/12/2022 22:00,-68.069445,-67.570734
5275,KB_23_42928_42,Female,Killingbeck,2023,31/12/2022,01:02:45,31/12/2022 01:02,30/12/2022 22:02,-68.069419,-67.570703
5276,KB_23_42928_42,Female,Killingbeck,2023,31/12/2022,01:04:47,31/12/2022 01:04,30/12/2022 22:04,-68.070275,-67.570401
5277,KB_23_42928_42,Female,Killingbeck,2023,31/12/2022,01:06:44,31/12/2022 01:06,30/12/2022 22:06,-68.069368,-67.570724
5278,KB_23_42928_42,Female,Killingbeck,2023,31/12/2022,01:08:42,31/12/2022 01:08,30/12/2022 22:08,-68.069404,-67.57071
5279,KB_23_42928_42,Female,Killingbeck,2023,31/12/2022,01:10:42,31/12/2022 01:10,30/12/2022 22:10,-68.069444,-67.570652
5280,KB_23_42928_42,Female,Killingbeck,2023,31/12/2022,01:12:41,31/12/2022 01:12,30/12/2022 22:12,-68.069401,-67.570666
5281,KB_23_42928_42,Female,Killingbeck,2023,31/12/2022,01:14:40,31/12/2022 01:14,30/12/2022 22:14,-68.069359,-67.570707
5282,KB_23_42928_42,Female,Killingbeck,2023,31/12/2022,01:16:41,31/12/2022 01:16,30/12/2022 22:16,-68.069892,-67.570432
5283,KB_23_42928_42,Female,Killingbeck,2023,31/12/2022,01:18:37,31/12/2022 01:18,30/12/2022 22:18,-68.069385,-67.570767
5284,KB_23_42928_42,Female,Killingbeck,2023,31/12/2022,01:20:38,31/12/2022 01:20,30/12/2022 22:20,-68.069417,-67.57075
5285,KB_23_42928_42,Female,Killingbeck,2023,31/12/2022,01:22:36,31/12/2022 01:22,30/12/2022 22:22,-68.069371,-67.570704
5286,KB_23_42928_42,Female,Killingbeck,2023,31/12/2022,01:24:36,31/12/2022 01:24,30/12/2022 22:24,-68.069335,-67.570708
5287,KB_23_42928_42,Female,Killingbeck,2023,31/12/2022,01:26:35,31/12/2022 01:26,30/12/2022 22:26,-68.069392,-67.570722
5288,KB_23_42928_42,Female,Killingbeck,2023,31/12/2022,01:28:34,31/12/2022 01:28,30/12/2022 22:28,-68.069167,-67.570639
5289,KB_23_42928_42,Female,Killingbeck,2023,31/12/2022,01:30:33,31/12/2022 01:30,30/12/2022 22:30,-68.069416,-67.570732
5290,KB_23_42928_42,Female,Killingbeck,2023,31/12/2022,01:32:34,31/12/2022 01:32,30/12/2022 22:32,-68.069513,-67.570589
5291,KB_23_42928_42,Female,Killingbeck,2023,31/12/2022,01:34:30,31/12/2022 01:34,30/12/2022 22:34,-68.069466,-67.57081
5292,KB_23_42928_42,Female,Killingbeck,2023,31/12/2022,01:36:29,31/12/2022 01:36,30/12/2022 22:36,-68.069441,-67.570751
5293,KB_23_42928_42,Female,Killingbeck,2023,31/12/2022,01:38:31,31/12/2022 01:38,30/12/2022 22:38,-68.069496,-67.570642
5294,KB_23_42928_42,Female,Killingbeck,2023,31/12/2022,01:40:30,31/12/2022 01:40,30/12/2022 22:40,-68.069496,-67.570471
5295,KB_23_42928_42,Female,Killingbeck,2023,31/12/2022,01:42:33,31/12/2022 01:42,30/12/2022 22:42,-68.069437,-67.570663
5296,KB_23_42928_42,Female,Killingbeck,2023,31/12/2022,01:44:41,31/12/2022 01:44,30/12/2022 22:44,-68.069434,-67.570732
5297,KB_23_42928_42,Female,Killingbeck,2023,31/12/2022,01:46:27,31/12/2022 01:46,30/12/2022 22:46,-68.06956,-67.57078
5298,KB_23_42928_42,Female,Killingbeck,2023,31/12/2022,01:48:26,31/12/2022 01:48,30/12/2022 22:48,-68.069399,-67.570707
5299,KB_23_42928_42,Female,Killingbeck,2023,31/12/2022,01:50:25,31/12/2022 01:50,30/12/2022 22:50,-68.0693,-67.570688
5300,KB_23_42928_42,Female,Killingbeck,2023,31/12/2022,01:52:25,31/12/2022 01:52,30/12/2022 22:52,-68.069427,-67.570761
5301,KB_23_42928_42,Female,Killingbeck,2023,31/12/2022,01:54:23,31/12/2022 01:54,30/12/2022 22:54,-68.069501,-67.570726
5302,KB_23_42928_42,Female,Killingbeck,2023,31/12/2022,01:56:23,31/12/2022 01:56,30/12/2022 22:56,-68.069508,-67.570738
5303,KB_23_42928_42,Female,Killingbeck,2023,31/12/2022,01:58:21,31/12/2022 01:58,30/12/2022 22:58,-68.069482,-67.570747
5304,KB_23_42928_42,Female,Killingbeck,2023,31/12/2022,02:00:21,31/12/2022 02:00,30/12/2022 23:00,-68.069411,-67.570715
5305,KB_23_42928_42,Female,Killingbeck,2023,31/12/2022,02:02:20,31/12/2022 02:02,30/12/2022 23:02,-68.069488,-67.570788
5306,KB_23_42928_42,Female,Killingbeck,2023,31/12/2022,02:04:19,31/12/2022 02:04,30/12/2022 23:04,-68.06957,-67.570802
5307,KB_23_42928_42,Female,Killingbeck,2023,31/12/2022,02:06:18,31/12/2022 02:06,30/12/2022 23:06,-68.069786,-67.570815
5308,KB_23_42928_42,Female,Killingbeck,2023,31/12/2022,02:08:16,31/12/2022 02:08,30/12/2022 23:08,-68.069473,-67.570796
5309,KB_23_42928_42,Female,Killingbeck,2023,31/12/2022,02:10:15,31/12/2022 02:10,30/12/2022 23:10,-68.069411,-67.570836
5310,KB_23_42928_42,Female,Killingbeck,2023,31/12/2022,02:12:15,31/12/2022 02:12,30/12/2022 23:12,-68.069599,-67.570841
5311,KB_23_42928_42,Female,Killingbeck,2023,31/12/2022,02:14:14,31/12/2022 02:14,30/12/2022 23:14,-68.069404,-67.570784
5312,KB_23_42928_42,Female,Killingbeck,2023,31/12/2022,02:16:13,31/12/2022 02:16,30/12/2022 23:16,-68.069462,-67.570774
5313,KB_23_42928_42,Female,Killingbeck,2023,31/12/2022,02:18:14,31/12/2022 02:18,30/12/2022 23:18,-68.070988,-67.570385
5314,KB_23_42928_42,Female,Killingbeck,2023,31/12/2022,02:20:19,31/12/2022 02:20,30/12/2022 23:20,-68.069553,-67.570763
5315,KB_23_42928_42,Female,Killingbeck,2023,31/12/2022,02:22:11,31/12/2022 02:22,30/12/2022 23:22,-68.069398,-67.570818
5316,KB_23_42928_42,Female,Killingbeck,2023,31/12/2022,02:24:11,31/12/2022 02:24,30/12/2022 23:24,-68.069388,-67.570822
5317,KB_23_42928_42,Female,Killingbeck,2023,31/12/2022,02:26:20,31/12/2022 02:26,30/12/2022 23:26,-68.069346,-67.570789
5318,KB_23_42928_42,Female,Killingbeck,2023,31/12/2022,02:28:12,31/12/2022 02:28,30/12/2022 23:28,-68.069482,-67.570776
5319,KB_23_42928_42,Female,Killingbeck,2023,31/12/2022,02:30:11,31/12/2022 02:30,30/12/2022 23:30,-68.069459,-67.57084
5320,KB_23_42928_42,Female,Killingbeck,2023,31/12/2022,02:32:10,31/12/2022 02:32,30/12/2022 23:32,-68.069371,-67.570809
5321,KB_23_42928_42,Female,Killingbeck,2023,31/12/2022,02:34:09,31/12/2022 02:34,30/12/2022 23:34,-68.069449,-67.570799
5322,KB_23_42928_42,Female,Killingbeck,2023,31/12/2022,02:36:08,31/12/2022 02:36,30/12/2022 23:36,-68.069491,-67.570807
5323,KB_23_42928_42,Female,Killingbeck,2023,31/12/2022,02:38:07,31/12/2022 02:38,30/12/2022 23:38,-68.06936,-67.570814
5324,KB_23_42928_42,Female,Killingbeck,2023,31/12/2022,02:40:06,31/12/2022 02:40,30/12/2022 23:40,-68.069477,-67.570816
5325,KB_23_42928_42,Female,Killingbeck,2023,31/12/2022,02:42:03,31/12/2022 02:42,30/12/2022 23:42,-68.069454,-67.570784
5326,KB_23_42928_42,Female,Killingbeck,2023,31/12/2022,02:44:01,31/12/2022 02:44,30/12/2022 23:44,-68.069696,-67.570765
5327,KB_23_42928_42,Female,Killingbeck,2023,31/12/2022,02:46:01,31/12/2022 02:46,30/12/2022 23:46,-68.069642,-67.570808
5328,KB_23_42928_42,Female,Killingbeck,2023,31/12/2022,02:48:07,31/12/2022 02:48,30/12/2022 23:48,-68.069791,-67.57114
5329,KB_23_42928_42,Female,Killingbeck,2023,31/12/2022,02:50:08,31/12/2022 02:50,30/12/2022 23:50,-68.069969,-67.570843
5330,KB_23_42928_42,Female,Killingbeck,2023,31/12/2022,02:52:02,31/12/2022 02:52,30/12/2022 23:52,-68.069556,-67.570748
5331,KB_23_42928_42,Female,Killingbeck,2023,31/12/2022,02:54:02,31/12/2022 02:54,30/12/2022 23:54,-68.069575,-67.570798
5332,KB_23_42928_42,Female,Killingbeck,2023,31/12/2022,02:55:58,31/12/2022 02:55,30/12/2022 23:55,-68.069459,-67.570731
5333,KB_23_42928_42,Female,Killingbeck,2023,31/12/2022,02:58:00,31/12/2022 02:58,30/12/2022 23:58,-68.069167,-67.570574
5334,KB_23_42928_42,Female,Killingbeck,2023,31/12/2022,02:59:59,31/12/2022 02:59,30/12/2022 23:59,-68.069469,-67.570779
5335,KB_23_42928_42,Female,Killingbeck,2023,31/12/2022,03:01:55,31/12/2022 03:01,31/12/2022 00:01,-68.069646,-67.570748
5336,KB_23_42928_42,Female,Killingbeck,2023,31/12/2022,03:03:54,31/12/2022 03:03,31/12/2022 00:03,-68.069598,-67.570754
5337,KB_23_42928_42,Female,Killingbeck,2023,31/12/2022,03:05:54,31/12/2022 03:05,31/12/2022 00:05,-68.069508,-67.570783
5338,KB_23_42928_42,Female,Killingbeck,2023,31/12/2022,03:07:52,31/12/2022 03:07,31/12/2022 00:07,-68.069521,-67.570861
5339,KB_23_42928_42,Female,Killingbeck,2023,31/12/2022,03:09:51,31/12/2022 03:09,31/12/2022 00:09,-68.069578,-67.570759
5340,KB_23_42928_42,Female,Killingbeck,2023,31/12/2022,03:11:50,31/12/2022 03:11,31/12/2022 00:11,-68.069575,-67.570794
5341,KB_23_42928_42,Female,Killingbeck,2023,31/12/2022,03:13:49,31/12/2022 03:13,31/12/2022 00:13,-68.069478,-67.570773
5342,KB_23_42928_42,Female,Killingbeck,2023,31/12/2022,03:15:49,31/12/2022 03:15,31/12/2022 00:15,-68.069554,-67.570799
5343,KB_23_42928_42,Female,Killingbeck,2023,31/12/2022,03:17:48,31/12/2022 03:17,31/12/2022 00:17,-68.069582,-67.570771
5344,KB_23_42928_42,Female,Killingbeck,2023,31/12/2022,03:19:47,31/12/2022 03:19,31/12/2022 00:19,-68.069457,-67.570705
5345,KB_23_42928_42,Female,Killingbeck,2023,31/12/2022,03:21:46,31/12/2022 03:21,31/12/2022 00:21,-68.069495,-67.570742
5346,KB_23_42928_42,Female,Killingbeck,2023,31/12/2022,03:23:45,31/12/2022 03:23,31/12/2022 00:23,-68.069564,-67.570754
5347,KB_23_42928_42,Female,Killingbeck,2023,31/12/2022,03:26:05,31/12/2022 03:26,31/12/2022 00:26,-68.069585,-67.570781
5348,KB_23_42928_42,Female,Killingbeck,2023,31/12/2022,03:28:12,31/12/2022 03:28,31/12/2022 00:28,-68.069421,-67.57114
5349,KB_23_42928_42,Female,Killingbeck,2023,31/12/2022,03:30:05,31/12/2022 03:30,31/12/2022 00:30,-68.069586,-67.570692
5350,KB_23_42928_42,Female,Killingbeck,2023,31/12/2022,03:32:04,31/12/2022 03:32,31/12/2022 00:32,-68.069584,-67.570723
5351,KB_23_42928_42,Female,Killingbeck,2023,31/12/2022,03:34:03,31/12/2022 03:34,31/12/2022 00:34,-68.06955,-67.570766
5352,KB_23_42928_42,Female,Killingbeck,2023,31/12/2022,03:36:01,31/12/2022 03:36,31/12/2022 00:36,-68.069563,-67.570743
5353,KB_23_42928_42,Female,Killingbeck,2023,31/12/2022,03:38:01,31/12/2022 03:38,31/12/2022 00:38,-68.069649,-67.570846
5354,KB_23_42928_42,Female,Killingbeck,2023,31/12/2022,03:40:00,31/12/2022 03:40,31/12/2022 00:40,-68.069607,-67.570748
5355,KB_23_42928_42,Female,Killingbeck,2023,31/12/2022,03:41:59,31/12/2022 03:41,31/12/2022 00:41,-68.069594,-67.57075
5356,KB_23_42928_42,Female,Killingbeck,2023,31/12/2022,03:43:58,31/12/2022 03:43,31/12/2022 00:43,-68.069633,-67.57075
5357,KB_23_42928_42,Female,Killingbeck,2023,31/12/2022,03:45:59,31/12/2022 03:45,31/12/2022 00:45,-68.069736,-67.571041
5358,KB_23_42928_42,Female,Killingbeck,2023,31/12/2022,03:47:56,31/12/2022 03:47,31/12/2022 00:47,-68.069621,-67.570734
5359,KB_23_42928_42,Female,Killingbeck,2023,31/12/2022,03:49:55,31/12/2022 03:49,31/12/2022 00:49,-68.069577,-67.570797
5360,KB_23_42928_42,Female,Killingbeck,2023,31/12/2022,03:51:55,31/12/2022 03:51,31/12/2022 00:51,-68.069677,-67.570767
5361,KB_23_42928_42,Female,Killingbeck,2023,31/12/2022,03:53:53,31/12/2022 03:53,31/12/2022 00:53,-68.069632,-67.57078
5362,KB_23_42928_42,Female,Killingbeck,2023,31/12/2022,03:55:41,31/12/2022 03:55,31/12/2022 00:55,-68.069614,-67.570731
5363,KB_23_42928_42,Female,Killingbeck,2023,31/12/2022,03:57:41,31/12/2022 03:57,31/12/2022 00:57,-68.069611,-67.570728
5364,KB_23_42928_42,Female,Killingbeck,2023,31/12/2022,03:59:42,31/12/2022 03:59,31/12/2022 00:59,-68.069588,-67.570727
5365,KB_23_42928_42,Female,Killingbeck,2023,31/12/2022,04:01:46,31/12/2022 04:01,31/12/2022 01:01,-68.069712,-67.570768
5366,KB_23_42928_42,Female,Killingbeck,2023,31/12/2022,04:03:41,31/12/2022 04:03,31/12/2022 01:03,-68.069702,-67.57079
5367,KB_23_42928_42,Female,Killingbeck,2023,31/12/2022,04:05:40,31/12/2022 04:05,31/12/2022 01:05,-68.069793,-67.570811
5368,KB_23_42928_42,Female,Killingbeck,2023,31/12/2022,04:07:39,31/12/2022 04:07,31/12/2022 01:07,-68.069576,-67.570652
5369,KB_23_42928_42,Female,Killingbeck,2023,31/12/2022,04:09:38,31/12/2022 04:09,31/12/2022 01:09,-68.069702,-67.570622
5370,KB_23_42928_42,Female,Killingbeck,2023,31/12/2022,04:11:37,31/12/2022 04:11,31/12/2022 01:11,-68.069908,-67.570712
5371,KB_23_42928_42,Female,Killingbeck,2023,31/12/2022,04:13:34,31/12/2022 04:13,31/12/2022 01:13,-68.069639,-67.570644
5372,KB_23_42928_42,Female,Killingbeck,2023,31/12/2022,04:15:33,31/12/2022 04:15,31/12/2022 01:15,-68.069701,-67.570748
5373,KB_23_42928_42,Female,Killingbeck,2023,31/12/2022,04:17:31,31/12/2022 04:17,31/12/2022 01:17,-68.069811,-67.570948
5374,KB_23_42928_42,Female,Killingbeck,2023,31/12/2022,04:19:31,31/12/2022 04:19,31/12/2022 01:19,-68.069422,-67.57072
5375,KB_23_42928_42,Female,Killingbeck,2023,31/12/2022,04:21:42,31/12/2022 04:21,31/12/2022 01:21,-68.06973,-67.570675
5376,KB_23_42928_42,Female,Killingbeck,2023,31/12/2022,04:23:40,31/12/2022 04:23,31/12/2022 01:23,-68.069567,-67.570692
5377,KB_23_42928_42,Female,Killingbeck,2023,31/12/2022,04:25:30,31/12/2022 04:25,31/12/2022 01:25,-68.06957,-67.570632
5378,KB_23_42928_42,Female,Killingbeck,2023,31/12/2022,04:27:30,31/12/2022 04:27,31/12/2022 01:27,-68.069477,-67.570692
5379,KB_23_42928_42,Female,Killingbeck,2023,31/12/2022,04:29:30,31/12/2022 04:29,31/12/2022 01:29,-68.069477,-67.570621
5380,KB_23_42928_42,Female,Killingbeck,2023,31/12/2022,04:31:20,31/12/2022 04:31,31/12/2022 01:31,-68.069579,-67.570742
5381,KB_23_42928_42,Female,Killingbeck,2023,31/12/2022,04:33:27,31/12/2022 04:33,31/12/2022 01:33,-68.06949,-67.570747
5382,KB_23_42928_42,Female,Killingbeck,2023,31/12/2022,04:35:21,31/12/2022 04:35,31/12/2022 01:35,-68.069495,-67.57071
5383,KB_23_42928_42,Female,Killingbeck,2023,31/12/2022,04:37:28,31/12/2022 04:37,31/12/2022 01:37,-68.069517,-67.570718
5384,KB_23_42928_42,Female,Killingbeck,2023,31/12/2022,04:39:20,31/12/2022 04:39,31/12/2022 01:39,-68.069552,-67.57066
5385,KB_23_42928_42,Female,Killingbeck,2023,31/12/2022,04:41:19,31/12/2022 04:41,31/12/2022 01:41,-68.069629,-67.570648
5386,KB_23_42928_42,Female,Killingbeck,2023,31/12/2022,04:43:16,31/12/2022 04:43,31/12/2022 01:43,-68.069568,-67.570663
5387,KB_23_42928_42,Female,Killingbeck,2023,31/12/2022,04:45:17,31/12/2022 04:45,31/12/2022 01:45,-68.069974,-67.570985
5388,KB_23_42928_42,Female,Killingbeck,2023,31/12/2022,04:47:14,31/12/2022 04:47,31/12/2022 01:47,-68.06954,-67.570671
5389,KB_23_42928_42,Female,Killingbeck,2023,31/12/2022,04:49:15,31/12/2022 04:49,31/12/2022 01:49,-68.06952,-67.570679
5390,KB_23_42928_42,Female,Killingbeck,2023,31/12/2022,04:51:14,31/12/2022 04:51,31/12/2022 01:51,-68.069569,-67.57073
5391,KB_23_42928_42,Female,Killingbeck,2023,31/12/2022,04:53:14,31/12/2022 04:53,31/12/2022 01:53,-68.069523,-67.570716
5392,KB_23_42928_42,Female,Killingbeck,2023,31/12/2022,04:55:14,31/12/2022 04:55,31/12/2022 01:55,-68.069674,-67.570662
5393,KB_23_42928_42,Female,Killingbeck,2023,31/12/2022,04:57:13,31/12/2022 04:57,31/12/2022 01:57,-68.069576,-67.570807
5394,KB_23_42928_42,Female,Killingbeck,2023,31/12/2022,04:59:10,31/12/2022 04:59,31/12/2022 01:59,-68.0695,-67.570637
5395,KB_23_42928_42,Female,Killingbeck,2023,31/12/2022,05:01:17,31/12/2022 05:01,31/12/2022 02:01,-68.069562,-67.570734
5396,KB_23_42928_42,Female,Killingbeck,2023,31/12/2022,05:03:07,31/12/2022 05:03,31/12/2022 02:03,-68.069598,-67.570717
5397,KB_23_42928_42,Female,Killingbeck,2023,31/12/2022,05:05:07,31/12/2022 05:05,31/12/2022 02:05,-68.069498,-67.5707
5398,KB_23_42928_42,Female,Killingbeck,2023,31/12/2022,05:07:06,31/12/2022 05:07,31/12/2022 02:07,-68.069525,-67.570701
5399,KB_23_42928_42,Female,Killingbeck,2023,31/12/2022,05:09:05,31/12/2022 05:09,31/12/2022 02:09,-68.069512,-67.570756
5400,KB_23_42928_42,Female,Killingbeck,2023,31/12/2022,05:11:04,31/12/2022 05:11,31/12/2022 02:11,-68.069453,-67.570699
5401,KB_23_42928_42,Female,Killingbeck,2023,31/12/2022,05:13:03,31/12/2022 05:13,31/12/2022 02:13,-68.069622,-67.570757
5402,KB_23_42928_42,Female,Killingbeck,2023,31/12/2022,05:15:02,31/12/2022 05:15,31/12/2022 02:15,-68.069621,-67.570719
5403,KB_23_42928_42,Female,Killingbeck,2023,31/12/2022,05:17:12,31/12/2022 05:17,31/12/2022 02:17,-68.069603,-67.570494
5404,KB_23_42928_42,Female,Killingbeck,2023,31/12/2022,05:19:12,31/12/2022 05:19,31/12/2022 02:19,-68.069554,-67.570717
5405,KB_23_42928_42,Female,Killingbeck,2023,31/12/2022,05:21:15,31/12/2022 05:21,31/12/2022 02:21,-68.06961,-67.570643
5406,KB_23_42928_42,Female,Killingbeck,2023,31/12/2022,05:23:11,31/12/2022 05:23,31/12/2022 02:23,-68.06957,-67.5704
5407,KB_23_42928_42,Female,Killingbeck,2023,31/12/2022,05:25:13,31/12/2022 05:25,31/12/2022 02:25,-68.069567,-67.570678
5408,KB_23_42928_42,Female,Killingbeck,2023,31/12/2022,05:27:09,31/12/2022 05:27,31/12/2022 02:27,-68.069528,-67.570541
5409,KB_23_42928_42,Female,Killingbeck,2023,31/12/2022,05:29:10,31/12/2022 05:29,31/12/2022 02:29,-68.069644,-67.570745
5410,KB_23_42928_42,Female,Killingbeck,2023,31/12/2022,05:30:58,31/12/2022 05:30,31/12/2022 02:30,-68.067681,-67.570913
5411,KB_23_42928_42,Female,Killingbeck,2023,31/12/2022,05:32:57,31/12/2022 05:32,31/12/2022 02:32,-68.069589,-67.570707
5412,KB_23_42928_42,Female,Killingbeck,2023,31/12/2022,05:35:04,31/12/2022 05:35,31/12/2022 02:35,-68.069506,-67.570245
5413,KB_23_42928_42,Female,Killingbeck,2023,31/12/2022,05:36:56,31/12/2022 05:36,31/12/2022 02:36,-68.069486,-67.570734
5414,KB_23_42928_42,Female,Killingbeck,2023,31/12/2022,05:39:06,31/12/2022 05:39,31/12/2022 02:39,-68.06945,-67.570712
5415,KB_23_42928_42,Female,Killingbeck,2023,31/12/2022,05:40:55,31/12/2022 05:40,31/12/2022 02:40,-68.073303,-67.569363
5416,KB_23_42928_42,Female,Killingbeck,2023,31/12/2022,05:43:00,31/12/2022 05:43,31/12/2022 02:43,-68.066865,-67.572013
5417,KB_23_42928_42,Female,Killingbeck,2023,31/12/2022,05:45:03,31/12/2022 05:45,31/12/2022 02:45,-68.067776,-67.571596
5418,KB_23_42928_42,Female,Killingbeck,2023,31/12/2022,05:47:02,31/12/2022 05:47,31/12/2022 02:47,-68.067776,-67.571596
5419,KB_23_42928_42,Female,Killingbeck,2023,31/12/2022,05:48:51,31/12/2022 05:48,31/12/2022 02:48,-68.069433,-67.570882
5420,KB_23_42928_42,Female,Killingbeck,2023,31/12/2022,05:51:00,31/12/2022 05:51,31/12/2022 02:51,-68.069343,-67.571023
5421,KB_23_42928_42,Female,Killingbeck,2023,31/12/2022,05:52:49,31/12/2022 05:52,31/12/2022 02:52,-68.068461,-67.571061
5422,KB_23_42928_42,Female,Killingbeck,2023,31/12/2022,05:54:46,31/12/2022 05:54,31/12/2022 02:54,-68.069062,-67.570845
5423,KB_23_42928_42,Female,Killingbeck,2023,31/12/2022,05:56:47,31/12/2022 05:56,31/12/2022 02:56,-68.06918,-67.570879
5424,KB_23_42928_42,Female,Killingbeck,2023,31/12/2022,05:58:54,31/12/2022 05:58,31/12/2022 02:58,-68.06905,-67.570834
5425,KB_23_42928_42,Female,Killingbeck,2023,31/12/2022,06:00:51,31/12/2022 06:00,31/12/2022 03:00,-68.069731,-67.570764
5426,KB_23_42928_42,Female,Killingbeck,2023,31/12/2022,06:02:44,31/12/2022 06:02,31/12/2022 03:02,-68.069337,-67.570839
5427,KB_23_42928_42,Female,Killingbeck,2023,31/12/2022,06:04:49,31/12/2022 06:04,31/12/2022 03:04,-68.069282,-67.570947
5428,KB_23_42928_42,Female,Killingbeck,2023,31/12/2022,06:06:42,31/12/2022 06:06,31/12/2022 03:06,-68.069374,-67.570662
5429,KB_23_42928_42,Female,Killingbeck,2023,31/12/2022,06:08:40,31/12/2022 06:08,31/12/2022 03:08,-68.069444,-67.570624
5430,KB_23_42928_42,Female,Killingbeck,2023,31/12/2022,06:10:39,31/12/2022 06:10,31/12/2022 03:10,-68.069349,-67.570536
5431,KB_23_42928_42,Female,Killingbeck,2023,31/12/2022,06:12:38,31/12/2022 06:12,31/12/2022 03:12,-68.069142,-67.570491
5432,KB_23_42928_42,Female,Killingbeck,2023,31/12/2022,06:14:38,31/12/2022 06:14,31/12/2022 03:14,-68.069185,-67.571037
5433,KB_23_42928_42,Female,Killingbeck,2023,31/12/2022,06:16:37,31/12/2022 06:16,31/12/2022 03:16,-68.069815,-67.570778
5434,KB_23_42928_42,Female,Killingbeck,2023,31/12/2022,06:18:34,31/12/2022 06:18,31/12/2022 03:18,-68.069533,-67.570677
5435,KB_23_42928_42,Female,Killingbeck,2023,31/12/2022,06:20:32,31/12/2022 06:20,31/12/2022 03:20,-68.069484,-67.570646
5436,KB_23_42928_42,Female,Killingbeck,2023,31/12/2022,06:22:33,31/12/2022 06:22,31/12/2022 03:22,-68.069677,-67.57072
5437,KB_23_42928_42,Female,Killingbeck,2023,31/12/2022,06:24:32,31/12/2022 06:24,31/12/2022 03:24,-68.06958,-67.570713
5438,KB_23_42928_42,Female,Killingbeck,2023,31/12/2022,06:26:31,31/12/2022 06:26,31/12/2022 03:26,-68.070245,-67.570985
5439,KB_23_42928_42,Female,Killingbeck,2023,31/12/2022,06:28:29,31/12/2022 06:28,31/12/2022 03:28,-68.06956,-67.570739
5440,KB_23_42928_42,Female,Killingbeck,2023,31/12/2022,06:30:28,31/12/2022 06:30,31/12/2022 03:30,-68.069392,-67.570744
5441,KB_23_42928_42,Female,Killingbeck,2023,31/12/2022,06:32:27,31/12/2022 06:32,31/12/2022 03:32,-68.069537,-67.570767
5442,KB_23_42928_42,Female,Killingbeck,2023,31/12/2022,06:34:26,31/12/2022 06:34,31/12/2022 03:34,-68.069625,-67.57076
5443,KB_23_42928_42,Female,Killingbeck,2023,31/12/2022,06:36:26,31/12/2022 06:36,31/12/2022 03:36,-68.068978,-67.570924
5444,KB_23_42928_42,Female,Killingbeck,2023,31/12/2022,06:38:25,31/12/2022 06:38,31/12/2022 03:38,-68.068987,-67.571003
5445,KB_23_42928_42,Female,Killingbeck,2023,31/12/2022,06:40:25,31/12/2022 06:40,31/12/2022 03:40,-68.068991,-67.570983
5446,KB_23_42928_42,Female,Killingbeck,2023,31/12/2022,06:42:22,31/12/2022 06:42,31/12/2022 03:42,-68.069436,-67.570725
5447,KB_23_42928_42,Female,Killingbeck,2023,31/12/2022,06:44:21,31/12/2022 06:44,31/12/2022 03:44,-68.069379,-67.570736
5448,KB_23_42928_42,Female,Killingbeck,2023,31/12/2022,06:46:21,31/12/2022 06:46,31/12/2022 03:46,-68.069641,-67.570815
5449,KB_23_42928_42,Female,Killingbeck,2023,31/12/2022,06:48:20,31/12/2022 06:48,31/12/2022 03:48,-68.06951,-67.570765
5450,KB_23_42928_42,Female,Killingbeck,2023,31/12/2022,06:50:20,31/12/2022 06:50,31/12/2022 03:50,-68.069514,-67.570773
5451,KB_23_42928_42,Female,Killingbeck,2023,31/12/2022,06:52:18,31/12/2022 06:52,31/12/2022 03:52,-68.069487,-67.570782
5452,KB_23_42928_42,Female,Killingbeck,2023,31/12/2022,06:54:17,31/12/2022 06:54,31/12/2022 03:54,-68.069476,-67.570754
5453,KB_23_42928_42,Female,Killingbeck,2023,31/12/2022,06:56:16,31/12/2022 06:56,31/12/2022 03:56,-68.069385,-67.570765
5454,KB_23_42928_42,Female,Killingbeck,2023,31/12/2022,06:58:16,31/12/2022 06:58,31/12/2022 03:58,-68.069539,-67.570643
5455,KB_23_42928_42,Female,Killingbeck,2023,31/12/2022,07:00:14,31/12/2022 07:00,31/12/2022 04:00,-68.069441,-67.57073
5456,KB_23_42928_42,Female,Killingbeck,2023,31/12/2022,07:02:13,31/12/2022 07:02,31/12/2022 04:02,-68.069455,-67.570758
5457,KB_23_42928_42,Female,Killingbeck,2023,31/12/2022,07:04:14,31/12/2022 07:04,31/12/2022 04:04,-68.069522,-67.570769
5458,KB_23_42928_42,Female,Killingbeck,2023,31/12/2022,07:06:11,31/12/2022 07:06,31/12/2022 04:06,-68.069523,-67.570807
5459,KB_23_42928_42,Female,Killingbeck,2023,31/12/2022,07:08:11,31/12/2022 07:08,31/12/2022 04:08,-68.069467,-67.570939
5460,KB_23_42928_42,Female,Killingbeck,2023,31/12/2022,07:10:12,31/12/2022 07:10,31/12/2022 04:10,-68.069478,-67.570824
5461,KB_23_42928_42,Female,Killingbeck,2023,31/12/2022,07:12:19,31/12/2022 07:12,31/12/2022 04:12,-68.069884,-67.570869
5462,KB_23_42928_42,Female,Killingbeck,2023,31/12/2022,07:14:09,31/12/2022 07:14,31/12/2022 04:14,-68.069625,-67.570694
5463,KB_23_42928_42,Female,Killingbeck,2023,31/12/2022,07:16:07,31/12/2022 07:16,31/12/2022 04:16,-68.069704,-67.570855
5464,KB_23_42928_42,Female,Killingbeck,2023,31/12/2022,07:18:21,31/12/2022 07:18,31/12/2022 04:18,-68.069369,-67.57064
5465,KB_23_42928_42,Female,Killingbeck,2023,31/12/2022,07:20:07,31/12/2022 07:20,31/12/2022 04:20,-68.069641,-67.57059
5466,KB_23_42928_42,Female,Killingbeck,2023,31/12/2022,07:22:11,31/12/2022 07:22,31/12/2022 04:22,-68.069641,-67.570757
5467,KB_23_42928_42,Female,Killingbeck,2023,31/12/2022,07:24:05,31/12/2022 07:24,31/12/2022 04:24,-68.069642,-67.570808
5468,KB_23_42928_42,Female,Killingbeck,2023,31/12/2022,07:26:02,31/12/2022 07:26,31/12/2022 04:26,-68.069594,-67.570709
5469,KB_23_42928_42,Female,Killingbeck,2023,31/12/2022,07:28:10,31/12/2022 07:28,31/12/2022 04:28,-68.069498,-67.570794
5470,KB_23_42928_42,Female,Killingbeck,2023,31/12/2022,07:30:02,31/12/2022 07:30,31/12/2022 04:30,-68.069645,-67.570751
5471,KB_23_42928_42,Female,Killingbeck,2023,31/12/2022,07:32:08,31/12/2022 07:32,31/12/2022 04:32,-68.070163,-67.570833
5472,KB_23_42928_42,Female,Killingbeck,2023,31/12/2022,07:34:11,31/12/2022 07:34,31/12/2022 04:34,-68.069939,-67.570799
5473,KB_23_42928_42,Female,Killingbeck,2023,31/12/2022,07:36:01,31/12/2022 07:36,31/12/2022 04:36,-68.069527,-67.570742
5474,KB_23_42928_42,Female,Killingbeck,2023,31/12/2022,07:38:07,31/12/2022 07:38,31/12/2022 04:38,-68.07015,-67.570849
5475,KB_23_42928_42,Female,Killingbeck,2023,31/12/2022,07:39:59,31/12/2022 07:39,31/12/2022 04:39,-68.069618,-67.570743
5476,KB_23_42928_42,Female,Killingbeck,2023,31/12/2022,07:41:58,31/12/2022 07:41,31/12/2022 04:41,-68.069332,-67.570779
5477,KB_23_42928_42,Female,Killingbeck,2023,31/12/2022,07:43:58,31/12/2022 07:43,31/12/2022 04:43,-68.069516,-67.570558
5478,KB_23_42928_42,Female,Killingbeck,2023,31/12/2022,07:45:57,31/12/2022 07:45,31/12/2022 04:45,-68.069341,-67.570798
5479,KB_23_42928_42,Female,Killingbeck,2023,31/12/2022,07:47:55,31/12/2022 07:47,31/12/2022 04:47,-68.069447,-67.570748
5480,KB_23_42928_42,Female,Killingbeck,2023,31/12/2022,07:49:55,31/12/2022 07:49,31/12/2022 04:49,-68.06953,-67.570736
5481,KB_23_42928_42,Female,Killingbeck,2023,31/12/2022,07:51:57,31/12/2022 07:51,31/12/2022 04:51,-68.069558,-67.570787
5482,KB_23_42928_42,Female,Killingbeck,2023,31/12/2022,07:53:54,31/12/2022 07:53,31/12/2022 04:53,-68.069507,-67.570807
5483,KB_23_42928_42,Female,Killingbeck,2023,31/12/2022,07:55:52,31/12/2022 07:55,31/12/2022 04:55,-68.069464,-67.570754
5484,KB_23_42928_42,Female,Killingbeck,2023,31/12/2022,07:57:52,31/12/2022 07:57,31/12/2022 04:57,-68.069521,-67.570617
5485,KB_23_42928_42,Female,Killingbeck,2023,31/12/2022,07:59:51,31/12/2022 07:59,31/12/2022 04:59,-68.06962,-67.57049
5486,KB_23_42928_42,Female,Killingbeck,2023,31/12/2022,08:01:51,31/12/2022 08:01,31/12/2022 05:01,-68.069573,-67.570545
5487,KB_23_42928_42,Female,Killingbeck,2023,31/12/2022,08:03:53,31/12/2022 08:03,31/12/2022 05:03,-68.069635,-67.570599
5488,KB_23_42928_42,Female,Killingbeck,2023,31/12/2022,08:05:49,31/12/2022 08:05,31/12/2022 05:05,-68.069607,-67.570535
5489,KB_23_42928_42,Female,Killingbeck,2023,31/12/2022,08:07:48,31/12/2022 08:07,31/12/2022 05:07,-68.06968,-67.570609
5490,KB_23_42928_42,Female,Killingbeck,2023,31/12/2022,08:09:46,31/12/2022 08:09,31/12/2022 05:09,-68.069588,-67.57065
5491,KB_23_42928_42,Female,Killingbeck,2023,31/12/2022,08:11:47,31/12/2022 08:11,31/12/2022 05:11,-68.069782,-67.570493
5492,KB_23_42928_42,Female,Killingbeck,2023,31/12/2022,08:13:46,31/12/2022 08:13,31/12/2022 05:13,-68.069797,-67.570491
5493,KB_23_42928_42,Female,Killingbeck,2023,31/12/2022,08:15:43,31/12/2022 08:15,31/12/2022 05:15,-68.069302,-67.570796
5494,KB_23_42928_42,Female,Killingbeck,2023,31/12/2022,08:17:44,31/12/2022 08:17,31/12/2022 05:17,-68.06931,-67.570893
5495,KB_23_42928_42,Female,Killingbeck,2023,31/12/2022,08:19:47,31/12/2022 08:19,31/12/2022 05:19,-68.069364,-67.570746
5496,KB_23_42928_42,Female,Killingbeck,2023,31/12/2022,08:21:53,31/12/2022 08:21,31/12/2022 05:21,-68.069319,-67.570794
5497,KB_23_42928_42,Female,Killingbeck,2023,31/12/2022,08:23:40,31/12/2022 08:23,31/12/2022 05:23,-68.069286,-67.570719
5498,KB_23_42928_42,Female,Killingbeck,2023,31/12/2022,08:25:39,31/12/2022 08:25,31/12/2022 05:25,-68.069301,-67.570716
5499,KB_23_42928_42,Female,Killingbeck,2023,31/12/2022,08:27:54,31/12/2022 08:27,31/12/2022 05:27,0,0
5500,KB_23_42928_42,Female,Killingbeck,2023,31/12/2022,08:29:47,31/12/2022 08:29,31/12/2022 05:29,-68.069444,-67.570795
5501,KB_23_42928_42,Female,Killingbeck,2023,31/12/2022,08:31:44,31/12/2022 08:31,31/12/2022 05:31,-68.069313,-67.570757
5502,KB_23_42928_42,Female,Killingbeck,2023,31/12/2022,08:33:36,31/12/2022 08:33,31/12/2022 05:33,-68.069426,-67.570674
5503,KB_23_42928_42,Female,Killingbeck,2023,31/12/2022,08:35:35,31/12/2022 08:35,31/12/2022 05:35,-68.069632,-67.570619
5504,KB_23_42928_42,Female,Killingbeck,2023,31/12/2022,08:37:33,31/12/2022 08:37,31/12/2022 05:37,-68.069375,-67.5707
5505,KB_23_42928_42,Female,Killingbeck,2023,31/12/2022,08:39:32,31/12/2022 08:39,31/12/2022 05:39,-68.069405,-67.570689
5506,KB_23_42928_42,Female,Killingbeck,2023,31/12/2022,08:41:31,31/12/2022 08:41,31/12/2022 05:41,-68.069294,-67.570739
5507,KB_23_42928_42,Female,Killingbeck,2023,31/12/2022,08:43:31,31/12/2022 08:43,31/12/2022 05:43,-68.069353,-67.570685
5508,KB_23_42928_42,Female,Killingbeck,2023,31/12/2022,08:45:34,31/12/2022 08:45,31/12/2022 05:45,-68.068712,-67.570436
5509,KB_23_42928_42,Female,Killingbeck,2023,31/12/2022,08:47:29,31/12/2022 08:47,31/12/2022 05:47,-68.069376,-67.57068
5510,KB_23_42928_42,Female,Killingbeck,2023,31/12/2022,08:49:33,31/12/2022 08:49,31/12/2022 05:49,-68.080386,-67.573014
5511,KB_23_42928_42,Female,Killingbeck,2023,31/12/2022,08:51:32,31/12/2022 08:51,31/12/2022 05:51,-68.076341,-67.572747
5512,KB_23_42928_42,Female,Killingbeck,2023,31/12/2022,08:54:46,31/12/2022 08:54,31/12/2022 05:54,-68.076417,-67.57266
5513,KB_23_42928_42,Female,Killingbeck,2023,31/12/2022,08:56:45,31/12/2022 08:56,31/12/2022 05:56,-68.076377,-67.572732
5514,KB_23_42928_42,Female,Killingbeck,2023,31/12/2022,08:58:43,31/12/2022 08:58,31/12/2022 05:58,-68.079187,-67.57295
5515,KB_23_42928_42,Female,Killingbeck,2023,31/12/2022,09:01:16,31/12/2022 09:01,31/12/2022 06:01,-68.080731,-67.57323
5516,KB_23_42928_42,Female,Killingbeck,2023,31/12/2022,09:03:52,31/12/2022 09:03,31/12/2022 06:03,-68.080035,-67.573087
5517,KB_23_42928_42,Female,Killingbeck,2023,31/12/2022,09:06:08,31/12/2022 09:06,31/12/2022 06:06,-68.078902,-67.573092
5518,KB_23_42928_42,Female,Killingbeck,2023,31/12/2022,09:09:09,31/12/2022 09:09,31/12/2022 06:09,-68.080734,-67.573299
5519,KB_23_42928_42,Female,Killingbeck,2023,31/12/2022,09:11:08,31/12/2022 09:11,31/12/2022 06:11,-68.076297,-67.572779
5520,KB_23_42928_42,Female,Killingbeck,2023,31/12/2022,09:13:08,31/12/2022 09:13,31/12/2022 06:13,-68.0764,-67.572743
5521,KB_23_42928_42,Female,Killingbeck,2023,31/12/2022,09:15:07,31/12/2022 09:15,31/12/2022 06:15,-68.087751,-67.573624
5522,KB_23_42928_42,Female,Killingbeck,2023,31/12/2022,09:17:52,31/12/2022 09:17,31/12/2022 06:17,-68.089537,-67.577975
5523,KB_23_42928_42,Female,Killingbeck,2023,31/12/2022,09:19:51,31/12/2022 09:19,31/12/2022 06:19,-68.088055,-67.57686
5524,KB_23_42928_42,Female,Killingbeck,2023,31/12/2022,09:22:20,31/12/2022 09:22,31/12/2022 06:22,-68.078619,-67.573065
5525,KB_23_42928_42,Female,Killingbeck,2023,31/12/2022,09:24:53,31/12/2022 09:24,31/12/2022 06:24,-68.079212,-67.57358
5526,KB_23_42928_42,Female,Killingbeck,2023,31/12/2022,09:26:53,31/12/2022 09:26,31/12/2022 06:26,-68.079576,-67.573855
5527,KB_23_42928_42,Female,Killingbeck,2023,31/12/2022,09:28:53,31/12/2022 09:28,31/12/2022 06:28,-68.079323,-67.573938
5528,KB_23_42928_42,Female,Killingbeck,2023,31/12/2022,09:31:29,31/12/2022 09:31,31/12/2022 06:31,-68.079941,-67.573867
5529,KB_23_42928_42,Female,Killingbeck,2023,31/12/2022,09:34:12,31/12/2022 09:34,31/12/2022 06:34,-68.081013,-67.573463
5530,KB_23_42928_42,Female,Killingbeck,2023,31/12/2022,09:36:12,31/12/2022 09:36,31/12/2022 06:36,-68.077184,-67.572827
5531,KB_23_42928_42,Female,Killingbeck,2023,31/12/2022,09:38:11,31/12/2022 09:38,31/12/2022 06:38,-68.076374,-67.57275
5532,KB_23_42928_42,Female,Killingbeck,2023,31/12/2022,09:40:10,31/12/2022 09:40,31/12/2022 06:40,-68.076297,-67.57274
5533,KB_23_42928_42,Female,Killingbeck,2023,31/12/2022,09:42:09,31/12/2022 09:42,31/12/2022 06:42,-68.076345,-67.572704
5534,KB_23_42928_42,Female,Killingbeck,2023,31/12/2022,09:44:08,31/12/2022 09:44,31/12/2022 06:44,-68.07636,-67.572763
5535,KB_23_42928_42,Female,Killingbeck,2023,31/12/2022,09:46:07,31/12/2022 09:46,31/12/2022 06:46,-68.076232,-67.572714
5536,KB_23_42928_42,Female,Killingbeck,2023,31/12/2022,09:48:06,31/12/2022 09:48,31/12/2022 06:48,-68.076332,-67.572733
5537,KB_23_42928_42,Female,Killingbeck,2023,31/12/2022,09:50:05,31/12/2022 09:50,31/12/2022 06:50,-68.076241,-67.572688
5538,KB_23_42928_42,Female,Killingbeck,2023,31/12/2022,09:52:04,31/12/2022 09:52,31/12/2022 06:52,-68.076256,-67.572846
5539,KB_23_42928_42,Female,Killingbeck,2023,31/12/2022,09:54:06,31/12/2022 09:54,31/12/2022 06:54,-68.076231,-67.57268
5540,KB_23_42928_42,Female,Killingbeck,2023,31/12/2022,09:56:03,31/12/2022 09:56,31/12/2022 06:56,-68.076,-67.572739
5541,KB_23_42928_42,Female,Killingbeck,2023,31/12/2022,09:58:02,31/12/2022 09:58,31/12/2022 06:58,-68.069005,-67.572635
5542,KB_23_42928_42,Female,Killingbeck,2023,31/12/2022,10:00:02,31/12/2022 10:00,31/12/2022 07:00,-68.075757,-67.573593
5543,KB_23_42928_42,Female,Killingbeck,2023,31/12/2022,10:02:02,31/12/2022 10:02,31/12/2022 07:02,-68.075624,-67.5739
5544,KB_23_42928_42,Female,Killingbeck,2023,31/12/2022,10:04:58,31/12/2022 10:04,31/12/2022 07:04,-68.077423,-67.574107
5545,KB_23_42928_42,Female,Killingbeck,2023,31/12/2022,10:07:44,31/12/2022 10:07,31/12/2022 07:07,-68.077395,-67.573771
5546,KB_23_42928_42,Female,Killingbeck,2023,31/12/2022,10:09:43,31/12/2022 10:09,31/12/2022 07:09,-68.077463,-67.574097
5547,KB_23_42928_42,Female,Killingbeck,2023,31/12/2022,10:11:45,31/12/2022 10:11,31/12/2022 07:11,-68.079491,-67.572823
5548,KB_23_42928_42,Female,Killingbeck,2023,31/12/2022,10:13:43,31/12/2022 10:13,31/12/2022 07:13,-68.079085,-67.573242
5549,KB_23_42928_42,Female,Killingbeck,2023,31/12/2022,10:16:01,31/12/2022 10:16,31/12/2022 07:16,-68.079344,-67.573317
5550,KB_23_42928_42,Female,Killingbeck,2023,31/12/2022,10:18:09,31/12/2022 10:18,31/12/2022 07:18,-68.079641,-67.573411
5551,KB_23_42928_42,Female,Killingbeck,2023,31/12/2022,10:20:21,31/12/2022 10:20,31/12/2022 07:20,-68.079788,-67.573668
5552,KB_23_42928_42,Female,Killingbeck,2023,31/12/2022,10:22:21,31/12/2022 10:22,31/12/2022 07:22,-68.07925,-67.573735
5553,KB_23_42928_42,Female,Killingbeck,2023,31/12/2022,10:24:20,31/12/2022 10:24,31/12/2022 07:24,-68.078847,-67.574033
5554,KB_23_42928_42,Female,Killingbeck,2023,31/12/2022,10:26:19,31/12/2022 10:26,31/12/2022 07:26,-68.079048,-67.574074
5555,KB_23_42928_42,Female,Killingbeck,2023,31/12/2022,10:28:40,31/12/2022 10:28,31/12/2022 07:28,-68.078798,-67.573922
5556,KB_23_42928_42,Female,Killingbeck,2023,31/12/2022,10:30:40,31/12/2022 10:30,31/12/2022 07:30,-68.078996,-67.573981
5557,KB_23_42928_42,Female,Killingbeck,2023,31/12/2022,10:32:41,31/12/2022 10:32,31/12/2022 07:32,-68.079108,-67.573926
5558,KB_23_42928_42,Female,Killingbeck,2023,31/12/2022,10:34:40,31/12/2022 10:34,31/12/2022 07:34,-68.079134,-67.574022
5559,KB_23_42928_42,Female,Killingbeck,2023,31/12/2022,10:36:40,31/12/2022 10:36,31/12/2022 07:36,-68.078864,-67.573914
5560,KB_23_42928_42,Female,Killingbeck,2023,31/12/2022,10:38:39,31/12/2022 10:38,31/12/2022 07:38,-68.078934,-67.573938
5561,KB_23_42928_42,Female,Killingbeck,2023,31/12/2022,10:40:44,31/12/2022 10:40,31/12/2022 07:40,-68.079296,-67.57391
5562,KB_23_42928_42,Female,Killingbeck,2023,31/12/2022,10:42:43,31/12/2022 10:42,31/12/2022 07:42,-68.079271,-67.573924
5563,KB_23_42928_42,Female,Killingbeck,2023,31/12/2022,10:44:45,31/12/2022 10:44,31/12/2022 07:44,-68.078941,-67.573911
5564,KB_23_42928_42,Female,Killingbeck,2023,31/12/2022,10:46:44,31/12/2022 10:46,31/12/2022 07:46,-68.076355,-67.572709
5565,KB_23_42928_42,Female,Killingbeck,2023,31/12/2022,10:48:44,31/12/2022 10:48,31/12/2022 07:48,-68.076756,-67.572411
5566,KB_23_42928_42,Female,Killingbeck,2023,31/12/2022,10:50:47,31/12/2022 10:50,31/12/2022 07:50,-68.076935,-67.572496
5567,KB_23_42928_42,Female,Killingbeck,2023,31/12/2022,10:52:52,31/12/2022 10:52,31/12/2022 07:52,-68.080506,-67.571617
5568,KB_23_42928_42,Female,Killingbeck,2023,31/12/2022,10:54:51,31/12/2022 10:54,31/12/2022 07:54,-68.080486,-67.57176
5569,KB_23_42928_42,Female,Killingbeck,2023,31/12/2022,10:56:50,31/12/2022 10:56,31/12/2022 07:56,-68.080069,-67.57182
5570,KB_23_42928_42,Female,Killingbeck,2023,31/12/2022,10:58:58,31/12/2022 10:58,31/12/2022 07:58,-68.069899,-67.570744
5571,KB_23_42928_42,Female,Killingbeck,2023,31/12/2022,11:00:50,31/12/2022 11:00,31/12/2022 08:00,-68.071117,-67.570207
5572,KB_23_42928_42,Female,Killingbeck,2023,31/12/2022,11:02:05,31/12/2022 11:02,31/12/2022 08:02,-68.069701,-67.570688
5573,KB_23_42928_42,Female,Killingbeck,2023,31/12/2022,11:04:14,31/12/2022 11:04,31/12/2022 08:04,-68.06937,-67.571026
5574,KB_23_42928_42,Female,Killingbeck,2023,31/12/2022,11:06:15,31/12/2022 11:06,31/12/2022 08:06,-68.07072,-67.570251
5575,KB_23_42928_42,Female,Killingbeck,2023,31/12/2022,11:08:14,31/12/2022 11:08,31/12/2022 08:08,-68.069296,-67.571102
5576,KB_23_42928_42,Female,Killingbeck,2023,31/12/2022,11:10:13,31/12/2022 11:10,31/12/2022 08:10,-68.069423,-67.57108
5577,KB_23_42928_42,Female,Killingbeck,2023,31/12/2022,11:12:04,31/12/2022 11:12,31/12/2022 08:12,-68.069565,-67.570633
5578,KB_23_42928_42,Female,Killingbeck,2023,31/12/2022,11:14:04,31/12/2022 11:14,31/12/2022 08:14,-68.069483,-67.570614
5579,KB_23_42928_42,Female,Killingbeck,2023,31/12/2022,11:16:02,31/12/2022 11:16,31/12/2022 08:16,-68.06942,-67.570557
5580,KB_23_42928_42,Female,Killingbeck,2023,31/12/2022,11:18:02,31/12/2022 11:18,31/12/2022 08:18,-68.069497,-67.570634
5581,KB_23_42928_42,Female,Killingbeck,2023,31/12/2022,11:20:01,31/12/2022 11:20,31/12/2022 08:20,-68.069542,-67.570682
5582,KB_23_42928_42,Female,Killingbeck,2023,31/12/2022,11:22:02,31/12/2022 11:22,31/12/2022 08:22,-68.069169,-67.570664
5583,KB_23_42928_42,Female,Killingbeck,2023,31/12/2022,11:23:59,31/12/2022 11:23,31/12/2022 08:23,-68.069507,-67.570606
5584,KB_23_42928_42,Female,Killingbeck,2023,31/12/2022,11:25:58,31/12/2022 11:25,31/12/2022 08:25,-68.069596,-67.570598
5585,KB_23_42928_42,Female,Killingbeck,2023,31/12/2022,11:27:57,31/12/2022 11:27,31/12/2022 08:27,-68.069291,-67.570662
5586,KB_23_42928_42,Female,Killingbeck,2023,31/12/2022,11:29:57,31/12/2022 11:29,31/12/2022 08:29,-68.069491,-67.570628
5587,KB_23_42928_42,Female,Killingbeck,2023,31/12/2022,11:31:44,31/12/2022 11:31,31/12/2022 08:31,-68.069521,-67.570668
5588,KB_23_42928_42,Female,Killingbeck,2023,31/12/2022,11:33:43,31/12/2022 11:33,31/12/2022 08:33,-68.069674,-67.570651
5589,KB_23_42928_42,Female,Killingbeck,2023,31/12/2022,11:35:42,31/12/2022 11:35,31/12/2022 08:35,-68.069538,-67.570611
5590,KB_23_42928_42,Female,Killingbeck,2023,31/12/2022,11:37:41,31/12/2022 11:37,31/12/2022 08:37,-68.069462,-67.570613
5591,KB_23_42928_42,Female,Killingbeck,2023,31/12/2022,11:39:40,31/12/2022 11:39,31/12/2022 08:39,-68.069583,-67.570658
5592,KB_23_42928_42,Female,Killingbeck,2023,31/12/2022,11:41:39,31/12/2022 11:41,31/12/2022 08:41,-68.079295,-67.573313
5593,KB_23_42928_42,Female,Killingbeck,2023,31/12/2022,11:44:36,31/12/2022 11:44,31/12/2022 08:44,-68.07969,-67.573614
5594,KB_23_42928_42,Female,Killingbeck,2023,31/12/2022,11:46:48,31/12/2022 11:46,31/12/2022 08:46,-68.079151,-67.573784
5595,KB_23_42928_42,Female,Killingbeck,2023,31/12/2022,11:48:47,31/12/2022 11:48,31/12/2022 08:48,-68.079221,-67.573783
5596,KB_23_42928_42,Female,Killingbeck,2023,31/12/2022,11:50:46,31/12/2022 11:50,31/12/2022 08:50,-68.079614,-67.573785
5597,KB_23_42928_42,Female,Killingbeck,2023,31/12/2022,11:52:45,31/12/2022 11:52,31/12/2022 08:52,-68.078197,-67.573578
5598,KB_23_42928_42,Female,Killingbeck,2023,31/12/2022,11:54:45,31/12/2022 11:54,31/12/2022 08:54,-68.078864,-67.573061
5599,KB_23_42928_42,Female,Killingbeck,2023,31/12/2022,11:57:10,31/12/2022 11:57,31/12/2022 08:57,-68.079817,-67.572981
5600,KB_23_42928_42,Female,Killingbeck,2023,31/12/2022,11:59:09,31/12/2022 11:59,31/12/2022 08:59,-68.078936,-67.572888
5601,KB_23_42928_42,Female,Killingbeck,2023,31/12/2022,12:01:21,31/12/2022 12:01,31/12/2022 09:01,-68.078428,-67.572527
5602,KB_23_42928_42,Female,Killingbeck,2023,31/12/2022,12:04:45,31/12/2022 12:04,31/12/2022 09:04,-68.079071,-67.572409
5603,KB_23_42928_42,Female,Killingbeck,2023,31/12/2022,12:07:00,31/12/2022 12:07,31/12/2022 09:07,-68.078139,-67.572345
5604,KB_23_42928_42,Female,Killingbeck,2023,31/12/2022,12:09:00,31/12/2022 12:09,31/12/2022 09:09,-68.078545,-67.572803
5605,KB_23_42928_42,Female,Killingbeck,2023,31/12/2022,12:11:37,31/12/2022 12:11,31/12/2022 09:11,-68.080574,-67.573185
5606,KB_23_42928_42,Female,Killingbeck,2023,31/12/2022,12:14:33,31/12/2022 12:14,31/12/2022 09:14,-68.080948,-67.573106
5607,KB_23_42928_42,Female,Killingbeck,2023,31/12/2022,12:16:33,31/12/2022 12:16,31/12/2022 09:16,-68.080553,-67.572828
5608,KB_23_42928_42,Female,Killingbeck,2023,31/12/2022,12:18:46,31/12/2022 12:18,31/12/2022 09:18,-68.076713,-67.571327
5609,KB_23_42928_42,Female,Killingbeck,2023,31/12/2022,12:20:56,31/12/2022 12:20,31/12/2022 09:20,-68.070044,-67.571325
5610,KB_23_42928_42,Female,Killingbeck,2023,31/12/2022,12:22:56,31/12/2022 12:22,31/12/2022 09:22,-68.069532,-67.570724
5611,KB_23_42928_42,Female,Killingbeck,2023,31/12/2022,12:24:53,31/12/2022 12:24,31/12/2022 09:24,-68.069397,-67.570592
5612,KB_23_42928_42,Female,Killingbeck,2023,31/12/2022,12:26:44,31/12/2022 12:26,31/12/2022 09:26,-68.069454,-67.570642
5613,KB_23_42928_42,Female,Killingbeck,2023,31/12/2022,12:28:42,31/12/2022 12:28,31/12/2022 09:28,-68.069559,-67.570613
5614,KB_23_42928_42,Female,Killingbeck,2023,31/12/2022,12:30:41,31/12/2022 12:30,31/12/2022 09:30,-68.06951,-67.570673
5615,KB_23_42928_42,Female,Killingbeck,2023,31/12/2022,12:32:43,31/12/2022 12:32,31/12/2022 09:32,-68.069466,-67.570617
5616,KB_23_42928_42,Female,Killingbeck,2023,31/12/2022,12:34:42,31/12/2022 12:34,31/12/2022 09:34,-68.069618,-67.570655
5617,KB_23_42928_42,Female,Killingbeck,2023,31/12/2022,12:36:24,31/12/2022 12:36,31/12/2022 09:36,-68.069612,-67.570713
5618,KB_23_42928_42,Female,Killingbeck,2023,31/12/2022,12:38:28,31/12/2022 12:38,31/12/2022 09:38,-68.069567,-67.570571
5619,KB_23_42928_42,Female,Killingbeck,2023,31/12/2022,12:40:20,31/12/2022 12:40,31/12/2022 09:40,-68.085744,-67.5704
5620,KB_23_42928_42,Female,Killingbeck,2023,31/12/2022,12:42:19,31/12/2022 12:42,31/12/2022 09:42,-68.137253,-67.570685
5621,KB_23_42928_42,Female,Killingbeck,2023,31/12/2022,12:44:18,31/12/2022 12:44,31/12/2022 09:44,-68.175377,-67.560129
5622,KB_23_42928_42,Female,Killingbeck,2023,31/12/2022,12:46:17,31/12/2022 12:46,31/12/2022 09:46,-68.210574,-67.551606
5623,KB_23_42928_42,Female,Killingbeck,2023,31/12/2022,12:49:23,31/12/2022 12:49,31/12/2022 09:49,-68.217762,-67.550541
5624,KB_23_42928_42,Female,Killingbeck,2023,31/12/2022,12:51:22,31/12/2022 12:51,31/12/2022 09:51,-68.226496,-67.544563
5625,KB_23_42928_42,Female,Killingbeck,2023,31/12/2022,12:54:19,31/12/2022 12:54,31/12/2022 09:54,-67.39642199,-67.37308005
5626,KB_23_42928_42,Female,Killingbeck,2023,31/12/2022,12:56:59,31/12/2022 12:56,31/12/2022 09:56,-68.224563,-67.54582
5627,KB_23_42928_42,Female,Killingbeck,2023,31/12/2022,12:58:58,31/12/2022 12:58,31/12/2022 09:58,-68.229514,-67.54379
5628,KB_23_42928_42,Female,Killingbeck,2023,31/12/2022,13:02:38,31/12/2022 13:02,31/12/2022 10:02,-68.231179,-67.543891
5629,KB_23_42928_42,Female,Killingbeck,2023,31/12/2022,13:04:37,31/12/2022 13:04,31/12/2022 10:04,-68.231721,-67.54386
5630,KB_23_42928_42,Female,Killingbeck,2023,31/12/2022,13:06:36,31/12/2022 13:06,31/12/2022 10:06,-68.232058,-67.543994
5631,KB_23_42928_42,Female,Killingbeck,2023,31/12/2022,13:08:35,31/12/2022 13:08,31/12/2022 10:08,-68.208437,-67.552214
5632,KB_23_42928_42,Female,Killingbeck,2023,31/12/2022,13:11:09,31/12/2022 13:11,31/12/2022 10:11,0,0
5633,KB_23_42928_42,Female,Killingbeck,2023,31/12/2022,13:13:51,31/12/2022 13:13,31/12/2022 10:13,-68.171571,-67.560821
5634,KB_23_42928_42,Female,Killingbeck,2023,31/12/2022,13:15:50,31/12/2022 13:15,31/12/2022 10:15,-68.172038,-67.560996
5635,KB_23_42928_42,Female,Killingbeck,2023,31/12/2022,13:17:49,31/12/2022 13:17,31/12/2022 10:17,-68.169894,-67.55993
5636,KB_23_42928_42,Female,Killingbeck,2023,31/12/2022,13:19:51,31/12/2022 13:19,31/12/2022 10:19,-68.169703,-67.55874
5637,KB_23_42928_42,Female,Killingbeck,2023,31/12/2022,13:22:08,31/12/2022 13:22,31/12/2022 10:22,-68.16918,-67.559031
5638,KB_23_42928_42,Female,Killingbeck,2023,31/12/2022,13:24:27,31/12/2022 13:24,31/12/2022 10:24,-68.168869,-67.559464
5639,KB_23_42928_42,Female,Killingbeck,2023,31/12/2022,13:26:52,31/12/2022 13:26,31/12/2022 10:26,-68.168032,-67.560139
5640,KB_23_42928_42,Female,Killingbeck,2023,31/12/2022,13:29:00,31/12/2022 13:29,31/12/2022 10:29,-68.166983,-67.560598
5641,KB_23_42928_42,Female,Killingbeck,2023,31/12/2022,13:30:50,31/12/2022 13:30,31/12/2022 10:30,-68.165186,-67.564566
5642,KB_23_42928_42,Female,Killingbeck,2023,31/12/2022,13:32:49,31/12/2022 13:32,31/12/2022 10:32,-68.130507,-67.568997
5643,KB_23_42928_42,Female,Killingbeck,2023,31/12/2022,13:34:48,31/12/2022 13:34,31/12/2022 10:34,-68.134383,-67.568995
5644,KB_23_42928_42,Female,Killingbeck,2023,31/12/2022,13:36:57,31/12/2022 13:36,31/12/2022 10:36,-68.133926,-67.569003
5645,KB_23_42928_42,Female,Killingbeck,2023,31/12/2022,13:39:11,31/12/2022 13:39,31/12/2022 10:39,-68.132764,-67.568998
5646,KB_23_42928_42,Female,Killingbeck,2023,31/12/2022,13:41:33,31/12/2022 13:41,31/12/2022 10:41,-68.13183,-67.569048
5647,KB_23_42928_42,Female,Killingbeck,2023,31/12/2022,13:43:33,31/12/2022 13:43,31/12/2022 10:43,-68.108988,-67.575744
5648,KB_23_42928_42,Female,Killingbeck,2023,31/12/2022,13:45:33,31/12/2022 13:45,31/12/2022 10:45,-68.080208,-67.573281
5649,KB_23_42928_42,Female,Killingbeck,2023,31/12/2022,13:47:35,31/12/2022 13:47,31/12/2022 10:47,-68.080884,-67.573404
5650,KB_23_42928_42,Female,Killingbeck,2023,31/12/2022,13:50:08,31/12/2022 13:50,31/12/2022 10:50,-68.08007,-67.573277
5651,KB_23_42928_42,Female,Killingbeck,2023,31/12/2022,13:52:24,31/12/2022 13:52,31/12/2022 10:52,-68.080267,-67.573313
5652,KB_23_42928_42,Female,Killingbeck,2023,31/12/2022,13:54:57,31/12/2022 13:54,31/12/2022 10:54,-68.080535,-67.573273
5653,KB_23_42928_42,Female,Killingbeck,2023,31/12/2022,13:56:57,31/12/2022 13:56,31/12/2022 10:56,-68.080789,-67.573486
5654,KB_23_42928_42,Female,Killingbeck,2023,31/12/2022,13:59:23,31/12/2022 13:59,31/12/2022 10:59,-68.080339,-67.573249
5655,KB_23_42928_42,Female,Killingbeck,2023,31/12/2022,14:01:59,31/12/2022 14:01,31/12/2022 11:01,-68.08058,-67.573565
5656,KB_23_42928_42,Female,Killingbeck,2023,31/12/2022,14:04:00,31/12/2022 14:04,31/12/2022 11:04,-68.080703,-67.573414
5657,KB_23_42928_42,Female,Killingbeck,2023,31/12/2022,14:06:47,31/12/2022 14:06,31/12/2022 11:06,-68.080689,-67.573269
5658,KB_23_42928_42,Female,Killingbeck,2023,31/12/2022,14:08:47,31/12/2022 14:08,31/12/2022 11:08,-68.08083,-67.573157
5659,KB_23_42928_42,Female,Killingbeck,2023,31/12/2022,14:10:54,31/12/2022 14:10,31/12/2022 11:10,-68.080788,-67.573385
5660,KB_23_42928_42,Female,Killingbeck,2023,31/12/2022,14:13:11,31/12/2022 14:13,31/12/2022 11:13,-68.080496,-67.573397
5661,KB_23_42928_42,Female,Killingbeck,2023,31/12/2022,14:15:11,31/12/2022 14:15,31/12/2022 11:15,-68.08025,-67.573732
5662,KB_23_42928_42,Female,Killingbeck,2023,31/12/2022,14:17:12,31/12/2022 14:17,31/12/2022 11:17,-68.080456,-67.573628
5663,KB_23_42928_42,Female,Killingbeck,2023,31/12/2022,14:19:12,31/12/2022 14:19,31/12/2022 11:19,-68.080049,-67.573879
5664,KB_23_42928_42,Female,Killingbeck,2023,31/12/2022,14:21:10,31/12/2022 14:21,31/12/2022 11:21,-68.0685,-67.571451
5665,KB_23_42928_42,Female,Killingbeck,2023,31/12/2022,14:23:10,31/12/2022 14:23,31/12/2022 11:23,-68.069628,-67.570689
5666,KB_23_42928_42,Female,Killingbeck,2023,31/12/2022,14:25:11,31/12/2022 14:25,31/12/2022 11:25,-68.06964,-67.570802
5667,KB_23_42928_42,Female,Killingbeck,2023,31/12/2022,14:27:10,31/12/2022 14:27,31/12/2022 11:27,-68.069186,-67.570791
5668,KB_23_42928_42,Female,Killingbeck,2023,31/12/2022,14:29:10,31/12/2022 14:29,31/12/2022 11:29,-68.069573,-67.570825
5669,KB_23_42928_42,Female,Killingbeck,2023,31/12/2022,14:31:06,31/12/2022 14:31,31/12/2022 11:31,-68.069552,-67.570758
5670,KB_23_42928_42,Female,Killingbeck,2023,31/12/2022,14:33:05,31/12/2022 14:33,31/12/2022 11:33,-68.073053,-67.570935
5671,KB_23_42928_42,Female,Killingbeck,2023,31/12/2022,14:35:05,31/12/2022 14:35,31/12/2022 11:35,-68.081316,-67.573359
5672,KB_23_42928_42,Female,Killingbeck,2023,31/12/2022,14:37:34,31/12/2022 14:37,31/12/2022 11:37,-68.080316,-67.573279
5673,KB_23_42928_42,Female,Killingbeck,2023,31/12/2022,14:39:50,31/12/2022 14:39,31/12/2022 11:39,-68.080359,-67.572957
5674,KB_23_42928_42,Female,Killingbeck,2023,31/12/2022,14:42:04,31/12/2022 14:42,31/12/2022 11:42,-68.080318,-67.572877
5675,KB_23_42928_42,Female,Killingbeck,2023,31/12/2022,14:44:08,31/12/2022 14:44,31/12/2022 11:44,-68.079519,-67.57251
5676,KB_23_42928_42,Female,Killingbeck,2023,31/12/2022,14:46:12,31/12/2022 14:46,31/12/2022 11:46,-68.079022,-67.572792
5677,KB_23_42928_42,Female,Killingbeck,2023,31/12/2022,14:48:14,31/12/2022 14:48,31/12/2022 11:48,-68.07831,-67.572694
5678,KB_23_42928_42,Female,Killingbeck,2023,31/12/2022,14:50:15,31/12/2022 14:50,31/12/2022 11:50,-68.079586,-67.573112
5679,KB_23_42928_42,Female,Killingbeck,2023,31/12/2022,14:52:57,31/12/2022 14:52,31/12/2022 11:52,-68.080524,-67.573361
5680,KB_23_42928_42,Female,Killingbeck,2023,31/12/2022,14:54:56,31/12/2022 14:54,31/12/2022 11:54,-68.0798,-67.573094
5681,KB_23_42928_42,Female,Killingbeck,2023,31/12/2022,14:57:12,31/12/2022 14:57,31/12/2022 11:57,-68.07959,-67.572578
5682,KB_23_42928_42,Female,Killingbeck,2023,31/12/2022,14:59:37,31/12/2022 14:59,31/12/2022 11:59,-68.079122,-67.572377
5683,KB_23_42928_42,Female,Killingbeck,2023,31/12/2022,15:02:13,31/12/2022 15:02,31/12/2022 12:02,-68.077956,-67.572743
5684,KB_23_42928_42,Female,Killingbeck,2023,31/12/2022,15:04:44,31/12/2022 15:04,31/12/2022 12:04,-68.081328,-67.573053
5685,KB_23_42928_42,Female,Killingbeck,2023,31/12/2022,15:06:47,31/12/2022 15:06,31/12/2022 12:06,-68.08087,-67.573465
5686,KB_23_42928_42,Female,Killingbeck,2023,31/12/2022,15:08:46,31/12/2022 15:08,31/12/2022 12:08,-68.081251,-67.573423
5687,KB_23_42928_42,Female,Killingbeck,2023,31/12/2022,15:10:45,31/12/2022 15:10,31/12/2022 12:10,-68.072384,-67.57264
5688,KB_23_42928_42,Female,Killingbeck,2023,31/12/2022,15:12:45,31/12/2022 15:12,31/12/2022 12:12,-68.072701,-67.57215
5689,KB_23_42928_42,Female,Killingbeck,2023,31/12/2022,15:14:48,31/12/2022 15:14,31/12/2022 12:14,-68.07319,-67.572446
5690,KB_23_42928_42,Female,Killingbeck,2023,31/12/2022,15:17:03,31/12/2022 15:17,31/12/2022 12:17,-68.072509,-67.572687
5691,KB_23_42928_42,Female,Killingbeck,2023,31/12/2022,15:19:05,31/12/2022 15:19,31/12/2022 12:19,-68.069692,-67.570605
5692,KB_23_42928_42,Female,Killingbeck,2023,31/12/2022,15:20:22,31/12/2022 15:20,31/12/2022 12:20,-68.069462,-67.570709
5693,KB_23_42928_42,Female,Killingbeck,2023,31/12/2022,15:22:21,31/12/2022 15:22,31/12/2022 12:22,-68.069595,-67.570695
5694,KB_23_42928_42,Female,Killingbeck,2023,31/12/2022,15:24:20,31/12/2022 15:24,31/12/2022 12:24,-68.06959,-67.57069
5695,KB_23_42928_42,Female,Killingbeck,2023,31/12/2022,15:26:21,31/12/2022 15:26,31/12/2022 12:26,-68.068916,-67.570447
5696,KB_23_42928_42,Female,Killingbeck,2023,31/12/2022,15:28:18,31/12/2022 15:28,31/12/2022 12:28,-68.069329,-67.570702
5697,KB_23_42928_42,Female,Killingbeck,2023,31/12/2022,15:30:17,31/12/2022 15:30,31/12/2022 12:30,-68.069591,-67.570754
5698,KB_23_42928_42,Female,Killingbeck,2023,31/12/2022,15:32:15,31/12/2022 15:32,31/12/2022 12:32,-68.069459,-67.570722
5699,KB_23_42928_42,Female,Killingbeck,2023,31/12/2022,15:34:24,31/12/2022 15:34,31/12/2022 12:34,-68.069576,-67.57078
5700,KB_23_42928_42,Female,Killingbeck,2023,31/12/2022,15:36:14,31/12/2022 15:36,31/12/2022 12:36,-68.069527,-67.570715
5701,KB_23_42928_42,Female,Killingbeck,2023,31/12/2022,15:38:14,31/12/2022 15:38,31/12/2022 12:38,-68.069868,-67.570785
5702,KB_23_42928_42,Female,Killingbeck,2023,31/12/2022,15:40:13,31/12/2022 15:40,31/12/2022 12:40,-68.069422,-67.570679
5703,KB_23_42928_42,Female,Killingbeck,2023,31/12/2022,15:42:11,31/12/2022 15:42,31/12/2022 12:42,-68.0694,-67.570738
5704,KB_23_42928_42,Female,Killingbeck,2023,31/12/2022,15:44:12,31/12/2022 15:44,31/12/2022 12:44,-68.069504,-67.570732
5705,KB_23_42928_42,Female,Killingbeck,2023,31/12/2022,15:46:18,31/12/2022 15:46,31/12/2022 12:46,-68.069668,-67.57074
5706,KB_23_42928_42,Female,Killingbeck,2023,31/12/2022,15:48:10,31/12/2022 15:48,31/12/2022 12:48,-68.069136,-67.570659
5707,KB_23_42928_42,Female,Killingbeck,2023,31/12/2022,15:50:00,31/12/2022 15:50,31/12/2022 12:50,-68.069668,-67.570747
5708,KB_23_42928_42,Female,Killingbeck,2023,31/12/2022,15:51:57,31/12/2022 15:51,31/12/2022 12:51,-68.069713,-67.570736
5709,KB_23_42928_42,Female,Killingbeck,2023,31/12/2022,15:53:55,31/12/2022 15:53,31/12/2022 12:53,-68.069679,-67.57076
5710,KB_23_42928_42,Female,Killingbeck,2023,31/12/2022,15:55:57,31/12/2022 15:55,31/12/2022 12:55,-68.069659,-67.570765
5711,KB_23_42928_42,Female,Killingbeck,2023,31/12/2022,15:57:53,31/12/2022 15:57,31/12/2022 12:57,-68.069549,-67.57076
5712,KB_23_42928_42,Female,Killingbeck,2023,31/12/2022,16:00:22,31/12/2022 16:00,31/12/2022 13:00,-68.077631,-67.571722
5713,KB_23_42928_42,Female,Killingbeck,2023,31/12/2022,16:03:21,31/12/2022 16:03,31/12/2022 13:03,-68.077717,-67.571655
5714,KB_23_42928_42,Female,Killingbeck,2023,31/12/2022,16:05:20,31/12/2022 16:05,31/12/2022 13:05,-68.074589,-67.571291
5715,KB_23_42928_42,Female,Killingbeck,2023,31/12/2022,16:07:19,31/12/2022 16:07,31/12/2022 13:07,-68.073265,-67.570789
5716,KB_23_42928_42,Female,Killingbeck,2023,31/12/2022,16:09:46,31/12/2022 16:09,31/12/2022 13:09,-68.07258,-67.570695
5717,KB_23_42928_42,Female,Killingbeck,2023,31/12/2022,16:12:07,31/12/2022 16:12,31/12/2022 13:12,-68.071529,-67.570417
5718,KB_23_42928_42,Female,Killingbeck,2023,31/12/2022,16:14:48,31/12/2022 16:14,31/12/2022 13:14,-68.071432,-67.570371
5719,KB_23_42928_42,Female,Killingbeck,2023,31/12/2022,16:17:05,31/12/2022 16:17,31/12/2022 13:17,-68.071914,-67.570464
5720,KB_23_42928_42,Female,Killingbeck,2023,31/12/2022,16:19:39,31/12/2022 16:19,31/12/2022 13:19,-68.071752,-67.570416
5721,KB_23_42928_42,Female,Killingbeck,2023,31/12/2022,16:21:39,31/12/2022 16:21,31/12/2022 13:21,-68.069538,-67.570718
5722,KB_23_42928_42,Female,Killingbeck,2023,31/12/2022,16:23:27,31/12/2022 16:23,31/12/2022 13:23,-68.06954,-67.570707
5723,KB_23_42928_42,Female,Killingbeck,2023,31/12/2022,16:25:25,31/12/2022 16:25,31/12/2022 13:25,-68.069592,-67.570704
5724,KB_23_42928_42,Female,Killingbeck,2023,31/12/2022,16:27:25,31/12/2022 16:27,31/12/2022 13:27,-68.069621,-67.570719
5725,KB_23_42928_42,Female,Killingbeck,2023,31/12/2022,16:29:26,31/12/2022 16:29,31/12/2022 13:29,-68.069726,-67.570758
5726,KB_23_42928_42,Female,Killingbeck,2023,31/12/2022,16:31:31,31/12/2022 16:31,31/12/2022 13:31,-68.069618,-67.570729
5727,KB_23_42928_42,Female,Killingbeck,2023,31/12/2022,16:33:33,31/12/2022 16:33,31/12/2022 13:33,-68.0696,-67.570733
5728,KB_23_42928_42,Female,Killingbeck,2023,31/12/2022,16:35:23,31/12/2022 16:35,31/12/2022 13:35,-68.069612,-67.57073
5729,KB_23_42928_42,Female,Killingbeck,2023,31/12/2022,16:37:20,31/12/2022 16:37,31/12/2022 13:37,-68.069678,-67.570705
5730,KB_23_42928_42,Female,Killingbeck,2023,31/12/2022,16:39:21,31/12/2022 16:39,31/12/2022 13:39,-68.069671,-67.570656
5731,KB_23_42928_42,Female,Killingbeck,2023,31/12/2022,16:41:30,31/12/2022 16:41,31/12/2022 13:41,-68.069504,-67.570746
5732,KB_23_42928_42,Female,Killingbeck,2023,31/12/2022,16:43:32,31/12/2022 16:43,31/12/2022 13:43,-68.069484,-67.570772
5733,KB_23_42928_42,Female,Killingbeck,2023,31/12/2022,16:45:31,31/12/2022 16:45,31/12/2022 13:45,-68.069394,-67.570824
5734,KB_23_42928_42,Female,Killingbeck,2023,31/12/2022,16:47:25,31/12/2022 16:47,31/12/2022 13:47,-68.069517,-67.570762
5735,KB_23_42928_42,Female,Killingbeck,2023,31/12/2022,16:49:29,31/12/2022 16:49,31/12/2022 13:49,-68.069696,-67.570682
5736,KB_23_42928_42,Female,Killingbeck,2023,31/12/2022,16:51:29,31/12/2022 16:51,31/12/2022 13:51,-68.069587,-67.570747
5737,KB_23_42928_42,Female,Killingbeck,2023,31/12/2022,16:53:49,31/12/2022 16:53,31/12/2022 13:53,-68.069682,-67.570648
5738,KB_23_42928_42,Female,Killingbeck,2023,31/12/2022,16:55:59,31/12/2022 16:55,31/12/2022 13:55,-68.069477,-67.570744
5739,KB_23_42928_42,Female,Killingbeck,2023,31/12/2022,16:57:48,31/12/2022 16:57,31/12/2022 13:57,-68.071016,-67.56946
5740,KB_23_42928_42,Female,Killingbeck,2023,31/12/2022,16:59:52,31/12/2022 16:59,31/12/2022 13:59,-68.070798,-67.569775
5741,KB_23_42928_42,Female,Killingbeck,2023,31/12/2022,17:01:59,31/12/2022 17:01,31/12/2022 14:01,-68.069845,-67.57037
5742,KB_23_42928_42,Female,Killingbeck,2023,31/12/2022,17:03:56,31/12/2022 17:03,31/12/2022 14:03,-68.069546,-67.570827
5743,KB_23_42928_42,Female,Killingbeck,2023,31/12/2022,17:05:45,31/12/2022 17:05,31/12/2022 14:05,-68.069583,-67.57078
5744,KB_23_42928_42,Female,Killingbeck,2023,31/12/2022,17:07:43,31/12/2022 17:07,31/12/2022 14:07,-68.069586,-67.570737
5745,KB_23_42928_42,Female,Killingbeck,2023,31/12/2022,17:09:43,31/12/2022 17:09,31/12/2022 14:09,-68.069536,-67.570756
5746,KB_23_42928_42,Female,Killingbeck,2023,31/12/2022,17:11:44,31/12/2022 17:11,31/12/2022 14:11,-68.06963,-67.570641
5747,KB_23_42928_42,Female,Killingbeck,2023,31/12/2022,17:13:43,31/12/2022 17:13,31/12/2022 14:13,-68.069492,-67.571014
5748,KB_23_42928_42,Female,Killingbeck,2023,31/12/2022,17:15:40,31/12/2022 17:15,31/12/2022 14:15,-68.069834,-67.57077
5749,KB_23_42928_42,Female,Killingbeck,2023,31/12/2022,17:17:39,31/12/2022 17:17,31/12/2022 14:17,-68.069658,-67.570751
5750,KB_23_42928_42,Female,Killingbeck,2023,31/12/2022,17:19:39,31/12/2022 17:19,31/12/2022 14:19,-68.069933,-67.570801
5751,KB_23_42928_42,Female,Killingbeck,2023,31/12/2022,17:21:38,31/12/2022 17:21,31/12/2022 14:21,-68.069567,-67.570738
5752,KB_23_42928_42,Female,Killingbeck,2023,31/12/2022,17:23:26,31/12/2022 17:23,31/12/2022 14:23,-68.069812,-67.570778
5753,KB_23_42928_42,Female,Killingbeck,2023,31/12/2022,17:25:25,31/12/2022 17:25,31/12/2022 14:25,-68.069963,-67.570784
5754,KB_23_42928_42,Female,Killingbeck,2023,31/12/2022,17:27:24,31/12/2022 17:27,31/12/2022 14:27,-68.06983,-67.570749
5755,KB_23_42928_42,Female,Killingbeck,2023,31/12/2022,17:29:23,31/12/2022 17:29,31/12/2022 14:29,-68.069848,-67.570682
5756,KB_23_42928_42,Female,Killingbeck,2023,31/12/2022,17:31:22,31/12/2022 17:31,31/12/2022 14:31,-68.0699,-67.570739
5757,KB_23_42928_42,Female,Killingbeck,2023,31/12/2022,17:33:21,31/12/2022 17:33,31/12/2022 14:33,-68.069884,-67.570761
5758,KB_23_42928_42,Female,Killingbeck,2023,31/12/2022,17:35:20,31/12/2022 17:35,31/12/2022 14:35,-68.069883,-67.570781
5759,KB_23_42928_42,Female,Killingbeck,2023,31/12/2022,17:37:21,31/12/2022 17:37,31/12/2022 14:37,-68.069875,-67.570279
5760,KB_23_42928_42,Female,Killingbeck,2023,31/12/2022,17:39:20,31/12/2022 17:39,31/12/2022 14:39,-68.069433,-67.570603
5761,KB_23_42928_42,Female,Killingbeck,2023,31/12/2022,17:41:19,31/12/2022 17:41,31/12/2022 14:41,-68.069212,-67.570365
5762,KB_23_42928_42,Female,Killingbeck,2023,31/12/2022,17:43:18,31/12/2022 17:43,31/12/2022 14:43,-68.069804,-67.570749
5763,KB_23_42928_42,Female,Killingbeck,2023,31/12/2022,17:45:15,31/12/2022 17:45,31/12/2022 14:45,-68.06973,-67.570868
5764,KB_23_42928_42,Female,Killingbeck,2023,31/12/2022,17:47:26,31/12/2022 17:47,31/12/2022 14:47,-68.069781,-67.57067
5765,KB_23_42928_42,Female,Killingbeck,2023,31/12/2022,17:49:15,31/12/2022 17:49,31/12/2022 14:49,-68.069585,-67.570702
5766,KB_23_42928_42,Female,Killingbeck,2023,31/12/2022,17:51:11,31/12/2022 17:51,31/12/2022 14:51,-68.069851,-67.570734
5767,KB_23_42928_42,Female,Killingbeck,2023,31/12/2022,17:53:01,31/12/2022 17:53,31/12/2022 14:53,-68.069729,-67.570688
5768,KB_23_42928_42,Female,Killingbeck,2023,31/12/2022,17:55:00,31/12/2022 17:55,31/12/2022 14:55,-68.069751,-67.570776
5769,KB_23_42928_42,Female,Killingbeck,2023,31/12/2022,17:57:01,31/12/2022 17:57,31/12/2022 14:57,-68.069612,-67.570759
5770,KB_23_42928_42,Female,Killingbeck,2023,31/12/2022,17:59:11,31/12/2022 17:59,31/12/2022 14:59,-68.069692,-67.570778
5771,KB_23_42928_42,Female,Killingbeck,2023,31/12/2022,18:01:08,31/12/2022 18:01,31/12/2022 15:01,-68.069768,-67.570729
5772,KB_23_42928_42,Female,Killingbeck,2023,31/12/2022,18:03:00,31/12/2022 18:03,31/12/2022 15:03,-68.069629,-67.570793
5773,KB_23_42928_42,Female,Killingbeck,2023,31/12/2022,18:04:56,31/12/2022 18:04,31/12/2022 15:04,-68.069687,-67.570748
5774,KB_23_42928_42,Female,Killingbeck,2023,31/12/2022,18:06:58,31/12/2022 18:06,31/12/2022 15:06,-68.069304,-67.57079
5775,KB_23_42928_42,Female,Killingbeck,2023,31/12/2022,18:08:54,31/12/2022 18:08,31/12/2022 15:08,-68.069745,-67.570713
5776,KB_23_42928_42,Female,Killingbeck,2023,31/12/2022,18:10:53,31/12/2022 18:10,31/12/2022 15:10,-68.069782,-67.570725
5777,KB_23_42928_42,Female,Killingbeck,2023,31/12/2022,18:12:52,31/12/2022 18:12,31/12/2022 15:12,-68.069592,-67.570685
5778,KB_23_42928_42,Female,Killingbeck,2023,31/12/2022,18:14:51,31/12/2022 18:14,31/12/2022 15:14,-68.069436,-67.570666
5779,KB_23_42928_42,Female,Killingbeck,2023,31/12/2022,18:16:51,31/12/2022 18:16,31/12/2022 15:16,-68.069469,-67.570705
5780,KB_23_42928_42,Female,Killingbeck,2023,31/12/2022,18:18:50,31/12/2022 18:18,31/12/2022 15:18,-68.069534,-67.570839
5781,KB_23_42928_42,Female,Killingbeck,2023,31/12/2022,18:20:50,31/12/2022 18:20,31/12/2022 15:20,-68.06949,-67.570703
5782,KB_23_42928_42,Female,Killingbeck,2023,31/12/2022,18:22:38,31/12/2022 18:22,31/12/2022 15:22,-68.069455,-67.570676
5783,KB_23_42928_42,Female,Killingbeck,2023,31/12/2022,18:24:37,31/12/2022 18:24,31/12/2022 15:24,-68.06948,-67.570706
5784,KB_23_42928_42,Female,Killingbeck,2023,31/12/2022,18:26:35,31/12/2022 18:26,31/12/2022 15:26,-68.069324,-67.570677
5785,KB_23_42928_42,Female,Killingbeck,2023,31/12/2022,18:28:34,31/12/2022 18:28,31/12/2022 15:28,-68.069442,-67.570699
5786,KB_23_42928_42,Female,Killingbeck,2023,31/12/2022,18:30:33,31/12/2022 18:30,31/12/2022 15:30,-68.069475,-67.570711
5787,KB_23_42928_42,Female,Killingbeck,2023,31/12/2022,18:32:33,31/12/2022 18:32,31/12/2022 15:32,-68.069528,-67.570675
5788,KB_23_42928_42,Female,Killingbeck,2023,31/12/2022,18:34:32,31/12/2022 18:34,31/12/2022 15:34,-68.069728,-67.570717
5789,KB_23_42928_42,Female,Killingbeck,2023,31/12/2022,18:36:31,31/12/2022 18:36,31/12/2022 15:36,-68.069437,-67.570698
5790,KB_23_42928_42,Female,Killingbeck,2023,31/12/2022,18:38:29,31/12/2022 18:38,31/12/2022 15:38,-68.069536,-67.570701
5791,KB_23_42928_42,Female,Killingbeck,2023,31/12/2022,18:40:29,31/12/2022 18:40,31/12/2022 15:40,-68.06927,-67.570741
5792,KB_23_42928_42,Female,Killingbeck,2023,31/12/2022,18:42:28,31/12/2022 18:42,31/12/2022 15:42,-68.069493,-67.570708
5793,KB_23_42928_42,Female,Killingbeck,2023,31/12/2022,18:44:26,31/12/2022 18:44,31/12/2022 15:44,-68.069825,-67.570802
5794,KB_23_42928_42,Female,Killingbeck,2023,31/12/2022,18:46:26,31/12/2022 18:46,31/12/2022 15:46,-68.06968,-67.570719
5795,KB_23_42928_42,Female,Killingbeck,2023,31/12/2022,18:48:26,31/12/2022 18:48,31/12/2022 15:48,-68.068746,-67.570781
5796,KB_23_42928_42,Female,Killingbeck,2023,31/12/2022,18:50:27,31/12/2022 18:50,31/12/2022 15:50,-68.069325,-67.570699
5797,KB_23_42928_42,Female,Killingbeck,2023,31/12/2022,18:52:13,31/12/2022 18:52,31/12/2022 15:52,-68.069677,-67.570725
5798,KB_23_42928_42,Female,Killingbeck,2023,31/12/2022,18:54:14,31/12/2022 18:54,31/12/2022 15:54,-68.069085,-67.570737
5799,KB_23_42928_42,Female,Killingbeck,2023,31/12/2022,18:56:10,31/12/2022 18:56,31/12/2022 15:56,-68.069648,-67.570784
5800,KB_23_42928_42,Female,Killingbeck,2023,31/12/2022,18:58:10,31/12/2022 18:58,31/12/2022 15:58,-68.069532,-67.570682
5801,KB_23_42928_42,Female,Killingbeck,2023,31/12/2022,19:00:08,31/12/2022 19:00,31/12/2022 16:00,-68.069553,-67.570711
5802,KB_23_42928_42,Female,Killingbeck,2023,31/12/2022,19:02:09,31/12/2022 19:02,31/12/2022 16:02,-68.069268,-67.570738
5803,KB_23_42928_42,Female,Killingbeck,2023,31/12/2022,19:04:06,31/12/2022 19:04,31/12/2022 16:04,-68.069194,-67.570628
5804,KB_23_42928_42,Female,Killingbeck,2023,31/12/2022,19:06:08,31/12/2022 19:06,31/12/2022 16:06,-68.06925,-67.571081
5805,KB_23_42928_42,Female,Killingbeck,2023,31/12/2022,19:08:07,31/12/2022 19:08,31/12/2022 16:08,-68.06947,-67.57073
5806,KB_23_42928_42,Female,Killingbeck,2023,31/12/2022,19:10:05,31/12/2022 19:10,31/12/2022 16:10,-68.069444,-67.570684
5807,KB_23_42928_42,Female,Killingbeck,2023,31/12/2022,19:12:05,31/12/2022 19:12,31/12/2022 16:12,-68.069372,-67.570637
5808,KB_23_42928_42,Female,Killingbeck,2023,31/12/2022,19:14:04,31/12/2022 19:14,31/12/2022 16:14,-68.069419,-67.571068
5809,KB_23_42928_42,Female,Killingbeck,2023,31/12/2022,19:16:03,31/12/2022 19:16,31/12/2022 16:16,-68.069494,-67.570697
5810,KB_23_42928_42,Female,Killingbeck,2023,31/12/2022,19:18:02,31/12/2022 19:18,31/12/2022 16:18,-68.069647,-67.570683
5811,KB_23_42928_42,Female,Killingbeck,2023,31/12/2022,19:20:01,31/12/2022 19:20,31/12/2022 16:20,-68.069625,-67.570687
5812,KB_23_42928_42,Female,Killingbeck,2023,31/12/2022,19:22:00,31/12/2022 19:22,31/12/2022 16:22,-68.069441,-67.570758
5813,KB_23_42928_42,Female,Killingbeck,2023,31/12/2022,19:23:59,31/12/2022 19:23,31/12/2022 16:23,-68.069704,-67.570637
5814,KB_23_42928_42,Female,Killingbeck,2023,31/12/2022,19:25:57,31/12/2022 19:25,31/12/2022 16:25,-68.06943,-67.570702
5815,KB_23_42928_42,Female,Killingbeck,2023,31/12/2022,19:27:57,31/12/2022 19:27,31/12/2022 16:27,-68.069651,-67.570624
5816,KB_23_42928_42,Female,Killingbeck,2023,31/12/2022,19:29:55,31/12/2022 19:29,31/12/2022 16:29,-68.069619,-67.570754
5817,KB_23_42928_42,Female,Killingbeck,2023,31/12/2022,19:31:57,31/12/2022 19:31,31/12/2022 16:31,-68.069733,-67.570697
5818,KB_23_42928_42,Female,Killingbeck,2023,31/12/2022,19:33:54,31/12/2022 19:33,31/12/2022 16:33,-68.069608,-67.570684
5819,KB_23_42928_42,Female,Killingbeck,2023,31/12/2022,19:35:53,31/12/2022 19:35,31/12/2022 16:35,-68.069554,-67.570696
5820,KB_23_42928_42,Female,Killingbeck,2023,31/12/2022,19:37:52,31/12/2022 19:37,31/12/2022 16:37,-68.069522,-67.570685
5821,KB_23_42928_42,Female,Killingbeck,2023,31/12/2022,19:39:51,31/12/2022 19:39,31/12/2022 16:39,-68.069673,-67.57065
5822,KB_23_42928_42,Female,Killingbeck,2023,31/12/2022,19:41:50,31/12/2022 19:41,31/12/2022 16:41,-68.069696,-67.570688
5823,KB_23_42928_42,Female,Killingbeck,2023,31/12/2022,19:43:50,31/12/2022 19:43,31/12/2022 16:43,-68.069597,-67.570697
5824,KB_23_42928_42,Female,Killingbeck,2023,31/12/2022,19:45:47,31/12/2022 19:45,31/12/2022 16:45,-68.069716,-67.570733
5825,KB_23_42928_42,Female,Killingbeck,2023,31/12/2022,19:47:47,31/12/2022 19:47,31/12/2022 16:47,-68.069705,-67.570698
5826,KB_23_42928_42,Female,Killingbeck,2023,31/12/2022,19:49:47,31/12/2022 19:49,31/12/2022 16:49,-68.068414,-67.57025
5827,KB_23_42928_42,Female,Killingbeck,2023,31/12/2022,19:51:46,31/12/2022 19:51,31/12/2022 16:51,-68.069781,-67.570743
5828,KB_23_42928_42,Female,Killingbeck,2023,31/12/2022,19:53:45,31/12/2022 19:53,31/12/2022 16:53,-68.069557,-67.570738
5829,KB_23_42928_42,Female,Killingbeck,2023,31/12/2022,19:55:44,31/12/2022 19:55,31/12/2022 16:55,-68.069532,-67.570659
5830,KB_23_42928_42,Female,Killingbeck,2023,31/12/2022,19:57:43,31/12/2022 19:57,31/12/2022 16:57,-68.069817,-67.570726
5831,KB_23_42928_42,Female,Killingbeck,2023,31/12/2022,19:59:44,31/12/2022 19:59,31/12/2022 16:59,-68.069128,-67.570427
5832,KB_23_42928_42,Female,Killingbeck,2023,31/12/2022,20:01:41,31/12/2022 20:01,31/12/2022 17:01,-68.06931,-67.570703
5833,KB_23_42928_42,Female,Killingbeck,2023,31/12/2022,20:03:40,31/12/2022 20:03,31/12/2022 17:03,-68.069504,-67.570711
5834,KB_23_42928_42,Female,Killingbeck,2023,31/12/2022,20:05:38,31/12/2022 20:05,31/12/2022 17:05,-68.069915,-67.570668
5835,KB_23_42928_42,Female,Killingbeck,2023,31/12/2022,20:07:37,31/12/2022 20:07,31/12/2022 17:07,-68.069341,-67.570671
5836,KB_23_42928_42,Female,Killingbeck,2023,31/12/2022,20:09:36,31/12/2022 20:09,31/12/2022 17:09,-68.069421,-67.570692
5837,KB_23_42928_42,Female,Killingbeck,2023,31/12/2022,20:11:35,31/12/2022 20:11,31/12/2022 17:11,-68.069461,-67.570677
5838,KB_23_42928_42,Female,Killingbeck,2023,31/12/2022,20:13:34,31/12/2022 20:13,31/12/2022 17:13,-68.069519,-67.570672
5839,KB_23_42928_42,Female,Killingbeck,2023,31/12/2022,20:15:36,31/12/2022 20:15,31/12/2022 17:15,-68.069503,-67.570713
5840,KB_23_42928_42,Female,Killingbeck,2023,31/12/2022,20:17:33,31/12/2022 20:17,31/12/2022 17:17,-68.069372,-67.57066
5841,KB_23_42928_42,Female,Killingbeck,2023,31/12/2022,20:19:32,31/12/2022 20:19,31/12/2022 17:19,-68.069496,-67.570754
5842,KB_23_42928_42,Female,Killingbeck,2023,31/12/2022,20:21:31,31/12/2022 20:21,31/12/2022 17:21,-68.069456,-67.570699
5843,KB_23_42928_42,Female,Killingbeck,2023,31/12/2022,20:23:30,31/12/2022 20:23,31/12/2022 17:23,-68.069416,-67.570778
5844,KB_23_42928_42,Female,Killingbeck,2023,31/12/2022,20:25:29,31/12/2022 20:25,31/12/2022 17:25,-68.069532,-67.570674
5845,KB_23_42928_42,Female,Killingbeck,2023,31/12/2022,20:27:31,31/12/2022 20:27,31/12/2022 17:27,-68.069722,-67.570757
5846,KB_23_42928_42,Female,Killingbeck,2023,31/12/2022,20:29:27,31/12/2022 20:29,31/12/2022 17:29,-68.069414,-67.570707
5847,KB_23_42928_42,Female,Killingbeck,2023,31/12/2022,20:31:26,31/12/2022 20:31,31/12/2022 17:31,-68.069188,-67.570646
5848,KB_23_42928_42,Female,Killingbeck,2023,31/12/2022,20:33:25,31/12/2022 20:33,31/12/2022 17:33,-68.06938,-67.570713
5849,KB_23_42928_42,Female,Killingbeck,2023,31/12/2022,20:35:24,31/12/2022 20:35,31/12/2022 17:35,-68.069429,-67.570689
5850,KB_23_42928_42,Female,Killingbeck,2023,31/12/2022,20:37:23,31/12/2022 20:37,31/12/2022 17:37,-68.069378,-67.570715
5851,KB_23_42928_42,Female,Killingbeck,2023,31/12/2022,20:39:22,31/12/2022 20:39,31/12/2022 17:39,-68.069269,-67.570662
5852,KB_23_42928_42,Female,Killingbeck,2023,31/12/2022,20:41:21,31/12/2022 20:41,31/12/2022 17:41,-68.069413,-67.57064
5853,KB_23_42928_42,Female,Killingbeck,2023,31/12/2022,20:43:20,31/12/2022 20:43,31/12/2022 17:43,-68.069483,-67.570596
5854,KB_23_42928_42,Female,Killingbeck,2023,31/12/2022,20:45:21,31/12/2022 20:45,31/12/2022 17:45,-68.069404,-67.570709
5855,KB_23_42928_42,Female,Killingbeck,2023,31/12/2022,20:47:19,31/12/2022 20:47,31/12/2022 17:47,-68.069402,-67.570707
5856,KB_23_42928_42,Female,Killingbeck,2023,31/12/2022,20:49:18,31/12/2022 20:49,31/12/2022 17:49,-68.069489,-67.570622
5857,KB_23_42928_42,Female,Killingbeck,2023,31/12/2022,20:51:17,31/12/2022 20:51,31/12/2022 17:51,-68.069303,-67.570731
5858,KB_23_42928_42,Female,Killingbeck,2023,31/12/2022,20:53:16,31/12/2022 20:53,31/12/2022 17:53,-68.06942,-67.570693
5859,KB_23_42928_42,Female,Killingbeck,2023,31/12/2022,20:55:15,31/12/2022 20:55,31/12/2022 17:55,-68.069421,-67.570715
5860,KB_23_42928_42,Female,Killingbeck,2023,31/12/2022,20:57:14,31/12/2022 20:57,31/12/2022 17:57,-68.069441,-67.570732
5861,KB_23_42928_42,Female,Killingbeck,2023,31/12/2022,20:59:13,31/12/2022 20:59,31/12/2022 17:59,-68.069474,-67.570677
5862,KB_23_42928_42,Female,Killingbeck,2023,31/12/2022,21:01:12,31/12/2022 21:01,31/12/2022 18:01,-68.069377,-67.570706
5863,KB_23_42928_42,Female,Killingbeck,2023,31/12/2022,21:03:11,31/12/2022 21:03,31/12/2022 18:03,-68.069424,-67.570765
5864,KB_23_42928_42,Female,Killingbeck,2023,31/12/2022,21:05:10,31/12/2022 21:05,31/12/2022 18:05,-68.069432,-67.570719
5865,KB_23_42928_42,Female,Killingbeck,2023,31/12/2022,21:07:09,31/12/2022 21:07,31/12/2022 18:07,-68.069362,-67.570719
5866,KB_23_42928_42,Female,Killingbeck,2023,31/12/2022,21:09:08,31/12/2022 21:09,31/12/2022 18:09,-68.069429,-67.570654
5867,KB_23_42928_42,Female,Killingbeck,2023,31/12/2022,21:11:07,31/12/2022 21:11,31/12/2022 18:11,-68.069355,-67.570634
5868,KB_23_42928_42,Female,Killingbeck,2023,31/12/2022,21:13:07,31/12/2022 21:13,31/12/2022 18:13,-68.069522,-67.570725
5869,KB_23_42928_42,Female,Killingbeck,2023,31/12/2022,21:15:06,31/12/2022 21:15,31/12/2022 18:15,-68.069328,-67.570698
5870,KB_23_42928_42,Female,Killingbeck,2023,31/12/2022,21:17:05,31/12/2022 21:17,31/12/2022 18:17,-68.069388,-67.570628
5871,KB_23_42928_42,Female,Killingbeck,2023,31/12/2022,21:19:04,31/12/2022 21:19,31/12/2022 18:19,-68.069487,-67.570696
5872,KB_23_42928_42,Female,Killingbeck,2023,31/12/2022,21:21:03,31/12/2022 21:21,31/12/2022 18:21,-68.069318,-67.57064
5873,KB_23_42928_42,Female,Killingbeck,2023,31/12/2022,21:23:03,31/12/2022 21:23,31/12/2022 18:23,-68.069138,-67.570698
5874,KB_23_42928_42,Female,Killingbeck,2023,31/12/2022,21:25:02,31/12/2022 21:25,31/12/2022 18:25,-68.069479,-67.570696
5875,KB_23_42928_42,Female,Killingbeck,2023,31/12/2022,21:27:00,31/12/2022 21:27,31/12/2022 18:27,-68.069388,-67.5707
5876,KB_23_42928_42,Female,Killingbeck,2023,31/12/2022,21:29:01,31/12/2022 21:29,31/12/2022 18:29,-68.069366,-67.570676
5877,KB_23_42928_42,Female,Killingbeck,2023,31/12/2022,21:30:59,31/12/2022 21:30,31/12/2022 18:30,-68.069332,-67.57065
5878,KB_23_42928_42,Female,Killingbeck,2023,31/12/2022,21:32:57,31/12/2022 21:32,31/12/2022 18:32,-68.069173,-67.570678
5879,KB_23_42928_42,Female,Killingbeck,2023,31/12/2022,21:34:56,31/12/2022 21:34,31/12/2022 18:34,-68.06941,-67.570706
5880,KB_23_42928_42,Female,Killingbeck,2023,31/12/2022,21:36:55,31/12/2022 21:36,31/12/2022 18:36,-68.069553,-67.570735
5881,KB_23_42928_42,Female,Killingbeck,2023,31/12/2022,21:38:54,31/12/2022 21:38,31/12/2022 18:38,-68.069264,-67.570679
5882,KB_23_42928_42,Female,Killingbeck,2023,31/12/2022,21:40:53,31/12/2022 21:40,31/12/2022 18:40,-68.069466,-67.570713
5883,KB_23_42928_42,Female,Killingbeck,2023,31/12/2022,21:42:52,31/12/2022 21:42,31/12/2022 18:42,-68.06927,-67.570648
5884,KB_23_42928_42,Female,Killingbeck,2023,31/12/2022,21:44:52,31/12/2022 21:44,31/12/2022 18:44,-68.069404,-67.570703
5885,KB_23_42928_42,Female,Killingbeck,2023,31/12/2022,21:46:51,31/12/2022 21:46,31/12/2022 18:46,-68.069292,-67.570674
5886,KB_23_42928_42,Female,Killingbeck,2023,31/12/2022,21:48:50,31/12/2022 21:48,31/12/2022 18:48,-68.06933,-67.570682
5887,KB_23_42928_42,Female,Killingbeck,2023,31/12/2022,21:50:49,31/12/2022 21:50,31/12/2022 18:50,-68.069427,-67.570738
5888,KB_23_42928_42,Female,Killingbeck,2023,31/12/2022,21:52:48,31/12/2022 21:52,31/12/2022 18:52,-68.069248,-67.570695
5889,KB_23_42928_42,Female,Killingbeck,2023,31/12/2022,21:54:47,31/12/2022 21:54,31/12/2022 18:54,-68.069204,-67.570686
5890,KB_23_42928_42,Female,Killingbeck,2023,31/12/2022,21:56:46,31/12/2022 21:56,31/12/2022 18:56,-68.069367,-67.570718
5891,KB_23_42928_42,Female,Killingbeck,2023,31/12/2022,21:58:45,31/12/2022 21:58,31/12/2022 18:58,-68.06913,-67.570626
5892,KB_23_42928_42,Female,Killingbeck,2023,31/12/2022,22:00:44,31/12/2022 22:00,31/12/2022 19:00,-68.069386,-67.570664
5893,KB_23_42928_42,Female,Killingbeck,2023,31/12/2022,22:02:43,31/12/2022 22:02,31/12/2022 19:02,-68.069356,-67.570651
5894,KB_23_42928_42,Female,Killingbeck,2023,31/12/2022,22:04:42,31/12/2022 22:04,31/12/2022 19:04,-68.069298,-67.570669
5895,KB_23_42928_42,Female,Killingbeck,2023,31/12/2022,22:06:42,31/12/2022 22:06,31/12/2022 19:06,-68.06855,-67.570183
5896,KB_23_42928_42,Female,Killingbeck,2023,31/12/2022,22:08:41,31/12/2022 22:08,31/12/2022 19:08,-68.069299,-67.570661
5897,KB_23_42928_42,Female,Killingbeck,2023,31/12/2022,22:10:39,31/12/2022 22:10,31/12/2022 19:10,-68.069302,-67.570711
5898,KB_23_42928_42,Female,Killingbeck,2023,31/12/2022,22:12:40,31/12/2022 22:12,31/12/2022 19:12,-68.069338,-67.570706
5899,KB_23_42928_42,Female,Killingbeck,2023,31/12/2022,22:14:38,31/12/2022 22:14,31/12/2022 19:14,-68.069382,-67.570702
5900,KB_23_42928_42,Female,Killingbeck,2023,31/12/2022,22:16:37,31/12/2022 22:16,31/12/2022 19:16,-68.069324,-67.570708
5901,KB_23_42928_42,Female,Killingbeck,2023,31/12/2022,22:18:36,31/12/2022 22:18,31/12/2022 19:18,-68.069506,-67.570707
5902,KB_23_42928_42,Female,Killingbeck,2023,31/12/2022,22:20:35,31/12/2022 22:20,31/12/2022 19:20,-68.06944,-67.570692
5903,KB_23_42928_42,Female,Killingbeck,2023,31/12/2022,22:22:34,31/12/2022 22:22,31/12/2022 19:22,-68.069353,-67.570704
5904,KB_23_42928_42,Female,Killingbeck,2023,31/12/2022,22:24:33,31/12/2022 22:24,31/12/2022 19:24,-68.069232,-67.57064
5905,KB_23_42928_42,Female,Killingbeck,2023,31/12/2022,22:26:32,31/12/2022 22:26,31/12/2022 19:26,-68.06941,-67.570697
5906,KB_23_42928_42,Female,Killingbeck,2023,31/12/2022,22:28:31,31/12/2022 22:28,31/12/2022 19:28,-68.069386,-67.570708
5907,KB_23_42928_42,Female,Killingbeck,2023,31/12/2022,22:30:30,31/12/2022 22:30,31/12/2022 19:30,-68.069356,-67.570668
5908,KB_23_42928_42,Female,Killingbeck,2023,31/12/2022,22:32:29,31/12/2022 22:32,31/12/2022 19:32,-68.069365,-67.570626
5909,KB_23_42928_42,Female,Killingbeck,2023,31/12/2022,22:34:28,31/12/2022 22:34,31/12/2022 19:34,-68.069583,-67.570722
5910,KB_23_42928_42,Female,Killingbeck,2023,31/12/2022,22:36:28,31/12/2022 22:36,31/12/2022 19:36,-68.0694,-67.570681
5911,KB_23_42928_42,Female,Killingbeck,2023,31/12/2022,22:38:27,31/12/2022 22:38,31/12/2022 19:38,-68.069417,-67.57071
5912,KB_23_42928_42,Female,Killingbeck,2023,31/12/2022,22:40:25,31/12/2022 22:40,31/12/2022 19:40,-68.069524,-67.57073
5913,KB_23_42928_42,Female,Killingbeck,2023,31/12/2022,22:42:25,31/12/2022 22:42,31/12/2022 19:42,-68.069263,-67.570718
5914,KB_23_42928_42,Female,Killingbeck,2023,31/12/2022,22:44:25,31/12/2022 22:44,31/12/2022 19:44,-68.069377,-67.570687
5915,KB_23_42928_42,Female,Killingbeck,2023,31/12/2022,22:46:24,31/12/2022 22:46,31/12/2022 19:46,-68.069518,-67.570733
5916,KB_23_42928_42,Female,Killingbeck,2023,31/12/2022,22:48:22,31/12/2022 22:48,31/12/2022 19:48,-68.069228,-67.570664
5917,KB_23_42928_42,Female,Killingbeck,2023,31/12/2022,22:50:21,31/12/2022 22:50,31/12/2022 19:50,-68.069398,-67.57082
5918,KB_23_42928_42,Female,Killingbeck,2023,31/12/2022,22:52:20,31/12/2022 22:52,31/12/2022 19:52,-68.069316,-67.570643
5919,KB_23_42928_42,Female,Killingbeck,2023,31/12/2022,22:54:20,31/12/2022 22:54,31/12/2022 19:54,-68.069325,-67.570756
5920,KB_23_42928_42,Female,Killingbeck,2023,31/12/2022,22:56:18,31/12/2022 22:56,31/12/2022 19:56,-68.069236,-67.570722
5921,KB_23_42928_42,Female,Killingbeck,2023,31/12/2022,22:58:20,31/12/2022 22:58,31/12/2022 19:58,-68.069544,-67.570758
5922,KB_23_42928_42,Female,Killingbeck,2023,31/12/2022,23:00:19,31/12/2022 23:00,31/12/2022 20:00,-68.069512,-67.570804
5923,KB_23_42928_42,Female,Killingbeck,2023,31/12/2022,23:02:21,31/12/2022 23:02,31/12/2022 20:02,-68.069066,-67.570817
5924,KB_23_42928_42,Female,Killingbeck,2023,31/12/2022,23:04:16,31/12/2022 23:04,31/12/2022 20:04,-68.069337,-67.570768
5925,KB_23_42928_42,Female,Killingbeck,2023,31/12/2022,23:06:17,31/12/2022 23:06,31/12/2022 20:06,-68.069635,-67.570758
5926,KB_23_42928_42,Female,Killingbeck,2023,31/12/2022,23:08:16,31/12/2022 23:08,31/12/2022 20:08,-68.069575,-67.570773
5927,KB_23_42928_42,Female,Killingbeck,2023,31/12/2022,23:10:13,31/12/2022 23:10,31/12/2022 20:10,-68.069261,-67.570757
5928,KB_23_42928_42,Female,Killingbeck,2023,31/12/2022,23:12:14,31/12/2022 23:12,31/12/2022 20:12,-68.069423,-67.570753
5929,KB_23_42928_42,Female,Killingbeck,2023,31/12/2022,23:14:11,31/12/2022 23:14,31/12/2022 20:14,-68.06937,-67.5708
5930,KB_23_42928_42,Female,Killingbeck,2023,31/12/2022,23:16:15,31/12/2022 23:16,31/12/2022 20:16,-68.069398,-67.570795
5931,KB_23_42928_42,Female,Killingbeck,2023,31/12/2022,23:18:10,31/12/2022 23:18,31/12/2022 20:18,-68.069293,-67.570754
5932,KB_23_42928_42,Female,Killingbeck,2023,31/12/2022,23:20:08,31/12/2022 23:20,31/12/2022 20:20,-68.069354,-67.570774
5933,KB_23_42928_42,Female,Killingbeck,2023,31/12/2022,23:22:08,31/12/2022 23:22,31/12/2022 20:22,-68.069418,-67.570768
5934,KB_23_42928_42,Female,Killingbeck,2023,31/12/2022,23:24:07,31/12/2022 23:24,31/12/2022 20:24,-68.069411,-67.570746
5935,KB_23_42928_42,Female,Killingbeck,2023,31/12/2022,23:26:06,31/12/2022 23:26,31/12/2022 20:26,-68.069443,-67.570753
5936,KB_23_42928_42,Female,Killingbeck,2023,31/12/2022,23:28:05,31/12/2022 23:28,31/12/2022 20:28,-68.069432,-67.57078
5937,KB_23_42928_42,Female,Killingbeck,2023,31/12/2022,23:30:04,31/12/2022 23:30,31/12/2022 20:30,-68.06938,-67.570722
5938,KB_23_42928_42,Female,Killingbeck,2023,31/12/2022,23:32:02,31/12/2022 23:32,31/12/2022 20:32,-68.069376,-67.570697
5939,KB_23_42928_42,Female,Killingbeck,2023,31/12/2022,23:34:01,31/12/2022 23:34,31/12/2022 20:34,-68.069504,-67.570687
5940,KB_23_42928_42,Female,Killingbeck,2023,31/12/2022,23:36:00,31/12/2022 23:36,31/12/2022 20:36,-68.069461,-67.57067
5941,KB_23_42928_42,Female,Killingbeck,2023,31/12/2022,23:37:59,31/12/2022 23:37,31/12/2022 20:37,-68.069449,-67.570705
5942,KB_23_42928_42,Female,Killingbeck,2023,31/12/2022,23:39:59,31/12/2022 23:39,31/12/2022 20:39,-68.069755,-67.570759
5943,KB_23_42928_42,Female,Killingbeck,2023,31/12/2022,23:41:57,31/12/2022 23:41,31/12/2022 20:41,-68.069903,-67.570766
5944,KB_23_42928_42,Female,Killingbeck,2023,31/12/2022,23:43:58,31/12/2022 23:43,31/12/2022 20:43,-68.069694,-67.570695
5945,KB_23_42928_42,Female,Killingbeck,2023,31/12/2022,23:45:56,31/12/2022 23:45,31/12/2022 20:45,-68.06958,-67.57069
5946,KB_23_42928_42,Female,Killingbeck,2023,31/12/2022,23:47:56,31/12/2022 23:47,31/12/2022 20:47,-68.069524,-67.570727
5947,KB_23_42928_42,Female,Killingbeck,2023,31/12/2022,23:49:54,31/12/2022 23:49,31/12/2022 20:49,-68.069655,-67.57073
5948,KB_23_42928_42,Female,Killingbeck,2023,31/12/2022,23:51:53,31/12/2022 23:51,31/12/2022 20:51,-68.069649,-67.570748
5949,KB_23_42928_42,Female,Killingbeck,2023,31/12/2022,23:53:53,31/12/2022 23:53,31/12/2022 20:53,-68.069742,-67.570752
5950,KB_23_42928_42,Female,Killingbeck,2023,31/12/2022,23:55:52,31/12/2022 23:55,31/12/2022 20:55,-68.069709,-67.570752
5951,KB_23_42928_42,Female,Killingbeck,2023,31/12/2022,23:57:53,31/12/2022 23:57,31/12/2022 20:57,-68.069802,-67.570737
5952,KB_23_42928_42,Female,Killingbeck,2023,31/12/2022,23:59:49,31/12/2022 23:59,31/12/2022 20:59,-68.069655,-67.570754
5953,KB_23_42928_42,Female,Killingbeck,2023,01/01/2023,00:01:48,01/01/2023 00:01,31/12/2022 21:01,-68.069506,-67.570692
5954,KB_23_42928_42,Female,Killingbeck,2023,01/01/2023,00:03:47,01/01/2023 00:03,31/12/2022 21:03,-68.069535,-67.570685
5955,KB_23_42928_42,Female,Killingbeck,2023,01/01/2023,00:05:46,01/01/2023 00:05,31/12/2022 21:05,-68.069517,-67.570788
5956,KB_23_42928_42,Female,Killingbeck,2023,01/01/2023,00:07:45,01/01/2023 00:07,31/12/2022 21:07,-68.069347,-67.570591
5957,KB_23_42928_42,Female,Killingbeck,2023,01/01/2023,00:09:45,01/01/2023 00:09,31/12/2022 21:09,-68.069455,-67.570755
5958,KB_23_42928_42,Female,Killingbeck,2023,01/01/2023,00:11:43,01/01/2023 00:11,31/12/2022 21:11,-68.069556,-67.570635
5959,KB_23_42928_42,Female,Killingbeck,2023,01/01/2023,00:13:44,01/01/2023 00:13,31/12/2022 21:13,-68.069555,-67.570666
5960,KB_23_42928_42,Female,Killingbeck,2023,01/01/2023,00:15:42,01/01/2023 00:15,31/12/2022 21:15,-68.069398,-67.57066
5961,KB_23_42928_42,Female,Killingbeck,2023,01/01/2023,00:17:41,01/01/2023 00:17,31/12/2022 21:17,-68.069359,-67.570644
5962,KB_23_42928_42,Female,Killingbeck,2023,01/01/2023,00:19:41,01/01/2023 00:19,31/12/2022 21:19,-68.069279,-67.570646
5963,KB_23_42928_42,Female,Killingbeck,2023,01/01/2023,00:21:40,01/01/2023 00:21,31/12/2022 21:21,-68.069174,-67.570598
5964,KB_23_42928_42,Female,Killingbeck,2023,01/01/2023,00:23:38,01/01/2023 00:23,31/12/2022 21:23,-68.069396,-67.570651
5965,KB_23_42928_42,Female,Killingbeck,2023,01/01/2023,00:25:37,01/01/2023 00:25,31/12/2022 21:25,-68.069298,-67.570654
5966,KB_23_42928_42,Female,Killingbeck,2023,01/01/2023,00:27:36,01/01/2023 00:27,31/12/2022 21:27,-68.069534,-67.57072
5967,KB_23_42928_42,Female,Killingbeck,2023,01/01/2023,00:29:35,01/01/2023 00:29,31/12/2022 21:29,-68.06931,-67.570706
5968,KB_23_42928_42,Female,Killingbeck,2023,01/01/2023,00:31:34,01/01/2023 00:31,31/12/2022 21:31,-68.069354,-67.570643
5969,KB_23_42928_42,Female,Killingbeck,2023,01/01/2023,00:33:33,01/01/2023 00:33,31/12/2022 21:33,-68.069318,-67.57066
5970,KB_23_42928_42,Female,Killingbeck,2023,01/01/2023,00:35:32,01/01/2023 00:35,31/12/2022 21:35,-68.069444,-67.570717
5971,KB_23_42928_42,Female,Killingbeck,2023,01/01/2023,00:37:32,01/01/2023 00:37,31/12/2022 21:37,-68.069379,-67.570669
5972,KB_23_42928_42,Female,Killingbeck,2023,01/01/2023,00:39:31,01/01/2023 00:39,31/12/2022 21:39,-68.069518,-67.570748
5973,KB_23_42928_42,Female,Killingbeck,2023,01/01/2023,00:41:30,01/01/2023 00:41,31/12/2022 21:41,-68.069174,-67.570625
5974,KB_23_42928_42,Female,Killingbeck,2023,01/01/2023,00:43:29,01/01/2023 00:43,31/12/2022 21:43,-68.06934,-67.5707
5975,KB_23_42928_42,Female,Killingbeck,2023,01/01/2023,00:45:28,01/01/2023 00:45,31/12/2022 21:45,-68.06952,-67.570778
5976,KB_23_42928_42,Female,Killingbeck,2023,01/01/2023,00:47:28,01/01/2023 00:47,31/12/2022 21:47,-68.069478,-67.570746
5977,KB_23_42928_42,Female,Killingbeck,2023,01/01/2023,00:49:26,01/01/2023 00:49,31/12/2022 21:49,-68.069309,-67.57069
5978,KB_23_42928_42,Female,Killingbeck,2023,01/01/2023,00:51:25,01/01/2023 00:51,31/12/2022 21:51,-68.069201,-67.570631
5979,KB_23_42928_42,Female,Killingbeck,2023,01/01/2023,00:53:24,01/01/2023 00:53,31/12/2022 21:53,-68.069452,-67.570789
5980,KB_23_42928_42,Female,Killingbeck,2023,01/01/2023,00:55:23,01/01/2023 00:55,31/12/2022 21:55,-68.069371,-67.570703
5981,KB_23_42928_42,Female,Killingbeck,2023,01/01/2023,00:57:22,01/01/2023 00:57,31/12/2022 21:57,-68.069197,-67.570635
5982,KB_23_42928_42,Female,Killingbeck,2023,01/01/2023,00:59:22,01/01/2023 00:59,31/12/2022 21:59,-68.069178,-67.570771
5983,KB_23_42928_42,Female,Killingbeck,2023,01/01/2023,01:01:21,01/01/2023 01:01,31/12/2022 22:01,-68.06929,-67.570747
5984,KB_23_42928_42,Female,Killingbeck,2023,01/01/2023,01:03:22,01/01/2023 01:03,31/12/2022 22:03,-68.069367,-67.570706
5985,KB_23_42928_42,Female,Killingbeck,2023,01/01/2023,01:05:19,01/01/2023 01:05,31/12/2022 22:05,-68.06933,-67.570632
5986,KB_23_42928_42,Female,Killingbeck,2023,01/01/2023,01:07:17,01/01/2023 01:07,31/12/2022 22:07,-68.06935,-67.570721
5987,KB_23_42928_42,Female,Killingbeck,2023,01/01/2023,01:09:16,01/01/2023 01:09,31/12/2022 22:09,-68.069452,-67.570705
5988,KB_23_42928_42,Female,Killingbeck,2023,01/01/2023,01:11:16,01/01/2023 01:11,31/12/2022 22:11,-68.069282,-67.570667
5989,KB_23_42928_42,Female,Killingbeck,2023,01/01/2023,01:13:16,01/01/2023 01:13,31/12/2022 22:13,-68.069477,-67.570764
5990,KB_23_42928_42,Female,Killingbeck,2023,01/01/2023,01:15:16,01/01/2023 01:15,31/12/2022 22:15,-68.069414,-67.570729
5991,KB_23_42928_42,Female,Killingbeck,2023,01/01/2023,01:17:13,01/01/2023 01:17,31/12/2022 22:17,-68.069376,-67.570759
5992,KB_23_42928_42,Female,Killingbeck,2023,01/01/2023,01:19:13,01/01/2023 01:19,31/12/2022 22:19,-68.069232,-67.570767
5993,KB_23_42928_42,Female,Killingbeck,2023,01/01/2023,01:21:11,01/01/2023 01:21,31/12/2022 22:21,-68.069396,-67.570675
5994,KB_23_42928_42,Female,Killingbeck,2023,01/01/2023,01:23:10,01/01/2023 01:23,31/12/2022 22:23,-68.069377,-67.570714
5995,KB_23_42928_42,Female,Killingbeck,2023,01/01/2023,01:25:10,01/01/2023 01:25,31/12/2022 22:25,-68.069454,-67.570749
5996,KB_23_42928_42,Female,Killingbeck,2023,01/01/2023,01:27:08,01/01/2023 01:27,31/12/2022 22:27,-68.069315,-67.570656
5997,KB_23_42928_42,Female,Killingbeck,2023,01/01/2023,01:29:08,01/01/2023 01:29,31/12/2022 22:29,-68.069387,-67.570712
5998,KB_23_42928_42,Female,Killingbeck,2023,01/01/2023,01:31:09,01/01/2023 01:31,31/12/2022 22:31,-68.06953,-67.571058
5999,KB_23_42928_42,Female,Killingbeck,2023,01/01/2023,01:33:06,01/01/2023 01:33,31/12/2022 22:33,-68.069591,-67.570943
6000,KB_23_42928_42,Female,Killingbeck,2023,01/01/2023,01:35:04,01/01/2023 01:35,31/12/2022 22:35,-68.06942,-67.57071
6001,KB_23_42928_42,Female,Killingbeck,2023,01/01/2023,01:37:03,01/01/2023 01:37,31/12/2022 22:37,-68.069378,-67.570742
6002,KB_23_42928_42,Female,Killingbeck,2023,01/01/2023,01:39:02,01/01/2023 01:39,31/12/2022 22:39,-68.069428,-67.570763
6003,KB_23_42928_42,Female,Killingbeck,2023,01/01/2023,01:41:04,01/01/2023 01:41,31/12/2022 22:41,-68.069242,-67.570881
6004,KB_23_42928_42,Female,Killingbeck,2023,01/01/2023,01:43:01,01/01/2023 01:43,31/12/2022 22:43,-68.069472,-67.570744
6005,KB_23_42928_42,Female,Killingbeck,2023,01/01/2023,01:45:00,01/01/2023 01:45,31/12/2022 22:45,-68.069337,-67.570744
6006,KB_23_42928_42,Female,Killingbeck,2023,01/01/2023,01:46:59,01/01/2023 01:46,31/12/2022 22:46,-68.069336,-67.5707
6007,KB_23_42928_42,Female,Killingbeck,2023,01/01/2023,01:48:59,01/01/2023 01:48,31/12/2022 22:48,-68.069239,-67.57079
6008,KB_23_42928_42,Female,Killingbeck,2023,01/01/2023,01:50:58,01/01/2023 01:50,31/12/2022 22:50,-68.069281,-67.570823
6009,KB_23_42928_42,Female,Killingbeck,2023,01/01/2023,01:52:56,01/01/2023 01:52,31/12/2022 22:52,-68.06927,-67.570761
6010,KB_23_42928_42,Female,Killingbeck,2023,01/01/2023,01:54:56,01/01/2023 01:54,31/12/2022 22:54,-68.069289,-67.57078
6011,KB_23_42928_42,Female,Killingbeck,2023,01/01/2023,01:56:54,01/01/2023 01:56,31/12/2022 22:56,-68.069493,-67.570881
6012,KB_23_42928_42,Female,Killingbeck,2023,01/01/2023,01:58:53,01/01/2023 01:58,31/12/2022 22:58,-68.069485,-67.570822
6013,KB_23_42928_42,Female,Killingbeck,2023,01/01/2023,02:00:52,01/01/2023 02:00,31/12/2022 23:00,-68.069271,-67.570759
6014,KB_23_42928_42,Female,Killingbeck,2023,01/01/2023,02:02:51,01/01/2023 02:02,31/12/2022 23:02,-68.069354,-67.570752
6015,KB_23_42928_42,Female,Killingbeck,2023,01/01/2023,02:04:51,01/01/2023 02:04,31/12/2022 23:04,-68.069328,-67.570835
6016,KB_23_42928_42,Female,Killingbeck,2023,01/01/2023,02:06:56,01/01/2023 02:06,31/12/2022 23:06,-68.069456,-67.570831
6017,KB_23_42928_42,Female,Killingbeck,2023,01/01/2023,02:08:50,01/01/2023 02:08,31/12/2022 23:08,-68.069536,-67.570769
6018,KB_23_42928_42,Female,Killingbeck,2023,01/01/2023,02:10:48,01/01/2023 02:10,31/12/2022 23:10,-68.069497,-67.570809
6019,KB_23_42928_42,Female,Killingbeck,2023,01/01/2023,02:12:48,01/01/2023 02:12,31/12/2022 23:12,-68.069597,-67.570739
6020,KB_23_42928_42,Female,Killingbeck,2023,01/01/2023,02:14:48,01/01/2023 02:14,31/12/2022 23:14,-68.069372,-67.570765
6021,KB_23_42928_42,Female,Killingbeck,2023,01/01/2023,02:16:46,01/01/2023 02:16,31/12/2022 23:16,-68.069313,-67.570794
6022,KB_23_42928_42,Female,Killingbeck,2023,01/01/2023,02:18:46,01/01/2023 02:18,31/12/2022 23:18,-68.069416,-67.5708
6023,KB_23_42928_42,Female,Killingbeck,2023,01/01/2023,02:20:45,01/01/2023 02:20,31/12/2022 23:20,-68.069445,-67.570809
6024,KB_23_42928_42,Female,Killingbeck,2023,01/01/2023,02:22:43,01/01/2023 02:22,31/12/2022 23:22,-68.069281,-67.570748
6025,KB_23_42928_42,Female,Killingbeck,2023,01/01/2023,02:24:42,01/01/2023 02:24,31/12/2022 23:24,-68.069537,-67.570736
6026,KB_23_42928_42,Female,Killingbeck,2023,01/01/2023,02:26:42,01/01/2023 02:26,31/12/2022 23:26,-68.069492,-67.570827
6027,KB_23_42928_42,Female,Killingbeck,2023,01/01/2023,02:28:41,01/01/2023 02:28,31/12/2022 23:28,-68.069397,-67.570724
6028,KB_23_42928_42,Female,Killingbeck,2023,01/01/2023,02:30:39,01/01/2023 02:30,31/12/2022 23:30,-68.069431,-67.570751
6029,KB_23_42928_42,Female,Killingbeck,2023,01/01/2023,02:32:39,01/01/2023 02:32,31/12/2022 23:32,-68.069554,-67.570734
6030,KB_23_42928_42,Female,Killingbeck,2023,01/01/2023,02:34:37,01/01/2023 02:34,31/12/2022 23:34,-68.06932,-67.570784
6031,KB_23_42928_42,Female,Killingbeck,2023,01/01/2023,02:36:37,01/01/2023 02:36,31/12/2022 23:36,-68.069644,-67.570703
6032,KB_23_42928_42,Female,Killingbeck,2023,01/01/2023,02:38:36,01/01/2023 02:38,31/12/2022 23:38,-68.069807,-67.570717
6033,KB_23_42928_42,Female,Killingbeck,2023,01/01/2023,02:40:34,01/01/2023 02:40,31/12/2022 23:40,-68.069714,-67.570795
6034,KB_23_42928_42,Female,Killingbeck,2023,01/01/2023,02:42:34,01/01/2023 02:42,31/12/2022 23:42,-68.069585,-67.570755
6035,KB_23_42928_42,Female,Killingbeck,2023,01/01/2023,02:44:36,01/01/2023 02:44,31/12/2022 23:44,-68.069885,-67.570766
6036,KB_23_42928_42,Female,Killingbeck,2023,01/01/2023,02:46:32,01/01/2023 02:46,31/12/2022 23:46,-68.069586,-67.570765
6037,KB_23_42928_42,Female,Killingbeck,2023,01/01/2023,02:48:31,01/01/2023 02:48,31/12/2022 23:48,-68.069666,-67.570751
6038,KB_23_42928_42,Female,Killingbeck,2023,01/01/2023,02:50:30,01/01/2023 02:50,31/12/2022 23:50,-68.069403,-67.570752
6039,KB_23_42928_42,Female,Killingbeck,2023,01/01/2023,02:52:29,01/01/2023 02:52,31/12/2022 23:52,-68.06943,-67.57081
6040,KB_23_42928_42,Female,Killingbeck,2023,01/01/2023,02:54:29,01/01/2023 02:54,31/12/2022 23:54,-68.069587,-67.570771
6041,KB_23_42928_42,Female,Killingbeck,2023,01/01/2023,02:56:26,01/01/2023 02:56,31/12/2022 23:56,-68.069687,-67.57075
6042,KB_23_42928_42,Female,Killingbeck,2023,01/01/2023,02:58:25,01/01/2023 02:58,31/12/2022 23:58,-68.069511,-67.570767
6043,KB_23_42928_42,Female,Killingbeck,2023,01/01/2023,03:00:24,01/01/2023 03:00,01/01/2023 00:00,-68.069553,-67.57079
6044,KB_23_42928_42,Female,Killingbeck,2023,01/01/2023,03:02:23,01/01/2023 03:02,01/01/2023 00:02,-68.06956,-67.570747
6045,KB_23_42928_42,Female,Killingbeck,2023,01/01/2023,03:04:22,01/01/2023 03:04,01/01/2023 00:04,-68.069509,-67.570743
6046,KB_23_42928_42,Female,Killingbeck,2023,01/01/2023,03:06:22,01/01/2023 03:06,01/01/2023 00:06,-68.069563,-67.570821
6047,KB_23_42928_42,Female,Killingbeck,2023,01/01/2023,03:08:21,01/01/2023 03:08,01/01/2023 00:08,-68.069518,-67.57077
6048,KB_23_42928_42,Female,Killingbeck,2023,01/01/2023,03:10:21,01/01/2023 03:10,01/01/2023 00:10,-68.069429,-67.570731
6049,KB_23_42928_42,Female,Killingbeck,2023,01/01/2023,03:12:20,01/01/2023 03:12,01/01/2023 00:12,-68.069654,-67.570738
6050,KB_23_42928_42,Female,Killingbeck,2023,01/01/2023,03:14:19,01/01/2023 03:14,01/01/2023 00:14,-68.069567,-67.570766
6051,KB_23_42928_42,Female,Killingbeck,2023,01/01/2023,03:16:18,01/01/2023 03:16,01/01/2023 00:16,-68.069467,-67.570757
6052,KB_23_42928_42,Female,Killingbeck,2023,01/01/2023,03:18:17,01/01/2023 03:18,01/01/2023 00:18,-68.069583,-67.570716
6053,KB_23_42928_42,Female,Killingbeck,2023,01/01/2023,03:20:16,01/01/2023 03:20,01/01/2023 00:20,-68.069474,-67.570749
6054,KB_23_42928_42,Female,Killingbeck,2023,01/01/2023,03:22:15,01/01/2023 03:22,01/01/2023 00:22,-68.069509,-67.570746
6055,KB_23_42928_42,Female,Killingbeck,2023,01/01/2023,03:24:14,01/01/2023 03:24,01/01/2023 00:24,-68.069404,-67.570797
6056,KB_23_42928_42,Female,Killingbeck,2023,01/01/2023,03:26:14,01/01/2023 03:26,01/01/2023 00:26,-68.06954,-67.570735
6057,KB_23_42928_42,Female,Killingbeck,2023,01/01/2023,03:28:12,01/01/2023 03:28,01/01/2023 00:28,-68.069472,-67.570706
6058,KB_23_42928_42,Female,Killingbeck,2023,01/01/2023,03:30:11,01/01/2023 03:30,01/01/2023 00:30,-68.069521,-67.57068
6059,KB_23_42928_42,Female,Killingbeck,2023,01/01/2023,03:32:11,01/01/2023 03:32,01/01/2023 00:32,-68.069627,-67.57074
6060,KB_23_42928_42,Female,Killingbeck,2023,01/01/2023,03:34:09,01/01/2023 03:34,01/01/2023 00:34,-68.069449,-67.570722
6061,KB_23_42928_42,Female,Killingbeck,2023,01/01/2023,03:36:08,01/01/2023 03:36,01/01/2023 00:36,-68.069451,-67.570746
6062,KB_23_42928_42,Female,Killingbeck,2023,01/01/2023,03:38:08,01/01/2023 03:38,01/01/2023 00:38,-68.069558,-67.57074
6063,KB_23_42928_42,Female,Killingbeck,2023,01/01/2023,03:40:08,01/01/2023 03:40,01/01/2023 00:40,-68.069504,-67.570758
6064,KB_23_42928_42,Female,Killingbeck,2023,01/01/2023,03:42:06,01/01/2023 03:42,01/01/2023 00:42,-68.069659,-67.570809
6065,KB_23_42928_42,Female,Killingbeck,2023,01/01/2023,03:44:06,01/01/2023 03:44,01/01/2023 00:44,-68.069362,-67.570789
6066,KB_23_42928_42,Female,Killingbeck,2023,01/01/2023,03:46:05,01/01/2023 03:46,01/01/2023 00:46,-68.069726,-67.570717
6067,KB_23_42928_42,Female,Killingbeck,2023,01/01/2023,03:48:06,01/01/2023 03:48,01/01/2023 00:48,-68.069656,-67.57078
6068,KB_23_42928_42,Female,Killingbeck,2023,01/01/2023,03:50:05,01/01/2023 03:50,01/01/2023 00:50,-68.069556,-67.570755
6069,KB_23_42928_42,Female,Killingbeck,2023,01/01/2023,03:52:02,01/01/2023 03:52,01/01/2023 00:52,-68.069698,-67.570784
6070,KB_23_42928_42,Female,Killingbeck,2023,01/01/2023,03:53:59,01/01/2023 03:53,01/01/2023 00:53,-68.069586,-67.570751
6071,KB_23_42928_42,Female,Killingbeck,2023,01/01/2023,03:55:59,01/01/2023 03:55,01/01/2023 00:55,-68.069658,-67.570745
6072,KB_23_42928_42,Female,Killingbeck,2023,01/01/2023,03:57:57,01/01/2023 03:57,01/01/2023 00:57,-68.069513,-67.570779
6073,KB_23_42928_42,Female,Killingbeck,2023,01/01/2023,03:59:59,01/01/2023 03:59,01/01/2023 00:59,-68.069517,-67.570772
6074,KB_23_42928_42,Female,Killingbeck,2023,01/01/2023,04:01:56,01/01/2023 04:01,01/01/2023 01:01,-68.069529,-67.570815
6075,KB_23_42928_42,Female,Killingbeck,2023,01/01/2023,04:03:55,01/01/2023 04:03,01/01/2023 01:03,-68.069347,-67.570784
6076,KB_23_42928_42,Female,Killingbeck,2023,01/01/2023,04:05:56,01/01/2023 04:05,01/01/2023 01:05,-68.069394,-67.570602
6077,KB_23_42928_42,Female,Killingbeck,2023,01/01/2023,04:07:53,01/01/2023 04:07,01/01/2023 01:07,-68.0693,-67.570797
6078,KB_23_42928_42,Female,Killingbeck,2023,01/01/2023,04:09:51,01/01/2023 04:09,01/01/2023 01:09,-68.069343,-67.570768
6079,KB_23_42928_42,Female,Killingbeck,2023,01/01/2023,04:11:52,01/01/2023 04:11,01/01/2023 01:11,-68.069391,-67.570713
6080,KB_23_42928_42,Female,Killingbeck,2023,01/01/2023,04:13:52,01/01/2023 04:13,01/01/2023 01:13,-68.069543,-67.570736
6081,KB_23_42928_42,Female,Killingbeck,2023,01/01/2023,04:15:51,01/01/2023 04:15,01/01/2023 01:15,-68.069362,-67.57072
6082,KB_23_42928_42,Female,Killingbeck,2023,01/01/2023,04:17:52,01/01/2023 04:17,01/01/2023 01:17,-68.06938,-67.570781
6083,KB_23_42928_42,Female,Killingbeck,2023,01/01/2023,04:19:48,01/01/2023 04:19,01/01/2023 01:19,-68.069468,-67.570761
6084,KB_23_42928_42,Female,Killingbeck,2023,01/01/2023,04:21:47,01/01/2023 04:21,01/01/2023 01:21,-68.069448,-67.570773
6085,KB_23_42928_42,Female,Killingbeck,2023,01/01/2023,04:23:47,01/01/2023 04:23,01/01/2023 01:23,-68.069726,-67.570772
6086,KB_23_42928_42,Female,Killingbeck,2023,01/01/2023,04:25:46,01/01/2023 04:25,01/01/2023 01:25,-68.069465,-67.570788
6087,KB_23_42928_42,Female,Killingbeck,2023,01/01/2023,04:27:45,01/01/2023 04:27,01/01/2023 01:27,-68.069413,-67.570712
6088,KB_23_42928_42,Female,Killingbeck,2023,01/01/2023,04:29:44,01/01/2023 04:29,01/01/2023 01:29,-68.069522,-67.570834
6089,KB_23_42928_42,Female,Killingbeck,2023,01/01/2023,04:31:43,01/01/2023 04:31,01/01/2023 01:31,-68.069615,-67.570823
6090,KB_23_42928_42,Female,Killingbeck,2023,01/01/2023,04:33:42,01/01/2023 04:33,01/01/2023 01:33,-68.069587,-67.57074
6091,KB_23_42928_42,Female,Killingbeck,2023,01/01/2023,04:35:43,01/01/2023 04:35,01/01/2023 01:35,-68.069413,-67.570745
6092,KB_23_42928_42,Female,Killingbeck,2023,01/01/2023,04:37:47,01/01/2023 04:37,01/01/2023 01:37,-68.069618,-67.570755
6093,KB_23_42928_42,Female,Killingbeck,2023,01/01/2023,04:39:42,01/01/2023 04:39,01/01/2023 01:39,-68.069213,-67.570734
6094,KB_23_42928_42,Female,Killingbeck,2023,01/01/2023,04:41:41,01/01/2023 04:41,01/01/2023 01:41,-68.069409,-67.570773
6095,KB_23_42928_42,Female,Killingbeck,2023,01/01/2023,04:43:46,01/01/2023 04:43,01/01/2023 01:43,-68.06955,-67.570785
6096,KB_23_42928_42,Female,Killingbeck,2023,01/01/2023,04:45:40,01/01/2023 04:45,01/01/2023 01:45,-68.069298,-67.570773
6097,KB_23_42928_42,Female,Killingbeck,2023,01/01/2023,04:47:39,01/01/2023 04:47,01/01/2023 01:47,-68.069342,-67.570733
6098,KB_23_42928_42,Female,Killingbeck,2023,01/01/2023,04:49:37,01/01/2023 04:49,01/01/2023 01:49,-68.069709,-67.570702
6099,KB_23_42928_42,Female,Killingbeck,2023,01/01/2023,04:51:33,01/01/2023 04:51,01/01/2023 01:51,-68.069487,-67.570758
6100,KB_23_42928_42,Female,Killingbeck,2023,01/01/2023,04:53:35,01/01/2023 04:53,01/01/2023 01:53,-68.069357,-67.570719
6101,KB_23_42928_42,Female,Killingbeck,2023,01/01/2023,04:55:31,01/01/2023 04:55,01/01/2023 01:55,-68.069491,-67.570759
6102,KB_23_42928_42,Female,Killingbeck,2023,01/01/2023,04:57:30,01/01/2023 04:57,01/01/2023 01:57,-68.06946,-67.570705
6103,KB_23_42928_42,Female,Killingbeck,2023,01/01/2023,04:59:29,01/01/2023 04:59,01/01/2023 01:59,-68.069462,-67.570743
6104,KB_23_42928_42,Female,Killingbeck,2023,01/01/2023,05:01:28,01/01/2023 05:01,01/01/2023 02:01,-68.069518,-67.570745
6105,KB_23_42928_42,Female,Killingbeck,2023,01/01/2023,05:03:28,01/01/2023 05:03,01/01/2023 02:03,-68.069496,-67.570743
6106,KB_23_42928_42,Female,Killingbeck,2023,01/01/2023,05:05:29,01/01/2023 05:05,01/01/2023 02:05,-68.069468,-67.570737
6107,KB_23_42928_42,Female,Killingbeck,2023,01/01/2023,05:07:25,01/01/2023 05:07,01/01/2023 02:07,-68.069828,-67.570714
6108,KB_23_42928_42,Female,Killingbeck,2023,01/01/2023,05:09:24,01/01/2023 05:09,01/01/2023 02:09,-68.069387,-67.57075
6109,KB_23_42928_42,Female,Killingbeck,2023,01/01/2023,05:11:24,01/01/2023 05:11,01/01/2023 02:11,-68.069509,-67.570768
6110,KB_23_42928_42,Female,Killingbeck,2023,01/01/2023,05:13:23,01/01/2023 05:13,01/01/2023 02:13,-68.069407,-67.57071
6111,KB_23_42928_42,Female,Killingbeck,2023,01/01/2023,05:15:25,01/01/2023 05:15,01/01/2023 02:15,-68.069375,-67.570758
6112,KB_23_42928_42,Female,Killingbeck,2023,01/01/2023,05:17:44,01/01/2023 05:17,01/01/2023 02:17,-68.069715,-67.570701
6113,KB_23_42928_42,Female,Killingbeck,2023,01/01/2023,05:19:43,01/01/2023 05:19,01/01/2023 02:19,-68.069809,-67.570743
6114,KB_23_42928_42,Female,Killingbeck,2023,01/01/2023,05:21:44,01/01/2023 05:21,01/01/2023 02:21,-68.069461,-67.570721
6115,KB_23_42928_42,Female,Killingbeck,2023,01/01/2023,05:23:43,01/01/2023 05:23,01/01/2023 02:23,-68.069709,-67.570805
6116,KB_23_42928_42,Female,Killingbeck,2023,01/01/2023,05:25:48,01/01/2023 05:25,01/01/2023 02:25,-68.070187,-67.57075
6117,KB_23_42928_42,Female,Killingbeck,2023,01/01/2023,05:27:38,01/01/2023 05:27,01/01/2023 02:27,-68.069615,-67.570698
6118,KB_23_42928_42,Female,Killingbeck,2023,01/01/2023,05:29:37,01/01/2023 05:29,01/01/2023 02:29,-68.070229,-67.570651
6119,KB_23_42928_42,Female,Killingbeck,2023,01/01/2023,05:31:36,01/01/2023 05:31,01/01/2023 02:31,-68.069886,-67.570706
6120,KB_23_42928_42,Female,Killingbeck,2023,01/01/2023,05:33:35,01/01/2023 05:33,01/01/2023 02:33,-68.06984,-67.570718
6121,KB_23_42928_42,Female,Killingbeck,2023,01/01/2023,05:35:34,01/01/2023 05:35,01/01/2023 02:35,-68.069955,-67.57077
6122,KB_23_42928_42,Female,Killingbeck,2023,01/01/2023,05:37:34,01/01/2023 05:37,01/01/2023 02:37,-68.069933,-67.570705
6123,KB_23_42928_42,Female,Killingbeck,2023,01/01/2023,05:39:32,01/01/2023 05:39,01/01/2023 02:39,-68.069946,-67.570718
6124,KB_23_42928_42,Female,Killingbeck,2023,01/01/2023,05:41:31,01/01/2023 05:41,01/01/2023 02:41,-68.070898,-67.570904
6125,KB_23_42928_42,Female,Killingbeck,2023,01/01/2023,05:43:31,01/01/2023 05:43,01/01/2023 02:43,-68.069829,-67.570761
6126,KB_23_42928_42,Female,Killingbeck,2023,01/01/2023,05:45:29,01/01/2023 05:45,01/01/2023 02:45,-68.069593,-67.570689
6127,KB_23_42928_42,Female,Killingbeck,2023,01/01/2023,05:47:26,01/01/2023 05:47,01/01/2023 02:47,-68.069404,-67.570732
6128,KB_23_42928_42,Female,Killingbeck,2023,01/01/2023,05:49:25,01/01/2023 05:49,01/01/2023 02:49,-68.06939,-67.570689
6129,KB_23_42928_42,Female,Killingbeck,2023,01/01/2023,05:51:24,01/01/2023 05:51,01/01/2023 02:51,-68.06916,-67.570739
6130,KB_23_42928_42,Female,Killingbeck,2023,01/01/2023,05:53:23,01/01/2023 05:53,01/01/2023 02:53,-68.069307,-67.57073
6131,KB_23_42928_42,Female,Killingbeck,2023,01/01/2023,05:55:22,01/01/2023 05:55,01/01/2023 02:55,-68.069351,-67.570754
6132,KB_23_42928_42,Female,Killingbeck,2023,01/01/2023,05:57:21,01/01/2023 05:57,01/01/2023 02:57,-68.069343,-67.57074
6133,KB_23_42928_42,Female,Killingbeck,2023,01/01/2023,05:59:21,01/01/2023 05:59,01/01/2023 02:59,-68.071113,-67.570748
6134,KB_23_42928_42,Female,Killingbeck,2023,01/01/2023,06:01:19,01/01/2023 06:01,01/01/2023 03:01,-68.069151,-67.570735
6135,KB_23_42928_42,Female,Killingbeck,2023,01/01/2023,06:03:19,01/01/2023 06:03,01/01/2023 03:03,-68.069251,-67.570687
6136,KB_23_42928_42,Female,Killingbeck,2023,01/01/2023,06:05:20,01/01/2023 06:05,01/01/2023 03:05,-68.071703,-67.570618
6137,KB_23_42928_42,Female,Killingbeck,2023,01/01/2023,06:07:17,01/01/2023 06:07,01/01/2023 03:07,-68.0692,-67.570741
6138,KB_23_42928_42,Female,Killingbeck,2023,01/01/2023,06:09:16,01/01/2023 06:09,01/01/2023 03:09,-68.069975,-67.570736
6139,KB_23_42928_42,Female,Killingbeck,2023,01/01/2023,06:11:16,01/01/2023 06:11,01/01/2023 03:11,-68.06943,-67.570744
6140,KB_23_42928_42,Female,Killingbeck,2023,01/01/2023,06:13:14,01/01/2023 06:13,01/01/2023 03:13,-68.069439,-67.570746
6141,KB_23_42928_42,Female,Killingbeck,2023,01/01/2023,06:15:13,01/01/2023 06:15,01/01/2023 03:15,-68.069518,-67.570742
6142,KB_23_42928_42,Female,Killingbeck,2023,01/01/2023,06:17:11,01/01/2023 06:17,01/01/2023 03:17,-68.069902,-67.57076
6143,KB_23_42928_42,Female,Killingbeck,2023,01/01/2023,06:19:08,01/01/2023 06:19,01/01/2023 03:19,-68.069666,-67.570709
6144,KB_23_42928_42,Female,Killingbeck,2023,01/01/2023,06:21:07,01/01/2023 06:21,01/01/2023 03:21,-68.069548,-67.570783
6145,KB_23_42928_42,Female,Killingbeck,2023,01/01/2023,06:23:07,01/01/2023 06:23,01/01/2023 03:23,-68.069292,-67.570692
6146,KB_23_42928_42,Female,Killingbeck,2023,01/01/2023,06:25:05,01/01/2023 06:25,01/01/2023 03:25,-68.069392,-67.570768
6147,KB_23_42928_42,Female,Killingbeck,2023,01/01/2023,06:27:04,01/01/2023 06:27,01/01/2023 03:27,-68.06952,-67.570746
6148,KB_23_42928_42,Female,Killingbeck,2023,01/01/2023,06:29:04,01/01/2023 06:29,01/01/2023 03:29,-68.069436,-67.570665
6149,KB_23_42928_42,Female,Killingbeck,2023,01/01/2023,06:31:03,01/01/2023 06:31,01/01/2023 03:31,-68.069444,-67.570759
6150,KB_23_42928_42,Female,Killingbeck,2023,01/01/2023,06:33:03,01/01/2023 06:33,01/01/2023 03:33,-68.069445,-67.570636
6151,KB_23_42928_42,Female,Killingbeck,2023,01/01/2023,06:35:01,01/01/2023 06:35,01/01/2023 03:35,-68.069565,-67.570771
6152,KB_23_42928_42,Female,Killingbeck,2023,01/01/2023,06:37:01,01/01/2023 06:37,01/01/2023 03:37,-68.070005,-67.570925
6153,KB_23_42928_42,Female,Killingbeck,2023,01/01/2023,06:39:00,01/01/2023 06:39,01/01/2023 03:39,-68.069667,-67.57069
6154,KB_23_42928_42,Female,Killingbeck,2023,01/01/2023,06:40:58,01/01/2023 06:40,01/01/2023 03:40,-68.06968,-67.570765
6155,KB_23_42928_42,Female,Killingbeck,2023,01/01/2023,06:42:57,01/01/2023 06:42,01/01/2023 03:42,-68.069574,-67.570779
6156,KB_23_42928_42,Female,Killingbeck,2023,01/01/2023,06:44:59,01/01/2023 06:44,01/01/2023 03:44,-68.070384,-67.571054
6157,KB_23_42928_42,Female,Killingbeck,2023,01/01/2023,06:46:54,01/01/2023 06:46,01/01/2023 03:46,-68.070031,-67.570905
6158,KB_23_42928_42,Female,Killingbeck,2023,01/01/2023,06:48:52,01/01/2023 06:48,01/01/2023 03:48,-68.069464,-67.570695
6159,KB_23_42928_42,Female,Killingbeck,2023,01/01/2023,06:50:52,01/01/2023 06:50,01/01/2023 03:50,-68.070184,-67.570797
6160,KB_23_42928_42,Female,Killingbeck,2023,01/01/2023,06:52:50,01/01/2023 06:52,01/01/2023 03:52,-68.069925,-67.57077
6161,KB_23_42928_42,Female,Killingbeck,2023,01/01/2023,06:54:52,01/01/2023 06:54,01/01/2023 03:54,-68.070659,-67.570765
6162,KB_23_42928_42,Female,Killingbeck,2023,01/01/2023,06:56:48,01/01/2023 06:56,01/01/2023 03:56,-68.069831,-67.57077
6163,KB_23_42928_42,Female,Killingbeck,2023,01/01/2023,06:58:47,01/01/2023 06:58,01/01/2023 03:58,-68.069512,-67.570774
6164,KB_23_42928_42,Female,Killingbeck,2023,01/01/2023,07:00:46,01/01/2023 07:00,01/01/2023 04:00,-68.069534,-67.570739
6165,KB_23_42928_42,Female,Killingbeck,2023,01/01/2023,07:02:45,01/01/2023 07:02,01/01/2023 04:02,-68.069563,-67.570726
6166,KB_23_42928_42,Female,Killingbeck,2023,01/01/2023,07:04:45,01/01/2023 07:04,01/01/2023 04:04,-68.069546,-67.570696
6167,KB_23_42928_42,Female,Killingbeck,2023,01/01/2023,07:06:43,01/01/2023 07:06,01/01/2023 04:06,-68.069752,-67.570772
6168,KB_23_42928_42,Female,Killingbeck,2023,01/01/2023,07:08:45,01/01/2023 07:08,01/01/2023 04:08,-68.06922,-67.571575
6169,KB_23_42928_42,Female,Killingbeck,2023,01/01/2023,07:10:45,01/01/2023 07:10,01/01/2023 04:10,-68.070734,-67.57083
6170,KB_23_42928_42,Female,Killingbeck,2023,01/01/2023,07:12:44,01/01/2023 07:12,01/01/2023 04:12,-68.069929,-67.570809
6171,KB_23_42928_42,Female,Killingbeck,2023,01/01/2023,07:14:41,01/01/2023 07:14,01/01/2023 04:14,-68.069981,-67.570781
6172,KB_23_42928_42,Female,Killingbeck,2023,01/01/2023,07:16:40,01/01/2023 07:16,01/01/2023 04:16,-68.069315,-67.570811
6173,KB_23_42928_42,Female,Killingbeck,2023,01/01/2023,07:18:37,01/01/2023 07:18,01/01/2023 04:18,-68.069533,-67.570714
6174,KB_23_42928_42,Female,Killingbeck,2023,01/01/2023,07:20:38,01/01/2023 07:20,01/01/2023 04:20,-68.06977,-67.570793
6175,KB_23_42928_42,Female,Killingbeck,2023,01/01/2023,07:22:37,01/01/2023 07:22,01/01/2023 04:22,-68.069919,-67.570783
6176,KB_23_42928_42,Female,Killingbeck,2023,01/01/2023,07:24:42,01/01/2023 07:24,01/01/2023 04:24,-68.069586,-67.570803
6177,KB_23_42928_42,Female,Killingbeck,2023,01/01/2023,07:26:36,01/01/2023 07:26,01/01/2023 04:26,-68.069344,-67.5708
6178,KB_23_42928_42,Female,Killingbeck,2023,01/01/2023,07:28:33,01/01/2023 07:28,01/01/2023 04:28,-68.069911,-67.5708
6179,KB_23_42928_42,Female,Killingbeck,2023,01/01/2023,07:30:43,01/01/2023 07:30,01/01/2023 04:30,-68.069536,-67.570804
6180,KB_23_42928_42,Female,Killingbeck,2023,01/01/2023,07:32:43,01/01/2023 07:32,01/01/2023 04:32,-68.069452,-67.570807
6181,KB_23_42928_42,Female,Killingbeck,2023,01/01/2023,07:34:31,01/01/2023 07:34,01/01/2023 04:34,-68.069601,-67.570698
6182,KB_23_42928_42,Female,Killingbeck,2023,01/01/2023,07:36:31,01/01/2023 07:36,01/01/2023 04:36,-68.069486,-67.570754
6183,KB_23_42928_42,Female,Killingbeck,2023,01/01/2023,07:38:28,01/01/2023 07:38,01/01/2023 04:38,-68.069561,-67.570782
6184,KB_23_42928_42,Female,Killingbeck,2023,01/01/2023,07:40:27,01/01/2023 07:40,01/01/2023 04:40,-68.069528,-67.570769
6185,KB_23_42928_42,Female,Killingbeck,2023,01/01/2023,07:42:25,01/01/2023 07:42,01/01/2023 04:42,-68.069487,-67.570691
6186,KB_23_42928_42,Female,Killingbeck,2023,01/01/2023,07:44:26,01/01/2023 07:44,01/01/2023 04:44,-68.069467,-67.570778
6187,KB_23_42928_42,Female,Killingbeck,2023,01/01/2023,07:46:23,01/01/2023 07:46,01/01/2023 04:46,-68.069573,-67.57076
6188,KB_23_42928_42,Female,Killingbeck,2023,01/01/2023,07:48:24,01/01/2023 07:48,01/01/2023 04:48,-68.069376,-67.570821
6189,KB_23_42928_42,Female,Killingbeck,2023,01/01/2023,07:50:21,01/01/2023 07:50,01/01/2023 04:50,-68.069312,-67.570791
6190,KB_23_42928_42,Female,Killingbeck,2023,01/01/2023,07:52:19,01/01/2023 07:52,01/01/2023 04:52,-68.069478,-67.570811
6191,KB_23_42928_42,Female,Killingbeck,2023,01/01/2023,07:54:19,01/01/2023 07:54,01/01/2023 04:54,-68.06968,-67.570711
6192,KB_23_42928_42,Female,Killingbeck,2023,01/01/2023,07:56:17,01/01/2023 07:56,01/01/2023 04:56,-68.069754,-67.570788
6193,KB_23_42928_42,Female,Killingbeck,2023,01/01/2023,07:58:16,01/01/2023 07:58,01/01/2023 04:58,-68.069601,-67.570718
6194,KB_23_42928_42,Female,Killingbeck,2023,01/01/2023,08:00:16,01/01/2023 08:00,01/01/2023 05:00,-68.069642,-67.570667
6195,KB_23_42928_42,Female,Killingbeck,2023,01/01/2023,08:02:15,01/01/2023 08:02,01/01/2023 05:02,-68.069698,-67.570753
6196,KB_23_42928_42,Female,Killingbeck,2023,01/01/2023,08:04:14,01/01/2023 08:04,01/01/2023 05:04,-68.069666,-67.570662
6197,KB_23_42928_42,Female,Killingbeck,2023,01/01/2023,08:06:12,01/01/2023 08:06,01/01/2023 05:06,-68.069619,-67.570596
6198,KB_23_42928_42,Female,Killingbeck,2023,01/01/2023,08:08:12,01/01/2023 08:08,01/01/2023 05:08,-68.069687,-67.570649
6199,KB_23_42928_42,Female,Killingbeck,2023,01/01/2023,08:10:11,01/01/2023 08:10,01/01/2023 05:10,-68.06978,-67.570711
6200,KB_23_42928_42,Female,Killingbeck,2023,01/01/2023,08:12:12,01/01/2023 08:12,01/01/2023 05:12,-68.069732,-67.570726
6201,KB_23_42928_42,Female,Killingbeck,2023,01/01/2023,08:14:11,01/01/2023 08:14,01/01/2023 05:14,-68.069551,-67.570693
6202,KB_23_42928_42,Female,Killingbeck,2023,01/01/2023,08:16:06,01/01/2023 08:16,01/01/2023 05:16,-68.069678,-67.57062
6203,KB_23_42928_42,Female,Killingbeck,2023,01/01/2023,08:18:06,01/01/2023 08:18,01/01/2023 05:18,-68.069665,-67.570666
6204,KB_23_42928_42,Female,Killingbeck,2023,01/01/2023,08:20:06,01/01/2023 08:20,01/01/2023 05:20,-68.069548,-67.570704
6205,KB_23_42928_42,Female,Killingbeck,2023,01/01/2023,08:22:04,01/01/2023 08:22,01/01/2023 05:22,-68.069561,-67.57066
6206,KB_23_42928_42,Female,Killingbeck,2023,01/01/2023,08:24:03,01/01/2023 08:24,01/01/2023 05:24,-68.069291,-67.570713
6207,KB_23_42928_42,Female,Killingbeck,2023,01/01/2023,08:26:04,01/01/2023 08:26,01/01/2023 05:26,-68.069454,-67.570766
6208,KB_23_42928_42,Female,Killingbeck,2023,01/01/2023,08:28:10,01/01/2023 08:28,01/01/2023 05:28,-68.06928,-67.570774
6209,KB_23_42928_42,Female,Killingbeck,2023,01/01/2023,08:30:01,01/01/2023 08:30,01/01/2023 05:30,-68.069321,-67.570724
6210,KB_23_42928_42,Female,Killingbeck,2023,01/01/2023,08:32:02,01/01/2023 08:32,01/01/2023 05:32,-68.069347,-67.570739
6211,KB_23_42928_42,Female,Killingbeck,2023,01/01/2023,08:33:58,01/01/2023 08:33,01/01/2023 05:33,-68.069352,-67.570714
6212,KB_23_42928_42,Female,Killingbeck,2023,01/01/2023,08:35:58,01/01/2023 08:35,01/01/2023 05:35,-68.069392,-67.570706
6213,KB_23_42928_42,Female,Killingbeck,2023,01/01/2023,08:37:59,01/01/2023 08:37,01/01/2023 05:37,-68.069654,-67.570681
6214,KB_23_42928_42,Female,Killingbeck,2023,01/01/2023,08:39:56,01/01/2023 08:39,01/01/2023 05:39,-68.06935,-67.570729
6215,KB_23_42928_42,Female,Killingbeck,2023,01/01/2023,08:41:56,01/01/2023 08:41,01/01/2023 05:41,-68.06948,-67.570659
6216,KB_23_42928_42,Female,Killingbeck,2023,01/01/2023,08:43:55,01/01/2023 08:43,01/01/2023 05:43,-68.069411,-67.570719
6217,KB_23_42928_42,Female,Killingbeck,2023,01/01/2023,08:45:54,01/01/2023 08:45,01/01/2023 05:45,-68.069602,-67.570703
6218,KB_23_42928_42,Female,Killingbeck,2023,01/01/2023,08:47:51,01/01/2023 08:47,01/01/2023 05:47,-68.06947,-67.570631
6219,KB_23_42928_42,Female,Killingbeck,2023,01/01/2023,08:49:49,01/01/2023 08:49,01/01/2023 05:49,-68.069378,-67.570741
6220,KB_23_42928_42,Female,Killingbeck,2023,01/01/2023,08:51:56,01/01/2023 08:51,01/01/2023 05:51,-68.069298,-67.570757
6221,KB_23_42928_42,Female,Killingbeck,2023,01/01/2023,08:53:49,01/01/2023 08:53,01/01/2023 05:53,-68.069333,-67.570721
6222,KB_23_42928_42,Female,Killingbeck,2023,01/01/2023,08:55:48,01/01/2023 08:55,01/01/2023 05:55,-68.069347,-67.570705
6223,KB_23_42928_42,Female,Killingbeck,2023,01/01/2023,08:57:47,01/01/2023 08:57,01/01/2023 05:57,-68.06949,-67.570731
6224,KB_23_42928_42,Female,Killingbeck,2023,01/01/2023,09:00:57,01/01/2023 09:00,01/01/2023 06:00,-68.080476,-67.573298
6225,KB_23_42928_42,Female,Killingbeck,2023,01/01/2023,09:02:56,01/01/2023 09:02,01/01/2023 06:02,-68.08031,-67.573117
6226,KB_23_42928_42,Female,Killingbeck,2023,01/01/2023,09:05:35,01/01/2023 09:05,01/01/2023 06:05,-68.080035,-67.573686
6227,KB_23_42928_42,Female,Killingbeck,2023,01/01/2023,09:07:40,01/01/2023 09:07,01/01/2023 06:07,-68.081043,-67.573325
6228,KB_23_42928_42,Female,Killingbeck,2023,01/01/2023,09:09:39,01/01/2023 09:09,01/01/2023 06:09,-68.080694,-67.573337
6229,KB_23_42928_42,Female,Killingbeck,2023,01/01/2023,09:11:40,01/01/2023 09:11,01/01/2023 06:11,-68.076298,-67.572634
6230,KB_23_42928_42,Female,Killingbeck,2023,01/01/2023,09:13:41,01/01/2023 09:13,01/01/2023 06:13,-68.076353,-67.57271
6231,KB_23_42928_42,Female,Killingbeck,2023,01/01/2023,09:15:38,01/01/2023 09:15,01/01/2023 06:15,-68.076263,-67.5726
6232,KB_23_42928_42,Female,Killingbeck,2023,01/01/2023,09:18:47,01/01/2023 09:18,01/01/2023 06:18,-68.076397,-67.572685
6233,KB_23_42928_42,Female,Killingbeck,2023,01/01/2023,09:20:43,01/01/2023 09:20,01/01/2023 06:20,-68.07638,-67.572734
6234,KB_23_42928_42,Female,Killingbeck,2023,01/01/2023,09:22:42,01/01/2023 09:22,01/01/2023 06:22,-68.076485,-67.572776
6235,KB_23_42928_42,Female,Killingbeck,2023,01/01/2023,09:24:41,01/01/2023 09:24,01/01/2023 06:24,-68.076324,-67.572706
6236,KB_23_42928_42,Female,Killingbeck,2023,01/01/2023,09:26:40,01/01/2023 09:26,01/01/2023 06:26,-68.076443,-67.57273
6237,KB_23_42928_42,Female,Killingbeck,2023,01/01/2023,09:28:44,01/01/2023 09:28,01/01/2023 06:28,-68.078908,-67.572967
6238,KB_23_42928_42,Female,Killingbeck,2023,01/01/2023,09:31:04,01/01/2023 09:31,01/01/2023 06:31,-68.079379,-67.573104
6239,KB_23_42928_42,Female,Killingbeck,2023,01/01/2023,09:33:03,01/01/2023 09:33,01/01/2023 06:33,-68.079338,-67.573128
6240,KB_23_42928_42,Female,Killingbeck,2023,01/01/2023,09:35:04,01/01/2023 09:35,01/01/2023 06:35,-68.078698,-67.573072
6241,KB_23_42928_42,Female,Killingbeck,2023,01/01/2023,09:37:25,01/01/2023 09:37,01/01/2023 06:37,-68.079435,-67.573358
6242,KB_23_42928_42,Female,Killingbeck,2023,01/01/2023,09:39:23,01/01/2023 09:39,01/01/2023 06:39,-68.079665,-67.573228
6243,KB_23_42928_42,Female,Killingbeck,2023,01/01/2023,09:41:22,01/01/2023 09:41,01/01/2023 06:41,-68.079813,-67.572914
6244,KB_23_42928_42,Female,Killingbeck,2023,01/01/2023,09:43:22,01/01/2023 09:43,01/01/2023 06:43,-68.079659,-67.572548
6245,KB_23_42928_42,Female,Killingbeck,2023,01/01/2023,09:45:37,01/01/2023 09:45,01/01/2023 06:45,-68.079124,-67.572756
6246,KB_23_42928_42,Female,Killingbeck,2023,01/01/2023,09:47:37,01/01/2023 09:47,01/01/2023 06:47,-68.07945,-67.573637
6247,KB_23_42928_42,Female,Killingbeck,2023,01/01/2023,09:49:38,01/01/2023 09:49,01/01/2023 06:49,-68.0791,-67.573239
6248,KB_23_42928_42,Female,Killingbeck,2023,01/01/2023,09:51:37,01/01/2023 09:51,01/01/2023 06:51,-68.079734,-67.573233
6249,KB_23_42928_42,Female,Killingbeck,2023,01/01/2023,09:54:02,01/01/2023 09:54,01/01/2023 06:54,-68.081072,-67.573453
6250,KB_23_42928_42,Female,Killingbeck,2023,01/01/2023,09:56:01,01/01/2023 09:56,01/01/2023 06:56,-68.080667,-67.573375
6251,KB_23_42928_42,Female,Killingbeck,2023,01/01/2023,09:58:11,01/01/2023 09:58,01/01/2023 06:58,-68.0799,-67.573016
6252,KB_23_42928_42,Female,Killingbeck,2023,01/01/2023,10:00:31,01/01/2023 10:00,01/01/2023 07:00,-68.07918,-67.572735
6253,KB_23_42928_42,Female,Killingbeck,2023,01/01/2023,10:02:30,01/01/2023 10:02,01/01/2023 07:02,-68.079559,-67.573102
6254,KB_23_42928_42,Female,Killingbeck,2023,01/01/2023,10:04:29,01/01/2023 10:04,01/01/2023 07:04,-68.079319,-67.573506
6255,KB_23_42928_42,Female,Killingbeck,2023,01/01/2023,10:06:58,01/01/2023 10:06,01/01/2023 07:06,-68.079789,-67.573694
6256,KB_23_42928_42,Female,Killingbeck,2023,01/01/2023,10:08:57,01/01/2023 10:08,01/01/2023 07:08,-68.079256,-67.573774
6257,KB_23_42928_42,Female,Killingbeck,2023,01/01/2023,10:10:56,01/01/2023 10:10,01/01/2023 07:10,-68.076302,-67.572774
6258,KB_23_42928_42,Female,Killingbeck,2023,01/01/2023,10:12:56,01/01/2023 10:12,01/01/2023 07:12,-68.076401,-67.572712
6259,KB_23_42928_42,Female,Killingbeck,2023,01/01/2023,10:14:55,01/01/2023 10:14,01/01/2023 07:14,-68.076186,-67.572643
6260,KB_23_42928_42,Female,Killingbeck,2023,01/01/2023,10:16:54,01/01/2023 10:16,01/01/2023 07:16,-68.076291,-67.572715
6261,KB_23_42928_42,Female,Killingbeck,2023,01/01/2023,10:18:54,01/01/2023 10:18,01/01/2023 07:18,-68.076413,-67.572809
6262,KB_23_42928_42,Female,Killingbeck,2023,01/01/2023,10:20:54,01/01/2023 10:20,01/01/2023 07:20,-68.076385,-67.572817
6263,KB_23_42928_42,Female,Killingbeck,2023,01/01/2023,10:22:53,01/01/2023 10:22,01/01/2023 07:22,-68.076425,-67.572777
6264,KB_23_42928_42,Female,Killingbeck,2023,01/01/2023,10:24:52,01/01/2023 10:24,01/01/2023 07:24,-68.07639,-67.572773
6265,KB_23_42928_42,Female,Killingbeck,2023,01/01/2023,10:26:51,01/01/2023 10:26,01/01/2023 07:26,-68.078163,-67.572944
6266,KB_23_42928_42,Female,Killingbeck,2023,01/01/2023,10:29:34,01/01/2023 10:29,01/01/2023 07:29,-68.079485,-67.573171
6267,KB_23_42928_42,Female,Killingbeck,2023,01/01/2023,10:31:55,01/01/2023 10:31,01/01/2023 07:31,-68.079331,-67.572789
6268,KB_23_42928_42,Female,Killingbeck,2023,01/01/2023,10:34:07,01/01/2023 10:34,01/01/2023 07:34,-68.078014,-67.572821
6269,KB_23_42928_42,Female,Killingbeck,2023,01/01/2023,10:36:05,01/01/2023 10:36,01/01/2023 07:36,-68.080137,-67.574123
6270,KB_23_42928_42,Female,Killingbeck,2023,01/01/2023,10:38:05,01/01/2023 10:38,01/01/2023 07:38,-68.080749,-67.573191
6271,KB_23_42928_42,Female,Killingbeck,2023,01/01/2023,10:40:41,01/01/2023 10:40,01/01/2023 07:40,-68.081192,-67.573287
6272,KB_23_42928_42,Female,Killingbeck,2023,01/01/2023,10:42:41,01/01/2023 10:42,01/01/2023 07:42,-68.081155,-67.573534
6273,KB_23_42928_42,Female,Killingbeck,2023,01/01/2023,10:44:40,01/01/2023 10:44,01/01/2023 07:44,-68.081413,-67.573383
6274,KB_23_42928_42,Female,Killingbeck,2023,01/01/2023,10:47:01,01/01/2023 10:47,01/01/2023 07:47,-68.077346,-67.572984
6275,KB_23_42928_42,Female,Killingbeck,2023,01/01/2023,10:49:08,01/01/2023 10:49,01/01/2023 07:49,-68.077303,-67.572934
6276,KB_23_42928_42,Female,Killingbeck,2023,01/01/2023,10:51:19,01/01/2023 10:51,01/01/2023 07:51,-68.077301,-67.572954
6277,KB_23_42928_42,Female,Killingbeck,2023,01/01/2023,10:54:12,01/01/2023 10:54,01/01/2023 07:54,-68.069393,-67.570934
6278,KB_23_42928_42,Female,Killingbeck,2023,01/01/2023,10:56:06,01/01/2023 10:56,01/01/2023 07:56,-68.069702,-67.570718
6279,KB_23_42928_42,Female,Killingbeck,2023,01/01/2023,10:58:05,01/01/2023 10:58,01/01/2023 07:58,-68.069729,-67.57065
6280,KB_23_42928_42,Female,Killingbeck,2023,01/01/2023,11:00:02,01/01/2023 11:00,01/01/2023 08:00,-68.069595,-67.570745
6281,KB_23_42928_42,Female,Killingbeck,2023,01/01/2023,11:02:05,01/01/2023 11:02,01/01/2023 08:02,-68.069916,-67.570584
6282,KB_23_42928_42,Female,Killingbeck,2023,01/01/2023,11:03:59,01/01/2023 11:03,01/01/2023 08:03,-68.069569,-67.570631
6283,KB_23_42928_42,Female,Killingbeck,2023,01/01/2023,11:06:00,01/01/2023 11:06,01/01/2023 08:06,-68.066717,-67.571685
6284,KB_23_42928_42,Female,Killingbeck,2023,01/01/2023,11:08:20,01/01/2023 11:08,01/01/2023 08:08,-68.065838,-67.571223
6285,KB_23_42928_42,Female,Killingbeck,2023,01/01/2023,11:10:19,01/01/2023 11:10,01/01/2023 08:10,-68.068877,-67.570538
6286,KB_23_42928_42,Female,Killingbeck,2023,01/01/2023,11:12:17,01/01/2023 11:12,01/01/2023 08:12,-68.068595,-67.570666
6287,KB_23_42928_42,Female,Killingbeck,2023,01/01/2023,11:14:17,01/01/2023 11:14,01/01/2023 08:14,-68.068612,-67.570733
6288,KB_23_42928_42,Female,Killingbeck,2023,01/01/2023,11:16:16,01/01/2023 11:16,01/01/2023 08:16,-68.068622,-67.570545
6289,KB_23_42928_42,Female,Killingbeck,2023,01/01/2023,11:18:14,01/01/2023 11:18,01/01/2023 08:18,-68.079246,-67.57242
6290,KB_23_42928_42,Female,Killingbeck,2023,01/01/2023,11:20:14,01/01/2023 11:20,01/01/2023 08:20,-68.07759,-67.571717
6291,KB_23_42928_42,Female,Killingbeck,2023,01/01/2023,11:22:26,01/01/2023 11:22,01/01/2023 08:22,-68.07193,-67.572637
6292,KB_23_42928_42,Female,Killingbeck,2023,01/01/2023,11:24:37,01/01/2023 11:24,01/01/2023 08:24,0,0
6293,KB_23_42928_42,Female,Killingbeck,2023,01/01/2023,11:26:35,01/01/2023 11:26,01/01/2023 08:26,-68.070968,-67.572285
6294,KB_23_42928_42,Female,Killingbeck,2023,01/01/2023,11:28:40,01/01/2023 11:28,01/01/2023 08:28,-68.070913,-67.57256
6295,KB_23_42928_42,Female,Killingbeck,2023,01/01/2023,11:30:55,01/01/2023 11:30,01/01/2023 08:30,-68.079161,-67.573099
6296,KB_23_42928_42,Female,Killingbeck,2023,01/01/2023,11:32:54,01/01/2023 11:32,01/01/2023 08:32,-68.079593,-67.573018
6297,KB_23_42928_42,Female,Killingbeck,2023,01/01/2023,11:35:53,01/01/2023 11:35,01/01/2023 08:35,-68.078976,-67.573783
6298,KB_23_42928_42,Female,Killingbeck,2023,01/01/2023,11:37:52,01/01/2023 11:37,01/01/2023 08:37,-68.079417,-67.573818
6299,KB_23_42928_42,Female,Killingbeck,2023,01/01/2023,11:39:51,01/01/2023 11:39,01/01/2023 08:39,-68.069208,-67.572509
6300,KB_23_42928_42,Female,Killingbeck,2023,01/01/2023,11:42:07,01/01/2023 11:42,01/01/2023 08:42,0,0
6301,KB_23_42928_42,Female,Killingbeck,2023,01/01/2023,11:44:46,01/01/2023 11:44,01/01/2023 08:44,-68.069961,-67.572708
6302,KB_23_42928_42,Female,Killingbeck,2023,01/01/2023,11:47:18,01/01/2023 11:47,01/01/2023 08:47,-68.069651,-67.573041
6303,KB_23_42928_42,Female,Killingbeck,2023,01/01/2023,11:49:42,01/01/2023 11:49,01/01/2023 08:49,-68.076488,-67.572488
6304,KB_23_42928_42,Female,Killingbeck,2023,01/01/2023,11:51:41,01/01/2023 11:51,01/01/2023 08:51,-68.076536,-67.572659
6305,KB_23_42928_42,Female,Killingbeck,2023,01/01/2023,11:53:41,01/01/2023 11:53,01/01/2023 08:53,-68.076634,-67.57268
6306,KB_23_42928_42,Female,Killingbeck,2023,01/01/2023,11:55:39,01/01/2023 11:55,01/01/2023 08:55,-68.076677,-67.572664
6307,KB_23_42928_42,Female,Killingbeck,2023,01/01/2023,11:57:33,01/01/2023 11:57,01/01/2023 08:57,-68.076389,-67.572691
6308,KB_23_42928_42,Female,Killingbeck,2023,01/01/2023,11:59:32,01/01/2023 11:59,01/01/2023 08:59,-68.076473,-67.572583
6309,KB_23_42928_42,Female,Killingbeck,2023,01/01/2023,12:01:31,01/01/2023 12:01,01/01/2023 09:01,-68.076864,-67.572725
6310,KB_23_42928_42,Female,Killingbeck,2023,01/01/2023,12:03:30,01/01/2023 12:03,01/01/2023 09:03,-68.076529,-67.572654
6311,KB_23_42928_42,Female,Killingbeck,2023,01/01/2023,12:05:30,01/01/2023 12:05,01/01/2023 09:05,-68.076507,-67.572666
6312,KB_23_42928_42,Female,Killingbeck,2023,01/01/2023,12:07:29,01/01/2023 12:07,01/01/2023 09:07,-68.076556,-67.572632
6313,KB_23_42928_42,Female,Killingbeck,2023,01/01/2023,12:09:28,01/01/2023 12:09,01/01/2023 09:09,-68.07646,-67.572627
6314,KB_23_42928_42,Female,Killingbeck,2023,01/01/2023,12:12:14,01/01/2023 12:12,01/01/2023 09:12,-68.080714,-67.57297
6315,KB_23_42928_42,Female,Killingbeck,2023,01/01/2023,12:14:39,01/01/2023 12:14,01/01/2023 09:14,-68.079494,-67.572532
6316,KB_23_42928_42,Female,Killingbeck,2023,01/01/2023,12:16:38,01/01/2023 12:16,01/01/2023 09:16,-68.079234,-67.572357
6317,KB_23_42928_42,Female,Killingbeck,2023,01/01/2023,12:18:42,01/01/2023 12:18,01/01/2023 09:18,-68.079256,-67.572766
6318,KB_23_42928_42,Female,Killingbeck,2023,01/01/2023,12:20:59,01/01/2023 12:20,01/01/2023 09:20,-68.078823,-67.573032
6319,KB_23_42928_42,Female,Killingbeck,2023,01/01/2023,12:22:59,01/01/2023 12:22,01/01/2023 09:22,-68.079625,-67.573437
6320,KB_23_42928_42,Female,Killingbeck,2023,01/01/2023,12:25:38,01/01/2023 12:25,01/01/2023 09:25,-68.080862,-67.573639
6321,KB_23_42928_42,Female,Killingbeck,2023,01/01/2023,12:30:14,01/01/2023 12:30,01/01/2023 09:30,-68.067571,-67.572643
6322,KB_23_42928_42,Female,Killingbeck,2023,01/01/2023,12:32:13,01/01/2023 12:32,01/01/2023 09:32,-68.067477,-67.572688
6323,KB_23_42928_42,Female,Killingbeck,2023,01/01/2023,12:34:37,01/01/2023 12:34,01/01/2023 09:34,-68.067261,-67.572786
6324,KB_23_42928_42,Female,Killingbeck,2023,01/01/2023,12:36:36,01/01/2023 12:36,01/01/2023 09:36,-68.07063,-67.570767
6325,KB_23_42928_42,Female,Killingbeck,2023,01/01/2023,12:38:34,01/01/2023 12:38,01/01/2023 09:38,-68.069586,-67.570731
6326,KB_23_42928_42,Female,Killingbeck,2023,01/01/2023,12:40:33,01/01/2023 12:40,01/01/2023 09:40,-68.072602,-67.572491
6327,KB_23_42928_42,Female,Killingbeck,2023,01/01/2023,12:42:51,01/01/2023 12:42,01/01/2023 09:42,-68.072883,-67.572727
6328,KB_23_42928_42,Female,Killingbeck,2023,01/01/2023,12:44:58,01/01/2023 12:44,01/01/2023 09:44,-68.071938,-67.572737
6329,KB_23_42928_42,Female,Killingbeck,2023,01/01/2023,12:46:57,01/01/2023 12:46,01/01/2023 09:46,-68.072214,-67.572868
6330,KB_23_42928_42,Female,Killingbeck,2023,01/01/2023,12:49:33,01/01/2023 12:49,01/01/2023 09:49,-68.072092,-67.572798
6331,KB_23_42928_42,Female,Killingbeck,2023,01/01/2023,12:51:31,01/01/2023 12:51,01/01/2023 09:51,-68.070836,-67.572224
6332,KB_23_42928_42,Female,Killingbeck,2023,01/01/2023,12:53:52,01/01/2023 12:53,01/01/2023 09:53,-68.070441,-67.572421
6333,KB_23_42928_42,Female,Killingbeck,2023,01/01/2023,12:55:51,01/01/2023 12:55,01/01/2023 09:55,-68.070654,-67.572295
6334,KB_23_42928_42,Female,Killingbeck,2023,01/01/2023,12:58:14,01/01/2023 12:58,01/01/2023 09:58,-68.071487,-67.572154
6335,KB_23_42928_42,Female,Killingbeck,2023,01/01/2023,13:00:47,01/01/2023 13:00,01/01/2023 10:00,-68.072409,-67.572182
6336,KB_23_42928_42,Female,Killingbeck,2023,01/01/2023,13:02:49,01/01/2023 13:02,01/01/2023 10:02,-68.084871,-67.574682
6337,KB_23_42928_42,Female,Killingbeck,2023,01/01/2023,13:04:48,01/01/2023 13:04,01/01/2023 10:04,-68.093943,-67.57719
6338,KB_23_42928_42,Female,Killingbeck,2023,01/01/2023,13:07:19,01/01/2023 13:07,01/01/2023 10:07,-68.093682,-67.576953
6339,KB_23_42928_42,Female,Killingbeck,2023,01/01/2023,13:09:48,01/01/2023 13:09,01/01/2023 10:09,-68.093769,-67.576978
6340,KB_23_42928_42,Female,Killingbeck,2023,01/01/2023,13:12:04,01/01/2023 13:12,01/01/2023 10:12,0,0
6341,KB_23_42928_42,Female,Killingbeck,2023,01/01/2023,13:14:22,01/01/2023 13:14,01/01/2023 10:14,-68.093569,-67.577047
6342,KB_23_42928_42,Female,Killingbeck,2023,01/01/2023,13:16:56,01/01/2023 13:16,01/01/2023 10:16,-68.093918,-67.577007
6343,KB_23_42928_42,Female,Killingbeck,2023,01/01/2023,13:18:55,01/01/2023 13:18,01/01/2023 10:18,-68.093993,-67.576906
6344,KB_23_42928_42,Female,Killingbeck,2023,01/01/2023,13:20:57,01/01/2023 13:20,01/01/2023 10:20,-68.093997,-67.577169
6345,KB_23_42928_42,Female,Killingbeck,2023,01/01/2023,13:23:26,01/01/2023 13:23,01/01/2023 10:23,-68.094025,-67.577016
6346,KB_23_42928_42,Female,Killingbeck,2023,01/01/2023,13:25:25,01/01/2023 13:25,01/01/2023 10:25,-68.084119,-67.578056
6347,KB_23_42928_42,Female,Killingbeck,2023,01/01/2023,13:27:25,01/01/2023 13:27,01/01/2023 10:27,-68.083307,-67.578268
6348,KB_23_42928_42,Female,Killingbeck,2023,01/01/2023,13:29:24,01/01/2023 13:29,01/01/2023 10:29,-68.083558,-67.578021
6349,KB_23_42928_42,Female,Killingbeck,2023,01/01/2023,13:31:23,01/01/2023 13:31,01/01/2023 10:31,-68.081089,-67.575473
6350,KB_23_42928_42,Female,Killingbeck,2023,01/01/2023,13:33:22,01/01/2023 13:33,01/01/2023 10:33,-68.080647,-67.578799
6351,KB_23_42928_42,Female,Killingbeck,2023,01/01/2023,13:35:45,01/01/2023 13:35,01/01/2023 10:35,-68.08084,-67.573388
6352,KB_23_42928_42,Female,Killingbeck,2023,01/01/2023,13:38:36,01/01/2023 13:38,01/01/2023 10:38,-68.081528,-67.572936
6353,KB_23_42928_42,Female,Killingbeck,2023,01/01/2023,13:41:07,01/01/2023 13:41,01/01/2023 10:41,-68.083148,-67.573344
6354,KB_23_42928_42,Female,Killingbeck,2023,01/01/2023,13:43:38,01/01/2023 13:43,01/01/2023 10:43,-68.082985,-67.57276
6355,KB_23_42928_42,Female,Killingbeck,2023,01/01/2023,13:46:17,01/01/2023 13:46,01/01/2023 10:46,-68.083253,-67.573261
6356,KB_23_42928_42,Female,Killingbeck,2023,01/01/2023,13:48:16,01/01/2023 13:48,01/01/2023 10:48,-68.082995,-67.572927
6357,KB_23_42928_42,Female,Killingbeck,2023,01/01/2023,13:51:04,01/01/2023 13:51,01/01/2023 10:51,-68.083366,-67.572633
6358,KB_23_42928_42,Female,Killingbeck,2023,01/01/2023,13:53:49,01/01/2023 13:53,01/01/2023 10:53,-68.076879,-67.571667
6359,KB_23_42928_42,Female,Killingbeck,2023,01/01/2023,13:55:48,01/01/2023 13:55,01/01/2023 10:55,-68.076749,-67.572095
6360,KB_23_42928_42,Female,Killingbeck,2023,01/01/2023,13:57:47,01/01/2023 13:57,01/01/2023 10:57,-68.07786,-67.572396
6361,KB_23_42928_42,Female,Killingbeck,2023,01/01/2023,14:00:45,01/01/2023 14:00,01/01/2023 11:00,-68.079622,-67.572851
6362,KB_23_42928_42,Female,Killingbeck,2023,01/01/2023,14:02:44,01/01/2023 14:02,01/01/2023 11:02,-68.0793,-67.572895
6363,KB_23_42928_42,Female,Killingbeck,2023,01/01/2023,14:04:44,01/01/2023 14:04,01/01/2023 11:04,-68.079478,-67.572646
6364,KB_23_42928_42,Female,Killingbeck,2023,01/01/2023,14:06:57,01/01/2023 14:06,01/01/2023 11:06,-68.079295,-67.573085
6365,KB_23_42928_42,Female,Killingbeck,2023,01/01/2023,14:09:15,01/01/2023 14:09,01/01/2023 11:09,-68.079766,-67.573057
6366,KB_23_42928_42,Female,Killingbeck,2023,01/01/2023,14:11:22,01/01/2023 14:11,01/01/2023 11:11,-68.078853,-67.572847
6367,KB_23_42928_42,Female,Killingbeck,2023,01/01/2023,14:13:21,01/01/2023 14:13,01/01/2023 11:13,-68.079435,-67.573185
6368,KB_23_42928_42,Female,Killingbeck,2023,01/01/2023,14:15:22,01/01/2023 14:15,01/01/2023 11:15,-68.079573,-67.573274
6369,KB_23_42928_42,Female,Killingbeck,2023,01/01/2023,14:17:28,01/01/2023 14:17,01/01/2023 11:17,-68.080251,-67.573487
6370,KB_23_42928_42,Female,Killingbeck,2023,01/01/2023,14:19:32,01/01/2023 14:19,01/01/2023 11:19,-68.079376,-67.573892
6371,KB_23_42928_42,Female,Killingbeck,2023,01/01/2023,14:21:30,01/01/2023 14:21,01/01/2023 11:21,-68.069225,-67.570717
6372,KB_23_42928_42,Female,Killingbeck,2023,01/01/2023,14:23:29,01/01/2023 14:23,01/01/2023 11:23,-68.069539,-67.570773
6373,KB_23_42928_42,Female,Killingbeck,2023,01/01/2023,14:25:30,01/01/2023 14:25,01/01/2023 11:25,-68.069527,-67.570691
6374,KB_23_42928_42,Female,Killingbeck,2023,01/01/2023,14:27:32,01/01/2023 14:27,01/01/2023 11:27,-68.069386,-67.570653
6375,KB_23_42928_42,Female,Killingbeck,2023,01/01/2023,14:29:27,01/01/2023 14:29,01/01/2023 11:29,-68.070463,-67.572481
6376,KB_23_42928_42,Female,Killingbeck,2023,01/01/2023,14:31:27,01/01/2023 14:31,01/01/2023 11:31,-68.069209,-67.572577
6377,KB_23_42928_42,Female,Killingbeck,2023,01/01/2023,14:33:45,01/01/2023 14:33,01/01/2023 11:33,-68.078954,-67.572511
6378,KB_23_42928_42,Female,Killingbeck,2023,01/01/2023,14:36:00,01/01/2023 14:36,01/01/2023 11:36,-68.078253,-67.572684
6379,KB_23_42928_42,Female,Killingbeck,2023,01/01/2023,14:38:40,01/01/2023 14:38,01/01/2023 11:38,-68.079507,-67.572824
6380,KB_23_42928_42,Female,Killingbeck,2023,01/01/2023,14:41:05,01/01/2023 14:41,01/01/2023 11:41,-68.080352,-67.572657
6381,KB_23_42928_42,Female,Killingbeck,2023,01/01/2023,14:43:26,01/01/2023 14:43,01/01/2023 11:43,-68.080424,-67.572724
6382,KB_23_42928_42,Female,Killingbeck,2023,01/01/2023,14:45:54,01/01/2023 14:45,01/01/2023 11:45,-68.079427,-67.572543
6383,KB_23_42928_42,Female,Killingbeck,2023,01/01/2023,14:47:53,01/01/2023 14:47,01/01/2023 11:47,-68.078956,-67.573658
6384,KB_23_42928_42,Female,Killingbeck,2023,01/01/2023,14:50:06,01/01/2023 14:50,01/01/2023 11:50,-68.080508,-67.573194
6385,KB_23_42928_42,Female,Killingbeck,2023,01/01/2023,14:52:02,01/01/2023 14:52,01/01/2023 11:52,-68.079385,-67.572989
6386,KB_23_42928_42,Female,Killingbeck,2023,01/01/2023,14:54:01,01/01/2023 14:54,01/01/2023 11:54,-68.079459,-67.573352
6387,KB_23_42928_42,Female,Killingbeck,2023,01/01/2023,14:56:52,01/01/2023 14:56,01/01/2023 11:56,-68.094168,-67.577007
6388,KB_23_42928_42,Female,Killingbeck,2023,01/01/2023,14:59:05,01/01/2023 14:59,01/01/2023 11:59,-68.09406,-67.576986
6389,KB_23_42928_42,Female,Killingbeck,2023,01/01/2023,15:01:15,01/01/2023 15:01,01/01/2023 12:01,-68.094474,-67.57702
6390,KB_23_42928_42,Female,Killingbeck,2023,01/01/2023,15:03:16,01/01/2023 15:03,01/01/2023 12:03,-68.094032,-67.577048
6391,KB_23_42928_42,Female,Killingbeck,2023,01/01/2023,15:06:10,01/01/2023 15:06,01/01/2023 12:06,-68.093954,-67.577367
6392,KB_23_42928_42,Female,Killingbeck,2023,01/01/2023,15:08:08,01/01/2023 15:08,01/01/2023 12:08,-68.105861,-67.576844
6393,KB_23_42928_42,Female,Killingbeck,2023,01/01/2023,15:11:10,01/01/2023 15:11,01/01/2023 12:11,-68.105417,-67.57698
6394,KB_23_42928_42,Female,Killingbeck,2023,01/01/2023,15:13:06,01/01/2023 15:13,01/01/2023 12:13,-68.105189,-67.577115
6395,KB_23_42928_42,Female,Killingbeck,2023,01/01/2023,15:15:11,01/01/2023 15:15,01/01/2023 12:15,-68.105137,-67.577081
6396,KB_23_42928_42,Female,Killingbeck,2023,01/01/2023,15:17:11,01/01/2023 15:17,01/01/2023 12:17,-68.105238,-67.576867
6397,KB_23_42928_42,Female,Killingbeck,2023,01/01/2023,15:20:41,01/01/2023 15:20,01/01/2023 12:20,-68.105511,-67.577095
6398,KB_23_42928_42,Female,Killingbeck,2023,01/01/2023,15:22:41,01/01/2023 15:22,01/01/2023 12:22,-68.1055,-67.576837
6399,KB_23_42928_42,Female,Killingbeck,2023,01/01/2023,15:24:39,01/01/2023 15:24,01/01/2023 12:24,-68.105298,-67.576694
6400,KB_23_42928_42,Female,Killingbeck,2023,01/01/2023,15:27:15,01/01/2023 15:27,01/01/2023 12:27,-68.104672,-67.576336
6401,KB_23_42928_42,Female,Killingbeck,2023,01/01/2023,15:29:14,01/01/2023 15:29,01/01/2023 12:29,-68.105291,-67.576507
6402,KB_23_42928_42,Female,Killingbeck,2023,01/01/2023,15:32:42,01/01/2023 15:32,01/01/2023 12:32,-68.105517,-67.577137
6403,KB_23_42928_42,Female,Killingbeck,2023,01/01/2023,15:35:16,01/01/2023 15:35,01/01/2023 12:35,-68.105399,-67.577117
6404,KB_23_42928_42,Female,Killingbeck,2023,01/01/2023,15:37:15,01/01/2023 15:37,01/01/2023 12:37,-68.105729,-67.577287
6405,KB_23_42928_42,Female,Killingbeck,2023,01/01/2023,15:39:14,01/01/2023 15:39,01/01/2023 12:39,-68.105478,-67.577065
6406,KB_23_42928_42,Female,Killingbeck,2023,01/01/2023,15:41:16,01/01/2023 15:41,01/01/2023 12:41,-68.105293,-67.577035
6407,KB_23_42928_42,Female,Killingbeck,2023,01/01/2023,15:43:12,01/01/2023 15:43,01/01/2023 12:43,-68.103131,-67.575926
6408,KB_23_42928_42,Female,Killingbeck,2023,01/01/2023,15:45:11,01/01/2023 15:45,01/01/2023 12:45,-68.069656,-67.572174
6409,KB_23_42928_42,Female,Killingbeck,2023,01/01/2023,15:47:10,01/01/2023 15:47,01/01/2023 12:47,-68.069488,-67.570737
6410,KB_23_42928_42,Female,Killingbeck,2023,01/01/2023,15:49:18,01/01/2023 15:49,01/01/2023 12:49,-68.06769,-67.570484
6411,KB_23_42928_42,Female,Killingbeck,2023,01/01/2023,15:51:16,01/01/2023 15:51,01/01/2023 12:51,-68.068696,-67.570383
6412,KB_23_42928_42,Female,Killingbeck,2023,01/01/2023,15:53:12,01/01/2023 15:53,01/01/2023 12:53,-68.069846,-67.570823
6413,KB_23_42928_42,Female,Killingbeck,2023,01/01/2023,15:55:11,01/01/2023 15:55,01/01/2023 12:55,-68.069722,-67.570798
6414,KB_23_42928_42,Female,Killingbeck,2023,01/01/2023,15:57:10,01/01/2023 15:57,01/01/2023 12:57,-68.069663,-67.570785
6415,KB_23_42928_42,Female,Killingbeck,2023,01/01/2023,15:59:09,01/01/2023 15:59,01/01/2023 12:59,-68.069805,-67.57075
6416,KB_23_42928_42,Female,Killingbeck,2023,01/01/2023,16:01:08,01/01/2023 16:01,01/01/2023 13:01,-68.069612,-67.570717
6417,KB_23_42928_42,Female,Killingbeck,2023,01/01/2023,16:03:08,01/01/2023 16:03,01/01/2023 13:03,-68.069534,-67.570714
6418,KB_23_42928_42,Female,Killingbeck,2023,01/01/2023,16:05:07,01/01/2023 16:05,01/01/2023 13:05,-68.069689,-67.570748
6419,KB_23_42928_42,Female,Killingbeck,2023,01/01/2023,16:07:06,01/01/2023 16:07,01/01/2023 13:07,-68.069744,-67.570862
6420,KB_23_42928_42,Female,Killingbeck,2023,01/01/2023,16:09:07,01/01/2023 16:09,01/01/2023 13:09,-68.069735,-67.570813
6421,KB_23_42928_42,Female,Killingbeck,2023,01/01/2023,16:11:04,01/01/2023 16:11,01/01/2023 13:11,-68.069556,-67.570727
6422,KB_23_42928_42,Female,Killingbeck,2023,01/01/2023,16:13:05,01/01/2023 16:13,01/01/2023 13:13,-68.069749,-67.570719
6423,KB_23_42928_42,Female,Killingbeck,2023,01/01/2023,16:15:05,01/01/2023 16:15,01/01/2023 13:15,-68.069382,-67.57076
6424,KB_23_42928_42,Female,Killingbeck,2023,01/01/2023,16:17:04,01/01/2023 16:17,01/01/2023 13:17,-68.069743,-67.570693
6425,KB_23_42928_42,Female,Killingbeck,2023,01/01/2023,16:19:01,01/01/2023 16:19,01/01/2023 13:19,-68.069471,-67.570777
6426,KB_23_42928_42,Female,Killingbeck,2023,01/01/2023,16:21:06,01/01/2023 16:21,01/01/2023 13:21,-68.069514,-67.570726
6427,KB_23_42928_42,Female,Killingbeck,2023,01/01/2023,16:23:06,01/01/2023 16:23,01/01/2023 13:23,-68.069813,-67.570712
6428,KB_23_42928_42,Female,Killingbeck,2023,01/01/2023,16:25:05,01/01/2023 16:25,01/01/2023 13:25,-68.069539,-67.570643
6429,KB_23_42928_42,Female,Killingbeck,2023,01/01/2023,16:27:04,01/01/2023 16:27,01/01/2023 13:27,-68.069516,-67.57077
6430,KB_23_42928_42,Female,Killingbeck,2023,01/01/2023,16:29:02,01/01/2023 16:29,01/01/2023 13:29,-68.069463,-67.57073
6431,KB_23_42928_42,Female,Killingbeck,2023,01/01/2023,16:31:02,01/01/2023 16:31,01/01/2023 13:31,-68.069753,-67.570797
6432,KB_23_42928_42,Female,Killingbeck,2023,01/01/2023,16:33:01,01/01/2023 16:33,01/01/2023 13:33,-68.069663,-67.570747
6433,KB_23_42928_42,Female,Killingbeck,2023,01/01/2023,16:34:59,01/01/2023 16:34,01/01/2023 13:34,-68.069525,-67.570704
6434,KB_23_42928_42,Female,Killingbeck,2023,01/01/2023,16:36:58,01/01/2023 16:36,01/01/2023 13:36,-68.069371,-67.570801
6435,KB_23_42928_42,Female,Killingbeck,2023,01/01/2023,16:38:57,01/01/2023 16:38,01/01/2023 13:38,-68.069785,-67.570711
6436,KB_23_42928_42,Female,Killingbeck,2023,01/01/2023,16:40:57,01/01/2023 16:40,01/01/2023 13:40,-68.069668,-67.570731
6437,KB_23_42928_42,Female,Killingbeck,2023,01/01/2023,16:42:55,01/01/2023 16:42,01/01/2023 13:42,-68.06952,-67.570672
6438,KB_23_42928_42,Female,Killingbeck,2023,01/01/2023,16:44:56,01/01/2023 16:44,01/01/2023 13:44,-68.069725,-67.570745
6439,KB_23_42928_42,Female,Killingbeck,2023,01/01/2023,16:46:55,01/01/2023 16:46,01/01/2023 13:46,-68.069681,-67.57076
6440,KB_23_42928_42,Female,Killingbeck,2023,01/01/2023,16:48:53,01/01/2023 16:48,01/01/2023 13:48,-68.06953,-67.570713
6441,KB_23_42928_42,Female,Killingbeck,2023,01/01/2023,16:50:43,01/01/2023 16:50,01/01/2023 13:50,-68.069957,-67.570738
6442,KB_23_42928_42,Female,Killingbeck,2023,01/01/2023,16:52:40,01/01/2023 16:52,01/01/2023 13:52,-68.069469,-67.570739
6443,KB_23_42928_42,Female,Killingbeck,2023,01/01/2023,16:54:38,01/01/2023 16:54,01/01/2023 13:54,-68.069584,-67.570772
6444,KB_23_42928_42,Female,Killingbeck,2023,01/01/2023,16:56:37,01/01/2023 16:56,01/01/2023 13:56,-68.069831,-67.570693
6445,KB_23_42928_42,Female,Killingbeck,2023,01/01/2023,16:58:36,01/01/2023 16:58,01/01/2023 13:58,-68.069458,-67.570705
6446,KB_23_42928_42,Female,Killingbeck,2023,01/01/2023,17:00:35,01/01/2023 17:00,01/01/2023 14:00,-68.069565,-67.570727
6447,KB_23_42928_42,Female,Killingbeck,2023,01/01/2023,17:02:34,01/01/2023 17:02,01/01/2023 14:02,-68.069696,-67.570752
6448,KB_23_42928_42,Female,Killingbeck,2023,01/01/2023,17:04:33,01/01/2023 17:04,01/01/2023 14:04,-68.069712,-67.570705
6449,KB_23_42928_42,Female,Killingbeck,2023,01/01/2023,17:06:32,01/01/2023 17:06,01/01/2023 14:06,-68.069724,-67.570725
6450,KB_23_42928_42,Female,Killingbeck,2023,01/01/2023,17:08:31,01/01/2023 17:08,01/01/2023 14:08,-68.069843,-67.570712
6451,KB_23_42928_42,Female,Killingbeck,2023,01/01/2023,17:10:30,01/01/2023 17:10,01/01/2023 14:10,-68.069805,-67.570738
6452,KB_23_42928_42,Female,Killingbeck,2023,01/01/2023,17:12:29,01/01/2023 17:12,01/01/2023 14:12,-68.069808,-67.570732
6453,KB_23_42928_42,Female,Killingbeck,2023,01/01/2023,17:14:29,01/01/2023 17:14,01/01/2023 14:14,-68.069474,-67.570726
6454,KB_23_42928_42,Female,Killingbeck,2023,01/01/2023,17:16:28,01/01/2023 17:16,01/01/2023 14:16,-68.069751,-67.570752
6455,KB_23_42928_42,Female,Killingbeck,2023,01/01/2023,17:18:27,01/01/2023 17:18,01/01/2023 14:18,-68.069894,-67.570717
6456,KB_23_42928_42,Female,Killingbeck,2023,01/01/2023,17:20:15,01/01/2023 17:20,01/01/2023 14:20,-68.069834,-67.570726
6457,KB_23_42928_42,Female,Killingbeck,2023,01/01/2023,17:22:14,01/01/2023 17:22,01/01/2023 14:22,-68.06975,-67.570696
6458,KB_23_42928_42,Female,Killingbeck,2023,01/01/2023,17:24:13,01/01/2023 17:24,01/01/2023 14:24,-68.069783,-67.570703
6459,KB_23_42928_42,Female,Killingbeck,2023,01/01/2023,17:26:12,01/01/2023 17:26,01/01/2023 14:26,-68.069714,-67.57075
6460,KB_23_42928_42,Female,Killingbeck,2023,01/01/2023,17:28:11,01/01/2023 17:28,01/01/2023 14:28,-68.069808,-67.570727
6461,KB_23_42928_42,Female,Killingbeck,2023,01/01/2023,17:30:10,01/01/2023 17:30,01/01/2023 14:30,-68.069798,-67.570694
6462,KB_23_42928_42,Female,Killingbeck,2023,01/01/2023,17:32:10,01/01/2023 17:32,01/01/2023 14:32,-68.069621,-67.570711
6463,KB_23_42928_42,Female,Killingbeck,2023,01/01/2023,17:34:11,01/01/2023 17:34,01/01/2023 14:34,-68.069481,-67.570674
6464,KB_23_42928_42,Female,Killingbeck,2023,01/01/2023,17:36:08,01/01/2023 17:36,01/01/2023 14:36,-68.069622,-67.570723
6465,KB_23_42928_42,Female,Killingbeck,2023,01/01/2023,17:38:06,01/01/2023 17:38,01/01/2023 14:38,-68.069882,-67.57075
6466,KB_23_42928_42,Female,Killingbeck,2023,01/01/2023,17:40:05,01/01/2023 17:40,01/01/2023 14:40,-68.069646,-67.570758
6467,KB_23_42928_42,Female,Killingbeck,2023,01/01/2023,17:42:04,01/01/2023 17:42,01/01/2023 14:42,-68.069564,-67.5707
6468,KB_23_42928_42,Female,Killingbeck,2023,01/01/2023,17:44:05,01/01/2023 17:44,01/01/2023 14:44,-68.069674,-67.570716
6469,KB_23_42928_42,Female,Killingbeck,2023,01/01/2023,17:46:03,01/01/2023 17:46,01/01/2023 14:46,-68.069901,-67.570727
6470,KB_23_42928_42,Female,Killingbeck,2023,01/01/2023,17:48:02,01/01/2023 17:48,01/01/2023 14:48,-68.069465,-67.570713
6471,KB_23_42928_42,Female,Killingbeck,2023,01/01/2023,17:49:50,01/01/2023 17:49,01/01/2023 14:49,-68.069723,-67.57066
6472,KB_23_42928_42,Female,Killingbeck,2023,01/01/2023,17:51:49,01/01/2023 17:51,01/01/2023 14:51,-68.069722,-67.570736
6473,KB_23_42928_42,Female,Killingbeck,2023,01/01/2023,17:53:49,01/01/2023 17:53,01/01/2023 14:53,-68.069792,-67.57075
6474,KB_23_42928_42,Female,Killingbeck,2023,01/01/2023,17:55:47,01/01/2023 17:55,01/01/2023 14:55,-68.069757,-67.570737
6475,KB_23_42928_42,Female,Killingbeck,2023,01/01/2023,17:57:46,01/01/2023 17:57,01/01/2023 14:57,-68.069668,-67.57071
6476,KB_23_42928_42,Female,Killingbeck,2023,01/01/2023,17:59:45,01/01/2023 17:59,01/01/2023 14:59,-68.069726,-67.570762
6477,KB_23_42928_42,Female,Killingbeck,2023,01/01/2023,18:01:45,01/01/2023 18:01,01/01/2023 15:01,-68.069741,-67.570764
6478,KB_23_42928_42,Female,Killingbeck,2023,01/01/2023,18:03:43,01/01/2023 18:03,01/01/2023 15:03,-68.069777,-67.570725
6479,KB_23_42928_42,Female,Killingbeck,2023,01/01/2023,18:05:42,01/01/2023 18:05,01/01/2023 15:05,-68.069741,-67.570749
6480,KB_23_42928_42,Female,Killingbeck,2023,01/01/2023,18:07:41,01/01/2023 18:07,01/01/2023 15:07,-68.06952,-67.570692
6481,KB_23_42928_42,Female,Killingbeck,2023,01/01/2023,18:09:40,01/01/2023 18:09,01/01/2023 15:09,-68.069573,-67.570703
6482,KB_23_42928_42,Female,Killingbeck,2023,01/01/2023,18:11:40,01/01/2023 18:11,01/01/2023 15:11,-68.069654,-67.570699
6483,KB_23_42928_42,Female,Killingbeck,2023,01/01/2023,18:13:39,01/01/2023 18:13,01/01/2023 15:13,-68.06953,-67.570699
6484,KB_23_42928_42,Female,Killingbeck,2023,01/01/2023,18:15:38,01/01/2023 18:15,01/01/2023 15:15,-68.069843,-67.570758
6485,KB_23_42928_42,Female,Killingbeck,2023,01/01/2023,18:17:38,01/01/2023 18:17,01/01/2023 15:17,-68.069521,-67.570681
6486,KB_23_42928_42,Female,Killingbeck,2023,01/01/2023,18:19:25,01/01/2023 18:19,01/01/2023 15:19,-68.069788,-67.570786
6487,KB_23_42928_42,Female,Killingbeck,2023,01/01/2023,18:21:24,01/01/2023 18:21,01/01/2023 15:21,-68.069271,-67.570635
6488,KB_23_42928_42,Female,Killingbeck,2023,01/01/2023,18:23:23,01/01/2023 18:23,01/01/2023 15:23,-68.069495,-67.570684
6489,KB_23_42928_42,Female,Killingbeck,2023,01/01/2023,18:25:22,01/01/2023 18:25,01/01/2023 15:25,-68.069628,-67.570726
6490,KB_23_42928_42,Female,Killingbeck,2023,01/01/2023,18:27:21,01/01/2023 18:27,01/01/2023 15:27,-68.06963,-67.57067
6491,KB_23_42928_42,Female,Killingbeck,2023,01/01/2023,18:29:20,01/01/2023 18:29,01/01/2023 15:29,-68.069562,-67.570701
6492,KB_23_42928_42,Female,Killingbeck,2023,01/01/2023,18:31:19,01/01/2023 18:31,01/01/2023 15:31,-68.069671,-67.570719
6493,KB_23_42928_42,Female,Killingbeck,2023,01/01/2023,18:33:18,01/01/2023 18:33,01/01/2023 15:33,-68.06962,-67.570681
6494,KB_23_42928_42,Female,Killingbeck,2023,01/01/2023,18:35:17,01/01/2023 18:35,01/01/2023 15:35,-68.069474,-67.57069
6495,KB_23_42928_42,Female,Killingbeck,2023,01/01/2023,18:37:17,01/01/2023 18:37,01/01/2023 15:37,-68.069528,-67.570672
6496,KB_23_42928_42,Female,Killingbeck,2023,01/01/2023,18:39:16,01/01/2023 18:39,01/01/2023 15:39,-68.069547,-67.570676
6497,KB_23_42928_42,Female,Killingbeck,2023,01/01/2023,18:41:15,01/01/2023 18:41,01/01/2023 15:41,-68.07009,-67.570867
6498,KB_23_42928_42,Female,Killingbeck,2023,01/01/2023,18:43:15,01/01/2023 18:43,01/01/2023 15:43,-68.069363,-67.570654
6499,KB_23_42928_42,Female,Killingbeck,2023,01/01/2023,18:45:13,01/01/2023 18:45,01/01/2023 15:45,-68.069621,-67.570708
6500,KB_23_42928_42,Female,Killingbeck,2023,01/01/2023,18:47:12,01/01/2023 18:47,01/01/2023 15:47,-68.069589,-67.570703
6501,KB_23_42928_42,Female,Killingbeck,2023,01/01/2023,18:49:00,01/01/2023 18:49,01/01/2023 15:49,-68.069427,-67.570691
6502,KB_23_42928_42,Female,Killingbeck,2023,01/01/2023,18:50:59,01/01/2023 18:50,01/01/2023 15:50,-68.069726,-67.570732
6503,KB_23_42928_42,Female,Killingbeck,2023,01/01/2023,18:52:58,01/01/2023 18:52,01/01/2023 15:52,-68.069557,-67.570706
6504,KB_23_42928_42,Female,Killingbeck,2023,01/01/2023,18:54:57,01/01/2023 18:54,01/01/2023 15:54,-68.069524,-67.570732
6505,KB_23_42928_42,Female,Killingbeck,2023,01/01/2023,18:56:56,01/01/2023 18:56,01/01/2023 15:56,-68.069639,-67.57071
6506,KB_23_42928_42,Female,Killingbeck,2023,01/01/2023,18:58:56,01/01/2023 18:58,01/01/2023 15:58,-68.06944,-67.570665
6507,KB_23_42928_42,Female,Killingbeck,2023,01/01/2023,19:00:55,01/01/2023 19:00,01/01/2023 16:00,-68.069823,-67.570714
6508,KB_23_42928_42,Female,Killingbeck,2023,01/01/2023,19:02:55,01/01/2023 19:02,01/01/2023 16:02,-68.069802,-67.570667
6509,KB_23_42928_42,Female,Killingbeck,2023,01/01/2023,19:04:53,01/01/2023 19:04,01/01/2023 16:04,-68.069748,-67.570725
6510,KB_23_42928_42,Female,Killingbeck,2023,01/01/2023,19:06:53,01/01/2023 19:06,01/01/2023 16:06,-68.069505,-67.570709
6511,KB_23_42928_42,Female,Killingbeck,2023,01/01/2023,19:08:53,01/01/2023 19:08,01/01/2023 16:08,-68.069569,-67.570705
6512,KB_23_42928_42,Female,Killingbeck,2023,01/01/2023,19:10:52,01/01/2023 19:10,01/01/2023 16:10,-68.069457,-67.570698
6513,KB_23_42928_42,Female,Killingbeck,2023,01/01/2023,19:12:50,01/01/2023 19:12,01/01/2023 16:12,-68.06968,-67.570741
6514,KB_23_42928_42,Female,Killingbeck,2023,01/01/2023,19:14:49,01/01/2023 19:14,01/01/2023 16:14,-68.069552,-67.570722
6515,KB_23_42928_42,Female,Killingbeck,2023,01/01/2023,19:16:50,01/01/2023 19:16,01/01/2023 16:16,-68.069373,-67.570622
6516,KB_23_42928_42,Female,Killingbeck,2023,01/01/2023,19:18:36,01/01/2023 19:18,01/01/2023 16:18,-68.069568,-67.570713
6517,KB_23_42928_42,Female,Killingbeck,2023,01/01/2023,19:20:35,01/01/2023 19:20,01/01/2023 16:20,-68.069495,-67.570616
6518,KB_23_42928_42,Female,Killingbeck,2023,01/01/2023,19:22:36,01/01/2023 19:22,01/01/2023 16:22,-68.069839,-67.570768
6519,KB_23_42928_42,Female,Killingbeck,2023,01/01/2023,19:24:33,01/01/2023 19:24,01/01/2023 16:24,-68.069355,-67.570691
6520,KB_23_42928_42,Female,Killingbeck,2023,01/01/2023,19:26:32,01/01/2023 19:26,01/01/2023 16:26,-68.069674,-67.57074
6521,KB_23_42928_42,Female,Killingbeck,2023,01/01/2023,19:28:32,01/01/2023 19:28,01/01/2023 16:28,-68.069511,-67.570681
6522,KB_23_42928_42,Female,Killingbeck,2023,01/01/2023,19:30:30,01/01/2023 19:30,01/01/2023 16:30,-68.069706,-67.570745
6523,KB_23_42928_42,Female,Killingbeck,2023,01/01/2023,19:32:29,01/01/2023 19:32,01/01/2023 16:32,-68.069613,-67.570751
6524,KB_23_42928_42,Female,Killingbeck,2023,01/01/2023,19:34:28,01/01/2023 19:34,01/01/2023 16:34,-68.069742,-67.570714
6525,KB_23_42928_42,Female,Killingbeck,2023,01/01/2023,19:36:26,01/01/2023 19:36,01/01/2023 16:36,-68.069462,-67.570672
6526,KB_23_42928_42,Female,Killingbeck,2023,01/01/2023,19:38:26,01/01/2023 19:38,01/01/2023 16:38,-68.069758,-67.570755
6527,KB_23_42928_42,Female,Killingbeck,2023,01/01/2023,19:40:25,01/01/2023 19:40,01/01/2023 16:40,-68.069324,-67.570579
6528,KB_23_42928_42,Female,Killingbeck,2023,01/01/2023,19:42:23,01/01/2023 19:42,01/01/2023 16:42,-68.069342,-67.570621
6529,KB_23_42928_42,Female,Killingbeck,2023,01/01/2023,19:44:23,01/01/2023 19:44,01/01/2023 16:44,-68.069418,-67.570617
6530,KB_23_42928_42,Female,Killingbeck,2023,01/01/2023,19:46:22,01/01/2023 19:46,01/01/2023 16:46,-68.069372,-67.570644
6531,KB_23_42928_42,Female,Killingbeck,2023,01/01/2023,19:48:10,01/01/2023 19:48,01/01/2023 16:48,-68.069167,-67.570534
6532,KB_23_42928_42,Female,Killingbeck,2023,01/01/2023,19:50:09,01/01/2023 19:50,01/01/2023 16:50,-68.069428,-67.570619
6533,KB_23_42928_42,Female,Killingbeck,2023,01/01/2023,19:52:09,01/01/2023 19:52,01/01/2023 16:52,-68.06934,-67.570593
6534,KB_23_42928_42,Female,Killingbeck,2023,01/01/2023,19:54:07,01/01/2023 19:54,01/01/2023 16:54,-68.069437,-67.570552
6535,KB_23_42928_42,Female,Killingbeck,2023,01/01/2023,19:56:07,01/01/2023 19:56,01/01/2023 16:56,-68.069292,-67.570604
6536,KB_23_42928_42,Female,Killingbeck,2023,01/01/2023,19:58:05,01/01/2023 19:58,01/01/2023 16:58,-68.069355,-67.57058
6537,KB_23_42928_42,Female,Killingbeck,2023,01/01/2023,20:00:05,01/01/2023 20:00,01/01/2023 17:00,-68.069145,-67.570671
6538,KB_23_42928_42,Female,Killingbeck,2023,01/01/2023,20:02:04,01/01/2023 20:02,01/01/2023 17:02,-68.069289,-67.570682
6539,KB_23_42928_42,Female,Killingbeck,2023,01/01/2023,20:04:02,01/01/2023 20:04,01/01/2023 17:04,-68.069242,-67.570601
6540,KB_23_42928_42,Female,Killingbeck,2023,01/01/2023,20:06:02,01/01/2023 20:06,01/01/2023 17:06,-68.069322,-67.570575
6541,KB_23_42928_42,Female,Killingbeck,2023,01/01/2023,20:08:01,01/01/2023 20:08,01/01/2023 17:08,-68.069405,-67.570649
6542,KB_23_42928_42,Female,Killingbeck,2023,01/01/2023,20:09:59,01/01/2023 20:09,01/01/2023 17:09,-68.069522,-67.570685
6543,KB_23_42928_42,Female,Killingbeck,2023,01/01/2023,20:11:59,01/01/2023 20:11,01/01/2023 17:11,-68.069494,-67.570622
6544,KB_23_42928_42,Female,Killingbeck,2023,01/01/2023,20:14:01,01/01/2023 20:14,01/01/2023 17:14,-68.069494,-67.570989
6545,KB_23_42928_42,Female,Killingbeck,2023,01/01/2023,20:16:00,01/01/2023 20:16,01/01/2023 17:16,-68.069354,-67.570634
6546,KB_23_42928_42,Female,Killingbeck,2023,01/01/2023,20:17:54,01/01/2023 20:17,01/01/2023 17:17,-68.06941,-67.570706
6547,KB_23_42928_42,Female,Killingbeck,2023,01/01/2023,20:19:54,01/01/2023 20:19,01/01/2023 17:19,-68.069376,-67.57068
6548,KB_23_42928_42,Female,Killingbeck,2023,01/01/2023,20:21:53,01/01/2023 20:21,01/01/2023 17:21,-68.06936,-67.570696
6549,KB_23_42928_42,Female,Killingbeck,2023,01/01/2023,20:23:51,01/01/2023 20:23,01/01/2023 17:23,-68.069393,-67.570618
6550,KB_23_42928_42,Female,Killingbeck,2023,01/01/2023,20:25:50,01/01/2023 20:25,01/01/2023 17:25,-68.069331,-67.570689
6551,KB_23_42928_42,Female,Killingbeck,2023,01/01/2023,20:27:49,01/01/2023 20:27,01/01/2023 17:27,-68.069383,-67.570806
6552,KB_23_42928_42,Female,Killingbeck,2023,01/01/2023,20:29:48,01/01/2023 20:29,01/01/2023 17:29,-68.069351,-67.570622
6553,KB_23_42928_42,Female,Killingbeck,2023,01/01/2023,20:31:47,01/01/2023 20:31,01/01/2023 17:31,-68.069344,-67.570655
6554,KB_23_42928_42,Female,Killingbeck,2023,01/01/2023,20:33:46,01/01/2023 20:33,01/01/2023 17:33,-68.069312,-67.570699
6555,KB_23_42928_42,Female,Killingbeck,2023,01/01/2023,20:35:46,01/01/2023 20:35,01/01/2023 17:35,-68.069372,-67.570639
6556,KB_23_42928_42,Female,Killingbeck,2023,01/01/2023,20:37:44,01/01/2023 20:37,01/01/2023 17:37,-68.068957,-67.570544
6557,KB_23_42928_42,Female,Killingbeck,2023,01/01/2023,20:39:44,01/01/2023 20:39,01/01/2023 17:39,-68.069609,-67.570631
6558,KB_23_42928_42,Female,Killingbeck,2023,01/01/2023,20:41:45,01/01/2023 20:41,01/01/2023 17:41,-68.069427,-67.570768
6559,KB_23_42928_42,Female,Killingbeck,2023,01/01/2023,20:43:42,01/01/2023 20:43,01/01/2023 17:43,-68.069512,-67.570688
6560,KB_23_42928_42,Female,Killingbeck,2023,01/01/2023,20:45:41,01/01/2023 20:45,01/01/2023 17:45,-68.069459,-67.570724
6561,KB_23_42928_42,Female,Killingbeck,2023,01/01/2023,20:47:36,01/01/2023 20:47,01/01/2023 17:47,-68.069348,-67.57073
6562,KB_23_42928_42,Female,Killingbeck,2023,01/01/2023,20:49:35,01/01/2023 20:49,01/01/2023 17:49,-68.069354,-67.570705
6563,KB_23_42928_42,Female,Killingbeck,2023,01/01/2023,20:51:34,01/01/2023 20:51,01/01/2023 17:51,-68.069363,-67.570688
6564,KB_23_42928_42,Female,Killingbeck,2023,01/01/2023,20:53:33,01/01/2023 20:53,01/01/2023 17:53,-68.069478,-67.570679
6565,KB_23_42928_42,Female,Killingbeck,2023,01/01/2023,20:55:32,01/01/2023 20:55,01/01/2023 17:55,-68.069295,-67.57071
6566,KB_23_42928_42,Female,Killingbeck,2023,01/01/2023,20:57:31,01/01/2023 20:57,01/01/2023 17:57,-68.069351,-67.570682
6567,KB_23_42928_42,Female,Killingbeck,2023,01/01/2023,20:59:30,01/01/2023 20:59,01/01/2023 17:59,-68.069433,-67.570694
6568,KB_23_42928_42,Female,Killingbeck,2023,01/01/2023,21:01:29,01/01/2023 21:01,01/01/2023 18:01,-68.069362,-67.570678
6569,KB_23_42928_42,Female,Killingbeck,2023,01/01/2023,21:03:28,01/01/2023 21:03,01/01/2023 18:03,-68.069364,-67.570686
6570,KB_23_42928_42,Female,Killingbeck,2023,01/01/2023,21:05:27,01/01/2023 21:05,01/01/2023 18:05,-68.069402,-67.570655
6571,KB_23_42928_42,Female,Killingbeck,2023,01/01/2023,21:07:26,01/01/2023 21:07,01/01/2023 18:07,-68.069219,-67.570669
6572,KB_23_42928_42,Female,Killingbeck,2023,01/01/2023,21:09:27,01/01/2023 21:09,01/01/2023 18:09,-68.069405,-67.570707
6573,KB_23_42928_42,Female,Killingbeck,2023,01/01/2023,21:11:26,01/01/2023 21:11,01/01/2023 18:11,-68.06941,-67.570666
6574,KB_23_42928_42,Female,Killingbeck,2023,01/01/2023,21:13:25,01/01/2023 21:13,01/01/2023 18:13,-68.069379,-67.570682
6575,KB_23_42928_42,Female,Killingbeck,2023,01/01/2023,21:15:26,01/01/2023 21:15,01/01/2023 18:15,-68.069492,-67.570739
6576,KB_23_42928_42,Female,Killingbeck,2023,01/01/2023,21:17:20,01/01/2023 21:17,01/01/2023 18:17,-68.069513,-67.570717
6577,KB_23_42928_42,Female,Killingbeck,2023,01/01/2023,21:19:20,01/01/2023 21:19,01/01/2023 18:19,-68.069342,-67.570722
6578,KB_23_42928_42,Female,Killingbeck,2023,01/01/2023,21:21:19,01/01/2023 21:21,01/01/2023 18:21,-68.069377,-67.570706
6579,KB_23_42928_42,Female,Killingbeck,2023,01/01/2023,21:23:17,01/01/2023 21:23,01/01/2023 18:23,-68.069449,-67.570701
6580,KB_23_42928_42,Female,Killingbeck,2023,01/01/2023,21:25:16,01/01/2023 21:25,01/01/2023 18:25,-68.069396,-67.570718
6581,KB_23_42928_42,Female,Killingbeck,2023,01/01/2023,21:27:15,01/01/2023 21:27,01/01/2023 18:27,-68.069431,-67.570695
6582,KB_23_42928_42,Female,Killingbeck,2023,01/01/2023,21:29:14,01/01/2023 21:29,01/01/2023 18:29,-68.069299,-67.570677
6583,KB_23_42928_42,Female,Killingbeck,2023,01/01/2023,21:31:13,01/01/2023 21:31,01/01/2023 18:31,-68.069351,-67.570687
6584,KB_23_42928_42,Female,Killingbeck,2023,01/01/2023,21:33:13,01/01/2023 21:33,01/01/2023 18:33,-68.069303,-67.570707
6585,KB_23_42928_42,Female,Killingbeck,2023,01/01/2023,21:35:11,01/01/2023 21:35,01/01/2023 18:35,-68.069425,-67.570732
6586,KB_23_42928_42,Female,Killingbeck,2023,01/01/2023,21:37:10,01/01/2023 21:37,01/01/2023 18:37,-68.069215,-67.570624
6587,KB_23_42928_42,Female,Killingbeck,2023,01/01/2023,21:39:10,01/01/2023 21:39,01/01/2023 18:39,-68.069409,-67.570692
6588,KB_23_42928_42,Female,Killingbeck,2023,01/01/2023,21:41:09,01/01/2023 21:41,01/01/2023 18:41,-68.069394,-67.570735
6589,KB_23_42928_42,Female,Killingbeck,2023,01/01/2023,21:43:08,01/01/2023 21:43,01/01/2023 18:43,-68.069251,-67.57065
6590,KB_23_42928_42,Female,Killingbeck,2023,01/01/2023,21:45:07,01/01/2023 21:45,01/01/2023 18:45,-68.069345,-67.570712
6591,KB_23_42928_42,Female,Killingbeck,2023,01/01/2023,21:47:08,01/01/2023 21:47,01/01/2023 18:47,-68.069298,-67.570728
6592,KB_23_42928_42,Female,Killingbeck,2023,01/01/2023,21:49:07,01/01/2023 21:49,01/01/2023 18:49,-68.069397,-67.570678
6593,KB_23_42928_42,Female,Killingbeck,2023,01/01/2023,21:51:06,01/01/2023 21:51,01/01/2023 18:51,-68.069383,-67.57072
6594,KB_23_42928_42,Female,Killingbeck,2023,01/01/2023,21:53:05,01/01/2023 21:53,01/01/2023 18:53,-68.06929,-67.570657
6595,KB_23_42928_42,Female,Killingbeck,2023,01/01/2023,21:55:05,01/01/2023 21:55,01/01/2023 18:55,-68.069225,-67.570688
6596,KB_23_42928_42,Female,Killingbeck,2023,01/01/2023,21:57:03,01/01/2023 21:57,01/01/2023 18:57,-68.0693,-67.57061
6597,KB_23_42928_42,Female,Killingbeck,2023,01/01/2023,21:59:03,01/01/2023 21:59,01/01/2023 18:59,-68.069279,-67.57062
6598,KB_23_42928_42,Female,Killingbeck,2023,01/01/2023,22:01:01,01/01/2023 22:01,01/01/2023 19:01,-68.069355,-67.570636
6599,KB_23_42928_42,Female,Killingbeck,2023,01/01/2023,22:03:00,01/01/2023 22:03,01/01/2023 19:03,-68.069223,-67.570595
6600,KB_23_42928_42,Female,Killingbeck,2023,01/01/2023,22:04:59,01/01/2023 22:04,01/01/2023 19:04,-68.069131,-67.570628
6601,KB_23_42928_42,Female,Killingbeck,2023,01/01/2023,22:06:58,01/01/2023 22:06,01/01/2023 19:06,-68.069394,-67.570707
6602,KB_23_42928_42,Female,Killingbeck,2023,01/01/2023,22:08:58,01/01/2023 22:08,01/01/2023 19:08,-68.069359,-67.570674
6603,KB_23_42928_42,Female,Killingbeck,2023,01/01/2023,22:10:58,01/01/2023 22:10,01/01/2023 19:10,-68.069056,-67.570677
6604,KB_23_42928_42,Female,Killingbeck,2023,01/01/2023,22:12:56,01/01/2023 22:12,01/01/2023 19:12,-68.069217,-67.57062
6605,KB_23_42928_42,Female,Killingbeck,2023,01/01/2023,22:14:56,01/01/2023 22:14,01/01/2023 19:14,-68.068056,-67.570389
6606,KB_23_42928_42,Female,Killingbeck,2023,01/01/2023,22:16:53,01/01/2023 22:16,01/01/2023 19:16,-68.06924,-67.570629
6607,KB_23_42928_42,Female,Killingbeck,2023,01/01/2023,22:18:51,01/01/2023 22:18,01/01/2023 19:18,-68.069244,-67.570655
6608,KB_23_42928_42,Female,Killingbeck,2023,01/01/2023,22:20:51,01/01/2023 22:20,01/01/2023 19:20,-68.068113,-67.570424
6609,KB_23_42928_42,Female,Killingbeck,2023,01/01/2023,22:22:50,01/01/2023 22:22,01/01/2023 19:22,-68.069402,-67.57066
6610,KB_23_42928_42,Female,Killingbeck,2023,01/01/2023,22:24:48,01/01/2023 22:24,01/01/2023 19:24,-68.069476,-67.570677
6611,KB_23_42928_42,Female,Killingbeck,2023,01/01/2023,22:26:50,01/01/2023 22:26,01/01/2023 19:26,-68.06955,-67.570829
6612,KB_23_42928_42,Female,Killingbeck,2023,01/01/2023,22:28:47,01/01/2023 22:28,01/01/2023 19:28,-68.069311,-67.570616
6613,KB_23_42928_42,Female,Killingbeck,2023,01/01/2023,22:30:46,01/01/2023 22:30,01/01/2023 19:30,-68.069379,-67.570706
6614,KB_23_42928_42,Female,Killingbeck,2023,01/01/2023,22:32:45,01/01/2023 22:32,01/01/2023 19:32,-68.069287,-67.57068
6615,KB_23_42928_42,Female,Killingbeck,2023,01/01/2023,22:34:44,01/01/2023 22:34,01/01/2023 19:34,-68.069346,-67.570693
6616,KB_23_42928_42,Female,Killingbeck,2023,01/01/2023,22:36:45,01/01/2023 22:36,01/01/2023 19:36,-68.069592,-67.570822
6617,KB_23_42928_42,Female,Killingbeck,2023,01/01/2023,22:38:42,01/01/2023 22:38,01/01/2023 19:38,-68.069285,-67.570702
6618,KB_23_42928_42,Female,Killingbeck,2023,01/01/2023,22:40:41,01/01/2023 22:40,01/01/2023 19:40,-68.06943,-67.570722
6619,KB_23_42928_42,Female,Killingbeck,2023,01/01/2023,22:42:40,01/01/2023 22:42,01/01/2023 19:42,-68.069483,-67.570723
6620,KB_23_42928_42,Female,Killingbeck,2023,01/01/2023,22:44:39,01/01/2023 22:44,01/01/2023 19:44,-68.069345,-67.570665
6621,KB_23_42928_42,Female,Killingbeck,2023,01/01/2023,22:46:37,01/01/2023 22:46,01/01/2023 19:46,-68.069381,-67.57072
6622,KB_23_42928_42,Female,Killingbeck,2023,01/01/2023,22:48:36,01/01/2023 22:48,01/01/2023 19:48,-68.069251,-67.570749
6623,KB_23_42928_42,Female,Killingbeck,2023,01/01/2023,22:50:35,01/01/2023 22:50,01/01/2023 19:50,-68.069537,-67.570877
6624,KB_23_42928_42,Female,Killingbeck,2023,01/01/2023,22:52:34,01/01/2023 22:52,01/01/2023 19:52,-68.069427,-67.570748
6625,KB_23_42928_42,Female,Killingbeck,2023,01/01/2023,22:54:35,01/01/2023 22:54,01/01/2023 19:54,-68.069389,-67.570816
6626,KB_23_42928_42,Female,Killingbeck,2023,01/01/2023,22:56:36,01/01/2023 22:56,01/01/2023 19:56,-68.069757,-67.570765
6627,KB_23_42928_42,Female,Killingbeck,2023,01/01/2023,22:58:33,01/01/2023 22:58,01/01/2023 19:58,-68.06952,-67.570841
6628,KB_23_42928_42,Female,Killingbeck,2023,01/01/2023,23:00:32,01/01/2023 23:00,01/01/2023 20:00,-68.069585,-67.570823
6629,KB_23_42928_42,Female,Killingbeck,2023,01/01/2023,23:02:35,01/01/2023 23:02,01/01/2023 20:02,-68.069596,-67.570878
6630,KB_23_42928_42,Female,Killingbeck,2023,01/01/2023,23:04:33,01/01/2023 23:04,01/01/2023 20:04,-68.069396,-67.570839
6631,KB_23_42928_42,Female,Killingbeck,2023,01/01/2023,23:06:30,01/01/2023 23:06,01/01/2023 20:06,-68.069545,-67.570828
6632,KB_23_42928_42,Female,Killingbeck,2023,01/01/2023,23:08:29,01/01/2023 23:08,01/01/2023 20:08,-68.072043,-67.570209
6633,KB_23_42928_42,Female,Killingbeck,2023,01/01/2023,23:10:26,01/01/2023 23:10,01/01/2023 20:10,-68.069461,-67.570733
6634,KB_23_42928_42,Female,Killingbeck,2023,01/01/2023,23:12:25,01/01/2023 23:12,01/01/2023 20:12,-68.069385,-67.570765
6635,KB_23_42928_42,Female,Killingbeck,2023,01/01/2023,23:14:25,01/01/2023 23:14,01/01/2023 20:14,-68.069418,-67.570797
6636,KB_23_42928_42,Female,Killingbeck,2023,01/01/2023,23:16:22,01/01/2023 23:16,01/01/2023 20:16,-68.069668,-67.570788
6637,KB_23_42928_42,Female,Killingbeck,2023,01/01/2023,23:18:20,01/01/2023 23:18,01/01/2023 20:18,-68.069476,-67.570795
6638,KB_23_42928_42,Female,Killingbeck,2023,01/01/2023,23:20:19,01/01/2023 23:20,01/01/2023 20:20,-68.069386,-67.570758
6639,KB_23_42928_42,Female,Killingbeck,2023,01/01/2023,23:22:18,01/01/2023 23:22,01/01/2023 20:22,-68.06947,-67.570685
6640,KB_23_42928_42,Female,Killingbeck,2023,01/01/2023,23:24:18,01/01/2023 23:24,01/01/2023 20:24,-68.069435,-67.570786
6641,KB_23_42928_42,Female,Killingbeck,2023,01/01/2023,23:26:17,01/01/2023 23:26,01/01/2023 20:26,-68.069367,-67.570764
6642,KB_23_42928_42,Female,Killingbeck,2023,01/01/2023,23:28:16,01/01/2023 23:28,01/01/2023 20:28,-68.069445,-67.570802
6643,KB_23_42928_42,Female,Killingbeck,2023,01/01/2023,23:30:14,01/01/2023 23:30,01/01/2023 20:30,-68.069579,-67.570711
6644,KB_23_42928_42,Female,Killingbeck,2023,01/01/2023,23:32:13,01/01/2023 23:32,01/01/2023 20:32,-68.069471,-67.570688
6645,KB_23_42928_42,Female,Killingbeck,2023,01/01/2023,23:34:12,01/01/2023 23:34,01/01/2023 20:34,-68.069699,-67.570738
6646,KB_23_42928_42,Female,Killingbeck,2023,01/01/2023,23:36:11,01/01/2023 23:36,01/01/2023 20:36,-68.06959,-67.570737
6647,KB_23_42928_42,Female,Killingbeck,2023,01/01/2023,23:38:10,01/01/2023 23:38,01/01/2023 20:38,-68.069518,-67.570766
6648,KB_23_42928_42,Female,Killingbeck,2023,01/01/2023,23:40:10,01/01/2023 23:40,01/01/2023 20:40,-68.069564,-67.570743
6649,KB_23_42928_42,Female,Killingbeck,2023,01/01/2023,23:42:09,01/01/2023 23:42,01/01/2023 20:42,-68.069435,-67.570689
6650,KB_23_42928_42,Female,Killingbeck,2023,01/01/2023,23:44:09,01/01/2023 23:44,01/01/2023 20:44,-68.069666,-67.570714
6651,KB_23_42928_42,Female,Killingbeck,2023,01/01/2023,23:46:06,01/01/2023 23:46,01/01/2023 20:46,-68.069415,-67.570655
6652,KB_23_42928_42,Female,Killingbeck,2023,01/01/2023,23:48:04,01/01/2023 23:48,01/01/2023 20:48,-68.0695,-67.57068
6653,KB_23_42928_42,Female,Killingbeck,2023,01/01/2023,23:50:04,01/01/2023 23:50,01/01/2023 20:50,-68.069628,-67.570743
6654,KB_23_42928_42,Female,Killingbeck,2023,01/01/2023,23:52:02,01/01/2023 23:52,01/01/2023 20:52,-68.069297,-67.57076
6655,KB_23_42928_42,Female,Killingbeck,2023,01/01/2023,23:54:02,01/01/2023 23:54,01/01/2023 20:54,-68.069317,-67.570619
6656,KB_23_42928_42,Female,Killingbeck,2023,01/01/2023,23:56:00,01/01/2023 23:56,01/01/2023 20:56,-68.069549,-67.570744
6657,KB_23_42928_42,Female,Killingbeck,2023,01/01/2023,23:58:02,01/01/2023 23:58,01/01/2023 20:58,-68.069724,-67.570789
6658,KB_23_42928_42,Female,Killingbeck,2023,01/01/2023,23:59:58,01/01/2023 23:59,01/01/2023 20:59,-68.069561,-67.570736
6659,KB_23_42928_42,Female,Killingbeck,2023,02/01/2023,00:01:58,02/01/2023 00:01,01/01/2023 21:01,-68.069524,-67.570791
6660,KB_23_42928_42,Female,Killingbeck,2023,02/01/2023,00:03:59,02/01/2023 00:03,01/01/2023 21:03,-68.0698,-67.570763
6661,KB_23_42928_42,Female,Killingbeck,2023,02/01/2023,00:05:56,02/01/2023 00:05,01/01/2023 21:05,-68.069397,-67.570688
6662,KB_23_42928_42,Female,Killingbeck,2023,02/01/2023,00:07:57,02/01/2023 00:07,01/01/2023 21:07,-68.069377,-67.5706
6663,KB_23_42928_42,Female,Killingbeck,2023,02/01/2023,00:09:54,02/01/2023 00:09,01/01/2023 21:09,-68.069481,-67.570663
6664,KB_23_42928_42,Female,Killingbeck,2023,02/01/2023,00:11:54,02/01/2023 00:11,01/01/2023 21:11,-68.06944,-67.570716
6665,KB_23_42928_42,Female,Killingbeck,2023,02/01/2023,00:13:55,02/01/2023 00:13,01/01/2023 21:13,-68.069316,-67.570597
6666,KB_23_42928_42,Female,Killingbeck,2023,02/01/2023,00:15:50,02/01/2023 00:15,01/01/2023 21:15,-68.069421,-67.570713
6667,KB_23_42928_42,Female,Killingbeck,2023,02/01/2023,00:17:49,02/01/2023 00:17,01/01/2023 21:17,-68.069372,-67.57067
6668,KB_23_42928_42,Female,Killingbeck,2023,02/01/2023,00:19:47,02/01/2023 00:19,01/01/2023 21:19,-68.069379,-67.570652
6669,KB_23_42928_42,Female,Killingbeck,2023,02/01/2023,00:21:46,02/01/2023 00:21,01/01/2023 21:21,-68.069471,-67.570712
6670,KB_23_42928_42,Female,Killingbeck,2023,02/01/2023,00:23:46,02/01/2023 00:23,01/01/2023 21:23,-68.069287,-67.57063
6671,KB_23_42928_42,Female,Killingbeck,2023,02/01/2023,00:25:45,02/01/2023 00:25,01/01/2023 21:25,-68.069498,-67.570705
6672,KB_23_42928_42,Female,Killingbeck,2023,02/01/2023,00:27:44,02/01/2023 00:27,01/01/2023 21:27,-68.069386,-67.570696
6673,KB_23_42928_42,Female,Killingbeck,2023,02/01/2023,00:29:43,02/01/2023 00:29,01/01/2023 21:29,-68.069155,-67.5706
6674,KB_23_42928_42,Female,Killingbeck,2023,02/01/2023,00:31:41,02/01/2023 00:31,01/01/2023 21:31,-68.069653,-67.570829
6675,KB_23_42928_42,Female,Killingbeck,2023,02/01/2023,00:33:40,02/01/2023 00:33,01/01/2023 21:33,-68.069056,-67.570527
6676,KB_23_42928_42,Female,Killingbeck,2023,02/01/2023,00:35:42,02/01/2023 00:35,01/01/2023 21:35,-68.069245,-67.57059
6677,KB_23_42928_42,Female,Killingbeck,2023,02/01/2023,00:37:39,02/01/2023 00:37,01/01/2023 21:37,-68.0694,-67.57077
6678,KB_23_42928_42,Female,Killingbeck,2023,02/01/2023,00:39:38,02/01/2023 00:39,01/01/2023 21:39,-68.069381,-67.570731
6679,KB_23_42928_42,Female,Killingbeck,2023,02/01/2023,00:41:37,02/01/2023 00:41,01/01/2023 21:41,-68.069502,-67.570727
6680,KB_23_42928_42,Female,Killingbeck,2023,02/01/2023,00:43:36,02/01/2023 00:43,01/01/2023 21:43,-68.069082,-67.570606
6681,KB_23_42928_42,Female,Killingbeck,2023,02/01/2023,00:45:36,02/01/2023 00:45,01/01/2023 21:45,-68.069394,-67.57072
6682,KB_23_42928_42,Female,Killingbeck,2023,02/01/2023,00:47:35,02/01/2023 00:47,01/01/2023 21:47,-68.069209,-67.570607
6683,KB_23_42928_42,Female,Killingbeck,2023,02/01/2023,00:49:34,02/01/2023 00:49,01/01/2023 21:49,-68.069335,-67.570664
6684,KB_23_42928_42,Female,Killingbeck,2023,02/01/2023,00:51:33,02/01/2023 00:51,01/01/2023 21:51,-68.069509,-67.570764
6685,KB_23_42928_42,Female,Killingbeck,2023,02/01/2023,00:53:33,02/01/2023 00:53,01/01/2023 21:53,-68.069081,-67.570558
6686,KB_23_42928_42,Female,Killingbeck,2023,02/01/2023,00:55:32,02/01/2023 00:55,01/01/2023 21:55,-68.069365,-67.570733
6687,KB_23_42928_42,Female,Killingbeck,2023,02/01/2023,00:57:31,02/01/2023 00:57,01/01/2023 21:57,-68.069469,-67.570749
6688,KB_23_42928_42,Female,Killingbeck,2023,02/01/2023,00:59:29,02/01/2023 00:59,01/01/2023 21:59,-68.069322,-67.570801
6689,KB_23_42928_42,Female,Killingbeck,2023,02/01/2023,01:01:29,02/01/2023 01:01,01/01/2023 22:01,-68.069341,-67.570739
6690,KB_23_42928_42,Female,Killingbeck,2023,02/01/2023,01:03:27,02/01/2023 01:03,01/01/2023 22:03,-68.069255,-67.570677
6691,KB_23_42928_42,Female,Killingbeck,2023,02/01/2023,01:05:27,02/01/2023 01:05,01/01/2023 22:05,-68.069345,-67.570705
6692,KB_23_42928_42,Female,Killingbeck,2023,02/01/2023,01:07:25,02/01/2023 01:07,01/01/2023 22:07,-68.069485,-67.570742
6693,KB_23_42928_42,Female,Killingbeck,2023,02/01/2023,01:09:25,02/01/2023 01:09,01/01/2023 22:09,-68.069496,-67.570789
6694,KB_23_42928_42,Female,Killingbeck,2023,02/01/2023,01:11:24,02/01/2023 01:11,01/01/2023 22:11,-68.069482,-67.570716
6695,KB_23_42928_42,Female,Killingbeck,2023,02/01/2023,01:13:23,02/01/2023 01:13,01/01/2023 22:13,-68.06944,-67.570816
6696,KB_23_42928_42,Female,Killingbeck,2023,02/01/2023,01:15:22,02/01/2023 01:15,01/01/2023 22:15,-68.069462,-67.570733
6697,KB_23_42928_42,Female,Killingbeck,2023,02/01/2023,01:17:22,02/01/2023 01:17,01/01/2023 22:17,-68.069414,-67.570749
6698,KB_23_42928_42,Female,Killingbeck,2023,02/01/2023,01:19:21,02/01/2023 01:19,01/01/2023 22:19,-68.069404,-67.570723
6699,KB_23_42928_42,Female,Killingbeck,2023,02/01/2023,01:21:19,02/01/2023 01:21,01/01/2023 22:21,-68.069174,-67.570676
6700,KB_23_42928_42,Female,Killingbeck,2023,02/01/2023,01:23:18,02/01/2023 01:23,01/01/2023 22:23,-68.069334,-67.570709
6701,KB_23_42928_42,Female,Killingbeck,2023,02/01/2023,01:25:18,02/01/2023 01:25,01/01/2023 22:25,-68.069371,-67.570744
6702,KB_23_42928_42,Female,Killingbeck,2023,02/01/2023,01:27:16,02/01/2023 01:27,01/01/2023 22:27,-68.069382,-67.570715
6703,KB_23_42928_42,Female,Killingbeck,2023,02/01/2023,01:29:15,02/01/2023 01:29,01/01/2023 22:29,-68.069398,-67.57072
6704,KB_23_42928_42,Female,Killingbeck,2023,02/01/2023,01:31:15,02/01/2023 01:31,01/01/2023 22:31,-68.06925,-67.570826
6705,KB_23_42928_42,Female,Killingbeck,2023,02/01/2023,01:33:13,02/01/2023 01:33,01/01/2023 22:33,-68.069481,-67.570821
6706,KB_23_42928_42,Female,Killingbeck,2023,02/01/2023,01:35:15,02/01/2023 01:35,01/01/2023 22:35,-68.069103,-67.570938
6707,KB_23_42928_42,Female,Killingbeck,2023,02/01/2023,01:37:11,02/01/2023 01:37,01/01/2023 22:37,-68.069292,-67.570712
6708,KB_23_42928_42,Female,Killingbeck,2023,02/01/2023,01:39:12,02/01/2023 01:39,01/01/2023 22:39,-68.069422,-67.570733
6709,KB_23_42928_42,Female,Killingbeck,2023,02/01/2023,01:41:10,02/01/2023 01:41,01/01/2023 22:41,-68.069349,-67.570748
6710,KB_23_42928_42,Female,Killingbeck,2023,02/01/2023,01:43:09,02/01/2023 01:43,01/01/2023 22:43,-68.069422,-67.570782
6711,KB_23_42928_42,Female,Killingbeck,2023,02/01/2023,01:45:08,02/01/2023 01:45,01/01/2023 22:45,-68.069383,-67.570738
6712,KB_23_42928_42,Female,Killingbeck,2023,02/01/2023,01:47:07,02/01/2023 01:47,01/01/2023 22:47,-68.069491,-67.570821
6713,KB_23_42928_42,Female,Killingbeck,2023,02/01/2023,01:49:06,02/01/2023 01:49,01/01/2023 22:49,-68.069392,-67.570711
6714,KB_23_42928_42,Female,Killingbeck,2023,02/01/2023,01:51:05,02/01/2023 01:51,01/01/2023 22:51,-68.069284,-67.570654
6715,KB_23_42928_42,Female,Killingbeck,2023,02/01/2023,01:53:04,02/01/2023 01:53,01/01/2023 22:53,-68.06936,-67.57074
6716,KB_23_42928_42,Female,Killingbeck,2023,02/01/2023,01:55:03,02/01/2023 01:55,01/01/2023 22:55,-68.069445,-67.570767
6717,KB_23_42928_42,Female,Killingbeck,2023,02/01/2023,01:57:02,02/01/2023 01:57,01/01/2023 22:57,-68.069475,-67.570806
6718,KB_23_42928_42,Female,Killingbeck,2023,02/01/2023,01:59:01,02/01/2023 01:59,01/01/2023 22:59,-68.069414,-67.570819
6719,KB_23_42928_42,Female,Killingbeck,2023,02/01/2023,02:01:00,02/01/2023 02:01,01/01/2023 23:01,-68.069425,-67.570698
6720,KB_23_42928_42,Female,Killingbeck,2023,02/01/2023,02:02:59,02/01/2023 02:02,01/01/2023 23:02,-68.06942,-67.570751
6721,KB_23_42928_42,Female,Killingbeck,2023,02/01/2023,02:04:59,02/01/2023 02:04,01/01/2023 23:04,-68.069286,-67.570743
6722,KB_23_42928_42,Female,Killingbeck,2023,02/01/2023,02:06:58,02/01/2023 02:06,01/01/2023 23:06,-68.069456,-67.570809
6723,KB_23_42928_42,Female,Killingbeck,2023,02/01/2023,02:08:57,02/01/2023 02:08,01/01/2023 23:08,-68.069362,-67.570766
6724,KB_23_42928_42,Female,Killingbeck,2023,02/01/2023,02:10:56,02/01/2023 02:10,01/01/2023 23:10,-68.069285,-67.57076
6725,KB_23_42928_42,Female,Killingbeck,2023,02/01/2023,02:12:55,02/01/2023 02:12,01/01/2023 23:12,-68.069402,-67.57079
6726,KB_23_42928_42,Female,Killingbeck,2023,02/01/2023,02:15:03,02/01/2023 02:15,01/01/2023 23:15,-68.069512,-67.570793
6727,KB_23_42928_42,Female,Killingbeck,2023,02/01/2023,02:17:03,02/01/2023 02:17,01/01/2023 23:17,-68.069353,-67.570702
6728,KB_23_42928_42,Female,Killingbeck,2023,02/01/2023,02:19:04,02/01/2023 02:19,01/01/2023 23:19,-68.069412,-67.570721
6729,KB_23_42928_42,Female,Killingbeck,2023,02/01/2023,02:21:03,02/01/2023 02:21,01/01/2023 23:21,-68.069354,-67.570749
6730,KB_23_42928_42,Female,Killingbeck,2023,02/01/2023,02:23:00,02/01/2023 02:23,01/01/2023 23:23,-68.069516,-67.570742
6731,KB_23_42928_42,Female,Killingbeck,2023,02/01/2023,02:24:59,02/01/2023 02:24,01/01/2023 23:24,-68.069467,-67.570766
6732,KB_23_42928_42,Female,Killingbeck,2023,02/01/2023,02:26:57,02/01/2023 02:26,01/01/2023 23:26,-68.06936,-67.57077
6733,KB_23_42928_42,Female,Killingbeck,2023,02/01/2023,02:28:56,02/01/2023 02:28,01/01/2023 23:28,-68.069449,-67.570729
6734,KB_23_42928_42,Female,Killingbeck,2023,02/01/2023,02:30:55,02/01/2023 02:30,01/01/2023 23:30,-68.069494,-67.570706
6735,KB_23_42928_42,Female,Killingbeck,2023,02/01/2023,02:32:55,02/01/2023 02:32,01/01/2023 23:32,-68.06936,-67.570738
6736,KB_23_42928_42,Female,Killingbeck,2023,02/01/2023,02:34:53,02/01/2023 02:34,01/01/2023 23:34,-68.069396,-67.5707
6737,KB_23_42928_42,Female,Killingbeck,2023,02/01/2023,02:36:52,02/01/2023 02:36,01/01/2023 23:36,-68.069575,-67.570784
6738,KB_23_42928_42,Female,Killingbeck,2023,02/01/2023,02:38:52,02/01/2023 02:38,01/01/2023 23:38,-68.069378,-67.570732
6739,KB_23_42928_42,Female,Killingbeck,2023,02/01/2023,02:40:51,02/01/2023 02:40,01/01/2023 23:40,-68.06938,-67.570734
6740,KB_23_42928_42,Female,Killingbeck,2023,02/01/2023,02:42:50,02/01/2023 02:42,01/01/2023 23:42,-68.069488,-67.57075
6741,KB_23_42928_42,Female,Killingbeck,2023,02/01/2023,02:44:49,02/01/2023 02:44,01/01/2023 23:44,-68.069486,-67.570754
6742,KB_23_42928_42,Female,Killingbeck,2023,02/01/2023,02:46:48,02/01/2023 02:46,01/01/2023 23:46,-68.069432,-67.570773
6743,KB_23_42928_42,Female,Killingbeck,2023,02/01/2023,02:48:47,02/01/2023 02:48,01/01/2023 23:48,-68.069428,-67.570813
6744,KB_23_42928_42,Female,Killingbeck,2023,02/01/2023,02:50:47,02/01/2023 02:50,01/01/2023 23:50,-68.069294,-67.570691
6745,KB_23_42928_42,Female,Killingbeck,2023,02/01/2023,02:52:45,02/01/2023 02:52,01/01/2023 23:52,-68.069445,-67.57067
6746,KB_23_42928_42,Female,Killingbeck,2023,02/01/2023,02:54:44,02/01/2023 02:54,01/01/2023 23:54,-68.06943,-67.570787
6747,KB_23_42928_42,Female,Killingbeck,2023,02/01/2023,02:56:46,02/01/2023 02:56,01/01/2023 23:56,-68.068983,-67.570569
6748,KB_23_42928_42,Female,Killingbeck,2023,02/01/2023,02:58:43,02/01/2023 02:58,01/01/2023 23:58,-68.069531,-67.57076
6749,KB_23_42928_42,Female,Killingbeck,2023,02/01/2023,03:00:41,02/01/2023 03:00,02/01/2023 00:00,-68.069324,-67.570691
6750,KB_23_42928_42,Female,Killingbeck,2023,02/01/2023,03:02:41,02/01/2023 03:02,02/01/2023 00:02,-68.069458,-67.570759
6751,KB_23_42928_42,Female,Killingbeck,2023,02/01/2023,03:04:39,02/01/2023 03:04,02/01/2023 00:04,-68.069626,-67.570759
6752,KB_23_42928_42,Female,Killingbeck,2023,02/01/2023,03:06:38,02/01/2023 03:06,02/01/2023 00:06,-68.069433,-67.570745
6753,KB_23_42928_42,Female,Killingbeck,2023,02/01/2023,03:08:38,02/01/2023 03:08,02/01/2023 00:08,-68.069438,-67.570746
6754,KB_23_42928_42,Female,Killingbeck,2023,02/01/2023,03:10:38,02/01/2023 03:10,02/01/2023 00:10,-68.069593,-67.570762
6755,KB_23_42928_42,Female,Killingbeck,2023,02/01/2023,03:12:36,02/01/2023 03:12,02/01/2023 00:12,-68.069451,-67.570731
6756,KB_23_42928_42,Female,Killingbeck,2023,02/01/2023,03:14:36,02/01/2023 03:14,02/01/2023 00:14,-68.069559,-67.570752
6757,KB_23_42928_42,Female,Killingbeck,2023,02/01/2023,03:16:35,02/01/2023 03:16,02/01/2023 00:16,-68.069337,-67.570727
6758,KB_23_42928_42,Female,Killingbeck,2023,02/01/2023,03:18:33,02/01/2023 03:18,02/01/2023 00:18,-68.069321,-67.570713
6759,KB_23_42928_42,Female,Killingbeck,2023,02/01/2023,03:20:33,02/01/2023 03:20,02/01/2023 00:20,-68.069469,-67.570712
6760,KB_23_42928_42,Female,Killingbeck,2023,02/01/2023,03:22:34,02/01/2023 03:22,02/01/2023 00:22,-68.069469,-67.570726
6761,KB_23_42928_42,Female,Killingbeck,2023,02/01/2023,03:24:31,02/01/2023 03:24,02/01/2023 00:24,-68.069441,-67.570691
6762,KB_23_42928_42,Female,Killingbeck,2023,02/01/2023,03:26:30,02/01/2023 03:26,02/01/2023 00:26,-68.069475,-67.570741
6763,KB_23_42928_42,Female,Killingbeck,2023,02/01/2023,03:28:28,02/01/2023 03:28,02/01/2023 00:28,-68.069489,-67.570703
6764,KB_23_42928_42,Female,Killingbeck,2023,02/01/2023,03:30:28,02/01/2023 03:30,02/01/2023 00:30,-68.069496,-67.570728
6765,KB_23_42928_42,Female,Killingbeck,2023,02/01/2023,03:32:27,02/01/2023 03:32,02/01/2023 00:32,-68.069563,-67.570758
6766,KB_23_42928_42,Female,Killingbeck,2023,02/01/2023,03:34:26,02/01/2023 03:34,02/01/2023 00:34,-68.069412,-67.57071
6767,KB_23_42928_42,Female,Killingbeck,2023,02/01/2023,03:36:27,02/01/2023 03:36,02/01/2023 00:36,-68.069326,-67.570757
6768,KB_23_42928_42,Female,Killingbeck,2023,02/01/2023,03:38:26,02/01/2023 03:38,02/01/2023 00:38,-68.069357,-67.570751
6769,KB_23_42928_42,Female,Killingbeck,2023,02/01/2023,03:40:24,02/01/2023 03:40,02/01/2023 00:40,-68.069407,-67.57079
6770,KB_23_42928_42,Female,Killingbeck,2023,02/01/2023,03:42:22,02/01/2023 03:42,02/01/2023 00:42,-68.06968,-67.570737
6771,KB_23_42928_42,Female,Killingbeck,2023,02/01/2023,03:44:22,02/01/2023 03:44,02/01/2023 00:44,-68.069643,-67.570766
6772,KB_23_42928_42,Female,Killingbeck,2023,02/01/2023,03:46:21,02/01/2023 03:46,02/01/2023 00:46,-68.069468,-67.570725
6773,KB_23_42928_42,Female,Killingbeck,2023,02/01/2023,03:48:22,02/01/2023 03:48,02/01/2023 00:48,-68.069443,-67.570797
6774,KB_23_42928_42,Female,Killingbeck,2023,02/01/2023,03:50:21,02/01/2023 03:50,02/01/2023 00:50,-68.069337,-67.570723
6775,KB_23_42928_42,Female,Killingbeck,2023,02/01/2023,03:52:20,02/01/2023 03:52,02/01/2023 00:52,-68.069405,-67.570748
6776,KB_23_42928_42,Female,Killingbeck,2023,02/01/2023,03:54:19,02/01/2023 03:54,02/01/2023 00:54,-68.069352,-67.570761
6777,KB_23_42928_42,Female,Killingbeck,2023,02/01/2023,03:56:16,02/01/2023 03:56,02/01/2023 00:56,-68.069564,-67.570737
6778,KB_23_42928_42,Female,Killingbeck,2023,02/01/2023,03:58:17,02/01/2023 03:58,02/01/2023 00:58,-68.069252,-67.570756
6779,KB_23_42928_42,Female,Killingbeck,2023,02/01/2023,04:00:21,02/01/2023 04:00,02/01/2023 01:00,-68.069498,-67.570677
6780,KB_23_42928_42,Female,Killingbeck,2023,02/01/2023,04:02:21,02/01/2023 04:02,02/01/2023 01:02,-68.06957,-67.570752
6781,KB_23_42928_42,Female,Killingbeck,2023,02/01/2023,04:04:22,02/01/2023 04:04,02/01/2023 01:04,-68.06944,-67.570735
6782,KB_23_42928_42,Female,Killingbeck,2023,02/01/2023,04:06:16,02/01/2023 04:06,02/01/2023 01:06,-68.069168,-67.570788
6783,KB_23_42928_42,Female,Killingbeck,2023,02/01/2023,04:08:15,02/01/2023 04:08,02/01/2023 01:08,-68.069515,-67.570744
6784,KB_23_42928_42,Female,Killingbeck,2023,02/01/2023,04:10:13,02/01/2023 04:10,02/01/2023 01:10,-68.069588,-67.570736
6785,KB_23_42928_42,Female,Killingbeck,2023,02/01/2023,04:12:14,02/01/2023 04:12,02/01/2023 01:12,-68.06952,-67.570751
6786,KB_23_42928_42,Female,Killingbeck,2023,02/01/2023,04:14:09,02/01/2023 04:14,02/01/2023 01:14,-68.069522,-67.570725
6787,KB_23_42928_42,Female,Killingbeck,2023,02/01/2023,04:16:15,02/01/2023 04:16,02/01/2023 01:16,-68.069814,-67.570699
6788,KB_23_42928_42,Female,Killingbeck,2023,02/01/2023,04:18:10,02/01/2023 04:18,02/01/2023 01:18,-68.069559,-67.570758
6789,KB_23_42928_42,Female,Killingbeck,2023,02/01/2023,04:20:07,02/01/2023 04:20,02/01/2023 01:20,-68.069567,-67.57073
6790,KB_23_42928_42,Female,Killingbeck,2023,02/01/2023,04:22:08,02/01/2023 04:22,02/01/2023 01:22,-68.069421,-67.570759
6791,KB_23_42928_42,Female,Killingbeck,2023,02/01/2023,04:24:12,02/01/2023 04:24,02/01/2023 01:24,-68.069674,-67.570732
6792,KB_23_42928_42,Female,Killingbeck,2023,02/01/2023,04:26:07,02/01/2023 04:26,02/01/2023 01:26,-68.069619,-67.570738
6793,KB_23_42928_42,Female,Killingbeck,2023,02/01/2023,04:28:06,02/01/2023 04:28,02/01/2023 01:28,-68.069564,-67.570715
6794,KB_23_42928_42,Female,Killingbeck,2023,02/01/2023,04:30:10,02/01/2023 04:30,02/01/2023 01:30,-68.069728,-67.570741
6795,KB_23_42928_42,Female,Killingbeck,2023,02/01/2023,04:32:05,02/01/2023 04:32,02/01/2023 01:32,-68.069687,-67.570751
6796,KB_23_42928_42,Female,Killingbeck,2023,02/01/2023,04:34:04,02/01/2023 04:34,02/01/2023 01:34,-68.069659,-67.570759
6797,KB_23_42928_42,Female,Killingbeck,2023,02/01/2023,04:36:08,02/01/2023 04:36,02/01/2023 01:36,-68.069709,-67.570745
6798,KB_23_42928_42,Female,Killingbeck,2023,02/01/2023,04:38:08,02/01/2023 04:38,02/01/2023 01:38,-68.069784,-67.570751
6799,KB_23_42928_42,Female,Killingbeck,2023,02/01/2023,04:40:08,02/01/2023 04:40,02/01/2023 01:40,-68.069671,-67.570726
6800,KB_23_42928_42,Female,Killingbeck,2023,02/01/2023,04:42:08,02/01/2023 04:42,02/01/2023 01:42,-68.06963,-67.570732
6801,KB_23_42928_42,Female,Killingbeck,2023,02/01/2023,04:44:01,02/01/2023 04:44,02/01/2023 01:44,-68.069358,-67.570731
6802,KB_23_42928_42,Female,Killingbeck,2023,02/01/2023,04:46:00,02/01/2023 04:46,02/01/2023 01:46,-68.069547,-67.570684
6803,KB_23_42928_42,Female,Killingbeck,2023,02/01/2023,04:47:57,02/01/2023 04:47,02/01/2023 01:47,-68.069462,-67.5707
6804,KB_23_42928_42,Female,Killingbeck,2023,02/01/2023,04:49:55,02/01/2023 04:49,02/01/2023 01:49,-68.069694,-67.570709
6805,KB_23_42928_42,Female,Killingbeck,2023,02/01/2023,04:51:54,02/01/2023 04:51,02/01/2023 01:51,-68.06957,-67.570743
6806,KB_23_42928_42,Female,Killingbeck,2023,02/01/2023,04:53:53,02/01/2023 04:53,02/01/2023 01:53,-68.069457,-67.570715
6807,KB_23_42928_42,Female,Killingbeck,2023,02/01/2023,04:55:53,02/01/2023 04:55,02/01/2023 01:55,-68.069667,-67.570706
6808,KB_23_42928_42,Female,Killingbeck,2023,02/01/2023,04:57:52,02/01/2023 04:57,02/01/2023 01:57,-68.0694,-67.570707
6809,KB_23_42928_42,Female,Killingbeck,2023,02/01/2023,04:59:58,02/01/2023 04:59,02/01/2023 01:59,-68.069457,-67.570742
6810,KB_23_42928_42,Female,Killingbeck,2023,02/01/2023,05:01:51,02/01/2023 05:01,02/01/2023 02:01,-68.069782,-67.570697
6811,KB_23_42928_42,Female,Killingbeck,2023,02/01/2023,05:03:50,02/01/2023 05:03,02/01/2023 02:03,-68.069526,-67.570736
6812,KB_23_42928_42,Female,Killingbeck,2023,02/01/2023,05:05:49,02/01/2023 05:05,02/01/2023 02:05,-68.069396,-67.570713
6813,KB_23_42928_42,Female,Killingbeck,2023,02/01/2023,05:07:47,02/01/2023 05:07,02/01/2023 02:07,-68.069577,-67.570703
6814,KB_23_42928_42,Female,Killingbeck,2023,02/01/2023,05:10:02,02/01/2023 05:10,02/01/2023 02:10,-68.069564,-67.570758
6815,KB_23_42928_42,Female,Killingbeck,2023,02/01/2023,05:11:49,02/01/2023 05:11,02/01/2023 02:11,-68.069619,-67.570755
6816,KB_23_42928_42,Female,Killingbeck,2023,02/01/2023,05:13:58,02/01/2023 05:13,02/01/2023 02:13,-68.069668,-67.570761
6817,KB_23_42928_42,Female,Killingbeck,2023,02/01/2023,05:15:57,02/01/2023 05:15,02/01/2023 02:15,-68.069571,-67.57076
6818,KB_23_42928_42,Female,Killingbeck,2023,02/01/2023,05:17:56,02/01/2023 05:17,02/01/2023 02:17,0,0
6819,KB_23_42928_42,Female,Killingbeck,2023,02/01/2023,05:19:43,02/01/2023 05:19,02/01/2023 02:19,-68.069811,-67.571468
6820,KB_23_42928_42,Female,Killingbeck,2023,02/01/2023,05:21:47,02/01/2023 05:21,02/01/2023 02:21,-68.069848,-67.571072
6821,KB_23_42928_42,Female,Killingbeck,2023,02/01/2023,05:23:54,02/01/2023 05:23,02/01/2023 02:23,-68.071059,-67.571295
6822,KB_23_42928_42,Female,Killingbeck,2023,02/01/2023,05:25:41,02/01/2023 05:25,02/01/2023 02:25,-68.069709,-67.570835
6823,KB_23_42928_42,Female,Killingbeck,2023,02/01/2023,05:27:40,02/01/2023 05:27,02/01/2023 02:27,-68.069253,-67.570937
6824,KB_23_42928_42,Female,Killingbeck,2023,02/01/2023,05:29:39,02/01/2023 05:29,02/01/2023 02:29,-68.068846,-67.57106
6825,KB_23_42928_42,Female,Killingbeck,2023,02/01/2023,05:31:50,02/01/2023 05:31,02/01/2023 02:31,-68.068756,-67.571031
6826,KB_23_42928_42,Female,Killingbeck,2023,02/01/2023,05:33:44,02/01/2023 05:33,02/01/2023 02:33,-68.068788,-67.571089
6827,KB_23_42928_42,Female,Killingbeck,2023,02/01/2023,05:35:37,02/01/2023 05:35,02/01/2023 02:35,-68.068905,-67.57107
6828,KB_23_42928_42,Female,Killingbeck,2023,02/01/2023,05:37:46,02/01/2023 05:37,02/01/2023 02:37,-68.06852,-67.571137
6829,KB_23_42928_42,Female,Killingbeck,2023,02/01/2023,05:39:44,02/01/2023 05:39,02/01/2023 02:39,-68.069402,-67.570776
6830,KB_23_42928_42,Female,Killingbeck,2023,02/01/2023,05:41:34,02/01/2023 05:41,02/01/2023 02:41,-68.068824,-67.570902
6831,KB_23_42928_42,Female,Killingbeck,2023,02/01/2023,05:43:34,02/01/2023 05:43,02/01/2023 02:43,-68.069369,-67.570605
6832,KB_23_42928_42,Female,Killingbeck,2023,02/01/2023,05:45:33,02/01/2023 05:45,02/01/2023 02:45,-68.06927,-67.571034
6833,KB_23_42928_42,Female,Killingbeck,2023,02/01/2023,05:47:30,02/01/2023 05:47,02/01/2023 02:47,-68.068993,-67.570839
6834,KB_23_42928_42,Female,Killingbeck,2023,02/01/2023,05:49:29,02/01/2023 05:49,02/01/2023 02:49,-68.069745,-67.570937
6835,KB_23_42928_42,Female,Killingbeck,2023,02/01/2023,05:51:28,02/01/2023 05:51,02/01/2023 02:51,-68.068684,-67.570975
6836,KB_23_42928_42,Female,Killingbeck,2023,02/01/2023,05:53:29,02/01/2023 05:53,02/01/2023 02:53,-68.0698,-67.571077
6837,KB_23_42928_42,Female,Killingbeck,2023,02/01/2023,05:55:28,02/01/2023 05:55,02/01/2023 02:55,-68.0706,-67.571186
6838,KB_23_42928_42,Female,Killingbeck,2023,02/01/2023,05:57:32,02/01/2023 05:57,02/01/2023 02:57,-68.070561,-67.571131
6839,KB_23_42928_42,Female,Killingbeck,2023,02/01/2023,05:59:26,02/01/2023 05:59,02/01/2023 02:59,-68.070454,-67.570769
6840,KB_23_42928_42,Female,Killingbeck,2023,02/01/2023,06:01:24,02/01/2023 06:01,02/01/2023 03:01,-68.07019,-67.570784
6841,KB_23_42928_42,Female,Killingbeck,2023,02/01/2023,06:03:23,02/01/2023 06:03,02/01/2023 03:03,-68.068909,-67.570957
6842,KB_23_42928_42,Female,Killingbeck,2023,02/01/2023,06:05:22,02/01/2023 06:05,02/01/2023 03:05,-68.069207,-67.570784
6843,KB_23_42928_42,Female,Killingbeck,2023,02/01/2023,06:07:23,02/01/2023 06:07,02/01/2023 03:07,-68.068753,-67.571038
6844,KB_23_42928_42,Female,Killingbeck,2023,02/01/2023,06:09:32,02/01/2023 06:09,02/01/2023 03:09,-68.0704,-67.570948
6845,KB_23_42928_42,Female,Killingbeck,2023,02/01/2023,06:11:22,02/01/2023 06:11,02/01/2023 03:11,-68.068633,-67.571138
6846,KB_23_42928_42,Female,Killingbeck,2023,02/01/2023,06:13:17,02/01/2023 06:13,02/01/2023 03:13,-68.068771,-67.57103
6847,KB_23_42928_42,Female,Killingbeck,2023,02/01/2023,06:15:17,02/01/2023 06:15,02/01/2023 03:15,-68.070911,-67.570793
6848,KB_23_42928_42,Female,Killingbeck,2023,02/01/2023,06:17:24,02/01/2023 06:17,02/01/2023 03:17,-68.070237,-67.570863
6849,KB_23_42928_42,Female,Killingbeck,2023,02/01/2023,06:19:15,02/01/2023 06:19,02/01/2023 03:19,-68.069596,-67.570774
6850,KB_23_42928_42,Female,Killingbeck,2023,02/01/2023,06:21:15,02/01/2023 06:21,02/01/2023 03:21,-68.069861,-67.570785
6851,KB_23_42928_42,Female,Killingbeck,2023,02/01/2023,06:23:15,02/01/2023 06:23,02/01/2023 03:23,-68.06947,-67.570586
6852,KB_23_42928_42,Female,Killingbeck,2023,02/01/2023,06:25:14,02/01/2023 06:25,02/01/2023 03:25,-68.068419,-67.57106
6853,KB_23_42928_42,Female,Killingbeck,2023,02/01/2023,06:27:11,02/01/2023 06:27,02/01/2023 03:27,-68.069535,-67.570609
6854,KB_23_42928_42,Female,Killingbeck,2023,02/01/2023,06:29:10,02/01/2023 06:29,02/01/2023 03:29,-68.069489,-67.570627
6855,KB_23_42928_42,Female,Killingbeck,2023,02/01/2023,06:31:10,02/01/2023 06:31,02/01/2023 03:31,-68.069486,-67.570662
6856,KB_23_42928_42,Female,Killingbeck,2023,02/01/2023,06:33:10,02/01/2023 06:33,02/01/2023 03:33,-68.069116,-67.570934
6857,KB_23_42928_42,Female,Killingbeck,2023,02/01/2023,06:35:18,02/01/2023 06:35,02/01/2023 03:35,-68.069544,-67.570649
6858,KB_23_42928_42,Female,Killingbeck,2023,02/01/2023,06:37:18,02/01/2023 06:37,02/01/2023 03:37,-68.069165,-67.570916
6859,KB_23_42928_42,Female,Killingbeck,2023,02/01/2023,06:39:16,02/01/2023 06:39,02/01/2023 03:39,-68.069269,-67.570711
6860,KB_23_42928_42,Female,Killingbeck,2023,02/01/2023,06:41:08,02/01/2023 06:41,02/01/2023 03:41,-68.06916,-67.570933
6861,KB_23_42928_42,Female,Killingbeck,2023,02/01/2023,06:43:06,02/01/2023 06:43,02/01/2023 03:43,-68.069256,-67.570918
6862,KB_23_42928_42,Female,Killingbeck,2023,02/01/2023,06:45:06,02/01/2023 06:45,02/01/2023 03:45,-68.069395,-67.570743
6863,KB_23_42928_42,Female,Killingbeck,2023,02/01/2023,06:47:06,02/01/2023 06:47,02/01/2023 03:47,-68.069469,-67.570752
6864,KB_23_42928_42,Female,Killingbeck,2023,02/01/2023,06:49:04,02/01/2023 06:49,02/01/2023 03:49,-68.069472,-67.570758
6865,KB_23_42928_42,Female,Killingbeck,2023,02/01/2023,06:51:13,02/01/2023 06:51,02/01/2023 03:51,-68.066932,-67.570158
6866,KB_23_42928_42,Female,Killingbeck,2023,02/01/2023,06:53:00,02/01/2023 06:53,02/01/2023 03:53,-68.069483,-67.570736
6867,KB_23_42928_42,Female,Killingbeck,2023,02/01/2023,06:55:00,02/01/2023 06:55,02/01/2023 03:55,-68.07003,-67.570836
6868,KB_23_42928_42,Female,Killingbeck,2023,02/01/2023,06:57:01,02/01/2023 06:57,02/01/2023 03:57,-68.070434,-67.570942
6869,KB_23_42928_42,Female,Killingbeck,2023,02/01/2023,06:59:08,02/01/2023 06:59,02/01/2023 03:59,-68.07021,-67.570886
6870,KB_23_42928_42,Female,Killingbeck,2023,02/01/2023,07:00:59,02/01/2023 07:00,02/01/2023 04:00,-68.070521,-67.570948
6871,KB_23_42928_42,Female,Killingbeck,2023,02/01/2023,07:03:06,02/01/2023 07:03,02/01/2023 04:03,-68.070277,-67.570885
6872,KB_23_42928_42,Female,Killingbeck,2023,02/01/2023,07:04:55,02/01/2023 07:04,02/01/2023 04:04,-68.069848,-67.570793
6873,KB_23_42928_42,Female,Killingbeck,2023,02/01/2023,07:06:53,02/01/2023 07:06,02/01/2023 04:06,-68.069961,-67.570837
6874,KB_23_42928_42,Female,Killingbeck,2023,02/01/2023,07:09:05,02/01/2023 07:09,02/01/2023 04:09,-68.070523,-67.570827
6875,KB_23_42928_42,Female,Killingbeck,2023,02/01/2023,07:10:54,02/01/2023 07:10,02/01/2023 04:10,-68.069657,-67.570752
6876,KB_23_42928_42,Female,Killingbeck,2023,02/01/2023,07:12:54,02/01/2023 07:12,02/01/2023 04:12,-68.069843,-67.570797
6877,KB_23_42928_42,Female,Killingbeck,2023,02/01/2023,07:15:05,02/01/2023 07:15,02/01/2023 04:15,-68.068552,-67.570624
6878,KB_23_42928_42,Female,Killingbeck,2023,02/01/2023,07:16:57,02/01/2023 07:16,02/01/2023 04:16,-68.06956,-67.570767
6879,KB_23_42928_42,Female,Killingbeck,2023,02/01/2023,07:18:52,02/01/2023 07:18,02/01/2023 04:18,-68.069372,-67.570686
6880,KB_23_42928_42,Female,Killingbeck,2023,02/01/2023,07:20:51,02/01/2023 07:20,02/01/2023 04:20,-68.069571,-67.570746
6881,KB_23_42928_42,Female,Killingbeck,2023,02/01/2023,07:22:55,02/01/2023 07:22,02/01/2023 04:22,-68.069501,-67.570768
6882,KB_23_42928_42,Female,Killingbeck,2023,02/01/2023,07:24:48,02/01/2023 07:24,02/01/2023 04:24,-68.069605,-67.570735
6883,KB_23_42928_42,Female,Killingbeck,2023,02/01/2023,07:26:47,02/01/2023 07:26,02/01/2023 04:26,-68.069659,-67.570765
6884,KB_23_42928_42,Female,Killingbeck,2023,02/01/2023,07:29:00,02/01/2023 07:29,02/01/2023 04:29,-68.069521,-67.570757
6885,KB_23_42928_42,Female,Killingbeck,2023,02/01/2023,07:30:47,02/01/2023 07:30,02/01/2023 04:30,-68.069618,-67.570499
6886,KB_23_42928_42,Female,Killingbeck,2023,02/01/2023,07:32:46,02/01/2023 07:32,02/01/2023 04:32,-68.069591,-67.570536
6887,KB_23_42928_42,Female,Killingbeck,2023,02/01/2023,07:34:45,02/01/2023 07:34,02/01/2023 04:34,-68.069431,-67.570773
6888,KB_23_42928_42,Female,Killingbeck,2023,02/01/2023,07:36:51,02/01/2023 07:36,02/01/2023 04:36,-68.069551,-67.570678
6889,KB_23_42928_42,Female,Killingbeck,2023,02/01/2023,07:38:56,02/01/2023 07:38,02/01/2023 04:38,-68.069637,-67.570659
6890,KB_23_42928_42,Female,Killingbeck,2023,02/01/2023,07:40:49,02/01/2023 07:40,02/01/2023 04:40,-68.069293,-67.570759
6891,KB_23_42928_42,Female,Killingbeck,2023,02/01/2023,07:42:48,02/01/2023 07:42,02/01/2023 04:42,-68.069706,-67.570482
6892,KB_23_42928_42,Female,Killingbeck,2023,02/01/2023,07:44:41,02/01/2023 07:44,02/01/2023 04:44,-68.069674,-67.570766
6893,KB_23_42928_42,Female,Killingbeck,2023,02/01/2023,07:46:42,02/01/2023 07:46,02/01/2023 04:46,-68.069547,-67.570741
6894,KB_23_42928_42,Female,Killingbeck,2023,02/01/2023,07:48:39,02/01/2023 07:48,02/01/2023 04:48,-68.06952,-67.570726
6895,KB_23_42928_42,Female,Killingbeck,2023,02/01/2023,07:50:46,02/01/2023 07:50,02/01/2023 04:50,-68.070087,-67.570738
6896,KB_23_42928_42,Female,Killingbeck,2023,02/01/2023,07:52:47,02/01/2023 07:52,02/01/2023 04:52,-68.06936,-67.569605
6897,KB_23_42928_42,Female,Killingbeck,2023,02/01/2023,07:54:36,02/01/2023 07:54,02/01/2023 04:54,-68.06952,-67.570713
6898,KB_23_42928_42,Female,Killingbeck,2023,02/01/2023,07:56:43,02/01/2023 07:56,02/01/2023 04:56,-68.069396,-67.570429
6899,KB_23_42928_42,Female,Killingbeck,2023,02/01/2023,07:58:34,02/01/2023 07:58,02/01/2023 04:58,-68.069492,-67.570635
6900,KB_23_42928_42,Female,Killingbeck,2023,02/01/2023,08:00:36,02/01/2023 08:00,02/01/2023 05:00,-68.069291,-67.570211
6901,KB_23_42928_42,Female,Killingbeck,2023,02/01/2023,08:02:40,02/01/2023 08:02,02/01/2023 05:02,-68.069594,-67.57072
6902,KB_23_42928_42,Female,Killingbeck,2023,02/01/2023,08:04:32,02/01/2023 08:04,02/01/2023 05:04,-68.069608,-67.570683
6903,KB_23_42928_42,Female,Killingbeck,2023,02/01/2023,08:07:53,02/01/2023 08:07,02/01/2023 05:07,-68.079347,-67.572926
6904,KB_23_42928_42,Female,Killingbeck,2023,02/01/2023,08:09:54,02/01/2023 08:09,02/01/2023 05:09,-68.079485,-67.572619
6905,KB_23_42928_42,Female,Killingbeck,2023,02/01/2023,08:11:54,02/01/2023 08:11,02/01/2023 05:11,-68.079505,-67.572653
6906,KB_23_42928_42,Female,Killingbeck,2023,02/01/2023,08:15:16,02/01/2023 08:15,02/01/2023 05:15,-68.07612,-67.572751
6907,KB_23_42928_42,Female,Killingbeck,2023,02/01/2023,08:17:14,02/01/2023 08:17,02/01/2023 05:17,-68.076388,-67.572677
6908,KB_23_42928_42,Female,Killingbeck,2023,02/01/2023,08:19:14,02/01/2023 08:19,02/01/2023 05:19,-68.075724,-67.572721
6909,KB_23_42928_42,Female,Killingbeck,2023,02/01/2023,08:21:14,02/01/2023 08:21,02/01/2023 05:21,-68.076248,-67.572691
6910,KB_23_42928_42,Female,Killingbeck,2023,02/01/2023,08:24:18,02/01/2023 08:24,02/01/2023 05:24,-68.079276,-67.573134
6911,KB_23_42928_42,Female,Killingbeck,2023,02/01/2023,08:26:22,02/01/2023 08:26,02/01/2023 05:26,-68.076355,-67.572742
6912,KB_23_42928_42,Female,Killingbeck,2023,02/01/2023,08:28:17,02/01/2023 08:28,02/01/2023 05:28,-68.076476,-67.572738
6913,KB_23_42928_42,Female,Killingbeck,2023,02/01/2023,08:30:15,02/01/2023 08:30,02/01/2023 05:30,-68.076422,-67.572759
6914,KB_23_42928_42,Female,Killingbeck,2023,02/01/2023,08:32:23,02/01/2023 08:32,02/01/2023 05:32,-68.079182,-67.572689
6915,KB_23_42928_42,Female,Killingbeck,2023,02/01/2023,08:34:23,02/01/2023 08:34,02/01/2023 05:34,-68.079763,-67.572617
6916,KB_23_42928_42,Female,Killingbeck,2023,02/01/2023,08:36:22,02/01/2023 08:36,02/01/2023 05:36,-68.080076,-67.57273
6917,KB_23_42928_42,Female,Killingbeck,2023,02/01/2023,08:38:21,02/01/2023 08:38,02/01/2023 05:38,-68.079682,-67.572574
6918,KB_23_42928_42,Female,Killingbeck,2023,02/01/2023,08:40:48,02/01/2023 08:40,02/01/2023 05:40,-68.078536,-67.572425
6919,KB_23_42928_42,Female,Killingbeck,2023,02/01/2023,08:42:47,02/01/2023 08:42,02/01/2023 05:42,-68.078943,-67.572694
6920,KB_23_42928_42,Female,Killingbeck,2023,02/01/2023,08:44:46,02/01/2023 08:44,02/01/2023 05:44,-68.07914,-67.572782
6921,KB_23_42928_42,Female,Killingbeck,2023,02/01/2023,08:46:48,02/01/2023 08:46,02/01/2023 05:46,-68.079312,-67.57267
6922,KB_23_42928_42,Female,Killingbeck,2023,02/01/2023,08:48:47,02/01/2023 08:48,02/01/2023 05:48,-68.079522,-67.572857
6923,KB_23_42928_42,Female,Killingbeck,2023,02/01/2023,08:51:28,02/01/2023 08:51,02/01/2023 05:51,-68.079537,-67.572617
6924,KB_23_42928_42,Female,Killingbeck,2023,02/01/2023,08:53:26,02/01/2023 08:53,02/01/2023 05:53,-68.07986,-67.572672
6925,KB_23_42928_42,Female,Killingbeck,2023,02/01/2023,08:55:26,02/01/2023 08:55,02/01/2023 05:55,-68.077015,-67.571914
6926,KB_23_42928_42,Female,Killingbeck,2023,02/01/2023,08:57:24,02/01/2023 08:57,02/01/2023 05:57,-68.076357,-67.572621
6927,KB_23_42928_42,Female,Killingbeck,2023,02/01/2023,08:59:23,02/01/2023 08:59,02/01/2023 05:59,-68.076347,-67.572696
6928,KB_23_42928_42,Female,Killingbeck,2023,02/01/2023,09:01:24,02/01/2023 09:01,02/01/2023 06:01,-68.075917,-67.572675
6929,KB_23_42928_42,Female,Killingbeck,2023,02/01/2023,09:03:25,02/01/2023 09:03,02/01/2023 06:03,-68.076097,-67.572702
6930,KB_23_42928_42,Female,Killingbeck,2023,02/01/2023,09:05:21,02/01/2023 09:05,02/01/2023 06:05,-68.076191,-67.572725
6931,KB_23_42928_42,Female,Killingbeck,2023,02/01/2023,09:07:21,02/01/2023 09:07,02/01/2023 06:07,-68.076195,-67.572732
6932,KB_23_42928_42,Female,Killingbeck,2023,02/01/2023,09:09:20,02/01/2023 09:09,02/01/2023 06:09,-68.076317,-67.572703
6933,KB_23_42928_42,Female,Killingbeck,2023,02/01/2023,09:11:19,02/01/2023 09:11,02/01/2023 06:11,-68.076263,-67.572634
6934,KB_23_42928_42,Female,Killingbeck,2023,02/01/2023,09:13:18,02/01/2023 09:13,02/01/2023 06:13,-68.07644,-67.572628
6935,KB_23_42928_42,Female,Killingbeck,2023,02/01/2023,09:15:21,02/01/2023 09:15,02/01/2023 06:15,-68.076269,-67.572608
6936,KB_23_42928_42,Female,Killingbeck,2023,02/01/2023,09:17:17,02/01/2023 09:17,02/01/2023 06:17,-68.076268,-67.572715
6937,KB_23_42928_42,Female,Killingbeck,2023,02/01/2023,09:19:17,02/01/2023 09:19,02/01/2023 06:19,-68.076392,-67.57264
6938,KB_23_42928_42,Female,Killingbeck,2023,02/01/2023,09:21:16,02/01/2023 09:21,02/01/2023 06:21,-68.076283,-67.57267
6939,KB_23_42928_42,Female,Killingbeck,2023,02/01/2023,09:23:16,02/01/2023 09:23,02/01/2023 06:23,-68.076341,-67.572675
6940,KB_23_42928_42,Female,Killingbeck,2023,02/01/2023,09:25:14,02/01/2023 09:25,02/01/2023 06:25,-68.076286,-67.57268
6941,KB_23_42928_42,Female,Killingbeck,2023,02/01/2023,09:28:09,02/01/2023 09:28,02/01/2023 06:28,-68.078122,-67.572589
6942,KB_23_42928_42,Female,Killingbeck,2023,02/01/2023,09:30:06,02/01/2023 09:30,02/01/2023 06:30,-68.079164,-67.572948
6943,KB_23_42928_42,Female,Killingbeck,2023,02/01/2023,09:32:32,02/01/2023 09:32,02/01/2023 06:32,-68.07872,-67.572942
6944,KB_23_42928_42,Female,Killingbeck,2023,02/01/2023,09:34:43,02/01/2023 09:34,02/01/2023 06:34,-68.079877,-67.57308
6945,KB_23_42928_42,Female,Killingbeck,2023,02/01/2023,09:36:43,02/01/2023 09:36,02/01/2023 06:36,-68.079627,-67.572765
6946,KB_23_42928_42,Female,Killingbeck,2023,02/01/2023,09:38:43,02/01/2023 09:38,02/01/2023 06:38,-68.079231,-67.572801
6947,KB_23_42928_42,Female,Killingbeck,2023,02/01/2023,09:40:41,02/01/2023 09:40,02/01/2023 06:40,-68.07962,-67.572825
6948,KB_23_42928_42,Female,Killingbeck,2023,02/01/2023,09:42:41,02/01/2023 09:42,02/01/2023 06:42,-68.079009,-67.572802
6949,KB_23_42928_42,Female,Killingbeck,2023,02/01/2023,09:44:41,02/01/2023 09:44,02/01/2023 06:44,-68.079428,-67.573181
6950,KB_23_42928_42,Female,Killingbeck,2023,02/01/2023,09:47:12,02/01/2023 09:47,02/01/2023 06:47,-68.079198,-67.572571
6951,KB_23_42928_42,Female,Killingbeck,2023,02/01/2023,09:49:13,02/01/2023 09:49,02/01/2023 06:49,-68.080073,-67.572479
6952,KB_23_42928_42,Female,Killingbeck,2023,02/01/2023,09:51:12,02/01/2023 09:51,02/01/2023 06:51,-68.066165,-67.570798
6953,KB_23_42928_42,Female,Killingbeck,2023,02/01/2023,09:53:12,02/01/2023 09:53,02/01/2023 06:53,-68.069375,-67.570523
6954,KB_23_42928_42,Female,Killingbeck,2023,02/01/2023,09:55:13,02/01/2023 09:55,02/01/2023 06:55,-68.06938,-67.570603
6955,KB_23_42928_42,Female,Killingbeck,2023,02/01/2023,09:57:20,02/01/2023 09:57,02/01/2023 06:57,-68.06931,-67.570692
6956,KB_23_42928_42,Female,Killingbeck,2023,02/01/2023,09:59:20,02/01/2023 09:59,02/01/2023 06:59,-68.069476,-67.570737
6957,KB_23_42928_42,Female,Killingbeck,2023,02/01/2023,10:01:23,02/01/2023 10:01,02/01/2023 07:01,-68.069798,-67.570784
6958,KB_23_42928_42,Female,Killingbeck,2023,02/01/2023,10:03:23,02/01/2023 10:03,02/01/2023 07:03,-68.070181,-67.5713
6959,KB_23_42928_42,Female,Killingbeck,2023,02/01/2023,10:05:14,02/01/2023 10:05,02/01/2023 07:05,-68.069805,-67.570771
6960,KB_23_42928_42,Female,Killingbeck,2023,02/01/2023,10:07:22,02/01/2023 10:07,02/01/2023 07:07,0,0
6961,KB_23_42928_42,Female,Killingbeck,2023,02/01/2023,10:09:20,02/01/2023 10:09,02/01/2023 07:09,-68.069444,-67.570581
6962,KB_23_42928_42,Female,Killingbeck,2023,02/01/2023,10:11:13,02/01/2023 10:11,02/01/2023 07:11,-68.069358,-67.570639
6963,KB_23_42928_42,Female,Killingbeck,2023,02/01/2023,10:13:13,02/01/2023 10:13,02/01/2023 07:13,-68.069336,-67.570628
6964,KB_23_42928_42,Female,Killingbeck,2023,02/01/2023,10:15:19,02/01/2023 10:15,02/01/2023 07:15,0,0
6965,KB_23_42928_42,Female,Killingbeck,2023,02/01/2023,10:17:16,02/01/2023 10:17,02/01/2023 07:17,-68.069848,-67.570697
6966,KB_23_42928_42,Female,Killingbeck,2023,02/01/2023,10:18:41,02/01/2023 10:18,02/01/2023 07:18,0,0
6967,KB_23_42928_42,Female,Killingbeck,2023,02/01/2023,10:20:38,02/01/2023 10:20,02/01/2023 07:20,-68.069271,-67.570553
6968,KB_23_42928_42,Female,Killingbeck,2023,02/01/2023,10:22:37,02/01/2023 10:22,02/01/2023 07:22,-68.069485,-67.570716
6969,KB_23_42928_42,Female,Killingbeck,2023,02/01/2023,10:24:35,02/01/2023 10:24,02/01/2023 07:24,0,0
6970,KB_23_42928_42,Female,Killingbeck,2023,02/01/2023,10:26:20,02/01/2023 10:26,02/01/2023 07:26,-68.080614,-67.572753
6971,KB_23_42928_42,Female,Killingbeck,2023,02/01/2023,10:29:27,02/01/2023 10:29,02/01/2023 07:29,-68.079546,-67.572916
6972,KB_23_42928_42,Female,Killingbeck,2023,02/01/2023,10:31:27,02/01/2023 10:31,02/01/2023 07:31,-68.079143,-67.572799
6973,KB_23_42928_42,Female,Killingbeck,2023,02/01/2023,10:33:45,02/01/2023 10:33,02/01/2023 07:33,-68.07945,-67.573103
6974,KB_23_42928_42,Female,Killingbeck,2023,02/01/2023,10:35:44,02/01/2023 10:35,02/01/2023 07:35,-68.079854,-67.573416
6975,KB_23_42928_42,Female,Killingbeck,2023,02/01/2023,10:37:53,02/01/2023 10:37,02/01/2023 07:37,-68.08001,-67.573199
6976,KB_23_42928_42,Female,Killingbeck,2023,02/01/2023,10:40:34,02/01/2023 10:40,02/01/2023 07:40,-68.07923,-67.572734
6977,KB_23_42928_42,Female,Killingbeck,2023,02/01/2023,10:42:33,02/01/2023 10:42,02/01/2023 07:42,-68.079682,-67.57265
6978,KB_23_42928_42,Female,Killingbeck,2023,02/01/2023,10:44:33,02/01/2023 10:44,02/01/2023 07:44,-68.08023,-67.57255
6979,KB_23_42928_42,Female,Killingbeck,2023,02/01/2023,10:47:08,02/01/2023 10:47,02/01/2023 07:47,-68.079493,-67.572516
6980,KB_23_42928_42,Female,Killingbeck,2023,02/01/2023,10:49:44,02/01/2023 10:49,02/01/2023 07:49,-68.080354,-67.572642
6981,KB_23_42928_42,Female,Killingbeck,2023,02/01/2023,10:52:49,02/01/2023 10:52,02/01/2023 07:52,-68.081256,-67.573328
6982,KB_23_42928_42,Female,Killingbeck,2023,02/01/2023,10:54:49,02/01/2023 10:54,02/01/2023 07:54,-68.081543,-67.572707
6983,KB_23_42928_42,Female,Killingbeck,2023,02/01/2023,10:57:41,02/01/2023 10:57,02/01/2023 07:57,-68.081085,-67.572068
6984,KB_23_42928_42,Female,Killingbeck,2023,02/01/2023,10:59:39,02/01/2023 10:59,02/01/2023 07:59,-68.078451,-67.5726
6985,KB_23_42928_42,Female,Killingbeck,2023,02/01/2023,11:01:44,02/01/2023 11:01,02/01/2023 08:01,-68.078766,-67.572824
6986,KB_23_42928_42,Female,Killingbeck,2023,02/01/2023,11:04:40,02/01/2023 11:04,02/01/2023 08:04,-68.079792,-67.572784
6987,KB_23_42928_42,Female,Killingbeck,2023,02/01/2023,11:06:41,02/01/2023 11:06,02/01/2023 08:06,-68.079568,-67.572499
6988,KB_23_42928_42,Female,Killingbeck,2023,02/01/2023,11:08:42,02/01/2023 11:08,02/01/2023 08:08,-68.079652,-67.572311
6989,KB_23_42928_42,Female,Killingbeck,2023,02/01/2023,11:10:41,02/01/2023 11:10,02/01/2023 08:10,-68.079373,-67.572445
6990,KB_23_42928_42,Female,Killingbeck,2023,02/01/2023,11:13:17,02/01/2023 11:13,02/01/2023 08:13,-68.079242,-67.572195
6991,KB_23_42928_42,Female,Killingbeck,2023,02/01/2023,11:15:16,02/01/2023 11:15,02/01/2023 08:15,-68.078949,-67.5723
6992,KB_23_42928_42,Female,Killingbeck,2023,02/01/2023,11:17:16,02/01/2023 11:17,02/01/2023 08:17,-68.078894,-67.572415
6993,KB_23_42928_42,Female,Killingbeck,2023,02/01/2023,11:19:26,02/01/2023 11:19,02/01/2023 08:19,-68.079569,-67.573011
6994,KB_23_42928_42,Female,Killingbeck,2023,02/01/2023,11:21:27,02/01/2023 11:21,02/01/2023 08:21,-68.080359,-67.573148
6995,KB_23_42928_42,Female,Killingbeck,2023,02/01/2023,11:23:25,02/01/2023 11:23,02/01/2023 08:23,-68.080914,-67.57315
6996,KB_23_42928_42,Female,Killingbeck,2023,02/01/2023,11:25:25,02/01/2023 11:25,02/01/2023 08:25,-68.081806,-67.574149
6997,KB_23_42928_42,Female,Killingbeck,2023,02/01/2023,11:27:38,02/01/2023 11:27,02/01/2023 08:27,-68.065406,-67.570884
6998,KB_23_42928_42,Female,Killingbeck,2023,02/01/2023,11:29:34,02/01/2023 11:29,02/01/2023 08:29,-68.070169,-67.570726
6999,KB_23_42928_42,Female,Killingbeck,2023,02/01/2023,11:31:32,02/01/2023 11:31,02/01/2023 08:31,-68.069789,-67.570724
7000,KB_23_42928_42,Female,Killingbeck,2023,02/01/2023,11:33:34,02/01/2023 11:33,02/01/2023 08:33,-68.07325,-67.571668
7001,KB_23_42928_42,Female,Killingbeck,2023,02/01/2023,11:35:31,02/01/2023 11:35,02/01/2023 08:35,-68.069524,-67.570616
7002,KB_23_42928_42,Female,Killingbeck,2023,02/01/2023,11:37:30,02/01/2023 11:37,02/01/2023 08:37,-68.069716,-67.570673
7003,KB_23_42928_42,Female,Killingbeck,2023,02/01/2023,11:39:28,02/01/2023 11:39,02/01/2023 08:39,-68.069737,-67.570581
7004,KB_23_42928_42,Female,Killingbeck,2023,02/01/2023,11:41:27,02/01/2023 11:41,02/01/2023 08:41,-68.069415,-67.570613
7005,KB_23_42928_42,Female,Killingbeck,2023,02/01/2023,11:43:26,02/01/2023 11:43,02/01/2023 08:43,-68.069541,-67.57071
7006,KB_23_42928_42,Female,Killingbeck,2023,02/01/2023,11:45:25,02/01/2023 11:45,02/01/2023 08:45,-68.06924,-67.570553
7007,KB_23_42928_42,Female,Killingbeck,2023,02/01/2023,11:47:25,02/01/2023 11:47,02/01/2023 08:47,-68.069354,-67.570563
7008,KB_23_42928_42,Female,Killingbeck,2023,02/01/2023,11:49:23,02/01/2023 11:49,02/01/2023 08:49,-68.069528,-67.570646
7009,KB_23_42928_42,Female,Killingbeck,2023,02/01/2023,11:51:24,02/01/2023 11:51,02/01/2023 08:51,-68.069617,-67.570666
7010,KB_23_42928_42,Female,Killingbeck,2023,02/01/2023,11:53:29,02/01/2023 11:53,02/01/2023 08:53,-68.074409,-67.574062
7011,KB_23_42928_42,Female,Killingbeck,2023,02/01/2023,11:54:57,02/01/2023 11:54,02/01/2023 08:54,-68.069081,-67.570297
7012,KB_23_42928_42,Female,Killingbeck,2023,02/01/2023,11:56:58,02/01/2023 11:56,02/01/2023 08:56,-68.068885,-67.570147
7013,KB_23_42928_42,Female,Killingbeck,2023,02/01/2023,11:58:55,02/01/2023 11:58,02/01/2023 08:58,-68.069695,-67.570752
7014,KB_23_42928_42,Female,Killingbeck,2023,02/01/2023,12:01:01,02/01/2023 12:01,02/01/2023 09:01,-68.069408,-67.570623
7015,KB_23_42928_42,Female,Killingbeck,2023,02/01/2023,12:03:05,02/01/2023 12:03,02/01/2023 09:03,-68.069672,-67.570753
7016,KB_23_42928_42,Female,Killingbeck,2023,02/01/2023,12:05:06,02/01/2023 12:05,02/01/2023 09:05,-68.069597,-67.57066
7017,KB_23_42928_42,Female,Killingbeck,2023,02/01/2023,12:07:06,02/01/2023 12:07,02/01/2023 09:07,-68.06953,-67.570636
7018,KB_23_42928_42,Female,Killingbeck,2023,02/01/2023,12:09:07,02/01/2023 12:09,02/01/2023 09:09,-68.07332,-67.573084
7019,KB_23_42928_42,Female,Killingbeck,2023,02/01/2023,12:11:05,02/01/2023 12:11,02/01/2023 09:11,-68.068557,-67.571096
7020,KB_23_42928_42,Female,Killingbeck,2023,02/01/2023,12:12:57,02/01/2023 12:12,02/01/2023 09:12,-68.06944,-67.57059
7021,KB_23_42928_42,Female,Killingbeck,2023,02/01/2023,12:14:58,02/01/2023 12:14,02/01/2023 09:14,-68.068839,-67.570278
7022,KB_23_42928_42,Female,Killingbeck,2023,02/01/2023,12:16:58,02/01/2023 12:16,02/01/2023 09:16,-68.069427,-67.570667
7023,KB_23_42928_42,Female,Killingbeck,2023,02/01/2023,12:18:50,02/01/2023 12:18,02/01/2023 09:18,-68.069377,-67.570641
7024,KB_23_42928_42,Female,Killingbeck,2023,02/01/2023,12:20:57,02/01/2023 12:20,02/01/2023 09:20,-68.069432,-67.570776
7025,KB_23_42928_42,Female,Killingbeck,2023,02/01/2023,12:22:49,02/01/2023 12:22,02/01/2023 09:22,-68.069289,-67.570618
7026,KB_23_42928_42,Female,Killingbeck,2023,02/01/2023,12:24:36,02/01/2023 12:24,02/01/2023 09:24,-68.069577,-67.570666
7027,KB_23_42928_42,Female,Killingbeck,2023,02/01/2023,12:26:35,02/01/2023 12:26,02/01/2023 09:26,-68.069439,-67.570599
7028,KB_23_42928_42,Female,Killingbeck,2023,02/01/2023,12:28:39,02/01/2023 12:28,02/01/2023 09:28,-68.069426,-67.570637
7029,KB_23_42928_42,Female,Killingbeck,2023,02/01/2023,12:30:39,02/01/2023 12:30,02/01/2023 09:30,-68.069292,-67.570616
7030,KB_23_42928_42,Female,Killingbeck,2023,02/01/2023,12:32:32,02/01/2023 12:32,02/01/2023 09:32,-68.069507,-67.570669
7031,KB_23_42928_42,Female,Killingbeck,2023,02/01/2023,12:34:31,02/01/2023 12:34,02/01/2023 09:34,-68.069335,-67.570631
7032,KB_23_42928_42,Female,Killingbeck,2023,02/01/2023,12:36:30,02/01/2023 12:36,02/01/2023 09:36,-68.069677,-67.570756
7033,KB_23_42928_42,Female,Killingbeck,2023,02/01/2023,12:38:31,02/01/2023 12:38,02/01/2023 09:38,-68.069587,-67.570745
7034,KB_23_42928_42,Female,Killingbeck,2023,02/01/2023,12:40:27,02/01/2023 12:40,02/01/2023 09:40,-68.069563,-67.570706
7035,KB_23_42928_42,Female,Killingbeck,2023,02/01/2023,12:42:26,02/01/2023 12:42,02/01/2023 09:42,-68.069257,-67.570686
7036,KB_23_42928_42,Female,Killingbeck,2023,02/01/2023,12:44:26,02/01/2023 12:44,02/01/2023 09:44,-68.069317,-67.570667
7037,KB_23_42928_42,Female,Killingbeck,2023,02/01/2023,12:46:24,02/01/2023 12:46,02/01/2023 09:46,-68.069329,-67.570702
7038,KB_23_42928_42,Female,Killingbeck,2023,02/01/2023,12:48:22,02/01/2023 12:48,02/01/2023 09:48,-68.069334,-67.570675
7039,KB_23_42928_42,Female,Killingbeck,2023,02/01/2023,12:50:22,02/01/2023 12:50,02/01/2023 09:50,-68.069346,-67.570666
7040,KB_23_42928_42,Female,Killingbeck,2023,02/01/2023,12:52:21,02/01/2023 12:52,02/01/2023 09:52,-68.069314,-67.570701
7041,KB_23_42962_38,Male,Killingbeck,2023,30/12/2022,17:06:56,30/12/2022 17:06,30/12/2022 14:06,-68.069221,-67.570714
7042,KB_23_42962_38,Male,Killingbeck,2023,30/12/2022,17:08:47,30/12/2022 17:08,30/12/2022 14:08,-68.06954,-67.570703
7043,KB_23_42962_38,Male,Killingbeck,2023,30/12/2022,17:10:49,30/12/2022 17:10,30/12/2022 14:10,-68.069576,-67.570736
7044,KB_23_42962_38,Male,Killingbeck,2023,30/12/2022,17:12:48,30/12/2022 17:12,30/12/2022 14:12,-68.069457,-67.570736
7045,KB_23_42962_38,Male,Killingbeck,2023,30/12/2022,17:14:47,30/12/2022 17:14,30/12/2022 14:14,-68.069659,-67.570718
7046,KB_23_42962_38,Male,Killingbeck,2023,30/12/2022,17:16:46,30/12/2022 17:16,30/12/2022 14:16,-68.069657,-67.570737
7047,KB_23_42962_38,Male,Killingbeck,2023,30/12/2022,17:18:45,30/12/2022 17:18,30/12/2022 14:18,-68.069569,-67.570752
7048,KB_23_42962_38,Male,Killingbeck,2023,30/12/2022,17:20:44,30/12/2022 17:20,30/12/2022 14:20,-68.069892,-67.570684
7049,KB_23_42962_38,Male,Killingbeck,2023,30/12/2022,17:22:43,30/12/2022 17:22,30/12/2022 14:22,-68.06954,-67.570688
7050,KB_23_42962_38,Male,Killingbeck,2023,30/12/2022,17:24:41,30/12/2022 17:24,30/12/2022 14:24,-68.069754,-67.570659
7051,KB_23_42962_38,Male,Killingbeck,2023,30/12/2022,17:26:40,30/12/2022 17:26,30/12/2022 14:26,-68.069763,-67.570704
7052,KB_23_42962_38,Male,Killingbeck,2023,30/12/2022,17:28:40,30/12/2022 17:28,30/12/2022 14:28,-68.069911,-67.570732
7053,KB_23_42962_38,Male,Killingbeck,2023,30/12/2022,17:30:39,30/12/2022 17:30,30/12/2022 14:30,-68.069779,-67.570621
7054,KB_23_42962_38,Male,Killingbeck,2023,30/12/2022,17:32:39,30/12/2022 17:32,30/12/2022 14:32,-68.069591,-67.570687
7055,KB_23_42962_38,Male,Killingbeck,2023,30/12/2022,17:34:38,30/12/2022 17:34,30/12/2022 14:34,-68.069777,-67.570729
7056,KB_23_42962_38,Male,Killingbeck,2023,30/12/2022,17:36:39,30/12/2022 17:36,30/12/2022 14:36,-68.069962,-67.570651
7057,KB_23_42962_38,Male,Killingbeck,2023,30/12/2022,17:38:36,30/12/2022 17:38,30/12/2022 14:38,-68.069696,-67.570668
7058,KB_23_42962_38,Male,Killingbeck,2023,30/12/2022,17:40:36,30/12/2022 17:40,30/12/2022 14:40,-68.069785,-67.570708
7059,KB_23_42962_38,Male,Killingbeck,2023,30/12/2022,17:42:34,30/12/2022 17:42,30/12/2022 14:42,-68.069769,-67.570678
7060,KB_23_42962_38,Male,Killingbeck,2023,30/12/2022,17:44:34,30/12/2022 17:44,30/12/2022 14:44,-68.069685,-67.570877
7061,KB_23_42962_38,Male,Killingbeck,2023,30/12/2022,17:46:42,30/12/2022 17:46,30/12/2022 14:46,-68.069529,-67.570657
7062,KB_23_42962_38,Male,Killingbeck,2023,30/12/2022,17:48:32,30/12/2022 17:48,30/12/2022 14:48,-68.069842,-67.570672
7063,KB_23_42962_38,Male,Killingbeck,2023,30/12/2022,17:50:31,30/12/2022 17:50,30/12/2022 14:50,-68.069617,-67.570649
7064,KB_23_42962_38,Male,Killingbeck,2023,30/12/2022,17:52:34,30/12/2022 17:52,30/12/2022 14:52,-68.069848,-67.570701
7065,KB_23_42962_38,Male,Killingbeck,2023,30/12/2022,17:54:33,30/12/2022 17:54,30/12/2022 14:54,-68.069881,-67.570697
7066,KB_23_42962_38,Male,Killingbeck,2023,30/12/2022,17:56:39,30/12/2022 17:56,30/12/2022 14:56,-68.069633,-67.570664
7067,KB_23_42962_38,Male,Killingbeck,2023,30/12/2022,17:58:46,30/12/2022 17:58,30/12/2022 14:58,-68.069501,-67.570571
7068,KB_23_42962_38,Male,Killingbeck,2023,30/12/2022,18:00:36,30/12/2022 18:00,30/12/2022 15:00,-68.070239,-67.570725
7069,KB_23_42962_38,Male,Killingbeck,2023,30/12/2022,18:02:37,30/12/2022 18:02,30/12/2022 15:02,-68.069348,-67.570859
7070,KB_23_42962_38,Male,Killingbeck,2023,30/12/2022,18:04:29,30/12/2022 18:04,30/12/2022 15:04,-68.069852,-67.570688
7071,KB_23_42962_38,Male,Killingbeck,2023,30/12/2022,18:06:27,30/12/2022 18:06,30/12/2022 15:06,-68.069636,-67.570687
7072,KB_23_42962_38,Male,Killingbeck,2023,30/12/2022,18:08:27,30/12/2022 18:08,30/12/2022 15:08,-68.069521,-67.570723
7073,KB_23_42962_38,Male,Killingbeck,2023,30/12/2022,18:10:28,30/12/2022 18:10,30/12/2022 15:10,-68.06928,-67.570596
7074,KB_23_42962_38,Male,Killingbeck,2023,30/12/2022,18:12:28,30/12/2022 18:12,30/12/2022 15:12,-68.06948,-67.570685
7075,KB_23_42962_38,Male,Killingbeck,2023,30/12/2022,18:14:26,30/12/2022 18:14,30/12/2022 15:14,-68.069373,-67.570674
7076,KB_23_42962_38,Male,Killingbeck,2023,30/12/2022,18:16:26,30/12/2022 18:16,30/12/2022 15:16,-68.069476,-67.570641
7077,KB_23_42962_38,Male,Killingbeck,2023,30/12/2022,18:18:26,30/12/2022 18:18,30/12/2022 15:18,-68.069505,-67.570636
7078,KB_23_42962_38,Male,Killingbeck,2023,30/12/2022,18:20:24,30/12/2022 18:20,30/12/2022 15:20,-68.069415,-67.570631
7079,KB_23_42962_38,Male,Killingbeck,2023,30/12/2022,18:22:23,30/12/2022 18:22,30/12/2022 15:22,-68.069386,-67.57066
7080,KB_23_42962_38,Male,Killingbeck,2023,30/12/2022,18:24:23,30/12/2022 18:24,30/12/2022 15:24,-68.069422,-67.570639
7081,KB_23_42962_38,Male,Killingbeck,2023,30/12/2022,18:26:21,30/12/2022 18:26,30/12/2022 15:26,-68.069531,-67.570634
7082,KB_23_42962_38,Male,Killingbeck,2023,30/12/2022,18:28:21,30/12/2022 18:28,30/12/2022 15:28,-68.069475,-67.570647
7083,KB_23_42962_38,Male,Killingbeck,2023,30/12/2022,18:30:19,30/12/2022 18:30,30/12/2022 15:30,-68.069307,-67.570647
7084,KB_23_42962_38,Male,Killingbeck,2023,30/12/2022,18:32:18,30/12/2022 18:32,30/12/2022 15:32,-68.069433,-67.570683
7085,KB_23_42962_38,Male,Killingbeck,2023,30/12/2022,18:34:17,30/12/2022 18:34,30/12/2022 15:34,-68.069357,-67.570674
7086,KB_23_42962_38,Male,Killingbeck,2023,30/12/2022,18:36:17,30/12/2022 18:36,30/12/2022 15:36,-68.069427,-67.570627
7087,KB_23_42962_38,Male,Killingbeck,2023,30/12/2022,18:38:16,30/12/2022 18:38,30/12/2022 15:38,-68.069439,-67.570712
7088,KB_23_42962_38,Male,Killingbeck,2023,30/12/2022,18:40:18,30/12/2022 18:40,30/12/2022 15:40,-68.069565,-67.570638
7089,KB_23_42962_38,Male,Killingbeck,2023,30/12/2022,18:42:17,30/12/2022 18:42,30/12/2022 15:42,-68.069332,-67.570679
7090,KB_23_42962_38,Male,Killingbeck,2023,30/12/2022,18:44:16,30/12/2022 18:44,30/12/2022 15:44,-68.069605,-67.570624
7091,KB_23_42962_38,Male,Killingbeck,2023,30/12/2022,18:46:15,30/12/2022 18:46,30/12/2022 15:46,-68.069375,-67.570659
7092,KB_23_42962_38,Male,Killingbeck,2023,30/12/2022,18:48:15,30/12/2022 18:48,30/12/2022 15:48,-68.069326,-67.570704
7093,KB_23_42962_38,Male,Killingbeck,2023,30/12/2022,18:50:14,30/12/2022 18:50,30/12/2022 15:50,-68.06926,-67.570653
7094,KB_23_42962_38,Male,Killingbeck,2023,30/12/2022,18:52:13,30/12/2022 18:52,30/12/2022 15:52,-68.06947,-67.570648
7095,KB_23_42962_38,Male,Killingbeck,2023,30/12/2022,18:54:12,30/12/2022 18:54,30/12/2022 15:54,-68.069304,-67.570688
7096,KB_23_42962_38,Male,Killingbeck,2023,30/12/2022,18:56:11,30/12/2022 18:56,30/12/2022 15:56,-68.069298,-67.570671
7097,KB_23_42962_38,Male,Killingbeck,2023,30/12/2022,18:58:10,30/12/2022 18:58,30/12/2022 15:58,-68.069354,-67.57071
7098,KB_23_42962_38,Male,Killingbeck,2023,30/12/2022,19:00:12,30/12/2022 19:00,30/12/2022 16:00,-68.069453,-67.570686
7099,KB_23_42962_38,Male,Killingbeck,2023,30/12/2022,19:02:09,30/12/2022 19:02,30/12/2022 16:02,-68.069477,-67.570681
7100,KB_23_42962_38,Male,Killingbeck,2023,30/12/2022,19:04:08,30/12/2022 19:04,30/12/2022 16:04,-68.069573,-67.570706
7101,KB_23_42962_38,Male,Killingbeck,2023,30/12/2022,19:06:07,30/12/2022 19:06,30/12/2022 16:06,-68.069652,-67.570643
7102,KB_23_42962_38,Male,Killingbeck,2023,30/12/2022,19:08:06,30/12/2022 19:08,30/12/2022 16:08,-68.069284,-67.570687
7103,KB_23_42962_38,Male,Killingbeck,2023,30/12/2022,19:10:10,30/12/2022 19:10,30/12/2022 16:10,-68.069361,-67.570669
7104,KB_23_42962_38,Male,Killingbeck,2023,30/12/2022,19:12:07,30/12/2022 19:12,30/12/2022 16:12,-68.069096,-67.570711
7105,KB_23_42962_38,Male,Killingbeck,2023,30/12/2022,19:14:06,30/12/2022 19:14,30/12/2022 16:14,-68.069127,-67.570758
7106,KB_23_42962_38,Male,Killingbeck,2023,30/12/2022,19:16:07,30/12/2022 19:16,30/12/2022 16:16,-68.06931,-67.570681
7107,KB_23_42962_38,Male,Killingbeck,2023,30/12/2022,19:18:06,30/12/2022 19:18,30/12/2022 16:18,-68.069354,-67.570693
7108,KB_23_42962_38,Male,Killingbeck,2023,30/12/2022,19:20:05,30/12/2022 19:20,30/12/2022 16:20,-68.069368,-67.570738
7109,KB_23_42962_38,Male,Killingbeck,2023,30/12/2022,19:22:05,30/12/2022 19:22,30/12/2022 16:22,-68.069395,-67.570693
7110,KB_23_42962_38,Male,Killingbeck,2023,30/12/2022,19:24:09,30/12/2022 19:24,30/12/2022 16:24,-68.069359,-67.570639
7111,KB_23_42962_38,Male,Killingbeck,2023,30/12/2022,19:26:01,30/12/2022 19:26,30/12/2022 16:26,-68.069342,-67.570644
7112,KB_23_42962_38,Male,Killingbeck,2023,30/12/2022,19:28:01,30/12/2022 19:28,30/12/2022 16:28,-68.069315,-67.570659
7113,KB_23_42962_38,Male,Killingbeck,2023,30/12/2022,19:30:00,30/12/2022 19:30,30/12/2022 16:30,-68.069566,-67.570725
7114,KB_23_42962_38,Male,Killingbeck,2023,30/12/2022,19:31:58,30/12/2022 19:31,30/12/2022 16:31,-68.06937,-67.570756
7115,KB_23_42962_38,Male,Killingbeck,2023,30/12/2022,19:33:59,30/12/2022 19:33,30/12/2022 16:33,-68.069427,-67.570765
7116,KB_23_42962_38,Male,Killingbeck,2023,30/12/2022,19:35:56,30/12/2022 19:35,30/12/2022 16:35,-68.069388,-67.570677
7117,KB_23_42962_38,Male,Killingbeck,2023,30/12/2022,19:37:54,30/12/2022 19:37,30/12/2022 16:37,-68.069306,-67.570757
7118,KB_23_42962_38,Male,Killingbeck,2023,30/12/2022,19:40:01,30/12/2022 19:40,30/12/2022 16:40,-68.069489,-67.570764
7119,KB_23_42962_38,Male,Killingbeck,2023,30/12/2022,19:41:55,30/12/2022 19:41,30/12/2022 16:41,-68.064038,-67.571121
7120,KB_23_42962_38,Male,Killingbeck,2023,30/12/2022,19:43:54,30/12/2022 19:43,30/12/2022 16:43,-68.061689,-67.572086
7121,KB_23_42962_38,Male,Killingbeck,2023,30/12/2022,19:47:46,30/12/2022 19:47,30/12/2022 16:47,-68.060761,-67.572487
7122,KB_23_42962_38,Male,Killingbeck,2023,30/12/2022,19:49:45,30/12/2022 19:49,30/12/2022 16:49,-68.060825,-67.572418
7123,KB_23_42962_38,Male,Killingbeck,2023,30/12/2022,19:51:44,30/12/2022 19:51,30/12/2022 16:51,-68.06101,-67.572457
7124,KB_23_42962_38,Male,Killingbeck,2023,30/12/2022,19:53:43,30/12/2022 19:53,30/12/2022 16:53,-68.061665,-67.572536
7125,KB_23_42962_38,Male,Killingbeck,2023,30/12/2022,19:58:49,30/12/2022 19:58,30/12/2022 16:58,-68.06076,-67.571857
7126,KB_23_42962_38,Male,Killingbeck,2023,30/12/2022,20:00:46,30/12/2022 20:00,30/12/2022 17:00,-68.060747,-67.571993
7127,KB_23_42962_38,Male,Killingbeck,2023,30/12/2022,20:02:45,30/12/2022 20:02,30/12/2022 17:02,-68.061175,-67.572109
7128,KB_23_42962_38,Male,Killingbeck,2023,30/12/2022,20:04:44,30/12/2022 20:04,30/12/2022 17:04,-68.061555,-67.572366
7129,KB_23_42962_38,Male,Killingbeck,2023,30/12/2022,20:06:43,30/12/2022 20:06,30/12/2022 17:06,-68.062302,-67.572575
7130,KB_23_42962_38,Male,Killingbeck,2023,30/12/2022,20:11:25,30/12/2022 20:11,30/12/2022 17:11,-68.061105,-67.5726
7131,KB_23_42962_38,Male,Killingbeck,2023,30/12/2022,20:13:17,30/12/2022 20:13,30/12/2022 17:13,-68.061479,-67.572595
7132,KB_23_42962_38,Male,Killingbeck,2023,30/12/2022,20:15:17,30/12/2022 20:15,30/12/2022 17:15,-68.061698,-67.572593
7133,KB_23_42962_38,Male,Killingbeck,2023,30/12/2022,20:17:18,30/12/2022 20:17,30/12/2022 17:17,-68.068851,-67.570141
7134,KB_23_42962_38,Male,Killingbeck,2023,30/12/2022,20:19:16,30/12/2022 20:19,30/12/2022 17:19,-68.068528,-67.570528
7135,KB_23_42962_38,Male,Killingbeck,2023,30/12/2022,20:21:14,30/12/2022 20:21,30/12/2022 17:21,-68.068496,-67.570636
7136,KB_23_42962_38,Male,Killingbeck,2023,30/12/2022,20:23:13,30/12/2022 20:23,30/12/2022 17:23,-68.053862,-67.571713
7137,KB_23_42962_38,Male,Killingbeck,2023,30/12/2022,20:25:12,30/12/2022 20:25,30/12/2022 17:25,-68.055496,-67.571911
7138,KB_23_42962_38,Male,Killingbeck,2023,30/12/2022,20:29:31,30/12/2022 20:29,30/12/2022 17:29,-68.056016,-67.571562
7139,KB_23_42962_38,Male,Killingbeck,2023,30/12/2022,20:31:28,30/12/2022 20:31,30/12/2022 17:31,-68.056062,-67.571569
7140,KB_23_42962_38,Male,Killingbeck,2023,30/12/2022,20:33:27,30/12/2022 20:33,30/12/2022 17:33,0,0
7141,KB_23_42962_38,Male,Killingbeck,2023,30/12/2022,20:35:26,30/12/2022 20:35,30/12/2022 17:35,0,0
7142,KB_23_42962_38,Male,Killingbeck,2023,30/12/2022,20:41:22,30/12/2022 20:41,30/12/2022 17:41,0,0
7143,KB_23_42962_38,Male,Killingbeck,2023,30/12/2022,20:43:21,30/12/2022 20:43,30/12/2022 17:43,0,0
7144,KB_23_42962_38,Male,Killingbeck,2023,30/12/2022,20:45:19,30/12/2022 20:45,30/12/2022 17:45,0,0
7145,KB_23_42962_38,Male,Killingbeck,2023,30/12/2022,20:47:18,30/12/2022 20:47,30/12/2022 17:47,0,0
7146,KB_23_42962_38,Male,Killingbeck,2023,30/12/2022,20:49:17,30/12/2022 20:49,30/12/2022 17:49,0,0
7147,KB_23_42962_38,Male,Killingbeck,2023,30/12/2022,20:51:16,30/12/2022 20:51,30/12/2022 17:51,0,0
7148,KB_23_42962_38,Male,Killingbeck,2023,30/12/2022,20:56:02,30/12/2022 20:56,30/12/2022 17:56,0,0
7149,KB_23_42962_38,Male,Killingbeck,2023,30/12/2022,20:58:00,30/12/2022 20:58,30/12/2022 17:58,0,0
7150,KB_23_42962_38,Male,Killingbeck,2023,30/12/2022,21:00:00,30/12/2022 21:00,30/12/2022 18:00,0,0
7151,KB_23_42962_38,Male,Killingbeck,2023,30/12/2022,21:01:58,30/12/2022 21:01,30/12/2022 18:01,0,0
7152,KB_23_42962_38,Male,Killingbeck,2023,30/12/2022,21:03:57,30/12/2022 21:03,30/12/2022 18:03,0,0
7153,KB_23_42962_38,Male,Killingbeck,2023,30/12/2022,21:05:57,30/12/2022 21:05,30/12/2022 18:05,0,0
7154,KB_23_42962_38,Male,Killingbeck,2023,30/12/2022,21:11:38,30/12/2022 21:11,30/12/2022 18:11,0,0
7155,KB_23_42962_38,Male,Killingbeck,2023,30/12/2022,21:13:38,30/12/2022 21:13,30/12/2022 18:13,0,0
7156,KB_23_42962_38,Male,Killingbeck,2023,30/12/2022,21:15:36,30/12/2022 21:15,30/12/2022 18:15,0,0
7157,KB_23_42962_38,Male,Killingbeck,2023,30/12/2022,21:17:35,30/12/2022 21:17,30/12/2022 18:17,0,0
7158,KB_23_42962_38,Male,Killingbeck,2023,30/12/2022,21:19:34,30/12/2022 21:19,30/12/2022 18:19,0,0
7159,KB_23_42962_38,Male,Killingbeck,2023,30/12/2022,21:21:33,30/12/2022 21:21,30/12/2022 18:21,0,0
7160,KB_23_42962_38,Male,Killingbeck,2023,30/12/2022,21:23:32,30/12/2022 21:23,30/12/2022 18:23,0,0
7161,KB_23_42962_38,Male,Killingbeck,2023,30/12/2022,21:25:31,30/12/2022 21:25,30/12/2022 18:25,0,0
7162,KB_23_42962_38,Male,Killingbeck,2023,30/12/2022,21:27:32,30/12/2022 21:27,30/12/2022 18:27,0,0
7163,KB_23_42962_38,Male,Killingbeck,2023,30/12/2022,21:29:30,30/12/2022 21:29,30/12/2022 18:29,0,0
7164,KB_23_42962_38,Male,Killingbeck,2023,30/12/2022,21:31:29,30/12/2022 21:31,30/12/2022 18:31,0,0
7165,KB_23_42962_38,Male,Killingbeck,2023,30/12/2022,21:33:28,30/12/2022 21:33,30/12/2022 18:33,0,0
7166,KB_23_42962_38,Male,Killingbeck,2023,30/12/2022,21:35:27,30/12/2022 21:35,30/12/2022 18:35,0,0
7167,KB_23_42962_38,Male,Killingbeck,2023,30/12/2022,21:37:26,30/12/2022 21:37,30/12/2022 18:37,0,0
7168,KB_23_42962_38,Male,Killingbeck,2023,30/12/2022,21:39:26,30/12/2022 21:39,30/12/2022 18:39,0,0
7169,KB_23_42962_38,Male,Killingbeck,2023,30/12/2022,21:41:24,30/12/2022 21:41,30/12/2022 18:41,0,0
7170,KB_23_42962_38,Male,Killingbeck,2023,30/12/2022,21:43:22,30/12/2022 21:43,30/12/2022 18:43,0,0
7171,KB_23_42962_38,Male,Killingbeck,2023,30/12/2022,21:45:16,30/12/2022 21:45,30/12/2022 18:45,0,0
7172,KB_23_42962_38,Male,Killingbeck,2023,30/12/2022,21:47:15,30/12/2022 21:47,30/12/2022 18:47,0,0
7173,KB_23_42962_38,Male,Killingbeck,2023,30/12/2022,21:49:14,30/12/2022 21:49,30/12/2022 18:49,0,0
7174,KB_23_42962_38,Male,Killingbeck,2023,30/12/2022,21:51:13,30/12/2022 21:51,30/12/2022 18:51,0,0
7175,KB_23_42962_38,Male,Killingbeck,2023,30/12/2022,21:53:12,30/12/2022 21:53,30/12/2022 18:53,0,0
7176,KB_23_42962_38,Male,Killingbeck,2023,30/12/2022,21:55:12,30/12/2022 21:55,30/12/2022 18:55,0,0
7177,KB_23_42962_38,Male,Killingbeck,2023,30/12/2022,21:57:11,30/12/2022 21:57,30/12/2022 18:57,0,0
7178,KB_23_42962_38,Male,Killingbeck,2023,30/12/2022,21:59:12,30/12/2022 21:59,30/12/2022 18:59,0,0
7179,KB_23_42962_38,Male,Killingbeck,2023,30/12/2022,22:01:10,30/12/2022 22:01,30/12/2022 19:01,0,0
7180,KB_23_42962_38,Male,Killingbeck,2023,30/12/2022,22:03:09,30/12/2022 22:03,30/12/2022 19:03,0,0
7181,KB_23_42962_38,Male,Killingbeck,2023,30/12/2022,22:05:09,30/12/2022 22:05,30/12/2022 19:05,0,0
7182,KB_23_42962_38,Male,Killingbeck,2023,30/12/2022,22:07:07,30/12/2022 22:07,30/12/2022 19:07,0,0
7183,KB_23_42962_38,Male,Killingbeck,2023,30/12/2022,22:09:08,30/12/2022 22:09,30/12/2022 19:09,0,0
7184,KB_23_42962_38,Male,Killingbeck,2023,30/12/2022,22:11:07,30/12/2022 22:11,30/12/2022 19:11,0,0
7185,KB_23_42962_38,Male,Killingbeck,2023,30/12/2022,22:13:08,30/12/2022 22:13,30/12/2022 19:13,0,0
7186,KB_23_42962_38,Male,Killingbeck,2023,30/12/2022,22:14:52,30/12/2022 22:14,30/12/2022 19:14,0,0
7187,KB_23_42962_38,Male,Killingbeck,2023,30/12/2022,22:16:51,30/12/2022 22:16,30/12/2022 19:16,0,0
7188,KB_23_42962_38,Male,Killingbeck,2023,30/12/2022,22:18:48,30/12/2022 22:18,30/12/2022 19:18,0,0
7189,KB_23_42962_38,Male,Killingbeck,2023,30/12/2022,22:20:50,30/12/2022 22:20,30/12/2022 19:20,0,0
7190,KB_23_42962_38,Male,Killingbeck,2023,30/12/2022,22:22:48,30/12/2022 22:22,30/12/2022 19:22,0,0
7191,KB_23_42962_38,Male,Killingbeck,2023,30/12/2022,22:24:46,30/12/2022 22:24,30/12/2022 19:24,0,0
7192,KB_23_42962_38,Male,Killingbeck,2023,30/12/2022,22:26:45,30/12/2022 22:26,30/12/2022 19:26,0,0
7193,KB_23_42962_38,Male,Killingbeck,2023,30/12/2022,22:28:44,30/12/2022 22:28,30/12/2022 19:28,0,0
7194,KB_23_42962_38,Male,Killingbeck,2023,30/12/2022,22:30:43,30/12/2022 22:30,30/12/2022 19:30,0,0
7195,KB_23_42962_38,Male,Killingbeck,2023,30/12/2022,22:32:42,30/12/2022 22:32,30/12/2022 19:32,0,0
7196,KB_23_42962_38,Male,Killingbeck,2023,30/12/2022,22:34:40,30/12/2022 22:34,30/12/2022 19:34,0,0
7197,KB_23_42962_38,Male,Killingbeck,2023,30/12/2022,22:36:39,30/12/2022 22:36,30/12/2022 19:36,0,0
7198,KB_23_42962_38,Male,Killingbeck,2023,30/12/2022,22:38:38,30/12/2022 22:38,30/12/2022 19:38,0,0
7199,KB_23_42962_38,Male,Killingbeck,2023,30/12/2022,22:40:39,30/12/2022 22:40,30/12/2022 19:40,0,0
7200,KB_23_42962_38,Male,Killingbeck,2023,30/12/2022,22:42:38,30/12/2022 22:42,30/12/2022 19:42,0,0
7201,KB_23_42962_38,Male,Killingbeck,2023,30/12/2022,22:44:23,30/12/2022 22:44,30/12/2022 19:44,0,0
7202,KB_23_42962_38,Male,Killingbeck,2023,30/12/2022,22:46:25,30/12/2022 22:46,30/12/2022 19:46,0,0
7203,KB_23_42962_38,Male,Killingbeck,2023,30/12/2022,22:48:22,30/12/2022 22:48,30/12/2022 19:48,0,0
7204,KB_23_42962_38,Male,Killingbeck,2023,30/12/2022,22:50:23,30/12/2022 22:50,30/12/2022 19:50,0,0
7205,KB_23_42962_38,Male,Killingbeck,2023,30/12/2022,22:52:20,30/12/2022 22:52,30/12/2022 19:52,0,0
7206,KB_23_42962_38,Male,Killingbeck,2023,30/12/2022,22:54:23,30/12/2022 22:54,30/12/2022 19:54,0,0
7207,KB_23_42962_38,Male,Killingbeck,2023,30/12/2022,22:56:20,30/12/2022 22:56,30/12/2022 19:56,0,0
7208,KB_23_42962_38,Male,Killingbeck,2023,30/12/2022,22:58:19,30/12/2022 22:58,30/12/2022 19:58,0,0
7209,KB_23_42962_38,Male,Killingbeck,2023,30/12/2022,23:00:18,30/12/2022 23:00,30/12/2022 20:00,0,0
7210,KB_23_42962_38,Male,Killingbeck,2023,30/12/2022,23:02:15,30/12/2022 23:02,30/12/2022 20:02,0,0
7211,KB_23_42962_38,Male,Killingbeck,2023,30/12/2022,23:04:22,30/12/2022 23:04,30/12/2022 20:04,0,0
7212,KB_23_42962_38,Male,Killingbeck,2023,30/12/2022,23:06:18,30/12/2022 23:06,30/12/2022 20:06,0,0
7213,KB_23_42962_38,Male,Killingbeck,2023,30/12/2022,23:08:12,30/12/2022 23:08,30/12/2022 20:08,0,0
7214,KB_23_42962_38,Male,Killingbeck,2023,30/12/2022,23:10:14,30/12/2022 23:10,30/12/2022 20:10,0,0
7215,KB_23_42962_38,Male,Killingbeck,2023,30/12/2022,23:12:13,30/12/2022 23:12,30/12/2022 20:12,0,0
7216,KB_23_42962_38,Male,Killingbeck,2023,30/12/2022,23:14:00,30/12/2022 23:14,30/12/2022 20:14,0,0
7217,KB_23_42962_38,Male,Killingbeck,2023,30/12/2022,23:15:59,30/12/2022 23:15,30/12/2022 20:15,0,0
7218,KB_23_42962_38,Male,Killingbeck,2023,30/12/2022,23:18:06,30/12/2022 23:18,30/12/2022 20:18,0,0
7219,KB_23_42962_38,Male,Killingbeck,2023,30/12/2022,23:20:03,30/12/2022 23:20,30/12/2022 20:20,0,0
7220,KB_23_42962_38,Male,Killingbeck,2023,30/12/2022,23:21:57,30/12/2022 23:21,30/12/2022 20:21,0,0
7221,KB_23_42962_38,Male,Killingbeck,2023,30/12/2022,23:24:04,30/12/2022 23:24,30/12/2022 20:24,0,0
7222,KB_23_42962_38,Male,Killingbeck,2023,30/12/2022,23:25:56,30/12/2022 23:25,30/12/2022 20:25,0,0
7223,KB_23_42962_38,Male,Killingbeck,2023,30/12/2022,23:27:55,30/12/2022 23:27,30/12/2022 20:27,0,0
7224,KB_23_42962_38,Male,Killingbeck,2023,30/12/2022,23:29:56,30/12/2022 23:29,30/12/2022 20:29,0,0
7225,KB_23_42962_38,Male,Killingbeck,2023,30/12/2022,23:31:57,30/12/2022 23:31,30/12/2022 20:31,0,0
7226,KB_23_42962_38,Male,Killingbeck,2023,30/12/2022,23:33:51,30/12/2022 23:33,30/12/2022 20:33,0,0
7227,KB_23_42962_38,Male,Killingbeck,2023,30/12/2022,23:35:52,30/12/2022 23:35,30/12/2022 20:35,0,0
7228,KB_23_42962_38,Male,Killingbeck,2023,30/12/2022,23:37:55,30/12/2022 23:37,30/12/2022 20:37,0,0
7229,KB_23_42962_38,Male,Killingbeck,2023,30/12/2022,23:39:48,30/12/2022 23:39,30/12/2022 20:39,0,0
7230,KB_23_42962_38,Male,Killingbeck,2023,30/12/2022,23:41:50,30/12/2022 23:41,30/12/2022 20:41,0,0
7231,KB_23_42962_38,Male,Killingbeck,2023,30/12/2022,23:43:39,30/12/2022 23:43,30/12/2022 20:43,0,0
7232,KB_23_42962_38,Male,Killingbeck,2023,30/12/2022,23:45:38,30/12/2022 23:45,30/12/2022 20:45,0,0
7233,KB_23_42962_38,Male,Killingbeck,2023,30/12/2022,23:47:36,30/12/2022 23:47,30/12/2022 20:47,0,0
7234,KB_23_42962_38,Male,Killingbeck,2023,30/12/2022,23:49:36,30/12/2022 23:49,30/12/2022 20:49,0,0
7235,KB_23_42962_38,Male,Killingbeck,2023,30/12/2022,23:51:35,30/12/2022 23:51,30/12/2022 20:51,0,0
7236,KB_23_42962_38,Male,Killingbeck,2023,30/12/2022,23:53:33,30/12/2022 23:53,30/12/2022 20:53,0,0
7237,KB_23_42962_38,Male,Killingbeck,2023,30/12/2022,23:55:32,30/12/2022 23:55,30/12/2022 20:55,0,0
7238,KB_23_42962_38,Male,Killingbeck,2023,30/12/2022,23:57:31,30/12/2022 23:57,30/12/2022 20:57,0,0
7239,KB_23_42962_38,Male,Killingbeck,2023,30/12/2022,23:59:31,30/12/2022 23:59,30/12/2022 20:59,0,0
7240,KB_23_42962_38,Male,Killingbeck,2023,31/12/2022,00:01:29,31/12/2022 00:01,30/12/2022 21:01,0,0
7241,KB_23_42962_38,Male,Killingbeck,2023,31/12/2022,00:03:29,31/12/2022 00:03,30/12/2022 21:03,0,0
7242,KB_23_42962_38,Male,Killingbeck,2023,31/12/2022,00:05:29,31/12/2022 00:05,30/12/2022 21:05,0,0
7243,KB_23_42962_38,Male,Killingbeck,2023,31/12/2022,00:07:27,31/12/2022 00:07,30/12/2022 21:07,0,0
7244,KB_23_42962_38,Male,Killingbeck,2023,31/12/2022,00:09:27,31/12/2022 00:09,30/12/2022 21:09,0,0
7245,KB_23_42962_38,Male,Killingbeck,2023,31/12/2022,00:11:25,31/12/2022 00:11,30/12/2022 21:11,0,0
7246,KB_23_42962_38,Male,Killingbeck,2023,31/12/2022,00:13:14,31/12/2022 00:13,30/12/2022 21:13,0,0
7247,KB_23_42962_38,Male,Killingbeck,2023,31/12/2022,00:15:13,31/12/2022 00:15,30/12/2022 21:15,0,0
7248,KB_23_42962_38,Male,Killingbeck,2023,31/12/2022,00:17:12,31/12/2022 00:17,30/12/2022 21:17,0,0
7249,KB_23_42962_38,Male,Killingbeck,2023,31/12/2022,00:19:13,31/12/2022 00:19,30/12/2022 21:19,0,0
7250,KB_23_42962_38,Male,Killingbeck,2023,31/12/2022,00:21:12,31/12/2022 00:21,30/12/2022 21:21,0,0
7251,KB_23_42962_38,Male,Killingbeck,2023,31/12/2022,00:23:09,31/12/2022 00:23,30/12/2022 21:23,0,0
7252,KB_23_42962_38,Male,Killingbeck,2023,31/12/2022,00:25:07,31/12/2022 00:25,30/12/2022 21:25,0,0
7253,KB_23_42962_38,Male,Killingbeck,2023,31/12/2022,00:27:06,31/12/2022 00:27,30/12/2022 21:27,0,0
7254,KB_23_42962_38,Male,Killingbeck,2023,31/12/2022,00:29:05,31/12/2022 00:29,30/12/2022 21:29,0,0
7255,KB_23_42962_38,Male,Killingbeck,2023,31/12/2022,00:31:04,31/12/2022 00:31,30/12/2022 21:31,0,0
7256,KB_23_42962_38,Male,Killingbeck,2023,31/12/2022,00:33:03,31/12/2022 00:33,30/12/2022 21:33,0,0
7257,KB_23_42962_38,Male,Killingbeck,2023,31/12/2022,00:35:03,31/12/2022 00:35,30/12/2022 21:35,0,0
7258,KB_23_42962_38,Male,Killingbeck,2023,31/12/2022,00:37:02,31/12/2022 00:37,30/12/2022 21:37,0,0
7259,KB_23_42962_38,Male,Killingbeck,2023,31/12/2022,00:39:02,31/12/2022 00:39,30/12/2022 21:39,0,0
7260,KB_23_42962_38,Male,Killingbeck,2023,31/12/2022,00:41:00,31/12/2022 00:41,30/12/2022 21:41,0,0
7261,KB_23_42962_38,Male,Killingbeck,2023,31/12/2022,00:42:54,31/12/2022 00:42,30/12/2022 21:42,0,0
7262,KB_23_42962_38,Male,Killingbeck,2023,31/12/2022,00:44:48,31/12/2022 00:44,30/12/2022 21:44,0,0
7263,KB_23_42962_38,Male,Killingbeck,2023,31/12/2022,00:46:48,31/12/2022 00:46,30/12/2022 21:46,0,0
7264,KB_23_42962_38,Male,Killingbeck,2023,31/12/2022,00:48:49,31/12/2022 00:48,30/12/2022 21:48,0,0
7265,KB_23_42962_38,Male,Killingbeck,2023,31/12/2022,00:50:46,31/12/2022 00:50,30/12/2022 21:50,0,0
7266,KB_23_42962_38,Male,Killingbeck,2023,31/12/2022,00:52:44,31/12/2022 00:52,30/12/2022 21:52,0,0
7267,KB_23_42962_38,Male,Killingbeck,2023,31/12/2022,00:54:43,31/12/2022 00:54,30/12/2022 21:54,0,0
7268,KB_23_42962_38,Male,Killingbeck,2023,31/12/2022,00:56:45,31/12/2022 00:56,30/12/2022 21:56,0,0
7269,KB_23_42962_38,Male,Killingbeck,2023,31/12/2022,00:58:41,31/12/2022 00:58,30/12/2022 21:58,0,0
7270,KB_23_42962_38,Male,Killingbeck,2023,31/12/2022,01:00:40,31/12/2022 01:00,30/12/2022 22:00,0,0
7271,KB_23_42962_38,Male,Killingbeck,2023,31/12/2022,01:02:39,31/12/2022 01:02,30/12/2022 22:02,0,0
7272,KB_23_42962_38,Male,Killingbeck,2023,31/12/2022,01:04:41,31/12/2022 01:04,30/12/2022 22:04,0,0
7273,KB_23_42962_38,Male,Killingbeck,2023,31/12/2022,01:06:39,31/12/2022 01:06,30/12/2022 22:06,0,0
7274,KB_23_42962_38,Male,Killingbeck,2023,31/12/2022,01:08:37,31/12/2022 01:08,30/12/2022 22:08,0,0
7275,KB_23_42962_38,Male,Killingbeck,2023,31/12/2022,01:10:36,31/12/2022 01:10,30/12/2022 22:10,0,0
7276,KB_23_42962_38,Male,Killingbeck,2023,31/12/2022,01:12:36,31/12/2022 01:12,30/12/2022 22:12,0,0
7277,KB_23_42962_38,Male,Killingbeck,2023,31/12/2022,01:14:35,31/12/2022 01:14,30/12/2022 22:14,0,0
7278,KB_23_42962_38,Male,Killingbeck,2023,31/12/2022,01:16:34,31/12/2022 01:16,30/12/2022 22:16,0,0
7279,KB_23_42962_38,Male,Killingbeck,2023,31/12/2022,01:18:33,31/12/2022 01:18,30/12/2022 22:18,0,0
7280,KB_23_42962_38,Male,Killingbeck,2023,31/12/2022,01:20:32,31/12/2022 01:20,30/12/2022 22:20,0,0
7281,KB_23_42962_38,Male,Killingbeck,2023,31/12/2022,01:22:31,31/12/2022 01:22,30/12/2022 22:22,0,0
7282,KB_23_42962_38,Male,Killingbeck,2023,31/12/2022,01:24:30,31/12/2022 01:24,30/12/2022 22:24,0,0
7283,KB_23_42962_38,Male,Killingbeck,2023,31/12/2022,01:26:30,31/12/2022 01:26,30/12/2022 22:26,0,0
7284,KB_23_42962_38,Male,Killingbeck,2023,31/12/2022,01:28:28,31/12/2022 01:28,30/12/2022 22:28,0,0
7285,KB_23_42962_38,Male,Killingbeck,2023,31/12/2022,01:30:30,31/12/2022 01:30,30/12/2022 22:30,0,0
7286,KB_23_42962_38,Male,Killingbeck,2023,31/12/2022,01:32:27,31/12/2022 01:32,30/12/2022 22:32,0,0
7287,KB_23_42962_38,Male,Killingbeck,2023,31/12/2022,01:34:26,31/12/2022 01:34,30/12/2022 22:34,0,0
7288,KB_23_42962_38,Male,Killingbeck,2023,31/12/2022,01:36:26,31/12/2022 01:36,30/12/2022 22:36,0,0
7289,KB_23_42962_38,Male,Killingbeck,2023,31/12/2022,01:38:24,31/12/2022 01:38,30/12/2022 22:38,0,0
7290,KB_23_42962_38,Male,Killingbeck,2023,31/12/2022,01:40:23,31/12/2022 01:40,30/12/2022 22:40,0,0
7291,KB_23_42962_38,Male,Killingbeck,2023,31/12/2022,01:42:23,31/12/2022 01:42,30/12/2022 22:42,0,0
7292,KB_23_42962_38,Male,Killingbeck,2023,31/12/2022,01:44:23,31/12/2022 01:44,30/12/2022 22:44,0,0
7293,KB_23_42962_38,Male,Killingbeck,2023,31/12/2022,01:46:22,31/12/2022 01:46,30/12/2022 22:46,0,0
7294,KB_23_42962_38,Male,Killingbeck,2023,31/12/2022,01:48:26,31/12/2022 01:48,30/12/2022 22:48,0,0
7295,KB_23_42962_38,Male,Killingbeck,2023,31/12/2022,01:50:26,31/12/2022 01:50,30/12/2022 22:50,0,0
7296,KB_23_42962_38,Male,Killingbeck,2023,31/12/2022,01:52:21,31/12/2022 01:52,30/12/2022 22:52,0,0
7297,KB_23_42962_38,Male,Killingbeck,2023,31/12/2022,01:54:18,31/12/2022 01:54,30/12/2022 22:54,0,0
7298,KB_23_42962_38,Male,Killingbeck,2023,31/12/2022,01:56:16,31/12/2022 01:56,30/12/2022 22:56,0,0
7299,KB_23_42962_38,Male,Killingbeck,2023,31/12/2022,01:58:16,31/12/2022 01:58,30/12/2022 22:58,0,0
7300,KB_23_42962_38,Male,Killingbeck,2023,31/12/2022,02:00:17,31/12/2022 02:00,30/12/2022 23:00,0,0
7301,KB_23_42962_38,Male,Killingbeck,2023,31/12/2022,02:02:14,31/12/2022 02:02,30/12/2022 23:02,0,0
7302,KB_23_42962_38,Male,Killingbeck,2023,31/12/2022,02:04:12,31/12/2022 02:04,30/12/2022 23:04,0,0
7303,KB_23_42962_38,Male,Killingbeck,2023,31/12/2022,02:06:14,31/12/2022 02:06,30/12/2022 23:06,0,0
7304,KB_23_42962_38,Male,Killingbeck,2023,31/12/2022,02:08:12,31/12/2022 02:08,30/12/2022 23:08,0,0
7305,KB_23_42962_38,Male,Killingbeck,2023,31/12/2022,02:10:10,31/12/2022 02:10,30/12/2022 23:10,0,0
7306,KB_23_42962_38,Male,Killingbeck,2023,31/12/2022,02:12:09,31/12/2022 02:12,30/12/2022 23:12,0,0
7307,KB_23_42962_38,Male,Killingbeck,2023,31/12/2022,02:14:09,31/12/2022 02:14,30/12/2022 23:14,0,0
7308,KB_23_42962_38,Male,Killingbeck,2023,31/12/2022,02:16:08,31/12/2022 02:16,30/12/2022 23:16,0,0
7309,KB_23_42962_38,Male,Killingbeck,2023,31/12/2022,02:18:07,31/12/2022 02:18,30/12/2022 23:18,0,0
7310,KB_23_42962_38,Male,Killingbeck,2023,31/12/2022,02:20:05,31/12/2022 02:20,30/12/2022 23:20,0,0
7311,KB_23_42962_38,Male,Killingbeck,2023,31/12/2022,02:22:04,31/12/2022 02:22,30/12/2022 23:22,0,0
7312,KB_23_42962_38,Male,Killingbeck,2023,31/12/2022,02:24:04,31/12/2022 02:24,30/12/2022 23:24,0,0
7313,KB_23_42962_38,Male,Killingbeck,2023,31/12/2022,02:26:05,31/12/2022 02:26,30/12/2022 23:26,0,0
7314,KB_23_42962_38,Male,Killingbeck,2023,31/12/2022,02:28:01,31/12/2022 02:28,30/12/2022 23:28,0,0
7315,KB_23_42962_38,Male,Killingbeck,2023,31/12/2022,02:30:01,31/12/2022 02:30,30/12/2022 23:30,0,0
7316,KB_23_42962_38,Male,Killingbeck,2023,31/12/2022,02:32:00,31/12/2022 02:32,30/12/2022 23:32,0,0
7317,KB_23_42962_38,Male,Killingbeck,2023,31/12/2022,02:33:59,31/12/2022 02:33,30/12/2022 23:33,0,0
7318,KB_23_42962_38,Male,Killingbeck,2023,31/12/2022,02:35:58,31/12/2022 02:35,30/12/2022 23:35,0,0
7319,KB_23_42962_38,Male,Killingbeck,2023,31/12/2022,02:38:00,31/12/2022 02:38,30/12/2022 23:38,0,0
7320,KB_23_42962_38,Male,Killingbeck,2023,31/12/2022,02:39:57,31/12/2022 02:39,30/12/2022 23:39,0,0
7321,KB_23_42962_38,Male,Killingbeck,2023,31/12/2022,02:41:55,31/12/2022 02:41,30/12/2022 23:41,0,0
7322,KB_23_42962_38,Male,Killingbeck,2023,31/12/2022,02:43:55,31/12/2022 02:43,30/12/2022 23:43,0,0
7323,KB_23_42962_38,Male,Killingbeck,2023,31/12/2022,02:45:53,31/12/2022 02:45,30/12/2022 23:45,0,0
7324,KB_23_42962_38,Male,Killingbeck,2023,31/12/2022,02:47:52,31/12/2022 02:47,30/12/2022 23:47,0,0
7325,KB_23_42962_38,Male,Killingbeck,2023,31/12/2022,02:49:52,31/12/2022 02:49,30/12/2022 23:49,0,0
7326,KB_23_42962_38,Male,Killingbeck,2023,31/12/2022,02:51:50,31/12/2022 02:51,30/12/2022 23:51,0,0
7327,KB_23_42962_38,Male,Killingbeck,2023,31/12/2022,02:53:50,31/12/2022 02:53,30/12/2022 23:53,0,0
7328,KB_23_42962_38,Male,Killingbeck,2023,31/12/2022,02:55:48,31/12/2022 02:55,30/12/2022 23:55,0,0
7329,KB_23_42962_38,Male,Killingbeck,2023,31/12/2022,02:57:47,31/12/2022 02:57,30/12/2022 23:57,0,0
7330,KB_23_42962_38,Male,Killingbeck,2023,31/12/2022,02:59:47,31/12/2022 02:59,30/12/2022 23:59,0,0
7331,KB_23_42962_38,Male,Killingbeck,2023,31/12/2022,03:01:45,31/12/2022 03:01,31/12/2022 00:01,0,0
7332,KB_23_42962_38,Male,Killingbeck,2023,31/12/2022,03:03:44,31/12/2022 03:03,31/12/2022 00:03,0,0
7333,KB_23_42962_38,Male,Killingbeck,2023,31/12/2022,03:05:44,31/12/2022 03:05,31/12/2022 00:05,0,0
7334,KB_23_42962_38,Male,Killingbeck,2023,31/12/2022,03:07:43,31/12/2022 03:07,31/12/2022 00:07,0,0
7335,KB_23_42962_38,Male,Killingbeck,2023,31/12/2022,03:09:43,31/12/2022 03:09,31/12/2022 00:09,0,0
7336,KB_23_42962_38,Male,Killingbeck,2023,31/12/2022,03:11:41,31/12/2022 03:11,31/12/2022 00:11,0,0
7337,KB_23_42962_38,Male,Killingbeck,2023,31/12/2022,03:13:40,31/12/2022 03:13,31/12/2022 00:13,0,0
7338,KB_23_42962_38,Male,Killingbeck,2023,31/12/2022,03:15:42,31/12/2022 03:15,31/12/2022 00:15,0,0
7339,KB_23_42962_38,Male,Killingbeck,2023,31/12/2022,03:17:39,31/12/2022 03:17,31/12/2022 00:17,0,0
7340,KB_23_42962_38,Male,Killingbeck,2023,31/12/2022,03:19:38,31/12/2022 03:19,31/12/2022 00:19,0,0
7341,KB_23_42962_38,Male,Killingbeck,2023,31/12/2022,03:21:36,31/12/2022 03:21,31/12/2022 00:21,0,0
7342,KB_23_42962_38,Male,Killingbeck,2023,31/12/2022,03:23:35,31/12/2022 03:23,31/12/2022 00:23,0,0
7343,KB_23_42962_38,Male,Killingbeck,2023,31/12/2022,03:25:35,31/12/2022 03:25,31/12/2022 00:25,0,0
7344,KB_23_42962_38,Male,Killingbeck,2023,31/12/2022,03:27:34,31/12/2022 03:27,31/12/2022 00:27,0,0
7345,KB_23_42962_38,Male,Killingbeck,2023,31/12/2022,03:29:33,31/12/2022 03:29,31/12/2022 00:29,0,0
7346,KB_23_42962_38,Male,Killingbeck,2023,31/12/2022,03:31:32,31/12/2022 03:31,31/12/2022 00:31,0,0
7347,KB_23_42962_38,Male,Killingbeck,2023,31/12/2022,03:33:31,31/12/2022 03:33,31/12/2022 00:33,0,0
7348,KB_23_42962_38,Male,Killingbeck,2023,31/12/2022,03:35:31,31/12/2022 03:35,31/12/2022 00:35,0,0
7349,KB_23_42962_38,Male,Killingbeck,2023,31/12/2022,03:37:30,31/12/2022 03:37,31/12/2022 00:37,0,0
7350,KB_23_42962_38,Male,Killingbeck,2023,31/12/2022,03:39:29,31/12/2022 03:39,31/12/2022 00:39,0,0
7351,KB_23_42962_38,Male,Killingbeck,2023,31/12/2022,03:41:30,31/12/2022 03:41,31/12/2022 00:41,0,0
7352,KB_23_42962_38,Male,Killingbeck,2023,31/12/2022,03:43:27,31/12/2022 03:43,31/12/2022 00:43,0,0
7353,KB_23_42962_38,Male,Killingbeck,2023,31/12/2022,03:45:28,31/12/2022 03:45,31/12/2022 00:45,0,0
7354,KB_23_42962_38,Male,Killingbeck,2023,31/12/2022,03:47:33,31/12/2022 03:47,31/12/2022 00:47,0,0
7355,KB_23_42962_38,Male,Killingbeck,2023,31/12/2022,03:49:24,31/12/2022 03:49,31/12/2022 00:49,0,0
7356,KB_23_42962_38,Male,Killingbeck,2023,31/12/2022,03:51:25,31/12/2022 03:51,31/12/2022 00:51,0,0
7357,KB_23_42962_38,Male,Killingbeck,2023,31/12/2022,03:53:24,31/12/2022 03:53,31/12/2022 00:53,0,0
7358,KB_23_42962_38,Male,Killingbeck,2023,31/12/2022,03:55:21,31/12/2022 03:55,31/12/2022 00:55,0,0
7359,KB_23_42962_38,Male,Killingbeck,2023,31/12/2022,03:57:22,31/12/2022 03:57,31/12/2022 00:57,0,0
7360,KB_23_42962_38,Male,Killingbeck,2023,31/12/2022,03:59:18,31/12/2022 03:59,31/12/2022 00:59,0,0
7361,KB_23_42962_38,Male,Killingbeck,2023,31/12/2022,04:01:17,31/12/2022 04:01,31/12/2022 01:01,0,0
7362,KB_23_42962_38,Male,Killingbeck,2023,31/12/2022,04:03:17,31/12/2022 04:03,31/12/2022 01:03,0,0
7363,KB_23_42962_38,Male,Killingbeck,2023,31/12/2022,04:05:16,31/12/2022 04:05,31/12/2022 01:05,0,0
7364,KB_23_42962_38,Male,Killingbeck,2023,31/12/2022,04:07:18,31/12/2022 04:07,31/12/2022 01:07,0,0
7365,KB_23_42962_38,Male,Killingbeck,2023,31/12/2022,04:09:15,31/12/2022 04:09,31/12/2022 01:09,0,0
7366,KB_23_42962_38,Male,Killingbeck,2023,31/12/2022,04:11:13,31/12/2022 04:11,31/12/2022 01:11,0,0
7367,KB_23_42962_38,Male,Killingbeck,2023,31/12/2022,04:13:13,31/12/2022 04:13,31/12/2022 01:13,0,0
7368,KB_23_42962_38,Male,Killingbeck,2023,31/12/2022,04:15:12,31/12/2022 04:15,31/12/2022 01:15,0,0
7369,KB_23_42962_38,Male,Killingbeck,2023,31/12/2022,04:17:11,31/12/2022 04:17,31/12/2022 01:17,0,0
7370,KB_23_42962_38,Male,Killingbeck,2023,31/12/2022,04:19:10,31/12/2022 04:19,31/12/2022 01:19,0,0
7371,KB_23_42962_38,Male,Killingbeck,2023,31/12/2022,04:21:09,31/12/2022 04:21,31/12/2022 01:21,0,0
7372,KB_23_42962_38,Male,Killingbeck,2023,31/12/2022,04:23:10,31/12/2022 04:23,31/12/2022 01:23,0,0
7373,KB_23_42962_38,Male,Killingbeck,2023,31/12/2022,04:25:15,31/12/2022 04:25,31/12/2022 01:25,0,0
7374,KB_23_42962_38,Male,Killingbeck,2023,31/12/2022,04:27:15,31/12/2022 04:27,31/12/2022 01:27,0,0
7375,KB_23_42962_38,Male,Killingbeck,2023,31/12/2022,04:29:09,31/12/2022 04:29,31/12/2022 01:29,0,0
7376,KB_23_42962_38,Male,Killingbeck,2023,31/12/2022,04:31:15,31/12/2022 04:31,31/12/2022 01:31,0,0
7377,KB_23_42962_38,Male,Killingbeck,2023,31/12/2022,04:33:15,31/12/2022 04:33,31/12/2022 01:33,0,0
7378,KB_23_42962_38,Male,Killingbeck,2023,31/12/2022,04:35:17,31/12/2022 04:35,31/12/2022 01:35,0,0
7379,KB_23_42962_38,Male,Killingbeck,2023,31/12/2022,04:37:06,31/12/2022 04:37,31/12/2022 01:37,0,0
7380,KB_23_42962_38,Male,Killingbeck,2023,31/12/2022,04:39:13,31/12/2022 04:39,31/12/2022 01:39,0,0
7381,KB_23_42962_38,Male,Killingbeck,2023,31/12/2022,04:41:34,31/12/2022 04:41,31/12/2022 01:41,0,0
7382,KB_23_42962_38,Male,Killingbeck,2023,31/12/2022,04:43:33,31/12/2022 04:43,31/12/2022 01:43,0,0
7383,KB_23_42962_38,Male,Killingbeck,2023,31/12/2022,04:45:27,31/12/2022 04:45,31/12/2022 01:45,0,0
7384,KB_23_42962_38,Male,Killingbeck,2023,31/12/2022,04:47:26,31/12/2022 04:47,31/12/2022 01:47,0,0
7385,KB_23_42962_38,Male,Killingbeck,2023,31/12/2022,04:49:34,31/12/2022 04:49,31/12/2022 01:49,0,0
7386,KB_23_42962_38,Male,Killingbeck,2023,31/12/2022,04:51:32,31/12/2022 04:51,31/12/2022 01:51,0,0
7387,KB_23_42962_38,Male,Killingbeck,2023,31/12/2022,04:53:26,31/12/2022 04:53,31/12/2022 01:53,0,0
7388,KB_23_42962_38,Male,Killingbeck,2023,31/12/2022,04:55:22,31/12/2022 04:55,31/12/2022 01:55,0,0
7389,KB_23_42962_38,Male,Killingbeck,2023,31/12/2022,04:57:23,31/12/2022 04:57,31/12/2022 01:57,0,0
7390,KB_23_42962_38,Male,Killingbeck,2023,31/12/2022,04:59:28,31/12/2022 04:59,31/12/2022 01:59,0,0
7391,KB_23_42962_38,Male,Killingbeck,2023,31/12/2022,05:01:23,31/12/2022 05:01,31/12/2022 02:01,0,0
7392,KB_23_42962_38,Male,Killingbeck,2023,31/12/2022,05:03:30,31/12/2022 05:03,31/12/2022 02:03,0,0
7393,KB_23_42962_38,Male,Killingbeck,2023,31/12/2022,05:05:35,31/12/2022 05:05,31/12/2022 02:05,0,0
7394,KB_23_42962_38,Male,Killingbeck,2023,31/12/2022,05:07:26,31/12/2022 05:07,31/12/2022 02:07,0,0
7395,KB_23_42962_38,Male,Killingbeck,2023,31/12/2022,05:09:27,31/12/2022 05:09,31/12/2022 02:09,0,0
7396,KB_23_42962_38,Male,Killingbeck,2023,31/12/2022,05:11:26,31/12/2022 05:11,31/12/2022 02:11,0,0
7397,KB_23_42962_38,Male,Killingbeck,2023,31/12/2022,05:13:34,31/12/2022 05:13,31/12/2022 02:13,0,0
7398,KB_23_42962_38,Male,Killingbeck,2023,31/12/2022,05:15:26,31/12/2022 05:15,31/12/2022 02:15,0,0
7399,KB_23_42962_38,Male,Killingbeck,2023,31/12/2022,05:17:28,31/12/2022 05:17,31/12/2022 02:17,0,0
7400,KB_23_42962_38,Male,Killingbeck,2023,31/12/2022,05:19:33,31/12/2022 05:19,31/12/2022 02:19,0,0
7401,KB_23_42962_38,Male,Killingbeck,2023,31/12/2022,05:21:19,31/12/2022 05:21,31/12/2022 02:21,0,0
7402,KB_23_42962_38,Male,Killingbeck,2023,31/12/2022,05:23:23,31/12/2022 05:23,31/12/2022 02:23,0,0
7403,KB_23_42962_38,Male,Killingbeck,2023,31/12/2022,05:25:25,31/12/2022 05:25,31/12/2022 02:25,0,0
7404,KB_23_42962_38,Male,Killingbeck,2023,31/12/2022,05:27:31,31/12/2022 05:27,31/12/2022 02:27,0,0
7405,KB_23_42962_38,Male,Killingbeck,2023,31/12/2022,05:29:30,31/12/2022 05:29,31/12/2022 02:29,0,0
7406,KB_23_42962_38,Male,Killingbeck,2023,31/12/2022,05:31:28,31/12/2022 05:31,31/12/2022 02:31,0,0
7407,KB_23_42962_38,Male,Killingbeck,2023,31/12/2022,05:33:29,31/12/2022 05:33,31/12/2022 02:33,0,0
7408,KB_23_42962_38,Male,Killingbeck,2023,31/12/2022,05:35:22,31/12/2022 05:35,31/12/2022 02:35,0,0
7409,KB_23_42962_38,Male,Killingbeck,2023,31/12/2022,05:37:25,31/12/2022 05:37,31/12/2022 02:37,0,0
7410,KB_23_42962_38,Male,Killingbeck,2023,31/12/2022,05:39:14,31/12/2022 05:39,31/12/2022 02:39,0,0
7411,KB_23_42962_38,Male,Killingbeck,2023,31/12/2022,05:41:03,31/12/2022 05:41,31/12/2022 02:41,0,0
7412,KB_23_42962_38,Male,Killingbeck,2023,31/12/2022,05:43:04,31/12/2022 05:43,31/12/2022 02:43,0,0
7413,KB_23_42962_38,Male,Killingbeck,2023,31/12/2022,05:45:03,31/12/2022 05:45,31/12/2022 02:45,0,0
7414,KB_23_42962_38,Male,Killingbeck,2023,31/12/2022,05:47:02,31/12/2022 05:47,31/12/2022 02:47,0,0
7415,KB_23_42962_38,Male,Killingbeck,2023,31/12/2022,05:49:00,31/12/2022 05:49,31/12/2022 02:49,0,0
7416,KB_23_42962_38,Male,Killingbeck,2023,31/12/2022,05:50:59,31/12/2022 05:50,31/12/2022 02:50,0,0
7417,KB_23_42962_38,Male,Killingbeck,2023,31/12/2022,05:53:05,31/12/2022 05:53,31/12/2022 02:53,0,0
7418,KB_23_42962_38,Male,Killingbeck,2023,31/12/2022,05:54:59,31/12/2022 05:54,31/12/2022 02:54,0,0
7419,KB_23_42962_38,Male,Killingbeck,2023,31/12/2022,05:57:06,31/12/2022 05:57,31/12/2022 02:57,0,0
7420,KB_23_42962_38,Male,Killingbeck,2023,31/12/2022,05:59:10,31/12/2022 05:59,31/12/2022 02:59,0,0
7421,KB_23_42962_38,Male,Killingbeck,2023,31/12/2022,06:00:56,31/12/2022 06:00,31/12/2022 03:00,0,0
7422,KB_23_42962_38,Male,Killingbeck,2023,31/12/2022,06:02:55,31/12/2022 06:02,31/12/2022 03:02,0,0
7423,KB_23_42962_38,Male,Killingbeck,2023,31/12/2022,06:04:52,31/12/2022 06:04,31/12/2022 03:04,0,0
7424,KB_23_42962_38,Male,Killingbeck,2023,31/12/2022,06:06:50,31/12/2022 06:06,31/12/2022 03:06,0,0
7425,KB_23_42962_38,Male,Killingbeck,2023,31/12/2022,06:08:51,31/12/2022 06:08,31/12/2022 03:08,0,0
7426,KB_23_42962_38,Male,Killingbeck,2023,31/12/2022,06:10:39,31/12/2022 06:10,31/12/2022 03:10,0,0
7427,KB_23_42962_38,Male,Killingbeck,2023,31/12/2022,06:12:38,31/12/2022 06:12,31/12/2022 03:12,0,0
7428,KB_23_42962_38,Male,Killingbeck,2023,31/12/2022,06:14:36,31/12/2022 06:14,31/12/2022 03:14,0,0
7429,KB_23_42962_38,Male,Killingbeck,2023,31/12/2022,06:16:36,31/12/2022 06:16,31/12/2022 03:16,0,0
7430,KB_23_42962_38,Male,Killingbeck,2023,31/12/2022,06:18:34,31/12/2022 06:18,31/12/2022 03:18,0,0
7431,KB_23_42962_38,Male,Killingbeck,2023,31/12/2022,06:20:33,31/12/2022 06:20,31/12/2022 03:20,0,0
7432,KB_23_42962_38,Male,Killingbeck,2023,31/12/2022,06:22:32,31/12/2022 06:22,31/12/2022 03:22,0,0
7433,KB_23_42962_38,Male,Killingbeck,2023,31/12/2022,06:24:31,31/12/2022 06:24,31/12/2022 03:24,0,0
7434,KB_23_42962_38,Male,Killingbeck,2023,31/12/2022,06:26:31,31/12/2022 06:26,31/12/2022 03:26,0,0
7435,KB_23_42962_38,Male,Killingbeck,2023,31/12/2022,06:28:29,31/12/2022 06:28,31/12/2022 03:28,0,0
7436,KB_23_42962_38,Male,Killingbeck,2023,31/12/2022,06:30:28,31/12/2022 06:30,31/12/2022 03:30,0,0
7437,KB_23_42962_38,Male,Killingbeck,2023,31/12/2022,06:32:28,31/12/2022 06:32,31/12/2022 03:32,0,0
7438,KB_23_42962_38,Male,Killingbeck,2023,31/12/2022,06:34:30,31/12/2022 06:34,31/12/2022 03:34,0,0
7439,KB_23_42962_38,Male,Killingbeck,2023,31/12/2022,06:36:28,31/12/2022 06:36,31/12/2022 03:36,0,0
7440,KB_23_42962_38,Male,Killingbeck,2023,31/12/2022,06:38:28,31/12/2022 06:38,31/12/2022 03:38,0,0
7441,KB_23_42962_38,Male,Killingbeck,2023,31/12/2022,06:40:47,31/12/2022 06:40,31/12/2022 03:40,0,0
7442,KB_23_42962_38,Male,Killingbeck,2023,31/12/2022,06:42:46,31/12/2022 06:42,31/12/2022 03:42,0,0
7443,KB_23_42962_38,Male,Killingbeck,2023,31/12/2022,06:45:00,31/12/2022 06:45,31/12/2022 03:45,0,0
7444,KB_23_42962_38,Male,Killingbeck,2023,31/12/2022,06:46:46,31/12/2022 06:46,31/12/2022 03:46,0,0
7445,KB_23_42962_38,Male,Killingbeck,2023,31/12/2022,06:48:45,31/12/2022 06:48,31/12/2022 03:48,0,0
7446,KB_23_42962_38,Male,Killingbeck,2023,31/12/2022,06:50:57,31/12/2022 06:50,31/12/2022 03:50,0,0
7447,KB_23_42962_38,Male,Killingbeck,2023,31/12/2022,06:52:54,31/12/2022 06:52,31/12/2022 03:52,0,0
7448,KB_23_42962_38,Male,Killingbeck,2023,31/12/2022,06:54:40,31/12/2022 06:54,31/12/2022 03:54,0,0
7449,KB_23_42962_38,Male,Killingbeck,2023,31/12/2022,06:56:40,31/12/2022 06:56,31/12/2022 03:56,0,0
7450,KB_23_42962_38,Male,Killingbeck,2023,31/12/2022,06:58:41,31/12/2022 06:58,31/12/2022 03:58,0,0
7451,KB_23_42962_38,Male,Killingbeck,2023,31/12/2022,07:00:38,31/12/2022 07:00,31/12/2022 04:00,0,0
7452,KB_23_42962_38,Male,Killingbeck,2023,31/12/2022,07:02:37,31/12/2022 07:02,31/12/2022 04:02,0,0
7453,KB_23_42962_38,Male,Killingbeck,2023,31/12/2022,07:04:35,31/12/2022 07:04,31/12/2022 04:04,0,0
7454,KB_23_42962_38,Male,Killingbeck,2023,31/12/2022,07:06:35,31/12/2022 07:06,31/12/2022 04:06,0,0
7455,KB_23_42962_38,Male,Killingbeck,2023,31/12/2022,07:08:35,31/12/2022 07:08,31/12/2022 04:08,0,0
7456,KB_23_42962_38,Male,Killingbeck,2023,31/12/2022,07:10:36,31/12/2022 07:10,31/12/2022 04:10,0,0
7457,KB_23_42962_38,Male,Killingbeck,2023,31/12/2022,07:12:33,31/12/2022 07:12,31/12/2022 04:12,0,0
7458,KB_23_42962_38,Male,Killingbeck,2023,31/12/2022,07:14:32,31/12/2022 07:14,31/12/2022 04:14,0,0
7459,KB_23_42962_38,Male,Killingbeck,2023,31/12/2022,07:16:31,31/12/2022 07:16,31/12/2022 04:16,0,0
7460,KB_23_42962_38,Male,Killingbeck,2023,31/12/2022,07:18:30,31/12/2022 07:18,31/12/2022 04:18,0,0
7461,KB_23_42962_38,Male,Killingbeck,2023,31/12/2022,07:20:31,31/12/2022 07:20,31/12/2022 04:20,0,0
7462,KB_23_42962_38,Male,Killingbeck,2023,31/12/2022,07:22:27,31/12/2022 07:22,31/12/2022 04:22,0,0
7463,KB_23_42962_38,Male,Killingbeck,2023,31/12/2022,07:24:29,31/12/2022 07:24,31/12/2022 04:24,0,0
7464,KB_23_42962_38,Male,Killingbeck,2023,31/12/2022,07:26:28,31/12/2022 07:26,31/12/2022 04:26,0,0
7465,KB_23_42962_38,Male,Killingbeck,2023,31/12/2022,07:28:27,31/12/2022 07:28,31/12/2022 04:28,0,0
7466,KB_23_42962_38,Male,Killingbeck,2023,31/12/2022,07:30:26,31/12/2022 07:30,31/12/2022 04:30,0,0
7467,KB_23_42962_38,Male,Killingbeck,2023,31/12/2022,07:32:34,31/12/2022 07:32,31/12/2022 04:32,0,0
7468,KB_23_42962_38,Male,Killingbeck,2023,31/12/2022,07:34:25,31/12/2022 07:34,31/12/2022 04:34,0,0
7469,KB_23_42962_38,Male,Killingbeck,2023,31/12/2022,07:36:37,31/12/2022 07:36,31/12/2022 04:36,0,0
7470,KB_23_42962_38,Male,Killingbeck,2023,31/12/2022,07:38:36,31/12/2022 07:38,31/12/2022 04:38,0,0
7471,KB_23_42962_38,Male,Killingbeck,2023,31/12/2022,07:40:11,31/12/2022 07:40,31/12/2022 04:40,0,0
7472,KB_23_42962_38,Male,Killingbeck,2023,31/12/2022,07:42:10,31/12/2022 07:42,31/12/2022 04:42,0,0
7473,KB_23_42962_38,Male,Killingbeck,2023,31/12/2022,07:44:07,31/12/2022 07:44,31/12/2022 04:44,0,0
7474,KB_23_42962_38,Male,Killingbeck,2023,31/12/2022,07:46:08,31/12/2022 07:46,31/12/2022 04:46,0,0
7475,KB_23_42962_38,Male,Killingbeck,2023,31/12/2022,07:48:04,31/12/2022 07:48,31/12/2022 04:48,0,0
7476,KB_23_42962_38,Male,Killingbeck,2023,31/12/2022,07:50:04,31/12/2022 07:50,31/12/2022 04:50,0,0
7477,KB_23_42962_38,Male,Killingbeck,2023,31/12/2022,07:52:03,31/12/2022 07:52,31/12/2022 04:52,0,0
7478,KB_23_42962_38,Male,Killingbeck,2023,31/12/2022,07:54:04,31/12/2022 07:54,31/12/2022 04:54,0,0
7479,KB_23_42962_38,Male,Killingbeck,2023,31/12/2022,07:56:02,31/12/2022 07:56,31/12/2022 04:56,0,0
7480,KB_23_42962_38,Male,Killingbeck,2023,31/12/2022,07:58:00,31/12/2022 07:58,31/12/2022 04:58,0,0
7481,KB_23_42962_38,Male,Killingbeck,2023,31/12/2022,07:59:58,31/12/2022 07:59,31/12/2022 04:59,0,0
7482,KB_23_42962_38,Male,Killingbeck,2023,31/12/2022,08:02:06,31/12/2022 08:02,31/12/2022 05:02,0,0
7483,KB_23_42962_38,Male,Killingbeck,2023,31/12/2022,08:04:06,31/12/2022 08:04,31/12/2022 05:04,0,0
7484,KB_23_42962_38,Male,Killingbeck,2023,31/12/2022,08:06:00,31/12/2022 08:06,31/12/2022 05:06,0,0
7485,KB_23_42962_38,Male,Killingbeck,2023,31/12/2022,08:08:05,31/12/2022 08:08,31/12/2022 05:08,0,0
7486,KB_23_42962_38,Male,Killingbeck,2023,31/12/2022,08:09:57,31/12/2022 08:09,31/12/2022 05:09,0,0
7487,KB_23_42962_38,Male,Killingbeck,2023,31/12/2022,08:11:54,31/12/2022 08:11,31/12/2022 05:11,0,0
7488,KB_23_42962_38,Male,Killingbeck,2023,31/12/2022,08:13:54,31/12/2022 08:13,31/12/2022 05:13,0,0
7489,KB_23_42962_38,Male,Killingbeck,2023,31/12/2022,08:15:48,31/12/2022 08:15,31/12/2022 05:15,0,0
7490,KB_23_42962_38,Male,Killingbeck,2023,31/12/2022,08:17:45,31/12/2022 08:17,31/12/2022 05:17,0,0
7491,KB_23_42962_38,Male,Killingbeck,2023,31/12/2022,08:19:46,31/12/2022 08:19,31/12/2022 05:19,0,0
7492,KB_23_42962_38,Male,Killingbeck,2023,31/12/2022,08:21:44,31/12/2022 08:21,31/12/2022 05:21,0,0
7493,KB_23_42962_38,Male,Killingbeck,2023,31/12/2022,08:23:44,31/12/2022 08:23,31/12/2022 05:23,0,0
7494,KB_23_42962_38,Male,Killingbeck,2023,31/12/2022,08:25:42,31/12/2022 08:25,31/12/2022 05:25,0,0
7495,KB_23_42962_38,Male,Killingbeck,2023,31/12/2022,08:27:41,31/12/2022 08:27,31/12/2022 05:27,0,0
7496,KB_23_42962_38,Male,Killingbeck,2023,31/12/2022,08:29:46,31/12/2022 08:29,31/12/2022 05:29,0,0
7497,KB_23_42962_38,Male,Killingbeck,2023,31/12/2022,08:31:45,31/12/2022 08:31,31/12/2022 05:31,0,0
7498,KB_23_42962_38,Male,Killingbeck,2023,31/12/2022,08:33:39,31/12/2022 08:33,31/12/2022 05:33,0,0
7499,KB_23_42962_38,Male,Killingbeck,2023,31/12/2022,08:35:40,31/12/2022 08:35,31/12/2022 05:35,0,0
7500,KB_23_42962_38,Male,Killingbeck,2023,31/12/2022,08:37:46,31/12/2022 08:37,31/12/2022 05:37,0,0
7501,KB_23_42962_38,Male,Killingbeck,2023,31/12/2022,08:39:47,31/12/2022 08:39,31/12/2022 05:39,0,0
7502,KB_23_42962_38,Male,Killingbeck,2023,31/12/2022,08:41:39,31/12/2022 08:41,31/12/2022 05:41,0,0
7503,KB_23_42962_38,Male,Killingbeck,2023,31/12/2022,08:43:45,31/12/2022 08:43,31/12/2022 05:43,0,0
7504,KB_23_42962_38,Male,Killingbeck,2023,31/12/2022,08:45:46,31/12/2022 08:45,31/12/2022 05:45,0,0
7505,KB_23_42962_38,Male,Killingbeck,2023,31/12/2022,08:47:40,31/12/2022 08:47,31/12/2022 05:47,0,0
7506,KB_23_42962_38,Male,Killingbeck,2023,31/12/2022,08:49:37,31/12/2022 08:49,31/12/2022 05:49,0,0
7507,KB_23_42962_38,Male,Killingbeck,2023,31/12/2022,08:51:35,31/12/2022 08:51,31/12/2022 05:51,0,0
7508,KB_23_42962_38,Male,Killingbeck,2023,31/12/2022,08:53:37,31/12/2022 08:53,31/12/2022 05:53,0,0
7509,KB_23_42962_38,Male,Killingbeck,2023,31/12/2022,08:55:34,31/12/2022 08:55,31/12/2022 05:55,0,0
7510,KB_23_42962_38,Male,Killingbeck,2023,31/12/2022,08:57:40,31/12/2022 08:57,31/12/2022 05:57,0,0
7511,KB_23_42962_38,Male,Killingbeck,2023,31/12/2022,08:59:35,31/12/2022 08:59,31/12/2022 05:59,0,0
7512,KB_23_42962_38,Male,Killingbeck,2023,31/12/2022,09:01:31,31/12/2022 09:01,31/12/2022 06:01,0,0
7513,KB_23_42962_38,Male,Killingbeck,2023,31/12/2022,09:03:33,31/12/2022 09:03,31/12/2022 06:03,0,0
7514,KB_23_42962_38,Male,Killingbeck,2023,31/12/2022,09:05:33,31/12/2022 09:05,31/12/2022 06:05,0,0
7515,KB_23_42962_38,Male,Killingbeck,2023,31/12/2022,09:07:31,31/12/2022 09:07,31/12/2022 06:07,0,0
7516,KB_23_42962_38,Male,Killingbeck,2023,31/12/2022,09:10:45,31/12/2022 09:10,31/12/2022 06:10,0,0
7517,KB_23_42962_38,Male,Killingbeck,2023,31/12/2022,09:12:44,31/12/2022 09:12,31/12/2022 06:12,0,0
7518,KB_23_42962_38,Male,Killingbeck,2023,31/12/2022,09:14:43,31/12/2022 09:14,31/12/2022 06:14,0,0
7519,KB_23_42962_38,Male,Killingbeck,2023,31/12/2022,09:16:40,31/12/2022 09:16,31/12/2022 06:16,0,0
7520,KB_23_42962_38,Male,Killingbeck,2023,31/12/2022,09:18:39,31/12/2022 09:18,31/12/2022 06:18,0,0
7521,KB_23_42962_38,Male,Killingbeck,2023,31/12/2022,09:20:38,31/12/2022 09:20,31/12/2022 06:20,0,0
7522,KB_23_42962_38,Male,Killingbeck,2023,31/12/2022,09:22:39,31/12/2022 09:22,31/12/2022 06:22,0,0
7523,KB_23_42962_38,Male,Killingbeck,2023,31/12/2022,09:24:36,31/12/2022 09:24,31/12/2022 06:24,0,0
7524,KB_23_42962_38,Male,Killingbeck,2023,31/12/2022,09:26:34,31/12/2022 09:26,31/12/2022 06:26,0,0
7525,KB_23_42962_38,Male,Killingbeck,2023,31/12/2022,09:28:36,31/12/2022 09:28,31/12/2022 06:28,0,0
7526,KB_23_42962_38,Male,Killingbeck,2023,31/12/2022,09:30:36,31/12/2022 09:30,31/12/2022 06:30,0,0
7527,KB_23_42962_38,Male,Killingbeck,2023,31/12/2022,09:32:35,31/12/2022 09:32,31/12/2022 06:32,0,0
7528,KB_23_42962_38,Male,Killingbeck,2023,31/12/2022,09:34:39,31/12/2022 09:34,31/12/2022 06:34,0,0
7529,KB_23_42962_38,Male,Killingbeck,2023,31/12/2022,09:36:32,31/12/2022 09:36,31/12/2022 06:36,0,0
7530,KB_23_42962_38,Male,Killingbeck,2023,31/12/2022,09:38:33,31/12/2022 09:38,31/12/2022 06:38,0,0
7531,KB_23_42962_38,Male,Killingbeck,2023,31/12/2022,09:40:16,31/12/2022 09:40,31/12/2022 06:40,0,0
7532,KB_23_42962_38,Male,Killingbeck,2023,31/12/2022,09:42:23,31/12/2022 09:42,31/12/2022 06:42,0,0
7533,KB_23_42962_38,Male,Killingbeck,2023,31/12/2022,09:44:20,31/12/2022 09:44,31/12/2022 06:44,0,0
7534,KB_23_42962_38,Male,Killingbeck,2023,31/12/2022,09:46:13,31/12/2022 09:46,31/12/2022 06:46,0,0
7535,KB_23_42962_38,Male,Killingbeck,2023,31/12/2022,09:48:12,31/12/2022 09:48,31/12/2022 06:48,0,0
7536,KB_23_42962_38,Male,Killingbeck,2023,31/12/2022,09:50:10,31/12/2022 09:50,31/12/2022 06:50,0,0
7537,KB_23_42962_38,Male,Killingbeck,2023,31/12/2022,09:52:09,31/12/2022 09:52,31/12/2022 06:52,-68.069208,-67.57062
7538,KB_23_42962_38,Male,Killingbeck,2023,31/12/2022,09:54:07,31/12/2022 09:54,31/12/2022 06:54,-68.069292,-67.570671
7539,KB_23_42962_38,Male,Killingbeck,2023,31/12/2022,09:56:09,31/12/2022 09:56,31/12/2022 06:56,-68.06926,-67.570652
7540,KB_23_42962_38,Male,Killingbeck,2023,31/12/2022,09:58:08,31/12/2022 09:58,31/12/2022 06:58,-68.069276,-67.570736
7541,KB_23_42962_38,Male,Killingbeck,2023,31/12/2022,10:00:05,31/12/2022 10:00,31/12/2022 07:00,-68.06922,-67.570634
7542,KB_23_42962_38,Male,Killingbeck,2023,31/12/2022,10:02:06,31/12/2022 10:02,31/12/2022 07:02,-68.069313,-67.570634
7543,KB_23_42962_38,Male,Killingbeck,2023,31/12/2022,10:04:15,31/12/2022 10:04,31/12/2022 07:04,-68.069313,-67.570695
7544,KB_23_42962_38,Male,Killingbeck,2023,31/12/2022,10:06:11,31/12/2022 10:06,31/12/2022 07:06,-68.069278,-67.570651
7545,KB_23_42962_38,Male,Killingbeck,2023,31/12/2022,10:08:15,31/12/2022 10:08,31/12/2022 07:08,-68.069022,-67.570722
7546,KB_23_42962_38,Male,Killingbeck,2023,31/12/2022,10:10:30,31/12/2022 10:10,31/12/2022 07:10,-68.0692,-67.570675
7547,KB_23_42962_38,Male,Killingbeck,2023,31/12/2022,10:12:22,31/12/2022 10:12,31/12/2022 07:12,-68.069232,-67.570624
7548,KB_23_42962_38,Male,Killingbeck,2023,31/12/2022,10:14:28,31/12/2022 10:14,31/12/2022 07:14,-68.069231,-67.570662
7549,KB_23_42962_38,Male,Killingbeck,2023,31/12/2022,10:16:33,31/12/2022 10:16,31/12/2022 07:16,-68.069207,-67.570635
7550,KB_23_42962_38,Male,Killingbeck,2023,31/12/2022,10:18:19,31/12/2022 10:18,31/12/2022 07:18,-68.069404,-67.570664
7551,KB_23_42962_38,Male,Killingbeck,2023,31/12/2022,10:20:29,31/12/2022 10:20,31/12/2022 07:20,-68.069532,-67.570721
7552,KB_23_42962_38,Male,Killingbeck,2023,31/12/2022,10:22:28,31/12/2022 10:22,31/12/2022 07:22,-68.06824,-67.570901
7553,KB_23_42962_38,Male,Killingbeck,2023,31/12/2022,10:24:30,31/12/2022 10:24,31/12/2022 07:24,-68.069466,-67.570778
7554,KB_23_42962_38,Male,Killingbeck,2023,31/12/2022,10:26:27,31/12/2022 10:26,31/12/2022 07:26,-68.070431,-67.570603
7555,KB_23_42962_38,Male,Killingbeck,2023,31/12/2022,10:28:33,31/12/2022 10:28,31/12/2022 07:28,0,0
7556,KB_23_42962_38,Male,Killingbeck,2023,31/12/2022,10:30:26,31/12/2022 10:30,31/12/2022 07:30,-68.06976,-67.57069
7557,KB_23_42962_38,Male,Killingbeck,2023,31/12/2022,10:32:27,31/12/2022 10:32,31/12/2022 07:32,-68.069435,-67.570758
7558,KB_23_42962_38,Male,Killingbeck,2023,31/12/2022,10:34:30,31/12/2022 10:34,31/12/2022 07:34,-68.069456,-67.570632
7559,KB_23_42962_38,Male,Killingbeck,2023,31/12/2022,10:36:29,31/12/2022 10:36,31/12/2022 07:36,-68.069564,-67.570734
7560,KB_23_42962_38,Male,Killingbeck,2023,31/12/2022,10:38:19,31/12/2022 10:38,31/12/2022 07:38,-68.069502,-67.570737
7561,KB_23_42962_38,Male,Killingbeck,2023,31/12/2022,10:39:59,31/12/2022 10:39,31/12/2022 07:39,-68.069646,-67.570684
7562,KB_23_42962_38,Male,Killingbeck,2023,31/12/2022,10:41:59,31/12/2022 10:41,31/12/2022 07:41,-68.0695,-67.57069
7563,KB_23_42962_38,Male,Killingbeck,2023,31/12/2022,10:43:58,31/12/2022 10:43,31/12/2022 07:43,0,0
7564,KB_23_42962_38,Male,Killingbeck,2023,31/12/2022,10:46:04,31/12/2022 10:46,31/12/2022 07:46,0,0
7565,KB_23_42962_38,Male,Killingbeck,2023,31/12/2022,10:47:59,31/12/2022 10:47,31/12/2022 07:47,0,0
7566,KB_23_42962_38,Male,Killingbeck,2023,31/12/2022,10:49:56,31/12/2022 10:49,31/12/2022 07:49,0,0
7567,KB_23_42962_38,Male,Killingbeck,2023,31/12/2022,10:52:03,31/12/2022 10:52,31/12/2022 07:52,0,0
7568,KB_23_42962_38,Male,Killingbeck,2023,31/12/2022,10:53:55,31/12/2022 10:53,31/12/2022 07:53,0,0
7569,KB_23_42962_38,Male,Killingbeck,2023,31/12/2022,10:55:54,31/12/2022 10:55,31/12/2022 07:55,0,0
7570,KB_23_42962_38,Male,Killingbeck,2023,31/12/2022,10:57:52,31/12/2022 10:57,31/12/2022 07:57,0,0
7571,KB_23_42962_38,Male,Killingbeck,2023,31/12/2022,10:59:51,31/12/2022 10:59,31/12/2022 07:59,0,0
7572,KB_23_42962_38,Male,Killingbeck,2023,31/12/2022,11:01:53,31/12/2022 11:01,31/12/2022 08:01,0,0
7573,KB_23_42962_38,Male,Killingbeck,2023,31/12/2022,11:03:58,31/12/2022 11:03,31/12/2022 08:03,0,0
7574,KB_23_42962_38,Male,Killingbeck,2023,31/12/2022,11:05:58,31/12/2022 11:05,31/12/2022 08:05,0,0
7575,KB_23_42962_38,Male,Killingbeck,2023,31/12/2022,11:07:56,31/12/2022 11:07,31/12/2022 08:07,0,0
7576,KB_23_42962_38,Male,Killingbeck,2023,31/12/2022,11:09:41,31/12/2022 11:09,31/12/2022 08:09,0,0
7577,KB_23_42962_38,Male,Killingbeck,2023,31/12/2022,11:11:47,31/12/2022 11:11,31/12/2022 08:11,0,0
7578,KB_23_42962_38,Male,Killingbeck,2023,31/12/2022,11:13:40,31/12/2022 11:13,31/12/2022 08:13,0,0
7579,KB_23_42962_38,Male,Killingbeck,2023,31/12/2022,11:15:37,31/12/2022 11:15,31/12/2022 08:15,0,0
7580,KB_23_42962_38,Male,Killingbeck,2023,31/12/2022,11:17:38,31/12/2022 11:17,31/12/2022 08:17,0,0
7581,KB_23_42962_38,Male,Killingbeck,2023,31/12/2022,11:19:37,31/12/2022 11:19,31/12/2022 08:19,0,0
7582,KB_23_42962_38,Male,Killingbeck,2023,31/12/2022,11:21:34,31/12/2022 11:21,31/12/2022 08:21,0,0
7583,KB_23_42962_38,Male,Killingbeck,2023,31/12/2022,11:23:40,31/12/2022 11:23,31/12/2022 08:23,0,0
7584,KB_23_42962_38,Male,Killingbeck,2023,31/12/2022,11:25:32,31/12/2022 11:25,31/12/2022 08:25,0,0
7585,KB_23_42962_38,Male,Killingbeck,2023,31/12/2022,11:27:32,31/12/2022 11:27,31/12/2022 08:27,0,0
7586,KB_23_42962_38,Male,Killingbeck,2023,31/12/2022,11:29:30,31/12/2022 11:29,31/12/2022 08:29,0,0
7587,KB_23_42962_38,Male,Killingbeck,2023,31/12/2022,11:31:32,31/12/2022 11:31,31/12/2022 08:31,0,0
7588,KB_23_42962_38,Male,Killingbeck,2023,31/12/2022,11:33:29,31/12/2022 11:33,31/12/2022 08:33,0,0
7589,KB_23_42962_38,Male,Killingbeck,2023,31/12/2022,11:35:29,31/12/2022 11:35,31/12/2022 08:35,0,0
7590,KB_23_42962_38,Male,Killingbeck,2023,31/12/2022,11:37:27,31/12/2022 11:37,31/12/2022 08:37,0,0
7591,KB_23_42962_38,Male,Killingbeck,2023,31/12/2022,11:39:54,31/12/2022 11:39,31/12/2022 08:39,0,0
7592,KB_23_42962_38,Male,Killingbeck,2023,31/12/2022,11:41:53,31/12/2022 11:41,31/12/2022 08:41,0,0
7593,KB_23_42962_38,Male,Killingbeck,2023,31/12/2022,11:43:52,31/12/2022 11:43,31/12/2022 08:43,0,0
7594,KB_23_42962_38,Male,Killingbeck,2023,31/12/2022,11:45:52,31/12/2022 11:45,31/12/2022 08:45,0,0
7595,KB_23_42962_38,Male,Killingbeck,2023,31/12/2022,11:47:50,31/12/2022 11:47,31/12/2022 08:47,0,0
7596,KB_23_42962_38,Male,Killingbeck,2023,31/12/2022,11:49:49,31/12/2022 11:49,31/12/2022 08:49,0,0
7597,KB_23_42962_38,Male,Killingbeck,2023,31/12/2022,11:51:49,31/12/2022 11:51,31/12/2022 08:51,0,0
7598,KB_23_42962_38,Male,Killingbeck,2023,31/12/2022,11:56:32,31/12/2022 11:56,31/12/2022 08:56,0,0
7599,KB_23_42962_38,Male,Killingbeck,2023,31/12/2022,11:58:30,31/12/2022 11:58,31/12/2022 08:58,0,0
7600,KB_23_42962_38,Male,Killingbeck,2023,31/12/2022,12:00:30,31/12/2022 12:00,31/12/2022 09:00,0,0
7601,KB_23_42962_38,Male,Killingbeck,2023,31/12/2022,12:02:29,31/12/2022 12:02,31/12/2022 09:02,0,0
7602,KB_23_42962_38,Male,Killingbeck,2023,31/12/2022,12:07:38,31/12/2022 12:07,31/12/2022 09:07,0,0
7603,KB_23_42962_38,Male,Killingbeck,2023,31/12/2022,12:09:28,31/12/2022 12:09,31/12/2022 09:09,0,0
7604,KB_23_42962_38,Male,Killingbeck,2023,31/12/2022,12:11:26,31/12/2022 12:11,31/12/2022 09:11,0,0
7605,KB_23_42962_38,Male,Killingbeck,2023,31/12/2022,12:13:25,31/12/2022 12:13,31/12/2022 09:13,0,0
7606,KB_23_42962_38,Male,Killingbeck,2023,31/12/2022,12:15:24,31/12/2022 12:15,31/12/2022 09:15,0,0
7607,KB_23_42962_38,Male,Killingbeck,2023,31/12/2022,12:17:23,31/12/2022 12:17,31/12/2022 09:17,0,0
7608,KB_23_42962_38,Male,Killingbeck,2023,31/12/2022,12:19:23,31/12/2022 12:19,31/12/2022 09:19,0,0
7609,KB_23_42962_38,Male,Killingbeck,2023,31/12/2022,12:21:24,31/12/2022 12:21,31/12/2022 09:21,0,0
7610,KB_23_42962_38,Male,Killingbeck,2023,31/12/2022,12:23:24,31/12/2022 12:23,31/12/2022 09:23,0,0
7611,KB_23_42962_38,Male,Killingbeck,2023,31/12/2022,12:25:20,31/12/2022 12:25,31/12/2022 09:25,0,0
7612,KB_23_42962_38,Male,Killingbeck,2023,31/12/2022,12:27:20,31/12/2022 12:27,31/12/2022 09:27,0,0
7613,KB_23_42962_38,Male,Killingbeck,2023,31/12/2022,12:29:18,31/12/2022 12:29,31/12/2022 09:29,0,0
7614,KB_23_42962_38,Male,Killingbeck,2023,31/12/2022,12:31:18,31/12/2022 12:31,31/12/2022 09:31,-68.069383,-67.570587
7615,KB_23_42962_38,Male,Killingbeck,2023,31/12/2022,12:33:19,31/12/2022 12:33,31/12/2022 09:33,-68.06951,-67.570491
7616,KB_23_42962_38,Male,Killingbeck,2023,31/12/2022,12:35:18,31/12/2022 12:35,31/12/2022 09:35,-68.069287,-67.570605
7617,KB_23_44224_40,Male,Killingbeck,2023,04/01/2023,15:53:19,04/01/2023 15:53,04/01/2023 12:53,-68.069474,-67.570776
7618,KB_23_44224_40,Male,Killingbeck,2023,04/01/2023,15:55:19,04/01/2023 15:55,04/01/2023 12:55,-68.069536,-67.570744
7619,KB_23_44224_40,Male,Killingbeck,2023,04/01/2023,15:57:18,04/01/2023 15:57,04/01/2023 12:57,-68.069694,-67.57077
7620,KB_23_44224_40,Male,Killingbeck,2023,04/01/2023,15:59:17,04/01/2023 15:59,04/01/2023 12:59,-68.069831,-67.570658
7621,KB_23_44224_40,Male,Killingbeck,2023,04/01/2023,16:01:17,04/01/2023 16:01,04/01/2023 13:01,-68.069302,-67.570837
7622,KB_23_44224_40,Male,Killingbeck,2023,04/01/2023,16:03:27,04/01/2023 16:03,04/01/2023 13:03,-68.069448,-67.570637
7623,KB_23_44224_40,Male,Killingbeck,2023,04/01/2023,16:05:15,04/01/2023 16:05,04/01/2023 13:05,-68.069723,-67.570678
7624,KB_23_44224_40,Male,Killingbeck,2023,04/01/2023,16:07:32,04/01/2023 16:07,04/01/2023 13:07,-68.069208,-67.570665
7625,KB_23_44224_40,Male,Killingbeck,2023,04/01/2023,16:09:17,04/01/2023 16:09,04/01/2023 13:09,-68.069434,-67.570672
7626,KB_23_44224_40,Male,Killingbeck,2023,04/01/2023,16:11:24,04/01/2023 16:11,04/01/2023 13:11,-68.069524,-67.570983
7627,KB_23_44224_40,Male,Killingbeck,2023,04/01/2023,16:13:19,04/01/2023 16:13,04/01/2023 13:13,-68.069515,-67.570797
7628,KB_23_44224_40,Male,Killingbeck,2023,04/01/2023,16:15:19,04/01/2023 16:15,04/01/2023 13:15,-68.0694,-67.570795
7629,KB_23_44224_40,Male,Killingbeck,2023,04/01/2023,16:17:19,04/01/2023 16:17,04/01/2023 13:17,-68.069384,-67.570733
7630,KB_23_44224_40,Male,Killingbeck,2023,04/01/2023,16:19:19,04/01/2023 16:19,04/01/2023 13:19,-68.069366,-67.570745
7631,KB_23_44224_40,Male,Killingbeck,2023,04/01/2023,16:21:23,04/01/2023 16:21,04/01/2023 13:21,-68.069381,-67.570727
7632,KB_23_44224_40,Male,Killingbeck,2023,04/01/2023,16:23:17,04/01/2023 16:23,04/01/2023 13:23,-68.069436,-67.570699
7633,KB_23_44224_40,Male,Killingbeck,2023,04/01/2023,16:25:19,04/01/2023 16:25,04/01/2023 13:25,-68.069363,-67.570803
7634,KB_23_44224_40,Male,Killingbeck,2023,04/01/2023,16:27:19,04/01/2023 16:27,04/01/2023 13:27,-68.069279,-67.5707
7635,KB_23_44224_40,Male,Killingbeck,2023,04/01/2023,16:29:19,04/01/2023 16:29,04/01/2023 13:29,-68.069198,-67.570778
7636,KB_23_44224_40,Male,Killingbeck,2023,04/01/2023,16:31:17,04/01/2023 16:31,04/01/2023 13:31,-68.069467,-67.570801
7637,KB_23_44224_40,Male,Killingbeck,2023,04/01/2023,16:33:19,04/01/2023 16:33,04/01/2023 13:33,-68.069332,-67.570721
7638,KB_23_44224_40,Male,Killingbeck,2023,04/01/2023,16:35:17,04/01/2023 16:35,04/01/2023 13:35,-68.0693,-67.570804
7639,KB_23_44224_40,Male,Killingbeck,2023,04/01/2023,16:37:15,04/01/2023 16:37,04/01/2023 13:37,-68.069549,-67.570712
7640,KB_23_44224_40,Male,Killingbeck,2023,04/01/2023,16:39:15,04/01/2023 16:39,04/01/2023 13:39,-68.069487,-67.570762
7641,KB_23_44224_40,Male,Killingbeck,2023,04/01/2023,16:41:15,04/01/2023 16:41,04/01/2023 13:41,-68.069541,-67.570719
7642,KB_23_44224_40,Male,Killingbeck,2023,04/01/2023,16:43:17,04/01/2023 16:43,04/01/2023 13:43,-68.069058,-67.570824
7643,KB_23_44224_40,Male,Killingbeck,2023,04/01/2023,16:45:26,04/01/2023 16:45,04/01/2023 13:45,-68.069715,-67.570795
7644,KB_23_44224_40,Male,Killingbeck,2023,04/01/2023,16:47:17,04/01/2023 16:47,04/01/2023 13:47,-68.069838,-67.570784
7645,KB_23_44224_40,Male,Killingbeck,2023,04/01/2023,16:49:17,04/01/2023 16:49,04/01/2023 13:49,-68.069781,-67.570727
7646,KB_23_44224_40,Male,Killingbeck,2023,04/01/2023,16:51:17,04/01/2023 16:51,04/01/2023 13:51,-68.069652,-67.570762
7647,KB_23_44224_40,Male,Killingbeck,2023,04/01/2023,16:53:15,04/01/2023 16:53,04/01/2023 13:53,-68.069709,-67.570765
7648,KB_23_44224_40,Male,Killingbeck,2023,04/01/2023,16:55:13,04/01/2023 16:55,04/01/2023 13:55,-68.069597,-67.570792
7649,KB_23_44224_40,Male,Killingbeck,2023,04/01/2023,16:57:15,04/01/2023 16:57,04/01/2023 13:57,-68.069785,-67.570762
7650,KB_23_44224_40,Male,Killingbeck,2023,04/01/2023,16:59:15,04/01/2023 16:59,04/01/2023 13:59,-68.06978,-67.570732
7651,KB_23_44224_40,Male,Killingbeck,2023,04/01/2023,17:01:22,04/01/2023 17:01,04/01/2023 14:01,-68.069498,-67.5708
7652,KB_23_44224_40,Male,Killingbeck,2023,04/01/2023,17:03:15,04/01/2023 17:03,04/01/2023 14:03,-68.069729,-67.570761
7653,KB_23_44224_40,Male,Killingbeck,2023,04/01/2023,17:05:13,04/01/2023 17:05,04/01/2023 14:05,-68.069613,-67.570805
7654,KB_23_44224_40,Male,Killingbeck,2023,04/01/2023,17:07:11,04/01/2023 17:07,04/01/2023 14:07,-68.069758,-67.570705
7655,KB_23_44224_40,Male,Killingbeck,2023,04/01/2023,17:09:18,04/01/2023 17:09,04/01/2023 14:09,-68.067624,-67.564755
7656,KB_23_44224_40,Male,Killingbeck,2023,04/01/2023,17:11:36,04/01/2023 17:11,04/01/2023 14:11,-68.06703,-67.564872
7657,KB_23_44224_40,Male,Killingbeck,2023,04/01/2023,17:13:34,04/01/2023 17:13,04/01/2023 14:13,-68.067307,-67.565152
7658,KB_23_44224_40,Male,Killingbeck,2023,04/01/2023,17:15:32,04/01/2023 17:15,04/01/2023 14:15,-68.069694,-67.570777
7659,KB_23_44224_40,Male,Killingbeck,2023,04/01/2023,17:17:57,04/01/2023 17:17,04/01/2023 14:17,-68.069837,-67.570676
7660,KB_23_44224_40,Male,Killingbeck,2023,04/01/2023,17:19:59,04/01/2023 17:19,04/01/2023 14:19,-68.069554,-67.57073
7661,KB_23_44224_40,Male,Killingbeck,2023,04/01/2023,17:22:04,04/01/2023 17:22,04/01/2023 14:22,-68.069534,-67.570705
7662,KB_23_44224_40,Male,Killingbeck,2023,04/01/2023,17:23:55,04/01/2023 17:23,04/01/2023 14:23,-68.068945,-67.562758
7663,KB_23_44224_40,Male,Killingbeck,2023,04/01/2023,17:25:56,04/01/2023 17:25,04/01/2023 14:25,-68.063739,-67.548063
7664,KB_23_44224_40,Male,Killingbeck,2023,04/01/2023,17:27:55,04/01/2023 17:27,04/01/2023 14:27,-68.044535,-67.536025
7665,KB_23_44224_40,Male,Killingbeck,2023,04/01/2023,17:29:55,04/01/2023 17:29,04/01/2023 14:29,-68.043566,-67.535583
7666,KB_23_44224_40,Male,Killingbeck,2023,04/01/2023,17:34:13,04/01/2023 17:34,04/01/2023 14:34,0,0
7667,KB_23_44224_40,Male,Killingbeck,2023,04/01/2023,17:35:55,04/01/2023 17:35,04/01/2023 14:35,-68.045195,-67.538526
7668,KB_23_44224_40,Male,Killingbeck,2023,04/01/2023,17:39:10,04/01/2023 17:39,04/01/2023 14:39,-68.036639,-67.527033
7670,KB_23_44224_40,Male,Killingbeck,2023,04/01/2023,17:43:10,04/01/2023 17:43,04/01/2023 14:43,-68.009872,-67.498896
7671,KB_23_44224_40,Male,Killingbeck,2023,04/01/2023,17:45:10,04/01/2023 17:45,04/01/2023 14:45,-67.992336,-67.484948
7672,KB_23_44224_40,Male,Killingbeck,2023,04/01/2023,17:47:10,04/01/2023 17:47,04/01/2023 14:47,-67.972742,-67.471699
7673,KB_23_44224_40,Male,Killingbeck,2023,04/01/2023,17:49:10,04/01/2023 17:49,04/01/2023 14:49,-67.946617,-67.461584
7674,KB_23_44224_40,Male,Killingbeck,2023,04/01/2023,17:51:10,04/01/2023 17:51,04/01/2023 14:51,-67.913583,-67.452488
7675,KB_23_44224_40,Male,Killingbeck,2023,04/01/2023,17:53:10,04/01/2023 17:53,04/01/2023 14:53,-67.885793,-67.44109
7676,KB_23_44224_40,Male,Killingbeck,2023,04/01/2023,17:55:10,04/01/2023 17:55,04/01/2023 14:55,-67.85253,-67.428113
7677,KB_23_44224_40,Male,Killingbeck,2023,04/01/2023,17:57:10,04/01/2023 17:57,04/01/2023 14:57,-67.823235,-67.415168
7678,KB_23_44224_40,Male,Killingbeck,2023,04/01/2023,17:59:10,04/01/2023 17:59,04/01/2023 14:59,-67.795421,-67.402368
7679,KB_23_44224_40,Male,Killingbeck,2023,04/01/2023,18:01:10,04/01/2023 18:01,04/01/2023 15:01,-67.768104,-67.389409
7680,KB_23_44224_40,Male,Killingbeck,2023,04/01/2023,18:03:10,04/01/2023 18:03,04/01/2023 15:03,-67.735246,-67.377638
7681,KB_23_44224_40,Male,Killingbeck,2023,04/01/2023,18:05:10,04/01/2023 18:05,04/01/2023 15:05,-67.718919,-67.373436
7682,KB_23_44224_40,Male,Killingbeck,2023,04/01/2023,18:09:00,04/01/2023 18:09,04/01/2023 15:09,-67.719279,-67.373636
7683,KB_23_44224_40,Male,Killingbeck,2023,04/01/2023,18:11:00,04/01/2023 18:11,04/01/2023 15:11,-67.7192,-67.373635
7684,KB_23_44224_40,Male,Killingbeck,2023,04/01/2023,18:12:59,04/01/2023 18:12,04/01/2023 15:12,-67.725178,-67.375299
7685,KB_23_44224_40,Male,Killingbeck,2023,04/01/2023,18:14:59,04/01/2023 18:14,04/01/2023 15:14,-67.7477,-67.363971
7686,KB_23_44224_40,Male,Killingbeck,2023,04/01/2023,18:16:59,04/01/2023 18:16,04/01/2023 15:16,-67.747887,-67.349706
7687,KB_23_44224_40,Male,Killingbeck,2023,04/01/2023,18:18:59,04/01/2023 18:18,04/01/2023 15:18,-67.746226,-67.347464
7688,KB_23_44224_40,Male,Killingbeck,2023,04/01/2023,18:21:01,04/01/2023 18:21,04/01/2023 15:21,-67.746822,-67.34753
7689,KB_23_44224_40,Male,Killingbeck,2023,04/01/2023,18:23:01,04/01/2023 18:23,04/01/2023 15:23,-67.746968,-67.34781
7690,KB_23_44224_40,Male,Killingbeck,2023,04/01/2023,18:24:59,04/01/2023 18:24,04/01/2023 15:24,-67.747842,-67.34809
7691,KB_23_44224_40,Male,Killingbeck,2023,04/01/2023,18:26:59,04/01/2023 18:26,04/01/2023 15:26,-67.747984,-67.34822
7692,KB_23_44224_40,Male,Killingbeck,2023,04/01/2023,18:28:59,04/01/2023 18:28,04/01/2023 15:28,-67.748797,-67.348071
7693,KB_23_44224_40,Male,Killingbeck,2023,04/01/2023,18:30:59,04/01/2023 18:30,04/01/2023 15:30,-67.748571,-67.348
7694,KB_23_44224_40,Male,Killingbeck,2023,04/01/2023,18:34:57,04/01/2023 18:34,04/01/2023 15:34,-67.749165,-67.348229
7695,KB_23_44224_40,Male,Killingbeck,2023,04/01/2023,18:36:57,04/01/2023 18:36,04/01/2023 15:36,-67.748839,-67.34797
7696,KB_23_44224_40,Male,Killingbeck,2023,04/01/2023,18:38:57,04/01/2023 18:38,04/01/2023 15:38,-67.743154,-67.345732
7697,KB_23_44224_40,Male,Killingbeck,2023,04/01/2023,18:40:57,04/01/2023 18:40,04/01/2023 15:40,-67.729607,-67.331155
7698,KB_23_44224_40,Male,Killingbeck,2023,04/01/2023,18:43:00,04/01/2023 18:43,04/01/2023 15:43,-67.722321,-67.326657
7699,KB_23_44224_40,Male,Killingbeck,2023,04/01/2023,18:45:03,04/01/2023 18:45,04/01/2023 15:45,-67.722425,-67.326608
7700,KB_23_44224_40,Male,Killingbeck,2023,04/01/2023,18:47:03,04/01/2023 18:47,04/01/2023 15:47,-67.722743,-67.326659
7701,KB_23_44224_40,Male,Killingbeck,2023,04/01/2023,18:49:03,04/01/2023 18:49,04/01/2023 15:49,-67.72287,-67.326542
7702,KB_23_44224_40,Male,Killingbeck,2023,04/01/2023,18:51:03,04/01/2023 18:51,04/01/2023 15:51,-67.722296,-67.326672
7703,KB_23_44224_40,Male,Killingbeck,2023,04/01/2023,18:53:07,04/01/2023 18:53,04/01/2023 15:53,-67.722277,-67.326667
7704,KB_23_44224_40,Male,Killingbeck,2023,04/01/2023,18:55:07,04/01/2023 18:55,04/01/2023 15:55,-67.722256,-67.326682
7705,KB_23_44224_40,Male,Killingbeck,2023,04/01/2023,18:57:05,04/01/2023 18:57,04/01/2023 15:57,-67.722626,-67.32658
7706,KB_23_44224_40,Male,Killingbeck,2023,04/01/2023,18:59:05,04/01/2023 18:59,04/01/2023 15:59,-67.722151,-67.326664
7707,KB_23_44224_40,Male,Killingbeck,2023,04/01/2023,19:01:07,04/01/2023 19:01,04/01/2023 16:01,-67.722344,-67.32666
7708,KB_23_44224_40,Male,Killingbeck,2023,04/01/2023,19:03:03,04/01/2023 19:03,04/01/2023 16:03,-67.722321,-67.326723
7709,KB_23_44224_40,Male,Killingbeck,2023,04/01/2023,19:05:05,04/01/2023 19:05,04/01/2023 16:05,-67.722684,-67.326607
7710,KB_23_44224_40,Male,Killingbeck,2023,04/01/2023,19:07:03,04/01/2023 19:07,04/01/2023 16:07,-67.72242,-67.326668
7711,KB_23_44224_40,Male,Killingbeck,2023,04/01/2023,19:09:03,04/01/2023 19:09,04/01/2023 16:09,-67.722612,-67.326665
7712,KB_23_44224_40,Male,Killingbeck,2023,04/01/2023,19:11:03,04/01/2023 19:11,04/01/2023 16:11,-67.722565,-67.326619
7713,KB_23_44224_40,Male,Killingbeck,2023,04/01/2023,19:13:04,04/01/2023 19:13,04/01/2023 16:13,-67.722624,-67.326603
7714,KB_23_44224_40,Male,Killingbeck,2023,04/01/2023,19:15:08,04/01/2023 19:15,04/01/2023 16:15,-67.7224,-67.326688
7715,KB_23_44224_40,Male,Killingbeck,2023,04/01/2023,19:17:04,04/01/2023 19:17,04/01/2023 16:17,-67.722554,-67.326608
7716,KB_23_44224_40,Male,Killingbeck,2023,04/01/2023,19:19:06,04/01/2023 19:19,04/01/2023 16:19,-67.722607,-67.326656
7717,KB_23_44224_40,Male,Killingbeck,2023,04/01/2023,19:21:06,04/01/2023 19:21,04/01/2023 16:21,-67.722668,-67.32665
7718,KB_23_44224_40,Male,Killingbeck,2023,04/01/2023,19:23:04,04/01/2023 19:23,04/01/2023 16:23,-67.722603,-67.326611
7719,KB_23_44224_40,Male,Killingbeck,2023,04/01/2023,19:25:04,04/01/2023 19:25,04/01/2023 16:25,-67.722546,-67.326614
7720,KB_23_44224_40,Male,Killingbeck,2023,04/01/2023,19:27:04,04/01/2023 19:27,04/01/2023 16:27,-67.722294,-67.326613
7721,KB_23_44224_40,Male,Killingbeck,2023,04/01/2023,19:29:04,04/01/2023 19:29,04/01/2023 16:29,-67.728408,-67.328303
7722,KB_23_44224_40,Male,Killingbeck,2023,04/01/2023,19:33:03,04/01/2023 19:33,04/01/2023 16:33,-67.72977,-67.32808
7723,KB_23_44224_40,Male,Killingbeck,2023,04/01/2023,19:35:03,04/01/2023 19:35,04/01/2023 16:35,-67.730636,-67.328427
7724,KB_23_44224_40,Male,Killingbeck,2023,04/01/2023,19:37:03,04/01/2023 19:37,04/01/2023 16:37,-67.731389,-67.329187
7725,KB_23_44224_40,Male,Killingbeck,2023,04/01/2023,19:39:01,04/01/2023 19:39,04/01/2023 16:39,-67.73184,-67.329629
7726,KB_23_44224_40,Male,Killingbeck,2023,04/01/2023,19:41:01,04/01/2023 19:41,04/01/2023 16:41,-67.731717,-67.330086
7727,KB_23_44224_40,Male,Killingbeck,2023,04/01/2023,19:44:19,04/01/2023 19:44,04/01/2023 16:44,-67.732484,-67.330171
7728,KB_23_44224_40,Male,Killingbeck,2023,04/01/2023,19:46:20,04/01/2023 19:46,04/01/2023 16:46,-67.732712,-67.330498
7729,KB_23_44224_40,Male,Killingbeck,2023,04/01/2023,19:48:22,04/01/2023 19:48,04/01/2023 16:48,-67.733065,-67.330743
7730,KB_23_44224_40,Male,Killingbeck,2023,04/01/2023,19:50:22,04/01/2023 19:50,04/01/2023 16:50,-67.733575,-67.331028
7731,KB_23_44224_40,Male,Killingbeck,2023,04/01/2023,19:52:20,04/01/2023 19:52,04/01/2023 16:52,-67.733923,-67.331275
7732,KB_23_44224_40,Male,Killingbeck,2023,04/01/2023,19:54:20,04/01/2023 19:54,04/01/2023 16:54,-67.734527,-67.331572
7733,KB_23_44224_40,Male,Killingbeck,2023,04/01/2023,19:56:20,04/01/2023 19:56,04/01/2023 16:56,-67.735171,-67.332005
7734,KB_23_44224_40,Male,Killingbeck,2023,04/01/2023,19:58:20,04/01/2023 19:58,04/01/2023 16:58,-67.735563,-67.332413
7735,KB_23_44224_40,Male,Killingbeck,2023,04/01/2023,20:00:22,04/01/2023 20:00,04/01/2023 17:00,-67.736535,-67.33309
7736,KB_23_44224_40,Male,Killingbeck,2023,04/01/2023,20:02:20,04/01/2023 20:02,04/01/2023 17:02,-67.737817,-67.333495
7737,KB_23_44224_40,Male,Killingbeck,2023,04/01/2023,20:04:20,04/01/2023 20:04,04/01/2023 17:04,-67.738561,-67.333728
7738,KB_23_44224_40,Male,Killingbeck,2023,04/01/2023,20:08:38,04/01/2023 20:08,04/01/2023 17:08,0,0
7739,KB_23_44224_40,Male,Killingbeck,2023,04/01/2023,20:10:20,04/01/2023 20:10,04/01/2023 17:10,-67.738287,-67.333822
7740,KB_23_44224_40,Male,Killingbeck,2023,04/01/2023,20:12:20,04/01/2023 20:12,04/01/2023 17:12,-67.738522,-67.33415
7741,KB_23_44224_40,Male,Killingbeck,2023,04/01/2023,20:14:21,04/01/2023 20:14,04/01/2023 17:14,-67.737509,-67.332803
7742,KB_23_44224_40,Male,Killingbeck,2023,04/01/2023,20:18:39,04/01/2023 20:18,04/01/2023 17:18,0,0
7743,KB_23_44224_40,Male,Killingbeck,2023,04/01/2023,20:20:33,04/01/2023 20:20,04/01/2023 17:20,-67.734847,-67.332946
7744,KB_23_44224_40,Male,Killingbeck,2023,04/01/2023,20:22:24,04/01/2023 20:22,04/01/2023 17:22,-67.736259,-67.333333
7745,KB_23_44224_40,Male,Killingbeck,2023,04/01/2023,20:24:23,04/01/2023 20:24,04/01/2023 17:24,-67.736233,-67.333607
7746,KB_23_44224_40,Male,Killingbeck,2023,04/01/2023,20:26:23,04/01/2023 20:26,04/01/2023 17:26,-67.735841,-67.333776
7747,KB_23_44224_40,Male,Killingbeck,2023,04/01/2023,20:28:23,04/01/2023 20:28,04/01/2023 17:28,-67.734901,-67.334133
7748,KB_23_44224_40,Male,Killingbeck,2023,04/01/2023,20:30:23,04/01/2023 20:30,04/01/2023 17:30,-67.734471,-67.334031
7749,KB_23_44224_40,Male,Killingbeck,2023,04/01/2023,20:32:23,04/01/2023 20:32,04/01/2023 17:32,-67.73429,-67.333769
7750,KB_23_44224_40,Male,Killingbeck,2023,04/01/2023,20:34:23,04/01/2023 20:34,04/01/2023 17:34,-67.734624,-67.333992
7751,KB_23_44224_40,Male,Killingbeck,2023,04/01/2023,20:38:41,04/01/2023 20:38,04/01/2023 17:38,0,0
7752,KB_23_44224_40,Male,Killingbeck,2023,04/01/2023,20:40:23,04/01/2023 20:40,04/01/2023 17:40,-67.735578,-67.334544
7753,KB_23_44224_40,Male,Killingbeck,2023,04/01/2023,20:42:25,04/01/2023 20:42,04/01/2023 17:42,-67.736085,-67.334954
7754,KB_23_44224_40,Male,Killingbeck,2023,04/01/2023,20:44:25,04/01/2023 20:44,04/01/2023 17:44,-67.736006,-67.335393
7755,KB_23_44224_40,Male,Killingbeck,2023,04/01/2023,20:46:25,04/01/2023 20:46,04/01/2023 17:46,-67.73621,-67.335443
7756,KB_23_44224_40,Male,Killingbeck,2023,04/01/2023,20:48:25,04/01/2023 20:48,04/01/2023 17:48,-67.7365,-67.335603
7757,KB_23_44224_40,Male,Killingbeck,2023,04/01/2023,20:50:25,04/01/2023 20:50,04/01/2023 17:50,-67.736685,-67.335934
7758,KB_23_44224_40,Male,Killingbeck,2023,04/01/2023,20:52:26,04/01/2023 20:52,04/01/2023 17:52,-67.737345,-67.335837
7759,KB_23_44224_40,Male,Killingbeck,2023,04/01/2023,20:56:44,04/01/2023 20:56,04/01/2023 17:56,0,0
7760,KB_23_44224_40,Male,Killingbeck,2023,04/01/2023,20:58:26,04/01/2023 20:58,04/01/2023 17:58,-67.736978,-67.336011
7761,KB_23_44224_40,Male,Killingbeck,2023,04/01/2023,21:00:26,04/01/2023 21:00,04/01/2023 18:00,-67.736237,-67.336191
7762,KB_23_44224_40,Male,Killingbeck,2023,04/01/2023,21:02:31,04/01/2023 21:02,04/01/2023 18:02,-67.73536,-67.335981
7763,KB_23_44224_40,Male,Killingbeck,2023,04/01/2023,21:04:29,04/01/2023 21:04,04/01/2023 18:04,-67.734825,-67.335754
7764,KB_23_44224_40,Male,Killingbeck,2023,04/01/2023,21:06:29,04/01/2023 21:06,04/01/2023 18:06,-67.734558,-67.335803
7765,KB_23_44224_40,Male,Killingbeck,2023,04/01/2023,21:08:29,04/01/2023 21:08,04/01/2023 18:08,-67.734558,-67.335781
7766,KB_23_44224_40,Male,Killingbeck,2023,04/01/2023,21:10:29,04/01/2023 21:10,04/01/2023 18:10,-67.73493,-67.335854
7767,KB_23_44224_40,Male,Killingbeck,2023,04/01/2023,21:12:29,04/01/2023 21:12,04/01/2023 18:12,-67.735638,-67.335798
7768,KB_23_44224_40,Male,Killingbeck,2023,04/01/2023,21:14:29,04/01/2023 21:14,04/01/2023 18:14,-67.735675,-67.335989
7769,KB_23_44224_40,Male,Killingbeck,2023,04/01/2023,21:16:29,04/01/2023 21:16,04/01/2023 18:16,-67.735175,-67.336114
7770,KB_23_44224_40,Male,Killingbeck,2023,04/01/2023,21:20:07,04/01/2023 21:20,04/01/2023 18:20,-67.733098,-67.336181
7771,KB_23_44224_40,Male,Killingbeck,2023,04/01/2023,21:22:05,04/01/2023 21:22,04/01/2023 18:22,-67.735256,-67.33814
7772,KB_23_44224_40,Male,Killingbeck,2023,04/01/2023,21:24:05,04/01/2023 21:24,04/01/2023 18:24,-67.744897,-67.347021
7773,KB_23_44224_40,Male,Killingbeck,2023,04/01/2023,21:28:26,04/01/2023 21:28,04/01/2023 18:28,0,0
7774,KB_23_44224_40,Male,Killingbeck,2023,04/01/2023,21:30:08,04/01/2023 21:30,04/01/2023 18:30,-67.747057,-67.346701
7775,KB_23_44224_40,Male,Killingbeck,2023,04/01/2023,21:32:08,04/01/2023 21:32,04/01/2023 18:32,-67.747122,-67.347196
7776,KB_23_44224_40,Male,Killingbeck,2023,04/01/2023,21:34:08,04/01/2023 21:34,04/01/2023 18:34,-67.747094,-67.347644
7777,KB_23_44224_40,Male,Killingbeck,2023,04/01/2023,21:36:08,04/01/2023 21:36,04/01/2023 18:36,-67.74995513,-67.32184596
7778,KB_23_44224_40,Male,Killingbeck,2023,04/01/2023,21:38:08,04/01/2023 21:38,04/01/2023 18:38,-67.79268766,-67.3095954
7779,KB_23_44224_40,Male,Killingbeck,2023,04/01/2023,21:40:08,04/01/2023 21:40,04/01/2023 18:40,-67.82360256,-67.30009326
7780,KB_23_44224_40,Male,Killingbeck,2023,04/01/2023,21:42:08,04/01/2023 21:42,04/01/2023 18:42,-67.85688098,-67.28607939
7781,KB_23_44224_40,Male,Killingbeck,2023,04/01/2023,21:44:08,04/01/2023 21:44,04/01/2023 18:44,-67.85990629,-67.263874
7782,KB_23_44224_40,Male,Killingbeck,2023,04/01/2023,21:46:08,04/01/2023 21:46,04/01/2023 18:46,-67.82057724,-67.24749898
7783,KB_23_44224_40,Male,Killingbeck,2023,04/01/2023,21:48:08,04/01/2023 21:48,04/01/2023 18:48,-67.79032413,-67.2357957
7784,KB_23_44224_40,Male,Killingbeck,2023,04/01/2023,21:50:08,04/01/2023 21:50,04/01/2023 18:50,-67.75099509,-67.22291552
7785,KB_23_44224_40,Male,Killingbeck,2023,04/01/2023,21:52:09,04/01/2023 21:52,04/01/2023 18:52,-67.69048886,-67.2029962
7786,KB_23_44224_40,Male,Killingbeck,2023,04/01/2023,21:54:10,04/01/2023 21:54,04/01/2023 18:54,-67.64208388,-67.18540664
7787,KB_23_44224_40,Male,Killingbeck,2023,04/01/2023,21:56:08,04/01/2023 21:56,04/01/2023 18:56,-67.66789357,-67.14073381
7798,KB_23_44224_40,Male,Killingbeck,2023,04/01/2023,22:18:26,04/01/2023 22:18,04/01/2023 19:18,-67.71885115,-67.05570297
7799,KB_23_44224_40,Male,Killingbeck,2023,04/01/2023,22:22:44,04/01/2023 22:22,04/01/2023 19:22,0,0
7800,KB_23_44224_40,Male,Killingbeck,2023,04/01/2023,22:24:30,04/01/2023 22:24,04/01/2023 19:24,-67.72613081,-67.10250832
7801,KB_23_44224_40,Male,Killingbeck,2023,04/01/2023,22:26:30,04/01/2023 22:26,04/01/2023 19:26,-67.7178112,-67.1269208
7802,KB_23_44224_40,Male,Killingbeck,2023,04/01/2023,22:28:30,04/01/2023 22:28,04/01/2023 19:28,-67.63300795,-67.17249946
7804,KB_23_44224_40,Male,Killingbeck,2023,04/01/2023,22:34:52,04/01/2023 22:34,04/01/2023 19:34,0,0
7809,KB_23_44224_40,Male,Killingbeck,2023,04/01/2023,22:46:52,04/01/2023 22:46,04/01/2023 19:46,0,0
7815,KB_23_44224_40,Male,Killingbeck,2023,04/01/2023,23:00:52,04/01/2023 23:00,04/01/2023 20:00,0,0
7822,KB_23_44224_40,Male,Killingbeck,2023,04/01/2023,23:17:02,04/01/2023 23:17,04/01/2023 20:17,0,0
7832,KB_23_44224_40,Male,Killingbeck,2023,04/01/2023,23:39:10,04/01/2023 23:39,04/01/2023 20:39,0,0
7839,KB_23_44224_40,Male,Killingbeck,2023,04/01/2023,23:55:14,04/01/2023 23:55,04/01/2023 20:55,0,0
7859,KB_23_44224_40,Male,Killingbeck,2023,05/01/2023,00:40:01,05/01/2023 00:40,04/01/2023 21:40,0,0
