"date_time","lon","lat","bird_id"
"2007-12-16 02:32:00 UTC",-39.06,-48.8,"bird_01"
"2007-12-16 14:37:00 UTC",-40.37,-49.38,"bird_01"
"2007-12-17 02:43:00 UTC",-41.93,-49.27,"bird_01"
"2007-12-17 14:38:00 UTC",-40.5,-48.63,"bird_01"
"2007-12-18 02:35:00 UTC",-39.56,-48.34,"bird_01"
"2007-12-18 14:26:00 UTC",-37.25,-47.96,"bird_01"
"2007-12-19 02:26:00 UTC",-37.19,-46.8,"bird_01"
"2007-12-19 14:19:00 UTC",-35.63,-46.39,"bird_01"
"2007-12-20 02:15:00 UTC",-34.32,-46.17,"bird_01"
"2007-12-20 14:14:00 UTC",-34.13,-46.66,"bird_01"
"2007-12-21 02:09:00 UTC",-32.82,-47.05,"bird_01"
"2007-12-21 13:58:00 UTC",-30.13,-46.75,"bird_01"
"2007-12-22 02:05:00 UTC",-31.7,-44.34,"bird_01"
"2007-12-22 14:24:00 UTC",-36.38,-45.21,"bird_01"
"2007-12-23 02:21:00 UTC",-35.57,-48.17,"bird_01"
"2007-12-23 13:47:00 UTC",-27.01,-46.46,"bird_01"
"2007-12-25 01:32:00 UTC",-23.2,-43.81,"bird_01"
"2007-12-25 13:23:00 UTC",-20.76,-44.61,"bird_01"
"2007-12-28 00:34:00 UTC",-8.34,-45.69,"bird_01"
"2007-12-28 13:14:00 UTC",-18.15,-50.57,"bird_01"
"2007-12-30 01:36:00 UTC",-23.46,-54.26,"bird_01"
"2007-12-30 13:51:00 UTC",-27.02,-53.87,"bird_01"
"2007-12-31 01:54:00 UTC",-27.96,-54.86,"bird_01"
"2007-12-31 14:00:00 UTC",-29.4,-55.01,"bird_01"
"2008-01-01 02:11:00 UTC",-31.97,-54.54,"bird_01"
"2008-01-01 14:10:00 UTC",-31.66,-54.35,"bird_01"
"2008-01-02 02:13:00 UTC",-32.22,-54.09,"bird_01"
"2008-01-02 14:32:00 UTC",-37.04,-54.57,"bird_01"
"2008-01-03 02:38:00 UTC",-38.36,-55.81,"bird_01"
"2008-01-05 02:19:00 UTC",-33.5,-47.79,"bird_01"
"2008-01-06 02:22:00 UTC",-34.26,-46.83,"bird_01"
"2008-01-06 14:26:00 UTC",-35.08,-46.38,"bird_01"
"2008-01-07 02:17:00 UTC",-32.91,-47.99,"bird_01"
"2008-01-07 13:59:00 UTC",-28.23,-47.57,"bird_01"
"2008-01-08 02:19:00 UTC",-33.3,-41.46,"bird_01"
"2008-01-08 14:13:00 UTC",-31.62,-38.84,"bird_01"
"2008-01-09 02:05:00 UTC",-29.57,-39.23,"bird_01"
"2008-01-09 14:18:00 UTC",-32.89,-41.46,"bird_01"
"2008-01-10 02:28:00 UTC",-35.21,-42.23,"bird_01"
"2008-01-10 14:22:00 UTC",-33.78,-41.09,"bird_01"
"2008-01-11 02:09:00 UTC",-30.36,-42.42,"bird_01"
"2008-01-11 13:53:00 UTC",-26.31,-42.52,"bird_01"
"2008-01-12 14:22:00 UTC",-33.59,-38.85,"bird_01"
"2008-01-13 02:34:00 UTC",-36.41,-40.32,"bird_01"
"2008-01-13 14:35:00 UTC",-36.49,-39.38,"bird_01"
"2008-01-14 02:11:00 UTC",-30.57,-43.85,"bird_01"
"2008-01-14 14:01:00 UTC",-28.02,-45.21,"bird_01"
"2008-01-15 01:51:00 UTC",-25.35,-45.21,"bird_01"
"2008-01-15 13:39:00 UTC",-22.43,-45.45,"bird_01"
"2008-01-16 01:29:00 UTC",-19.77,-45.2,"bird_01"
"2008-01-16 13:25:00 UTC",-18.72,-46.05,"bird_01"
"2008-01-17 01:09:00 UTC",-14.81,-47.89,"bird_01"
"2008-01-17 12:58:00 UTC",-12.14,-48.34,"bird_01"
"2008-01-18 00:48:00 UTC",-9.6,-48.47,"bird_01"
"2008-01-18 12:11:00 UTC",-0.31,-46.57,"bird_01"
"2008-01-18 23:47:00 UTC",5.85,-44.59,"bird_01"
"2008-01-19 11:29:00 UTC",10.27,-45.37,"bird_01"
"2008-01-19 23:05:00 UTC",16.43,-46.63,"bird_01"
"2008-01-20 10:32:00 UTC",24.71,-46.03,"bird_01"
"2008-01-20 22:16:00 UTC",28.75,-42.96,"bird_01"
"2008-01-21 09:56:00 UTC",33.66,-42.97,"bird_01"
"2008-01-21 21:53:00 UTC",34.57,-39.87,"bird_01"
"2008-01-22 09:46:00 UTC",36.23,-39.53,"bird_01"
"2008-01-22 21:30:00 UTC",40.26,-41.63,"bird_01"
"2008-01-23 09:13:00 UTC",44.67,-41.64,"bird_01"
"2008-01-23 21:08:00 UTC",45.95,-39.16,"bird_01"
"2008-01-24 09:00:00 UTC",48.11,-38.8,"bird_01"
"2008-01-24 20:50:00 UTC",50.39,-39.32,"bird_01"
"2008-01-25 09:03:00 UTC",47.17,-42.16,"bird_01"
"2008-01-25 21:20:00 UTC",43.08,-41.54,"bird_01"
"2008-01-27 08:17:00 UTC",58.9,-39.33,"bird_01"
"2008-01-27 20:07:00 UTC",61.43,-43.23,"bird_01"
"2008-01-28 07:48:00 UTC",66.33,-42.3,"bird_01"
"2008-01-28 19:32:00 UTC",70.1,-41.48,"bird_01"
"2008-01-29 07:44:00 UTC",67.25,-45.04,"bird_01"
"2008-01-29 19:39:00 UTC",68.65,-48.16,"bird_01"
"2008-01-30 07:39:00 UTC",68.67,-48.87,"bird_01"
"2008-01-30 19:48:00 UTC",66.32,-47.37,"bird_01"
"2008-01-31 07:51:00 UTC",65.71,-46.88,"bird_01"
"2008-01-31 19:47:00 UTC",66.73,-48.47,"bird_01"
"2008-02-01 07:41:00 UTC",68.25,-48.41,"bird_01"
"2008-02-02 19:37:00 UTC",69.05,-47.4,"bird_01"
"2008-02-03 07:44:00 UTC",67.44,-46.6,"bird_01"
"2008-02-03 19:42:00 UTC",67.95,-48.29,"bird_01"
"2008-02-04 07:41:00 UTC",68.34,-48.67,"bird_01"
"2008-02-04 19:40:00 UTC",68.48,-48.76,"bird_01"
"2008-02-05 07:35:00 UTC",69.74,-48.43,"bird_01"
"2008-02-05 19:35:00 UTC",69.75,-47.79,"bird_01"
"2008-02-06 07:16:00 UTC",74.63,-45.65,"bird_01"
"2008-02-07 19:38:00 UTC",68.91,-42.42,"bird_01"
"2008-02-08 07:40:00 UTC",68.41,-43.47,"bird_01"
"2008-02-08 19:40:00 UTC",68.54,-44.31,"bird_01"
"2008-02-09 07:39:00 UTC",68.8,-44.59,"bird_01"
"2008-02-09 19:34:00 UTC",69.93,-45.42,"bird_01"
"2008-02-10 07:35:00 UTC",69.81,-46.6,"bird_01"
"2008-02-10 19:30:00 UTC",71.06,-47.9,"bird_01"
"2008-02-11 07:20:00 UTC",73.56,-47.51,"bird_01"
"2008-02-11 19:20:00 UTC",73.69,-45.82,"bird_01"
"2008-02-12 07:10:00 UTC",76.06,-44.77,"bird_01"
"2008-02-12 19:06:00 UTC",77.18,-43.64,"bird_01"
"2008-02-13 07:05:00 UTC",77.43,-44.77,"bird_01"
"2008-02-13 19:11:00 UTC",75.81,-43.19,"bird_01"
"2008-02-14 07:07:00 UTC",76.8,-41.21,"bird_01"
"2008-02-14 19:01:00 UTC",78.42,-42.24,"bird_01"
"2008-02-15 06:55:00 UTC",79.79,-42.8,"bird_01"
"2008-02-17 06:05:00 UTC",92.27,-43.67,"bird_01"
"2008-02-17 17:54:00 UTC",95.01,-45.39,"bird_01"
"2008-02-18 05:45:00 UTC",97.37,-45.96,"bird_01"
"2008-02-18 17:41:00 UTC",98.24,-44.74,"bird_01"
"2008-02-19 05:37:00 UTC",99.35,-44.87,"bird_01"
"2008-02-19 17:25:00 UTC",102.34,-47.05,"bird_01"
"2008-02-20 05:20:00 UTC",103.33,-48.69,"bird_01"
"2008-02-20 17:16:00 UTC",104.44,-49.27,"bird_01"
"2008-02-21 05:15:00 UTC",104.56,-50.25,"bird_01"
"2008-02-21 17:20:00 UTC",103.29,-49.42,"bird_01"
"2008-02-22 05:14:00 UTC",104.9,-47.87,"bird_01"
"2008-02-22 17:14:00 UTC",104.89,-46.39,"bird_01"
"2008-02-23 05:10:00 UTC",105.87,-45.8,"bird_01"
"2008-02-23 17:10:00 UTC",105.85,-45.18,"bird_01"
"2008-02-24 05:01:00 UTC",108.21,-43.67,"bird_01"
"2008-02-25 16:47:00 UTC",111.66,-45.01,"bird_01"
"2008-02-26 04:50:00 UTC",110.89,-48.67,"bird_01"
"2008-02-26 16:52:00 UTC",110.12,-49.13,"bird_01"
"2008-02-27 04:50:00 UTC",110.85,-48.59,"bird_01"
"2008-02-27 16:54:00 UTC",109.7,-46.62,"bird_01"
"2008-02-29 04:13:00 UTC",119.76,-46.63,"bird_01"
"2008-02-29 16:09:00 UTC",120.73,-48.32,"bird_01"
"2008-03-01 04:07:00 UTC",121.46,-49.41,"bird_01"
"2008-03-01 16:09:00 UTC",120.81,-47.92,"bird_01"
"2008-03-02 04:05:00 UTC",121.91,-46.9,"bird_01"
"2008-03-02 15:51:00 UTC",125.26,-50.17,"bird_01"
"2008-03-03 03:35:00 UTC",129.23,-50.14,"bird_01"
"2008-03-03 15:29:00 UTC",130.58,-47.27,"bird_01"
"2008-03-05 15:05:00 UTC",136.47,-50.35,"bird_01"
"2008-03-06 02:51:00 UTC",140.07,-49.32,"bird_01"
"2008-03-06 14:38:00 UTC",143.41,-49.61,"bird_01"
"2008-03-07 02:32:00 UTC",144.76,-52.56,"bird_01"
"2008-03-07 14:19:00 UTC",147.98,-56.02,"bird_01"
"2008-03-08 01:58:00 UTC",153.2,-54.44,"bird_01"
"2008-03-08 13:38:00 UTC",158.04,-54.8,"bird_01"
"2008-03-09 01:26:00 UTC",161.14,-56.86,"bird_01"
"2008-03-09 13:33:00 UTC",159.36,-50.51,"bird_01"
"2008-03-10 01:20:00 UTC",162.45,-43.45,"bird_01"
"2008-03-10 12:58:00 UTC",168.04,-49.6,"bird_01"
"2008-03-11 00:51:00 UTC",169.64,-55.91,"bird_01"
"2008-03-14 00:05:00 UTC",-179.06,-51.7,"bird_01"
"2008-03-14 12:01:00 UTC",-178.1,-54.5,"bird_01"
"2008-03-15 12:01:00 UTC",-178.04,-46.15,"bird_01"
"2008-03-16 11:36:00 UTC",-171.74,-47.85,"bird_01"
"2008-03-17 11:31:00 UTC",-170.69,-51.13,"bird_01"
"2008-03-19 23:30:00 UTC",-170.62,-52.7,"bird_01"
"2008-03-31 23:37:00 UTC",-173.27,-41.97,"bird_01"
"2008-04-02 11:44:00 UTC",-175.13,-47.81,"bird_01"
"2008-04-03 11:30:00 UTC",-171.7,-37.91,"bird_01"
"2008-04-05 11:26:00 UTC",-170.72,-33.51,"bird_01"
"2008-04-05 23:28:00 UTC",-171.38,-35.79,"bird_01"
"2008-04-06 11:28:00 UTC",-171.42,-32.4,"bird_01"
"2008-04-06 23:25:00 UTC",-170.7,-35.62,"bird_01"
"2008-04-07 11:25:00 UTC",-170.74,-36.53,"bird_01"
"2008-04-07 23:20:00 UTC",-169.65,-40.11,"bird_01"
"2008-04-08 11:20:00 UTC",-169.68,-42.41,"bird_01"
"2008-04-08 23:26:00 UTC",-170.97,-37.98,"bird_01"
"2008-04-09 11:29:00 UTC",-171.75,-33.56,"bird_01"
"2008-04-09 23:22:00 UTC",-170.16,-41.6,"bird_01"
"2008-04-10 11:16:00 UTC",-168.82,-41.38,"bird_01"
"2008-04-10 23:14:00 UTC",-168.1,-39.01,"bird_01"
"2008-04-11 11:11:00 UTC",-167.38,-36.69,"bird_01"
"2008-04-11 23:09:00 UTC",-166.92,-35.9,"bird_01"
"2008-04-12 11:06:00 UTC",-166.32,-34.42,"bird_01"
"2008-04-13 23:03:00 UTC",-165.54,-38.32,"bird_01"
"2008-04-14 11:07:00 UTC",-166.7,-45.03,"bird_01"
"2008-04-14 23:18:00 UTC",-169.6,-40.47,"bird_01"
"2008-04-15 11:18:00 UTC",-169.63,-32.53,"bird_01"
"2008-04-15 23:18:00 UTC",-169.66,-31.95,"bird_01"
"2008-04-17 11:33:00 UTC",-173.25,-35.04,"bird_01"
"2008-04-19 11:40:00 UTC",-175.36,-40.01,"bird_01"
"2008-04-19 23:41:00 UTC",-175.64,-38.52,"bird_01"
"2008-04-20 11:41:00 UTC",-175.54,-36.56,"bird_01"
"2008-04-20 23:20:00 UTC",-170.31,-45.57,"bird_01"
"2008-04-21 11:26:00 UTC",-171.71,-53.24,"bird_01"
"2008-04-22 23:21:00 UTC",-170.66,-49.02,"bird_01"
"2008-04-23 11:11:00 UTC",-168.18,-38.25,"bird_01"
"2008-04-23 23:00:00 UTC",-165.58,-38.23,"bird_01"
"2008-04-24 10:56:00 UTC",-164.6,-40.2,"bird_01"
"2008-04-24 22:52:00 UTC",-163.5,-40.15,"bird_01"
"2008-04-25 10:43:00 UTC",-161.27,-38.16,"bird_01"
"2008-04-25 22:38:00 UTC",-159.92,-35.74,"bird_01"
"2008-04-26 10:37:00 UTC",-159.81,-37.35,"bird_01"
"2008-04-26 22:22:00 UTC",-155.96,-43.12,"bird_01"
"2008-04-27 22:41:00 UTC",-160.74,-43.6,"bird_01"
"2008-04-28 10:46:00 UTC",-162.01,-39.86,"bird_01"
"2008-04-28 22:52:00 UTC",-163.78,-38.78,"bird_01"
"2008-04-29 10:53:00 UTC",-163.92,-36.62,"bird_01"
"2008-04-29 22:50:00 UTC",-163.06,-37.36,"bird_01"
"2008-05-01 23:32:00 UTC",-173.62,-41.25,"bird_01"
"2008-05-02 11:40:00 UTC",-175.89,-39.03,"bird_01"
"2008-05-02 23:38:00 UTC",-175.4,-42.37,"bird_01"
"2008-05-03 11:38:00 UTC",-175.29,-42.33,"bird_01"
"2008-05-03 23:34:00 UTC",-174.18,-43.41,"bird_01"
"2008-05-04 11:39:00 UTC",-175.56,-45.46,"bird_01"
"2008-05-04 23:30:00 UTC",-173.32,-48.95,"bird_01"
"2008-05-05 11:37:00 UTC",-174.96,-51.36,"bird_01"
"2008-05-05 23:46:00 UTC",-177.47,-50.24,"bird_01"
"2008-05-06 11:30:00 UTC",-173.35,-44.75,"bird_01"
"2008-05-06 23:24:00 UTC",-171.86,-41.33,"bird_01"
"2008-05-07 11:25:00 UTC",-171.99,-42.9,"bird_01"
"2008-05-07 23:26:00 UTC",-172.5,-42.11,"bird_01"
"2008-05-08 11:36:00 UTC",-174.88,-43.61,"bird_01"
"2008-05-08 23:36:00 UTC",-174.76,-45.93,"bird_01"
"2008-05-09 11:36:00 UTC",-174.77,-45.66,"bird_01"
"2008-05-09 23:39:00 UTC",-175.65,-44.71,"bird_01"
"2008-05-10 11:38:00 UTC",-175.28,-43.28,"bird_01"
"2008-05-10 23:29:00 UTC",-173.15,-44.66,"bird_01"
"2008-05-11 11:26:00 UTC",-172.41,-45.74,"bird_01"
"2008-05-11 23:36:00 UTC",-174.91,-41.81,"bird_01"
"2008-05-12 11:26:00 UTC",-172.29,-37.19,"bird_01"
"2008-05-12 23:19:00 UTC",-170.79,-35.3,"bird_01"
"2008-05-13 11:26:00 UTC",-172.29,-38.35,"bird_01"
"2008-05-13 23:31:00 UTC",-173.66,-37.87,"bird_01"
"2008-05-15 00:11:00 UTC",176.34,-51.9,"bird_01"
"2008-05-15 11:42:00 UTC",-176.41,-47.15,"bird_01"
"2008-05-15 23:40:00 UTC",-176.03,-39.8,"bird_01"
"2008-05-16 11:40:00 UTC",-175.91,-39.84,"bird_01"
"2008-05-16 23:35:00 UTC",-174.53,-41.28,"bird_01"
"2008-05-17 11:21:00 UTC",-171.27,-39.21,"bird_01"
"2008-05-17 23:15:00 UTC",-169.52,-37.56,"bird_01"
"2008-05-18 11:15:00 UTC",-169.51,-38.84,"bird_01"
"2008-05-18 23:22:00 UTC",-171.38,-36.44,"bird_01"
"2008-05-19 11:30:00 UTC",-173.5,-36.52,"bird_01"
"2008-05-19 23:36:00 UTC",-174.87,-37.09,"bird_01"
"2008-05-20 11:47:00 UTC",-177.61,-38.36,"bird_01"
"2008-05-20 23:56:00 UTC",-179.85,-38.66,"bird_01"
"2008-05-22 00:03:00 UTC",178.41,-43.08,"bird_01"
"2008-05-22 11:59:00 UTC",179.55,-43.11,"bird_01"
"2008-05-23 00:02:00 UTC",178.68,-40.68,"bird_01"
"2008-05-23 11:54:00 UTC",-179.18,-38.09,"bird_01"
"2008-05-26 00:01:00 UTC",179.01,-42.25,"bird_01"
"2008-05-26 11:59:00 UTC",179.52,-41.71,"bird_01"
"2008-05-26 23:57:00 UTC",-179.84,-41.77,"bird_01"
"2008-05-27 11:53:00 UTC",-178.95,-41.44,"bird_01"
"2008-05-27 23:51:00 UTC",-178.43,-40.92,"bird_01"
"2008-05-28 11:50:00 UTC",-178.29,-40.99,"bird_01"
"2008-05-28 23:41:00 UTC",-176.03,-42.8,"bird_01"
"2008-05-29 11:45:00 UTC",-176.76,-44.5,"bird_01"
"2008-05-29 23:42:00 UTC",-176.12,-45.59,"bird_01"
"2008-05-30 11:29:00 UTC",-172.98,-43.91,"bird_01"
"2008-05-30 23:35:00 UTC",-174.21,-40.01,"bird_01"
"2008-05-31 11:49:00 UTC",-177.81,-41.66,"bird_01"
"2008-05-31 23:38:00 UTC",-175.05,-46.77,"bird_01"
"2008-06-01 11:39:00 UTC",-175.4,-48.05,"bird_01"
"2008-06-01 23:53:00 UTC",-178.76,-45.59,"bird_01"
"2008-06-02 11:50:00 UTC",-177.99,-43.44,"bird_01"
"2008-06-02 23:49:00 UTC",-177.59,-42.81,"bird_01"
"2008-06-03 11:50:00 UTC",-177.94,-43.25,"bird_01"
"2008-06-03 23:56:00 UTC",-179.42,-42.08,"bird_01"
"2008-06-04 11:57:00 UTC",-179.53,-41.44,"bird_01"
"2008-06-04 23:53:00 UTC",-178.63,-42.28,"bird_01"
"2008-06-05 11:55:00 UTC",-179.11,-42.91,"bird_01"
"2008-06-05 23:56:00 UTC",-179.33,-42.83,"bird_01"
"2008-06-06 11:53:00 UTC",-178.56,-42.4,"bird_01"
"2008-06-07 22:52:00 UTC",-163.12,-39.79,"bird_01"
"2008-06-08 11:00:00 UTC",-165.22,-39.91,"bird_01"
"2008-06-09 22:58:00 UTC",-164.77,-46.97,"bird_01"
"2008-06-10 11:10:00 UTC",-167.62,-43.27,"bird_01"
"2008-06-10 23:28:00 UTC",-172.09,-41.83,"bird_01"
"2008-06-11 11:25:00 UTC",-171.19,-38.61,"bird_01"
"2008-06-11 23:37:00 UTC",-174.29,-34.67,"bird_01"
"2008-06-12 11:51:00 UTC",-177.77,-35.06,"bird_01"
"2008-06-12 23:52:00 UTC",-178.11,-38.09,"bird_01"
"2008-06-13 12:00:00 UTC",-179.84,-38.83,"bird_01"
"2008-06-13 23:57:00 UTC",-179.19,-40.85,"bird_01"
"2008-06-15 00:17:00 UTC",175.99,-42.02,"bird_01"
"2008-06-15 12:09:00 UTC",177.89,-39.27,"bird_01"
"2008-06-15 23:52:00 UTC",-177.71,-41.62,"bird_01"
"2008-06-16 11:48:00 UTC",-176.68,-43.3,"bird_01"
"2008-06-16 23:49:00 UTC",-176.9,-42.27,"bird_01"
"2008-06-17 11:43:00 UTC",-175.62,-41.55,"bird_01"
"2008-06-17 23:49:00 UTC",-177.1,-38.98,"bird_01"
"2008-06-18 11:51:00 UTC",-177.44,-38.39,"bird_01"
"2008-06-18 23:46:00 UTC",-176.17,-39.89,"bird_01"
"2008-06-19 11:51:00 UTC",-177.39,-41.33,"bird_01"
"2008-06-19 23:51:00 UTC",-177.49,-42.19,"bird_01"
"2008-06-20 11:55:00 UTC",-178.34,-42.7,"bird_01"
"2008-06-20 23:50:00 UTC",-177.18,-44.18,"bird_01"
"2008-06-21 11:46:00 UTC",-176.03,-44.34,"bird_01"
"2008-06-21 23:46:00 UTC",-176,-43.37,"bird_01"
"2008-06-22 11:50:00 UTC",-177.1,-43.87,"bird_01"
"2008-06-22 23:54:00 UTC",-177.95,-44.04,"bird_01"
"2008-06-23 11:55:00 UTC",-178.05,-43.89,"bird_01"
"2008-06-23 23:52:00 UTC",-177.27,-44.54,"bird_01"
"2008-06-24 11:42:00 UTC",-174.87,-43.75,"bird_01"
"2008-06-24 23:51:00 UTC",-177.22,-39.76,"bird_01"
"2008-06-25 12:01:00 UTC",-179.69,-39.79,"bird_01"
"2008-06-26 00:01:00 UTC",-179.66,-41.97,"bird_01"
"2008-06-26 11:58:00 UTC",-178.76,-41.47,"bird_01"
"2008-06-26 23:49:00 UTC",-176.49,-42.54,"bird_01"
"2008-06-27 11:53:00 UTC",-177.46,-44.55,"bird_01"
"2008-06-27 23:54:00 UTC",-177.56,-45.06,"bird_01"
"2008-06-28 11:47:00 UTC",-175.91,-44.31,"bird_01"
"2008-06-28 23:50:00 UTC",-176.64,-42.34,"bird_01"
"2008-06-30 00:24:00 UTC",174.91,-48.05,"bird_01"
"2008-06-30 12:11:00 UTC",178.06,-45.9,"bird_01"
"2008-07-01 00:03:00 UTC",-179.79,-45.17,"bird_01"
"2008-07-01 11:58:00 UTC",-178.39,-45.38,"bird_01"
"2008-07-02 00:00:00 UTC",-179.11,-43.82,"bird_01"
"2008-07-02 11:54:00 UTC",-177.34,-42.52,"bird_01"
"2008-07-02 23:56:00 UTC",-177.82,-40.78,"bird_01"
"2008-07-03 11:57:00 UTC",-178.05,-40.47,"bird_01"
"2008-07-03 23:57:00 UTC",-178.15,-40.72,"bird_01"
"2008-07-04 11:56:00 UTC",-177.88,-40.79,"bird_01"
"2008-07-04 23:50:00 UTC",-176.35,-41.6,"bird_01"
"2008-07-06 00:16:00 UTC",177.31,-48.1,"bird_01"
"2008-07-06 11:56:00 UTC",-177.79,-45.27,"bird_01"
"2008-07-07 00:00:00 UTC",-178.9,-40.22,"bird_01"
"2008-07-07 12:01:00 UTC",-179,-39.72,"bird_01"
"2008-07-08 00:01:00 UTC",-178.98,-39.81,"bird_01"
"2008-07-08 12:00:00 UTC",-178.71,-39.89,"bird_01"
"2008-07-08 23:56:00 UTC",-177.57,-40.57,"bird_01"
"2008-07-10 00:10:00 UTC",178.97,-45.08,"bird_01"
"2008-07-10 11:59:00 UTC",-178.39,-43.63,"bird_01"
"2008-07-11 00:00:00 UTC",-178.62,-40.77,"bird_01"
"2008-07-11 12:00:00 UTC",-178.48,-40.68,"bird_01"
"2008-07-11 23:41:00 UTC",-173.97,-44.83,"bird_01"
"2008-07-12 11:38:00 UTC",-173.2,-46.93,"bird_01"
"2008-07-12 23:52:00 UTC",-176.44,-43.65,"bird_01"
"2008-07-13 11:49:00 UTC",-175.8,-41.32,"bird_01"
"2008-07-13 23:44:00 UTC",-174.66,-42.02,"bird_01"
"2008-07-14 11:39:00 UTC",-173.39,-42.14,"bird_01"
"2008-07-14 23:38:00 UTC",-173.01,-41.29,"bird_01"
"2008-07-15 11:38:00 UTC",-172.99,-41.82,"bird_01"
"2008-07-15 23:33:00 UTC",-171.73,-43.1,"bird_01"
"2008-07-16 11:33:00 UTC",-171.72,-43.99,"bird_01"
"2008-07-16 23:40:00 UTC",-173.46,-42.61,"bird_01"
"2008-07-17 11:41:00 UTC",-173.7,-41.56,"bird_01"
"2008-07-17 23:42:00 UTC",-173.94,-41.71,"bird_01"
"2008-07-18 11:40:00 UTC",-173.56,-41.65,"bird_01"
"2008-07-18 23:43:00 UTC",-174.3,-40.55,"bird_01"
"2008-07-19 11:39:00 UTC",-173.29,-39.4,"bird_01"
"2008-07-19 23:24:00 UTC",-169.41,-42.31,"bird_01"
"2008-07-20 11:42:00 UTC",-173.9,-47.68,"bird_01"
"2008-07-20 23:57:00 UTC",-177.64,-48.51,"bird_01"
"2008-07-21 11:38:00 UTC",-173.01,-43.8,"bird_01"
"2008-07-23 11:41:00 UTC",-173.62,-41.82,"bird_01"
"2008-07-23 23:38:00 UTC",-172.74,-41.34,"bird_01"
"2008-07-24 11:45:00 UTC",-174.62,-43.87,"bird_01"
"2008-07-24 23:47:00 UTC",-175.12,-45.27,"bird_01"
"2008-07-25 11:38:00 UTC",-172.87,-43.42,"bird_01"
"2008-07-25 23:41:00 UTC",-173.74,-40.75,"bird_01"
"2008-07-26 11:49:00 UTC",-175.49,-41.41,"bird_01"
"2008-07-26 23:49:00 UTC",-175.49,-43.39,"bird_01"
"2008-07-27 11:46:00 UTC",-174.99,-43.16,"bird_01"
"2008-07-27 23:46:00 UTC",-174.87,-43.15,"bird_01"
"2008-07-28 11:46:00 UTC",-175,-43.59,"bird_01"
"2008-07-28 23:47:00 UTC",-175.13,-43.59,"bird_01"
"2008-07-29 11:38:00 UTC",-172.88,-41.98,"bird_01"
"2008-07-29 23:38:00 UTC",-172.76,-40.01,"bird_01"
"2008-07-30 11:42:00 UTC",-173.89,-40.99,"bird_01"
"2008-07-30 23:46:00 UTC",-174.77,-41.95,"bird_01"
"2008-07-31 11:49:00 UTC",-175.78,-42.19,"bird_01"
"2008-07-31 23:47:00 UTC",-175.29,-43.86,"bird_01"
"2008-08-01 11:43:00 UTC",-174.3,-43.64,"bird_01"
"2008-08-01 23:49:00 UTC",-175.68,-41.18,"bird_01"
"2008-08-02 11:51:00 UTC",-176.31,-41.18,"bird_01"
"2008-08-02 23:49:00 UTC",-175.7,-42.71,"bird_01"
"2008-08-03 11:43:00 UTC",-174.21,-41.95,"bird_01"
"2008-08-03 23:44:00 UTC",-174.47,-40.09,"bird_01"
"2008-08-04 11:45:00 UTC",-174.86,-40.63,"bird_01"
"2008-08-04 23:44:00 UTC",-174.5,-41.72,"bird_01"
"2008-08-05 11:48:00 UTC",-175.38,-43.32,"bird_01"
"2008-08-05 23:49:00 UTC",-175.77,-44.37,"bird_01"
"2008-08-06 11:46:00 UTC",-175.04,-43.64,"bird_01"
"2008-08-06 23:49:00 UTC",-175.93,-42.06,"bird_01"
"2008-08-07 11:44:00 UTC",-174.69,-40.06,"bird_01"
"2008-08-07 23:40:00 UTC",-173.71,-39.77,"bird_01"
"2008-08-08 11:38:00 UTC",-173.22,-40.67,"bird_01"
"2008-08-08 23:37:00 UTC",-172.74,-40.99,"bird_01"
"2008-08-09 11:39:00 UTC",-173.39,-42.78,"bird_01"
"2008-08-09 23:39:00 UTC",-173.4,-43.68,"bird_01"
"2008-08-10 11:38:00 UTC",-173.3,-43.74,"bird_01"
"2008-08-10 23:39:00 UTC",-173.57,-43.5,"bird_01"
"2008-08-11 11:35:00 UTC",-172.34,-42.66,"bird_01"
"2008-08-11 23:31:00 UTC",-171.36,-42.4,"bird_01"
"2008-08-12 11:36:00 UTC",-172.76,-45.45,"bird_01"
"2008-08-12 23:44:00 UTC",-174.78,-45.25,"bird_01"
"2008-08-13 11:44:00 UTC",-174.8,-43.21,"bird_01"
"2008-08-13 23:41:00 UTC",-174.07,-44.83,"bird_01"
"2008-08-14 11:37:00 UTC",-172.97,-44.3,"bird_01"
"2008-08-14 23:36:00 UTC",-172.75,-44.07,"bird_01"
"2008-08-15 11:42:00 UTC",-174.4,-46.05,"bird_01"
"2008-08-15 23:55:00 UTC",-177.67,-44.58,"bird_01"
"2008-08-16 11:54:00 UTC",-177.32,-40.49,"bird_01"
"2008-08-16 23:41:00 UTC",-174.22,-44.78,"bird_01"
"2008-08-17 11:38:00 UTC",-173.38,-48.09,"bird_01"
"2008-08-17 23:33:00 UTC",-172.15,-49.15,"bird_01"
"2008-08-18 11:35:00 UTC",-172.81,-51.62,"bird_01"
"2008-08-18 23:41:00 UTC",-174.46,-50.69,"bird_01"
"2008-08-19 11:32:00 UTC",-171.99,-46.08,"bird_01"
"2008-08-19 23:22:00 UTC",-169.64,-46.92,"bird_01"
"2008-08-20 11:14:00 UTC",-167.67,-47.42,"bird_01"
"2008-08-20 23:11:00 UTC",-166.95,-46.53,"bird_01"
"2008-08-21 10:57:00 UTC",-163.61,-42.79,"bird_01"
"2008-08-21 22:50:00 UTC",-161.64,-40.74,"bird_01"
"2008-08-22 10:41:00 UTC",-159.67,-41.27,"bird_01"
"2008-08-22 22:36:00 UTC",-158.46,-40.91,"bird_01"
"2008-08-23 10:36:00 UTC",-158.36,-42.83,"bird_01"
"2008-08-23 22:39:00 UTC",-159.15,-41.58,"bird_01"
"2008-08-24 10:34:00 UTC",-158.06,-38.72,"bird_01"
"2008-08-24 22:22:00 UTC",-154.84,-44.17,"bird_01"
"2008-08-25 10:08:00 UTC",-151.62,-44.79,"bird_01"
"2008-08-25 22:04:00 UTC",-150.41,-41.54,"bird_01"
"2008-08-26 09:53:00 UTC",-147.82,-38.41,"bird_01"
"2008-08-27 09:57:00 UTC",-148.89,-37.37,"bird_01"
"2008-08-27 21:46:00 UTC",-146.18,-47.79,"bird_01"
"2008-08-28 09:29:00 UTC",-141.96,-45.54,"bird_01"
"2008-08-30 08:14:00 UTC",-123.36,-48.73,"bird_01"
"2008-08-30 19:54:00 UTC",-118.52,-50.13,"bird_01"
"2008-08-31 07:39:00 UTC",-114.56,-52.07,"bird_01"
"2008-09-01 19:27:00 UTC",-111.8,-52.42,"bird_01"
"2008-09-02 07:20:00 UTC",-110.09,-54.58,"bird_01"
"2008-09-02 19:19:00 UTC",-109.76,-51.69,"bird_01"
"2008-09-03 07:10:00 UTC",-107.8,-48.89,"bird_01"
"2008-09-03 19:11:00 UTC",-107.97,-43.09,"bird_01"
"2008-09-04 07:08:00 UTC",-107.26,-40.7,"bird_01"
"2008-09-05 06:40:00 UTC",-100.21,-40.2,"bird_01"
"2008-09-06 18:27:00 UTC",-97.34,-32.45,"bird_01"
"2008-09-07 06:29:00 UTC",-97.76,-40.23,"bird_01"
"2008-09-09 05:03:00 UTC",-76.43,-44.85,"bird_01"
"2008-09-11 05:01:00 UTC",-76.1,-49.36,"bird_01"
"2008-09-29 04:31:00 UTC",-70.18,-56.74,"bird_01"
"2008-09-29 16:28:00 UTC",-69.34,-54.75,"bird_01"
"2008-09-30 16:28:00 UTC",-69.55,-56.31,"bird_01"
"2008-10-01 16:50:00 UTC",-75.13,-48.2,"bird_01"
"2008-10-02 04:52:00 UTC",-75.54,-51.32,"bird_01"
"2008-10-03 16:59:00 UTC",-77.54,-41.73,"bird_01"
"2008-10-04 16:50:00 UTC",-75.36,-50.26,"bird_01"
"2008-10-05 05:00:00 UTC",-77.78,-38.85,"bird_01"
"2008-10-05 17:06:00 UTC",-79.44,-36.33,"bird_01"
"2008-10-06 04:55:00 UTC",-76.85,-45.38,"bird_01"
"2008-10-08 04:52:00 UTC",-76.12,-48.48,"bird_01"
"2008-10-10 16:51:00 UTC",-75.91,-38.85,"bird_01"
"2008-10-11 04:47:00 UTC",-74.94,-40.02,"bird_01"
"2008-10-11 16:51:00 UTC",-75.97,-42.64,"bird_01"
"2008-10-12 16:42:00 UTC",-74.04,-54.07,"bird_01"
"2008-10-13 04:42:00 UTC",-74.07,-55.62,"bird_01"
"2008-10-13 16:44:00 UTC",-74.6,-55.55,"bird_01"
"2008-10-14 04:39:00 UTC",-73.37,-56.56,"bird_01"
"2008-10-14 16:36:00 UTC",-72.65,-56.48,"bird_01"
"2008-10-15 04:22:00 UTC",-69.06,-58.47,"bird_01"
"2008-10-15 16:06:00 UTC",-65.08,-57.78,"bird_01"
"2008-10-17 04:09:00 UTC",-66.04,-56.75,"bird_01"
"2008-10-17 16:01:00 UTC",-63.94,-56.52,"bird_01"
"2008-10-18 04:07:00 UTC",-65.46,-53.08,"bird_01"
"2008-10-18 16:07:00 UTC",-65.36,-51.72,"bird_01"
"2008-10-19 04:02:00 UTC",-64.26,-52.29,"bird_01"
"2008-10-19 16:12:00 UTC",-66.78,-54.03,"bird_01"
"2008-10-23 04:19:00 UTC",-68.79,-58.19,"bird_01"
"2008-10-24 16:24:00 UTC",-69.96,-58.29,"bird_01"
"2008-10-25 04:40:00 UTC",-73.85,-53.51,"bird_01"
"2008-10-28 15:42:00 UTC",-59.43,-54.17,"bird_01"
"2008-10-29 03:46:00 UTC",-60.57,-55.01,"bird_01"
"2008-10-29 15:40:00 UTC",-59.07,-53.73,"bird_01"
"2008-10-30 03:40:00 UTC",-59.08,-52.38,"bird_01"
"2008-10-30 15:48:00 UTC",-61.21,-52.77,"bird_01"
"2008-10-31 03:41:00 UTC",-59.34,-55.1,"bird_01"
"2008-10-31 15:57:00 UTC",-63.34,-56.57,"bird_01"
"2008-11-02 03:42:00 UTC",-59.6,-57.58,"bird_01"
"2008-11-02 15:33:00 UTC",-57.23,-56.29,"bird_01"
"2008-11-03 03:17:00 UTC",-53.35,-56.93,"bird_01"
"2008-11-03 15:17:00 UTC",-53.23,-57.52,"bird_01"
"2008-11-04 03:10:00 UTC",-51.6,-58.07,"bird_01"
"2008-11-04 15:18:00 UTC",-53.47,-58.59,"bird_01"
"2008-11-05 03:43:00 UTC",-59.85,-56.19,"bird_01"
"2008-11-05 16:00:00 UTC",-64.09,-55.38,"bird_01"
"2008-11-06 03:56:00 UTC",-63.09,-57.85,"bird_01"
"2008-11-06 15:46:00 UTC",-60.58,-57.31,"bird_01"
"2008-11-07 04:00:00 UTC",-64.07,-54.11,"bird_01"
"2008-11-08 03:55:00 UTC",-62.68,-57.89,"bird_01"
"2008-11-10 04:40:00 UTC",-74.01,-57.63,"bird_01"
"2008-11-10 16:33:00 UTC",-72.25,-56.5,"bird_01"
"2008-11-11 04:10:00 UTC",-66.49,-58.14,"bird_01"
"2008-11-11 15:59:00 UTC",-63.85,-58.44,"bird_01"
"2008-11-12 03:48:00 UTC",-61.08,-58.27,"bird_01"
"2008-11-12 15:58:00 UTC",-63.56,-58.88,"bird_01"
"2008-11-13 04:10:00 UTC",-66.42,-58.51,"bird_01"
"2008-11-13 16:05:00 UTC",-65.15,-57.81,"bird_01"
"2008-11-14 03:53:00 UTC",-62.13,-58.3,"bird_01"
"2008-11-14 15:52:00 UTC",-61.99,-58.46,"bird_01"
"2008-11-15 03:40:00 UTC",-58.72,-59.49,"bird_01"
"2008-11-15 15:49:00 UTC",-61.07,-59.94,"bird_01"
"2008-11-16 03:41:00 UTC",-58.92,-61.12,"bird_01"
"2008-11-16 15:21:00 UTC",-53.9,-60.79,"bird_01"
"2008-11-17 03:21:00 UTC",-54,-58.93,"bird_01"
"2008-11-17 15:08:00 UTC",-50.6,-58.38,"bird_01"
"2008-11-18 03:20:00 UTC",-53.58,-55.71,"bird_01"
"2008-11-18 15:37:00 UTC",-57.92,-55.77,"bird_01"
"2008-11-19 03:43:00 UTC",-59.27,-56.8,"bird_01"
"2008-11-19 15:39:00 UTC",-58.24,-56.39,"bird_01"
"2008-11-20 03:30:00 UTC",-56.21,-56.64,"bird_01"
"2008-11-20 15:41:00 UTC",-58.81,-57.08,"bird_01"
"2008-11-21 03:30:00 UTC",-56.15,-58.84,"bird_01"
"2008-11-21 15:36:00 UTC",-57.62,-59.02,"bird_01"
"2008-11-23 04:25:00 UTC",-69.51,-57.08,"bird_01"
"2008-11-24 03:15:00 UTC",-52.07,-59.23,"bird_01"
"2008-11-25 02:55:00 UTC",-47,-57.69,"bird_01"
"2008-11-25 14:29:00 UTC",-40.46,-56.79,"bird_01"
"2008-11-27 14:33:00 UTC",-41.17,-53.77,"bird_01"
"2008-11-28 02:31:00 UTC",-40.76,-50.29,"bird_01"
"2008-11-28 14:36:00 UTC",-41.84,-50.45,"bird_01"
"2007-12-24 02:50:00 UTC",-42.72,-54.11,"bird_02"
"2007-12-24 15:06:00 UTC",-46.54,-54.66,"bird_02"
"2007-12-25 03:35:00 UTC",-53.85,-53.37,"bird_02"
"2007-12-25 15:22:00 UTC",-50.41,-51.92,"bird_02"
"2007-12-26 03:43:00 UTC",-55.47,-47.81,"bird_02"
"2007-12-26 15:14:00 UTC",-48.29,-44.6,"bird_02"
"2007-12-27 03:27:00 UTC",-51.6,-37.37,"bird_02"
"2007-12-27 15:20:00 UTC",-49.66,-35.01,"bird_02"
"2007-12-28 03:00:00 UTC",-44.6,-37.58,"bird_02"
"2007-12-28 14:51:00 UTC",-42.29,-38.8,"bird_02"
"2007-12-29 02:45:00 UTC",-40.73,-38.25,"bird_02"
"2007-12-29 15:08:00 UTC",-46.42,-41.11,"bird_02"
"2007-12-30 03:00:00 UTC",-44.24,-46.05,"bird_02"
"2007-12-31 14:38:00 UTC",-38.68,-49.23,"bird_02"
"2008-01-01 02:51:00 UTC",-41.87,-53.37,"bird_02"
"2008-01-01 15:00:00 UTC",-43.94,-53.35,"bird_02"
"2008-01-02 03:17:00 UTC",-48.13,-52.56,"bird_02"
"2008-01-02 15:19:00 UTC",-48.57,-52.02,"bird_02"
"2008-01-03 03:13:00 UTC",-47.14,-52.75,"bird_02"
"2008-01-03 15:10:00 UTC",-46.33,-52.96,"bird_02"
"2008-01-04 03:23:00 UTC",-49.52,-51.35,"bird_02"
"2008-01-04 15:07:00 UTC",-45.34,-49.98,"bird_02"
"2008-01-05 03:08:00 UTC",-45.54,-47.58,"bird_02"
"2008-01-05 16:03:00 UTC",-59.35,-50.74,"bird_02"
"2008-01-06 04:15:00 UTC",-62.42,-55.1,"bird_02"
"2008-01-06 16:11:00 UTC",-61.37,-54.67,"bird_02"
"2008-01-07 04:16:00 UTC",-62.31,-53.95,"bird_02"
"2008-01-07 16:19:00 UTC",-63.26,-54.03,"bird_02"
"2008-01-08 04:22:00 UTC",-63.96,-54.25,"bird_02"
"2008-01-08 16:42:00 UTC",-68.9,-54.86,"bird_02"
"2008-01-10 04:42:00 UTC",-68.5,-56.8,"bird_02"
"2008-01-10 16:49:00 UTC",-70.2,-56.67,"bird_02"
"2008-01-11 04:45:00 UTC",-69.15,-57.63,"bird_02"
"2008-01-11 16:16:00 UTC",-61.85,-57.08,"bird_02"
"2008-01-12 04:19:00 UTC",-62.68,-54.09,"bird_02"
"2008-01-12 16:25:00 UTC",-64.13,-54.33,"bird_02"
"2008-01-13 04:33:00 UTC",-66.08,-54.15,"bird_02"
"2008-01-14 04:30:00 UTC",-65.11,-55.55,"bird_02"
"2008-01-14 16:41:00 UTC",-68.07,-56.3,"bird_02"
"2008-01-15 04:42:00 UTC",-68.15,-57.42,"bird_02"
"2008-01-15 16:30:00 UTC",-64.98,-57.25,"bird_02"
"2008-01-16 16:55:00 UTC",-71.27,-54.68,"bird_02"
"2008-01-17 04:49:00 UTC",-69.73,-56.45,"bird_02"
"2008-01-17 16:37:00 UTC",-66.81,-56.51,"bird_02"
"2008-01-18 04:36:00 UTC",-66.4,-55.63,"bird_02"
"2008-01-18 16:31:00 UTC",-65.24,-55.55,"bird_02"
"2008-01-19 04:25:00 UTC",-63.45,-55.96,"bird_02"
"2008-01-21 04:37:00 UTC",-66.42,-56.99,"bird_02"
"2008-01-21 16:56:00 UTC",-71.14,-57.52,"bird_02"
"2008-01-22 05:03:00 UTC",-72.73,-58.81,"bird_02"
"2008-01-22 16:53:00 UTC",-70.32,-58.43,"bird_02"
"2008-01-23 04:55:00 UTC",-70.79,-57.45,"bird_02"
"2008-01-23 16:53:00 UTC",-70.26,-57.6,"bird_02"
"2008-01-24 04:57:00 UTC",-71.23,-57.08,"bird_02"
"2008-01-24 16:53:00 UTC",-70.2,-56.96,"bird_02"
"2008-01-25 05:06:00 UTC",-73.42,-55.31,"bird_02"
"2008-01-26 17:07:00 UTC",-73.46,-54.56,"bird_02"
"2008-01-27 05:09:00 UTC",-74.06,-55.83,"bird_02"
"2008-01-29 04:56:00 UTC",-70.84,-54.39,"bird_02"
"2008-01-29 16:41:00 UTC",-67.07,-54.95,"bird_02"
"2008-01-31 05:14:00 UTC",-75.01,-51.9,"bird_02"
"2008-01-31 17:12:00 UTC",-74.5,-50.7,"bird_02"
"2008-02-01 17:12:00 UTC",-74.59,-51.97,"bird_02"
"2008-02-02 05:15:00 UTC",-75.2,-52.54,"bird_02"
"2008-02-02 17:12:00 UTC",-74.56,-52.42,"bird_02"
"2008-02-03 05:03:00 UTC",-72.17,-53.65,"bird_02"
"2008-02-03 16:58:00 UTC",-71.16,-54.3,"bird_02"
"2008-02-04 04:50:00 UTC",-68.89,-55.15,"bird_02"
"2008-02-04 16:55:00 UTC",-70.38,-56.35,"bird_02"
"2008-02-05 05:00:00 UTC",-71.62,-56.77,"bird_02"
"2008-02-05 16:57:00 UTC",-70.86,-56.43,"bird_02"
"2008-02-06 04:56:00 UTC",-70.6,-56.47,"bird_02"
"2008-02-06 16:59:00 UTC",-71.35,-56.9,"bird_02"
"2008-02-07 05:04:00 UTC",-72.46,-56.85,"bird_02"
"2008-02-07 17:04:00 UTC",-72.46,-56.9,"bird_02"
"2008-02-08 04:59:00 UTC",-71.33,-57.81,"bird_02"
"2008-02-08 16:52:00 UTC",-69.32,-57.68,"bird_02"
"2008-02-09 05:01:00 UTC",-71.7,-55.57,"bird_02"
"2008-02-09 17:07:00 UTC",-73.07,-55.5,"bird_02"
"2008-02-10 05:09:00 UTC",-73.57,-56.43,"bird_02"
"2008-02-10 17:07:00 UTC",-73.06,-56.26,"bird_02"
"2008-02-11 05:26:00 UTC",-78.06,-53.12,"bird_02"
"2008-02-11 17:21:00 UTC",-76.69,-50.64,"bird_02"
"2008-02-12 05:14:00 UTC",-74.94,-51.24,"bird_02"
"2008-02-12 17:10:00 UTC",-73.82,-52,"bird_02"
"2008-02-15 17:09:00 UTC",-73.72,-54.02,"bird_02"
"2008-02-16 05:22:00 UTC",-76.85,-53.91,"bird_02"
"2008-02-16 17:18:00 UTC",-75.99,-52.22,"bird_02"
"2008-02-18 05:20:00 UTC",-76.51,-51.91,"bird_02"
"2008-02-18 17:21:00 UTC",-76.78,-54.56,"bird_02"
"2008-02-19 05:19:00 UTC",-76.41,-55.36,"bird_02"
"2008-02-19 17:25:00 UTC",-77.67,-56.58,"bird_02"
"2008-02-20 05:30:00 UTC",-79.06,-56.79,"bird_02"
"2008-02-20 17:13:00 UTC",-74.7,-54.58,"bird_02"
"2008-02-21 05:14:00 UTC",-74.97,-50.59,"bird_02"
"2008-02-21 17:18:00 UTC",-76.23,-51.79,"bird_02"
"2008-02-22 05:19:00 UTC",-76.37,-53.14,"bird_02"
"2008-02-22 17:09:00 UTC",-73.89,-52.01,"bird_02"
"2008-02-23 05:14:00 UTC",-75.03,-48.73,"bird_02"
"2008-02-23 17:16:00 UTC",-75.67,-48.44,"bird_02"
"2008-02-24 05:21:00 UTC",-76.94,-48.4,"bird_02"
"2008-02-24 17:20:00 UTC",-76.83,-47.57,"bird_02"
"2008-02-25 05:13:00 UTC",-74.98,-50.28,"bird_02"
"2008-02-25 17:14:00 UTC",-75.25,-52.11,"bird_02"
"2008-02-26 05:12:00 UTC",-74.77,-53.42,"bird_02"
"2008-02-26 17:11:00 UTC",-74.54,-54.29,"bird_02"
"2008-02-27 05:21:00 UTC",-77.19,-51.46,"bird_02"
"2008-02-27 17:20:00 UTC",-76.96,-49.95,"bird_02"
"2008-02-28 05:21:00 UTC",-77.23,-49.38,"bird_02"
"2008-02-28 17:21:00 UTC",-77.13,-49.63,"bird_02"
"2008-03-01 05:25:00 UTC",-78.03,-49.32,"bird_02"
"2008-03-01 17:25:00 UTC",-78.06,-48.69,"bird_02"
"2008-03-02 05:17:00 UTC",-76.21,-51.79,"bird_02"
"2008-03-02 17:15:00 UTC",-75.61,-53.11,"bird_02"
"2008-03-03 05:15:00 UTC",-75.76,-52.89,"bird_02"
"2008-03-04 17:11:00 UTC",-74.71,-55.36,"bird_02"
"2008-03-05 05:15:00 UTC",-75.99,-56.43,"bird_02"
"2008-03-05 17:07:00 UTC",-73.89,-54.23,"bird_02"
"2008-03-06 05:13:00 UTC",-75.42,-49.94,"bird_02"
"2008-03-06 17:11:00 UTC",-74.95,-47.65,"bird_02"
"2008-03-07 17:13:00 UTC",-75.51,-51.31,"bird_02"
"2008-03-08 05:12:00 UTC",-75.29,-54.63,"bird_02"
"2008-03-08 17:07:00 UTC",-74.07,-54.08,"bird_02"
"2008-03-11 04:52:00 UTC",-70.61,-54.85,"bird_02"
"2008-03-11 16:53:00 UTC",-70.89,-57.66,"bird_02"
"2008-03-12 05:00:00 UTC",-72.55,-56.86,"bird_02"
"2008-03-12 17:03:00 UTC",-73.21,-56.68,"bird_02"
"2008-03-13 05:07:00 UTC",-74.24,-56.85,"bird_02"
"2008-03-19 17:03:00 UTC",-73.83,-53.12,"bird_02"
"2008-03-21 17:10:00 UTC",-75.6,-52.54,"bird_02"
"2008-03-29 17:08:00 UTC",-75.83,-53.21,"bird_02"
"2008-03-31 05:12:00 UTC",-76.94,-56.33,"bird_02"
"2008-04-01 17:02:00 UTC",-74.68,-58.66,"bird_02"
"2008-04-05 17:02:00 UTC",-74.85,-59.15,"bird_02"
"2008-04-06 05:02:00 UTC",-74.88,-59.92,"bird_02"
"2008-04-06 17:00:00 UTC",-74.42,-59.61,"bird_02"
"2008-04-07 05:00:00 UTC",-74.58,-59.8,"bird_02"
"2008-04-08 16:54:00 UTC",-73.06,-59.48,"bird_02"
"2008-04-09 04:57:00 UTC",-73.84,-58.44,"bird_02"
"2008-04-09 16:57:00 UTC",-73.87,-59.05,"bird_02"
"2008-04-10 04:54:00 UTC",-73.28,-56.87,"bird_02"
"2008-04-11 16:59:00 UTC",-74.51,-56.91,"bird_02"
"2008-04-12 05:01:00 UTC",-75.04,-51.93,"bird_02"
"2008-04-12 16:59:00 UTC",-74.57,-52.83,"bird_02"
"2008-04-13 05:02:00 UTC",-75.48,-54.05,"bird_02"
"2008-04-13 16:58:00 UTC",-74.39,-56.54,"bird_02"
"2008-04-14 04:56:00 UTC",-74.04,-56.79,"bird_02"
"2008-04-14 16:58:00 UTC",-74.45,-55.07,"bird_02"
"2008-04-15 04:59:00 UTC",-74.73,-53.66,"bird_02"
"2008-04-15 16:53:00 UTC",-73.26,-55.65,"bird_02"
"2008-04-16 04:52:00 UTC",-72.91,-56.51,"bird_02"
"2008-04-17 16:54:00 UTC",-73.62,-56.06,"bird_02"
"2008-04-18 04:52:00 UTC",-73.28,-56.29,"bird_02"
"2008-04-18 16:58:00 UTC",-74.68,-53.71,"bird_02"
"2008-04-20 16:54:00 UTC",-73.91,-55.6,"bird_02"
"2008-04-21 04:54:00 UTC",-73.94,-54.06,"bird_02"
"2008-04-23 04:51:00 UTC",-73.16,-55.3,"bird_02"
"2008-04-23 16:51:00 UTC",-73.06,-54.13,"bird_02"
"2008-04-24 04:50:00 UTC",-72.96,-53.43,"bird_02"
"2008-04-24 16:45:00 UTC",-71.73,-54.39,"bird_02"
"2008-04-25 04:43:00 UTC",-71.12,-54.18,"bird_02"
"2008-04-25 16:33:00 UTC",-68.89,-55.5,"bird_02"
"2008-04-27 16:46:00 UTC",-72.1,-55.3,"bird_02"
"2008-04-28 04:41:00 UTC",-70.99,-54.72,"bird_02"
"2008-04-29 04:54:00 UTC",-74.28,-53.13,"bird_02"
"2008-04-29 16:49:00 UTC",-72.8,-56.59,"bird_02"
"2008-04-30 04:51:00 UTC",-73.44,-57.09,"bird_02"
"2008-05-01 16:51:00 UTC",-73.36,-57.22,"bird_02"
"2008-05-02 04:45:00 UTC",-72,-54.34,"bird_02"
"2008-05-02 16:33:00 UTC",-69.14,-55.26,"bird_02"
"2008-05-03 04:35:00 UTC",-69.52,-56.74,"bird_02"
"2008-05-03 16:26:00 UTC",-67.29,-58.51,"bird_02"
"2008-05-04 04:24:00 UTC",-66.67,-58.9,"bird_02"
"2008-05-04 16:24:00 UTC",-66.81,-57.92,"bird_02"
"2008-05-05 04:15:00 UTC",-64.7,-56.62,"bird_02"
"2008-05-05 16:15:00 UTC",-64.58,-54.93,"bird_02"
"2008-05-06 04:13:00 UTC",-64.21,-54.47,"bird_02"
"2008-05-06 16:13:00 UTC",-64.1,-54.02,"bird_02"
"2008-05-07 03:50:00 UTC",-58.48,-50.35,"bird_02"
"2008-05-07 15:52:00 UTC",-58.86,-44.21,"bird_02"
"2008-05-08 03:43:00 UTC",-56.5,-41.18,"bird_02"
"2008-05-08 15:40:00 UTC",-55.75,-39.31,"bird_02"
"2008-05-09 03:43:00 UTC",-56.51,-40.12,"bird_02"
"2008-05-09 15:41:00 UTC",-56.02,-41.42,"bird_02"
"2008-05-10 03:42:00 UTC",-56.27,-41.67,"bird_02"
"2008-05-10 15:35:00 UTC",-54.65,-43.58,"bird_02"
"2008-05-11 03:31:00 UTC",-53.65,-43.79,"bird_02"
"2008-05-11 15:38:00 UTC",-55.41,-40.68,"bird_02"
"2008-05-12 03:38:00 UTC",-55.28,-38.67,"bird_02"
"2008-05-12 15:36:00 UTC",-54.91,-38.7,"bird_02"
"2008-05-13 03:40:00 UTC",-55.91,-39.99,"bird_02"
"2008-05-13 15:39:00 UTC",-55.66,-41.22,"bird_02"
"2008-05-14 03:34:00 UTC",-54.54,-40.28,"bird_02"
"2008-05-14 15:37:00 UTC",-55.16,-37.84,"bird_02"
"2008-05-15 03:32:00 UTC",-53.91,-36.07,"bird_02"
"2008-05-16 15:34:00 UTC",-54.28,-39.72,"bird_02"
"2008-05-17 03:35:00 UTC",-54.78,-42.24,"bird_02"
"2008-05-17 15:42:00 UTC",-56.4,-40.94,"bird_02"
"2008-05-18 03:37:00 UTC",-55.14,-38.44,"bird_02"
"2008-05-18 15:36:00 UTC",-55.01,-37.05,"bird_02"
"2008-05-19 03:41:00 UTC",-56.13,-37.6,"bird_02"
"2008-05-19 15:35:00 UTC",-54.75,-40.42,"bird_02"
"2008-05-20 03:40:00 UTC",-55.74,-41.96,"bird_02"
"2008-05-20 15:37:00 UTC",-55.11,-43.22,"bird_02"
"2008-05-21 03:44:00 UTC",-56.73,-44.41,"bird_02"
"2008-05-21 15:42:00 UTC",-56.34,-45.9,"bird_02"
"2008-05-22 03:37:00 UTC",-54.96,-45.19,"bird_02"
"2008-05-22 15:43:00 UTC",-56.45,-42.34,"bird_02"
"2008-05-23 03:48:00 UTC",-57.94,-42.58,"bird_02"
"2008-05-23 15:49:00 UTC",-58.05,-43.39,"bird_02"
"2008-05-24 03:43:00 UTC",-56.54,-42.47,"bird_02"
"2008-05-24 15:46:00 UTC",-57.28,-39.88,"bird_02"
"2008-05-25 03:51:00 UTC",-58.64,-40.36,"bird_02"
"2008-05-25 15:43:00 UTC",-56.51,-43.18,"bird_02"
"2008-05-26 03:37:00 UTC",-54.99,-43.78,"bird_02"
"2008-05-26 15:41:00 UTC",-55.85,-41.16,"bird_02"
"2008-05-27 03:40:00 UTC",-55.59,-40.63,"bird_02"
"2008-05-27 15:40:00 UTC",-55.58,-40.09,"bird_02"
"2008-05-28 03:36:00 UTC",-54.69,-39.35,"bird_02"
"2008-05-28 15:36:00 UTC",-54.67,-38.39,"bird_02"
"2008-05-29 03:34:00 UTC",-54.28,-38.06,"bird_02"
"2008-05-29 15:26:00 UTC",-52.26,-39.6,"bird_02"
"2008-05-30 03:17:00 UTC",-49.75,-39.08,"bird_02"
"2008-05-30 15:05:00 UTC",-46.98,-38.97,"bird_02"
"2008-05-31 03:10:00 UTC",-48.08,-41.42,"bird_02"
"2008-05-31 15:05:00 UTC",-46.82,-43.49,"bird_02"
"2008-06-01 02:54:00 UTC",-44.05,-42.68,"bird_02"
"2008-06-01 14:54:00 UTC",-43.9,-40.15,"bird_02"
"2008-06-02 02:51:00 UTC",-43.38,-39.66,"bird_02"
"2008-06-02 14:53:00 UTC",-43.74,-38.97,"bird_02"
"2008-06-03 02:53:00 UTC",-43.72,-38.48,"bird_02"
"2008-06-03 14:47:00 UTC",-42.32,-39.77,"bird_02"
"2008-06-04 02:48:00 UTC",-42.43,-40.63,"bird_02"
"2008-06-04 14:46:00 UTC",-42.03,-40.73,"bird_02"
"2008-06-05 03:00:00 UTC",-45.38,-42.98,"bird_02"
"2008-06-05 14:52:00 UTC",-43.24,-47.2,"bird_02"
"2008-06-06 02:37:00 UTC",-39.46,-46.22,"bird_02"
"2008-06-06 14:39:00 UTC",-40.19,-42.57,"bird_02"
"2008-06-07 02:38:00 UTC",-39.67,-41.79,"bird_02"
"2008-06-07 14:39:00 UTC",-40.02,-41.18,"bird_02"
"2008-06-08 02:36:00 UTC",-39.25,-40.39,"bird_02"
"2008-06-08 14:26:00 UTC",-36.85,-41.59,"bird_02"
"2008-06-09 02:12:00 UTC",-33.2,-40.99,"bird_02"
"2008-06-10 14:15:00 UTC",-33.87,-41.18,"bird_02"
"2008-06-11 02:15:00 UTC",-33.85,-42.85,"bird_02"
"2008-06-11 14:18:00 UTC",-34.7,-41.95,"bird_02"
"2008-06-12 02:14:00 UTC",-33.55,-41.03,"bird_02"
"2008-06-12 14:14:00 UTC",-33.52,-39.9,"bird_02"
"2008-06-13 02:18:00 UTC",-34.62,-40.4,"bird_02"
"2008-06-13 14:17:00 UTC",-34.34,-41.77,"bird_02"
"2008-06-14 02:11:00 UTC",-32.57,-40.68,"bird_02"
"2008-06-14 14:09:00 UTC",-32.04,-39.56,"bird_02"
"2008-06-15 02:06:00 UTC",-31.39,-39.71,"bird_02"
"2008-06-15 14:01:00 UTC",-30.11,-40.05,"bird_02"
"2008-06-16 02:05:00 UTC",-31.21,-41.27,"bird_02"
"2008-06-16 14:05:00 UTC",-31.18,-42.27,"bird_02"
"2008-06-17 02:02:00 UTC",-30.28,-41.74,"bird_02"
"2008-06-17 14:04:00 UTC",-30.88,-40.5,"bird_02"
"2008-06-18 02:01:00 UTC",-30.1,-39.76,"bird_02"
"2008-06-18 13:56:00 UTC",-28.83,-40.11,"bird_02"
"2008-06-19 02:04:00 UTC",-30.55,-41.84,"bird_02"
"2008-06-19 14:10:00 UTC",-32.15,-42,"bird_02"
"2008-06-20 02:11:00 UTC",-32.24,-41.14,"bird_02"
"2008-06-20 14:02:00 UTC",-30.09,-42.99,"bird_02"
"2008-06-21 01:58:00 UTC",-29.07,-43.32,"bird_02"
"2008-06-21 14:04:00 UTC",-30.41,-41.48,"bird_02"
"2008-06-22 02:04:00 UTC",-30.64,-40.79,"bird_02"
"2008-06-22 14:03:00 UTC",-30.23,-41.32,"bird_02"
"2008-06-23 02:01:00 UTC",-29.58,-41.5,"bird_02"
"2008-06-23 13:44:00 UTC",-25.43,-43.98,"bird_02"
"2008-06-24 01:35:00 UTC",-23.28,-45.08,"bird_02"
"2008-06-24 13:27:00 UTC",-21,-45.1,"bird_02"
"2008-06-25 01:16:00 UTC",-18.35,-44.96,"bird_02"
"2008-06-25 13:06:00 UTC",-15.82,-44.98,"bird_02"
"2008-06-26 00:56:00 UTC",-13.3,-45.01,"bird_02"
"2008-06-26 12:43:00 UTC",-9.9,-45.78,"bird_02"
"2008-06-27 00:42:00 UTC",-9.62,-47.25,"bird_02"
"2008-06-27 12:40:00 UTC",-9.22,-47.15,"bird_02"
"2008-06-28 00:33:00 UTC",-7.32,-46.75,"bird_02"
"2008-06-28 12:29:00 UTC",-6.42,-46.06,"bird_02"
"2008-06-29 00:26:00 UTC",-5.65,-46.1,"bird_02"
"2008-06-29 12:21:00 UTC",-4.25,-46.58,"bird_02"
"2008-06-30 00:06:00 UTC",-0.72,-45.74,"bird_02"
"2008-07-01 11:59:00 UTC",1.35,-44.01,"bird_02"
"2008-07-01 23:54:00 UTC",2.63,-44.7,"bird_02"
"2008-07-02 11:50:00 UTC",3.4,-44.44,"bird_02"
"2008-07-02 23:48:00 UTC",4.05,-44.66,"bird_02"
"2008-07-03 11:38:00 UTC",6.44,-45.81,"bird_02"
"2008-07-03 23:18:00 UTC",11.59,-44.47,"bird_02"
"2008-07-04 11:03:00 UTC",15.49,-43.72,"bird_02"
"2008-07-04 23:01:00 UTC",16.01,-45.39,"bird_02"
"2008-07-05 10:51:00 UTC",18.53,-46.98,"bird_02"
"2008-07-05 22:41:00 UTC",20.93,-47.2,"bird_02"
"2008-07-06 10:34:00 UTC",22.57,-46.53,"bird_02"
"2008-07-06 22:19:00 UTC",26.34,-45.69,"bird_02"
"2008-07-07 10:07:00 UTC",29.61,-45.46,"bird_02"
"2008-07-07 21:56:00 UTC",32.26,-45.7,"bird_02"
"2008-07-08 09:49:00 UTC",34.03,-45.15,"bird_02"
"2008-07-08 21:42:00 UTC",35.8,-45.24,"bird_02"
"2008-07-09 09:43:00 UTC",35.69,-43.85,"bird_02"
"2008-07-09 21:42:00 UTC",35.96,-43.95,"bird_02"
"2008-07-10 09:42:00 UTC",35.97,-43.7,"bird_02"
"2008-07-10 21:45:00 UTC",35.24,-44.15,"bird_02"
"2008-07-11 09:38:00 UTC",36.88,-46.06,"bird_02"
"2008-07-11 21:37:00 UTC",37.15,-47.1,"bird_02"
"2008-07-12 09:40:00 UTC",36.42,-46.28,"bird_02"
"2008-07-12 21:36:00 UTC",37.43,-45.42,"bird_02"
"2008-07-13 09:41:00 UTC",36.2,-43.83,"bird_02"
"2008-07-13 21:40:00 UTC",36.46,-43.23,"bird_02"
"2008-07-14 09:41:00 UTC",36.35,-42.81,"bird_02"
"2008-07-14 21:37:00 UTC",37.36,-42.19,"bird_02"
"2008-07-15 09:36:00 UTC",37.5,-41.74,"bird_02"
"2008-07-15 21:38:00 UTC",37.14,-42.06,"bird_02"
"2008-07-16 09:38:00 UTC",37.15,-42.57,"bird_02"
"2008-07-16 21:38:00 UTC",37.16,-42.71,"bird_02"
"2008-07-17 09:41:00 UTC",36.3,-41.89,"bird_02"
"2008-07-17 21:38:00 UTC",37.06,-41.23,"bird_02"
"2008-07-18 09:34:00 UTC",37.94,-41.57,"bird_02"
"2008-07-18 21:34:00 UTC",38.2,-42.12,"bird_02"
"2008-07-19 09:36:00 UTC",37.46,-41.06,"bird_02"
"2008-07-19 21:39:00 UTC",36.84,-41.42,"bird_02"
"2008-07-20 09:36:00 UTC",37.72,-42.97,"bird_02"
"2008-07-20 21:35:00 UTC",37.85,-43.32,"bird_02"
"2008-07-21 09:31:00 UTC",38.86,-44.25,"bird_02"
"2008-07-21 21:35:00 UTC",37.86,-45.89,"bird_02"
"2008-07-22 09:35:00 UTC",37.74,-46.59,"bird_02"
"2008-07-22 21:35:00 UTC",37.87,-46.59,"bird_02"
"2008-07-23 09:52:00 UTC",33.63,-42.98,"bird_02"
"2008-07-25 09:55:00 UTC",32.89,-44.12,"bird_02"
"2008-07-25 21:45:00 UTC",35.39,-43.49,"bird_02"
"2008-07-26 09:45:00 UTC",35.26,-40.88,"bird_02"
"2008-07-26 21:50:00 UTC",34.01,-41.97,"bird_02"
"2008-07-27 09:45:00 UTC",35.38,-44.91,"bird_02"
"2008-07-27 21:31:00 UTC",39.01,-43.24,"bird_02"
"2008-07-28 09:20:00 UTC",41.75,-42.58,"bird_02"
"2008-07-28 21:10:00 UTC",44.13,-43.01,"bird_02"
"2008-07-29 09:01:00 UTC",46.25,-43,"bird_02"
"2008-07-29 20:59:00 UTC",46.87,-44.31,"bird_02"
"2008-07-30 09:08:00 UTC",44.74,-42.09,"bird_02"
"2008-07-30 21:04:00 UTC",45.48,-39.91,"bird_02"
"2008-07-31 09:06:00 UTC",45.1,-38.86,"bird_02"
"2008-08-02 09:08:00 UTC",44.57,-40.32,"bird_02"
"2008-08-02 21:11:00 UTC",43.68,-41.34,"bird_02"
"2008-08-03 09:11:00 UTC",43.92,-43.07,"bird_02"
"2008-08-03 21:10:00 UTC",44.04,-43.09,"bird_02"
"2008-08-04 09:11:00 UTC",43.65,-43.11,"bird_02"
"2008-08-04 21:15:00 UTC",42.89,-43.39,"bird_02"
"2008-08-05 09:17:00 UTC",42.25,-43.91,"bird_02"
"2008-08-05 21:17:00 UTC",42.36,-43.45,"bird_02"
"2008-08-06 09:15:00 UTC",42.73,-43.98,"bird_02"
"2008-08-06 21:03:00 UTC",45.59,-41.93,"bird_02"
"2008-08-07 08:51:00 UTC",48.57,-42.76,"bird_02"
"2008-08-07 20:31:00 UTC",53.81,-40.85,"bird_02"
"2008-08-08 08:09:00 UTC",59.29,-41.14,"bird_02"
"2008-08-08 19:49:00 UTC",64.15,-42.28,"bird_02"
"2008-08-09 07:36:00 UTC",67.38,-40.29,"bird_02"
"2008-08-09 19:30:00 UTC",68.86,-42.35,"bird_02"
"2008-08-10 07:18:00 UTC",71.84,-44.86,"bird_02"
"2008-08-11 07:15:00 UTC",72.56,-44.46,"bird_02"
"2008-08-11 19:11:00 UTC",73.41,-43.39,"bird_02"
"2008-08-12 07:06:00 UTC",74.76,-44.59,"bird_02"
"2008-08-12 18:56:00 UTC",77.24,-43.21,"bird_02"
"2008-08-13 07:00:00 UTC",76.22,-39.12,"bird_02"
"2008-08-13 19:05:00 UTC",75.07,-39.82,"bird_02"
"2008-08-14 07:03:00 UTC",75.42,-41.83,"bird_02"
"2008-08-14 19:00:00 UTC",76.15,-42.21,"bird_02"
"2008-08-15 07:02:00 UTC",75.75,-40.94,"bird_02"
"2008-08-15 19:00:00 UTC",76.23,-39.94,"bird_02"
"2008-08-16 07:01:00 UTC",75.83,-39.25,"bird_02"
"2008-08-16 19:01:00 UTC",75.92,-38.53,"bird_02"
"2008-08-17 06:58:00 UTC",76.52,-40.06,"bird_02"
"2008-08-17 18:58:00 UTC",76.5,-41.21,"bird_02"
"2008-08-18 06:56:00 UTC",77.09,-42.72,"bird_02"
"2008-08-18 18:52:00 UTC",77.82,-43.16,"bird_02"
"2008-08-20 07:07:00 UTC",74.23,-44.57,"bird_02"
"2008-08-20 19:04:00 UTC",74.82,-44.7,"bird_02"
"2008-08-21 07:08:00 UTC",73.79,-42.94,"bird_02"
"2008-08-21 19:07:00 UTC",74.01,-41.02,"bird_02"
"2008-08-22 07:07:00 UTC",74.1,-41.94,"bird_02"
"2008-08-24 07:01:00 UTC",75.47,-38.67,"bird_02"
"2008-08-24 19:00:00 UTC",75.56,-38.73,"bird_02"
"2008-08-25 06:55:00 UTC",76.78,-42.19,"bird_02"
"2008-08-25 18:51:00 UTC",77.74,-42.79,"bird_02"
"2008-08-26 06:51:00 UTC",77.58,-40.98,"bird_02"
"2008-08-26 18:53:00 UTC",77.05,-42.61,"bird_02"
"2008-08-27 06:52:00 UTC",77.26,-45.19,"bird_02"
"2008-08-27 18:50:00 UTC",77.85,-44.43,"bird_02"
"2008-08-28 06:51:00 UTC",77.44,-43.62,"bird_02"
"2008-08-28 18:51:00 UTC",77.53,-42.76,"bird_02"
"2008-08-30 06:45:00 UTC",78.79,-42.17,"bird_02"
"2008-08-30 18:48:00 UTC",78.13,-42.36,"bird_02"
"2008-09-01 18:50:00 UTC",77.47,-41.9,"bird_02"
"2008-09-02 06:55:00 UTC",76.18,-38.42,"bird_02"
"2008-09-05 18:49:00 UTC",77.39,-42.48,"bird_02"
"2008-09-06 06:48:00 UTC",77.6,-43.79,"bird_02"
"2008-09-06 18:49:00 UTC",77.18,-46.14,"bird_02"
"2008-09-08 18:47:00 UTC",77.63,-40.21,"bird_02"
"2008-09-09 06:45:00 UTC",77.97,-43.32,"bird_02"
"2008-09-10 07:03:00 UTC",73.5,-46.16,"bird_02"
"2008-09-10 19:14:00 UTC",70.71,-42.21,"bird_02"
"2008-09-25 17:22:00 UTC",97.39,-48.22,"bird_02"
"2008-09-26 05:13:00 UTC",99.72,-41.91,"bird_02"
"2008-09-27 16:51:00 UTC",105.09,-43.55,"bird_02"
"2008-10-01 14:37:00 UTC",138.15,-38.83,"bird_02"
"2008-10-02 02:15:00 UTC",143.48,-38.66,"bird_02"
"2008-10-02 13:51:00 UTC",149.57,-39.92,"bird_02"
"2008-10-03 01:34:00 UTC",153.66,-43.5,"bird_02"
"2008-10-03 13:10:00 UTC",159.74,-47.44,"bird_02"
"2008-10-04 00:50:00 UTC",164.58,-48.94,"bird_02"
"2008-10-04 12:42:00 UTC",166.79,-42.18,"bird_02"
"2008-10-05 00:39:00 UTC",167.38,-44.07,"bird_02"
"2008-10-05 12:32:00 UTC",169.09,-46.2,"bird_02"
"2008-10-06 00:26:00 UTC",170.56,-45.46,"bird_02"
"2008-10-06 12:29:00 UTC",169.77,-39.69,"bird_02"
"2008-10-07 00:38:00 UTC",167.48,-42.11,"bird_02"
"2008-10-07 12:50:00 UTC",164.32,-39.87,"bird_02"
"2008-10-08 01:06:00 UTC",160.54,-40.2,"bird_02"
"2008-10-08 13:17:00 UTC",157.63,-41,"bird_02"
"2008-10-09 01:31:00 UTC",154.09,-41.28,"bird_02"
"2008-10-09 13:48:00 UTC",149.93,-39.2,"bird_02"
"2008-10-10 13:58:00 UTC",147.24,-39.39,"bird_02"
"2008-10-13 00:54:00 UTC",162.96,-36.15,"bird_02"
"2008-10-13 12:25:00 UTC",170.18,-39.15,"bird_02"
"2008-10-14 00:12:00 UTC",173.53,-44.24,"bird_02"
"2008-10-14 12:06:00 UTC",174.87,-40.51,"bird_02"
"2008-10-15 00:11:00 UTC",173.59,-42.88,"bird_02"
"2008-10-15 12:07:00 UTC",174.57,-45.61,"bird_02"
"2008-10-16 00:06:00 UTC",174.79,-46.3,"bird_02"
"2008-10-16 12:01:00 UTC",176.01,-46.96,"bird_02"
"2008-10-16 23:59:00 UTC",176.61,-46.78,"bird_02"
"2008-10-17 12:03:00 UTC",175.59,-44.62,"bird_02"
"2008-10-17 23:54:00 UTC",177.94,-40.05,"bird_02"
"2008-10-20 23:26:00 UTC",-175.32,-43.89,"bird_02"
"2008-10-21 11:11:00 UTC",-171.59,-46.55,"bird_02"
"2008-10-23 10:46:00 UTC",-165.42,-41.96,"bird_02"
"2008-10-23 22:47:00 UTC",-165.56,-39.04,"bird_02"
"2008-10-24 10:10:00 UTC",-156.45,-49.49,"bird_02"
"2008-10-24 22:03:00 UTC",-154.59,-53.15,"bird_02"
"2008-10-25 09:59:00 UTC",-153.73,-52.02,"bird_02"
"2008-10-25 21:42:00 UTC",-149.49,-49.6,"bird_02"
"2008-10-26 09:33:00 UTC",-147.25,-47.34,"bird_02"
"2008-10-26 21:42:00 UTC",-149.39,-49.84,"bird_02"
"2008-10-27 09:34:00 UTC",-147.65,-52.48,"bird_02"
"2008-10-27 21:36:00 UTC",-148.04,-53.21,"bird_02"
"2008-10-28 09:39:00 UTC",-148.8,-52.61,"bird_02"
"2008-10-28 21:30:00 UTC",-146.68,-50.93,"bird_02"
"2008-10-29 09:18:00 UTC",-143.56,-51.41,"bird_02"
"2008-10-29 21:11:00 UTC",-141.82,-51.73,"bird_02"
"2008-10-30 09:01:00 UTC",-139.33,-52.03,"bird_02"
"2008-10-30 20:58:00 UTC",-138.46,-52.45,"bird_02"
"2008-10-31 08:57:00 UTC",-138.21,-51.89,"bird_02"
"2008-10-31 20:38:00 UTC",-133.72,-49.5,"bird_02"
"2008-11-01 08:24:00 UTC",-130.1,-48.74,"bird_02"
"2008-11-01 20:12:00 UTC",-126.97,-48.63,"bird_02"
"2008-11-02 08:28:00 UTC",-131.23,-41.58,"bird_02"
"2008-11-02 20:14:00 UTC",-127.48,-35.07,"bird_02"
"2008-11-03 08:02:00 UTC",-124.48,-33.73,"bird_02"
"2008-11-03 19:38:00 UTC",-118.6,-30.95,"bird_02"
"2008-11-04 07:07:00 UTC",-110.85,-32.97,"bird_02"
"2008-11-04 19:18:00 UTC",-113.47,-41.11,"bird_02"
"2008-11-05 07:08:00 UTC",-111.22,-45.44,"bird_02"
"2008-11-05 19:11:00 UTC",-111.84,-46.38,"bird_02"
"2008-11-06 07:26:00 UTC",-115.59,-43.68,"bird_02"
"2008-11-06 19:31:00 UTC",-116.83,-41.91,"bird_02"
"2008-11-07 07:40:00 UTC",-118.95,-40.67,"bird_02"
"2008-11-07 19:39:00 UTC",-118.82,-38.98,"bird_02"
"2008-11-08 07:41:00 UTC",-119.31,-38.31,"bird_02"
"2008-11-08 19:46:00 UTC",-120.67,-38.72,"bird_02"
"2008-11-09 07:44:00 UTC",-120.04,-40.33,"bird_02"
"2008-11-09 19:39:00 UTC",-118.78,-39.71,"bird_02"
"2008-11-10 07:32:00 UTC",-117.01,-39.88,"bird_02"
"2008-11-10 19:25:00 UTC",-115.25,-39.67,"bird_02"
"2008-11-11 07:08:00 UTC",-110.86,-41.9,"bird_02"
"2008-11-11 18:34:00 UTC",-102.6,-39.45,"bird_02"
"2008-11-12 06:15:00 UTC",-97.83,-35.5,"bird_02"
"2008-11-12 17:50:00 UTC",-91.44,-34.19,"bird_02"
"2008-11-13 05:24:00 UTC",-84.93,-34,"bird_02"
"2008-11-13 17:29:00 UTC",-86.16,-39.22,"bird_02"
"2008-11-14 05:11:00 UTC",-81.64,-43.9,"bird_02"
"2008-11-14 17:12:00 UTC",-81.87,-45.83,"bird_02"
"2008-11-15 05:04:00 UTC",-79.73,-47.44,"bird_02"
"2008-11-15 16:58:00 UTC",-78.33,-47.65,"bird_02"
"2008-11-16 04:58:00 UTC",-78.31,-46.39,"bird_02"
"2008-11-16 16:59:00 UTC",-78.53,-46.21,"bird_02"
"2008-11-17 04:51:00 UTC",-76.51,-47.62,"bird_02"
"2008-11-18 16:49:00 UTC",-75.93,-49.05,"bird_02"
"2008-11-19 04:35:00 UTC",-72.53,-54.31,"bird_02"
"2008-11-21 04:08:00 UTC",-65.66,-55.74,"bird_02"
"2008-11-21 16:11:00 UTC",-66.38,-56.17,"bird_02"
"2008-11-22 04:13:00 UTC",-66.72,-56.1,"bird_02"
"2008-11-22 15:48:00 UTC",-60.57,-55.03,"bird_02"
"2008-11-23 03:37:00 UTC",-57.53,-53.32,"bird_02"
"2008-11-23 15:11:00 UTC",-51.25,-52.67,"bird_02"
"2008-11-24 03:04:00 UTC",-49.34,-50.2,"bird_02"
"2008-11-24 15:02:00 UTC",-48.8,-50.27,"bird_02"
"2008-11-25 02:53:00 UTC",-46.51,-51.1,"bird_02"
"2008-11-25 14:42:00 UTC",-43.85,-50.88,"bird_02"
"2008-11-26 02:42:00 UTC",-43.81,-49.37,"bird_02"
"2008-11-26 14:51:00 UTC",-45.77,-49.85,"bird_02"
"2008-11-27 02:54:00 UTC",-46.61,-50.22,"bird_02"
"2008-11-27 14:41:00 UTC",-43.32,-49.1,"bird_02"
"2007-12-01 15:28:00 UTC",-54.88,-51.02,"bird_03"
"2007-12-02 03:35:00 UTC",-56.46,-46.79,"bird_03"
"2007-12-04 03:32:00 UTC",-55.52,-46.19,"bird_03"
"2007-12-04 15:42:00 UTC",-57.84,-46.85,"bird_03"
"2007-12-05 03:52:00 UTC",-60.41,-46.45,"bird_03"
"2007-12-05 15:49:00 UTC",-59.74,-45.6,"bird_03"
"2007-12-06 03:45:00 UTC",-58.69,-45.74,"bird_03"
"2007-12-06 15:39:00 UTC",-56.88,-45.44,"bird_03"
"2007-12-07 03:40:00 UTC",-57.21,-43.85,"bird_03"
"2007-12-07 15:41:00 UTC",-57.28,-43.9,"bird_03"
"2007-12-08 03:40:00 UTC",-57.1,-43.95,"bird_03"
"2007-12-08 15:41:00 UTC",-57.29,-43.88,"bird_03"
"2007-12-09 03:45:00 UTC",-58.11,-43.45,"bird_03"
"2007-12-09 15:37:00 UTC",-56.31,-42.65,"bird_03"
"2007-12-10 03:43:00 UTC",-57.5,-40.5,"bird_03"
"2007-12-10 15:47:00 UTC",-58.57,-40.31,"bird_03"
"2007-12-11 03:27:00 UTC",-53.52,-44.27,"bird_03"
"2007-12-11 15:28:00 UTC",-53.83,-45.87,"bird_03"
"2007-12-12 03:08:00 UTC",-48.78,-48.76,"bird_03"
"2007-12-12 15:00:00 UTC",-46.72,-49.42,"bird_03"
"2007-12-13 03:05:00 UTC",-47.91,-47.55,"bird_03"
"2007-12-13 14:59:00 UTC",-46.23,-47.02,"bird_03"
"2007-12-14 03:03:00 UTC",-47.29,-45.22,"bird_03"
"2007-12-14 15:12:00 UTC",-49.36,-45.5,"bird_03"
"2007-12-15 03:19:00 UTC",-50.92,-45.78,"bird_03"
"2007-12-15 15:34:00 UTC",-54.86,-46.36,"bird_03"
"2007-12-16 03:48:00 UTC",-58.3,-46.53,"bird_03"
"2007-12-16 15:42:00 UTC",-56.49,-45.26,"bird_03"
"2007-12-17 03:38:00 UTC",-55.55,-44.69,"bird_03"
"2007-12-17 15:36:00 UTC",-54.99,-44.88,"bird_03"
"2007-12-18 03:41:00 UTC",-56.18,-43.74,"bird_03"
"2007-12-18 15:45:00 UTC",-57.25,-43.61,"bird_03"
"2007-12-19 03:58:00 UTC",-60.31,-42.28,"bird_03"
"2007-12-19 16:02:00 UTC",-61.25,-41.77,"bird_03"
"2007-12-20 03:57:00 UTC",-60.06,-42.86,"bird_03"
"2007-12-20 15:53:00 UTC",-59,-43.09,"bird_03"
"2007-12-21 03:53:00 UTC",-58.94,-42.36,"bird_03"
"2007-12-21 15:51:00 UTC",-58.25,-42.23,"bird_03"
"2007-12-22 03:44:00 UTC",-56.31,-42.84,"bird_03"
"2007-12-22 15:40:00 UTC",-55.38,-43.19,"bird_03"
"2007-12-23 03:29:00 UTC",-52.69,-44.45,"bird_03"
"2007-12-23 15:48:00 UTC",-57.38,-46.36,"bird_03"
"2007-12-24 03:54:00 UTC",-58.56,-48.09,"bird_03"
"2007-12-24 15:45:00 UTC",-56.25,-47.36,"bird_03"
"2007-12-25 03:50:00 UTC",-57.56,-45.46,"bird_03"
"2007-12-25 15:46:00 UTC",-56.5,-44.84,"bird_03"
"2007-12-26 03:44:00 UTC",-55.82,-44.52,"bird_03"
"2007-12-26 15:39:00 UTC",-54.63,-44.43,"bird_03"
"2007-12-27 03:36:00 UTC",-53.69,-44.35,"bird_03"
"2007-12-27 15:45:00 UTC",-55.88,-45.25,"bird_03"
"2007-12-28 03:53:00 UTC",-58.07,-45.28,"bird_03"
"2007-12-28 15:54:00 UTC",-58.13,-44.76,"bird_03"
"2007-12-29 03:47:00 UTC",-56.32,-45.87,"bird_03"
"2007-12-29 15:50:00 UTC",-57.01,-46.52,"bird_03"
"2007-12-30 03:39:00 UTC",-54.2,-48.47,"bird_03"
"2007-12-30 15:44:00 UTC",-55.26,-49.31,"bird_03"
"2007-12-31 03:41:00 UTC",-54.58,-50.11,"bird_03"
"2007-12-31 15:44:00 UTC",-55.14,-50.4,"bird_03"
"2008-01-01 03:23:00 UTC",-50.09,-52.96,"bird_03"
"2008-01-01 15:25:00 UTC",-50.53,-53.8,"bird_03"
"2008-01-02 03:24:00 UTC",-50.22,-54.1,"bird_03"
"2008-01-02 15:24:00 UTC",-50.16,-54.15,"bird_03"
"2008-01-04 03:36:00 UTC",-52.99,-51.87,"bird_03"
"2008-01-04 15:42:00 UTC",-54.3,-53.14,"bird_03"
"2008-01-05 03:53:00 UTC",-57.12,-52.58,"bird_03"
"2008-01-05 15:50:00 UTC",-56.19,-52.14,"bird_03"
"2008-01-06 04:01:00 UTC",-58.88,-50.47,"bird_03"
"2008-01-06 15:46:00 UTC",-55.08,-49.33,"bird_03"
"2008-01-07 03:43:00 UTC",-54.15,-47.8,"bird_03"
"2008-01-07 15:46:00 UTC",-54.97,-48.37,"bird_03"
"2008-01-08 03:42:00 UTC",-53.92,-49.39,"bird_03"
"2008-01-08 15:54:00 UTC",-56.74,-50.27,"bird_03"
"2008-01-09 03:59:00 UTC",-57.93,-51.03,"bird_03"
"2008-01-09 15:56:00 UTC",-57.38,-50.96,"bird_03"
"2008-01-10 04:04:00 UTC",-59.08,-49.83,"bird_03"
"2008-01-10 15:56:00 UTC",-57.28,-49.19,"bird_03"
"2008-01-11 03:53:00 UTC",-56.48,-48.71,"bird_03"
"2008-01-11 15:52:00 UTC",-56.18,-49,"bird_03"
"2008-01-13 04:09:00 UTC",-60.16,-49.6,"bird_03"
"2008-01-13 16:01:00 UTC",-58.11,-46.85,"bird_03"
"2008-01-14 04:09:00 UTC",-60.19,-44.25,"bird_03"
"2008-01-14 16:07:00 UTC",-59.39,-43.33,"bird_03"
"2008-01-16 03:59:00 UTC",-57.51,-44.98,"bird_03"
"2008-01-16 15:57:00 UTC",-56.96,-46.32,"bird_03"
"2008-01-17 04:09:00 UTC",-59.8,-44.35,"bird_03"
"2008-01-17 16:08:00 UTC",-59.5,-43.42,"bird_03"
"2008-01-18 04:08:00 UTC",-59.34,-43.42,"bird_03"
"2008-01-18 15:58:00 UTC",-57.05,-42.73,"bird_03"
"2008-01-19 03:57:00 UTC",-56.63,-41.26,"bird_03"
"2008-01-19 16:05:00 UTC",-58.59,-42.59,"bird_03"
"2008-01-20 04:10:00 UTC",-59.93,-43.16,"bird_03"
"2008-01-20 16:14:00 UTC",-60.77,-43.17,"bird_03"
"2008-01-21 04:01:00 UTC",-57.48,-46.25,"bird_03"
"2008-01-21 15:54:00 UTC",-55.57,-46.78,"bird_03"
"2008-01-22 04:10:00 UTC",-59.66,-42.77,"bird_03"
"2008-01-22 16:03:00 UTC",-57.88,-40.11,"bird_03"
"2008-01-23 04:03:00 UTC",-57.84,-38.92,"bird_03"
"2008-01-23 16:10:00 UTC",-59.56,-40.11,"bird_03"
"2008-01-24 04:06:00 UTC",-58.53,-42.52,"bird_03"
"2008-01-24 16:10:00 UTC",-59.5,-43.6,"bird_03"
"2008-01-25 04:10:00 UTC",-59.59,-44.21,"bird_03"
"2008-01-25 16:08:00 UTC",-59.06,-44.1,"bird_03"
"2008-01-26 03:58:00 UTC",-56.53,-45.7,"bird_03"
"2008-01-26 15:51:00 UTC",-54.63,-46.28,"bird_03"
"2008-01-27 04:00:00 UTC",-56.85,-43.29,"bird_03"
"2008-01-27 15:59:00 UTC",-56.45,-42.37,"bird_03"
"2008-01-28 04:05:00 UTC",-58.05,-40.71,"bird_03"
"2008-01-28 16:18:00 UTC",-61.28,-41.94,"bird_03"
"2008-01-30 04:04:00 UTC",-57.59,-43.69,"bird_03"
"2008-01-30 16:11:00 UTC",-59.56,-43.9,"bird_03"
"2008-02-01 16:09:00 UTC",-58.99,-43.78,"bird_03"
"2008-02-02 04:07:00 UTC",-58.22,-44.66,"bird_03"
"2008-02-02 16:09:00 UTC",-58.83,-45.37,"bird_03"
"2008-02-03 04:16:00 UTC",-60.57,-44.96,"bird_03"
"2008-02-03 16:23:00 UTC",-62.18,-45.03,"bird_03"
"2008-02-04 04:13:00 UTC",-59.79,-48.46,"bird_03"
"2008-02-04 16:01:00 UTC",-56.65,-48.26,"bird_03"
"2008-02-05 04:10:00 UTC",-59.01,-44.23,"bird_03"
"2008-02-05 16:13:00 UTC",-59.88,-43.59,"bird_03"
"2008-02-06 04:13:00 UTC",-59.87,-44.55,"bird_03"
"2008-02-06 16:17:00 UTC",-60.74,-45.33,"bird_03"
"2008-02-07 04:12:00 UTC",-59.48,-47.24,"bird_03"
"2008-02-07 16:08:00 UTC",-58.34,-47.65,"bird_03"
"2008-02-08 03:57:00 UTC",-55.84,-48.84,"bird_03"
"2008-02-08 15:57:00 UTC",-55.71,-50.13,"bird_03"
"2008-02-09 04:08:00 UTC",-58.45,-48.29,"bird_03"
"2008-02-09 16:09:00 UTC",-58.7,-47.26,"bird_03"
"2008-02-10 04:17:00 UTC",-60.82,-45.98,"bird_03"
"2008-02-10 16:18:00 UTC",-60.94,-45.35,"bird_03"
"2008-02-11 04:07:00 UTC",-58.19,-48.11,"bird_03"
"2008-02-11 16:02:00 UTC",-56.94,-49.05,"bird_03"
"2008-02-12 04:09:00 UTC",-58.69,-46.96,"bird_03"
"2008-02-12 16:08:00 UTC",-58.57,-45.97,"bird_03"
"2008-02-13 04:13:00 UTC",-59.69,-45.3,"bird_03"
"2008-02-13 16:05:00 UTC",-57.69,-43.54,"bird_03"
"2008-02-14 04:03:00 UTC",-57.07,-42.3,"bird_03"
"2008-02-14 16:14:00 UTC",-60.08,-45.24,"bird_03"
"2008-02-15 04:12:00 UTC",-59.58,-48.64,"bird_03"
"2008-02-15 16:04:00 UTC",-57.46,-48.05,"bird_03"
"2008-02-16 04:04:00 UTC",-57.34,-46.63,"bird_03"
"2008-02-16 15:59:00 UTC",-56.22,-46.35,"bird_03"
"2008-02-18 03:50:00 UTC",-54,-48.98,"bird_03"
"2008-02-20 04:07:00 UTC",-58.17,-42.57,"bird_03"
"2008-02-20 16:19:00 UTC",-61.31,-43.23,"bird_03"
"2008-02-21 04:12:00 UTC",-59.69,-48.58,"bird_03"
"2008-02-21 16:13:00 UTC",-59.96,-50.2,"bird_03"
"2008-02-22 04:19:00 UTC",-61.22,-49.78,"bird_03"
"2008-02-22 16:16:00 UTC",-60.61,-48.68,"bird_03"
"2008-02-23 04:11:00 UTC",-59.5,-49.74,"bird_03"
"2008-02-23 16:05:00 UTC",-57.77,-49.72,"bird_03"
"2008-02-25 16:13:00 UTC",-59.97,-42.27,"bird_03"
"2008-02-26 04:10:00 UTC",-59.36,-44.28,"bird_03"
"2008-02-26 16:07:00 UTC",-58.51,-44.45,"bird_03"
"2008-02-27 04:10:00 UTC",-59.28,-42.39,"bird_03"
"2008-02-27 16:07:00 UTC",-58.42,-41.16,"bird_03"
"2008-02-29 04:10:00 UTC",-59.37,-41.61,"bird_03"
"2008-02-29 16:07:00 UTC",-58.52,-41.77,"bird_03"
"2008-03-01 04:04:00 UTC",-57.92,-41.93,"bird_03"
"2008-03-01 16:03:00 UTC",-57.57,-42.86,"bird_03"
"2008-03-02 03:59:00 UTC",-56.59,-44.15,"bird_03"
"2008-03-03 15:57:00 UTC",-56.42,-45.17,"bird_03"
"2008-03-07 04:10:00 UTC",-59.87,-41.1,"bird_03"
"2008-03-12 16:07:00 UTC",-59.22,-51.94,"bird_03"
"2008-03-17 04:03:00 UTC",-58.66,-51.61,"bird_03"
"2008-03-29 16:03:00 UTC",-59.47,-47.86,"bird_03"
"2008-04-01 03:59:00 UTC",-58.78,-52.39,"bird_03"
"2008-04-01 16:00:00 UTC",-59.07,-45.72,"bird_03"
"2008-04-05 15:45:00 UTC",-55.74,-46.22,"bird_03"
"2008-04-06 03:46:00 UTC",-56.02,-50.12,"bird_03"
"2008-04-06 15:51:00 UTC",-57.18,-46.07,"bird_03"
"2008-04-08 03:53:00 UTC",-57.66,-44.74,"bird_03"
"2008-04-08 15:58:00 UTC",-59.07,-45.88,"bird_03"
"2008-04-09 15:43:00 UTC",-55.26,-50.97,"bird_03"
"2008-04-10 15:44:00 UTC",-55.71,-49.46,"bird_03"
"2008-04-11 03:48:00 UTC",-56.74,-48.47,"bird_03"
"2008-04-11 15:48:00 UTC",-56.9,-49.2,"bird_03"
"2008-04-12 03:43:00 UTC",-55.55,-45.48,"bird_03"
"2008-04-12 15:33:00 UTC",-52.96,-47.43,"bird_03"
"2008-04-13 15:54:00 UTC",-58.27,-47.82,"bird_03"
"2008-04-16 03:59:00 UTC",-59.68,-45.06,"bird_03"
"2008-04-16 16:04:00 UTC",-61.08,-49.22,"bird_03"
"2008-04-17 03:55:00 UTC",-58.73,-41.79,"bird_03"
"2008-04-17 15:46:00 UTC",-56.76,-40.18,"bird_03"
"2008-04-18 03:54:00 UTC",-58.66,-46.45,"bird_03"
"2008-04-18 15:55:00 UTC",-58.94,-48.99,"bird_03"
"2008-04-19 03:52:00 UTC",-58.22,-46.85,"bird_03"
"2008-04-19 15:53:00 UTC",-58.5,-44.66,"bird_03"
"2008-04-20 03:57:00 UTC",-59.65,-45.3,"bird_03"
"2008-04-22 03:56:00 UTC",-59.37,-47.21,"bird_03"
"2008-04-22 15:55:00 UTC",-59.15,-46,"bird_03"
"2008-04-23 03:51:00 UTC",-58.17,-44.07,"bird_03"
"2008-04-23 15:54:00 UTC",-58.82,-40.92,"bird_03"
"2008-04-26 15:44:00 UTC",-56.57,-40.93,"bird_03"
"2008-04-27 03:35:00 UTC",-54.34,-40.53,"bird_03"
"2008-04-28 03:43:00 UTC",-56.38,-41.12,"bird_03"
"2008-04-28 15:49:00 UTC",-58.02,-41.74,"bird_03"
"2008-04-29 03:52:00 UTC",-58.79,-40.02,"bird_03"
"2008-04-29 15:44:00 UTC",-56.55,-44.13,"bird_03"
"2008-04-30 03:38:00 UTC",-55.32,-44.93,"bird_03"
"2008-04-30 15:47:00 UTC",-57.59,-39.61,"bird_03"
"2008-05-01 15:27:00 UTC",-52.61,-43.86,"bird_03"
"2008-05-02 03:43:00 UTC",-56.38,-51.03,"bird_03"
"2008-05-02 15:53:00 UTC",-59.14,-51.96,"bird_03"
"2008-05-03 03:43:00 UTC",-56.53,-47.33,"bird_03"
"2008-05-05 03:50:00 UTC",-58.45,-48.16,"bird_03"
"2008-05-05 15:45:00 UTC",-57.09,-43.18,"bird_03"
"2008-05-06 03:51:00 UTC",-58.72,-45.18,"bird_03"
"2008-05-06 15:49:00 UTC",-58.23,-47.25,"bird_03"
"2008-05-07 03:45:00 UTC",-57.24,-46.5,"bird_03"
"2008-05-07 15:48:00 UTC",-57.87,-44.56,"bird_03"
"2008-05-08 03:44:00 UTC",-56.88,-42.78,"bird_03"
"2008-05-08 15:44:00 UTC",-56.88,-41.48,"bird_03"
"2008-05-09 03:48:00 UTC",-57.89,-42.24,"bird_03"
"2008-05-09 15:49:00 UTC",-58.14,-42.48,"bird_03"
"2008-05-10 03:49:00 UTC",-58.27,-42.47,"bird_03"
"2008-05-10 15:47:00 UTC",-57.78,-42.71,"bird_03"
"2008-05-11 03:42:00 UTC",-56.41,-41.72,"bird_03"
"2008-05-11 15:40:00 UTC",-55.91,-40.47,"bird_03"
"2008-05-12 03:39:00 UTC",-55.54,-40.49,"bird_03"
"2008-05-12 15:31:00 UTC",-53.66,-41.98,"bird_03"
"2008-05-13 03:25:00 UTC",-52.16,-41.75,"bird_03"
"2008-05-14 15:36:00 UTC",-54.79,-41.79,"bird_03"
"2008-05-15 03:42:00 UTC",-56.41,-44.03,"bird_03"
"2008-05-15 15:50:00 UTC",-58.41,-43.38,"bird_03"
"2008-05-16 03:49:00 UTC",-58.28,-41.61,"bird_03"
"2008-05-16 15:39:00 UTC",-55.53,-44.04,"bird_03"
"2008-05-17 03:41:00 UTC",-56.15,-46.45,"bird_03"
"2008-05-17 15:45:00 UTC",-57.15,-45.86,"bird_03"
"2008-05-18 03:56:00 UTC",-59.77,-46.61,"bird_03"
"2008-05-18 15:53:00 UTC",-59.14,-49.09,"bird_03"
"2008-05-19 03:45:00 UTC",-57.13,-48.22,"bird_03"
"2008-05-19 15:45:00 UTC",-57.25,-46.04,"bird_03"
"2008-05-21 15:41:00 UTC",-55.97,-46.07,"bird_03"
"2008-05-22 03:34:00 UTC",-54.33,-45.72,"bird_03"
"2008-05-22 15:38:00 UTC",-55.32,-43.26,"bird_03"
"2008-05-23 03:38:00 UTC",-55.31,-42.3,"bird_03"
"2008-05-23 15:32:00 UTC",-53.8,-43.34,"bird_03"
"2008-05-24 03:45:00 UTC",-57.04,-46.15,"bird_03"
"2008-05-24 15:56:00 UTC",-59.78,-46.34,"bird_03"
"2008-05-25 03:44:00 UTC",-56.77,-42.88,"bird_03"
"2008-05-25 15:43:00 UTC",-56.5,-40.31,"bird_03"
"2008-05-26 03:55:00 UTC",-59.36,-42,"bird_03"
"2008-05-28 03:52:00 UTC",-58.68,-44.66,"bird_03"
"2008-05-28 15:52:00 UTC",-58.66,-43.07,"bird_03"
"2008-05-29 03:53:00 UTC",-58.9,-42.95,"bird_03"
"2008-05-29 15:47:00 UTC",-57.5,-44.46,"bird_03"
"2008-05-30 03:47:00 UTC",-57.36,-44.86,"bird_03"
"2008-05-30 15:56:00 UTC",-59.72,-42.78,"bird_03"
"2008-05-31 03:56:00 UTC",-59.45,-41.15,"bird_03"
"2008-05-31 15:56:00 UTC",-59.43,-40.65,"bird_03"
"2008-06-02 03:47:00 UTC",-57.37,-41.5,"bird_03"
"2008-06-02 15:47:00 UTC",-57.35,-43.23,"bird_03"
"2008-06-03 03:43:00 UTC",-56.21,-42.6,"bird_03"
"2008-06-03 15:38:00 UTC",-54.94,-42.51,"bird_03"
"2008-06-04 03:58:00 UTC",-59.92,-45.82,"bird_03"
"2008-06-04 15:59:00 UTC",-60.14,-49.03,"bird_03"
"2008-06-05 03:50:00 UTC",-58,-47.94,"bird_03"
"2008-06-05 15:51:00 UTC",-58.22,-46.04,"bird_03"
"2008-06-06 03:46:00 UTC",-56.95,-45.33,"bird_03"
"2008-06-06 15:54:00 UTC",-58.8,-42.72,"bird_03"
"2008-06-07 03:44:00 UTC",-56.16,-39.9,"bird_03"
"2008-06-07 15:38:00 UTC",-54.76,-38.86,"bird_03"
"2008-06-08 03:37:00 UTC",-54.61,-39.38,"bird_03"
"2008-06-08 15:38:00 UTC",-54.83,-38.92,"bird_03"
"2008-06-09 03:44:00 UTC",-56.18,-39.83,"bird_03"
"2008-06-09 15:40:00 UTC",-55.16,-41.62,"bird_03"
"2008-06-10 03:36:00 UTC",-54.01,-41.74,"bird_03"
"2008-06-10 15:25:00 UTC",-51.36,-42.91,"bird_03"
"2008-06-11 03:29:00 UTC",-52.34,-44.84,"bird_03"
"2008-06-11 15:39:00 UTC",-54.81,-43.48,"bird_03"
"2008-06-12 03:44:00 UTC",-55.91,-42.59,"bird_03"
"2008-06-12 15:52:00 UTC",-58.13,-41.84,"bird_03"
"2008-06-14 03:40:00 UTC",-54.93,-42.25,"bird_03"
"2008-06-14 15:34:00 UTC",-53.4,-43.9,"bird_03"
"2008-06-15 03:25:00 UTC",-51.25,-43.37,"bird_03"
"2008-06-15 15:28:00 UTC",-51.97,-40.92,"bird_03"
"2008-06-16 03:30:00 UTC",-52.32,-40.72,"bird_03"
"2008-06-16 15:34:00 UTC",-53.17,-40.15,"bird_03"
"2008-06-17 03:35:00 UTC",-53.52,-39.94,"bird_03"
"2008-06-17 15:31:00 UTC",-52.37,-41.19,"bird_03"
"2008-06-18 03:24:00 UTC",-50.71,-41,"bird_03"
"2008-06-19 15:19:00 UTC",-49.38,-40.25,"bird_03"
"2008-06-20 03:20:00 UTC",-49.61,-41.67,"bird_03"
"2008-06-20 15:22:00 UTC",-50.2,-41.49,"bird_03"
"2008-06-21 03:33:00 UTC",-52.68,-42.53,"bird_03"
"2008-06-21 15:40:00 UTC",-54.4,-43.2,"bird_03"
"2008-06-22 03:48:00 UTC",-56.62,-43.53,"bird_03"
"2008-06-22 15:49:00 UTC",-56.72,-44.98,"bird_03"
"2008-06-23 03:49:00 UTC",-56.69,-44.99,"bird_03"
"2008-06-23 15:47:00 UTC",-56.16,-45.31,"bird_03"
"2008-06-24 03:51:00 UTC",-57.26,-46.09,"bird_03"
"2008-06-24 15:56:00 UTC",-58.24,-46.4,"bird_03"
"2008-06-25 03:56:00 UTC",-58.46,-45.82,"bird_03"
"2008-06-25 15:45:00 UTC",-55.43,-48.16,"bird_03"
"2008-06-26 03:28:00 UTC",-51.41,-47.91,"bird_03"
"2008-06-26 15:26:00 UTC",-50.88,-45.29,"bird_03"
"2008-06-27 03:23:00 UTC",-49.98,-45.16,"bird_03"
"2008-06-27 15:16:00 UTC",-48.2,-45.81,"bird_03"
"2008-06-28 03:00:00 UTC",-44.05,-44.76,"bird_03"
"2008-06-28 14:58:00 UTC",-43.53,-41.79,"bird_03"
"2008-06-29 02:46:00 UTC",-40.5,-40.38,"bird_03"
"2008-06-29 14:32:00 UTC",-36.98,-40.79,"bird_03"
"2008-06-30 02:23:00 UTC",-34.83,-41.74,"bird_03"
"2008-06-30 14:21:00 UTC",-34.31,-40.33,"bird_03"
"2008-07-02 13:41:00 UTC",-24.21,-44.38,"bird_03"
"2008-07-03 01:29:00 UTC",-21.07,-44.93,"bird_03"
"2008-07-03 13:19:00 UTC",-18.79,-44.01,"bird_03"
"2008-07-04 01:10:00 UTC",-16.4,-44.24,"bird_03"
"2008-07-04 13:03:00 UTC",-14.62,-43.64,"bird_03"
"2008-07-05 00:47:00 UTC",-10.73,-42.5,"bird_03"
"2008-07-05 12:38:00 UTC",-8.33,-41.31,"bird_03"
"2008-07-06 00:21:00 UTC",-4.06,-40.26,"bird_03"
"2008-07-06 12:05:00 UTC",-0.17,-39.75,"bird_03"
"2008-07-06 23:50:00 UTC",3.73,-40.03,"bird_03"
"2008-07-11 23:16:00 UTC",12.28,-35.73,"bird_03"
"2008-07-12 11:16:00 UTC",12.3,-37.16,"bird_03"
"2008-07-12 23:11:00 UTC",13.69,-36.16,"bird_03"
"2008-07-13 10:55:00 UTC",17.7,-38.88,"bird_03"
"2008-07-13 22:50:00 UTC",19.09,-40.84,"bird_03"
"2008-07-14 10:43:00 UTC",20.73,-41.16,"bird_03"
"2008-07-14 22:43:00 UTC",20.74,-42.45,"bird_03"
"2008-07-15 10:39:00 UTC",21.75,-43.34,"bird_03"
"2008-07-15 22:28:00 UTC",24.52,-42.32,"bird_03"
"2008-07-16 10:29:00 UTC",24.28,-39.62,"bird_03"
"2008-07-16 22:30:00 UTC",24.04,-39.75,"bird_03"
"2008-07-17 10:30:00 UTC",24.05,-40.31,"bird_03"
"2008-07-17 22:26:00 UTC",25.18,-39.82,"bird_03"
"2008-07-18 10:27:00 UTC",24.82,-38.43,"bird_03"
"2008-07-18 22:22:00 UTC",26.08,-37.21,"bird_03"
"2008-07-19 09:47:00 UTC",34.71,-44.66,"bird_03"
"2008-07-19 21:44:00 UTC",35.59,-49.12,"bird_03"
"2008-07-20 09:51:00 UTC",33.85,-47.31,"bird_03"
"2008-07-20 21:36:00 UTC",37.6,-44.19,"bird_03"
"2008-07-21 09:22:00 UTC",41.24,-44.16,"bird_03"
"2008-07-21 21:29:00 UTC",39.24,-47.64,"bird_03"
"2008-07-22 09:33:00 UTC",38.5,-48.83,"bird_03"
"2008-07-22 21:28:00 UTC",39.62,-48.16,"bird_03"
"2008-07-23 09:42:00 UTC",36.13,-44.28,"bird_03"
"2008-07-23 21:47:00 UTC",34.76,-43.03,"bird_03"
"2008-07-24 09:43:00 UTC",36.01,-45.63,"bird_03"
"2008-07-24 21:49:00 UTC",34.26,-47.69,"bird_03"
"2008-07-25 09:53:00 UTC",33.51,-48.6,"bird_03"
"2008-07-25 21:48:00 UTC",34.51,-47.72,"bird_03"
"2008-07-26 10:06:00 UTC",30.26,-43.15,"bird_03"
"2008-07-26 22:08:00 UTC",29.63,-40.89,"bird_03"
"2008-07-27 10:04:00 UTC",30.63,-42.46,"bird_03"
"2008-07-27 21:58:00 UTC",32.13,-42.22,"bird_03"
"2008-07-31 09:47:00 UTC",34.72,-40.16,"bird_03"
"2008-07-31 21:33:00 UTC",38.34,-39.08,"bird_03"
"2008-08-09 08:28:00 UTC",54.24,-38.75,"bird_03"
"2008-08-09 20:13:00 UTC",58.1,-37.42,"bird_03"
"2008-08-10 08:01:00 UTC",61.08,-36.37,"bird_03"
"2008-08-10 19:49:00 UTC",64.06,-36.68,"bird_03"
"2008-08-11 07:25:00 UTC",70.17,-41.93,"bird_03"
"2008-08-11 19:23:00 UTC",70.52,-48.19,"bird_03"
"2008-08-12 07:29:00 UTC",69.13,-46.17,"bird_03"
"2008-08-12 19:21:00 UTC",71.11,-43.01,"bird_03"
"2008-08-13 07:21:00 UTC",71.08,-40.79,"bird_03"
"2008-08-13 19:21:00 UTC",70.93,-41.5,"bird_03"
"2008-08-14 07:12:00 UTC",73.16,-45.08,"bird_03"
"2008-08-14 19:09:00 UTC",73.89,-47.26,"bird_03"
"2008-08-15 07:14:00 UTC",72.61,-44.65,"bird_03"
"2008-08-15 19:09:00 UTC",73.84,-42.41,"bird_03"
"2008-08-16 07:09:00 UTC",73.81,-40.69,"bird_03"
"2008-08-16 19:06:00 UTC",74.54,-40.37,"bird_03"
"2008-08-17 07:06:00 UTC",74.51,-39.26,"bird_03"
"2008-08-17 19:07:00 UTC",74.36,-40.08,"bird_03"
"2008-08-18 07:08:00 UTC",73.95,-40.13,"bird_03"
"2008-08-18 19:19:00 UTC",71.17,-43.65,"bird_03"
"2008-08-19 07:24:00 UTC",70.02,-46.6,"bird_03"
"2008-08-19 19:27:00 UTC",69.12,-46.76,"bird_03"
"2008-08-20 07:38:00 UTC",66.46,-44.75,"bird_03"
"2008-08-20 19:47:00 UTC",64.18,-44.52,"bird_03"
"2008-08-21 07:52:00 UTC",62.65,-46.55,"bird_03"
"2008-08-21 19:52:00 UTC",62.74,-44.4,"bird_03"
"2008-08-22 08:04:00 UTC",59.58,-39.33,"bird_03"
"2008-08-22 20:14:00 UTC",57.3,-37.96,"bird_03"
"2008-08-23 08:23:00 UTC",55.02,-38.5,"bird_03"
"2008-08-24 08:21:00 UTC",55.2,-40.61,"bird_03"
"2008-08-24 20:26:00 UTC",53.92,-44.97,"bird_03"
"2008-08-26 08:17:00 UTC",56.19,-47.38,"bird_03"
"2008-08-26 20:00:00 UTC",60.28,-38.38,"bird_03"
"2008-08-27 07:43:00 UTC",64.62,-40.73,"bird_03"
"2008-08-27 19:33:00 UTC",67.08,-44.66,"bird_03"
"2008-08-28 07:27:00 UTC",68.54,-43.26,"bird_03"
"2008-08-28 19:22:00 UTC",69.63,-44.57,"bird_03"
"2008-08-29 07:14:00 UTC",71.72,-48.01,"bird_03"
"2008-08-29 19:06:00 UTC",73.68,-48.83,"bird_03"
"2008-08-30 07:01:00 UTC",74.89,-48.65,"bird_03"
"2008-08-30 18:58:00 UTC",75.61,-50.58,"bird_03"
"2008-08-31 06:57:00 UTC",75.69,-49.92,"bird_03"
"2008-08-31 18:53:00 UTC",76.9,-48.62,"bird_03"
"2008-09-01 06:58:00 UTC",75.61,-43.15,"bird_03"
"2008-09-01 18:58:00 UTC",75.45,-40.43,"bird_03"
"2008-09-02 06:54:00 UTC",76.53,-45.18,"bird_03"
"2008-09-07 19:12:00 UTC",71.32,-45.8,"bird_03"
"2008-09-09 19:17:00 UTC",70.02,-44.48,"bird_03"
"2008-09-14 20:09:00 UTC",56.7,-46.17,"bird_03"
"2008-09-22 08:47:00 UTC",46.41,-41.55,"bird_03"
"2008-09-27 20:39:00 UTC",47.94,-49.18,"bird_03"
"2008-09-28 08:34:00 UTC",49.14,-48.11,"bird_03"
"2008-09-28 20:31:00 UTC",49.85,-45.79,"bird_03"
"2008-09-29 20:36:00 UTC",48.64,-49.02,"bird_03"
"2008-09-30 08:35:00 UTC",48.85,-45.86,"bird_03"
"2008-10-01 08:34:00 UTC",49.02,-46.26,"bird_03"
"2008-10-01 20:33:00 UTC",49.11,-46.95,"bird_03"
"2008-10-02 08:33:00 UTC",49.07,-46.1,"bird_03"
"2008-10-02 20:36:00 UTC",48.28,-43.12,"bird_03"
"2008-10-03 08:41:00 UTC",46.86,-43.92,"bird_03"
"2008-10-04 20:37:00 UTC",47.88,-49.28,"bird_03"
"2008-10-05 08:38:00 UTC",47.71,-46.56,"bird_03"
"2008-10-05 20:29:00 UTC",49.8,-49.4,"bird_03"
"2008-10-06 08:28:00 UTC",50.01,-50.81,"bird_03"
"2008-10-06 20:34:00 UTC",48.48,-48.07,"bird_03"
"2008-10-07 08:35:00 UTC",48.32,-45.49,"bird_03"
"2008-10-07 20:34:00 UTC",48.53,-45.64,"bird_03"
"2008-10-08 08:32:00 UTC",49,-44.22,"bird_03"
"2008-10-08 20:31:00 UTC",49.09,-43.19,"bird_03"
"2008-10-09 08:37:00 UTC",47.55,-44.94,"bird_03"
"2008-10-10 20:43:00 UTC",45.83,-43.57,"bird_03"
"2008-10-11 08:46:00 UTC",45.3,-47.76,"bird_03"
"2008-10-11 20:40:00 UTC",46.52,-49.56,"bird_03"
"2008-10-12 08:35:00 UTC",47.86,-48.77,"bird_03"
"2008-10-12 20:34:00 UTC",48.08,-47.1,"bird_03"
"2008-10-13 08:27:00 UTC",49.8,-44.73,"bird_03"
"2008-10-13 20:26:00 UTC",50.02,-42.2,"bird_03"
"2008-10-14 08:34:00 UTC",48.12,-44.05,"bird_03"
"2008-10-14 20:28:00 UTC",49.46,-47.96,"bird_03"
"2008-10-15 08:18:00 UTC",51.94,-46.4,"bird_03"
"2008-10-15 20:16:00 UTC",52.41,-42.94,"bird_03"
"2008-10-16 08:11:00 UTC",53.63,-41.84,"bird_03"
"2008-10-16 20:09:00 UTC",54.23,-40.39,"bird_03"
"2008-10-17 08:04:00 UTC",55.46,-39.26,"bird_03"
"2008-10-17 19:54:00 UTC",57.81,-40.5,"bird_03"
"2008-10-18 07:44:00 UTC",60.41,-39.75,"bird_03"
"2008-10-18 19:28:00 UTC",64.26,-41.55,"bird_03"
"2008-10-19 07:13:00 UTC",67.99,-41.14,"bird_03"
"2008-10-19 18:59:00 UTC",71.47,-40.12,"bird_03"
"2008-10-20 06:49:00 UTC",73.82,-40.64,"bird_03"
"2008-10-20 18:33:00 UTC",77.93,-42.83,"bird_03"
"2008-10-21 06:23:00 UTC",80.41,-44.03,"bird_03"
"2008-10-21 18:20:00 UTC",81.14,-41.5,"bird_03"
"2008-10-22 06:00:00 UTC",86.24,-36.6,"bird_03"
"2008-10-22 17:43:00 UTC",90.35,-34.58,"bird_03"
"2008-10-23 05:28:00 UTC",94.08,-34.9,"bird_03"
"2008-10-23 17:03:00 UTC",100.44,-38.03,"bird_03"
"2008-10-24 04:46:00 UTC",104.55,-40.25,"bird_03"
"2008-10-24 16:34:00 UTC",107.54,-38.22,"bird_03"
"2008-10-25 04:16:00 UTC",112.15,-36.4,"bird_03"
"2008-10-25 15:49:00 UTC",118.63,-38.41,"bird_03"
"2008-10-26 03:25:00 UTC",124.75,-38.36,"bird_03"
"2008-10-26 14:53:00 UTC",132.61,-40.44,"bird_03"
"2008-10-27 02:38:00 UTC",136.47,-43.25,"bird_03"
"2008-10-27 14:14:00 UTC",142.59,-45.32,"bird_03"
"2008-10-28 02:04:00 UTC",145.08,-47.36,"bird_03"
"2008-10-28 13:41:00 UTC",150.69,-50.01,"bird_03"
"2008-10-29 01:11:00 UTC",158.06,-48.56,"bird_03"
"2008-10-29 12:44:00 UTC",165.05,-47.92,"bird_03"
"2008-10-30 00:08:00 UTC",173.8,-46.92,"bird_03"
"2008-10-30 11:20:00 UTC",-174.21,-49.38,"bird_03"
"2008-10-31 11:27:00 UTC",-175.97,-49.12,"bird_03"
"2008-10-31 23:10:00 UTC",-171.47,-44.67,"bird_03"
"2008-11-01 10:59:00 UTC",-168.85,-42.6,"bird_03"
"2008-11-01 22:52:00 UTC",-167.1,-42.74,"bird_03"
"2008-11-02 10:41:00 UTC",-164.23,-43.85,"bird_03"
"2008-11-02 22:26:00 UTC",-160.48,-42.8,"bird_03"
"2008-11-03 10:12:00 UTC",-157.1,-42.34,"bird_03"
"2008-11-03 21:55:00 UTC",-152.73,-41.48,"bird_03"
"2008-11-04 09:34:00 UTC",-147.72,-41.63,"bird_03"
"2008-11-04 21:24:00 UTC",-145.22,-42.94,"bird_03"
"2008-11-05 09:18:00 UTC",-143.59,-41.73,"bird_03"
"2008-11-05 20:58:00 UTC",-138.59,-39.45,"bird_03"
"2008-11-06 08:39:00 UTC",-133.96,-39,"bird_03"
"2008-11-06 20:30:00 UTC",-131.45,-40.01,"bird_03"
"2008-11-07 08:09:00 UTC",-126.32,-42.3,"bird_03"
"2008-11-07 19:47:00 UTC",-120.81,-42.07,"bird_03"
"2008-11-08 07:11:00 UTC",-111.8,-44.98,"bird_03"
"2008-11-08 18:51:00 UTC",-106.79,-46.63,"bird_03"
"2008-11-09 06:17:00 UTC",-98.16,-49.09,"bird_03"
"2008-11-09 17:38:00 UTC",-88.52,-48.49,"bird_03"
"2008-11-10 05:03:00 UTC",-79.76,-47.73,"bird_03"
"2008-11-10 16:54:00 UTC",-77.62,-50,"bird_03"
"2008-11-11 04:51:00 UTC",-76.61,-49.04,"bird_03"
"2008-11-11 16:49:00 UTC",-76.1,-48.84,"bird_03"
"2008-11-12 04:50:00 UTC",-76.45,-47.99,"bird_03"
"2008-11-12 17:01:00 UTC",-79.19,-48.81,"bird_03"
"2008-11-13 04:33:00 UTC",-72.17,-54.19,"bird_03"
"2008-11-13 16:32:00 UTC",-71.9,-55.56,"bird_03"
"2008-11-14 04:25:00 UTC",-70.01,-56.1,"bird_03"
"2008-11-14 16:24:00 UTC",-69.74,-56.23,"bird_03"
"2008-11-15 04:09:00 UTC",-66.22,-57.37,"bird_03"
"2008-11-15 15:49:00 UTC",-61.2,-57.07,"bird_03"
"2008-11-16 03:49:00 UTC",-61.17,-54.62,"bird_03"
"2008-11-16 15:55:00 UTC",-62.52,-54.7,"bird_03"
"2008-11-17 03:43:00 UTC",-59.38,-56.59,"bird_03"
"2008-11-17 15:19:00 UTC",-53.48,-55.94,"bird_03"
"2008-11-18 03:34:00 UTC",-57.2,-51.12,"bird_03"
"2008-11-18 15:39:00 UTC",-58.42,-50.34,"bird_03"
"2008-11-19 03:55:00 UTC",-62.52,-48.3,"bird_03"
"2008-11-19 15:47:00 UTC",-60.37,-46.32,"bird_03"
"2008-11-20 03:45:00 UTC",-59.71,-44.98,"bird_03"
"2008-11-21 15:47:00 UTC",-60.24,-46.93,"bird_03"
"2008-11-22 03:41:00 UTC",-58.58,-43.54,"bird_03"
"2008-11-22 15:51:00 UTC",-61.17,-44.88,"bird_03"
"2008-11-23 03:49:00 UTC",-60.64,-46.73,"bird_03"
"2008-11-23 15:55:00 UTC",-61.98,-47.18,"bird_03"
"2008-11-24 03:52:00 UTC",-61.32,-48.27,"bird_03"
"2008-11-24 15:39:00 UTC",-57.91,-47.36,"bird_03"
"2008-11-25 03:31:00 UTC",-55.87,-46.3,"bird_03"
"2008-11-25 15:42:00 UTC",-58.58,-47.77,"bird_03"
"2008-11-26 03:45:00 UTC",-59.54,-48.5,"bird_03"
"2008-11-26 15:32:00 UTC",-56.25,-47.3,"bird_03"
"2008-11-27 03:38:00 UTC",-57.71,-44.06,"bird_03"
"2008-11-27 15:43:00 UTC",-58.67,-43.68,"bird_03"
"2008-11-28 03:45:00 UTC",-59.13,-44.08,"bird_03"
"2008-11-28 15:37:00 UTC",-57.08,-42.92,"bird_03"
"2008-11-29 03:14:00 UTC",-51.29,-45.33,"bird_03"
"2008-11-29 15:16:00 UTC",-51.75,-47.26,"bird_03"
"2008-11-30 03:05:00 UTC",-49.08,-48.9,"bird_03"
"2008-11-30 14:57:00 UTC",-47.03,-48.99,"bird_03"
"2007-12-12 02:26:00 UTC",-38.16,-45.87,"bird_04"
"2007-12-12 14:48:00 UTC",-43.47,-46.56,"bird_04"
"2007-12-13 02:51:00 UTC",-44.29,-48.77,"bird_04"
"2007-12-13 14:49:00 UTC",-43.85,-48.45,"bird_04"
"2007-12-14 02:42:00 UTC",-41.92,-49.23,"bird_04"
"2007-12-14 14:32:00 UTC",-39.24,-49.11,"bird_04"
"2007-12-15 02:47:00 UTC",-42.93,-45.5,"bird_04"
"2007-12-15 15:18:00 UTC",-50.61,-46.53,"bird_04"
"2007-12-17 03:57:00 UTC",-60.43,-40.5,"bird_04"
"2007-12-17 15:47:00 UTC",-57.87,-43.53,"bird_04"
"2007-12-18 03:36:00 UTC",-55.06,-43.51,"bird_04"
"2007-12-18 15:51:00 UTC",-58.75,-45.53,"bird_04"
"2007-12-19 04:03:00 UTC",-61.43,-45.94,"bird_04"
"2007-12-19 15:56:00 UTC",-59.62,-44.84,"bird_04"
"2007-12-20 03:44:00 UTC",-56.69,-45.38,"bird_04"
"2007-12-20 15:43:00 UTC",-56.25,-46.11,"bird_04"
"2007-12-21 03:47:00 UTC",-57.44,-45.25,"bird_04"
"2007-12-21 16:01:00 UTC",-60.62,-45.68,"bird_04"
"2007-12-22 03:52:00 UTC",-58.44,-48.55,"bird_04"
"2007-12-22 15:43:00 UTC",-56.13,-48.55,"bird_04"
"2007-12-23 03:56:00 UTC",-59.44,-45.47,"bird_04"
"2007-12-25 03:38:00 UTC",-54.57,-48.03,"bird_04"
"2007-12-25 15:46:00 UTC",-56.5,-49.14,"bird_04"
"2007-12-26 03:48:00 UTC",-56.94,-49.85,"bird_04"
"2007-12-26 15:49:00 UTC",-57.25,-49.79,"bird_04"
"2007-12-27 04:05:00 UTC",-61.07,-48.11,"bird_04"
"2007-12-27 15:50:00 UTC",-57.25,-46.14,"bird_04"
"2007-12-28 03:43:00 UTC",-55.44,-45.09,"bird_04"
"2007-12-28 15:53:00 UTC",-58.01,-46.31,"bird_04"
"2007-12-29 03:53:00 UTC",-57.82,-47.84,"bird_04"
"2007-12-29 16:01:00 UTC",-59.76,-48.45,"bird_04"
"2007-12-30 04:00:00 UTC",-59.45,-49.57,"bird_04"
"2007-12-30 15:56:00 UTC",-58.26,-49.34,"bird_04"
"2007-12-31 03:48:00 UTC",-56.33,-49.82,"bird_04"
"2007-12-31 15:38:00 UTC",-53.77,-49.7,"bird_04"
"2008-01-01 03:42:00 UTC",-54.71,-47.9,"bird_04"
"2008-01-01 16:03:00 UTC",-59.77,-48.99,"bird_04"
"2008-01-02 03:52:00 UTC",-57.09,-52.55,"bird_04"
"2008-01-02 15:47:00 UTC",-55.78,-52.89,"bird_04"
"2008-01-03 04:07:00 UTC",-60.72,-50.13,"bird_04"
"2008-01-03 15:51:00 UTC",-56.79,-48.28,"bird_04"
"2008-01-04 03:56:00 UTC",-57.98,-45.42,"bird_04"
"2008-01-04 15:56:00 UTC",-57.8,-44.91,"bird_04"
"2008-01-05 03:49:00 UTC",-56.12,-46,"bird_04"
"2008-01-07 03:41:00 UTC",-53.77,-47.26,"bird_04"
"2008-01-07 15:42:00 UTC",-53.84,-46.38,"bird_04"
"2008-01-08 03:56:00 UTC",-57.41,-44.26,"bird_04"
"2008-01-08 16:07:00 UTC",-60.11,-44.11,"bird_04"
"2008-01-09 03:57:00 UTC",-57.56,-47.39,"bird_04"
"2008-01-09 15:56:00 UTC",-57.26,-48.11,"bird_04"
"2008-01-10 04:02:00 UTC",-58.7,-47.15,"bird_04"
"2008-01-10 16:01:00 UTC",-58.28,-46.7,"bird_04"
"2008-01-11 03:56:00 UTC",-57.1,-47.13,"bird_04"
"2008-01-11 15:50:00 UTC",-55.68,-47.34,"bird_04"
"2008-01-12 03:44:00 UTC",-54,-47.55,"bird_04"
"2008-01-14 03:56:00 UTC",-56.94,-49.34,"bird_04"
"2008-01-14 15:50:00 UTC",-55.27,-48.95,"bird_04"
"2008-01-16 03:49:00 UTC",-55.01,-48.37,"bird_04"
"2008-01-16 15:50:00 UTC",-55.09,-47.5,"bird_04"
"2008-01-17 03:48:00 UTC",-54.67,-47.75,"bird_04"
"2008-01-17 15:48:00 UTC",-54.5,-47.99,"bird_04"
"2008-01-18 03:44:00 UTC",-53.34,-48.89,"bird_04"
"2008-01-18 15:45:00 UTC",-53.8,-49.45,"bird_04"
"2008-01-19 04:01:00 UTC",-57.51,-47.61,"bird_04"
"2008-01-19 16:03:00 UTC",-58.09,-46.68,"bird_04"
"2008-01-20 04:07:00 UTC",-59.06,-46.58,"bird_04"
"2008-01-20 16:05:00 UTC",-58.52,-46.23,"bird_04"
"2008-01-21 04:07:00 UTC",-58.86,-45.74,"bird_04"
"2008-01-21 16:04:00 UTC",-58.2,-45.76,"bird_04"
"2008-01-22 04:10:00 UTC",-59.79,-44.14,"bird_04"
"2008-01-22 16:16:00 UTC",-61.13,-44.45,"bird_04"
"2008-01-23 04:10:00 UTC",-59.59,-46.51,"bird_04"
"2008-01-23 15:58:00 UTC",-56.56,-46.15,"bird_04"
"2008-01-24 04:00:00 UTC",-57.03,-43.79,"bird_04"
"2008-01-24 16:02:00 UTC",-57.5,-43.96,"bird_04"
"2008-01-25 04:00:00 UTC",-56.84,-44.87,"bird_04"
"2008-01-25 16:10:00 UTC",-59.44,-46.31,"bird_04"
"2008-01-26 04:03:00 UTC",-57.66,-49.52,"bird_04"
"2008-01-26 15:56:00 UTC",-55.88,-49.7,"bird_04"
"2008-01-27 04:08:00 UTC",-58.98,-46.46,"bird_04"
"2008-01-27 16:01:00 UTC",-56.95,-44.62,"bird_04"
"2008-01-28 03:56:00 UTC",-55.68,-44.2,"bird_04"
"2008-01-28 16:04:00 UTC",-57.65,-45.9,"bird_04"
"2008-01-29 03:56:00 UTC",-55.88,-48.82,"bird_04"
"2008-01-29 15:57:00 UTC",-55.98,-49.65,"bird_04"
"2008-01-30 03:58:00 UTC",-56.34,-49.48,"bird_04"
"2008-01-30 15:58:00 UTC",-56.31,-49.68,"bird_04"
"2008-01-31 04:05:00 UTC",-57.79,-48.87,"bird_04"
"2008-01-31 16:05:00 UTC",-57.9,-48.68,"bird_04"
"2008-02-01 04:08:00 UTC",-58.63,-48.36,"bird_04"
"2008-02-01 16:00:00 UTC",-56.49,-47.3,"bird_04"
"2008-02-02 03:55:00 UTC",-55.22,-46.93,"bird_04"
"2008-02-02 15:56:00 UTC",-55.71,-48.04,"bird_04"
"2008-02-03 03:56:00 UTC",-55.57,-48.69,"bird_04"
"2008-02-03 16:05:00 UTC",-57.68,-49.89,"bird_04"
"2008-02-05 04:00:00 UTC",-56.52,-43.54,"bird_04"
"2008-02-05 15:56:00 UTC",-55.63,-47.37,"bird_04"
"2008-02-07 15:56:00 UTC",-55.59,-48.4,"bird_04"
"2008-02-08 03:58:00 UTC",-55.96,-49.43,"bird_04"
"2008-02-08 15:47:00 UTC",-53.21,-48.14,"bird_04"
"2008-02-09 03:52:00 UTC",-54.45,-44.92,"bird_04"
"2008-02-09 15:58:00 UTC",-55.95,-45.2,"bird_04"
"2008-02-10 04:02:00 UTC",-56.94,-46.23,"bird_04"
"2008-02-10 16:01:00 UTC",-56.57,-45.59,"bird_04"
"2008-02-11 03:47:00 UTC",-53.32,-48.39,"bird_04"
"2008-02-11 15:49:00 UTC",-53.69,-50.46,"bird_04"
"2008-02-12 03:50:00 UTC",-53.94,-50.76,"bird_04"
"2008-02-14 03:53:00 UTC",-54.7,-48.29,"bird_04"
"2008-02-14 15:41:00 UTC",-51.58,-47.67,"bird_04"
"2008-02-16 03:45:00 UTC",-52.72,-47.3,"bird_04"
"2008-02-16 15:48:00 UTC",-53.6,-50.11,"bird_04"
"2008-02-17 04:08:00 UTC",-58.61,-46.55,"bird_04"
"2008-02-17 16:10:00 UTC",-58.99,-43.47,"bird_04"
"2008-02-18 04:03:00 UTC",-57.12,-46.4,"bird_04"
"2008-02-18 15:58:00 UTC",-56.01,-47.42,"bird_04"
"2008-02-19 03:56:00 UTC",-55.64,-46.69,"bird_04"
"2008-02-19 15:50:00 UTC",-54.03,-46.38,"bird_04"
"2008-02-20 03:45:00 UTC",-52.92,-46.06,"bird_04"
"2008-02-20 15:54:00 UTC",-55.05,-48.93,"bird_04"
"2008-02-21 03:56:00 UTC",-55.44,-51.14,"bird_04"
"2008-02-23 04:02:00 UTC",-57.13,-50.52,"bird_04"
"2008-02-23 16:02:00 UTC",-57.14,-50.51,"bird_04"
"2008-02-24 04:08:00 UTC",-58.79,-49.37,"bird_04"
"2008-02-24 15:57:00 UTC",-56.05,-45.75,"bird_04"
"2008-02-25 04:03:00 UTC",-57.32,-40.66,"bird_04"
"2008-02-25 16:03:00 UTC",-57.47,-40.09,"bird_04"
"2008-02-26 04:00:00 UTC",-56.74,-41.95,"bird_04"
"2008-02-26 16:04:00 UTC",-57.63,-44.08,"bird_04"
"2008-02-27 04:07:00 UTC",-58.53,-44.89,"bird_04"
"2008-02-27 16:11:00 UTC",-59.55,-45.4,"bird_04"
"2008-02-28 04:12:00 UTC",-59.95,-46.83,"bird_04"
"2008-02-28 16:08:00 UTC",-58.97,-45.48,"bird_04"
"2008-02-29 04:02:00 UTC",-57.24,-47.26,"bird_04"
"2008-02-29 15:57:00 UTC",-56.27,-48.39,"bird_04"
"2008-03-01 03:58:00 UTC",-56.42,-47.41,"bird_04"
"2008-03-01 15:57:00 UTC",-56.32,-47.65,"bird_04"
"2008-03-02 04:02:00 UTC",-57.47,-46.57,"bird_04"
"2008-03-02 16:08:00 UTC",-58.87,-47.5,"bird_04"
"2008-03-03 04:08:00 UTC",-59.14,-49.39,"bird_04"
"2008-03-03 16:04:00 UTC",-58.04,-49.02,"bird_04"
"2008-03-05 04:10:00 UTC",-59.63,-45.05,"bird_04"
"2008-03-05 16:07:00 UTC",-58.91,-48.09,"bird_04"
"2008-03-06 04:08:00 UTC",-59.06,-46.82,"bird_04"
"2008-03-06 16:12:00 UTC",-60.21,-48.71,"bird_04"
"2008-03-08 04:11:00 UTC",-60.06,-46.77,"bird_04"
"2008-03-10 04:01:00 UTC",-57.68,-46.16,"bird_04"
"2008-03-10 15:50:00 UTC",-55.09,-45.42,"bird_04"
"2008-03-11 03:48:00 UTC",-54.5,-40.78,"bird_04"
"2008-03-11 15:48:00 UTC",-54.65,-43.74,"bird_04"
"2008-03-12 03:54:00 UTC",-56.06,-41.34,"bird_04"
"2008-03-12 15:59:00 UTC",-57.35,-40.9,"bird_04"
"2008-03-14 15:54:00 UTC",-56.36,-41.38,"bird_04"
"2008-03-17 16:03:00 UTC",-58.7,-48.87,"bird_04"
"2008-04-06 03:56:00 UTC",-58.27,-51.38,"bird_04"
"2008-04-11 15:40:00 UTC",-54.77,-44.16,"bird_04"
"2008-04-12 03:49:00 UTC",-57.05,-46.68,"bird_04"
"2008-04-12 15:49:00 UTC",-57.21,-50.32,"bird_04"
"2008-04-13 03:45:00 UTC",-56.24,-47.62,"bird_04"
"2008-04-13 15:52:00 UTC",-57.9,-41,"bird_04"
"2008-04-14 15:32:00 UTC",-52.96,-39.61,"bird_04"
"2008-04-15 03:22:00 UTC",-50.49,-41.14,"bird_04"
"2008-04-15 15:13:00 UTC",-48.27,-40.48,"bird_04"
"2008-04-17 02:42:00 UTC",-40.61,-44.4,"bird_04"
"2008-04-17 14:40:00 UTC",-40.13,-44.66,"bird_04"
"2008-04-18 02:40:00 UTC",-40.16,-44.91,"bird_04"
"2008-04-18 14:36:00 UTC",-39.06,-46.34,"bird_04"
"2008-04-19 02:38:00 UTC",-39.59,-48.02,"bird_04"
"2008-04-19 14:34:00 UTC",-38.62,-49.55,"bird_04"
"2008-04-20 02:26:00 UTC",-36.77,-47.98,"bird_04"
"2008-04-20 14:38:00 UTC",-39.67,-39.14,"bird_04"
"2008-04-21 02:48:00 UTC",-42.2,-38.64,"bird_04"
"2008-04-21 14:52:00 UTC",-43.35,-40.28,"bird_04"
"2008-04-22 02:59:00 UTC",-45.12,-40.61,"bird_04"
"2008-04-23 14:57:00 UTC",-44.69,-45.1,"bird_04"
"2008-04-24 03:03:00 UTC",-46.21,-42.55,"bird_04"
"2008-04-24 15:02:00 UTC",-45.99,-44.86,"bird_04"
"2008-04-25 02:58:00 UTC",-45.01,-43.08,"bird_04"
"2008-04-25 14:59:00 UTC",-45.15,-40.9,"bird_04"
"2008-04-26 03:01:00 UTC",-45.92,-41.19,"bird_04"
"2008-04-26 14:58:00 UTC",-44.94,-43.47,"bird_04"
"2008-04-27 02:54:00 UTC",-44.09,-43.39,"bird_04"
"2008-04-27 14:59:00 UTC",-45.36,-39.66,"bird_04"
"2008-04-28 03:09:00 UTC",-47.88,-41.3,"bird_04"
"2008-04-28 15:12:00 UTC",-48.77,-43.15,"bird_04"
"2008-04-29 03:21:00 UTC",-50.91,-43.68,"bird_04"
"2008-04-29 15:33:00 UTC",-53.8,-42.4,"bird_04"
"2008-04-30 03:29:00 UTC",-53.07,-38.18,"bird_04"
"2008-04-30 15:24:00 UTC",-51.71,-38.84,"bird_04"
"2008-05-01 03:27:00 UTC",-52.48,-40.42,"bird_04"
"2008-05-01 15:17:00 UTC",-49.99,-44.73,"bird_04"
"2008-05-02 03:17:00 UTC",-50,-46.48,"bird_04"
"2008-05-02 15:15:00 UTC",-49.39,-46.89,"bird_04"
"2008-05-03 03:04:00 UTC",-46.78,-44.8,"bird_04"
"2008-05-03 15:01:00 UTC",-46.17,-42.05,"bird_04"
"2008-05-05 14:53:00 UTC",-44.21,-43.51,"bird_04"
"2008-05-06 02:51:00 UTC",-43.59,-42.96,"bird_04"
"2008-05-06 14:52:00 UTC",-43.85,-41.63,"bird_04"
"2008-05-07 02:59:00 UTC",-45.49,-42.64,"bird_04"
"2008-05-08 14:52:00 UTC",-43.76,-43.32,"bird_04"
"2008-05-09 02:59:00 UTC",-45.64,-40.28,"bird_04"
"2008-05-09 14:55:00 UTC",-44.52,-43.27,"bird_04"
"2008-05-10 02:54:00 UTC",-44.27,-43.95,"bird_04"
"2008-05-10 14:58:00 UTC",-45.28,-42.29,"bird_04"
"2008-05-11 03:08:00 UTC",-47.91,-43.22,"bird_04"
"2008-05-11 15:11:00 UTC",-48.78,-44.55,"bird_04"
"2008-05-12 03:25:00 UTC",-52.16,-46.22,"bird_04"
"2008-05-12 15:17:00 UTC",-50.04,-50.99,"bird_04"
"2008-05-13 03:18:00 UTC",-50.41,-51.91,"bird_04"
"2008-05-13 15:29:00 UTC",-53.16,-49.68,"bird_04"
"2008-05-15 15:39:00 UTC",-55.66,-46.61,"bird_04"
"2008-05-16 03:43:00 UTC",-56.66,-45.63,"bird_04"
"2008-05-16 15:48:00 UTC",-57.9,-45.03,"bird_04"
"2008-05-17 04:04:00 UTC",-61.78,-46.56,"bird_04"
"2008-05-17 15:59:00 UTC",-60.77,-50.15,"bird_04"
"2008-05-18 03:47:00 UTC",-57.64,-49.15,"bird_04"
"2008-05-20 03:43:00 UTC",-56.49,-47.57,"bird_04"
"2008-05-22 03:47:00 UTC",-57.58,-47.05,"bird_04"
"2008-05-22 15:49:00 UTC",-58.07,-44.76,"bird_04"
"2008-05-23 03:45:00 UTC",-56.94,-43.67,"bird_04"
"2008-05-23 15:37:00 UTC",-55.05,-44.08,"bird_04"
"2008-05-24 03:44:00 UTC",-56.66,-45.9,"bird_04"
"2008-05-24 15:46:00 UTC",-57.4,-46.43,"bird_04"
"2008-05-25 03:36:00 UTC",-54.77,-44.36,"bird_04"
"2008-05-25 15:44:00 UTC",-56.63,-40.15,"bird_04"
"2008-05-26 03:52:00 UTC",-58.74,-40.22,"bird_04"
"2008-05-26 15:50:00 UTC",-58.22,-42.45,"bird_04"
"2008-05-27 03:55:00 UTC",-59.46,-43.44,"bird_04"
"2008-05-27 15:55:00 UTC",-59.44,-44.38,"bird_04"
"2008-05-28 03:55:00 UTC",-59.3,-44.08,"bird_04"
"2008-05-28 15:56:00 UTC",-59.66,-43.77,"bird_04"
"2008-05-29 03:50:00 UTC",-58.27,-42.38,"bird_04"
"2008-05-29 15:51:00 UTC",-58.38,-40.93,"bird_04"
"2008-05-30 03:53:00 UTC",-58.86,-41.2,"bird_04"
"2008-05-30 15:48:00 UTC",-57.72,-42.4,"bird_04"
"2008-05-31 03:49:00 UTC",-57.95,-43.01,"bird_04"
"2008-06-01 15:52:00 UTC",-58.52,-44.26,"bird_04"
"2008-06-02 03:51:00 UTC",-58.37,-41.5,"bird_04"
"2008-06-02 15:48:00 UTC",-57.6,-42.14,"bird_04"
"2008-06-03 03:45:00 UTC",-56.58,-41.68,"bird_04"
"2008-06-03 15:38:00 UTC",-54.81,-42.31,"bird_04"
"2008-06-04 03:45:00 UTC",-56.79,-44.29,"bird_04"
"2008-06-04 15:39:00 UTC",-55.14,-46.88,"bird_04"
"2008-06-05 03:34:00 UTC",-53.87,-47.09,"bird_04"
"2008-06-05 15:40:00 UTC",-55.23,-45.01,"bird_04"
"2008-06-06 03:41:00 UTC",-55.45,-44.29,"bird_04"
"2008-06-06 15:43:00 UTC",-56.05,-44.05,"bird_04"
"2008-06-07 03:37:00 UTC",-54.53,-42.97,"bird_04"
"2008-06-07 15:36:00 UTC",-54.26,-41.86,"bird_04"
"2008-06-08 03:51:00 UTC",-58.11,-44,"bird_04"
"2008-06-08 15:47:00 UTC",-57.08,-47.3,"bird_04"
"2008-06-09 03:35:00 UTC",-53.81,-46.36,"bird_04"
"2008-06-09 15:35:00 UTC",-53.79,-43.81,"bird_04"
"2008-06-10 03:33:00 UTC",-53.39,-43.59,"bird_04"
"2008-06-10 15:34:00 UTC",-53.49,-43.04,"bird_04"
"2008-06-11 03:33:00 UTC",-53.21,-42.99,"bird_04"
"2008-06-11 15:18:00 UTC",-49.43,-45.49,"bird_04"
"2008-06-13 15:08:00 UTC",-47.08,-47.36,"bird_04"
"2008-06-14 03:05:00 UTC",-46.18,-46.9,"bird_04"
"2008-06-14 15:03:00 UTC",-45.78,-46.44,"bird_04"
"2008-06-15 02:49:00 UTC",-42.13,-45.06,"bird_04"
"2008-06-15 14:53:00 UTC",-43.1,-41.45,"bird_04"
"2008-06-16 02:51:00 UTC",-42.45,-40.55,"bird_04"
"2008-06-16 14:48:00 UTC",-41.8,-40.35,"bird_04"
"2008-06-17 02:49:00 UTC",-42.02,-40.68,"bird_04"
"2008-06-17 14:46:00 UTC",-41.24,-41.71,"bird_04"
"2008-06-18 02:45:00 UTC",-40.84,-41.86,"bird_04"
"2008-06-18 14:42:00 UTC",-40.19,-42.02,"bird_04"
"2008-06-19 02:42:00 UTC",-40.16,-42.35,"bird_04"
"2008-06-19 14:41:00 UTC",-40.01,-42.5,"bird_04"
"2008-06-20 02:44:00 UTC",-40.73,-42.83,"bird_04"
"2008-06-20 14:42:00 UTC",-40.2,-43.8,"bird_04"
"2008-06-21 02:34:00 UTC",-38.05,-42.99,"bird_04"
"2008-06-21 14:32:00 UTC",-37.4,-41.82,"bird_04"
"2008-06-22 02:34:00 UTC",-37.87,-42.5,"bird_04"
"2008-06-22 14:31:00 UTC",-37.22,-43.33,"bird_04"
"2008-06-24 02:28:00 UTC",-36.39,-44,"bird_04"
"2008-06-24 14:28:00 UTC",-36.36,-41.02,"bird_04"
"2008-06-25 02:33:00 UTC",-37.59,-41.74,"bird_04"
"2008-06-25 14:35:00 UTC",-37.94,-42.6,"bird_04"
"2008-06-26 02:36:00 UTC",-38.16,-42.29,"bird_04"
"2008-06-26 14:30:00 UTC",-36.76,-43.8,"bird_04"
"2008-06-27 02:19:00 UTC",-33.98,-43.18,"bird_04"
"2008-06-29 02:14:00 UTC",-32.63,-40.93,"bird_04"
"2008-06-29 14:09:00 UTC",-31.36,-40.62,"bird_04"
"2008-06-30 01:58:00 UTC",-28.58,-39.94,"bird_04"
"2008-06-30 13:43:00 UTC",-24.81,-40.71,"bird_04"
"2008-07-02 13:14:00 UTC",-17.46,-42.67,"bird_04"
"2008-07-03 01:25:00 UTC",-20.07,-45.17,"bird_04"
"2008-07-03 13:19:00 UTC",-18.79,-47.89,"bird_04"
"2008-07-04 00:52:00 UTC",-11.9,-45.45,"bird_04"
"2008-07-04 12:43:00 UTC",-9.5,-41.7,"bird_04"
"2008-07-06 12:37:00 UTC",-8.04,-38.83,"bird_04"
"2008-07-07 00:40:00 UTC",-8.77,-38.11,"bird_04"
"2008-07-07 12:40:00 UTC",-8.62,-39.18,"bird_04"
"2008-07-08 00:52:00 UTC",-11.85,-41.17,"bird_04"
"2008-07-08 12:43:00 UTC",-9.46,-45.85,"bird_04"
"2008-07-09 00:33:00 UTC",-6.94,-45.95,"bird_04"
"2008-07-09 12:31:00 UTC",-6.42,-44.42,"bird_04"
"2008-07-10 00:25:00 UTC",-5.03,-44.01,"bird_04"
"2008-07-10 12:14:00 UTC",-2.26,-45.44,"bird_04"
"2008-07-11 00:10:00 UTC",-1.12,-46.34,"bird_04"
"2008-07-11 11:59:00 UTC",1.77,-47.82,"bird_04"
"2008-07-11 23:59:00 UTC",1.78,-49.09,"bird_04"
"2008-07-12 11:53:00 UTC",3.17,-50.17,"bird_04"
"2008-07-12 23:37:00 UTC",7.31,-49.03,"bird_04"
"2008-07-13 11:43:00 UTC",5.7,-44.94,"bird_04"
"2008-07-13 23:43:00 UTC",5.59,-44.2,"bird_04"
"2008-07-14 11:36:00 UTC",7.48,-45.85,"bird_04"
"2008-07-14 23:36:00 UTC",7.49,-46.95,"bird_04"
"2008-07-15 11:44:00 UTC",5.51,-45.44,"bird_04"
"2008-07-15 23:50:00 UTC",4.02,-45.23,"bird_04"
"2008-07-16 11:53:00 UTC",3.4,-46.21,"bird_04"
"2008-07-16 23:42:00 UTC",6.04,-44.45,"bird_04"
"2008-07-17 11:46:00 UTC",5.18,-41.38,"bird_04"
"2008-07-17 23:51:00 UTC",3.93,-41.92,"bird_04"
"2008-07-18 11:47:00 UTC",4.82,-44.16,"bird_04"
"2008-07-20 11:22:00 UTC",11.1,-45.85,"bird_04"
"2008-07-20 23:17:00 UTC",12.36,-46.71,"bird_04"
"2008-07-21 11:22:00 UTC",10.99,-44.54,"bird_04"
"2008-07-21 23:23:00 UTC",10.87,-44.14,"bird_04"
"2008-07-22 11:15:00 UTC",12.75,-45.99,"bird_04"
"2008-07-22 22:57:00 UTC",17.37,-44.48,"bird_04"
"2008-07-23 10:40:00 UTC",21.75,-44.46,"bird_04"
"2008-07-23 22:33:00 UTC",23.26,-46.51,"bird_04"
"2008-07-24 10:36:00 UTC",22.63,-44.63,"bird_04"
"2008-07-26 10:30:00 UTC",24.26,-44,"bird_04"
"2008-07-26 22:24:00 UTC",25.63,-41.85,"bird_04"
"2008-07-27 10:22:00 UTC",26.26,-41.38,"bird_04"
"2008-07-27 22:20:00 UTC",26.63,-41.81,"bird_04"
"2008-07-28 10:18:00 UTC",27.13,-42.02,"bird_04"
"2008-07-28 22:20:00 UTC",26.62,-43.13,"bird_04"
"2008-07-29 10:26:00 UTC",25.12,-42.46,"bird_04"
"2008-07-29 22:31:00 UTC",23.86,-42.23,"bird_04"
"2008-07-30 10:32:00 UTC",23.48,-43.58,"bird_04"
"2008-07-30 22:27:00 UTC",24.98,-41.98,"bird_04"
"2008-07-31 10:16:00 UTC",27.72,-43.6,"bird_04"
"2008-07-31 22:13:00 UTC",28.34,-45.38,"bird_04"
"2008-08-01 10:16:00 UTC",27.58,-44.3,"bird_04"
"2008-08-01 22:09:00 UTC",29.2,-42.93,"bird_04"
"2008-08-02 10:13:00 UTC",28.31,-40.46,"bird_04"
"2008-08-02 22:14:00 UTC",27.93,-39.93,"bird_04"
"2008-08-04 22:13:00 UTC",28.26,-37.92,"bird_04"
"2008-08-05 10:11:00 UTC",28.62,-37.89,"bird_04"
"2008-08-05 22:20:00 UTC",26.35,-40.99,"bird_04"
"2008-08-06 10:21:00 UTC",26.22,-43.64,"bird_04"
"2008-08-06 22:15:00 UTC",27.58,-42.64,"bird_04"
"2008-08-07 10:21:00 UTC",26.06,-39.59,"bird_04"
"2008-08-07 22:31:00 UTC",23.54,-40.47,"bird_04"
"2008-08-08 10:27:00 UTC",24.78,-45.61,"bird_04"
"2008-08-08 22:15:00 UTC",27.51,-44.39,"bird_04"
"2008-08-09 10:22:00 UTC",25.87,-39.3,"bird_04"
"2008-08-11 22:23:00 UTC",25.64,-44.22,"bird_04"
"2008-08-13 10:14:00 UTC",27.7,-44.44,"bird_04"
"2008-08-13 22:27:00 UTC",24.55,-38.72,"bird_04"
"2008-08-14 10:27:00 UTC",24.41,-43.39,"bird_04"
"2008-08-14 22:19:00 UTC",26.51,-41.52,"bird_04"
"2008-08-15 10:19:00 UTC",26.36,-38.03,"bird_04"
"2008-08-15 22:24:00 UTC",25.08,-39.88,"bird_04"
"2008-08-16 10:29:00 UTC",23.93,-40.64,"bird_04"
"2008-08-16 22:28:00 UTC",24.03,-39.22,"bird_04"
"2008-08-17 10:25:00 UTC",24.88,-40.74,"bird_04"
"2008-08-17 22:24:00 UTC",24.97,-42.26,"bird_04"
"2008-08-18 10:24:00 UTC",24.95,-42.7,"bird_04"
"2008-08-18 22:24:00 UTC",24.92,-43.16,"bird_04"
"2008-08-19 10:22:00 UTC",25.39,-44.33,"bird_04"
"2008-08-19 22:20:00 UTC",25.98,-44.45,"bird_04"
"2008-08-20 10:25:00 UTC",24.7,-41.94,"bird_04"
"2008-08-20 22:32:00 UTC",22.67,-43.97,"bird_04"
"2008-08-23 10:14:00 UTC",27.14,-39.42,"bird_04"
"2008-08-23 22:19:00 UTC",25.98,-43.98,"bird_04"
"2008-08-27 22:20:00 UTC",25.45,-46.41,"bird_04"
"2008-08-28 10:20:00 UTC",25.28,-43.65,"bird_04"
"2008-09-01 10:14:00 UTC",26.48,-45.64,"bird_04"
"2008-09-01 22:13:00 UTC",26.56,-45.96,"bird_04"
"2008-09-04 21:51:00 UTC",31.82,-48.42,"bird_04"
"2008-09-05 09:44:00 UTC",33.77,-44.82,"bird_04"
"2008-09-09 09:46:00 UTC",32.68,-47.43,"bird_04"
"2008-10-01 22:21:00 UTC",22.1,-39.25,"bird_04"
"2008-10-02 10:22:00 UTC",21.94,-36.04,"bird_04"
"2008-10-02 22:13:00 UTC",24.02,-41.5,"bird_04"
"2008-10-03 10:05:00 UTC",26.11,-41.27,"bird_04"
"2008-10-03 22:04:00 UTC",26.2,-34.25,"bird_04"
"2008-10-04 10:08:00 UTC",25.03,-35.64,"bird_04"
"2008-10-04 22:12:00 UTC",24.12,-36.89,"bird_04"
"2008-10-10 22:41:00 UTC",16.45,-34.74,"bird_04"
"2008-10-15 10:02:00 UTC",26.06,-35.3,"bird_04"
"2008-10-15 22:06:00 UTC",24.9,-36.91,"bird_04"
"2008-10-18 22:03:00 UTC",25.63,-36.17,"bird_04"
"2008-10-20 22:15:00 UTC",22.29,-47.03,"bird_04"
"2008-10-21 09:52:00 UTC",28.02,-42.52,"bird_04"
"2008-10-21 21:24:00 UTC",35.13,-44.03,"bird_04"
"2008-10-25 08:33:00 UTC",47.77,-38.73,"bird_04"
"2008-10-25 20:29:00 UTC",48.88,-39.79,"bird_04"
"2008-10-29 18:41:00 UTC",75.68,-35.87,"bird_04"
"2008-10-30 06:40:00 UTC",76.04,-36.4,"bird_04"
"2008-11-02 05:08:00 UTC",98.9,-39.97,"bird_04"
"2008-11-02 17:18:00 UTC",96.4,-38.29,"bird_04"
"2008-11-03 05:12:00 UTC",97.9,-35.01,"bird_04"
"2008-11-05 04:20:00 UTC",110.91,-35.54,"bird_04"
"2008-11-08 03:12:00 UTC",127.82,-39.35,"bird_04"
"2008-11-08 14:52:00 UTC",132.95,-40.93,"bird_04"
"2008-11-09 02:55:00 UTC",132.21,-43.99,"bird_04"
"2008-11-09 14:51:00 UTC",133.35,-45.26,"bird_04"
"2008-11-10 02:03:00 UTC",145.23,-39.08,"bird_04"
"2008-11-12 00:52:00 UTC",163.17,-38.44,"bird_04"
"2008-11-12 13:09:00 UTC",158.81,-46.01,"bird_04"
"2008-11-13 00:23:00 UTC",170.2,-37.64,"bird_04"
"2008-11-14 00:02:00 UTC",175.61,-35.8,"bird_04"
"2008-11-14 11:36:00 UTC",-177.87,-42.07,"bird_04"
"2008-11-14 23:18:00 UTC",-173.48,-43.04,"bird_04"
"2008-11-15 11:00:00 UTC",-168.83,-43.01,"bird_04"
"2008-11-15 23:01:00 UTC",-169.06,-44.97,"bird_04"
"2008-11-17 22:18:00 UTC",-158.21,-43.67,"bird_04"
"2008-11-18 09:54:00 UTC",-152.19,-46.33,"bird_04"
"2008-11-18 21:26:00 UTC",-145.28,-45.77,"bird_04"
"2008-11-19 09:06:00 UTC",-140.26,-44.21,"bird_04"
"2008-11-22 06:34:00 UTC",-102.08,-45.49,"bird_04"
"2008-11-22 18:02:00 UTC",-93.92,-47.7,"bird_04"
"2008-11-23 05:44:00 UTC",-89.38,-45.08,"bird_04"
"2008-11-23 17:15:00 UTC",-81.98,-43.72,"bird_04"
"2008-11-25 04:04:00 UTC",-64.12,-54.76,"bird_04"
"2008-11-25 15:18:00 UTC",-52.71,-53.82,"bird_04"
"2007-12-23 02:47:00 UTC",-41.85,-53.45,"bird_05"
"2007-12-23 14:41:00 UTC",-40.54,-53.59,"bird_05"
"2007-12-24 03:22:00 UTC",-50.47,-48.67,"bird_05"
"2007-12-24 15:56:00 UTC",-59.16,-48.5,"bird_05"
"2007-12-25 03:30:00 UTC",-52.47,-55.03,"bird_05"
"2007-12-25 15:20:00 UTC",-49.91,-55.5,"bird_05"
"2007-12-26 03:12:00 UTC",-47.85,-55.29,"bird_05"
"2007-12-27 15:15:00 UTC",-48.41,-56.23,"bird_05"
"2007-12-28 04:01:00 UTC",-59.85,-57.5,"bird_05"
"2007-12-28 16:15:00 UTC",-63.41,-57.03,"bird_05"
"2007-12-29 04:45:00 UTC",-70.72,-55.91,"bird_05"
"2007-12-29 16:21:00 UTC",-64.54,-54.51,"bird_05"
"2007-12-30 04:16:00 UTC",-63.23,-52.56,"bird_05"
"2007-12-31 16:17:00 UTC",-63.43,-52.34,"bird_05"
"2008-01-01 04:28:00 UTC",-66.12,-47.39,"bird_05"
"2008-01-03 17:31:00 UTC",-81.57,-54.45,"bird_05"
"2008-01-04 05:42:00 UTC",-84.26,-56.6,"bird_05"
"2008-01-04 17:26:00 UTC",-80.33,-56.07,"bird_05"
"2008-01-05 05:50:00 UTC",-86.28,-52.36,"bird_05"
"2008-01-05 17:25:00 UTC",-79.85,-50.05,"bird_05"
"2008-01-07 05:18:00 UTC",-77.93,-47.19,"bird_05"
"2008-01-09 05:13:00 UTC",-76.47,-47.54,"bird_05"
"2008-01-10 17:12:00 UTC",-75.95,-47.08,"bird_05"
"2008-01-11 05:23:00 UTC",-78.65,-46.97,"bird_05"
"2008-01-11 17:25:00 UTC",-79.1,-46.63,"bird_05"
"2008-01-12 05:18:00 UTC",-77.55,-47.84,"bird_05"
"2008-01-12 17:24:00 UTC",-78.88,-48.68,"bird_05"
"2008-01-13 05:34:00 UTC",-81.33,-48.17,"bird_05"
"2008-01-13 17:38:00 UTC",-82.41,-47.96,"bird_05"
"2008-01-14 05:18:00 UTC",-77.24,-51.5,"bird_05"
"2008-01-14 17:17:00 UTC",-77.07,-52.56,"bird_05"
"2008-01-15 05:24:00 UTC",-78.52,-52,"bird_05"
"2008-01-15 17:26:00 UTC",-78.98,-51.95,"bird_05"
"2008-01-16 06:11:00 UTC",-90.18,-46.07,"bird_05"
"2008-01-16 18:11:00 UTC",-90.14,-42.19,"bird_05"
"2008-01-17 05:55:00 UTC",-86.1,-45.07,"bird_05"
"2008-01-17 17:49:00 UTC",-84.56,-46.22,"bird_05"
"2008-01-18 05:50:00 UTC",-84.9,-44.96,"bird_05"
"2008-01-18 17:48:00 UTC",-84.36,-44.84,"bird_05"
"2008-01-19 05:43:00 UTC",-83.19,-45.38,"bird_05"
"2008-01-19 17:35:00 UTC",-81.03,-45.4,"bird_05"
"2008-01-20 05:38:00 UTC",-81.74,-43.34,"bird_05"
"2008-01-20 17:40:00 UTC",-82.33,-43.35,"bird_05"
"2008-01-21 05:51:00 UTC",-84.92,-42.16,"bird_05"
"2008-01-21 17:36:00 UTC",-81.01,-39.2,"bird_05"
"2008-01-22 05:28:00 UTC",-79.1,-37.39,"bird_05"
"2008-01-22 17:40:00 UTC",-82.2,-40.22,"bird_05"
"2008-01-23 05:28:00 UTC",-79.04,-45.45,"bird_05"
"2008-01-25 17:21:00 UTC",-77.14,-42.45,"bird_05"
"2008-01-26 05:15:00 UTC",-75.49,-43.43,"bird_05"
"2008-01-26 17:20:00 UTC",-76.96,-44.85,"bird_05"
"2008-01-27 05:33:00 UTC",-79.94,-43.82,"bird_05"
"2008-01-27 17:27:00 UTC",-78.54,-42.22,"bird_05"
"2008-01-28 05:20:00 UTC",-76.76,-42.42,"bird_05"
"2008-01-30 05:15:00 UTC",-75.55,-45.66,"bird_05"
"2008-01-30 17:17:00 UTC",-76.03,-46.48,"bird_05"
"2008-01-31 05:24:00 UTC",-77.76,-45.79,"bird_05"
"2008-01-31 17:20:00 UTC",-76.75,-44.74,"bird_05"
"2008-02-01 05:19:00 UTC",-76.48,-44.31,"bird_05"
"2008-02-01 17:21:00 UTC",-76.84,-44.7,"bird_05"
"2008-02-02 05:21:00 UTC",-76.95,-45.1,"bird_05"
"2008-02-02 17:21:00 UTC",-76.93,-45.34,"bird_05"
"2008-02-03 05:20:00 UTC",-76.54,-45.74,"bird_05"
"2008-02-03 17:14:00 UTC",-75.03,-45.65,"bird_05"
"2008-02-04 05:15:00 UTC",-75.27,-44.17,"bird_05"
"2008-02-06 05:18:00 UTC",-75.98,-45.9,"bird_05"
"2008-02-06 17:22:00 UTC",-77.1,-46.34,"bird_05"
"2008-02-07 05:36:00 UTC",-80.46,-44.65,"bird_05"
"2008-02-07 17:34:00 UTC",-79.83,-42.78,"bird_05"
"2008-02-08 05:28:00 UTC",-78.45,-43.66,"bird_05"
"2008-02-08 17:25:00 UTC",-77.7,-44.33,"bird_05"
"2008-02-09 05:21:00 UTC",-76.82,-44.81,"bird_05"
"2008-02-09 17:21:00 UTC",-76.82,-45.48,"bird_05"
"2008-02-10 05:16:00 UTC",-75.44,-47.06,"bird_05"
"2008-02-10 17:16:00 UTC",-75.56,-48.24,"bird_05"
"2008-02-11 05:22:00 UTC",-76.94,-47.3,"bird_05"
"2008-02-11 17:12:00 UTC",-74.44,-45.31,"bird_05"
"2008-02-12 05:18:00 UTC",-75.94,-41.26,"bird_05"
"2008-02-12 17:23:00 UTC",-77.32,-41.82,"bird_05"
"2008-02-13 05:22:00 UTC",-76.95,-43.74,"bird_05"
"2008-02-13 17:17:00 UTC",-75.7,-43.62,"bird_05"
"2008-02-14 05:18:00 UTC",-75.95,-42.08,"bird_05"
"2008-02-14 17:18:00 UTC",-76.08,-42.66,"bird_05"
"2008-02-15 05:18:00 UTC",-76.09,-43,"bird_05"
"2008-02-15 17:21:00 UTC",-76.72,-43.59,"bird_05"
"2008-02-16 05:25:00 UTC",-77.73,-43.94,"bird_05"
"2008-02-17 17:21:00 UTC",-76.75,-43.57,"bird_05"
"2008-02-18 05:28:00 UTC",-78.51,-44.44,"bird_05"
"2008-02-18 17:27:00 UTC",-78.4,-43.04,"bird_05"
"2008-02-19 05:19:00 UTC",-76.29,-46.16,"bird_05"
"2008-02-19 17:16:00 UTC",-75.67,-47.24,"bird_05"
"2008-02-20 05:17:00 UTC",-75.81,-46.94,"bird_05"
"2008-02-21 05:14:00 UTC",-75.09,-37.52,"bird_05"
"2008-02-21 17:25:00 UTC",-77.73,-38.28,"bird_05"
"2008-02-22 05:30:00 UTC",-79,-40.69,"bird_05"
"2008-02-22 17:31:00 UTC",-79.39,-40.15,"bird_05"
"2008-02-24 17:16:00 UTC",-75.83,-44.18,"bird_05"
"2008-02-25 05:20:00 UTC",-76.73,-43.73,"bird_05"
"2008-02-25 17:25:00 UTC",-77.87,-43.9,"bird_05"
"2008-02-27 05:13:00 UTC",-75.06,-44.42,"bird_05"
"2008-02-27 17:16:00 UTC",-75.96,-43.94,"bird_05"
"2008-03-05 04:34:00 UTC",-65.74,-50.29,"bird_05"
"2008-03-05 16:36:00 UTC",-66.14,-53.65,"bird_05"
"2008-03-06 04:44:00 UTC",-68.05,-52.22,"bird_05"
"2008-03-06 16:36:00 UTC",-66.33,-48.78,"bird_05"
"2008-03-09 16:27:00 UTC",-64.01,-47.41,"bird_05"
"2008-03-10 04:22:00 UTC",-62.92,-49.6,"bird_05"
"2008-03-10 16:14:00 UTC",-61.07,-49.08,"bird_05"
"2008-03-12 04:22:00 UTC",-62.92,-51.76,"bird_05"
"2008-03-12 16:12:00 UTC",-60.71,-50.81,"bird_05"
"2008-03-13 04:16:00 UTC",-61.74,-43.68,"bird_05"
"2008-03-13 16:24:00 UTC",-63.52,-46.12,"bird_05"
"2008-03-14 04:28:00 UTC",-64.68,-49.09,"bird_05"
"2008-03-18 16:02:00 UTC",-58.5,-49.57,"bird_05"
"2008-03-19 04:04:00 UTC",-59.04,-51.25,"bird_05"
"2008-03-23 03:44:00 UTC",-54.34,-46.94,"bird_05"
"2008-04-02 15:33:00 UTC",-52.37,-52.92,"bird_05"
"2008-04-09 15:48:00 UTC",-56.75,-52.3,"bird_05"
"2008-04-10 04:05:00 UTC",-60.91,-49.64,"bird_05"
"2008-04-10 16:08:00 UTC",-61.56,-55.98,"bird_05"
"2008-04-11 03:56:00 UTC",-58.72,-48.85,"bird_05"
"2008-04-11 15:55:00 UTC",-58.38,-41.47,"bird_05"
"2008-04-12 03:59:00 UTC",-59.41,-44.29,"bird_05"
"2008-04-12 15:59:00 UTC",-59.44,-45.71,"bird_05"
"2008-04-13 04:04:00 UTC",-60.85,-47.49,"bird_05"
"2008-04-13 16:01:00 UTC",-60.01,-50.87,"bird_05"
"2008-04-14 04:06:00 UTC",-61.41,-53.71,"bird_05"
"2008-04-16 04:05:00 UTC",-61.29,-50.1,"bird_05"
"2008-04-16 16:01:00 UTC",-60.19,-46.59,"bird_05"
"2008-04-18 16:06:00 UTC",-61.68,-56.02,"bird_05"
"2008-04-19 04:08:00 UTC",-62.21,-57,"bird_05"
"2008-04-19 16:14:00 UTC",-63.86,-55.15,"bird_05"
"2008-04-20 04:16:00 UTC",-64.26,-53.22,"bird_05"
"2008-04-20 16:12:00 UTC",-63.41,-54.08,"bird_05"
"2008-04-21 04:15:00 UTC",-64.06,-55.37,"bird_05"
"2008-04-21 16:12:00 UTC",-63.46,-56.07,"bird_05"
"2008-04-22 04:07:00 UTC",-61.99,-54.61,"bird_05"
"2008-04-22 16:06:00 UTC",-61.88,-52.85,"bird_05"
"2008-04-23 04:16:00 UTC",-64.41,-54.38,"bird_05"
"2008-04-23 16:11:00 UTC",-63.18,-57.86,"bird_05"
"2008-04-24 04:10:00 UTC",-63.08,-58.01,"bird_05"
"2008-04-24 16:11:00 UTC",-63.35,-57.18,"bird_05"
"2008-04-25 04:19:00 UTC",-65.12,-57.91,"bird_05"
"2008-04-25 16:15:00 UTC",-64.14,-59.63,"bird_05"
"2008-04-26 04:07:00 UTC",-62.16,-58.9,"bird_05"
"2008-04-26 16:08:00 UTC",-62.69,-56.31,"bird_05"
"2008-04-27 04:05:00 UTC",-61.7,-54.71,"bird_05"
"2008-04-27 16:02:00 UTC",-61.1,-54.1,"bird_05"
"2008-04-28 04:06:00 UTC",-62.12,-54.94,"bird_05"
"2008-04-28 16:09:00 UTC",-63.01,-54.35,"bird_05"
"2008-04-29 04:09:00 UTC",-62.9,-53.36,"bird_05"
"2008-04-29 16:10:00 UTC",-63.17,-52.57,"bird_05"
"2008-04-30 04:12:00 UTC",-63.69,-52.63,"bird_05"
"2008-04-30 16:07:00 UTC",-62.45,-53.88,"bird_05"
"2008-05-02 16:19:00 UTC",-65.51,-55.44,"bird_05"
"2008-05-03 04:52:00 UTC",-73.65,-58.09,"bird_05"
"2008-05-03 16:55:00 UTC",-74.66,-62.1,"bird_05"
"2008-05-04 04:51:00 UTC",-73.42,-61.14,"bird_05"
"2008-05-04 16:38:00 UTC",-70.31,-61.88,"bird_05"
"2008-05-05 04:27:00 UTC",-67.45,-61.72,"bird_05"
"2008-05-05 16:27:00 UTC",-67.46,-59.84,"bird_05"
"2008-05-06 04:28:00 UTC",-67.71,-59.57,"bird_05"
"2008-05-06 16:29:00 UTC",-67.97,-59.3,"bird_05"
"2008-05-07 04:18:00 UTC",-65.36,-57.89,"bird_05"
"2008-05-07 16:22:00 UTC",-66.24,-55.21,"bird_05"
"2008-05-09 15:50:00 UTC",-58.39,-47.99,"bird_05"
"2008-05-10 03:56:00 UTC",-59.9,-48.52,"bird_05"
"2008-05-10 15:47:00 UTC",-57.77,-51.73,"bird_05"
"2008-05-11 03:34:00 UTC",-54.53,-50.8,"bird_05"
"2008-05-11 15:49:00 UTC",-58.16,-43.99,"bird_05"
"2008-05-12 03:45:00 UTC",-57.28,-40.2,"bird_05"
"2008-05-12 15:37:00 UTC",-55.04,-41.43,"bird_05"
"2008-05-13 03:42:00 UTC",-56.41,-44.17,"bird_05"
"2008-05-13 15:51:00 UTC",-58.66,-43.05,"bird_05"
"2008-05-14 03:41:00 UTC",-56.04,-38.81,"bird_05"
"2008-05-15 03:43:00 UTC",-56.66,-38.63,"bird_05"
"2008-05-15 15:38:00 UTC",-55.28,-41.51,"bird_05"
"2008-05-16 03:34:00 UTC",-54.53,-41.76,"bird_05"
"2008-05-16 15:27:00 UTC",-52.78,-42.44,"bird_05"
"2008-05-17 03:30:00 UTC",-53.53,-43.92,"bird_05"
"2008-05-17 15:40:00 UTC",-55.9,-42.25,"bird_05"
"2008-05-18 03:35:00 UTC",-54.64,-39.38,"bird_05"
"2008-05-18 15:31:00 UTC",-53.64,-38.73,"bird_05"
"2008-05-19 03:37:00 UTC",-55.13,-40.82,"bird_05"
"2008-05-19 15:41:00 UTC",-56.13,-41.07,"bird_05"
"2008-05-20 03:41:00 UTC",-56.12,-40.02,"bird_05"
"2008-05-20 15:31:00 UTC",-53.74,-42.2,"bird_05"
"2008-05-21 03:34:00 UTC",-54.23,-44.03,"bird_05"
"2008-05-21 15:36:00 UTC",-54.84,-43.66,"bird_05"
"2008-05-22 03:37:00 UTC",-54.96,-43.3,"bird_05"
"2008-05-22 15:36:00 UTC",-54.7,-43.52,"bird_05"
"2008-05-23 03:34:00 UTC",-54.44,-43.36,"bird_05"
"2008-05-23 15:30:00 UTC",-53.31,-43.78,"bird_05"
"2008-05-24 03:41:00 UTC",-55.92,-45.97,"bird_05"
"2008-05-25 15:37:00 UTC",-55.01,-47.36,"bird_05"
"2008-05-26 03:37:00 UTC",-54.87,-42.85,"bird_05"
"2008-05-26 15:39:00 UTC",-55.35,-42.33,"bird_05"
"2008-05-27 03:33:00 UTC",-53.97,-40.83,"bird_05"
"2008-05-27 15:33:00 UTC",-53.95,-39.48,"bird_05"
"2008-05-28 03:33:00 UTC",-53.81,-39.15,"bird_05"
"2008-05-28 15:31:00 UTC",-53.29,-39.43,"bird_05"
"2008-05-29 03:36:00 UTC",-54.53,-40.52,"bird_05"
"2008-05-29 15:21:00 UTC",-50.76,-44.81,"bird_05"
"2008-05-30 03:10:00 UTC",-48.12,-45.2,"bird_05"
"2008-05-30 15:17:00 UTC",-49.85,-41.53,"bird_05"
"2008-05-31 03:31:00 UTC",-53.33,-42.52,"bird_05"
"2008-05-31 15:34:00 UTC",-53.94,-44.69,"bird_05"
"2008-06-01 03:22:00 UTC",-50.92,-42.49,"bird_05"
"2008-06-01 15:21:00 UTC",-50.65,-40.14,"bird_05"
"2008-06-02 03:24:00 UTC",-51.51,-40.62,"bird_05"
"2008-06-02 15:20:00 UTC",-50.49,-42.01,"bird_05"
"2008-06-03 03:15:00 UTC",-49.22,-41.91,"bird_05"
"2008-06-03 15:06:00 UTC",-47.07,-42.36,"bird_05"
"2008-06-04 03:01:00 UTC",-45.8,-42.98,"bird_05"
"2008-06-04 15:05:00 UTC",-46.78,-41.1,"bird_05"
"2008-06-06 03:14:00 UTC",-48.71,-44,"bird_05"
"2008-06-06 15:05:00 UTC",-46.69,-42.57,"bird_05"
"2008-06-07 02:59:00 UTC",-45.04,-42.66,"bird_05"
"2008-06-08 14:58:00 UTC",-44.6,-48.18,"bird_05"
"2008-06-09 03:01:00 UTC",-45.57,-44.23,"bird_05"
"2008-06-09 15:00:00 UTC",-45.3,-45.12,"bird_05"
"2008-06-10 02:50:00 UTC",-42.77,-43.79,"bird_05"
"2008-06-10 14:51:00 UTC",-43,-41.35,"bird_05"
"2008-06-11 02:52:00 UTC",-43.1,-41.47,"bird_05"
"2008-06-11 14:52:00 UTC",-43.2,-41.25,"bird_05"
"2008-06-12 02:49:00 UTC",-42.17,-40.49,"bird_05"
"2008-06-12 14:48:00 UTC",-42.02,-39.9,"bird_05"
"2008-06-13 02:48:00 UTC",-41.99,-39.85,"bird_05"
"2008-06-13 14:48:00 UTC",-41.97,-39.81,"bird_05"
"2008-06-14 02:44:00 UTC",-40.94,-39.04,"bird_05"
"2008-06-14 14:39:00 UTC",-39.67,-39.38,"bird_05"
"2008-06-15 02:47:00 UTC",-41.64,-41.15,"bird_05"
"2008-06-15 14:45:00 UTC",-41.11,-43.15,"bird_05"
"2008-06-16 02:39:00 UTC",-39.59,-42.79,"bird_05"
"2008-06-16 14:35:00 UTC",-38.56,-42.1,"bird_05"
"2008-06-17 02:36:00 UTC",-38.78,-42.75,"bird_05"
"2008-06-17 14:38:00 UTC",-39.25,-42.73,"bird_05"
"2008-06-18 02:38:00 UTC",-39.1,-42.21,"bird_05"
"2008-06-18 14:37:00 UTC",-38.82,-42.53,"bird_05"
"2008-06-19 02:32:00 UTC",-37.55,-41.84,"bird_05"
"2008-06-19 14:27:00 UTC",-36.52,-41.49,"bird_05"
"2008-06-20 02:24:00 UTC",-35.49,-41.49,"bird_05"
"2008-06-20 14:26:00 UTC",-36.22,-40.07,"bird_05"
"2008-06-21 02:25:00 UTC",-35.94,-39.71,"bird_05"
"2008-06-21 14:21:00 UTC",-34.79,-40.25,"bird_05"
"2008-06-22 02:36:00 UTC",-38.38,-42.83,"bird_05"
"2008-06-22 14:35:00 UTC",-38.23,-45.8,"bird_05"
"2008-06-23 02:30:00 UTC",-37.08,-45.36,"bird_05"
"2008-06-23 14:15:00 UTC",-33.18,-47.25,"bird_05"
"2008-06-24 02:07:00 UTC",-31.15,-48.08,"bird_05"
"2008-06-24 14:03:00 UTC",-30,-47.42,"bird_05"
"2008-06-25 01:55:00 UTC",-28.22,-47.16,"bird_05"
"2008-06-25 13:51:00 UTC",-26.95,-46.9,"bird_05"
"2008-06-26 01:36:00 UTC",-23.3,-45.91,"bird_05"
"2008-06-26 13:26:00 UTC",-20.65,-45.18,"bird_05"
"2008-06-27 01:34:00 UTC",-22.87,-47.26,"bird_05"
"2008-06-27 13:29:00 UTC",-21.47,-49.8,"bird_05"
"2008-06-28 01:19:00 UTC",-19.07,-49.46,"bird_05"
"2008-06-28 13:15:00 UTC",-18.04,-48.45,"bird_05"
"2008-06-29 01:09:00 UTC",-16.39,-48.36,"bird_05"
"2008-06-29 13:10:00 UTC",-16.74,-47.16,"bird_05"
"2008-06-30 01:13:00 UTC",-17.47,-47.2,"bird_05"
"2008-06-30 13:10:00 UTC",-16.69,-48.35,"bird_05"
"2008-07-01 01:04:00 UTC",-14.92,-47.85,"bird_05"
"2008-07-01 13:05:00 UTC",-15.27,-46.63,"bird_05"
"2008-07-02 01:00:00 UTC",-14.12,-45.94,"bird_05"
"2008-07-02 12:51:00 UTC",-11.72,-46.74,"bird_05"
"2008-07-03 00:39:00 UTC",-8.58,-46.65,"bird_05"
"2008-07-03 12:24:00 UTC",-4.93,-46.86,"bird_05"
"2008-07-04 00:12:00 UTC",-2.03,-47.36,"bird_05"
"2008-07-04 12:12:00 UTC",-1.88,-45.48,"bird_05"
"2008-07-04 23:58:00 UTC",1.76,-43.79,"bird_05"
"2008-07-05 11:46:00 UTC",4.53,-43.19,"bird_05"
"2008-07-05 23:54:00 UTC",2.68,-45.7,"bird_05"
"2008-07-06 11:45:00 UTC",4.95,-48.7,"bird_05"
"2008-07-06 23:46:00 UTC",4.85,-49.72,"bird_05"
"2008-07-07 11:42:00 UTC",5.74,-50.45,"bird_05"
"2008-07-07 23:40:00 UTC",6.26,-50.54,"bird_05"
"2008-07-08 11:50:00 UTC",3.78,-48.76,"bird_05"
"2008-07-08 23:43:00 UTC",5.42,-46.97,"bird_05"
"2008-07-09 11:42:00 UTC",5.82,-45.99,"bird_05"
"2008-07-10 23:45:00 UTC",5.12,-50.85,"bird_05"
"2008-07-11 11:17:00 UTC",12.14,-47.62,"bird_05"
"2008-07-11 23:22:00 UTC",10.9,-51.31,"bird_05"
"2008-07-12 11:53:00 UTC",3.17,-46.93,"bird_05"
"2008-07-13 00:02:00 UTC",0.81,-44.26,"bird_05"
"2008-07-13 11:54:00 UTC",3.07,-48.22,"bird_05"
"2008-07-13 23:31:00 UTC",8.71,-46.64,"bird_05"
"2008-07-14 11:19:00 UTC",11.6,-44.26,"bird_05"
"2008-07-14 23:17:00 UTC",12.24,-45.91,"bird_05"
"2008-07-15 11:17:00 UTC",12.13,-45.2,"bird_05"
"2008-07-15 23:18:00 UTC",11.89,-45.33,"bird_05"
"2008-07-16 11:08:00 UTC",14.52,-47.91,"bird_05"
"2008-07-16 23:08:00 UTC",14.54,-49.25,"bird_05"
"2008-07-17 11:17:00 UTC",12.17,-47.72,"bird_05"
"2008-07-19 10:59:00 UTC",16.83,-45.81,"bird_05"
"2008-07-21 11:04:00 UTC",15.61,-45.74,"bird_05"
"2008-07-21 23:14:00 UTC",13.24,-46.79,"bird_05"
"2008-07-22 11:14:00 UTC",13.25,-48.96,"bird_05"
"2008-07-22 23:04:00 UTC",15.62,-47.99,"bird_05"
"2008-07-23 11:07:00 UTC",15,-45.52,"bird_05"
"2008-07-23 23:20:00 UTC",11.51,-47.5,"bird_05"
"2008-07-25 11:07:00 UTC",14.89,-49.24,"bird_05"
"2008-07-25 23:01:00 UTC",16.51,-44.13,"bird_05"
"2008-07-26 10:55:00 UTC",17.76,-43.91,"bird_05"
"2008-07-26 22:57:00 UTC",17.26,-45.32,"bird_05"
"2008-07-27 10:53:00 UTC",18.38,-46.87,"bird_05"
"2008-07-27 22:48:00 UTC",19.63,-47.08,"bird_05"
"2008-07-28 10:42:00 UTC",21,-47.47,"bird_05"
"2008-07-28 22:52:00 UTC",18.5,-49.83,"bird_05"
"2008-07-29 10:57:00 UTC",17.37,-51.22,"bird_05"
"2008-07-29 23:00:00 UTC",16.49,-51.28,"bird_05"
"2008-07-30 11:04:00 UTC",15.49,-51.5,"bird_05"
"2008-07-30 22:55:00 UTC",17.73,-49.69,"bird_05"
"2008-07-31 10:51:00 UTC",18.97,-49.2,"bird_05"
"2008-07-31 22:53:00 UTC",18.22,-50.52,"bird_05"
"2008-08-01 10:57:00 UTC",17.34,-50.58,"bird_05"
"2008-08-01 22:51:00 UTC",18.83,-49.75,"bird_05"
"2008-08-02 10:54:00 UTC",18.07,-47.69,"bird_05"
"2008-08-02 22:54:00 UTC",18.06,-47.54,"bird_05"
"2008-08-05 10:57:00 UTC",17.13,-46.53,"bird_05"
"2008-08-05 23:17:00 UTC",12.11,-49.38,"bird_05"
"2008-08-06 11:17:00 UTC",12.22,-54.26,"bird_05"
"2008-08-06 23:09:00 UTC",14.33,-53.35,"bird_05"
"2008-08-07 11:09:00 UTC",14.19,-51.64,"bird_05"
"2008-08-07 22:58:00 UTC",16.8,-50.15,"bird_05"
"2008-08-08 10:58:00 UTC",16.91,-48.09,"bird_05"
"2008-08-08 23:07:00 UTC",14.77,-49.94,"bird_05"
"2008-08-09 11:07:00 UTC",14.75,-52.3,"bird_05"
"2008-08-09 22:59:00 UTC",16.48,-51.42,"bird_05"
"2008-08-10 10:55:00 UTC",17.46,-50.91,"bird_05"
"2008-08-10 22:53:00 UTC",18.07,-51.46,"bird_05"
"2008-08-12 10:44:00 UTC",20.26,-51.65,"bird_05"
"2008-08-12 22:57:00 UTC",16.86,-51.35,"bird_05"
"2008-08-15 10:33:00 UTC",22.87,-40.71,"bird_05"
"2008-08-15 22:38:00 UTC",21.59,-38.98,"bird_05"
"2008-08-16 10:37:00 UTC",21.69,-41.85,"bird_05"
"2008-08-16 22:32:00 UTC",22.92,-40.86,"bird_05"
"2008-08-17 10:29:00 UTC",23.77,-40.18,"bird_05"
"2008-08-17 22:43:00 UTC",20.11,-46.41,"bird_05"
"2008-08-18 10:42:00 UTC",20.33,-51.97,"bird_05"
"2008-08-19 22:32:00 UTC",22.87,-51.49,"bird_05"
"2008-08-20 10:44:00 UTC",19.72,-51.14,"bird_05"
"2008-08-20 22:39:00 UTC",20.94,-46.62,"bird_05"
"2008-08-21 10:42:00 UTC",20.28,-43.86,"bird_05"
"2008-08-21 22:44:00 UTC",19.88,-43.99,"bird_05"
"2008-08-22 10:41:00 UTC",20.34,-46.03,"bird_05"
"2008-08-22 22:55:00 UTC",16.94,-51.66,"bird_05"
"2008-08-23 11:02:00 UTC",15.28,-54.28,"bird_05"
"2008-08-23 23:01:00 UTC",15.37,-52.79,"bird_05"
"2008-08-24 11:01:00 UTC",15.34,-53.36,"bird_05"
"2008-08-27 10:56:00 UTC",16.25,-55.56,"bird_05"
"2008-08-27 22:56:00 UTC",16.21,-54.24,"bird_05"
"2008-08-28 11:02:00 UTC",14.93,-52.78,"bird_05"
"2008-08-28 23:03:00 UTC",14.51,-52.35,"bird_05"
"2008-08-29 11:07:00 UTC",13.48,-52.3,"bird_05"
"2008-09-02 23:36:00 UTC",5.87,-52.94,"bird_05"
"2008-09-03 11:31:00 UTC",7.08,-51.77,"bird_05"
"2008-09-03 23:26:00 UTC",8.42,-52.29,"bird_05"
"2008-09-04 11:28:00 UTC",7.75,-47.51,"bird_05"
"2008-09-04 23:26:00 UTC",8.21,-45.65,"bird_05"
"2008-09-05 11:29:00 UTC",7.42,-43.52,"bird_05"
"2008-09-05 23:33:00 UTC",6.5,-43.91,"bird_05"
"2008-10-04 10:52:00 UTC",14.05,-37.36,"bird_05"
"2008-10-06 23:48:00 UTC",-0.01,-39.01,"bird_05"
"2008-10-14 23:38:00 UTC",1.97,-47,"bird_05"
"2008-10-15 11:38:00 UTC",1.94,-46.51,"bird_05"
"2008-10-15 23:48:00 UTC",-0.46,-42.59,"bird_05"
"2008-10-19 11:03:00 UTC",10.62,-44.33,"bird_05"
"2008-10-19 22:57:00 UTC",11.97,-47.29,"bird_05"
"2008-10-20 10:48:00 UTC",14.32,-46.15,"bird_05"
"2008-10-20 22:52:00 UTC",13.05,-40.75,"bird_05"
"2008-10-21 10:50:00 UTC",13.66,-38.14,"bird_05"
"2008-10-22 22:49:00 UTC",13.98,-40.37,"bird_05"
"2008-10-24 23:15:00 UTC",7.16,-37.1,"bird_05"
"2008-10-27 23:44:00 UTC",-0.16,-44.82,"bird_05"
"2008-10-28 11:41:00 UTC",0.7,-44.72,"bird_05"
"2008-10-29 00:01:00 UTC",-4.31,-37.6,"bird_05"
"2008-10-29 12:22:00 UTC",-9.57,-37.83,"bird_05"
"2008-10-30 00:18:00 UTC",-8.45,-44.39,"bird_05"
"2008-10-30 12:28:00 UTC",-11.08,-46.66,"bird_05"
"2008-11-01 00:12:00 UTC",-7.22,-42.35,"bird_05"
"2008-11-03 00:30:00 UTC",-11.6,-41,"bird_05"
"2008-11-03 12:43:00 UTC",-14.73,-41.79,"bird_05"
"2008-11-05 00:29:00 UTC",-11.35,-41.62,"bird_05"
"2008-11-05 12:44:00 UTC",-15.09,-39.23,"bird_05"
"2008-11-08 01:01:00 UTC",-19.19,-45.78,"bird_05"
"2008-11-08 12:51:00 UTC",-16.93,-47.72,"bird_05"
"2008-11-09 00:47:00 UTC",-15.79,-46.43,"bird_05"
"2008-11-09 12:34:00 UTC",-12.66,-45.41,"bird_05"
"2008-11-10 00:37:00 UTC",-13.27,-41.92,"bird_05"
"2008-11-10 12:29:00 UTC",-11.38,-40.38,"bird_05"
"2008-11-11 00:12:00 UTC",-7.12,-42.39,"bird_05"
"2008-11-11 11:42:00 UTC",0.39,-39.96,"bird_05"
"2008-11-14 00:50:00 UTC",-16.4,-53.27,"bird_05"
"2008-11-16 00:33:00 UTC",-11.94,-47.13,"bird_05"
"2008-11-16 12:57:00 UTC",-18.04,-53.88,"bird_05"
"2008-11-17 00:59:00 UTC",-18.64,-56.27,"bird_05"
"2008-11-17 13:27:00 UTC",-25.37,-56.97,"bird_05"
"2008-11-18 02:00:00 UTC",-33.72,-56.16,"bird_05"
"2008-11-18 14:38:00 UTC",-43.19,-56.29,"bird_05"
"2008-11-20 03:22:00 UTC",-53.98,-56.33,"bird_05"
"2008-11-20 15:20:00 UTC",-53.45,-57.52,"bird_05"
"2008-11-21 03:21:00 UTC",-53.79,-56.93,"bird_05"
"2008-11-21 15:09:00 UTC",-50.76,-56.39,"bird_05"
"2008-11-22 03:08:00 UTC",-50.48,-55.11,"bird_05"
"2008-11-22 14:52:00 UTC",-46.44,-54.36,"bird_05"
"2008-11-23 02:58:00 UTC",-47.91,-51.46,"bird_05"
"2008-11-23 15:22:00 UTC",-53.87,-52.23,"bird_05"
"2008-11-24 03:29:00 UTC",-55.59,-54.1,"bird_05"
"2008-11-24 15:05:00 UTC",-49.68,-52.58,"bird_05"
"2008-11-25 03:06:00 UTC",-49.89,-49,"bird_05"
"2008-11-25 15:19:00 UTC",-52.85,-49.7,"bird_05"
"2008-11-26 03:59:00 UTC",-63.06,-45.25,"bird_05"
"2008-11-28 04:05:00 UTC",-64.14,-45.74,"bird_05"
"2008-11-28 15:45:00 UTC",-59.35,-45.87,"bird_05"
"2008-11-29 03:40:00 UTC",-57.94,-43.35,"bird_05"
"2008-11-29 15:39:00 UTC",-57.64,-43.76,"bird_05"
"2008-11-30 03:08:00 UTC",-49.97,-48.22,"bird_05"
"2008-11-30 14:41:00 UTC",-43.05,-48.43,"bird_05"
"2007-12-01 00:43:00 UTC",-13.44,-46.24,"bird_06"
"2007-12-03 01:08:00 UTC",-19.62,-42.02,"bird_06"
"2007-12-03 13:12:00 UTC",-20.58,-42.97,"bird_06"
"2007-12-04 01:16:00 UTC",-21.4,-43.01,"bird_06"
"2007-12-04 13:21:00 UTC",-22.6,-43.17,"bird_06"
"2007-12-05 01:16:00 UTC",-21.43,-44.43,"bird_06"
"2007-12-05 13:12:00 UTC",-20.5,-44.47,"bird_06"
"2007-12-06 01:23:00 UTC",-22.95,-42.15,"bird_06"
"2007-12-06 13:45:00 UTC",-28.39,-43.33,"bird_06"
"2007-12-07 01:31:00 UTC",-25.09,-48.27,"bird_06"
"2007-12-07 13:53:00 UTC",-30.41,-50.1,"bird_06"
"2007-12-08 02:01:00 UTC",-32.36,-51.49,"bird_06"
"2007-12-08 13:35:00 UTC",-25.93,-49.88,"bird_06"
"2007-12-09 01:48:00 UTC",-29,-44.52,"bird_06"
"2007-12-09 14:38:00 UTC",-41.56,-46.94,"bird_06"
"2007-12-10 03:02:00 UTC",-47.51,-50.19,"bird_06"
"2007-12-10 14:57:00 UTC",-46.08,-48.65,"bird_06"
"2007-12-11 03:27:00 UTC",-53.64,-43.45,"bird_06"
"2007-12-11 15:31:00 UTC",-54.33,-41.14,"bird_06"
"2007-12-12 03:27:00 UTC",-53.53,-42.12,"bird_06"
"2007-12-12 15:14:00 UTC",-50.09,-41.17,"bird_06"
"2007-12-13 03:07:00 UTC",-48.29,-39.78,"bird_06"
"2007-12-13 14:43:00 UTC",-42.23,-38.31,"bird_06"
"2007-12-14 02:15:00 UTC",-35.3,-38.71,"bird_06"
"2007-12-14 14:10:00 UTC",-33.74,-40.87,"bird_06"
"2007-12-16 12:36:00 UTC",-10.01,-40.21,"bird_06"
"2007-12-17 23:35:00 UTC",5.42,-37.89,"bird_06"
"2007-12-18 11:34:00 UTC",5.61,-43.26,"bird_06"
"2007-12-18 23:10:00 UTC",11.67,-46.7,"bird_06"
"2007-12-19 11:15:00 UTC",10.6,-48.3,"bird_06"
"2007-12-19 23:17:00 UTC",9.92,-48.46,"bird_06"
"2007-12-20 11:04:00 UTC",13.35,-47.63,"bird_06"
"2007-12-20 23:14:00 UTC",11.04,-44.23,"bird_06"
"2007-12-21 10:39:00 UTC",19.72,-40.71,"bird_06"
"2007-12-22 10:31:00 UTC",21.72,-40.84,"bird_06"
"2007-12-22 22:23:00 UTC",24.03,-44.23,"bird_06"
"2007-12-23 10:16:00 UTC",25.85,-44.46,"bird_06"
"2007-12-23 22:00:00 UTC",29.91,-45.75,"bird_06"
"2007-12-24 09:35:00 UTC",36.09,-45.23,"bird_06"
"2007-12-24 21:21:00 UTC",39.78,-43.58,"bird_06"
"2007-12-25 09:25:00 UTC",38.71,-45.04,"bird_06"
"2007-12-25 21:31:00 UTC",37.15,-44.74,"bird_06"
"2007-12-26 09:33:00 UTC",36.71,-44.53,"bird_06"
"2007-12-26 21:22:00 UTC",39.53,-46.46,"bird_06"
"2007-12-27 09:21:00 UTC",40.09,-47.07,"bird_06"
"2007-12-27 21:36:00 UTC",36.27,-44.5,"bird_06"
"2007-12-28 09:19:00 UTC",40.71,-42.05,"bird_06"
"2007-12-28 21:05:00 UTC",44.14,-41.19,"bird_06"
"2007-12-29 09:12:00 UTC",42.46,-43.21,"bird_06"
"2007-12-29 21:24:00 UTC",39.52,-42.28,"bird_06"
"2007-12-31 08:21:00 UTC",55.44,-41.64,"bird_06"
"2008-01-01 20:10:00 UTC",58.37,-43.52,"bird_06"
"2008-01-02 07:36:00 UTC",66.8,-38.69,"bird_06"
"2008-01-02 18:56:00 UTC",77.11,-40.16,"bird_06"
"2008-01-03 06:53:00 UTC",77.79,-43.68,"bird_06"
"2008-01-03 18:40:00 UTC",81.1,-45.34,"bird_06"
"2008-01-04 06:33:00 UTC",83.03,-45.73,"bird_06"
"2008-01-04 18:21:00 UTC",86.09,-46.43,"bird_06"
"2008-01-05 06:18:00 UTC",86.89,-47.12,"bird_06"
"2008-01-05 18:16:00 UTC",87.32,-46.89,"bird_06"
"2008-01-06 06:03:00 UTC",90.63,-46.33,"bird_06"
"2008-01-06 18:04:00 UTC",90.43,-44.16,"bird_06"
"2008-01-07 05:59:00 UTC",91.74,-43.76,"bird_06"
"2008-01-07 17:39:00 UTC",96.79,-46.35,"bird_06"
"2008-01-08 05:35:00 UTC",97.97,-47.37,"bird_06"
"2008-01-08 17:29:00 UTC",99.52,-47.66,"bird_06"
"2008-01-09 05:14:00 UTC",103.2,-47.24,"bird_06"
"2008-01-10 16:54:00 UTC",108.23,-44.73,"bird_06"
"2008-01-11 04:13:00 UTC",118.65,-44.71,"bird_06"
"2008-01-12 16:16:00 UTC",118.05,-42.75,"bird_06"
"2008-01-13 03:59:00 UTC",122.22,-42.45,"bird_06"
"2008-01-13 15:53:00 UTC",123.89,-40.74,"bird_06"
"2008-01-14 03:03:00 UTC",136.43,-35.38,"bird_06"
"2008-01-15 03:03:00 UTC",136.53,-33.78,"bird_06"
"2008-01-15 15:14:00 UTC",133.82,-35.37,"bird_06"
"2008-01-16 03:30:00 UTC",129.74,-36.38,"bird_06"
"2008-01-16 15:24:00 UTC",131.28,-41.02,"bird_06"
"2008-01-17 03:18:00 UTC",133.08,-41.15,"bird_06"
"2008-01-17 14:39:00 UTC",142.74,-46.68,"bird_06"
"2008-01-18 02:20:00 UTC",147.41,-48.49,"bird_06"
"2008-01-18 14:14:00 UTC",149.2,-46.83,"bird_06"
"2008-01-19 01:39:00 UTC",157.86,-44.61,"bird_06"
"2008-01-19 13:27:00 UTC",161.02,-40.29,"bird_06"
"2008-01-20 01:02:00 UTC",167.31,-39.14,"bird_06"
"2008-01-20 12:28:00 UTC",175.6,-40.89,"bird_06"
"2008-01-20 23:37:00 UTC",-171.49,-38.58,"bird_06"
"2008-01-22 12:19:00 UTC",178.24,-49.56,"bird_06"
"2008-01-22 23:41:00 UTC",-172.48,-47.2,"bird_06"
"2008-01-23 11:32:00 UTC",-170.07,-41.98,"bird_06"
"2008-01-23 23:46:00 UTC",-173.54,-44.52,"bird_06"
"2008-01-24 11:39:00 UTC",-171.76,-48.29,"bird_06"
"2008-01-24 22:50:00 UTC",-159.48,-44.56,"bird_06"
"2008-01-26 10:38:00 UTC",-156.39,-46.47,"bird_06"
"2008-01-26 22:03:00 UTC",-147.49,-46.24,"bird_06"
"2008-01-27 09:52:00 UTC",-144.84,-41.44,"bird_06"
"2008-01-27 21:47:00 UTC",-143.69,-42.46,"bird_06"
"2008-01-28 09:30:00 UTC",-139.42,-45.12,"bird_06"
"2008-01-28 21:15:00 UTC",-135.39,-45.31,"bird_06"
"2008-01-29 08:45:00 UTC",-127.87,-48.24,"bird_06"
"2008-01-29 20:25:00 UTC",-122.97,-49.31,"bird_06"
"2008-01-30 08:19:00 UTC",-121.45,-47.17,"bird_06"
"2008-01-30 20:09:00 UTC",-118.93,-47.1,"bird_06"
"2008-01-31 07:50:00 UTC",-114.16,-48.65,"bird_06"
"2008-01-31 19:44:00 UTC",-112.64,-50.11,"bird_06"
"2008-02-01 07:45:00 UTC",-112.88,-49.07,"bird_06"
"2008-02-01 19:47:00 UTC",-113.23,-49.42,"bird_06"
"2008-02-02 07:41:00 UTC",-111.97,-50.63,"bird_06"
"2008-02-02 19:36:00 UTC",-110.58,-50.97,"bird_06"
"2008-02-03 07:37:00 UTC",-110.81,-49.95,"bird_06"
"2008-02-03 19:16:00 UTC",-105.55,-48.29,"bird_06"
"2008-02-04 07:04:00 UTC",-102.41,-46.59,"bird_06"
"2008-02-04 19:05:00 UTC",-102.65,-48.33,"bird_06"
"2008-02-05 06:49:00 UTC",-98.89,-51.49,"bird_06"
"2008-02-05 18:41:00 UTC",-96.75,-52.33,"bird_06"
"2008-02-06 06:36:00 UTC",-95.49,-51.84,"bird_06"
"2008-02-06 18:24:00 UTC",-92.48,-51.58,"bird_06"
"2008-02-07 06:39:00 UTC",-96.23,-46.97,"bird_06"
"2008-02-07 18:40:00 UTC",-96.34,-45.38,"bird_06"
"2008-02-09 18:14:00 UTC",-89.82,-47.48,"bird_06"
"2008-02-10 06:20:00 UTC",-91.44,-46.57,"bird_06"
"2008-02-10 18:11:00 UTC",-89.19,-45.02,"bird_06"
"2008-02-11 06:00:00 UTC",-86.44,-45.68,"bird_06"
"2008-02-11 17:55:00 UTC",-85.06,-46.53,"bird_06"
"2008-02-12 05:44:00 UTC",-82.44,-48.06,"bird_06"
"2008-02-12 17:26:00 UTC",-78.07,-47.47,"bird_06"
"2008-02-13 05:21:00 UTC",-76.69,-44.93,"bird_06"
"2008-02-13 17:23:00 UTC",-77.32,-46.23,"bird_06"
"2008-02-14 05:25:00 UTC",-77.7,-47.12,"bird_06"
"2008-02-14 17:28:00 UTC",-78.45,-47.44,"bird_06"
"2008-02-15 05:23:00 UTC",-77.08,-49.72,"bird_06"
"2008-02-16 17:17:00 UTC",-75.72,-50.52,"bird_06"
"2008-02-17 05:14:00 UTC",-74.86,-53.83,"bird_06"
"2008-02-19 17:14:00 UTC",-74.91,-52.41,"bird_06"
"2008-02-20 05:39:00 UTC",-81.29,-49.31,"bird_06"
"2008-02-21 17:11:00 UTC",-74.33,-47.01,"bird_06"
"2008-02-24 16:59:00 UTC",-71.56,-55.16,"bird_06"
"2008-02-25 05:15:00 UTC",-75.33,-53.44,"bird_06"
"2008-02-26 17:06:00 UTC",-73.26,-53.36,"bird_06"
"2008-02-27 05:15:00 UTC",-75.41,-54.01,"bird_06"
"2008-02-28 17:03:00 UTC",-72.6,-56.29,"bird_06"
"2008-02-29 05:10:00 UTC",-74.24,-57.62,"bird_06"
"2008-02-29 16:52:00 UTC",-69.77,-54.27,"bird_06"
"2008-03-02 16:33:00 UTC",-65.37,-51.57,"bird_06"
"2008-03-03 04:25:00 UTC",-63.27,-49.59,"bird_06"
"2008-03-03 16:23:00 UTC",-62.8,-51.87,"bird_06"
"2008-03-04 04:27:00 UTC",-63.7,-51.04,"bird_06"
"2008-03-04 16:28:00 UTC",-63.98,-50.44,"bird_06"
"2008-03-05 04:27:00 UTC",-63.88,-51.94,"bird_06"
"2008-03-05 16:19:00 UTC",-61.78,-50.42,"bird_06"
"2008-03-06 04:14:00 UTC",-60.69,-49.39,"bird_06"
"2008-03-06 16:00:00 UTC",-57.21,-47.11,"bird_06"
"2008-03-07 03:54:00 UTC",-55.62,-43.99,"bird_06"
"2008-03-07 15:48:00 UTC",-54.27,-45.16,"bird_06"
"2008-03-08 03:41:00 UTC",-52.55,-46.76,"bird_06"
"2008-03-08 15:38:00 UTC",-51.84,-49.14,"bird_06"
"2008-03-11 15:49:00 UTC",-54.78,-45.69,"bird_06"
"2008-03-12 03:54:00 UTC",-56.06,-44.32,"bird_06"
"2008-03-12 15:57:00 UTC",-56.97,-44.68,"bird_06"
"2008-03-13 03:53:00 UTC",-56.01,-50.07,"bird_06"
"2008-03-13 15:55:00 UTC",-56.42,-53.33,"bird_06"
"2008-03-14 03:59:00 UTC",-57.45,-53.41,"bird_06"
"2008-03-14 16:00:00 UTC",-57.73,-52.54,"bird_06"
"2008-03-15 04:09:00 UTC",-60.15,-48.71,"bird_06"
"2008-03-15 16:12:00 UTC",-60.81,-46.57,"bird_06"
"2008-03-31 16:05:00 UTC",-60.25,-43.87,"bird_06"
"2008-04-07 03:57:00 UTC",-58.72,-48.06,"bird_06"
"2008-04-08 15:57:00 UTC",-58.82,-48.74,"bird_06"
"2008-04-09 04:13:00 UTC",-62.86,-50.2,"bird_06"
"2008-04-10 03:53:00 UTC",-57.92,-57.53,"bird_06"
"2008-04-10 15:47:00 UTC",-56.46,-52.73,"bird_06"
"2008-04-11 03:43:00 UTC",-55.36,-52.26,"bird_06"
"2008-04-11 15:47:00 UTC",-56.52,-46.37,"bird_06"
"2008-04-12 03:49:00 UTC",-57.18,-44.88,"bird_06"
"2008-04-12 15:50:00 UTC",-57.34,-44.61,"bird_06"
"2008-04-13 03:49:00 UTC",-57.24,-43.2,"bird_06"
"2008-04-13 15:50:00 UTC",-57.4,-41.82,"bird_06"
"2008-04-14 04:00:00 UTC",-59.93,-46.51,"bird_06"
"2008-04-15 03:28:00 UTC",-51.99,-42.97,"bird_06"
"2008-04-16 14:44:00 UTC",-41.08,-40.97,"bird_06"
"2008-04-17 02:36:00 UTC",-39.11,-46.09,"bird_06"
"2008-04-17 14:21:00 UTC",-35.51,-48.39,"bird_06"
"2008-04-18 02:13:00 UTC",-33.41,-50.44,"bird_06"
"2008-04-18 14:14:00 UTC",-33.69,-45.92,"bird_06"
"2008-04-19 02:07:00 UTC",-31.84,-41.39,"bird_06"
"2008-04-20 02:04:00 UTC",-31.27,-41.62,"bird_06"
"2008-04-20 14:04:00 UTC",-31.29,-41.95,"bird_06"
"2008-04-21 02:00:00 UTC",-30.32,-39.68,"bird_06"
"2008-04-21 13:38:00 UTC",-24.84,-47.13,"bird_06"
"2008-04-22 14:05:00 UTC",-31.77,-49.72,"bird_06"
"2008-04-23 02:14:00 UTC",-33.79,-45.92,"bird_06"
"2008-04-23 14:17:00 UTC",-34.82,-46.79,"bird_06"
"2008-04-24 02:15:00 UTC",-34.09,-44.25,"bird_06"
"2008-04-24 14:16:00 UTC",-34.61,-41.61,"bird_06"
"2008-04-25 02:12:00 UTC",-33.51,-38.46,"bird_06"
"2008-04-25 13:46:00 UTC",-26.9,-46.87,"bird_06"
"2008-04-28 01:12:00 UTC",-18.62,-43.83,"bird_06"
"2008-04-28 13:03:00 UTC",-16.27,-40.48,"bird_06"
"2008-04-29 00:48:00 UTC",-12.78,-38.01,"bird_06"
"2008-04-30 12:46:00 UTC",-12.21,-35.89,"bird_06"
"2008-05-01 01:01:00 UTC",-15.85,-41.28,"bird_06"
"2008-05-01 13:09:00 UTC",-17.99,-43.05,"bird_06"
"2008-05-02 01:05:00 UTC",-17,-39,"bird_06"
"2008-05-02 13:04:00 UTC",-16.64,-37.69,"bird_06"
"2008-05-03 01:04:00 UTC",-16.78,-38.36,"bird_06"
"2008-05-03 13:10:00 UTC",-18.29,-36.07,"bird_06"
"2008-05-04 12:51:00 UTC",-13.69,-38.39,"bird_06"
"2008-05-05 00:44:00 UTC",-11.7,-40.5,"bird_06"
"2008-05-05 12:38:00 UTC",-10.21,-39.62,"bird_06"
"2008-05-06 00:35:00 UTC",-9.59,-40.2,"bird_06"
"2008-05-06 12:24:00 UTC",-6.98,-42.41,"bird_06"
"2008-05-07 00:20:00 UTC",-5.73,-43.68,"bird_06"
"2008-05-07 12:18:00 UTC",-5.24,-42.36,"bird_06"
"2008-05-08 00:19:00 UTC",-5.62,-42.86,"bird_06"
"2008-05-08 12:35:00 UTC",-9.51,-38.54,"bird_06"
"2008-05-09 00:39:00 UTC",-10.64,-35.64,"bird_06"
"2008-05-10 01:14:00 UTC",-19.52,-36.62,"bird_06"
"2008-05-10 13:30:00 UTC",-23.28,-39.17,"bird_06"
"2008-05-11 01:35:00 UTC",-24.78,-36.71,"bird_06"
"2008-05-13 13:58:00 UTC",-30.54,-38.82,"bird_06"
"2008-05-14 01:58:00 UTC",-30.41,-39.37,"bird_06"
"2008-05-14 13:59:00 UTC",-30.79,-38.9,"bird_06"
"2008-05-15 01:59:00 UTC",-30.79,-38.18,"bird_06"
"2008-05-15 13:34:00 UTC",-24.54,-44.5,"bird_06"
"2008-05-16 01:10:00 UTC",-18.53,-44.71,"bird_06"
"2008-05-17 12:52:00 UTC",-13.9,-36.45,"bird_06"
"2008-05-18 00:37:00 UTC",-10.14,-35.76,"bird_06"
"2008-05-18 12:01:00 UTC",-1.14,-41.8,"bird_06"
"2008-05-18 23:40:00 UTC",4.12,-44.15,"bird_06"
"2008-05-19 11:52:00 UTC",1.12,-35.25,"bird_06"
"2008-05-21 23:24:00 UTC",8.29,-32.64,"bird_06"
"2008-05-22 11:18:00 UTC",9.67,-35.31,"bird_06"
"2008-05-22 23:05:00 UTC",13.06,-32.88,"bird_06"
"2008-05-24 10:54:00 UTC",15.59,-32.47,"bird_06"
"2008-05-24 22:57:00 UTC",14.85,-35.33,"bird_06"
"2008-05-25 10:55:00 UTC",15.37,-36.61,"bird_06"
"2008-05-25 22:52:00 UTC",16.13,-36.48,"bird_06"
"2008-05-26 10:55:00 UTC",15.39,-34.45,"bird_06"
"2008-05-26 23:02:00 UTC",13.91,-35.28,"bird_06"
"2008-05-27 10:53:00 UTC",16.05,-38.55,"bird_06"
"2008-05-27 22:44:00 UTC",18.19,-38.64,"bird_06"
"2008-05-29 10:46:00 UTC",17.86,-40.15,"bird_06"
"2008-05-29 22:39:00 UTC",19.75,-41.81,"bird_06"
"2008-05-30 10:37:00 UTC",20.15,-40.33,"bird_06"
"2008-05-30 22:38:00 UTC",19.92,-40.61,"bird_06"
"2008-05-31 10:33:00 UTC",21.06,-41.86,"bird_06"
"2008-05-31 22:32:00 UTC",21.45,-42.31,"bird_06"
"2008-06-01 10:26:00 UTC",23.1,-43.12,"bird_06"
"2008-06-01 22:34:00 UTC",20.87,-45.43,"bird_06"
"2008-06-02 10:35:00 UTC",20.64,-46.62,"bird_06"
"2008-06-02 22:46:00 UTC",18.16,-47.75,"bird_06"
"2008-06-05 10:34:00 UTC",21.02,-46.7,"bird_06"
"2008-06-05 22:22:00 UTC",24.16,-45.52,"bird_06"
"2008-06-06 10:18:00 UTC",25.31,-43.63,"bird_06"
"2008-06-06 22:14:00 UTC",26.21,-43.72,"bird_06"
"2008-06-07 10:05:00 UTC",28.48,-44.65,"bird_06"
"2008-06-07 21:55:00 UTC",31.13,-44.42,"bird_06"
"2008-06-08 10:05:00 UTC",28.53,-39.92,"bird_06"
"2008-06-10 10:13:00 UTC",26.63,-41.53,"bird_06"
"2008-06-10 22:13:00 UTC",26.65,-42.88,"bird_06"
"2008-06-11 10:08:00 UTC",27.8,-43.67,"bird_06"
"2008-06-11 21:53:00 UTC",31.7,-42.09,"bird_06"
"2008-06-12 09:49:00 UTC",32.73,-39.49,"bird_06"
"2008-06-12 21:34:00 UTC",36.51,-37.9,"bird_06"
"2008-06-13 09:18:00 UTC",40.66,-38.06,"bird_06"
"2008-06-13 21:18:00 UTC",40.56,-40.86,"bird_06"
"2008-06-14 09:15:00 UTC",41.33,-41.54,"bird_06"
"2008-06-14 21:00:00 UTC",45.11,-39.69,"bird_06"
"2008-06-16 20:42:00 UTC",49.59,-37.07,"bird_06"
"2008-06-17 08:43:00 UTC",49.49,-38.04,"bird_06"
"2008-06-22 08:57:00 UTC",46.27,-39.13,"bird_06"
"2008-06-22 20:53:00 UTC",47.29,-40.25,"bird_06"
"2008-06-25 08:52:00 UTC",47.68,-40.7,"bird_06"
"2008-06-25 20:46:00 UTC",49.33,-42.99,"bird_06"
"2008-06-27 08:56:00 UTC",46.78,-40.44,"bird_06"
"2008-06-27 21:09:00 UTC",43.68,-44.74,"bird_06"
"2008-06-28 09:15:00 UTC",42.21,-45.71,"bird_06"
"2008-06-28 21:15:00 UTC",42.11,-45.29,"bird_06"
"2008-06-29 09:22:00 UTC",40.51,-44.22,"bird_06"
"2008-06-29 21:26:00 UTC",39.28,-43.94,"bird_06"
"2008-07-01 08:54:00 UTC",47.61,-42.04,"bird_06"
"2008-07-01 21:02:00 UTC",45.38,-41.02,"bird_06"
"2008-07-02 09:05:00 UTC",44.78,-42.33,"bird_06"
"2008-07-02 21:11:00 UTC",43.43,-42.91,"bird_06"
"2008-07-03 09:19:00 UTC",41.45,-42.28,"bird_06"
"2008-07-03 21:13:00 UTC",42.85,-40.33,"bird_06"
"2008-07-04 09:03:00 UTC",45.37,-41.51,"bird_06"
"2008-07-04 21:03:00 UTC",45.27,-43.18,"bird_06"
"2008-07-05 09:05:00 UTC",44.91,-43.08,"bird_06"
"2008-07-05 21:20:00 UTC",41.18,-44.84,"bird_06"
"2008-07-06 09:23:00 UTC",40.45,-47.12,"bird_06"
"2008-07-06 21:08:00 UTC",44.22,-45,"bird_06"
"2008-07-07 09:15:00 UTC",42.37,-40.28,"bird_06"
"2008-07-07 21:20:00 UTC",41.26,-39.79,"bird_06"
"2008-07-08 09:20:00 UTC",41.41,-41.22,"bird_06"
"2008-07-08 21:21:00 UTC",41.05,-41.5,"bird_06"
"2008-07-09 09:11:00 UTC",43.45,-43.94,"bird_06"
"2008-07-09 21:04:00 UTC",45.34,-44.21,"bird_06"
"2008-07-10 09:04:00 UTC",45.36,-42.89,"bird_06"
"2008-07-10 21:08:00 UTC",44.37,-43.71,"bird_06"
"2008-07-11 09:12:00 UTC",43.26,-43.64,"bird_06"
"2008-07-11 21:10:00 UTC",43.91,-42.85,"bird_06"
"2008-07-12 09:09:00 UTC",44.05,-42.4,"bird_06"
"2008-07-12 21:25:00 UTC",40.06,-45.03,"bird_06"
"2008-07-13 09:25:00 UTC",40.2,-48.23,"bird_06"
"2008-07-13 21:13:00 UTC",43.09,-46.94,"bird_06"
"2008-07-14 09:13:00 UTC",43.1,-44.7,"bird_06"
"2008-07-14 21:10:00 UTC",43.99,-44.29,"bird_06"
"2008-07-15 09:06:00 UTC",45,-44.42,"bird_06"
"2008-07-15 21:15:00 UTC",42.89,-46.47,"bird_06"
"2008-07-16 09:24:00 UTC",40.4,-46.27,"bird_06"
"2008-07-16 21:15:00 UTC",42.66,-43.54,"bird_06"
"2008-07-17 09:14:00 UTC",43.05,-41.94,"bird_06"
"2008-07-17 21:13:00 UTC",43.31,-42.48,"bird_06"
"2008-07-18 08:49:00 UTC",49.32,-47.35,"bird_06"
"2008-07-18 20:30:00 UTC",54.08,-48.15,"bird_06"
"2008-07-19 08:35:00 UTC",52.83,-43.31,"bird_06"
"2008-07-19 20:24:00 UTC",55.59,-40.6,"bird_06"
"2008-07-21 20:26:00 UTC",55.12,-37.15,"bird_06"
"2008-07-22 08:24:00 UTC",55.62,-37.31,"bird_06"
"2008-07-22 20:23:00 UTC",55.87,-37.96,"bird_06"
"2008-07-25 20:37:00 UTC",52.51,-35.77,"bird_06"
"2008-07-26 08:32:00 UTC",53.63,-38.25,"bird_06"
"2008-07-26 20:25:00 UTC",55.38,-37.94,"bird_06"
"2008-07-28 08:26:00 UTC",55.25,-38.29,"bird_06"
"2008-07-28 20:40:00 UTC",51.62,-44.41,"bird_06"
"2008-07-30 07:47:00 UTC",64.98,-41.16,"bird_06"
"2008-07-30 19:41:00 UTC",66.35,-40.14,"bird_06"
"2008-07-31 07:33:00 UTC",68.35,-40.87,"bird_06"
"2008-07-31 19:19:00 UTC",71.71,-39.83,"bird_06"
"2008-08-01 07:10:00 UTC",74.08,-39.27,"bird_06"
"2008-08-01 19:14:00 UTC",73.07,-42.59,"bird_06"
"2008-08-02 07:06:00 UTC",75.19,-45.88,"bird_06"
"2008-08-02 18:54:00 UTC",78.18,-45.69,"bird_06"
"2008-08-03 06:54:00 UTC",78.17,-42.61,"bird_06"
"2008-08-03 19:06:00 UTC",75.16,-45.32,"bird_06"
"2008-08-04 07:09:00 UTC",74.15,-47.84,"bird_06"
"2008-08-04 18:54:00 UTC",78.01,-44.18,"bird_06"
"2008-08-05 06:59:00 UTC",76.75,-37.92,"bird_06"
"2008-08-05 18:59:00 UTC",76.73,-36.98,"bird_06"
"2008-08-06 06:54:00 UTC",78.09,-39.36,"bird_06"
"2008-08-06 18:59:00 UTC",76.7,-42.21,"bird_06"
"2008-08-07 06:58:00 UTC",76.94,-44.65,"bird_06"
"2008-08-07 18:48:00 UTC",79.3,-42.54,"bird_06"
"2008-08-08 06:50:00 UTC",78.78,-39.34,"bird_06"
"2008-08-08 18:56:00 UTC",77.39,-40.56,"bird_06"
"2008-08-10 06:45:00 UTC",79.96,-45.81,"bird_06"
"2008-08-10 18:46:00 UTC",79.82,-42.48,"bird_06"
"2008-08-11 06:41:00 UTC",81.17,-44.86,"bird_06"
"2008-08-12 18:52:00 UTC",78.23,-42.68,"bird_06"
"2008-08-13 06:57:00 UTC",76.83,-38.72,"bird_06"
"2008-08-13 18:57:00 UTC",76.81,-36.9,"bird_06"
"2008-08-14 06:59:00 UTC",76.41,-36.89,"bird_06"
"2008-08-14 19:00:00 UTC",76.01,-36.88,"bird_06"
"2008-08-15 07:01:00 UTC",75.86,-37.64,"bird_06"
"2008-08-15 18:57:00 UTC",76.71,-36.86,"bird_06"
"2008-08-17 06:59:00 UTC",76.26,-36,"bird_06"
"2008-08-17 18:59:00 UTC",76.11,-38.49,"bird_06"
"2008-08-18 19:45:00 UTC",64.8,-40.21,"bird_06"
"2008-08-19 08:04:00 UTC",60.02,-45.24,"bird_06"
"2008-08-21 08:42:00 UTC",50.15,-40.13,"bird_06"
"2008-08-21 20:39:00 UTC",50.86,-36.95,"bird_06"
"2008-08-22 08:38:00 UTC",51.21,-36.97,"bird_06"
"2008-08-22 20:41:00 UTC",50.42,-39.42,"bird_06"
"2008-08-23 08:49:00 UTC",48.27,-37.52,"bird_06"
"2008-08-31 08:02:00 UTC",59.56,-45.95,"bird_06"
"2008-09-01 07:32:00 UTC",66.86,-47.22,"bird_06"
"2008-09-07 18:14:00 UTC",85.82,-48.03,"bird_06"
"2008-09-28 19:54:00 UTC",58.98,-40.75,"bird_06"
"2008-09-29 19:21:00 UTC",67.4,-38.66,"bird_06"
"2008-09-30 07:05:00 UTC",71.36,-40.76,"bird_06"
"2008-10-09 04:45:00 UTC",105.44,-41.5,"bird_06"
"2008-10-09 16:31:00 UTC",109.03,-48.05,"bird_06"
"2008-10-10 04:06:00 UTC",115.25,-43.99,"bird_06"
"2008-10-10 15:35:00 UTC",122.84,-45.96,"bird_06"
"2008-10-11 03:03:00 UTC",130.94,-45.08,"bird_06"
"2008-10-13 02:00:00 UTC",146.57,-41.54,"bird_06"
"2008-10-13 13:49:00 UTC",149.29,-43.17,"bird_06"
"2008-10-15 12:38:00 UTC",166.93,-38.38,"bird_06"
"2008-10-16 00:36:00 UTC",167.4,-38.66,"bird_06"
"2008-10-16 12:30:00 UTC",169,-39.99,"bird_06"
"2008-10-17 00:33:00 UTC",168.22,-42.18,"bird_06"
"2008-10-17 12:32:00 UTC",168.45,-43.56,"bird_06"
"2008-10-18 00:35:00 UTC",167.55,-43.99,"bird_06"
"2008-10-18 12:30:00 UTC",168.77,-46.25,"bird_06"
"2008-10-19 00:29:00 UTC",169,-46.84,"bird_06"
"2008-10-19 12:36:00 UTC",167.23,-43.84,"bird_06"
"2008-10-20 00:33:00 UTC",168.08,-40.85,"bird_06"
"2008-10-20 12:34:00 UTC",167.56,-38.58,"bird_06"
"2008-10-22 22:37:00 UTC",-163.28,-39.76,"bird_06"
"2008-10-23 10:20:00 UTC",-159.05,-39.97,"bird_06"
"2008-10-23 22:18:00 UTC",-158.44,-42.55,"bird_06"
"2008-10-24 10:08:00 UTC",-156.08,-44.38,"bird_06"
"2008-10-24 21:47:00 UTC",-150.72,-41.86,"bird_06"
"2008-10-25 09:31:00 UTC",-146.73,-39.42,"bird_06"
"2008-10-28 19:43:00 UTC",-119.93,-41.93,"bird_06"
"2008-10-29 07:32:00 UTC",-117.19,-48.05,"bird_06"
"2008-10-29 19:03:00 UTC",-109.82,-44.96,"bird_06"
"2008-10-31 06:51:00 UTC",-106.84,-42.86,"bird_06"
"2008-10-31 18:39:00 UTC",-103.85,-47.82,"bird_06"
"2008-11-04 06:14:00 UTC",-97.6,-44.55,"bird_06"
"2008-11-04 18:00:00 UTC",-94.22,-47.17,"bird_06"
"2008-11-05 06:00:00 UTC",-94.22,-43.87,"bird_06"
"2008-11-05 18:29:00 UTC",-101.34,-47.13,"bird_06"
"2008-11-06 06:41:00 UTC",-104.21,-49.92,"bird_06"
"2008-11-06 18:26:00 UTC",-100.58,-46.96,"bird_06"
"2008-11-07 06:22:00 UTC",-99.57,-44.46,"bird_06"
"2008-11-07 18:14:00 UTC",-97.44,-43.72,"bird_06"
"2008-11-08 06:05:00 UTC",-95.3,-43.66,"bird_06"
"2008-11-10 04:47:00 UTC",-75.64,-39.67,"bird_06"
"2008-11-11 17:04:00 UTC",-79.84,-41.97,"bird_06"
"2008-11-12 04:35:00 UTC",-72.83,-54.47,"bird_06"
"2008-11-12 16:18:00 UTC",-68.44,-54.91,"bird_06"
"2008-11-13 04:12:00 UTC",-66.92,-53.26,"bird_06"
"2008-11-13 16:30:00 UTC",-71.53,-54.46,"bird_06"
"2008-11-14 04:24:00 UTC",-69.76,-57.14,"bird_06"
"2008-11-14 16:19:00 UTC",-68.74,-57.11,"bird_06"
"2008-11-15 04:06:00 UTC",-65.22,-57.9,"bird_06"
"2008-11-15 15:21:00 UTC",-54.07,-56.58,"bird_06"
"2008-11-17 03:33:00 UTC",-57,-54.04,"bird_06"
"2008-11-17 15:20:00 UTC",-53.6,-54.63,"bird_06"
"2008-11-18 03:14:00 UTC",-52.2,-53.38,"bird_06"
"2008-11-18 15:22:00 UTC",-54.3,-53.99,"bird_06"
"2008-11-19 03:29:00 UTC",-56.02,-53.99,"bird_06"
"2008-11-19 14:49:00 UTC",-45.87,-51.25,"bird_06"
"2008-11-22 14:49:00 UTC",-45.8,-49.65,"bird_06"
"2008-11-23 02:46:00 UTC",-44.89,-48.99,"bird_06"
"2008-11-23 14:51:00 UTC",-46.23,-49.37,"bird_06"
"2008-11-24 02:43:00 UTC",-44.07,-51.09,"bird_06"
"2008-11-24 14:28:00 UTC",-40.16,-50.68,"bird_06"
"2008-11-26 02:38:00 UTC",-42.54,-49.52,"bird_06"
"2008-11-26 14:33:00 UTC",-41.38,-49.69,"bird_06"
"2008-11-27 02:38:00 UTC",-42.59,-48.37,"bird_06"
"2008-11-27 14:43:00 UTC",-43.8,-48.25,"bird_06"
"2007-12-09 02:39:00 UTC",-41.78,-55.84,"bird_07"
"2007-12-09 14:29:00 UTC",-39.1,-55.73,"bird_07"
"2007-12-10 03:01:00 UTC",-47.17,-51.47,"bird_07"
"2007-12-10 14:58:00 UTC",-46.11,-49.75,"bird_07"
"2007-12-11 03:09:00 UTC",-48.8,-47.65,"bird_07"
"2007-12-11 15:10:00 UTC",-49.12,-47.1,"bird_07"
"2007-12-12 03:06:00 UTC",-48.19,-47.75,"bird_07"
"2007-12-12 15:04:00 UTC",-47.51,-47.8,"bird_07"
"2007-12-13 03:03:00 UTC",-47.2,-47.57,"bird_07"
"2007-12-13 15:01:00 UTC",-46.64,-47.52,"bird_07"
"2007-12-14 02:54:00 UTC",-44.83,-48.07,"bird_07"
"2007-12-14 14:44:00 UTC",-42.27,-47.84,"bird_07"
"2007-12-15 02:42:00 UTC",-41.71,-46.61,"bird_07"
"2007-12-15 14:28:00 UTC",-38.28,-45.85,"bird_07"
"2007-12-16 02:22:00 UTC",-36.59,-44.84,"bird_07"
"2007-12-16 14:09:00 UTC",-33.16,-44.25,"bird_07"
"2007-12-17 02:00:00 UTC",-30.85,-43.52,"bird_07"
"2007-12-17 13:53:00 UTC",-29.28,-43.74,"bird_07"
"2007-12-18 01:50:00 UTC",-28.22,-43.48,"bird_07"
"2007-12-18 13:42:00 UTC",-26.41,-43.23,"bird_07"
"2007-12-19 01:30:00 UTC",-23.35,-43.92,"bird_07"
"2007-12-19 13:11:00 UTC",-18.54,-43.44,"bird_07"
"2007-12-20 01:02:00 UTC",-15.98,-41.96,"bird_07"
"2007-12-20 13:00:00 UTC",-15.42,-42.45,"bird_07"
"2007-12-21 00:56:00 UTC",-14.48,-42.82,"bird_07"
"2007-12-21 12:33:00 UTC",-8.67,-41.04,"bird_07"
"2007-12-22 00:13:00 UTC",-3.74,-40.37,"bird_07"
"2007-12-22 12:10:00 UTC",-2.67,-41.95,"bird_07"
"2007-12-22 23:49:00 UTC",2.51,-44.48,"bird_07"
"2007-12-23 11:22:00 UTC",9.32,-44.03,"bird_07"
"2007-12-23 23:13:00 UTC",11.76,-41.2,"bird_07"
"2007-12-24 11:03:00 UTC",14.19,-41.08,"bird_07"
"2007-12-24 22:52:00 UTC",17,-41.36,"bird_07"
"2007-12-25 10:53:00 UTC",16.82,-42.65,"bird_07"
"2007-12-25 22:34:00 UTC",21.63,-45.67,"bird_07"
"2007-12-26 10:28:00 UTC",23.19,-46.53,"bird_07"
"2007-12-27 22:10:00 UTC",27.75,-47.12,"bird_07"
"2007-12-28 10:01:00 UTC",30.31,-45.49,"bird_07"
"2007-12-28 21:52:00 UTC",32.37,-45.08,"bird_07"
"2007-12-29 09:43:00 UTC",34.93,-45.12,"bird_07"
"2007-12-29 21:39:00 UTC",35.86,-44.13,"bird_07"
"2007-12-30 09:38:00 UTC",36.17,-44.41,"bird_07"
"2007-12-31 21:25:00 UTC",39.6,-44.08,"bird_07"
"2008-01-01 09:23:00 UTC",40.16,-45.73,"bird_07"
"2008-01-01 21:27:00 UTC",39.22,-44.66,"bird_07"
"2008-01-02 09:04:00 UTC",45.02,-42.53,"bird_07"
"2008-01-02 20:49:00 UTC",48.96,-41.41,"bird_07"
"2008-01-03 08:43:00 UTC",50.26,-42.27,"bird_07"
"2008-01-03 20:41:00 UTC",50.82,-41.81,"bird_07"
"2008-01-04 08:31:00 UTC",53.38,-41.34,"bird_07"
"2008-01-04 19:54:00 UTC",62.68,-45.84,"bird_07"
"2008-01-05 07:45:00 UTC",65.23,-47.82,"bird_07"
"2008-01-05 19:35:00 UTC",67.66,-47.79,"bird_07"
"2008-01-06 07:36:00 UTC",67.34,-48.56,"bird_07"
"2008-01-06 19:28:00 UTC",69.52,-49.86,"bird_07"
"2008-01-07 07:20:00 UTC",71.58,-50.12,"bird_07"
"2008-01-07 19:26:00 UTC",70.25,-48.41,"bird_07"
"2008-01-08 07:28:00 UTC",69.81,-48.3,"bird_07"
"2008-01-08 19:23:00 UTC",70.98,-49.27,"bird_07"
"2008-01-09 07:23:00 UTC",71.04,-49.56,"bird_07"
"2008-01-10 19:20:00 UTC",71.81,-48.78,"bird_07"
"2008-01-11 07:08:00 UTC",74.99,-47.53,"bird_07"
"2008-01-11 19:08:00 UTC",75.16,-45.72,"bird_07"
"2008-01-12 07:05:00 UTC",75.96,-45.59,"bird_07"
"2008-01-12 19:01:00 UTC",76.88,-45.82,"bird_07"
"2008-01-13 06:56:00 UTC",78.3,-45.81,"bird_07"
"2008-01-13 18:50:00 UTC",79.72,-45.81,"bird_07"
"2008-01-14 06:45:00 UTC",81.02,-45.93,"bird_07"
"2008-01-14 18:40:00 UTC",82.44,-46.17,"bird_07"
"2008-01-15 06:33:00 UTC",84.11,-46.17,"bird_07"
"2008-01-15 18:20:00 UTC",87.4,-47.47,"bird_07"
"2008-01-16 06:03:00 UTC",91.69,-47.14,"bird_07"
"2008-01-16 17:39:00 UTC",97.73,-48.39,"bird_07"
"2008-01-17 05:51:00 UTC",94.77,-50.97,"bird_07"
"2008-01-19 17:20:00 UTC",102.59,-51.57,"bird_07"
"2008-01-20 05:20:00 UTC",102.76,-51.43,"bird_07"
"2008-01-20 17:23:00 UTC",102.04,-51.19,"bird_07"
"2008-01-21 05:06:00 UTC",106.45,-50,"bird_07"
"2008-01-21 17:22:00 UTC",102.36,-44.67,"bird_07"
"2008-01-22 05:12:00 UTC",105.02,-42.01,"bird_07"
"2008-01-22 17:14:00 UTC",104.43,-39.35,"bird_07"
"2008-01-23 05:14:00 UTC",104.46,-39.17,"bird_07"
"2008-01-23 17:04:00 UTC",106.99,-41.39,"bird_07"
"2008-01-24 04:57:00 UTC",108.77,-41.89,"bird_07"
"2008-01-24 16:59:00 UTC",108.3,-40.39,"bird_07"
"2008-01-25 04:56:00 UTC",108.96,-40.05,"bird_07"
"2008-01-26 16:52:00 UTC",110.04,-42.32,"bird_07"
"2008-01-27 04:46:00 UTC",111.69,-43.65,"bird_07"
"2008-01-27 16:46:00 UTC",111.71,-42.55,"bird_07"
"2008-01-28 04:43:00 UTC",112.49,-42.41,"bird_07"
"2008-01-28 16:43:00 UTC",112.51,-41.93,"bird_07"
"2008-01-29 04:43:00 UTC",112.41,-42.31,"bird_07"
"2008-01-29 16:58:00 UTC",108.8,-39.41,"bird_07"
"2008-01-31 16:10:00 UTC",120.75,-34.95,"bird_07"
"2008-02-01 04:10:00 UTC",120.9,-40.09,"bird_07"
"2008-02-01 16:08:00 UTC",121.41,-40.71,"bird_07"
"2008-02-02 04:08:00 UTC",121.43,-41.33,"bird_07"
"2008-02-02 16:13:00 UTC",120.07,-40.19,"bird_07"
"2008-02-03 04:16:00 UTC",119.58,-40.02,"bird_07"
"2008-02-03 16:09:00 UTC",121.09,-42.24,"bird_07"
"2008-02-04 04:08:00 UTC",121.36,-43.24,"bird_07"
"2008-02-04 16:09:00 UTC",121.12,-42.74,"bird_07"
"2008-02-05 04:09:00 UTC",121.25,-42.8,"bird_07"
"2008-02-05 16:08:00 UTC",121.39,-43.25,"bird_07"
"2008-02-06 04:05:00 UTC",122.27,-42.93,"bird_07"
"2008-02-06 16:06:00 UTC",122.15,-42.21,"bird_07"
"2008-02-07 04:05:00 UTC",122.28,-42.27,"bird_07"
"2008-02-07 16:05:00 UTC",122.29,-42.54,"bird_07"
"2008-02-08 04:06:00 UTC",122.17,-43.03,"bird_07"
"2008-02-08 16:08:00 UTC",121.68,-42.9,"bird_07"
"2008-02-11 04:09:00 UTC",121.19,-37.36,"bird_07"
"2008-02-11 16:05:00 UTC",122.44,-39.21,"bird_07"
"2008-02-12 04:03:00 UTC",122.81,-40.26,"bird_07"
"2008-02-12 15:57:00 UTC",124.31,-42.01,"bird_07"
"2008-02-13 04:00:00 UTC",123.68,-43.48,"bird_07"
"2008-02-13 16:09:00 UTC",121.18,-41.96,"bird_07"
"2008-02-14 04:13:00 UTC",120.3,-41.07,"bird_07"
"2008-02-16 04:00:00 UTC",123.4,-39.53,"bird_07"
"2008-02-17 15:59:00 UTC",123.87,-38.29,"bird_07"
"2008-02-18 03:57:00 UTC",124.24,-42.35,"bird_07"
"2008-02-18 15:56:00 UTC",124.48,-42.73,"bird_07"
"2008-02-19 03:57:00 UTC",124.09,-43.38,"bird_07"
"2008-02-19 15:59:00 UTC",123.83,-43.77,"bird_07"
"2008-02-21 03:57:00 UTC",124.16,-42.51,"bird_07"
"2008-02-22 15:44:00 UTC",127.36,-40.09,"bird_07"
"2008-02-23 03:34:00 UTC",129.85,-41.81,"bird_07"
"2008-02-26 03:09:00 UTC",135.98,-37.47,"bird_07"
"2008-02-26 15:11:00 UTC",135.46,-36.3,"bird_07"
"2008-02-28 02:45:00 UTC",141.77,-36.51,"bird_07"
"2008-02-28 14:40:00 UTC",143.12,-38.37,"bird_07"
"2008-03-01 02:32:00 UTC",145.1,-37.13,"bird_07"
"2008-03-01 14:16:00 UTC",148.95,-41.55,"bird_07"
"2008-03-02 01:58:00 UTC",153.55,-40.88,"bird_07"
"2008-03-02 13:49:00 UTC",155.9,-37.4,"bird_07"
"2008-03-03 01:31:00 UTC",160.25,-34.38,"bird_07"
"2008-03-03 13:11:00 UTC",165.1,-35.51,"bird_07"
"2008-03-05 00:19:00 UTC",178.27,-43.23,"bird_07"
"2008-03-05 12:19:00 UTC",178.24,-44.76,"bird_07"
"2008-03-08 11:21:00 UTC",-167.68,-38.93,"bird_07"
"2008-03-08 23:19:00 UTC",-167.09,-40.35,"bird_07"
"2008-03-09 11:18:00 UTC",-167,-40.57,"bird_07"
"2008-03-09 23:13:00 UTC",-165.65,-38.16,"bird_07"
"2008-03-10 11:02:00 UTC",-163.06,-42.29,"bird_07"
"2008-03-10 22:59:00 UTC",-162.22,-47.13,"bird_07"
"2008-03-12 22:30:00 UTC",-155.1,-39.39,"bird_07"
"2008-04-09 16:40:00 UTC",-69.62,-60.57,"bird_07"
"2008-04-12 16:29:00 UTC",-66.95,-60.89,"bird_07"
"2008-04-13 04:33:00 UTC",-68.1,-59.24,"bird_07"
"2008-04-17 03:47:00 UTC",-56.97,-59.56,"bird_07"
"2008-04-17 15:33:00 UTC",-53.5,-58.98,"bird_07"
"2008-04-19 03:45:00 UTC",-56.33,-57.76,"bird_07"
"2008-04-20 15:29:00 UTC",-52.66,-56.64,"bird_07"
"2008-04-21 15:54:00 UTC",-58.71,-57.88,"bird_07"
"2008-04-22 04:04:00 UTC",-61.24,-55.11,"bird_07"
"2008-04-22 16:00:00 UTC",-60.51,-58.18,"bird_07"
"2008-04-23 04:00:00 UTC",-60.53,-58.12,"bird_07"
"2008-04-24 15:15:00 UTC",-49.1,-58.37,"bird_07"
"2008-05-01 02:59:00 UTC",-45.47,-56.46,"bird_07"
"2008-05-01 14:48:00 UTC",-42.73,-53.99,"bird_07"
"2008-05-02 02:44:00 UTC",-41.75,-54.76,"bird_07"
"2008-05-02 14:31:00 UTC",-38.38,-56.64,"bird_07"
"2008-05-03 02:40:00 UTC",-40.77,-58.86,"bird_07"
"2008-05-03 15:15:00 UTC",-49.53,-53.77,"bird_07"
"2008-05-05 14:59:00 UTC",-45.58,-53.62,"bird_07"
"2008-05-06 03:06:00 UTC",-47.34,-54.66,"bird_07"
"2008-05-06 15:01:00 UTC",-46.22,-56.39,"bird_07"
"2008-05-07 02:44:00 UTC",-41.86,-54.43,"bird_07"
"2008-05-07 14:37:00 UTC",-40.11,-52.13,"bird_07"
"2008-05-08 02:40:00 UTC",-40.87,-53.23,"bird_07"
"2008-05-08 14:38:00 UTC",-40.5,-53.78,"bird_07"
"2008-05-09 02:46:00 UTC",-42.38,-54.6,"bird_07"
"2008-05-09 14:39:00 UTC",-40.76,-57.04,"bird_07"
"2008-05-10 02:37:00 UTC",-40.14,-57.19,"bird_07"
"2008-05-10 14:43:00 UTC",-41.77,-55.46,"bird_07"
"2008-05-11 02:39:00 UTC",-40.78,-53.75,"bird_07"
"2008-05-11 14:35:00 UTC",-39.66,-53.66,"bird_07"
"2008-05-12 02:37:00 UTC",-40.16,-54.32,"bird_07"
"2008-05-12 14:34:00 UTC",-39.41,-54.94,"bird_07"
"2008-05-13 02:37:00 UTC",-40.16,-55.26,"bird_07"
"2008-05-13 14:42:00 UTC",-41.41,-54.76,"bird_07"
"2008-05-14 02:41:00 UTC",-41.16,-53.98,"bird_07"
"2008-05-14 14:37:00 UTC",-40.16,-54.05,"bird_07"
"2008-05-15 02:43:00 UTC",-41.66,-54.92,"bird_07"
"2008-05-15 14:42:00 UTC",-41.53,-55.87,"bird_07"
"2008-05-16 02:44:00 UTC",-41.91,-55.8,"bird_07"
"2008-05-16 14:42:00 UTC",-41.4,-56.09,"bird_07"
"2008-05-17 02:43:00 UTC",-41.78,-56.25,"bird_07"
"2008-05-17 14:38:00 UTC",-40.52,-56.99,"bird_07"
"2008-05-18 02:35:00 UTC",-39.52,-57.03,"bird_07"
"2008-05-18 14:42:00 UTC",-41.51,-54.96,"bird_07"
"2008-05-19 02:48:00 UTC",-42.88,-54.65,"bird_07"
"2008-05-21 02:43:00 UTC",-41.73,-55.05,"bird_07"
"2008-05-21 14:39:00 UTC",-40.72,-53.4,"bird_07"
"2008-05-22 02:53:00 UTC",-43.96,-54.96,"bird_07"
"2008-05-25 15:07:00 UTC",-47.51,-53.05,"bird_07"
"2008-05-26 03:04:00 UTC",-46.74,-51.36,"bird_07"
"2008-05-26 14:47:00 UTC",-42.48,-53.51,"bird_07"
"2008-05-27 02:58:00 UTC",-45.22,-55.63,"bird_07"
"2008-05-27 14:51:00 UTC",-43.58,-57.77,"bird_07"
"2008-05-28 02:43:00 UTC",-41.44,-57.55,"bird_07"
"2008-05-28 14:42:00 UTC",-41.3,-56.38,"bird_07"
"2008-05-29 02:42:00 UTC",-41.28,-56.26,"bird_07"
"2008-05-29 14:45:00 UTC",-41.89,-55.84,"bird_07"
"2008-05-30 02:40:00 UTC",-40.62,-55.11,"bird_07"
"2008-05-30 14:35:00 UTC",-39.35,-55,"bird_07"
"2008-06-01 14:35:00 UTC",-39.15,-54.68,"bird_07"
"2008-06-02 02:42:00 UTC",-41.01,-55.3,"bird_07"
"2008-06-02 14:40:00 UTC",-40.61,-56.28,"bird_07"
"2008-06-03 02:33:00 UTC",-38.59,-55.81,"bird_07"
"2008-06-03 14:31:00 UTC",-38.2,-54.82,"bird_07"
"2008-06-04 03:02:00 UTC",-45.93,-56.84,"bird_07"
"2008-06-04 15:09:00 UTC",-47.65,-59.38,"bird_07"
"2008-06-05 03:09:00 UTC",-47.63,-59,"bird_07"
"2008-06-05 15:08:00 UTC",-47.36,-59.08,"bird_07"
"2008-06-06 02:35:00 UTC",-39.09,-57.23,"bird_07"
"2008-06-06 14:49:00 UTC",-42.44,-50.82,"bird_07"
"2008-06-07 02:46:00 UTC",-41.79,-49.34,"bird_07"
"2008-06-07 14:48:00 UTC",-42.14,-48.59,"bird_07"
"2008-06-08 02:44:00 UTC",-41.37,-47.97,"bird_07"
"2008-06-08 14:42:00 UTC",-40.72,-47.77,"bird_07"
"2008-06-09 02:42:00 UTC",-40.82,-48.12,"bird_07"
"2008-06-09 14:43:00 UTC",-40.92,-47.92,"bird_07"
"2008-06-10 02:46:00 UTC",-41.65,-48.14,"bird_07"
"2008-06-10 14:46:00 UTC",-41.62,-48.62,"bird_07"
"2008-06-11 02:37:00 UTC",-39.35,-47.75,"bird_07"
"2008-06-11 14:36:00 UTC",-39.07,-46.27,"bird_07"
"2008-06-12 02:36:00 UTC",-39.05,-46.22,"bird_07"
"2008-06-12 14:35:00 UTC",-38.77,-46.47,"bird_07"
"2008-06-13 02:32:00 UTC",-37.87,-45.98,"bird_07"
"2008-06-13 14:25:00 UTC",-36.09,-46.53,"bird_07"
"2008-06-14 02:26:00 UTC",-36.57,-47.62,"bird_07"
"2008-06-14 14:25:00 UTC",-36.17,-48,"bird_07"
"2008-06-15 02:26:00 UTC",-36.26,-48.37,"bird_07"
"2008-06-15 14:19:00 UTC",-34.74,-49.38,"bird_07"
"2008-06-16 02:15:00 UTC",-33.71,-49.61,"bird_07"
"2008-06-16 14:20:00 UTC",-34.93,-48.02,"bird_07"
"2008-06-17 02:15:00 UTC",-33.41,-46.89,"bird_07"
"2008-06-17 14:14:00 UTC",-33.26,-45.86,"bird_07"
"2008-06-18 02:19:00 UTC",-34.48,-46.42,"bird_07"
"2008-06-18 14:12:00 UTC",-32.7,-48.35,"bird_07"
"2008-06-19 02:06:00 UTC",-31.3,-48.73,"bird_07"
"2008-06-20 14:08:00 UTC",-31.59,-47.77,"bird_07"
"2008-06-21 02:15:00 UTC",-33.44,-46.8,"bird_07"
"2008-06-21 14:15:00 UTC",-33.16,-48.44,"bird_07"
"2008-06-22 02:14:00 UTC",-32.89,-48.45,"bird_07"
"2008-06-22 14:16:00 UTC",-33.61,-47.65,"bird_07"
"2008-06-23 02:13:00 UTC",-32.58,-47.1,"bird_07"
"2008-06-23 14:12:00 UTC",-32.3,-46.54,"bird_07"
"2008-06-24 02:17:00 UTC",-33.65,-47.26,"bird_07"
"2008-06-24 14:20:00 UTC",-34.5,-47.42,"bird_07"
"2008-06-25 02:21:00 UTC",-34.6,-47.3,"bird_07"
"2008-06-25 14:16:00 UTC",-33.45,-48.01,"bird_07"
"2008-06-26 02:12:00 UTC",-32.17,-48.03,"bird_07"
"2008-06-26 14:14:00 UTC",-32.64,-46.95,"bird_07"
"2008-06-27 02:10:00 UTC",-31.74,-46.26,"bird_07"
"2008-06-27 14:12:00 UTC",-32.22,-45.4,"bird_07"
"2008-06-28 02:08:00 UTC",-31.07,-44.67,"bird_07"
"2008-06-28 14:07:00 UTC",-30.92,-43.91,"bird_07"
"2008-06-29 02:09:00 UTC",-31.39,-44.27,"bird_07"
"2008-06-29 14:09:00 UTC",-31.37,-44.63,"bird_07"
"2008-06-30 02:09:00 UTC",-31.34,-44.67,"bird_07"
"2008-06-30 14:10:00 UTC",-31.44,-44.56,"bird_07"
"2008-07-01 02:11:00 UTC",-31.67,-44.61,"bird_07"
"2008-07-01 14:15:00 UTC",-32.77,-44.18,"bird_07"
"2008-07-02 02:14:00 UTC",-32.49,-43.59,"bird_07"
"2008-07-02 14:19:00 UTC",-33.85,-42.13,"bird_07"
"2008-07-03 02:28:00 UTC",-35.95,-42.7,"bird_07"
"2008-07-03 14:34:00 UTC",-37.42,-43.11,"bird_07"
"2008-07-04 02:28:00 UTC",-35.78,-41.62,"bird_07"
"2008-07-05 14:20:00 UTC",-33.96,-42.52,"bird_07"
"2008-07-06 02:22:00 UTC",-34.44,-44.93,"bird_07"
"2008-07-06 14:37:00 UTC",-37.92,-42.68,"bird_07"
"2008-07-07 14:37:00 UTC",-38,-43.36,"bird_07"
"2008-07-08 02:41:00 UTC",-39.11,-44.61,"bird_07"
"2008-07-08 14:43:00 UTC",-39.59,-45.35,"bird_07"
"2008-07-09 02:43:00 UTC",-39.57,-45.12,"bird_07"
"2008-07-09 14:39:00 UTC",-38.55,-45.86,"bird_07"
"2008-07-10 02:38:00 UTC",-38.29,-46.58,"bird_07"
"2008-07-10 14:26:00 UTC",-35.27,-48.46,"bird_07"
"2008-07-11 02:32:00 UTC",-36.5,-50.48,"bird_07"
"2008-07-11 14:40:00 UTC",-38.61,-49.92,"bird_07"
"2008-07-12 02:45:00 UTC",-39.84,-49.76,"bird_07"
"2008-07-12 14:27:00 UTC",-35.45,-53.5,"bird_07"
"2008-07-13 02:36:00 UTC",-37.56,-55.46,"bird_07"
"2008-07-13 14:56:00 UTC",-42.42,-54.18,"bird_07"
"2008-07-14 02:49:00 UTC",-40.66,-51.93,"bird_07"
"2008-07-14 14:54:00 UTC",-42.02,-50.07,"bird_07"
"2008-07-15 02:39:00 UTC",-38.26,-47.86,"bird_07"
"2008-07-15 14:38:00 UTC",-37.87,-45.24,"bird_07"
"2008-07-16 02:36:00 UTC",-37.48,-45.54,"bird_07"
"2008-07-16 14:37:00 UTC",-37.72,-44.99,"bird_07"
"2008-07-17 02:32:00 UTC",-36.46,-44.42,"bird_07"
"2008-07-17 14:29:00 UTC",-35.7,-44.2,"bird_07"
"2008-07-18 02:38:00 UTC",-38.07,-45.93,"bird_07"
"2008-07-18 14:40:00 UTC",-38.56,-47.73,"bird_07"
"2008-07-19 02:36:00 UTC",-37.3,-46.9,"bird_07"
"2008-07-19 14:24:00 UTC",-34.41,-48.19,"bird_07"
"2008-07-20 02:15:00 UTC",-32.16,-48.66,"bird_07"
"2008-07-20 14:36:00 UTC",-37.28,-43.03,"bird_07"
"2008-07-24 14:32:00 UTC",-36.37,-40.43,"bird_07"
"2008-07-25 02:18:00 UTC",-32.86,-38.78,"bird_07"
"2008-07-28 13:46:00 UTC",-24.75,-38.92,"bird_07"
"2008-07-29 01:37:00 UTC",-22.75,-40.57,"bird_07"
"2008-07-29 13:22:00 UTC",-18.88,-42.41,"bird_07"
"2008-07-30 01:20:00 UTC",-18.38,-45.23,"bird_07"
"2008-07-30 13:24:00 UTC",-19.39,-44.19,"bird_07"
"2008-07-31 01:21:00 UTC",-18.64,-43.08,"bird_07"
"2008-07-31 13:12:00 UTC",-16.4,-44.65,"bird_07"
"2008-08-01 01:01:00 UTC",-13.53,-44.67,"bird_07"
"2008-08-01 13:01:00 UTC",-13.54,-41.67,"bird_07"
"2008-08-02 00:51:00 UTC",-11.17,-39.64,"bird_07"
"2008-08-02 12:46:00 UTC",-9.93,-38.82,"bird_07"
"2008-08-03 00:46:00 UTC",-9.94,-40.13,"bird_07"
"2008-08-03 12:45:00 UTC",-9.83,-40.64,"bird_07"
"2008-08-04 00:39:00 UTC",-8.21,-39.57,"bird_07"
"2008-08-04 12:30:00 UTC",-5.98,-40.36,"bird_07"
"2008-08-05 00:18:00 UTC",-2.86,-39.81,"bird_07"
"2008-08-05 12:06:00 UTC",0,-39.8,"bird_07"
"2008-08-05 23:45:00 UTC",5.36,-37.47,"bird_07"
"2008-08-06 23:36:00 UTC",7.46,-35.23,"bird_07"
"2008-08-07 11:34:00 UTC",8.07,-36.45,"bird_07"
"2008-08-07 23:32:00 UTC",8.55,-36.73,"bird_07"
"2008-08-08 11:31:00 UTC",8.66,-36.7,"bird_07"
"2008-08-08 23:29:00 UTC",9.27,-36.02,"bird_07"
"2008-08-09 11:30:00 UTC",9,-34.98,"bird_07"
"2008-08-09 23:29:00 UTC",9.11,-34.93,"bird_07"
"2008-08-10 11:29:00 UTC",9.09,-35.23,"bird_07"
"2008-08-10 23:30:00 UTC",8.94,-35.88,"bird_07"
"2008-08-11 11:17:00 UTC",11.92,-40.77,"bird_07"
"2008-08-11 23:20:00 UTC",11.28,-44.92,"bird_07"
"2008-08-12 11:17:00 UTC",11.88,-46.63,"bird_07"
"2008-08-12 23:20:00 UTC",11.24,-48.28,"bird_07"
"2008-08-13 11:23:00 UTC",10.59,-48.4,"bird_07"
"2008-08-13 23:18:00 UTC",11.56,-47.2,"bird_07"
"2008-08-15 23:24:00 UTC",10.22,-46.54,"bird_07"
"2008-08-18 11:26:00 UTC",9.33,-48.7,"bird_07"
"2008-08-18 23:40:00 UTC",5.8,-48.58,"bird_07"
"2008-08-20 11:26:00 UTC",9.22,-48.14,"bird_07"
"2008-08-20 23:37:00 UTC",6.69,-51.09,"bird_07"
"2008-08-24 11:31:00 UTC",7.83,-50.12,"bird_07"
"2008-08-24 23:20:00 UTC",10.55,-46.98,"bird_07"
"2008-08-25 11:21:00 UTC",10.14,-41.94,"bird_07"
"2008-08-25 23:35:00 UTC",6.73,-47.42,"bird_07"
"2008-08-27 11:26:00 UTC",9,-52.14,"bird_07"
"2008-08-27 23:40:00 UTC",5.34,-51.71,"bird_07"
"2008-08-28 23:27:00 UTC",8.51,-50.73,"bird_07"
"2008-09-06 23:38:00 UTC",5.04,-49.47,"bird_07"
"2008-09-20 22:52:00 UTC",15.18,-47.72,"bird_07"
"2008-10-11 19:24:00 UTC",65.66,-37.97,"bird_07"
"2008-10-13 19:20:00 UTC",66.54,-37.58,"bird_07"
"2008-10-17 18:23:00 UTC",80.45,-35.84,"bird_07"
"2008-10-18 06:04:00 UTC",85.17,-36.95,"bird_07"
"2008-10-24 04:57:00 UTC",101.68,-37.02,"bird_07"
"2008-10-24 16:46:00 UTC",104.67,-36.04,"bird_07"
"2008-10-25 04:47:00 UTC",104.28,-39.01,"bird_07"
"2008-10-25 16:33:00 UTC",107.64,-43.65,"bird_07"
"2008-10-26 04:27:00 UTC",109.25,-44.48,"bird_07"
"2008-10-26 16:24:00 UTC",109.99,-43.21,"bird_07"
"2008-10-27 04:28:00 UTC",109.1,-44.03,"bird_07"
"2008-10-27 16:25:00 UTC",109.84,-45.45,"bird_07"
"2008-10-28 04:25:00 UTC",109.71,-45.75,"bird_07"
"2008-10-28 16:25:00 UTC",109.7,-45.43,"bird_07"
"2008-10-29 04:19:00 UTC",111.06,-44.06,"bird_07"
"2008-10-29 15:54:00 UTC",117.31,-48.8,"bird_07"
"2008-10-30 03:37:00 UTC",121.67,-49.36,"bird_07"
"2008-10-30 15:34:00 UTC",122.54,-46.01,"bird_07"
"2008-10-31 03:07:00 UTC",129.16,-41.76,"bird_07"
"2008-10-31 14:38:00 UTC",136.53,-42.15,"bird_07"
"2008-11-01 02:30:00 UTC",138.28,-45.54,"bird_07"
"2008-11-01 14:18:00 UTC",141.4,-46.55,"bird_07"
"2008-11-02 01:54:00 UTC",147.4,-44.79,"bird_07"
"2008-11-02 13:12:00 UTC",157.9,-48.4,"bird_07"
"2008-11-03 00:38:00 UTC",166.4,-49.4,"bird_07"
"2008-11-03 12:22:00 UTC",170.52,-45.31,"bird_07"
"2008-11-04 00:15:00 UTC",172.15,-46.28,"bird_07"
"2008-11-04 11:47:00 UTC",179.15,-50.4,"bird_07"
"2008-11-04 23:29:00 UTC",-176.35,-51.24,"bird_07"
"2008-11-05 11:06:00 UTC",-170.59,-51.79,"bird_07"
"2008-11-05 22:46:00 UTC",-165.59,-51.8,"bird_07"
"2008-11-06 10:47:00 UTC",-165.83,-47.65,"bird_07"
"2008-11-06 22:52:00 UTC",-166.95,-47.86,"bird_07"
"2008-11-07 10:12:00 UTC",-157.2,-54.86,"bird_07"
"2008-11-07 22:13:00 UTC",-157.31,-57.17,"bird_07"
"2008-11-08 10:11:00 UTC",-156.81,-57.13,"bird_07"
"2008-11-08 22:09:00 UTC",-156.42,-57.01,"bird_07"
"2008-11-09 10:05:00 UTC",-155.29,-57.22,"bird_07"
"2008-11-09 22:08:00 UTC",-156.15,-57.43,"bird_07"
"2008-11-10 10:12:00 UTC",-157.01,-57.15,"bird_07"
"2008-11-10 21:58:00 UTC",-153.5,-56.12,"bird_07"
"2008-11-11 10:09:00 UTC",-156.36,-52.53,"bird_07"
"2008-11-11 21:52:00 UTC",-151.97,-50.15,"bird_07"
"2008-11-12 09:24:00 UTC",-145.08,-51.48,"bird_07"
"2008-11-12 21:05:00 UTC",-140.19,-51.84,"bird_07"
"2008-11-13 08:47:00 UTC",-135.67,-51.43,"bird_07"
"2008-11-13 20:41:00 UTC",-134.15,-52.11,"bird_07"
"2008-11-14 08:20:00 UTC",-129.01,-54.01,"bird_07"
"2008-11-14 20:24:00 UTC",-129.87,-55.17,"bird_07"
"2008-11-15 08:19:00 UTC",-128.72,-55.9,"bird_07"
"2008-11-15 20:15:00 UTC",-127.45,-55.73,"bird_07"
"2008-11-16 08:17:00 UTC",-128.18,-54.56,"bird_07"
"2008-11-16 20:10:00 UTC",-126.28,-53.78,"bird_07"
"2008-11-17 07:56:00 UTC",-122.88,-54.4,"bird_07"
"2008-11-17 19:52:00 UTC",-121.6,-54.75,"bird_07"
"2008-11-18 07:44:00 UTC",-119.58,-54.92,"bird_07"
"2008-11-18 19:41:00 UTC",-119.05,-55.08,"bird_07"
"2008-11-19 07:35:00 UTC",-117.52,-55.24,"bird_07"
"2008-11-19 19:27:00 UTC",-115.37,-55.01,"bird_07"
"2008-11-20 07:30:00 UTC",-116.09,-53.54,"bird_07"
"2008-11-20 19:12:00 UTC",-111.69,-52.23,"bird_07"
"2008-11-21 06:59:00 UTC",-108.28,-51.61,"bird_07"
"2008-11-21 18:41:00 UTC",-103.75,-51.07,"bird_07"
"2008-11-22 06:31:00 UTC",-101.22,-49.91,"bird_07"
"2008-11-22 18:17:00 UTC",-97.56,-49.45,"bird_07"
"2008-11-23 06:09:00 UTC",-95.65,-48.09,"bird_07"
"2008-11-23 18:14:00 UTC",-96.86,-49.06,"bird_07"
"2008-11-24 05:46:00 UTC",-89.83,-53.27,"bird_07"
"2008-11-24 17:32:00 UTC",-86.17,-53.71,"bird_07"
"2008-11-25 05:09:00 UTC",-80.38,-54.66,"bird_07"
"2008-11-25 16:54:00 UTC",-76.84,-54.83,"bird_07"
"2008-11-26 04:19:00 UTC",-68.06,-56.84,"bird_07"
"2008-11-26 15:36:00 UTC",-57.27,-56.48,"bird_07"
"2008-11-27 03:21:00 UTC",-53.23,-53.44,"bird_07"
"2008-11-27 15:05:00 UTC",-49.44,-53.48,"bird_07"
"2007-12-07 02:23:00 UTC",-37.88,-47.65,"bird_08"
"2007-12-07 13:30:00 UTC",-24.58,-43.79,"bird_08"
"2007-12-08 01:25:00 UTC",-23.15,-34.52,"bird_08"
"2007-12-08 13:30:00 UTC",-24.47,-35.97,"bird_08"
"2007-12-12 01:52:00 UTC",-29.69,-43.63,"bird_08"
"2007-12-12 13:46:00 UTC",-28.01,-43.7,"bird_08"
"2007-12-13 01:44:00 UTC",-27.45,-42.93,"bird_08"
"2007-12-13 13:40:00 UTC",-26.39,-42.89,"bird_08"
"2007-12-14 02:10:00 UTC",-33.71,-36.86,"bird_08"
"2007-12-16 01:43:00 UTC",-26.97,-35.46,"bird_08"
"2007-12-16 13:52:00 UTC",-29.03,-35.27,"bird_08"
"2007-12-17 01:46:00 UTC",-27.6,-37.91,"bird_08"
"2007-12-17 13:49:00 UTC",-28.16,-38.91,"bird_08"
"2007-12-18 01:32:00 UTC",-23.85,-42.13,"bird_08"
"2007-12-18 13:49:00 UTC",-27.91,-44.85,"bird_08"
"2007-12-19 02:32:00 UTC",-38.6,-40.67,"bird_08"
"2007-12-19 14:21:00 UTC",-35.91,-35.17,"bird_08"
"2007-12-20 01:53:00 UTC",-28.98,-38.41,"bird_08"
"2007-12-20 13:28:00 UTC",-22.54,-38.84,"bird_08"
"2007-12-24 02:51:00 UTC",-42.85,-40.27,"bird_08"
"2007-12-25 13:52:00 UTC",-28.04,-36.04,"bird_08"
"2007-12-27 13:49:00 UTC",-26.92,-35.34,"bird_08"
"2007-12-29 13:08:00 UTC",-16.31,-43.98,"bird_08"
"2007-12-30 01:17:00 UTC",-18.62,-42.44,"bird_08"
"2008-01-01 01:30:00 UTC",-21.51,-45.81,"bird_08"
"2008-01-01 13:27:00 UTC",-20.7,-45.64,"bird_08"
"2008-01-02 01:34:00 UTC",-22.64,-44.1,"bird_08"
"2008-01-02 13:35:00 UTC",-22.7,-43.55,"bird_08"
"2008-01-03 01:41:00 UTC",-24.15,-42.62,"bird_08"
"2008-01-03 13:20:00 UTC",-18.97,-40.12,"bird_08"
"2008-01-04 01:13:00 UTC",-17.16,-37.5,"bird_08"
"2008-01-04 13:29:00 UTC",-20.85,-40.26,"bird_08"
"2008-01-05 01:24:00 UTC",-19.67,-43.39,"bird_08"
"2008-01-05 13:34:00 UTC",-22.24,-44.8,"bird_08"
"2008-01-06 02:15:00 UTC",-32.18,-39.91,"bird_08"
"2008-01-06 14:00:00 UTC",-28.5,-33.66,"bird_08"
"2008-01-07 01:40:00 UTC",-23.45,-34.8,"bird_08"
"2008-01-09 00:45:00 UTC",-9.49,-44.56,"bird_08"
"2008-01-09 12:15:00 UTC",-1.94,-42.6,"bird_08"
"2008-01-09 23:56:00 UTC",2.86,-40.46,"bird_08"
"2008-01-10 11:36:00 UTC",7.91,-40.56,"bird_08"
"2008-01-10 23:01:00 UTC",16.83,-43.55,"bird_08"
"2008-01-11 10:33:00 UTC",23.75,-44.29,"bird_08"
"2008-01-11 21:57:00 UTC",32.67,-45.74,"bird_08"
"2008-01-14 21:26:00 UTC",40.82,-42.14,"bird_08"
"2008-01-16 20:05:00 UTC",61.24,-41.77,"bird_08"
"2008-01-17 08:04:00 UTC",61.41,-42.64,"bird_08"
"2008-01-17 20:03:00 UTC",61.82,-42.92,"bird_08"
"2008-01-18 08:05:00 UTC",61.36,-43.63,"bird_08"
"2008-01-18 19:58:00 UTC",63.03,-45.26,"bird_08"
"2008-01-19 07:52:00 UTC",64.69,-45.28,"bird_08"
"2008-01-19 20:03:00 UTC",61.98,-42.33,"bird_08"
"2008-01-20 07:32:00 UTC",69.64,-37.34,"bird_08"
"2008-01-20 18:43:00 UTC",82.17,-41.86,"bird_08"
"2008-01-21 05:44:00 UTC",96.95,-40.73,"bird_08"
"2008-01-22 18:05:00 UTC",91.68,-42.66,"bird_08"
"2008-01-24 17:01:00 UTC",107.93,-42.87,"bird_08"
"2008-01-25 04:47:00 UTC",111.45,-43.05,"bird_08"
"2008-01-25 16:46:00 UTC",111.61,-40.41,"bird_08"
"2008-01-26 04:50:00 UTC",110.76,-41.12,"bird_08"
"2008-01-26 16:49:00 UTC",110.91,-42.16,"bird_08"
"2008-01-27 04:51:00 UTC",110.44,-42.68,"bird_08"
"2008-01-27 16:43:00 UTC",112.34,-44.63,"bird_08"
"2008-01-28 04:37:00 UTC",113.99,-44.98,"bird_08"
"2008-01-28 16:27:00 UTC",116.63,-45.92,"bird_08"
"2008-01-29 04:10:00 UTC",120.65,-45.53,"bird_08"
"2008-01-29 16:13:00 UTC",119.93,-41.81,"bird_08"
"2008-01-30 04:10:00 UTC",120.7,-41.3,"bird_08"
"2008-01-30 15:56:00 UTC",124.22,-43.95,"bird_08"
"2008-02-01 15:27:00 UTC",131.66,-41.84,"bird_08"
"2008-02-02 03:32:00 UTC",130.43,-43.17,"bird_08"
"2008-02-02 15:37:00 UTC",129.32,-43.59,"bird_08"
"2008-02-03 03:27:00 UTC",131.7,-41.79,"bird_08"
"2008-02-04 15:00:00 UTC",138.49,-40.53,"bird_08"
"2008-02-05 02:45:00 UTC",142.25,-47.94,"bird_08"
"2008-02-05 14:49:00 UTC",141.14,-43.98,"bird_08"
"2008-02-06 02:56:00 UTC",139.64,-44.24,"bird_08"
"2008-02-06 15:05:00 UTC",137.28,-43.95,"bird_08"
"2008-02-07 02:57:00 UTC",139.41,-41.2,"bird_08"
"2008-02-07 14:34:00 UTC",145.04,-44.85,"bird_08"
"2008-02-08 01:58:00 UTC",154.05,-43.18,"bird_08"
"2008-02-09 14:20:00 UTC",148.43,-45.41,"bird_08"
"2008-02-10 02:09:00 UTC",151.31,-44.73,"bird_08"
"2008-02-10 14:04:00 UTC",152.69,-43.6,"bird_08"
"2008-02-11 02:04:00 UTC",152.44,-44.72,"bird_08"
"2008-02-11 14:00:00 UTC",153.56,-46.4,"bird_08"
"2008-02-12 01:49:00 UTC",156.31,-45.93,"bird_08"
"2008-02-12 13:50:00 UTC",156.18,-43.1,"bird_08"
"2008-02-13 01:44:00 UTC",157.43,-42.51,"bird_08"
"2008-02-16 01:26:00 UTC",162.15,-44.52,"bird_08"
"2008-02-16 13:35:00 UTC",159.77,-41.7,"bird_08"
"2008-02-17 01:24:00 UTC",162.63,-37.24,"bird_08"
"2008-02-19 01:06:00 UTC",167.09,-42.76,"bird_08"
"2008-02-19 13:11:00 UTC",165.71,-38.8,"bird_08"
"2008-02-20 01:23:00 UTC",162.82,-40.73,"bird_08"
"2008-02-20 13:40:00 UTC",158.43,-38.98,"bird_08"
"2008-02-22 01:14:00 UTC",164.88,-36.08,"bird_08"
"2008-02-22 13:04:00 UTC",167.37,-40.64,"bird_08"
"2008-02-23 00:59:00 UTC",168.73,-42.03,"bird_08"
"2008-02-23 13:02:00 UTC",167.96,-39.18,"bird_08"
"2008-02-24 01:03:00 UTC",167.57,-39.28,"bird_08"
"2008-02-24 13:01:00 UTC",168.17,-41.46,"bird_08"
"2008-02-27 01:06:00 UTC",166.7,-39.19,"bird_08"
"2008-02-27 13:16:00 UTC",164.17,-44.77,"bird_08"
"2008-02-28 01:12:00 UTC",165.02,-41.41,"bird_08"
"2008-02-28 13:14:00 UTC",164.63,-39.98,"bird_08"
"2008-03-01 01:16:00 UTC",164.1,-40.54,"bird_08"
"2008-03-01 13:16:00 UTC",164.08,-41.91,"bird_08"
"2008-03-02 01:17:00 UTC",163.93,-42.87,"bird_08"
"2008-03-02 13:20:00 UTC",163.03,-42.27,"bird_08"
"2008-03-03 01:15:00 UTC",164.13,-38.92,"bird_08"
"2008-03-03 13:16:00 UTC",163.98,-37.08,"bird_08"
"2008-03-04 01:16:00 UTC",163.82,-38.22,"bird_08"
"2008-03-04 13:01:00 UTC",167.8,-46.67,"bird_08"
"2008-03-05 00:39:00 UTC",173.27,-44.95,"bird_08"
"2008-03-06 00:37:00 UTC",173.71,-40.85,"bird_08"
"2008-03-06 12:31:00 UTC",175.18,-45.3,"bird_08"
"2008-03-07 00:35:00 UTC",174.03,-49.61,"bird_08"
"2008-03-07 12:51:00 UTC",170,-45.43,"bird_08"
"2008-03-08 12:30:00 UTC",175.06,-40.22,"bird_08"
"2008-03-09 00:32:00 UTC",174.66,-47.72,"bird_08"
"2008-03-10 12:34:00 UTC",174.06,-48.35,"bird_08"
"2008-03-12 11:56:00 UTC",-176.44,-42.25,"bird_08"
"2008-03-12 23:55:00 UTC",-176.23,-36.95,"bird_08"
"2008-03-13 11:51:00 UTC",-175.39,-40.6,"bird_08"
"2008-03-13 23:43:00 UTC",-173.42,-38.26,"bird_08"
"2008-04-03 09:13:00 UTC",-137.43,-42.79,"bird_08"
"2008-04-03 20:43:00 UTC",-129.96,-48.03,"bird_08"
"2008-04-04 08:21:00 UTC",-124.62,-54.68,"bird_08"
"2008-04-05 08:07:00 UTC",-121.07,-55.21,"bird_08"
"2008-04-06 06:57:00 UTC",-103.76,-51.7,"bird_08"
"2008-04-06 18:08:00 UTC",-91.42,-52.52,"bird_08"
"2008-04-08 16:55:00 UTC",-73.43,-59.06,"bird_08"
"2008-04-09 04:56:00 UTC",-73.59,-59.26,"bird_08"
"2008-04-09 16:52:00 UTC",-72.62,-59.82,"bird_08"
"2008-04-10 04:46:00 UTC",-71.28,-58.49,"bird_08"
"2008-04-10 16:40:00 UTC",-69.82,-57.56,"bird_08"
"2008-04-11 04:36:00 UTC",-68.72,-57.05,"bird_08"
"2008-04-11 16:33:00 UTC",-68.01,-56.18,"bird_08"
"2008-04-12 04:37:00 UTC",-69.04,-57.55,"bird_08"
"2008-04-12 16:36:00 UTC",-68.95,-58.44,"bird_08"
"2008-04-13 04:51:00 UTC",-72.48,-61.22,"bird_08"
"2008-04-15 04:34:00 UTC",-68.6,-61.99,"bird_08"
"2008-04-15 16:36:00 UTC",-69.13,-59.9,"bird_08"
"2008-04-18 16:40:00 UTC",-70.05,-63.2,"bird_08"
"2008-04-19 04:36:00 UTC",-69.33,-61.19,"bird_08"
"2008-04-19 16:27:00 UTC",-66.98,-62.02,"bird_08"
"2008-04-20 04:29:00 UTC",-67.38,-63.09,"bird_08"
"2008-04-20 16:28:00 UTC",-67.29,-63.11,"bird_08"
"2008-04-21 04:26:00 UTC",-66.69,-62.15,"bird_08"
"2008-04-23 04:34:00 UTC",-68.91,-62.16,"bird_08"
"2008-04-23 16:34:00 UTC",-69.06,-63.37,"bird_08"
"2008-04-24 04:25:00 UTC",-66.58,-61.8,"bird_08"
"2008-04-24 16:31:00 UTC",-68.35,-57.95,"bird_08"
"2008-04-25 04:31:00 UTC",-68.37,-56.34,"bird_08"
"2008-04-25 16:26:00 UTC",-67.02,-57.31,"bird_08"
"2008-04-26 04:31:00 UTC",-68.42,-58.54,"bird_08"
"2008-04-27 16:30:00 UTC",-68.1,-61.04,"bird_08"
"2008-04-28 04:35:00 UTC",-69.49,-55.89,"bird_08"
"2008-04-28 16:34:00 UTC",-69.26,-56.98,"bird_08"
"2008-04-29 04:33:00 UTC",-68.9,-56.43,"bird_08"
"2008-04-29 16:25:00 UTC",-66.8,-57.62,"bird_08"
"2008-04-30 04:30:00 UTC",-68.19,-59,"bird_08"
"2008-04-30 16:28:00 UTC",-67.7,-59.83,"bird_08"
"2008-05-01 04:30:00 UTC",-68.34,-59.92,"bird_08"
"2008-05-01 16:33:00 UTC",-69.11,-59.6,"bird_08"
"2008-05-02 04:21:00 UTC",-66.12,-57.54,"bird_08"
"2008-05-02 16:13:00 UTC",-64.01,-56.75,"bird_08"
"2008-05-03 04:13:00 UTC",-64.02,-57.37,"bird_08"
"2008-05-03 16:12:00 UTC",-63.79,-57.36,"bird_08"
"2008-05-04 04:35:00 UTC",-69.55,-59.55,"bird_08"
"2008-05-04 16:43:00 UTC",-71.56,-61.43,"bird_08"
"2008-05-05 04:27:00 UTC",-67.57,-58.99,"bird_08"
"2008-05-05 16:19:00 UTC",-65.46,-57.49,"bird_08"
"2008-05-06 04:21:00 UTC",-65.96,-58.3,"bird_08"
"2008-05-06 16:07:00 UTC",-62.6,-60.38,"bird_08"
"2008-05-07 03:46:00 UTC",-57.36,-59.42,"bird_08"
"2008-05-07 15:45:00 UTC",-56.99,-55.82,"bird_08"
"2008-05-08 03:32:00 UTC",-53.87,-54.5,"bird_08"
"2008-05-08 15:40:00 UTC",-55.88,-49.71,"bird_08"
"2008-05-09 03:44:00 UTC",-56.76,-48.85,"bird_08"
"2008-05-09 15:56:00 UTC",-59.89,-46.32,"bird_08"
"2008-05-10 04:04:00 UTC",-61.9,-45.18,"bird_08"
"2008-05-10 15:54:00 UTC",-59.27,-49.6,"bird_08"
"2008-05-11 03:46:00 UTC",-57.4,-49.54,"bird_08"
"2008-05-11 15:45:00 UTC",-57.28,-47.97,"bird_08"
"2008-05-12 03:45:00 UTC",-57.28,-47.72,"bird_08"
"2008-05-12 15:46:00 UTC",-57.54,-47.09,"bird_08"
"2008-05-13 03:46:00 UTC",-57.54,-46.86,"bird_08"
"2008-05-13 15:44:00 UTC",-56.79,-47.41,"bird_08"
"2008-05-14 03:44:00 UTC",-56.79,-47.56,"bird_08"
"2008-05-14 15:41:00 UTC",-56.04,-48.08,"bird_08"
"2008-05-15 03:45:00 UTC",-57.29,-48.94,"bird_08"
"2008-05-15 15:47:00 UTC",-57.78,-49.42,"bird_08"
"2008-05-17 15:32:00 UTC",-53.77,-50.57,"bird_08"
"2008-05-18 03:31:00 UTC",-53.64,-50.22,"bird_08"
"2008-05-18 15:22:00 UTC",-51.26,-51.71,"bird_08"
"2008-05-19 03:37:00 UTC",-55.13,-54.13,"bird_08"
"2008-05-19 15:22:00 UTC",-51.25,-58.58,"bird_08"
"2008-05-20 03:24:00 UTC",-51.87,-59.45,"bird_08"
"2008-05-20 15:39:00 UTC",-55.61,-57.74,"bird_08"
"2008-05-21 03:42:00 UTC",-56.23,-56.63,"bird_08"
"2008-05-21 16:14:00 UTC",-64.34,-51.91,"bird_08"
"2008-05-22 04:00:00 UTC",-60.71,-46.26,"bird_08"
"2008-05-22 15:47:00 UTC",-57.7,-45.39,"bird_08"
"2008-05-23 04:00:00 UTC",-60.82,-48.44,"bird_08"
"2008-05-23 15:34:00 UTC",-54.18,-54.95,"bird_08"
"2008-05-24 04:01:00 UTC",-60.92,-58.68,"bird_08"
"2008-05-24 16:04:00 UTC",-61.66,-61.17,"bird_08"
"2008-05-25 04:44:00 UTC",-71.77,-62.64,"bird_08"
"2008-05-26 04:07:00 UTC",-62.37,-62.33,"bird_08"
"2008-05-26 16:07:00 UTC",-62.48,-56.16,"bird_08"
"2008-05-27 03:52:00 UTC",-58.72,-54.97,"bird_08"
"2008-05-27 15:50:00 UTC",-58.2,-52.74,"bird_08"
"2008-05-28 03:45:00 UTC",-57.06,-52.49,"bird_08"
"2008-05-29 15:56:00 UTC",-59.64,-42.87,"bird_08"
"2008-05-30 03:57:00 UTC",-59.99,-45.69,"bird_08"
"2008-06-01 03:49:00 UTC",-57.92,-46.83,"bird_08"
"2008-06-01 15:27:00 UTC",-52.28,-50.83,"bird_08"
"2008-06-02 03:12:00 UTC",-48.63,-51.36,"bird_08"
"2008-06-02 15:18:00 UTC",-49.86,-48.03,"bird_08"
"2008-06-03 03:17:00 UTC",-49.72,-47.19,"bird_08"
"2008-06-03 15:32:00 UTC",-53.45,-44.25,"bird_08"
"2008-06-04 03:32:00 UTC",-53.3,-41.91,"bird_08"
"2008-06-04 15:37:00 UTC",-54.53,-40.72,"bird_08"
"2008-06-05 03:44:00 UTC",-56.26,-41.01,"bird_08"
"2008-06-05 15:39:00 UTC",-55.11,-43.23,"bird_08"
"2008-06-06 03:32:00 UTC",-53.34,-42.81,"bird_08"
"2008-06-06 15:07:00 UTC",-46.94,-46.45,"bird_08"
"2008-06-07 02:49:00 UTC",-42.42,-47.26,"bird_08"
"2008-06-07 14:13:00 UTC",-33.4,-50.43,"bird_08"
"2008-06-08 14:11:00 UTC",-32.85,-41.94,"bird_08"
"2008-06-09 02:07:00 UTC",-32.07,-37.78,"bird_08"
"2008-06-09 14:07:00 UTC",-31.92,-37.12,"bird_08"
"2008-06-10 02:02:00 UTC",-30.77,-36.46,"bird_08"
"2008-06-10 13:39:00 UTC",-24.87,-40.46,"bird_08"
"2008-06-11 01:29:00 UTC",-22.22,-42.35,"bird_08"
"2008-06-11 13:09:00 UTC",-17.33,-44.12,"bird_08"
"2008-06-12 00:56:00 UTC",-14.05,-45.01,"bird_08"
"2008-06-12 12:45:00 UTC",-11.4,-44.5,"bird_08"
"2008-06-13 00:36:00 UTC",-9,-44.62,"bird_08"
"2008-06-13 12:37:00 UTC",-9.22,-42.29,"bird_08"
"2008-06-14 00:39:00 UTC",-9.57,-42.42,"bird_08"
"2008-06-14 12:36:00 UTC",-8.79,-43.38,"bird_08"
"2008-06-15 00:40:00 UTC",-9.77,-44.31,"bird_08"
"2008-06-15 12:21:00 UTC",-5.12,-48.21,"bird_08"
"2008-06-15 23:49:00 UTC",3.03,-46.66,"bird_08"
"2008-06-16 11:33:00 UTC",6.93,-43.43,"bird_08"
"2008-06-16 23:15:00 UTC",11.34,-43.25,"bird_08"
"2008-06-19 10:11:00 UTC",27.47,-41.5,"bird_08"
"2008-06-21 09:42:00 UTC",34.95,-45.79,"bird_08"
"2008-06-21 21:36:00 UTC",36.48,-43.96,"bird_08"
"2008-06-22 09:32:00 UTC",37.63,-43.48,"bird_08"
"2008-06-22 21:46:00 UTC",33.91,-45.95,"bird_08"
"2008-06-23 09:37:00 UTC",36.31,-50.12,"bird_08"
"2008-06-23 21:13:00 UTC",42.21,-48.74,"bird_08"
"2008-06-24 09:03:00 UTC",44.74,-46.28,"bird_08"
"2008-06-24 20:52:00 UTC",47.76,-46,"bird_08"
"2008-06-25 08:47:00 UTC",49.04,-44.82,"bird_08"
"2008-06-25 20:42:00 UTC",50.07,-45.15,"bird_08"
"2008-06-26 08:41:00 UTC",50.47,-44.4,"bird_08"
"2008-06-26 20:40:00 UTC",50.62,-44.59,"bird_08"
"2008-06-27 08:44:00 UTC",49.77,-43.83,"bird_08"
"2008-06-27 20:57:00 UTC",46.67,-44.96,"bird_08"
"2008-06-28 08:52:00 UTC",47.7,-47.9,"bird_08"
"2008-06-28 20:40:00 UTC",50.85,-47.24,"bird_08"
"2008-06-29 08:41:00 UTC",50.5,-44.76,"bird_08"
"2008-06-29 20:42:00 UTC",50.4,-44.65,"bird_08"
"2008-06-30 08:42:00 UTC",50.3,-44.54,"bird_08"
"2008-06-30 20:41:00 UTC",50.57,-44.59,"bird_08"
"2008-07-01 08:36:00 UTC",52.1,-45.57,"bird_08"
"2008-07-01 20:40:00 UTC",50.99,-46.66,"bird_08"
"2008-07-02 08:40:00 UTC",50.89,-47.44,"bird_08"
"2008-07-02 20:37:00 UTC",51.92,-47.21,"bird_08"
"2008-07-03 08:33:00 UTC",52.94,-46.98,"bird_08"
"2008-07-03 20:25:00 UTC",54.84,-46.9,"bird_08"
"2008-07-04 08:34:00 UTC",52.61,-43.87,"bird_08"
"2008-07-04 20:37:00 UTC",51.88,-42.93,"bird_08"
"2008-07-05 08:37:00 UTC",51.9,-43.68,"bird_08"
"2008-07-05 20:40:00 UTC",51.05,-44.25,"bird_08"
"2008-07-06 08:34:00 UTC",52.7,-46.06,"bird_08"
"2008-07-06 20:36:00 UTC",52.34,-47.19,"bird_08"
"2008-07-07 08:37:00 UTC",52.11,-47.28,"bird_08"
"2008-07-07 20:30:00 UTC",53.88,-46.46,"bird_08"
"2008-07-08 08:35:00 UTC",52.65,-44.33,"bird_08"
"2008-07-08 20:44:00 UTC",50.17,-45.08,"bird_08"
"2008-07-09 08:43:00 UTC",50.44,-47.34,"bird_08"
"2008-07-09 20:34:00 UTC",52.83,-46.37,"bird_08"
"2008-07-10 08:34:00 UTC",52.97,-44.71,"bird_08"
"2008-07-10 20:29:00 UTC",53.99,-44.13,"bird_08"
"2008-07-11 08:27:00 UTC",54.51,-43.9,"bird_08"
"2008-07-11 20:31:00 UTC",53.77,-44.68,"bird_08"
"2008-07-12 08:31:00 UTC",53.79,-45.46,"bird_08"
"2008-07-12 20:24:00 UTC",55.43,-44.74,"bird_08"
"2008-07-13 08:14:00 UTC",57.94,-45.52,"bird_08"
"2008-07-13 20:26:00 UTC",54.83,-48.3,"bird_08"
"2008-07-14 08:37:00 UTC",52.22,-48.87,"bird_08"
"2008-07-14 20:27:00 UTC",54.74,-46.54,"bird_08"
"2008-07-15 08:31:00 UTC",53.75,-43.95,"bird_08"
"2008-07-22 21:07:00 UTC",44.87,-49.27,"bird_08"
"2008-07-23 08:57:00 UTC",47.38,-46.4,"bird_08"
"2008-07-23 20:42:00 UTC",51.01,-46.03,"bird_08"
"2008-07-24 08:46:00 UTC",50.13,-41.65,"bird_08"
"2008-07-24 20:46:00 UTC",50.13,-41.4,"bird_08"
"2008-07-25 08:31:00 UTC",53.76,-45.08,"bird_08"
"2008-07-25 20:20:00 UTC",56.51,-45.66,"bird_08"
"2008-07-26 08:15:00 UTC",57.89,-44.88,"bird_08"
"2008-07-26 20:20:00 UTC",56.51,-46.81,"bird_08"
"2008-07-27 08:25:00 UTC",55.38,-47.2,"bird_08"
"2008-07-27 20:05:00 UTC",60.38,-43.43,"bird_08"
"2008-07-29 08:02:00 UTC",61.25,-45.93,"bird_08"
"2008-07-31 07:27:00 UTC",69.98,-38.05,"bird_08"
"2008-07-31 19:25:00 UTC",70.34,-39.06,"bird_08"
"2008-08-01 07:20:00 UTC",71.59,-40.31,"bird_08"
"2008-08-01 19:19:00 UTC",71.95,-41.3,"bird_08"
"2008-08-02 07:18:00 UTC",72.07,-41.3,"bird_08"
"2008-08-02 19:19:00 UTC",71.94,-41.8,"bird_08"
"2008-08-04 06:59:00 UTC",76.65,-45.43,"bird_08"
"2008-08-04 19:07:00 UTC",74.77,-43.58,"bird_08"
"2008-08-05 07:12:00 UTC",73.5,-44.35,"bird_08"
"2008-08-05 19:07:00 UTC",74.87,-42.37,"bird_08"
"2008-08-06 07:09:00 UTC",74.1,-39.96,"bird_08"
"2008-08-06 19:15:00 UTC",72.71,-41.08,"bird_08"
"2008-08-07 07:13:00 UTC",73.2,-43.5,"bird_08"
"2008-08-07 19:28:00 UTC",69.56,-47.46,"bird_08"
"2008-08-08 07:30:00 UTC",68.79,-50.37,"bird_08"
"2008-08-08 19:26:00 UTC",69.9,-49.63,"bird_08"
"2008-08-09 07:12:00 UTC",73.38,-52,"bird_08"
"2008-08-09 18:45:00 UTC",79.99,-50.04,"bird_08"
"2008-08-10 06:55:00 UTC",77.6,-39.69,"bird_08"
"2008-08-12 07:03:00 UTC",75.64,-43.73,"bird_08"
"2008-08-12 18:57:00 UTC",76.99,-41.37,"bird_08"
"2008-08-13 06:56:00 UTC",77.35,-40.12,"bird_08"
"2008-08-13 18:56:00 UTC",77.07,-41.14,"bird_08"
"2008-08-14 06:59:00 UTC",76.42,-41.18,"bird_08"
"2008-08-14 19:08:00 UTC",74.03,-43.8,"bird_08"
"2008-08-15 07:03:00 UTC",75.38,-49.03,"bird_08"
"2008-08-15 18:48:00 UTC",79.1,-46.68,"bird_08"
"2008-08-16 06:53:00 UTC",77.83,-39.97,"bird_08"
"2008-08-16 18:50:00 UTC",78.55,-38.14,"bird_08"
"2008-08-17 06:43:00 UTC",80.27,-40.05,"bird_08"
"2008-08-17 18:47:00 UTC",79.25,-44,"bird_08"
"2008-08-18 06:58:00 UTC",76.34,-41.27,"bird_08"
"2008-08-18 18:52:00 UTC",77.82,-35.3,"bird_08"
"2008-08-19 06:44:00 UTC",80.04,-37.41,"bird_08"
"2008-08-19 18:52:00 UTC",77.88,-43.73,"bird_08"
"2008-08-20 06:56:00 UTC",76.85,-46.31,"bird_08"
"2008-08-22 06:51:00 UTC",77.85,-45.11,"bird_08"
"2008-08-22 18:48:00 UTC",78.7,-44.48,"bird_08"
"2008-08-23 06:50:00 UTC",78.04,-42.15,"bird_08"
"2008-08-23 18:54:00 UTC",77.13,-43.13,"bird_08"
"2008-08-24 06:52:00 UTC",77.47,-45.77,"bird_08"
"2008-08-24 18:58:00 UTC",76.06,-49.06,"bird_08"
"2008-08-25 06:58:00 UTC",75.9,-51.44,"bird_08"
"2008-08-25 18:53:00 UTC",77.24,-50.28,"bird_08"
"2008-08-26 06:55:00 UTC",76.71,-47.82,"bird_08"
"2008-08-26 18:55:00 UTC",76.67,-47.64,"bird_08"
"2008-08-27 06:58:00 UTC",75.89,-46.57,"bird_08"
"2008-08-27 18:54:00 UTC",76.85,-44.44,"bird_08"
"2008-08-28 06:50:00 UTC",77.82,-45.13,"bird_08"
"2008-08-28 18:59:00 UTC",75.65,-50.87,"bird_08"
"2008-08-30 06:55:00 UTC",76.41,-53.61,"bird_08"
"2008-08-30 18:45:00 UTC",78.88,-48.99,"bird_08"
"2008-08-31 06:43:00 UTC",79.34,-45.55,"bird_08"
"2008-08-31 18:47:00 UTC",78.17,-50.23,"bird_08"
"2008-09-01 06:48:00 UTC",78.01,-52.63,"bird_08"
"2008-09-01 18:49:00 UTC",77.72,-53.58,"bird_08"
"2008-09-02 06:57:00 UTC",75.55,-50.97,"bird_08"
"2008-09-05 18:36:00 UTC",80.64,-52.25,"bird_08"
"2008-09-27 05:34:00 UTC",94.38,-38.93,"bird_08"
"2008-10-05 15:13:00 UTC",128.84,-38.69,"bird_08"
"2008-10-06 02:59:00 UTC",132.3,-37.96,"bird_08"
"2008-10-15 11:25:00 UTC",-174.81,-40.65,"bird_08"
"2008-10-19 10:57:00 UTC",-168.13,-41.38,"bird_08"
"2008-10-19 22:58:00 UTC",-168.28,-43.06,"bird_08"
"2008-10-20 10:50:00 UTC",-166.18,-45.64,"bird_08"
"2008-10-22 10:41:00 UTC",-164.25,-41.9,"bird_08"
"2008-10-28 10:45:00 UTC",-165.3,-41.07,"bird_08"
"2008-10-28 22:42:00 UTC",-164.68,-39.49,"bird_08"
"2008-10-29 10:32:00 UTC",-162.19,-41.64,"bird_08"
"2008-10-29 22:26:00 UTC",-160.45,-41.8,"bird_08"
"2008-10-31 20:31:00 UTC",-131.84,-44.31,"bird_08"
"2008-11-01 08:08:00 UTC",-126.1,-40.14,"bird_08"
"2008-11-01 20:13:00 UTC",-127.22,-44.34,"bird_08"
"2008-11-02 07:52:00 UTC",-122.23,-49.63,"bird_08"
"2008-11-02 19:48:00 UTC",-120.98,-50.84,"bird_08"
"2008-11-03 07:43:00 UTC",-119.85,-50.43,"bird_08"
"2008-11-03 19:34:00 UTC",-117.73,-49.74,"bird_08"
"2008-11-04 07:30:00 UTC",-116.48,-48.88,"bird_08"
"2008-11-04 19:28:00 UTC",-116.1,-49.08,"bird_08"
"2008-11-05 07:27:00 UTC",-115.85,-48.82,"bird_08"
"2008-11-05 19:42:00 UTC",-119.59,-50.01,"bird_08"
"2008-11-06 08:00:00 UTC",-124.09,-49.2,"bird_08"
"2008-11-06 20:05:00 UTC",-125.45,-47.92,"bird_08"
"2008-11-07 08:10:00 UTC",-126.57,-47.83,"bird_08"
"2008-11-07 20:38:00 UTC",-133.57,-49.86,"bird_08"
"2008-11-08 08:42:00 UTC",-134.68,-53.17,"bird_08"
"2008-11-08 20:38:00 UTC",-133.42,-52.28,"bird_08"
"2008-11-09 08:42:00 UTC",-134.54,-50.73,"bird_08"
"2008-11-09 19:56:00 UTC",-123.15,-45.28,"bird_08"
"2008-11-11 08:27:00 UTC",-130.86,-45.55,"bird_08"
"2008-11-11 20:29:00 UTC",-131.35,-45.65,"bird_08"
"2008-11-12 07:54:00 UTC",-122.46,-51.84,"bird_08"
"2008-11-12 19:38:00 UTC",-118.44,-53.13,"bird_08"
"2008-11-13 07:19:00 UTC",-113.67,-53.34,"bird_08"
"2008-11-13 18:50:00 UTC",-106.53,-52.45,"bird_08"
"2008-11-14 06:50:00 UTC",-106.39,-47.93,"bird_08"
"2008-11-14 18:28:00 UTC",-100.99,-45.66,"bird_08"
"2008-11-15 05:50:00 UTC",-91.35,-48.59,"bird_08"
"2008-11-15 17:43:00 UTC",-89.58,-50.98,"bird_08"
"2008-11-16 05:36:00 UTC",-87.81,-50.8,"bird_08"
"2008-11-16 17:36:00 UTC",-87.66,-50.95,"bird_08"
"2008-11-17 05:16:00 UTC",-82.88,-53.37,"bird_08"
"2008-11-17 16:59:00 UTC",-78.61,-53.39,"bird_08"
"2008-11-18 04:51:00 UTC",-76.33,-52.1,"bird_08"
"2008-11-18 16:43:00 UTC",-74.43,-52.03,"bird_08"
"2008-11-20 15:55:00 UTC",-62.32,-54.6,"bird_08"
"2008-11-21 03:44:00 UTC",-59.54,-53.97,"bird_08"
"2008-11-21 15:39:00 UTC",-58.26,-54.15,"bird_08"
"2008-11-22 03:25:00 UTC",-54.85,-54.88,"bird_08"
"2008-11-22 14:55:00 UTC",-47.19,-54.04,"bird_08"
"2008-11-23 02:59:00 UTC",-48.03,-49.34,"bird_08"
"2008-11-23 14:55:00 UTC",-47,-48.77,"bird_08"
"2008-11-24 02:40:00 UTC",-43.34,-50,"bird_08"
"2008-11-24 14:37:00 UTC",-42.55,-50.66,"bird_08"
"2008-11-25 02:46:00 UTC",-44.76,-48.9,"bird_08"
"2008-11-25 14:49:00 UTC",-45.35,-48.23,"bird_08"
"2008-11-26 02:49:00 UTC",-45.31,-48.53,"bird_08"
"2008-11-26 14:38:00 UTC",-42.77,-47.75,"bird_08"
"2008-11-27 02:29:00 UTC",-40.23,-47.63,"bird_08"
"2008-11-27 14:25:00 UTC",-39.19,-47.95,"bird_08"
"2007-12-01 14:13:00 UTC",-35.82,-45.88,"bird_09"
"2007-12-02 01:57:00 UTC",-32.02,-44.84,"bird_09"
"2007-12-02 13:39:00 UTC",-27.47,-44.5,"bird_09"
"2007-12-03 01:38:00 UTC",-27.05,-41.39,"bird_09"
"2007-12-03 13:36:00 UTC",-26.62,-41.44,"bird_09"
"2007-12-10 13:12:00 UTC",-19.87,-43.54,"bird_09"
"2007-12-11 01:24:00 UTC",-22.56,-43.97,"bird_09"
"2007-12-11 12:53:00 UTC",-14.88,-40.18,"bird_09"
"2007-12-12 00:26:00 UTC",-8.2,-39.14,"bird_09"
"2007-12-12 12:13:00 UTC",-4.89,-40.78,"bird_09"
"2007-12-13 00:13:00 UTC",-4.71,-38.32,"bird_09"
"2007-12-13 11:57:00 UTC",-0.53,-36.59,"bird_09"
"2007-12-13 23:31:00 UTC",6.03,-38.39,"bird_09"
"2007-12-14 11:21:00 UTC",8.46,-39.93,"bird_09"
"2007-12-14 22:50:00 UTC",16.27,-43.76,"bird_09"
"2007-12-15 10:31:00 UTC",21.08,-44.65,"bird_09"
"2007-12-15 22:19:00 UTC",24.01,-43.34,"bird_09"
"2007-12-16 09:52:00 UTC",30.95,-41.95,"bird_09"
"2007-12-16 21:37:00 UTC",34.76,-39.79,"bird_09"
"2007-12-17 09:34:00 UTC",35.69,-40.73,"bird_09"
"2007-12-17 21:29:00 UTC",37,-40.97,"bird_09"
"2007-12-18 09:20:00 UTC",39.32,-40.69,"bird_09"
"2007-12-19 21:00:00 UTC",44.25,-39.56,"bird_09"
"2007-12-20 09:14:00 UTC",40.94,-42.58,"bird_09"
"2007-12-20 21:08:00 UTC",42.5,-45.57,"bird_09"
"2007-12-21 08:58:00 UTC",45.06,-45.35,"bird_09"
"2007-12-21 21:00:00 UTC",44.5,-43.42,"bird_09"
"2007-12-22 08:45:00 UTC",48.43,-41.82,"bird_09"
"2007-12-22 20:32:00 UTC",51.74,-41.31,"bird_09"
"2007-12-23 08:22:00 UTC",54.31,-41.84,"bird_09"
"2007-12-23 20:04:00 UTC",58.87,-43.09,"bird_09"
"2007-12-24 07:36:00 UTC",65.93,-42.36,"bird_09"
"2007-12-24 19:18:00 UTC",70.49,-40.56,"bird_09"
"2007-12-25 07:03:00 UTC",74.3,-40.85,"bird_09"
"2007-12-25 18:53:00 UTC",76.86,-39.78,"bird_09"
"2007-12-26 06:28:00 UTC",83.17,-38.37,"bird_09"
"2007-12-26 18:13:00 UTC",86.85,-36.41,"bird_09"
"2007-12-27 06:17:00 UTC",86.17,-38.27,"bird_09"
"2007-12-27 17:48:00 UTC",93.47,-43.85,"bird_09"
"2007-12-28 05:24:00 UTC",99.41,-44.47,"bird_09"
"2007-12-28 17:08:00 UTC",103.34,-43.2,"bird_09"
"2007-12-29 04:48:00 UTC",108.65,-42.75,"bird_09"
"2007-12-29 16:26:00 UTC",114.09,-42.91,"bird_09"
"2007-12-30 04:30:00 UTC",113.02,-44.96,"bird_09"
"2007-12-30 16:11:00 UTC",117.83,-48.31,"bird_09"
"2007-12-31 03:37:00 UTC",126.51,-47.48,"bird_09"
"2007-12-31 14:53:00 UTC",137.57,-48.87,"bird_09"
"2008-01-01 02:13:00 UTC",147.75,-49.19,"bird_09"
"2008-01-01 13:46:00 UTC",154.55,-47.33,"bird_09"
"2008-01-02 01:45:00 UTC",154.86,-48.93,"bird_09"
"2008-01-02 13:10:00 UTC",163.42,-52.9,"bird_09"
"2008-01-03 00:33:00 UTC",172.97,-52.81,"bird_09"
"2008-01-03 11:53:00 UTC",-177.1,-52.94,"bird_09"
"2008-01-03 23:48:00 UTC",-175.67,-54.29,"bird_09"
"2008-01-04 11:48:00 UTC",-175.61,-53.83,"bird_09"
"2008-01-04 23:13:00 UTC",-166.81,-52.62,"bird_09"
"2008-01-05 10:57:00 UTC",-162.88,-50.19,"bird_09"
"2008-01-05 22:42:00 UTC",-159.07,-50.43,"bird_09"
"2008-01-06 10:26:00 UTC",-154.89,-50.6,"bird_09"
"2008-01-06 21:55:00 UTC",-147.22,-50.06,"bird_09"
"2008-01-07 09:06:00 UTC",-135.04,-52.22,"bird_09"
"2008-01-08 20:48:00 UTC",-130.26,-50.75,"bird_09"
"2008-01-09 08:25:00 UTC",-124.46,-49.18,"bird_09"
"2008-01-09 19:46:00 UTC",-114.66,-48.28,"bird_09"
"2008-01-10 07:19:00 UTC",-107.99,-46.33,"bird_09"
"2008-01-10 19:22:00 UTC",-108.56,-48.48,"bird_09"
"2008-01-11 07:18:00 UTC",-107.51,-49.57,"bird_09"
"2008-01-11 19:06:00 UTC",-104.46,-49.08,"bird_09"
"2008-01-12 07:11:00 UTC",-105.67,-46.87,"bird_09"
"2008-01-12 18:59:00 UTC",-102.74,-45.7,"bird_09"
"2008-01-13 06:30:00 UTC",-95.32,-48.6,"bird_09"
"2008-01-13 17:56:00 UTC",-86.78,-48.29,"bird_09"
"2008-01-14 06:04:00 UTC",-88.73,-41.4,"bird_09"
"2008-01-14 17:46:00 UTC",-84.07,-38.57,"bird_09"
"2008-01-15 05:26:00 UTC",-79.02,-39.01,"bird_09"
"2008-01-15 17:26:00 UTC",-79.1,-41.47,"bird_09"
"2008-01-16 05:08:00 UTC",-74.56,-44.92,"bird_09"
"2008-01-16 17:09:00 UTC",-74.77,-46.55,"bird_09"
"2008-01-17 05:08:00 UTC",-74.48,-47.16,"bird_09"
"2008-01-19 05:20:00 UTC",-77.44,-41.99,"bird_09"
"2008-01-19 17:20:00 UTC",-77.41,-41.84,"bird_09"
"2008-01-20 05:09:00 UTC",-74.37,-44.33,"bird_09"
"2008-01-21 05:05:00 UTC",-73.55,-42.91,"bird_09"
"2008-01-21 17:20:00 UTC",-77.14,-44.39,"bird_09"
"2008-01-22 05:21:00 UTC",-77.35,-46.71,"bird_09"
"2008-01-22 17:19:00 UTC",-76.82,-46.61,"bird_09"
"2008-01-23 05:13:00 UTC",-75.29,-47.54,"bird_09"
"2008-01-24 05:14:00 UTC",-75.35,-43.92,"bird_09"
"2008-01-24 17:18:00 UTC",-76.45,-43.34,"bird_09"
"2008-01-25 05:14:00 UTC",-75.42,-45.31,"bird_09"
"2008-01-25 17:16:00 UTC",-76.02,-45.92,"bird_09"
"2008-01-26 05:19:00 UTC",-76.61,-46.25,"bird_09"
"2008-01-27 05:09:00 UTC",-74.06,-37.22,"bird_09"
"2008-01-27 17:17:00 UTC",-76.04,-37.01,"bird_09"
"2008-01-28 05:20:00 UTC",-76.89,-38.21,"bird_09"
"2008-01-28 17:41:00 UTC",-81.99,-40.88,"bird_09"
"2008-01-29 16:30:00 UTC",-64.07,-57.13,"bird_09"
"2008-01-30 16:34:00 UTC",-65.16,-54.11,"bird_09"
"2008-01-31 04:26:00 UTC",-63.14,-54.7,"bird_09"
"2008-01-31 16:29:00 UTC",-63.75,-55.56,"bird_09"
"2008-02-01 04:33:00 UTC",-64.85,-55.49,"bird_09"
"2008-02-01 16:38:00 UTC",-66.21,-55.79,"bird_09"
"2008-02-02 04:38:00 UTC",-66.07,-56.8,"bird_09"
"2008-02-02 16:33:00 UTC",-64.81,-56.66,"bird_09"
"2008-02-04 16:40:00 UTC",-66.51,-54.86,"bird_09"
"2008-02-06 04:45:00 UTC",-67.85,-54.83,"bird_09"
"2008-02-06 16:42:00 UTC",-67.1,-55.28,"bird_09"
"2008-02-07 04:35:00 UTC",-65.21,-56.25,"bird_09"
"2008-02-07 16:34:00 UTC",-65.08,-56.79,"bird_09"
"2008-02-09 04:48:00 UTC",-68.32,-56.74,"bird_09"
"2008-02-09 16:47:00 UTC",-68.07,-57.6,"bird_09"
"2008-02-10 04:54:00 UTC",-70.07,-56.64,"bird_09"
"2008-02-10 16:52:00 UTC",-69.44,-56.14,"bird_09"
"2008-02-11 04:46:00 UTC",-67.81,-56.95,"bird_09"
"2008-02-11 16:43:00 UTC",-67.19,-57.54,"bird_09"
"2008-02-12 04:39:00 UTC",-66.07,-58.12,"bird_09"
"2008-02-12 16:34:00 UTC",-65.07,-58.39,"bird_09"
"2008-02-13 04:48:00 UTC",-68.32,-56.04,"bird_09"
"2008-02-13 16:09:00 UTC",-58.7,-51.2,"bird_09"
"2008-02-14 04:12:00 UTC",-59.58,-40.81,"bird_09"
"2008-02-14 16:26:00 UTC",-62.83,-43.11,"bird_09"
"2008-02-15 04:30:00 UTC",-63.84,-46.13,"bird_09"
"2008-02-17 16:15:00 UTC",-60.25,-49.3,"bird_09"
"2008-02-18 16:15:00 UTC",-60.15,-47.34,"bird_09"
"2008-02-19 04:20:00 UTC",-61.41,-49,"bird_09"
"2008-02-19 16:04:00 UTC",-57.42,-45.3,"bird_09"
"2008-02-20 03:47:00 UTC",-53.44,-46.18,"bird_09"
"2008-02-20 15:49:00 UTC",-53.82,-49.52,"bird_09"
"2008-02-21 03:43:00 UTC",-52.21,-51.73,"bird_09"
"2008-02-23 04:01:00 UTC",-56.9,-52.77,"bird_09"
"2008-02-23 15:53:00 UTC",-54.92,-51.15,"bird_09"
"2008-02-24 03:47:00 UTC",-53.44,-51.15,"bird_09"
"2008-02-24 15:45:00 UTC",-53.08,-52.23,"bird_09"
"2008-02-25 03:48:00 UTC",-53.85,-51.37,"bird_09"
"2008-02-25 15:47:00 UTC",-53.62,-51.38,"bird_09"
"2008-02-26 03:35:00 UTC",-50.64,-54.38,"bird_09"
"2008-02-26 15:32:00 UTC",-49.79,-56.15,"bird_09"
"2008-02-27 03:38:00 UTC",-51.31,-54.29,"bird_09"
"2008-02-27 15:34:00 UTC",-50.33,-53.04,"bird_09"
"2008-02-28 03:37:00 UTC",-51.1,-51.66,"bird_09"
"2008-02-28 15:32:00 UTC",-49.88,-50.63,"bird_09"
"2008-03-01 03:25:00 UTC",-48.28,-51.42,"bird_09"
"2008-03-01 15:28:00 UTC",-48.93,-53.67,"bird_09"
"2008-03-02 03:31:00 UTC",-49.83,-53.96,"bird_09"
"2008-03-02 15:33:00 UTC",-50.1,-54.02,"bird_09"
"2008-03-03 03:43:00 UTC",-52.63,-52.02,"bird_09"
"2008-03-09 01:32:00 UTC",-20.35,-46.87,"bird_09"
"2008-03-10 01:25:00 UTC",-18.53,-45.03,"bird_09"
"2008-03-10 13:21:00 UTC",-17.82,-42.47,"bird_09"
"2008-03-13 01:05:00 UTC",-13.73,-38.79,"bird_09"
"2008-03-19 02:10:00 UTC",-30.53,-44.93,"bird_09"
"2008-03-31 22:33:00 UTC",22.75,-44.52,"bird_09"
"2008-04-02 22:25:00 UTC",24.73,-48.23,"bird_09"
"2008-04-03 10:29:00 UTC",23.57,-45.06,"bird_09"
"2008-04-08 08:34:00 UTC",52.09,-46.53,"bird_09"
"2008-04-08 20:25:00 UTC",54.18,-36.93,"bird_09"
"2008-04-15 04:46:00 UTC",108.52,-49.02,"bird_09"
"2008-04-15 16:48:00 UTC",107.99,-46.57,"bird_09"
"2008-04-16 04:45:00 UTC",108.71,-48.47,"bird_09"
"2008-04-16 16:43:00 UTC",109.18,-47.81,"bird_09"
"2008-04-17 04:40:00 UTC",109.9,-47.97,"bird_09"
"2008-04-17 16:44:00 UTC",108.88,-49.64,"bird_09"
"2008-04-24 02:29:00 UTC",142.17,-51.75,"bird_09"
"2008-04-27 01:09:00 UTC",162.18,-56.59,"bird_09"
"2008-04-27 12:59:00 UTC",164.53,-52.68,"bird_09"
"2008-04-28 00:35:00 UTC",170.64,-56.2,"bird_09"
"2008-04-28 12:10:00 UTC",176.87,-55.84,"bird_09"
"2008-04-29 00:04:00 UTC",178.23,-50.62,"bird_09"
"2008-04-29 11:55:00 UTC",-179.29,-48.79,"bird_09"
"2008-04-29 23:49:00 UTC",-177.81,-47.4,"bird_09"
"2008-04-30 11:38:00 UTC",-175.32,-46.51,"bird_09"
"2008-04-30 23:35:00 UTC",-174.46,-43.68,"bird_09"
"2008-05-01 11:37:00 UTC",-174.98,-45,"bird_09"
"2008-05-01 23:37:00 UTC",-174.99,-45.19,"bird_09"
"2008-05-02 11:55:00 UTC",-179.38,-48.58,"bird_09"
"2008-05-02 23:45:00 UTC",-177.02,-54.54,"bird_09"
"2008-05-03 11:35:00 UTC",-174.53,-54.23,"bird_09"
"2008-05-03 23:20:00 UTC",-170.79,-54.96,"bird_09"
"2008-05-04 11:11:00 UTC",-168.43,-55.48,"bird_09"
"2008-05-04 23:27:00 UTC",-172.69,-49.2,"bird_09"
"2008-05-05 11:21:00 UTC",-171.2,-44.25,"bird_09"
"2008-05-05 23:24:00 UTC",-171.84,-41.6,"bird_09"
"2008-05-06 11:15:00 UTC",-169.72,-38.8,"bird_09"
"2008-05-06 22:39:00 UTC",-160.6,-46.49,"bird_09"
"2008-05-07 10:33:00 UTC",-159.11,-51.87,"bird_09"
"2008-05-07 22:23:00 UTC",-156.62,-52.3,"bird_09"
"2008-05-08 10:49:00 UTC",-163,-56.27,"bird_09"
"2008-05-08 23:35:00 UTC",-174.63,-52.42,"bird_09"
"2008-05-09 11:44:00 UTC",-177.01,-46.62,"bird_09"
"2008-05-09 23:39:00 UTC",-175.64,-49.76,"bird_09"
"2008-05-10 11:35:00 UTC",-174.52,-49.69,"bird_09"
"2008-05-10 23:26:00 UTC",-172.28,-50.17,"bird_09"
"2008-05-11 11:26:00 UTC",-172.28,-51.33,"bird_09"
"2008-05-11 23:48:00 UTC",-177.78,-46.2,"bird_09"
"2008-05-12 11:49:00 UTC",-178.16,-42.22,"bird_09"
"2008-05-12 23:37:00 UTC",-175.04,-45.73,"bird_09"
"2008-05-13 11:29:00 UTC",-173.29,-46.31,"bird_09"
"2008-05-13 23:39:00 UTC",-175.66,-42,"bird_09"
"2008-05-14 11:44:00 UTC",-176.91,-40.85,"bird_09"
"2008-05-14 23:48:00 UTC",-177.91,-41.1,"bird_09"
"2008-05-15 23:56:00 UTC",-179.78,-44.8,"bird_09"
"2008-05-16 23:35:00 UTC",-174.53,-53.21,"bird_09"
"2008-05-17 11:18:00 UTC",-170.4,-54.24,"bird_09"
"2008-05-17 23:18:00 UTC",-170.52,-51.06,"bird_09"
"2008-05-18 11:13:00 UTC",-169.14,-50.09,"bird_09"
"2008-05-20 11:36:00 UTC",-174.86,-47.71,"bird_09"
"2008-05-20 23:49:00 UTC",-178.23,-44.46,"bird_09"
"2008-05-21 11:47:00 UTC",-177.47,-41.5,"bird_09"
"2008-05-21 23:38:00 UTC",-175.21,-42.56,"bird_09"
"2008-05-22 11:37:00 UTC",-174.95,-43.96,"bird_09"
"2008-05-22 23:32:00 UTC",-173.82,-44.36,"bird_09"
"2008-05-23 11:41:00 UTC",-176.06,-46.35,"bird_09"
"2008-05-23 23:51:00 UTC",-178.55,-45.85,"bird_09"
"2008-05-24 11:51:00 UTC",-178.66,-44.45,"bird_09"
"2008-05-24 23:49:00 UTC",-178.15,-44.66,"bird_09"
"2008-05-25 11:49:00 UTC",-178.01,-44.69,"bird_09"
"2008-05-25 23:44:00 UTC",-176.87,-45.43,"bird_09"
"2008-05-26 11:45:00 UTC",-177.11,-45.97,"bird_09"
"2008-05-26 23:51:00 UTC",-178.47,-44.97,"bird_09"
"2008-05-27 11:50:00 UTC",-178.21,-44.13,"bird_09"
"2008-05-29 11:40:00 UTC",-175.64,-46.66,"bird_09"
"2008-05-29 23:39:00 UTC",-175.5,-46.7,"bird_09"
"2008-05-30 11:31:00 UTC",-173.36,-45.45,"bird_09"
"2008-05-30 22:56:00 UTC",-164.72,-50.27,"bird_09"
"2008-05-31 10:44:00 UTC",-161.7,-52.45,"bird_09"
"2008-05-31 22:44:00 UTC",-161.68,-50.32,"bird_09"
"2008-06-01 10:36:00 UTC",-159.66,-49.4,"bird_09"
"2008-06-02 22:22:00 UTC",-156.1,-46.47,"bird_09"
"2008-06-03 10:16:00 UTC",-154.46,-49.15,"bird_09"
"2008-06-03 22:30:00 UTC",-157.93,-45.18,"bird_09"
"2008-06-04 10:24:00 UTC",-156.41,-42.75,"bird_09"
"2008-06-04 22:07:00 UTC",-152.02,-44.85,"bird_09"
"2008-06-05 10:10:00 UTC",-152.99,-47.52,"bird_09"
"2008-06-05 22:20:00 UTC",-155.47,-46.25,"bird_09"
"2008-06-06 10:21:00 UTC",-155.57,-45.09,"bird_09"
"2008-06-06 22:15:00 UTC",-154.18,-46.1,"bird_09"
"2008-06-07 10:28:00 UTC",-157.15,-48.07,"bird_09"
"2008-06-07 22:51:00 UTC",-162.88,-45.95,"bird_09"
"2008-06-08 10:57:00 UTC",-164.6,-43.99,"bird_09"
"2008-06-08 23:04:00 UTC",-166.33,-43.92,"bird_09"
"2008-06-09 11:06:00 UTC",-166.68,-43.03,"bird_09"
"2008-06-09 23:08:00 UTC",-167.03,-43.14,"bird_09"
"2008-06-10 11:19:00 UTC",-169.88,-44.23,"bird_09"
"2008-06-10 23:23:00 UTC",-170.73,-45.58,"bird_09"
"2008-06-11 11:31:00 UTC",-172.83,-46.28,"bird_09"
"2008-06-11 23:43:00 UTC",-175.93,-45.48,"bird_09"
"2008-06-13 00:03:00 UTC",179.12,-49.31,"bird_09"
"2008-06-13 11:49:00 UTC",-177.1,-47.39,"bird_09"
"2008-06-13 23:47:00 UTC",-176.7,-45.16,"bird_09"
"2008-06-14 11:43:00 UTC",-175.8,-44.97,"bird_09"
"2008-06-14 23:50:00 UTC",-177.52,-43.02,"bird_09"
"2008-06-15 11:49:00 UTC",-177.24,-41.99,"bird_09"
"2008-06-15 23:45:00 UTC",-176.22,-42.3,"bird_09"
"2008-06-16 11:40:00 UTC",-174.81,-42.11,"bird_09"
"2008-06-16 23:41:00 UTC",-175.16,-40.87,"bird_09"
"2008-06-17 11:51:00 UTC",-177.39,-41.89,"bird_09"
"2008-06-17 23:49:00 UTC",-176.98,-43.69,"bird_09"
"2008-06-18 11:45:00 UTC",-175.96,-43.35,"bird_09"
"2008-06-18 23:41:00 UTC",-175.05,-43.5,"bird_09"
"2008-06-19 11:41:00 UTC",-174.9,-43.65,"bird_09"
"2008-06-19 23:50:00 UTC",-177.25,-41.83,"bird_09"
"2008-06-20 11:51:00 UTC",-177.35,-40.61,"bird_09"
"2008-06-20 23:49:00 UTC",-176.82,-40.96,"bird_09"
"2008-06-21 11:35:00 UTC",-173.29,-39.16,"bird_09"
"2008-06-21 23:04:00 UTC",-165.39,-42.83,"bird_09"
"2008-06-22 10:54:00 UTC",-162.99,-45.8,"bird_09"
"2008-06-22 23:01:00 UTC",-164.71,-42.68,"bird_09"
"2008-06-23 10:55:00 UTC",-163.31,-40.81,"bird_09"
"2008-06-23 22:41:00 UTC",-159.66,-42.7,"bird_09"
"2008-06-24 10:48:00 UTC",-161.26,-45.39,"bird_09"
"2008-06-24 23:04:00 UTC",-165.23,-43.55,"bird_09"
"2008-06-25 11:02:00 UTC",-164.83,-41.4,"bird_09"
"2008-06-25 22:57:00 UTC",-163.68,-41.93,"bird_09"
"2008-06-26 10:57:00 UTC",-163.65,-42.63,"bird_09"
"2008-06-26 22:46:00 UTC",-160.75,-44.75,"bird_09"
"2008-06-27 10:31:00 UTC",-156.98,-44.47,"bird_09"
"2008-06-27 21:55:00 UTC",-147.95,-48.27,"bird_09"
"2008-06-28 09:30:00 UTC",-141.68,-49.61,"bird_09"
"2008-06-28 21:27:00 UTC",-140.9,-45.79,"bird_09"
"2008-06-29 09:17:00 UTC",-138.25,-44.76,"bird_09"
"2008-06-29 21:22:00 UTC",-139.6,-41.68,"bird_09"
"2008-06-30 09:22:00 UTC",-139.45,-40.85,"bird_09"
"2008-06-30 21:22:00 UTC",-139.68,-40.54,"bird_09"
"2008-07-01 09:09:00 UTC",-136.28,-38.53,"bird_09"
"2008-07-01 20:40:00 UTC",-129.01,-41.88,"bird_09"
"2008-07-02 08:43:00 UTC",-129.73,-46.13,"bird_09"
"2008-07-02 20:43:00 UTC",-129.83,-46.63,"bird_09"
"2008-07-03 08:24:00 UTC",-124.94,-44.39,"bird_09"
"2008-07-03 20:10:00 UTC",-121.29,-43.3,"bird_09"
"2008-07-04 08:03:00 UTC",-119.64,-44.52,"bird_09"
"2008-07-04 19:36:00 UTC",-112.87,-48.45,"bird_09"
"2008-07-05 07:13:00 UTC",-107.22,-48.93,"bird_09"
"2008-07-05 19:00:00 UTC",-103.83,-47.46,"bird_09"
"2008-07-06 06:44:00 UTC",-99.81,-47.25,"bird_09"
"2008-07-06 17:55:00 UTC",-87.41,-52.85,"bird_09"
"2008-07-07 05:13:00 UTC",-76.89,-53.59,"bird_09"
"2008-07-07 17:11:00 UTC",-76.37,-47.04,"bird_09"
"2008-07-08 05:23:00 UTC",-79.61,-48.85,"bird_09"
"2008-07-08 17:10:00 UTC",-76.09,-53.18,"bird_09"
"2008-07-11 16:37:00 UTC",-67.98,-55.86,"bird_09"
"2008-07-12 04:37:00 UTC",-67.97,-57.29,"bird_09"
"2008-07-17 15:43:00 UTC",-54.07,-58.2,"bird_09"
"2008-07-18 03:22:00 UTC",-49.07,-54.66,"bird_09"
"2008-07-18 15:25:00 UTC",-49.81,-51.02,"bird_09"
"2008-07-19 03:15:00 UTC",-47.17,-49.58,"bird_09"
"2008-07-19 14:45:00 UTC",-39.79,-53.16,"bird_09"
"2008-07-20 14:46:00 UTC",-39.78,-50.19,"bird_09"
"2008-07-21 02:39:00 UTC",-38.14,-48.02,"bird_09"
"2008-07-21 14:46:00 UTC",-39.89,-45.43,"bird_09"
"2008-07-22 02:45:00 UTC",-39.63,-44.49,"bird_09"
"2008-07-22 14:28:00 UTC",-35.38,-47.86,"bird_09"
"2008-07-23 02:18:00 UTC",-33,-49.18,"bird_09"
"2008-07-23 14:16:00 UTC",-32.5,-47.71,"bird_09"
"2008-07-24 02:15:00 UTC",-31.99,-47.89,"bird_09"
"2008-07-24 14:18:00 UTC",-32.87,-46.85,"bird_09"
"2008-07-25 02:05:00 UTC",-29.74,-44.59,"bird_09"
"2008-07-25 13:54:00 UTC",-26.86,-44.58,"bird_09"
"2008-07-26 01:58:00 UTC",-27.86,-47.42,"bird_09"
"2008-07-26 13:55:00 UTC",-27.24,-48.84,"bird_09"
"2008-07-27 01:40:00 UTC",-23.37,-47.08,"bird_09"
"2008-07-27 13:45:00 UTC",-24.62,-42.46,"bird_09"
"2008-07-28 01:51:00 UTC",-25.99,-42.88,"bird_09"
"2008-07-28 13:48:00 UTC",-25.25,-45.2,"bird_09"
"2008-07-29 01:38:00 UTC",-22.87,-43.95,"bird_09"
"2008-07-30 13:31:00 UTC",-21.26,-47.66,"bird_09"
"2008-07-31 01:31:00 UTC",-21.14,-45.28,"bird_09"
"2008-07-31 13:26:00 UTC",-19.9,-46.75,"bird_09"
"2008-08-01 01:21:00 UTC",-18.78,-47.19,"bird_09"
"2008-08-01 13:08:00 UTC",-15.42,-49.18,"bird_09"
"2008-08-02 00:57:00 UTC",-12.67,-50.16,"bird_09"
"2008-08-02 12:54:00 UTC",-12.06,-48.33,"bird_09"
"2008-08-03 00:48:00 UTC",-10.44,-47.98,"bird_09"
"2008-08-03 12:52:00 UTC",-11.58,-45.48,"bird_09"
"2008-08-05 12:38:00 UTC",-8,-48.51,"bird_09"
"2008-08-06 00:26:00 UTC",-5.14,-49.41,"bird_09"
"2008-08-06 12:28:00 UTC",-5.65,-46.23,"bird_09"
"2008-08-07 00:08:00 UTC",-0.67,-41.47,"bird_09"
"2008-08-07 11:46:00 UTC",4.82,-42.29,"bird_09"
"2008-08-07 23:48:00 UTC",4.43,-47.8,"bird_09"
"2008-08-08 11:48:00 UTC",4.41,-48.56,"bird_09"
"2008-08-08 23:37:00 UTC",7.14,-46.54,"bird_09"
"2008-08-09 11:29:00 UTC",9.25,-46.12,"bird_09"
"2008-08-09 23:18:00 UTC",11.73,-46.44,"bird_09"
"2008-08-10 11:18:00 UTC",11.84,-43.89,"bird_09"
"2008-08-10 23:13:00 UTC",13.07,-43.11,"bird_09"
"2008-08-11 11:14:00 UTC",12.92,-41.38,"bird_09"
"2008-08-11 23:17:00 UTC",12.03,-42.63,"bird_09"
"2008-08-12 11:15:00 UTC",12.38,-44.43,"bird_09"
"2008-08-12 23:15:00 UTC",12.61,-45.36,"bird_09"
"2008-08-14 23:12:00 UTC",13.27,-47.98,"bird_09"
"2008-08-16 10:58:00 UTC",16.57,-42.88,"bird_09"
"2008-08-16 22:57:00 UTC",16.79,-41.93,"bird_09"
"2008-08-17 10:52:00 UTC",18.01,-44.38,"bird_09"
"2008-08-17 22:47:00 UTC",19.24,-44.81,"bird_09"
"2008-08-18 10:51:00 UTC",18.33,-42.15,"bird_09"
"2008-08-18 22:52:00 UTC",17.93,-41.49,"bird_09"
"2008-08-19 10:42:00 UTC",20.28,-46.5,"bird_09"
"2008-08-19 22:36:00 UTC",21.87,-47.3,"bird_09"
"2008-08-20 10:41:00 UTC",20.72,-43.99,"bird_09"
"2008-08-20 22:32:00 UTC",22.81,-39.34,"bird_09"
"2008-08-21 10:21:00 UTC",25.53,-41.48,"bird_09"
"2008-08-21 22:25:00 UTC",24.63,-46.93,"bird_09"
"2008-08-22 10:18:00 UTC",26.22,-51.09,"bird_09"
"2008-08-22 22:06:00 UTC",29.19,-49.71,"bird_09"
"2008-08-23 10:05:00 UTC",29.41,-46.72,"bird_09"
"2008-08-23 22:02:00 UTC",30.12,-46.53,"bird_09"
"2008-08-24 10:05:00 UTC",29.34,-43.85,"bird_09"
"2008-08-24 22:10:00 UTC",28.05,-45.29,"bird_09"
"2008-08-27 10:15:00 UTC",26.63,-47.64,"bird_09"
"2008-08-27 22:11:00 UTC",27.59,-43.63,"bird_09"
"2008-08-28 10:04:00 UTC",29.31,-46.3,"bird_09"
"2008-09-01 10:19:00 UTC",25.25,-46.42,"bird_09"
"2008-09-02 10:28:00 UTC",23.04,-43.82,"bird_09"
"2008-09-02 22:22:00 UTC",24.38,-42.67,"bird_09"
"2008-09-03 10:10:00 UTC",27.34,-47.9,"bird_09"
"2008-09-03 22:02:00 UTC",29.42,-50.93,"bird_09"
"2008-09-04 09:56:00 UTC",30.63,-50.82,"bird_09"
"2008-09-05 21:52:00 UTC",31.5,-50.42,"bird_09"
"2008-09-06 09:54:00 UTC",31.09,-47.77,"bird_09"
"2008-09-06 21:50:00 UTC",31.92,-44.59,"bird_09"
"2008-09-07 09:49:00 UTC",32.13,-44.04,"bird_09"
"2008-09-07 21:53:00 UTC",31.08,-49.72,"bird_09"
"2008-09-09 22:13:00 UTC",26.03,-41.6,"bird_09"
"2008-09-10 10:15:00 UTC",25.49,-43.74,"bird_09"
"2008-09-11 10:08:00 UTC",27.15,-48.94,"bird_09"
"2008-09-12 22:12:00 UTC",25.9,-49.61,"bird_09"
"2008-09-13 22:04:00 UTC",27.93,-44.42,"bird_09"
"2008-09-15 21:34:00 UTC",35.26,-43.86,"bird_09"
"2008-09-16 21:23:00 UTC",37.79,-37.72,"bird_09"
"2008-09-19 21:02:00 UTC",42.78,-41.16,"bird_09"
"2008-09-25 21:03:00 UTC",42,-45.02,"bird_09"
"2008-09-27 20:50:00 UTC",45.08,-41.3,"bird_09"
"2008-10-05 05:42:00 UTC",91.49,-41.06,"bird_09"
"2008-10-05 17:42:00 UTC",91.58,-39.72,"bird_09"
"2008-10-06 05:47:00 UTC",90.29,-41.19,"bird_09"
"2008-10-06 17:38:00 UTC",92.38,-47.44,"bird_09"
"2008-10-07 05:21:00 UTC",96.59,-43.27,"bird_09"
"2008-10-10 05:28:00 UTC",94.89,-39.36,"bird_09"
"2008-10-10 17:23:00 UTC",95.98,-39.22,"bird_09"
"2008-10-12 17:16:00 UTC",97.6,-40.42,"bird_09"
"2008-10-13 05:16:00 UTC",97.57,-47.61,"bird_09"
"2008-10-13 17:25:00 UTC",95.42,-44.2,"bird_09"
"2008-10-14 05:17:00 UTC",97.14,-38.42,"bird_09"
"2008-10-18 04:13:00 UTC",113.05,-39.55,"bird_09"
"2008-10-18 16:08:00 UTC",114.28,-42.37,"bird_09"
"2008-10-19 04:14:00 UTC",112.76,-44.29,"bird_09"
"2008-10-19 16:33:00 UTC",107.98,-39.58,"bird_09"
"2008-10-20 04:32:00 UTC",108.21,-33.4,"bird_09"
"2008-10-20 16:24:00 UTC",110.31,-35.65,"bird_09"
"2008-10-22 15:41:00 UTC",120.86,-44.65,"bird_09"
"2008-10-23 03:31:00 UTC",123.22,-45.5,"bird_09"
"2008-10-23 15:32:00 UTC",122.95,-41.54,"bird_09"
"2008-10-24 03:22:00 UTC",125.44,-38.9,"bird_09"
"2008-10-26 15:47:00 UTC",119.12,-39.94,"bird_09"
"2008-10-27 03:53:00 UTC",117.73,-47.23,"bird_09"
"2008-10-27 16:11:00 UTC",113.09,-43.24,"bird_09"
"2008-10-28 04:05:00 UTC",114.71,-38.13,"bird_09"
"2008-10-31 15:22:00 UTC",125.41,-40.07,"bird_09"
"2008-11-01 02:52:00 UTC",132.9,-41.18,"bird_09"
"2008-11-02 14:52:00 UTC",133.02,-38.71,"bird_09"
"2008-11-03 02:37:00 UTC",136.65,-38.68,"bird_09"
"2008-11-03 14:29:00 UTC",138.65,-36.47,"bird_09"
"2008-11-04 02:26:00 UTC",139.4,-37.2,"bird_09"
"2008-11-04 13:46:00 UTC",149.53,-46.5,"bird_09"
"2008-11-05 01:12:00 UTC",157.78,-47.25,"bird_09"
"2008-11-05 12:36:00 UTC",166.91,-47.8,"bird_09"
"2008-11-05 23:50:00 UTC",178.54,-46.11,"bird_09"
"2008-11-06 11:07:00 UTC",-170.71,-45.2,"bird_09"
"2008-11-06 22:41:00 UTC",-164.33,-47.1,"bird_09"
"2008-11-07 10:25:00 UTC",-160.2,-45.07,"bird_09"
"2008-11-07 22:26:00 UTC",-160.56,-46.94,"bird_09"
"2008-11-08 10:21:00 UTC",-159.31,-47.91,"bird_09"
"2008-11-08 22:12:00 UTC",-157.05,-47.39,"bird_09"
"2008-11-09 10:12:00 UTC",-157.04,-45.3,"bird_09"
"2008-11-09 22:02:00 UTC",-154.52,-43.74,"bird_09"
"2008-11-10 09:33:00 UTC",-147.14,-47.46,"bird_09"
"2008-11-10 21:38:00 UTC",-148.5,-50.57,"bird_09"
"2008-11-11 09:35:00 UTC",-147.86,-51.65,"bird_09"
"2008-11-11 21:22:00 UTC",-144.6,-50.76,"bird_09"
"2008-11-12 09:28:00 UTC",-145.96,-47.32,"bird_09"
"2008-11-12 21:40:00 UTC",-148.94,-47.67,"bird_09"
"2008-11-13 09:43:00 UTC",-149.55,-49.17,"bird_09"
"2008-11-13 21:10:00 UTC",-141.28,-45.42,"bird_09"
"2008-11-17 08:50:00 UTC",-136.38,-40.22,"bird_09"
"2008-11-17 21:00:00 UTC",-138.73,-47.64,"bird_09"
"2008-11-18 09:15:00 UTC",-142.45,-46.42,"bird_09"
"2008-11-18 21:25:00 UTC",-145.05,-45.85,"bird_09"
"2008-11-19 09:35:00 UTC",-147.27,-45.95,"bird_09"
"2008-11-19 21:32:00 UTC",-146.61,-44.83,"bird_09"
"2008-11-20 09:27:00 UTC",-145.46,-44.8,"bird_09"
"2008-11-20 21:12:00 UTC",-141.56,-43.65,"bird_09"
"2008-11-21 09:01:00 UTC",-138.77,-42.61,"bird_09"
"2008-11-21 20:32:00 UTC",-131.37,-40.42,"bird_09"
"2008-11-22 08:20:00 UTC",-128.46,-35.87,"bird_09"
"2008-11-22 20:25:00 UTC",-129.55,-38.1,"bird_09"
"2008-11-23 08:38:00 UTC",-132.77,-36.14,"bird_09"
"2008-11-23 20:54:00 UTC",-136.86,-36.55,"bird_09"
"2008-11-24 08:52:00 UTC",-136.2,-40.33,"bird_09"
"2008-11-24 20:59:00 UTC",-137.91,-41.43,"bird_09"
"2008-11-25 08:35:00 UTC",-132,-46.57,"bird_09"
"2008-11-25 19:58:00 UTC",-122.71,-45.21,"bird_09"
"2008-11-26 07:39:00 UTC",-117.92,-41.8,"bird_09"
"2008-11-26 19:32:00 UTC",-116.26,-42.96,"bird_09"
"2008-11-27 06:50:00 UTC",-105.72,-48.87,"bird_09"
"2008-11-27 19:04:00 UTC",-108.93,-51.97,"bird_09"
"2008-11-28 18:57:00 UTC",-107.34,-38.24,"bird_09"
"2008-11-30 05:39:00 UTC",-87.59,-38.73,"bird_09"
"2007-12-03 02:13:00 UTC",-35.75,-39.94,"bird_10"
"2007-12-03 14:09:00 UTC",-34.82,-41.71,"bird_10"
"2007-12-04 02:09:00 UTC",-34.77,-41.06,"bird_10"
"2007-12-04 14:09:00 UTC",-34.6,-40.83,"bird_10"
"2007-12-05 02:02:00 UTC",-32.92,-41.99,"bird_10"
"2007-12-05 13:49:00 UTC",-29.62,-41.36,"bird_10"
"2007-12-07 01:27:00 UTC",-23.97,-39.7,"bird_10"
"2007-12-07 13:02:00 UTC",-17.54,-38.89,"bird_10"
"2007-12-08 00:42:00 UTC",-12.61,-37.75,"bird_10"
"2007-12-08 12:59:00 UTC",-16.68,-41.32,"bird_10"
"2007-12-09 00:57:00 UTC",-16.25,-44.18,"bird_10"
"2007-12-09 12:50:00 UTC",-14.45,-43.87,"bird_10"
"2007-12-10 00:45:00 UTC",-13.14,-43.32,"bird_10"
"2007-12-10 12:49:00 UTC",-14.21,-44.11,"bird_10"
"2007-12-11 00:48:00 UTC",-13.78,-44.87,"bird_10"
"2007-12-11 12:50:00 UTC",-14.22,-45.27,"bird_10"
"2007-12-12 01:04:00 UTC",-17.54,-43.22,"bird_10"
"2007-12-12 13:05:00 UTC",-17.73,-42.16,"bird_10"
"2007-12-13 00:56:00 UTC",-15.67,-43.61,"bird_10"
"2007-12-13 12:56:00 UTC",-15.49,-44.16,"bird_10"
"2007-12-14 00:54:00 UTC",-14.8,-44.46,"bird_10"
"2007-12-14 12:58:00 UTC",-15.87,-44.99,"bird_10"
"2007-12-15 01:09:00 UTC",-18.68,-43.92,"bird_10"
"2007-12-15 13:00:00 UTC",-16.25,-42.05,"bird_10"
"2007-12-16 00:55:00 UTC",-14.94,-41.23,"bird_10"
"2007-12-16 12:53:00 UTC",-14.38,-41.47,"bird_10"
"2007-12-17 00:50:00 UTC",-13.69,-41.57,"bird_10"
"2007-12-17 12:42:00 UTC",-11.51,-41.15,"bird_10"
"2007-12-18 00:45:00 UTC",-12.2,-38.93,"bird_10"
"2007-12-18 12:55:00 UTC",-14.64,-39.75,"bird_10"
"2007-12-19 00:43:00 UTC",-11.45,-43.47,"bird_10"
"2007-12-19 12:31:00 UTC",-8.51,-43.58,"bird_10"
"2007-12-20 00:32:00 UTC",-8.58,-41.46,"bird_10"
"2007-12-22 00:38:00 UTC",-9.83,-42.94,"bird_10"
"2007-12-22 12:36:00 UTC",-9.39,-43.06,"bird_10"
"2007-12-23 00:36:00 UTC",-9.33,-42.82,"bird_10"
"2007-12-23 12:32:00 UTC",-8.27,-42.58,"bird_10"
"2007-12-24 00:34:00 UTC",-8.58,-41.45,"bird_10"
"2007-12-26 00:40:00 UTC",-9.96,-41.89,"bird_10"
"2007-12-26 12:33:00 UTC",-8.15,-43.15,"bird_10"
"2007-12-28 00:51:00 UTC",-12.46,-35.97,"bird_10"
"2007-12-28 12:50:00 UTC",-12.27,-38.6,"bird_10"
"2007-12-29 00:40:00 UTC",-9.59,-40.47,"bird_10"
"2007-12-31 00:42:00 UTC",-9.72,-41.29,"bird_10"
"2007-12-31 12:38:00 UTC",-8.79,-40.94,"bird_10"
"2008-01-01 00:27:00 UTC",-6.1,-42.17,"bird_10"
"2008-01-01 12:29:00 UTC",-6.42,-43.35,"bird_10"
"2008-01-02 00:48:00 UTC",-11.23,-40.41,"bird_10"
"2008-01-02 12:31:00 UTC",-6.92,-36.59,"bird_10"
"2008-01-03 00:19:00 UTC",-3.62,-35.67,"bird_10"
"2008-01-03 12:34:00 UTC",-7.56,-39.15,"bird_10"
"2008-01-05 00:50:00 UTC",-11.26,-35.75,"bird_10"
"2008-01-05 12:43:00 UTC",-9.33,-38.52,"bird_10"
"2008-01-06 00:32:00 UTC",-6.52,-39.2,"bird_10"
"2008-01-06 12:39:00 UTC",-8.34,-41.14,"bird_10"
"2008-01-07 00:36:00 UTC",-7.66,-42.95,"bird_10"
"2008-01-07 12:26:00 UTC",-4.98,-42.37,"bird_10"
"2008-01-08 00:24:00 UTC",-4.56,-40.68,"bird_10"
"2008-01-08 12:32:00 UTC",-6.25,-41.88,"bird_10"
"2008-01-09 00:31:00 UTC",-5.95,-43.29,"bird_10"
"2008-01-09 12:24:00 UTC",-4.4,-42.86,"bird_10"
"2008-01-10 00:28:00 UTC",-5.22,-41.18,"bird_10"
"2008-01-10 12:33:00 UTC",-6.29,-41.42,"bird_10"
"2008-01-11 00:35:00 UTC",-6.74,-42.07,"bird_10"
"2008-01-11 12:31:00 UTC",-5.82,-41.48,"bird_10"
"2008-01-12 00:27:00 UTC",-4.77,-41.86,"bird_10"
"2008-01-12 12:31:00 UTC",-5.59,-42.66,"bird_10"
"2008-01-13 00:50:00 UTC",-10.42,-39.74,"bird_10"
"2008-01-13 12:47:00 UTC",-9.75,-37.44,"bird_10"
"2008-01-14 00:37:00 UTC",-7.08,-39.02,"bird_10"
"2008-01-14 12:38:00 UTC",-7.28,-40.38,"bird_10"
"2008-01-18 12:20:00 UTC",-2.43,-38.86,"bird_10"
"2008-01-19 00:16:00 UTC",-1.39,-38.66,"bird_10"
"2008-01-19 12:15:00 UTC",-1.11,-39.48,"bird_10"
"2008-01-20 00:16:00 UTC",-1.32,-38.95,"bird_10"
"2008-01-20 11:57:00 UTC",3.59,-36.43,"bird_10"
"2008-01-22 11:17:00 UTC",13.49,-37.4,"bird_10"
"2008-01-22 23:16:00 UTC",13.77,-38.66,"bird_10"
"2008-01-23 11:14:00 UTC",14.55,-38.46,"bird_10"
"2008-01-23 22:58:00 UTC",18.46,-41.21,"bird_10"
"2008-01-24 10:48:00 UTC",21.11,-42.19,"bird_10"
"2008-01-24 22:37:00 UTC",23.64,-42.05,"bird_10"
"2008-01-25 10:21:00 UTC",27.8,-41.4,"bird_10"
"2008-01-25 22:11:00 UTC",30.2,-40.03,"bird_10"
"2008-01-26 09:49:00 UTC",35.85,-38.57,"bird_10"
"2008-01-26 21:41:00 UTC",38.01,-35.38,"bird_10"
"2008-01-27 09:44:00 UTC",37.28,-37.2,"bird_10"
"2008-01-27 21:42:00 UTC",37.81,-38.57,"bird_10"
"2008-01-29 20:45:00 UTC",51.9,-39.35,"bird_10"
"2008-01-30 08:48:00 UTC",51.42,-41.78,"bird_10"
"2008-01-30 20:52:00 UTC",50.32,-41.45,"bird_10"
"2008-01-31 08:46:00 UTC",51.84,-40.18,"bird_10"
"2008-01-31 20:32:00 UTC",55.36,-42.24,"bird_10"
"2008-02-01 08:23:00 UTC",57.5,-42.99,"bird_10"
"2008-02-01 20:25:00 UTC",57.14,-41.22,"bird_10"
"2008-02-02 08:21:00 UTC",58.16,-40.28,"bird_10"
"2008-02-02 20:14:00 UTC",60.05,-41.48,"bird_10"
"2008-02-03 07:48:00 UTC",66.56,-38.9,"bird_10"
"2008-02-04 07:47:00 UTC",66.84,-38.08,"bird_10"
"2008-02-04 19:43:00 UTC",67.73,-41.46,"bird_10"
"2008-02-05 07:34:00 UTC",69.86,-40.7,"bird_10"
"2008-02-05 19:25:00 UTC",72.25,-41.16,"bird_10"
"2008-02-06 07:23:00 UTC",72.76,-42.61,"bird_10"
"2008-02-06 19:21:00 UTC",73.27,-42.87,"bird_10"
"2008-02-07 07:03:00 UTC",77.78,-40.67,"bird_10"
"2008-02-12 06:58:00 UTC",78.94,-39.12,"bird_10"
"2008-02-12 18:58:00 UTC",78.93,-38.92,"bird_10"
"2008-02-13 06:56:00 UTC",79.56,-38.46,"bird_10"
"2008-02-13 18:55:00 UTC",79.68,-38.51,"bird_10"
"2008-02-14 06:44:00 UTC",82.68,-36.03,"bird_10"
"2008-02-14 18:31:00 UTC",85.67,-36.35,"bird_10"
"2008-02-15 06:34:00 UTC",85.04,-40.27,"bird_10"
"2008-02-15 18:41:00 UTC",83.41,-39.28,"bird_10"
"2008-02-16 06:34:00 UTC",85.03,-36.46,"bird_10"
"2008-02-16 18:21:00 UTC",88.27,-39.13,"bird_10"
"2008-02-17 06:21:00 UTC",88.39,-41.91,"bird_10"
"2008-02-17 18:23:00 UTC",87.76,-41.49,"bird_10"
"2008-02-18 06:24:00 UTC",87.5,-41.32,"bird_10"
"2008-02-18 18:26:00 UTC",86.86,-41.42,"bird_10"
"2008-02-19 06:27:00 UTC",86.73,-41.53,"bird_10"
"2008-02-19 18:27:00 UTC",86.72,-41.91,"bird_10"
"2008-02-20 06:26:00 UTC",86.83,-42.02,"bird_10"
"2008-02-20 18:24:00 UTC",87.44,-43.25,"bird_10"
"2008-02-21 06:19:00 UTC",88.68,-43.1,"bird_10"
"2008-02-21 18:18:00 UTC",88.92,-42.38,"bird_10"
"2008-02-22 06:21:00 UTC",88.15,-43.37,"bird_10"
"2008-02-22 18:25:00 UTC",87.01,-43.51,"bird_10"
"2008-02-23 06:28:00 UTC",86.37,-43.66,"bird_10"
"2008-02-23 18:32:00 UTC",85.35,-43.52,"bird_10"
"2008-02-24 06:32:00 UTC",85.46,-42.45,"bird_10"
"2008-02-24 18:28:00 UTC",86.32,-44.42,"bird_10"
"2008-02-25 06:18:00 UTC",88.8,-43.05,"bird_10"
"2008-03-01 05:03:00 UTC",107.46,-38.87,"bird_10"
"2008-03-01 16:53:00 UTC",109.68,-46.38,"bird_10"
"2008-03-02 04:47:00 UTC",111.41,-47.61,"bird_10"
"2008-03-04 04:48:00 UTC",111.05,-35.53,"bird_10"
"2008-03-07 04:26:00 UTC",116.25,-37.92,"bird_10"
"2008-03-10 04:37:00 UTC",113.19,-39.67,"bird_10"
"2008-03-13 16:09:00 UTC",119.96,-45.29,"bird_10"
"2008-03-14 03:58:00 UTC",122.67,-46.4,"bird_10"
"2008-03-31 14:02:00 UTC",150.51,-37.6,"bird_10"
"2008-04-04 01:31:00 UTC",157.88,-53.16,"bird_10"
"2008-04-06 01:33:00 UTC",157.36,-47.81,"bird_10"
"2008-04-06 13:33:00 UTC",157.32,-44.83,"bird_10"
"2008-04-07 01:39:00 UTC",155.79,-38.32,"bird_10"
"2008-04-09 01:46:00 UTC",153.78,-45.84,"bird_10"
"2008-04-09 13:46:00 UTC",153.87,-44.16,"bird_10"
"2008-04-10 01:42:00 UTC",154.71,-45.17,"bird_10"
"2008-04-15 02:31:00 UTC",142.39,-48.38,"bird_10"
"2008-04-15 14:31:00 UTC",142.36,-42.07,"bird_10"
"2008-04-16 02:28:00 UTC",142.83,-42.42,"bird_10"
"2008-04-16 14:28:00 UTC",142.8,-42.74,"bird_10"
"2008-04-17 02:33:00 UTC",141.64,-39.68,"bird_10"
"2008-04-22 15:21:00 UTC",129.48,-31.74,"bird_10"
"2008-04-24 15:31:00 UTC",126.76,-34.22,"bird_10"
"2008-04-25 03:27:00 UTC",127.62,-35.1,"bird_10"
"2008-04-25 15:23:00 UTC",128.6,-34.71,"bird_10"
"2008-04-26 03:18:00 UTC",130.08,-35.15,"bird_10"
"2008-04-26 15:17:00 UTC",130.18,-36.74,"bird_10"
"2008-04-27 03:18:00 UTC",129.91,-36.37,"bird_10"
"2008-04-27 15:30:00 UTC",126.89,-38.93,"bird_10"
"2008-04-28 03:23:00 UTC",128.5,-45.32,"bird_10"
"2008-04-29 15:57:00 UTC",120.07,-38.85,"bird_10"
"2008-04-30 03:55:00 UTC",120.55,-33.53,"bird_10"
"2008-05-02 03:43:00 UTC",123.5,-37.19,"bird_10"
"2008-05-02 15:44:00 UTC",123.36,-39.12,"bird_10"
"2008-05-03 03:42:00 UTC",123.84,-39.42,"bird_10"
"2008-05-05 15:32:00 UTC",126.16,-44.25,"bird_10"
"2008-05-06 03:32:00 UTC",126.15,-37.96,"bird_10"
"2008-05-06 15:35:00 UTC",125.4,-38.27,"bird_10"
"2008-05-07 03:29:00 UTC",126.76,-41.07,"bird_10"
"2008-05-07 15:41:00 UTC",124.01,-44.32,"bird_10"
"2008-05-08 03:38:00 UTC",124.5,-47.21,"bird_10"
"2008-05-08 15:55:00 UTC",120.24,-50.14,"bird_10"
"2008-05-11 16:12:00 UTC",115.97,-49.35,"bird_10"
"2008-05-12 03:40:00 UTC",124.09,-52.04,"bird_10"
"2008-05-14 04:28:00 UTC",112.09,-45.28,"bird_10"
"2008-05-14 16:29:00 UTC",111.96,-42.72,"bird_10"
"2008-05-15 04:32:00 UTC",110.96,-41.61,"bird_10"
"2008-05-15 16:31:00 UTC",111.22,-40.48,"bird_10"
"2008-05-16 04:49:00 UTC",106.97,-35.31,"bird_10"
"2008-05-18 04:47:00 UTC",107.36,-30.5,"bird_10"
"2008-05-18 16:48:00 UTC",107.24,-30.62,"bird_10"
"2008-05-19 04:44:00 UTC",108,-31.58,"bird_10"
"2008-05-19 16:59:00 UTC",104.25,-35.61,"bird_10"
"2008-05-20 05:03:00 UTC",103.51,-38.33,"bird_10"
"2008-05-20 17:09:00 UTC",101.89,-38.85,"bird_10"
"2008-05-21 04:59:00 UTC",104.4,-42.94,"bird_10"
"2008-05-21 16:37:00 UTC",109.78,-40.51,"bird_10"
"2008-05-22 04:18:00 UTC",114.67,-40.14,"bird_10"
"2008-05-22 16:15:00 UTC",115.43,-42.85,"bird_10"
"2008-05-23 03:53:00 UTC",120.94,-46.72,"bird_10"
"2008-05-23 15:47:00 UTC",122.32,-48.68,"bird_10"
"2008-05-24 03:52:00 UTC",121.09,-46.58,"bird_10"
"2008-05-24 15:47:00 UTC",122.35,-45.04,"bird_10"
"2008-05-25 04:04:00 UTC",118.24,-40.08,"bird_10"
"2008-05-25 16:23:00 UTC",113.5,-40.35,"bird_10"
"2008-05-26 04:24:00 UTC",113.26,-44.07,"bird_10"
"2008-05-26 16:49:00 UTC",107.15,-47.16,"bird_10"
"2008-05-27 05:15:00 UTC",100.54,-46.53,"bird_10"
"2008-05-27 17:45:00 UTC",93.06,-47.04,"bird_10"
"2008-05-28 17:39:00 UTC",94.59,-47.72,"bird_10"
"2008-05-29 05:58:00 UTC",89.98,-40.83,"bird_10"
"2008-05-29 18:11:00 UTC",86.75,-39.92,"bird_10"
"2008-05-30 06:06:00 UTC",87.89,-43.39,"bird_10"
"2008-05-30 18:02:00 UTC",88.91,-43.28,"bird_10"
"2008-05-31 05:52:00 UTC",91.55,-44.73,"bird_10"
"2008-05-31 17:58:00 UTC",89.95,-46.72,"bird_10"
"2008-06-01 06:34:00 UTC",81.09,-40.93,"bird_10"
"2008-06-01 18:35:00 UTC",80.74,-34.86,"bird_10"
"2008-06-02 06:35:00 UTC",80.76,-35.22,"bird_10"
"2008-06-02 18:39:00 UTC",79.78,-36,"bird_10"
"2008-06-03 06:38:00 UTC",80.17,-36.97,"bird_10"
"2008-06-03 18:56:00 UTC",75.69,-40.46,"bird_10"
"2008-06-04 06:49:00 UTC",77.34,-45.08,"bird_10"
"2008-06-04 18:57:00 UTC",75.36,-46.85,"bird_10"
"2008-06-05 07:29:00 UTC",67.51,-42.38,"bird_10"
"2008-06-05 19:43:00 UTC",63.91,-39.93,"bird_10"
"2008-06-06 08:01:00 UTC",59.31,-38.9,"bird_10"
"2008-06-06 19:58:00 UTC",60.2,-34.94,"bird_10"
"2008-06-07 08:08:00 UTC",57.73,-31.29,"bird_10"
"2008-06-07 20:15:00 UTC",55.88,-30.99,"bird_10"
"2008-06-08 07:36:00 UTC",65.65,-41.95,"bird_10"
"2008-06-08 19:56:00 UTC",60.8,-49.07,"bird_10"
"2008-06-09 08:27:00 UTC",53.07,-47.07,"bird_10"
"2008-06-09 20:38:00 UTC",50.23,-44.75,"bird_10"
"2008-06-10 08:39:00 UTC",50,-46.52,"bird_10"
"2008-06-10 20:24:00 UTC",54.02,-44.64,"bird_10"
"2008-06-11 08:42:00 UTC",49.3,-37.11,"bird_10"
"2008-06-11 20:44:00 UTC",48.83,-34.17,"bird_10"
"2008-06-13 08:48:00 UTC",48.03,-41.6,"bird_10"
"2008-06-13 20:38:00 UTC",50.68,-33.16,"bird_10"
"2008-06-16 20:52:00 UTC",47.09,-33.87,"bird_10"
"2008-06-17 08:51:00 UTC",47.49,-37.71,"bird_10"
"2008-06-17 20:42:00 UTC",49.65,-36.71,"bird_10"
"2008-06-18 08:44:00 UTC",49.17,-34.24,"bird_10"
"2008-06-18 20:45:00 UTC",48.95,-34.23,"bird_10"
"2008-06-19 08:45:00 UTC",48.98,-34.23,"bird_10"
"2008-06-19 20:38:00 UTC",50.88,-32.72,"bird_10"
"2008-06-20 21:12:00 UTC",42.31,-34.21,"bird_10"
"2008-06-21 08:49:00 UTC",48.09,-45.34,"bird_10"
"2008-06-23 08:55:00 UTC",46.95,-43.18,"bird_10"
"2008-06-23 21:00:00 UTC",45.47,-43.52,"bird_10"
"2008-06-24 09:17:00 UTC",41.5,-41.54,"bird_10"
"2008-06-25 21:11:00 UTC",42.83,-42.28,"bird_10"
"2008-06-27 09:18:00 UTC",41.28,-44.16,"bird_10"
"2008-06-27 21:05:00 UTC",44.56,-44.2,"bird_10"
"2008-06-28 09:14:00 UTC",42.21,-39.61,"bird_10"
"2008-06-28 21:10:00 UTC",43.48,-37.36,"bird_10"
"2008-06-29 09:07:00 UTC",44.13,-36.8,"bird_10"
"2008-06-29 21:00:00 UTC",45.78,-36.24,"bird_10"
"2008-06-30 08:53:00 UTC",47.56,-36.28,"bird_10"
"2008-06-30 21:03:00 UTC",45.21,-39.27,"bird_10"
"2008-07-01 09:13:00 UTC",42.61,-38.75,"bird_10"
"2008-07-01 21:28:00 UTC",39.01,-39.75,"bird_10"
"2008-07-02 09:24:00 UTC",39.9,-43.49,"bird_10"
"2008-07-02 21:08:00 UTC",44.05,-41.67,"bird_10"
"2008-07-03 09:11:00 UTC",43.2,-37,"bird_10"
"2008-07-03 21:23:00 UTC",40.22,-38.65,"bird_10"
"2008-07-04 09:13:00 UTC",42.87,-43.57,"bird_10"
"2008-07-04 21:23:00 UTC",40.39,-46.18,"bird_10"
"2008-07-05 09:28:00 UTC",39.04,-47,"bird_10"
"2008-07-05 21:08:00 UTC",44.06,-43.96,"bird_10"
"2008-07-06 09:00:00 UTC",46.33,-41.62,"bird_10"
"2008-07-06 21:00:00 UTC",46.22,-43.28,"bird_10"
"2008-07-07 09:16:00 UTC",42.37,-39.93,"bird_10"
"2008-07-09 09:13:00 UTC",43.07,-40.09,"bird_10"
"2008-07-09 21:05:00 UTC",44.96,-38.81,"bird_10"
"2008-07-10 09:12:00 UTC",43.23,-35.55,"bird_10"
"2008-07-10 21:08:00 UTC",44.37,-33.62,"bird_10"
"2008-07-11 09:08:00 UTC",44.39,-32.31,"bird_10"
"2008-07-11 21:13:00 UTC",43.03,-33.58,"bird_10"
"2008-07-12 09:19:00 UTC",41.8,-33.68,"bird_10"
"2008-07-12 21:15:00 UTC",42.69,-32.12,"bird_10"
"2008-07-13 09:05:00 UTC",45.2,-34.11,"bird_10"
"2008-07-13 21:13:00 UTC",43.21,-37.36,"bird_10"
"2008-07-14 09:22:00 UTC",40.85,-37.26,"bird_10"
"2008-07-14 21:17:00 UTC",42.24,-34.45,"bird_10"
"2008-07-15 09:16:00 UTC",42.5,-33.62,"bird_10"
"2008-07-15 21:14:00 UTC",43.14,-33.01,"bird_10"
"2008-07-16 09:10:00 UTC",44.15,-33.61,"bird_10"
"2008-07-16 21:13:00 UTC",43.29,-35.4,"bird_10"
"2008-07-17 09:12:00 UTC",43.55,-36.9,"bird_10"
"2008-07-17 21:15:00 UTC",42.93,-37.71,"bird_10"
"2008-07-18 09:11:00 UTC",43.69,-39.16,"bird_10"
"2008-07-18 21:13:00 UTC",43.33,-39.94,"bird_10"
"2008-07-20 09:06:00 UTC",45.1,-42.84,"bird_10"
"2008-07-20 21:07:00 UTC",44.85,-37.9,"bird_10"
"2008-07-21 09:11:00 UTC",43.86,-37.6,"bird_10"
"2008-07-21 21:17:00 UTC",42.37,-38.22,"bird_10"
"2008-07-23 21:13:00 UTC",43.38,-38.43,"bird_10"
"2008-07-24 09:09:00 UTC",44.26,-38.84,"bird_10"
"2008-07-24 21:24:00 UTC",40.51,-42.57,"bird_10"
"2008-07-25 21:23:00 UTC",40.88,-41,"bird_10"
"2008-07-26 09:27:00 UTC",39.88,-37.41,"bird_10"
"2008-07-26 21:24:00 UTC",40.51,-35.81,"bird_10"
"2008-07-27 09:15:00 UTC",42.88,-38.29,"bird_10"
"2008-07-27 21:28:00 UTC",39.63,-43.12,"bird_10"
"2008-07-28 09:30:00 UTC",39.13,-45.83,"bird_10"
"2008-07-28 21:25:00 UTC",40.37,-44.82,"bird_10"
"2008-07-29 09:26:00 UTC",39.99,-43.55,"bird_10"
"2008-07-29 21:16:00 UTC",42.61,-41.27,"bird_10"
"2008-07-30 09:11:00 UTC",43.86,-40.04,"bird_10"
"2008-07-30 21:13:00 UTC",43.35,-41.72,"bird_10"
"2008-07-31 09:14:00 UTC",43.22,-42.19,"bird_10"
"2008-07-31 21:36:00 UTC",37.59,-46.62,"bird_10"
"2008-08-02 08:52:00 UTC",48.44,-45.88,"bird_10"
"2008-08-02 20:38:00 UTC",51.93,-44.34,"bird_10"
"2008-08-03 08:53:00 UTC",48.29,-36.55,"bird_10"
"2008-08-03 20:58:00 UTC",47.16,-34.09,"bird_10"
"2008-08-04 08:58:00 UTC",47.15,-35.56,"bird_10"
"2008-08-04 20:54:00 UTC",48.01,-34.89,"bird_10"
"2008-08-05 08:54:00 UTC",48.12,-34.2,"bird_10"
"2008-08-05 20:56:00 UTC",47.48,-35.4,"bird_10"
"2008-08-06 08:47:00 UTC",49.59,-38.99,"bird_10"
"2008-08-06 21:01:00 UTC",46.2,-44.41,"bird_10"
"2008-08-07 09:04:00 UTC",45.31,-47.79,"bird_10"
"2008-08-07 20:38:00 UTC",51.92,-41.28,"bird_10"
"2008-08-08 20:37:00 UTC",52.26,-39.25,"bird_10"
"2008-08-10 07:57:00 UTC",62.08,-47.09,"bird_10"
"2008-08-10 20:08:00 UTC",59.31,-46.43,"bird_10"
"2008-08-12 07:50:00 UTC",63.88,-44.5,"bird_10"
"2008-08-12 19:30:00 UTC",68.73,-37.58,"bird_10"
"2008-08-15 07:19:00 UTC",71.36,-34.87,"bird_10"
"2008-08-15 19:20:00 UTC",71.09,-36.81,"bird_10"
"2008-08-16 07:28:00 UTC",69.19,-35.21,"bird_10"
"2008-08-16 19:52:00 UTC",63.03,-41.32,"bird_10"
"2008-08-17 08:01:00 UTC",60.88,-47.31,"bird_10"
"2008-08-19 08:26:00 UTC",54.27,-41.69,"bird_10"
"2008-08-19 20:26:00 UTC",54.49,-37.28,"bird_10"
"2008-08-20 08:25:00 UTC",54.71,-38.59,"bird_10"
"2008-08-20 20:27:00 UTC",54.05,-40.32,"bird_10"
"2008-08-21 08:09:00 UTC",58.52,-48.93,"bird_10"
"2008-08-22 08:45:00 UTC",49.46,-42.68,"bird_10"
"2008-08-22 20:53:00 UTC",47.55,-31.33,"bird_10"
"2008-08-23 09:00:00 UTC",45.77,-31.79,"bird_10"
"2008-08-23 21:07:00 UTC",43.86,-32.82,"bird_10"
"2008-08-24 09:10:00 UTC",43.07,-36.52,"bird_10"
"2008-08-24 21:10:00 UTC",43.04,-34.93,"bird_10"
"2008-08-25 09:07:00 UTC",43.75,-37.62,"bird_10"
"2008-08-27 09:17:00 UTC",41.11,-38.98,"bird_10"
"2008-08-27 21:17:00 UTC",41.08,-38.49,"bird_10"
"2008-09-02 09:06:00 UTC",43.4,-44.87,"bird_10"
"2008-09-02 21:01:00 UTC",44.61,-44.49,"bird_10"
"2008-09-03 08:58:00 UTC",45.44,-44.82,"bird_10"
"2008-09-06 08:56:00 UTC",45.57,-44.7,"bird_10"
"2008-09-06 21:03:00 UTC",43.78,-49.88,"bird_10"
"2008-09-07 09:14:00 UTC",40.86,-48.76,"bird_10"
"2008-10-02 20:58:00 UTC",42.9,-36.79,"bird_10"
"2008-10-03 09:01:00 UTC",41.86,-37.37,"bird_10"
"2008-10-03 21:00:00 UTC",42.08,-40.5,"bird_10"
"2008-10-04 09:02:00 UTC",41.66,-40.29,"bird_10"
"2008-10-04 21:06:00 UTC",40.5,-37.62,"bird_10"
"2008-10-05 09:06:00 UTC",40.46,-34.16,"bird_10"
"2008-10-05 21:08:00 UTC",39.92,-31.99,"bird_10"
"2008-10-11 08:58:00 UTC",42.17,-36.28,"bird_10"
"2008-10-11 20:59:00 UTC",41.89,-35.72,"bird_10"
"2008-10-14 20:58:00 UTC",41.96,-37.1,"bird_10"
"2008-10-15 08:52:00 UTC",43.43,-37.44,"bird_10"
"2008-10-17 20:55:00 UTC",42.56,-39.6,"bird_10"
"2008-10-22 20:50:00 UTC",43.72,-33.8,"bird_10"
"2008-10-25 21:08:00 UTC",38.88,-38.08,"bird_10"
"2008-10-26 08:46:00 UTC",44.49,-32.44,"bird_10"
"2008-11-02 21:52:00 UTC",27.77,-32.72,"bird_10"
"2008-11-06 22:28:00 UTC",19.05,-37.3,"bird_10"
"2008-11-09 22:13:00 UTC",22.73,-35.71,"bird_10"
"2008-11-10 09:57:00 UTC",26.62,-34.35,"bird_10"
"2008-11-13 22:10:00 UTC",23.48,-34.75,"bird_10"
"2008-11-14 10:16:00 UTC",22.13,-39.61,"bird_10"
"2008-11-16 22:47:00 UTC",14.49,-36.76,"bird_10"
"2008-11-19 10:48:00 UTC",14.5,-36.5,"bird_10"
"2008-11-19 22:48:00 UTC",14.4,-39.44,"bird_10"
"2008-11-20 11:00:00 UTC",11.43,-40.95,"bird_10"
"2008-11-20 22:59:00 UTC",11.71,-43.26,"bird_10"
"2008-11-21 11:02:00 UTC",11,-43.4,"bird_10"
"2008-11-21 23:28:00 UTC",4.53,-38.81,"bird_10"
"2008-11-27 12:47:00 UTC",-14.8,-37.65,"bird_10"
"2008-11-28 01:03:00 UTC",-18.64,-37.36,"bird_10"
"2008-11-28 13:07:00 UTC",-19.59,-35.85,"bird_10"
"2008-11-29 00:56:00 UTC",-16.92,-38.62,"bird_10"
"2008-11-29 12:32:00 UTC",-10.88,-36.85,"bird_10"
